mtllib kuka_link_6_visuals.mtl
v -0.014999999664723884 -0.025980763137340563 0.047000039368867874
v 0.025980761274695414 0.014999999664723884 0.047000039368867874
v 0.021213203668594374 0.021213201805949225 0.047000039368867874
v -0.025980761274695414 0.014999999664723884 0.047000039368867874
v -0.02897777408361437 0.007764571346342569 0.047000039368867874
v -0.029999999329447767 -2.374872520860551e-11 0.047000039368867874
v -0.007764571346342569 -0.02897777594625952 0.047000039368867874
v 1.1967755808716231e-17 -0.030000001192092916 0.047000039368867874
v 0.007764571346342569 -0.02897777594625952 0.047000039368867874
v 0.014999999664723884 0.025980761274695414 0.047000039368867874
v 0.007764571346342569 0.02897777408361437 0.047000039368867874
v -2.868681885796358e-17 0.029999999329447767 0.047000039368867874
v -0.021213203668594374 0.021213201805949225 0.047000039368867874
v -0.014999999664723884 0.025980761274695414 0.047000039368867874
v -0.02897777408361437 -0.007764571346342569 0.047000039368867874
v -0.025980761274695414 -0.014999999664723884 0.047000039368867874
v -0.007764571346342569 0.02897777408361437 0.047000039368867874
v -0.021213203668594374 -0.021213203668594374 0.047000039368867874
v 0.014999999664723884 -0.025980763137340563 0.047000039368867874
v 0.021213203668594374 -0.021213203668594374 0.047000039368867874
v 0.025980761274695414 -0.014999999664723884 0.047000039368867874
v 0.02897777408361437 -0.007764571346342569 0.047000039368867874
v 0.029999999329447767 -2.374872520860551e-11 0.047000039368867874
v 0.02897777408361437 0.007764571346342569 0.047000039368867874
v -0.020336832851171507 -0.05550000071525577 0.045677293092012405
v -0.037157241255044965 -0.05550000071525577 -0.033456575125455856
v -0.029389262199401876 -0.05550000071525577 -0.040450822561979294
v -0.020336832851171507 -0.05550000071525577 -0.045677315443754196
v -0.010395584627985961 -0.05550000071525577 -0.048907410353422165
v -6.1232334357452306e-18 -0.05550000071525577 -0.049999963492155075
v 0.029389262199401876 -0.05550000071525577 0.0404508002102375
v 0.020336832851171507 -0.05550000071525577 0.045677293092012405
v 0.020336832851171507 -0.05550000071525577 -0.045677315443754196
v 0.010395584627985961 -0.05550000071525577 0.048907388001680374
v 1.2246469353032299e-17 -0.05550000071525577 0.050000060349702835
v 0.010395584627985961 -0.05550000071525577 -0.048907410353422165
v -0.010395584627985961 -0.05550000071525577 0.048907388001680374
v 0.04755282402038578 -0.05550000071525577 0.015450823120772839
v 0.04330126941204074 -0.05550000071525577 0.024999963119626045
v 0.037157241255044965 -0.05550000071525577 0.033456552773714066
v -0.04755282402038578 -0.05550000071525577 -0.015450847335159779
v -0.037157241255044965 -0.05550000071525577 0.033456552773714066
v -0.04330126941204074 -0.05550000071525577 0.024999963119626045
v -0.029389262199401876 -0.05550000071525577 0.0404508002102375
v -0.04330126941204074 -0.05550000071525577 -0.024999989196658134
v 0.029389262199401876 -0.05550000071525577 -0.040450822561979294
v 0.037157241255044965 -0.05550000071525577 -0.033456575125455856
v 0.04330126941204074 -0.05550000071525577 -0.024999989196658134
v 0.04755282402038578 -0.05550000071525577 -0.015450847335159779
v 0.049726095050573384 -0.05550000071525577 -0.005226386245340109
v 0.049726095050573384 -0.05550000071525577 0.005226480308920145
v -0.04755282402038578 -0.05550000071525577 0.015450823120772839
v -0.049726095050573384 -0.05550000071525577 0.005226480308920145
v -0.049726095050573384 -0.05550000071525577 -0.005226386245340109
v 0.02897777408361437 0.007764571346342569 0.05700002983212471
v 0.029999999329447767 -2.374872520860551e-11 0.047000039368867874
v 0.029999999329447767 -2.374872520860551e-11 0.05700002983212471
v 0.029999999329447767 -2.374872520860551e-11 0.05700002983212471
v 0.029999999329447767 -2.374872520860551e-11 0.047000039368867874
v 0.02897777408361437 -0.007764571346342569 0.047000039368867874
v 0.02897777408361437 -0.007764571346342569 0.05700002983212471
v 0.02897777408361437 -0.007764571346342569 0.05700002983212471
v 0.02897777408361437 -0.007764571346342569 0.047000039368867874
v 0.025980761274695414 -0.014999999664723884 0.047000039368867874
v 0.025980761274695414 -0.014999999664723884 0.05700002983212471
v 0.025980761274695414 -0.014999999664723884 0.05700002983212471
v 0.025980761274695414 -0.014999999664723884 0.047000039368867874
v 0.021213203668594374 -0.021213203668594374 0.047000039368867874
v 0.021213203668594374 -0.021213203668594374 0.05700002983212471
v 0.021213203668594374 -0.021213203668594374 0.05700002983212471
v 0.021213203668594374 -0.021213203668594374 0.047000039368867874
v 0.014999999664723884 -0.025980763137340563 0.047000039368867874
v 0.014999999664723884 -0.025980763137340563 0.05700002983212471
v 0.014999999664723884 -0.025980763137340563 0.05700002983212471
v 0.014999999664723884 -0.025980763137340563 0.047000039368867874
v 0.007764571346342569 -0.02897777594625952 0.047000039368867874
v 0.007764571346342569 -0.02897777594625952 0.05700002983212471
v 0.007764571346342569 -0.02897777594625952 0.05700002983212471
v 0.007764571346342569 -0.02897777594625952 0.047000039368867874
v 1.1967755808716231e-17 -0.030000001192092916 0.047000039368867874
v 1.1967755808716231e-17 -0.030000001192092916 0.05700002983212471
v 1.1967755808716231e-17 -0.030000001192092916 0.05700002983212471
v 1.1967755808716231e-17 -0.030000001192092916 0.047000039368867874
v -0.007764571346342569 -0.02897777594625952 0.047000039368867874
v -0.007764571346342569 -0.02897777594625952 0.05700002983212471
v -0.007764571346342569 -0.02897777594625952 0.05700002983212471
v -0.007764571346342569 -0.02897777594625952 0.047000039368867874
v -0.014999999664723884 -0.025980763137340563 0.047000039368867874
v -0.014999999664723884 -0.025980763137340563 0.05700002983212471
v -0.014999999664723884 -0.025980763137340563 0.05700002983212471
v -0.014999999664723884 -0.025980763137340563 0.047000039368867874
v -0.021213203668594374 -0.021213203668594374 0.047000039368867874
v -0.021213203668594374 -0.021213203668594374 0.05700002983212471
v -0.021213203668594374 -0.021213203668594374 0.05700002983212471
v -0.021213203668594374 -0.021213203668594374 0.047000039368867874
v -0.025980761274695414 -0.014999999664723884 0.047000039368867874
v -0.025980761274695414 -0.014999999664723884 0.05700002983212471
v -0.025980761274695414 -0.014999999664723884 0.05700002983212471
v -0.025980761274695414 -0.014999999664723884 0.047000039368867874
v -0.02897777408361437 -0.007764571346342569 0.047000039368867874
v -0.02897777408361437 -0.007764571346342569 0.05700002983212471
v -0.02897777408361437 -0.007764571346342569 0.05700002983212471
v -0.02897777408361437 -0.007764571346342569 0.047000039368867874
v -0.029999999329447767 -2.374872520860551e-11 0.047000039368867874
v -0.029999999329447767 -2.374872520860551e-11 0.05700002983212471
v -0.029999999329447767 -2.374872520860551e-11 0.05700002983212471
v -0.029999999329447767 -2.374872520860551e-11 0.047000039368867874
v -0.02897777408361437 0.007764571346342569 0.047000039368867874
v -0.02897777408361437 0.007764571346342569 0.05700002983212471
v -0.02897777408361437 0.007764571346342569 0.05700002983212471
v -0.02897777408361437 0.007764571346342569 0.047000039368867874
v -0.025980761274695414 0.014999999664723884 0.047000039368867874
v -0.025980761274695414 0.014999999664723884 0.05700002983212471
v -0.025980761274695414 0.014999999664723884 0.05700002983212471
v -0.025980761274695414 0.014999999664723884 0.047000039368867874
v -0.021213203668594374 0.021213201805949225 0.047000039368867874
v -0.021213203668594374 0.021213201805949225 0.05700002983212471
v -0.021213203668594374 0.021213201805949225 0.05700002983212471
v -0.021213203668594374 0.021213201805949225 0.047000039368867874
v -0.014999999664723884 0.025980761274695414 0.047000039368867874
v -0.014999999664723884 0.025980761274695414 0.05700002983212471
v -0.014999999664723884 0.025980761274695414 0.05700002983212471
v -0.014999999664723884 0.025980761274695414 0.047000039368867874
v -0.007764571346342569 0.02897777408361437 0.047000039368867874
v -0.007764571346342569 0.02897777408361437 0.05700002983212471
v -0.007764571346342569 0.02897777408361437 0.05700002983212471
v -0.007764571346342569 0.02897777408361437 0.047000039368867874
v -2.868681885796358e-17 0.029999999329447767 0.047000039368867874
v -2.868681885796358e-17 0.029999999329447767 0.05700002983212471
v -2.868681885796358e-17 0.029999999329447767 0.05700002983212471
v -2.868681885796358e-17 0.029999999329447767 0.047000039368867874
v 0.007764571346342569 0.02897777408361437 0.047000039368867874
v 0.007764571346342569 0.02897777408361437 0.05700002983212471
v 0.007764571346342569 0.02897777408361437 0.05700002983212471
v 0.007764571346342569 0.02897777408361437 0.047000039368867874
v 0.014999999664723884 0.025980761274695414 0.047000039368867874
v 0.014999999664723884 0.025980761274695414 0.05700002983212471
v 0.014999999664723884 0.025980761274695414 0.05700002983212471
v 0.014999999664723884 0.025980761274695414 0.047000039368867874
v 0.021213203668594374 0.021213201805949225 0.047000039368867874
v 0.021213203668594374 0.021213201805949225 0.05700002983212471
v 0.021213203668594374 0.021213201805949225 0.05700002983212471
v 0.021213203668594374 0.021213201805949225 0.047000039368867874
v 0.025980761274695414 0.014999999664723884 0.047000039368867874
v 0.025980761274695414 0.014999999664723884 0.05700002983212471
v 0.025980761274695414 0.014999999664723884 0.05700002983212471
v 0.025980761274695414 0.014999999664723884 0.047000039368867874
v 0.02897777408361437 0.007764571346342569 0.047000039368867874
v 0.02897777408361437 0.007764571346342569 0.05700002983212471
v 0.02897777408361437 0.007764571346342569 0.047000039368867874
v -0.010395584627985961 -0.045499999076128034 0.048907388001680374
v 9.902764214161148e-25 -0.05550000071525577 0.050000060349702835
v 9.902764214161148e-25 -0.045499999076128034 0.050000060349702835
v 9.902764214161148e-25 -0.045499999076128034 0.050000060349702835
v 9.902764214161148e-25 -0.05550000071525577 0.050000060349702835
v 0.010395584627985961 -0.05550000071525577 0.048907388001680374
v 0.010395584627985961 -0.045499999076128034 0.048907388001680374
v 0.010395584627985961 -0.045499999076128034 0.048907388001680374
v 0.010395584627985961 -0.05550000071525577 0.048907388001680374
v 0.020336832851171507 -0.05550000071525577 0.045677293092012405
v 0.020336832851171507 -0.045499999076128034 0.045677293092012405
v 0.020336832851171507 -0.045499999076128034 0.045677293092012405
v 0.020336832851171507 -0.05550000071525577 0.045677293092012405
v 0.029389262199401876 -0.05550000071525577 0.0404508002102375
v 0.029389262199401876 -0.045499999076128034 0.0404508002102375
v 0.029389262199401876 -0.045499999076128034 0.0404508002102375
v 0.029389262199401876 -0.05550000071525577 0.0404508002102375
v 0.037157241255044965 -0.05550000071525577 0.033456552773714066
v 0.037157241255044965 -0.045499999076128034 0.033456552773714066
v 0.037157241255044965 -0.045499999076128034 0.033456552773714066
v 0.037157241255044965 -0.05550000071525577 0.033456552773714066
v 0.04330126941204074 -0.05550000071525577 0.024999963119626045
v 0.04330126941204074 -0.045499999076128034 0.024999963119626045
v 0.04330126941204074 -0.045499999076128034 0.024999963119626045
v 0.04330126941204074 -0.05550000071525577 0.024999963119626045
v 0.04755282402038578 -0.05550000071525577 0.015450823120772839
v 0.04755282402038578 -0.045499999076128034 0.015450823120772839
v 0.04755282402038578 -0.045499999076128034 0.015450823120772839
v 0.04755282402038578 -0.05550000071525577 0.015450823120772839
v 0.049726095050573384 -0.05550000071525577 0.005226480308920145
v 0.049726095050573384 -0.045499999076128034 0.005226480308920145
v 0.049726095050573384 -0.045499999076128034 0.005226480308920145
v 0.049726095050573384 -0.05550000071525577 0.005226480308920145
v 0.049726095050573384 -0.05550000071525577 -0.005226386245340109
v 0.049726095050573384 -0.045499999076128034 -0.005226386245340109
v 0.049726095050573384 -0.045499999076128034 -0.005226386245340109
v 0.049726095050573384 -0.05550000071525577 -0.005226386245340109
v 0.04755282402038578 -0.05550000071525577 -0.015450847335159779
v 0.04755282402038578 -0.045499999076128034 -0.015450847335159779
v 0.04755282402038578 -0.045499999076128034 -0.015450847335159779
v 0.04755282402038578 -0.05550000071525577 -0.015450847335159779
v 0.04330126941204074 -0.05550000071525577 -0.024999989196658134
v 0.04330126941204074 -0.045499999076128034 -0.024999989196658134
v 0.04330126941204074 -0.045499999076128034 -0.024999989196658134
v 0.04330126941204074 -0.05550000071525577 -0.024999989196658134
v 0.037157241255044965 -0.05550000071525577 -0.033456575125455856
v 0.037157241255044965 -0.045499999076128034 -0.033456575125455856
v 0.037157241255044965 -0.045499999076128034 -0.033456575125455856
v 0.037157241255044965 -0.05550000071525577 -0.033456575125455856
v 0.029389262199401876 -0.05550000071525577 -0.040450822561979294
v 0.029389262199401876 -0.045499999076128034 -0.040450822561979294
v 0.029389262199401876 -0.045499999076128034 -0.040450822561979294
v 0.029389262199401876 -0.05550000071525577 -0.040450822561979294
v 0.020336832851171507 -0.05550000071525577 -0.045677315443754196
v 0.020336832851171507 -0.045499999076128034 -0.045677315443754196
v 0.020336832851171507 -0.045499999076128034 -0.045677315443754196
v 0.020336832851171507 -0.05550000071525577 -0.045677315443754196
v 0.010395584627985961 -0.05550000071525577 -0.048907410353422165
v 0.010395584627985961 -0.045499999076128034 -0.048907410353422165
v 0.010395584627985961 -0.045499999076128034 -0.048907410353422165
v 0.010395584627985961 -0.05550000071525577 -0.048907410353422165
v -6.1232334357452306e-18 -0.05550000071525577 -0.049999963492155075
v -6.1232334357452306e-18 -0.045499999076128034 -0.049999963492155075
v -6.1232334357452306e-18 -0.045499999076128034 -0.049999963492155075
v -6.1232334357452306e-18 -0.05550000071525577 -0.049999963492155075
v -0.010395584627985961 -0.05550000071525577 -0.048907410353422165
v -0.010395584627985961 -0.045499999076128034 -0.048907410353422165
v -0.010395584627985961 -0.045499999076128034 -0.048907410353422165
v -0.010395584627985961 -0.05550000071525577 -0.048907410353422165
v -0.020336832851171507 -0.05550000071525577 -0.045677315443754196
v -0.020336832851171507 -0.045499999076128034 -0.045677315443754196
v -0.020336832851171507 -0.045499999076128034 -0.045677315443754196
v -0.020336832851171507 -0.05550000071525577 -0.045677315443754196
v -0.029389262199401876 -0.05550000071525577 -0.040450822561979294
v -0.029389262199401876 -0.045499999076128034 -0.040450822561979294
v -0.029389262199401876 -0.045499999076128034 -0.040450822561979294
v -0.029389262199401876 -0.05550000071525577 -0.040450822561979294
v -0.037157241255044965 -0.05550000071525577 -0.033456575125455856
v -0.037157241255044965 -0.045499999076128034 -0.033456575125455856
v -0.037157241255044965 -0.045499999076128034 -0.033456575125455856
v -0.037157241255044965 -0.05550000071525577 -0.033456575125455856
v -0.04330126941204074 -0.05550000071525577 -0.024999989196658134
v -0.04330126941204074 -0.045499999076128034 -0.024999989196658134
v -0.04330126941204074 -0.045499999076128034 -0.024999989196658134
v -0.04330126941204074 -0.05550000071525577 -0.024999989196658134
v -0.04755282402038578 -0.05550000071525577 -0.015450847335159779
v -0.04755282402038578 -0.045499999076128034 -0.015450847335159779
v -0.04755282402038578 -0.045499999076128034 -0.015450847335159779
v -0.04755282402038578 -0.05550000071525577 -0.015450847335159779
v -0.049726095050573384 -0.05550000071525577 -0.005226386245340109
v -0.049726095050573384 -0.045499999076128034 -0.005226386245340109
v -0.049726095050573384 -0.045499999076128034 -0.005226386245340109
v -0.049726095050573384 -0.05550000071525577 -0.005226386245340109
v -0.049726095050573384 -0.05550000071525577 0.005226480308920145
v -0.049726095050573384 -0.045499999076128034 0.005226480308920145
v -0.049726095050573384 -0.045499999076128034 0.005226480308920145
v -0.049726095050573384 -0.05550000071525577 0.005226480308920145
v -0.04755282402038578 -0.05550000071525577 0.015450823120772839
v -0.04755282402038578 -0.045499999076128034 0.015450823120772839
v -0.04755282402038578 -0.045499999076128034 0.015450823120772839
v -0.04755282402038578 -0.05550000071525577 0.015450823120772839
v -0.04330126941204074 -0.05550000071525577 0.024999963119626045
v -0.04330126941204074 -0.045499999076128034 0.024999963119626045
v -0.04330126941204074 -0.045499999076128034 0.024999963119626045
v -0.04330126941204074 -0.05550000071525577 0.024999963119626045
v -0.037157241255044965 -0.05550000071525577 0.033456552773714066
v -0.037157241255044965 -0.045499999076128034 0.033456552773714066
v -0.037157241255044965 -0.045499999076128034 0.033456552773714066
v -0.037157241255044965 -0.05550000071525577 0.033456552773714066
v -0.029389262199401876 -0.05550000071525577 0.0404508002102375
v -0.029389262199401876 -0.045499999076128034 0.0404508002102375
v -0.029389262199401876 -0.045499999076128034 0.0404508002102375
v -0.029389262199401876 -0.05550000071525577 0.0404508002102375
v -0.020336832851171507 -0.05550000071525577 0.045677293092012405
v -0.020336832851171507 -0.045499999076128034 0.045677293092012405
v -0.020336832851171507 -0.045499999076128034 0.045677293092012405
v -0.020336832851171507 -0.05550000071525577 0.045677293092012405
v -0.010395584627985961 -0.05550000071525577 0.048907388001680374
v -0.010395584627985961 -0.045499999076128034 0.048907388001680374
v -0.010395584627985961 -0.05550000071525577 0.048907388001680374
v -0.03822010755538943 0.05738612264394764 -0.030286205932497978
v -0.037853747606277494 0.057682815939188045 -0.030452264472842216
v -0.03784472867846492 0.05738612264394764 -0.030783308669924736
v -0.040716852992773084 0.05738612264394764 -0.02697993628680706
v -0.04303428158164027 0.05738612264394764 -0.022966040298342705
v -0.037853747606277494 0.06109624728560452 -0.024917496368288994
v -0.03784109652042392 0.05738612264394764 0.030763136222958565
v -0.037853747606277494 0.05759143829345707 0.030581342056393623
v -0.03809443116188052 0.05738612264394764 0.030467497184872627
v 0.025713291019201296 0.05738612264394764 0.041528452187776566
v 0.028983714058995268 0.05738612264394764 0.03921328857541084
v 0.023450052365660685 0.05925406888127331 0.040892113000154495
v 0.03809443116188052 0.05738612264394764 0.030467497184872627
v 0.0375965125858784 0.05774094909429554 0.03068755753338337
v 0.03758236020803454 0.05738612264394764 0.031065212562680244
v 0.04771362245082859 0.05738612264394764 -0.010449421592056751
v 0.04763744398951534 0.05738612264394764 -0.010717165656387806
v 0.04385830834507945 0.06104332953691487 -0.011626136489212513
v 0.00786430668085814 0.05738612264394764 -0.048126231878995895
v 0.006002411246299748 0.05738612264394764 -0.048474203795194626
v 0.007872355170547967 0.06226254627108578 -0.043379317969083786
v 0.007872355170547967 0.06226254627108578 -0.043379317969083786
v 0.006002411246299748 0.05738612264394764 -0.048474203795194626
v 2.4802061477649646e-18 0.05738612264394764 -0.04884446784853935
v 0.007872355170547967 0.06226254627108578 -0.043379317969083786
v 2.4802061477649646e-18 0.05738612264394764 -0.04884446784853935
v -0.00015794170030858379 0.0626166015863419 -0.043700944632291794
v 0.00786430668085814 0.05738612264394764 -0.048126231878995895
v 0.007872355170547967 0.06226254627108578 -0.043379317969083786
v 0.011913832277059564 0.05738612264394764 -0.047369252890348434
v 0.011913832277059564 0.05738612264394764 -0.047369252890348434
v 0.007872355170547967 0.06226254627108578 -0.043379317969083786
v 0.01578207127749921 0.061176907271146816 -0.042393337935209274
v 0.011913832277059564 0.05738612264394764 -0.047369252890348434
v 0.01578207127749921 0.061176907271146816 -0.042393337935209274
v 0.01576930470764638 0.05738612264394764 -0.046142708510160446
v 0.023450052365660685 0.05937631428241734 -0.040757905691862106
v 0.02310799621045591 0.05738612264394764 -0.04303253814578056
v 0.01578207127749921 0.061176907271146816 -0.042393337935209274
v 0.01578207127749921 0.061176907271146816 -0.042393337935209274
v 0.02310799621045591 0.05738612264394764 -0.04303253814578056
v 0.017644651234149943 0.05738612264394764 -0.045546066015958786
v 0.01578207127749921 0.061176907271146816 -0.042393337935209274
v 0.017644651234149943 0.05738612264394764 -0.045546066015958786
v 0.01576930470764638 0.05738612264394764 -0.046142708510160446
v 0.0293259918689728 0.05738612264394764 -0.03897751495242119
v 0.028221046552062052 0.05738612264394764 -0.039866697043180466
v 0.023450052365660685 0.05937631428241734 -0.040757905691862106
v 0.023450052365660685 0.05937631428241734 -0.040757905691862106
v 0.028221046552062052 0.05738612264394764 -0.039866697043180466
v 0.02344502694904806 0.05738612264394764 -0.042823921889066696
v 0.023450052365660685 0.05937631428241734 -0.040757905691862106
v 0.02344502694904806 0.05738612264394764 -0.042823921889066696
v 0.02310799621045591 0.05738612264394764 -0.04303253814578056
v 0.032906297594308874 0.05738612264394764 -0.03609646484255791
v 0.03073909506201746 0.05738612264394764 -0.037840377539396286
v 0.030758850276470205 0.061296094208955806 -0.033000241965055466
v 0.030758850276470205 0.061296094208955806 -0.033000241965055466
v 0.03073909506201746 0.05738612264394764 -0.037840377539396286
v 0.0293259918689728 0.05738612264394764 -0.03897751495242119
v 0.030758850276470205 0.061296094208955806 -0.033000241965055466
v 0.0293259918689728 0.05738612264394764 -0.03897751495242119
v 0.023450052365660685 0.06404276937246327 -0.03493727371096611
v 0.040716852992773084 0.05738612264394764 -0.02697993628680706
v 0.03822010755538943 0.05738612264394764 -0.030286205932497978
v 0.0375965125858784 0.057832643389701885 -0.03055788390338421
v 0.0375965125858784 0.057832643389701885 -0.03055788390338421
v 0.03822010755538943 0.05738612264394764 -0.030286205932497978
v 0.0375899784266949 0.05738612264394764 -0.031120670959353447
v 0.0375965125858784 0.057832643389701885 -0.03055788390338421
v 0.0375899784266949 0.05738612264394764 -0.031120670959353447
v 0.030758850276470205 0.061296094208955806 -0.033000241965055466
v 0.030758850276470205 0.061296094208955806 -0.033000241965055466
v 0.0375899784266949 0.05738612264394764 -0.031120670959353447
v 0.037092719227075605 0.05738612264394764 -0.03177906200289726
v 0.030758850276470205 0.061296094208955806 -0.033000241965055466
v 0.037092719227075605 0.05738612264394764 -0.03177906200289726
v 0.032906297594308874 0.05738612264394764 -0.03609646484255791
v 0.0437237620353699 0.05738612264394764 -0.021771801635622978
v 0.04303428158164027 0.05738612264394764 -0.022966040298342705
v 0.0375965125858784 0.06125791743397717 -0.02500404231250286
v 0.040716852992773084 0.05738612264394764 -0.02697993628680706
v 0.04385830834507945 0.05926286801695828 -0.017254961654543877
v 0.04385729506611827 0.05738612264394764 -0.02145637385547161
v 0.0375965125858784 0.06397507339715962 -0.01907147280871868
v 0.0375965125858784 0.06397507339715962 -0.01907147280871868
v 0.04385729506611827 0.05738612264394764 -0.02145637385547161
v 0.0437237620353699 0.05738612264394764 -0.021771801635622978
v 0.04763744398951534 0.05738612264394764 -0.010717165656387806
v 0.046067863702774076 0.05738612264394764 -0.016233695670962334
v 0.04385830834507945 0.05926286801695828 -0.017254961654543877
v 0.04385830834507945 0.05926286801695828 -0.017254961654543877
v 0.046067863702774076 0.05738612264394764 -0.016233695670962334
v 0.0459384731948376 0.05738612264394764 -0.016539348289370537
v 0.04385830834507945 0.05926286801695828 -0.017254961654543877
v 0.0459384731948376 0.05738612264394764 -0.016539348289370537
v 0.04385729506611827 0.05738612264394764 -0.02145637385547161
v 0.04863609373569492 0.05738612264394764 -0.004506838973611593
v 0.048520985990762745 0.05738612264394764 -0.005248320754617453
v 0.04385830834507945 0.06211892515420918 -0.005821240600198507
v 0.04771362245082859 0.05738612264394764 -0.010449421592056751
v 0.04882128909230236 0.05738612264394764 0.0015041704755276442
v 0.04877692833542827 0.05738612264394764 6.43606181256473e-05
v 0.04385830834507945 0.06247336417436604 7.187080336734653e-05
v 0.04863609373569492 0.05738612264394764 -0.004506838973611593
v 0.048266403377056157 0.05738612264394764 0.007492291275411844
v 0.048461668193340336 0.05738612264394764 0.005385028664022684
v 0.04385830834507945 0.06210128217935566 0.005963789764791727
v 0.04882128909230236 0.05738612264394764 0.0015041704755276442
v 0.046979848295450245 0.05738612264394764 0.013366925530135632
v 0.04752561450004581 0.05738612264394764 0.01087485533207655
v 0.04385830834507945 0.06100830808281903 0.011765467934310436
v 0.048266403377056157 0.05738612264394764 0.007492291275411844
v 0.044981125742197064 0.05738612264394764 0.01903890259563923
v 0.04579938948154452 0.05738612264394764 0.01671682484447956
v 0.04385830834507945 0.05921100080013279 0.017388926818966866
v 0.046979848295450245 0.05738612264394764 0.013366925530135632
v 0.044981125742197064 0.05738612264394764 0.01903890259563923
v 0.04385830834507945 0.05921100080013279 0.017388926818966866
v 0.04385246708989146 0.05738612264394764 0.021305548027157784
v 0.04385246708989146 0.05738612264394764 0.021305548027157784
v 0.04385830834507945 0.05921100080013279 0.017388926818966866
v 0.0375965125858784 0.06391774863004689 0.019219504669308662
v 0.04385246708989146 0.05738612264394764 0.021305548027157784
v 0.0375965125858784 0.06391774863004689 0.019219504669308662
v 0.042941678315401105 0.05738612264394764 0.02313469536602497
v 0.03809443116188052 0.05738612264394764 0.030467497184872627
v 0.03897871449589732 0.05738612264394764 0.029435383155941963
v 0.0375965125858784 0.06118283793330197 0.025143848732113838
v 0.0375965125858784 0.06118283793330197 0.025143848732113838
v 0.03897871449589732 0.05738612264394764 0.029435383155941963
v 0.04230053722858432 0.05738612264394764 0.02442227490246296
v 0.0375965125858784 0.06118283793330197 0.025143848732113838
v 0.04230053722858432 0.05738612264394764 0.02442227490246296
v 0.042941678315401105 0.05738612264394764 0.02313469536602497
v 0.03758236020803454 0.05738612264394764 0.031065212562680244
v 0.0375965125858784 0.05774094909429554 0.03068755753338337
v 0.035066016018390676 0.05738612264394764 0.03400229290127754
v 0.035066016018390676 0.05738612264394764 0.03400229290127754
v 0.0375965125858784 0.05774094909429554 0.03068755753338337
v 0.030758850276470205 0.06119706854224209 0.03314029052853584
v 0.035066016018390676 0.05738612264394764 0.03400229290127754
v 0.030758850276470205 0.06119706854224209 0.03314029052853584
v 0.030756574124097845 0.05738612264394764 0.03793083503842354
v 0.03062175028026106 0.05738612264394764 0.038053739815950394
v 0.03062175028026106 0.05738612264394764 0.038053739815950394
v 0.030758850276470205 0.06119706854224209 0.03314029052853584
v 0.023450052365660685 0.06393793225288395 0.03508542850613594
v 0.03062175028026106 0.05738612264394764 0.038053739815950394
v 0.023450052365660685 0.06393793225288395 0.03508542850613594
v 0.028983714058995268 0.05738612264394764 0.03921328857541084
v 0.014807326719164859 0.05738612264394764 0.04654597118496895
v 0.01577254943549634 0.05738612264394764 0.04617201164364815
v 0.01578207127749921 0.061049755662679714 0.04253290966153145
v 0.01578207127749921 0.061049755662679714 0.04253290966153145
v 0.01577254943549634 0.05738612264394764 0.04617201164364815
v 0.020415045320987715 0.05738612264394764 0.04437350109219551
v 0.01578207127749921 0.061049755662679714 0.04253290966153145
v 0.020415045320987715 0.05738612264394764 0.04437350109219551
v 0.023450052365660685 0.05925406888127331 0.040892113000154495
v 0.023450052365660685 0.05925406888127331 0.040892113000154495
v 0.020415045320987715 0.05738612264394764 0.04437350109219551
v 0.023430960252881064 0.05738612264394764 0.0427539236843586
v 0.023450052365660685 0.05925406888127331 0.040892113000154495
v 0.023430960252881064 0.05738612264394764 0.0427539236843586
v 0.025713291019201296 0.05738612264394764 0.041528452187776566
v 0.014807326719164859 0.05738612264394764 0.04654597118496895
v 0.01578207127749921 0.061049755662679714 0.04253290966153145
v 0.008975144475698476 0.05738612264394764 0.04801284149289131
v 0.008975144475698476 0.05738612264394764 0.04801284149289131
v 0.01578207127749921 0.061049755662679714 0.04253290966153145
v 0.007872355170547967 0.0621324367821217 0.04352210834622383
v 0.008975144475698476 0.05738612264394764 0.04801284149289131
v 0.007872355170547967 0.0621324367821217 0.04352210834622383
v 0.00786853209137917 0.05738612264394764 0.04814981296658516
v 0.00786853209137917 0.05738612264394764 0.04814981296658516
v 0.007872355170547967 0.0621324367821217 0.04352210834622383
v 0.0030069088097661755 0.05738612264394764 0.048751819878816605
v 0.0030069088097661755 0.05738612264394764 0.048751819878816605
v 0.007872355170547967 0.0621324367821217 0.04352210834622383
v -0.00015794170030858379 0.062485534697771114 0.043844807893037796
v 0.0030069088097661755 0.05738612264394764 0.048751819878816605
v -0.00015794170030858379 0.062485534697771114 0.043844807893037796
v -0.00015794170030858379 0.05738612264394764 0.048751819878816605
v -0.0030069088097661755 0.05738612264394764 0.048751819878816605
v -0.0030069088097661755 0.05738612264394764 0.048751819878816605
v -0.00015794170030858379 0.062485534697771114 0.043844807893037796
v -0.008185819722712045 0.06210363283753399 0.04349588230252266
v -0.0030069088097661755 0.05738612264394764 0.048751819878816605
v -0.008185819722712045 0.06210363283753399 0.04349588230252266
v -0.008182906545698648 0.05738612264394764 0.048110831528902054
v -0.008182906545698648 0.05738612264394764 0.048110831528902054
v -0.008185819722712045 0.06210363283753399 0.04349588230252266
v -0.008975144475698476 0.05738612264394764 0.04801284149289131
v -0.008975144475698476 0.05738612264394764 0.04801284149289131
v -0.008185819722712045 0.06210363283753399 0.04349588230252266
v -0.01608831435441972 0.06099258735775952 0.042480695992708206
v -0.008975144475698476 0.05738612264394764 0.04801284149289131
v -0.01608831435441972 0.06099258735775952 0.042480695992708206
v -0.014807326719164859 0.05738612264394764 0.04654597118496895
v -0.02374438568949701 0.059169411659240764 0.04081474617123604
v -0.020415045320987715 0.05738612264394764 0.04437350109219551
v -0.01608831435441972 0.06099258735775952 0.042480695992708206
v -0.01608831435441972 0.06099258735775952 0.042480695992708206
v -0.020415045320987715 0.05738612264394764 0.04437350109219551
v -0.016076624393463145 0.05738612264394764 0.046054232865571976
v -0.014807326719164859 0.05738612264394764 0.04654597118496895
v -0.028983714058995268 0.05738612264394764 0.03921328857541084
v -0.025713291019201296 0.05738612264394764 0.041528452187776566
v -0.02374438568949701 0.059169411659240764 0.04081474617123604
v -0.02374438568949701 0.059169411659240764 0.04081474617123604
v -0.025713291019201296 0.05738612264394764 0.041528452187776566
v -0.023726155981421488 0.05738612264394764 0.04259549453854561
v -0.020415045320987715 0.05738612264394764 0.04437350109219551
v -0.03103676252067091 0.06107461452484135 0.03305338695645332
v -0.03103032149374487 0.05738612264394764 0.03768132999539375
v -0.02374438568949701 0.06384441256523136 0.035019028931856155
v -0.02374438568949701 0.06384441256523136 0.035019028931856155
v -0.03103032149374487 0.05738612264394764 0.03768132999539375
v -0.03062175028026106 0.05738612264394764 0.038053739815950394
v -0.037853747606277494 0.05759143829345707 0.030581342056393623
v -0.03784109652042392 0.05738612264394764 0.030763136222958565
v -0.03103676252067091 0.06107461452484135 0.03305338695645332
v -0.03103676252067091 0.06107461452484135 0.03305338695645332
v -0.03784109652042392 0.05738612264394764 0.030763136222958565
v -0.035066016018390676 0.05738612264394764 0.03400229290127754
v -0.03103676252067091 0.06107461452484135 0.03305338695645332
v -0.035066016018390676 0.05738612264394764 0.03400229290127754
v -0.03103032149374487 0.05738612264394764 0.03768132999539375
v -0.03897871449589732 0.05738612264394764 0.029435383155941963
v -0.037853747606277494 0.06102142482995991 0.02505694516003132
v -0.04230053722858432 0.05738612264394764 0.02442227490246296
v -0.04230053722858432 0.05738612264394764 0.02442227490246296
v -0.037853747606277494 0.06102142482995991 0.02505694516003132
v -0.042941678315401105 0.05738612264394764 0.02313469536602497
v -0.04579938948154452 0.05738612264394764 0.01671682484447956
v -0.044981125742197064 0.05738612264394764 0.01903890259563923
v -0.04409092664718631 0.05901182815432553 0.017311440780758858
v -0.04409092664718631 0.05901182815432553 0.017311440780758858
v -0.044981125742197064 0.05738612264394764 0.01903890259563923
v -0.04408571496605876 0.05738612264394764 0.020837055519223213
v -0.04409092664718631 0.05901182815432553 0.017311440780758858
v -0.04408571496605876 0.05738612264394764 0.020837055519223213
v -0.037853747606277494 0.06374687701463704 0.019152985885739326
v -0.04409092664718631 0.060801129788160366 0.011713015846908092
v -0.04752561450004581 0.05738612264394764 0.01087485533207655
v -0.046979848295450245 0.05738612264394764 0.013366925530135632
v -0.04409092664718631 0.061889231204986614 0.005937206093221903
v -0.048461668193340336 0.05738612264394764 0.005385028664022684
v -0.048266403377056157 0.05738612264394764 0.007492291275411844
v -0.04409092664718631 0.06225965917110447 7.151317549869418e-05
v -0.04877692833542827 0.05738612264394764 6.43606181256473e-05
v -0.04882128909230236 0.05738612264394764 0.0015041704755276442
v -0.04409092664718631 0.06190679967403416 -0.005795252975076437
v -0.048520985990762745 0.05738612264394764 -0.005248320754617453
v -0.04863609373569492 0.05738612264394764 -0.004506838973611593
v -0.04409092664718631 0.06083599478006367 -0.011574399657547474
v -0.04763744398951534 0.05738612264394764 -0.010717165656387806
v -0.04771362245082859 0.05738612264394764 -0.010449421592056751
v -0.04409092664718631 0.05906346440315251 -0.017178071662783623
v -0.0459384731948376 0.05738612264394764 -0.016539348289370537
v -0.046067863702774076 0.05738612264394764 -0.016233695670962334
v -0.037853747606277494 0.06380400806665425 -0.01900543086230755
v -0.0437237620353699 0.05738612264394764 -0.021771801635622978
v -0.04409092664718631 0.05906346440315251 -0.017178071662783623
v -0.04409092664718631 0.05906346440315251 -0.017178071662783623
v -0.0437237620353699 0.05738612264394764 -0.021771801635622978
v -0.044088531285524396 0.05738612264394764 -0.02091003768146038
v -0.04409092664718631 0.05906346440315251 -0.017178071662783623
v -0.044088531285524396 0.05738612264394764 -0.02091003768146038
v -0.0459384731948376 0.05738612264394764 -0.016539348289370537
v -0.03784472867846492 0.05738612264394764 -0.030783308669924736
v -0.037853747606277494 0.057682815939188045 -0.030452264472842216
v -0.037092719227075605 0.05738612264394764 -0.03177906200289726
v -0.037092719227075605 0.05738612264394764 -0.03177906200289726
v -0.037853747606277494 0.057682815939188045 -0.030452264472842216
v -0.03103676252067091 0.06117337942123417 -0.0329136960208416
v -0.037092719227075605 0.05738612264394764 -0.03177906200289726
v -0.03103676252067091 0.06117337942123417 -0.0329136960208416
v -0.032906297594308874 0.05738612264394764 -0.03609646484255791
v -0.0293259918689728 0.05738612264394764 -0.03897751495242119
v -0.02374438568949701 0.05929142609238629 -0.0406808964908123
v -0.028221046552062052 0.05738612264394764 -0.039866697043180466
v -0.028221046552062052 0.05738612264394764 -0.039866697043180466
v -0.02374438568949701 0.05929142609238629 -0.0406808964908123
v -0.023735608905553835 0.05738612264394764 -0.042643915861845016
v -0.01608831435441972 0.061119578778743786 -0.04234124347567558
v -0.017644651234149943 0.05738612264394764 -0.045546066015958786
v -0.02374438568949701 0.05929142609238629 -0.0406808964908123
v -0.02374438568949701 0.05929142609238629 -0.0406808964908123
v -0.017644651234149943 0.05738612264394764 -0.045546066015958786
v -0.02310799621045591 0.05738612264394764 -0.04303253814578056
v -0.02374438568949701 0.05929142609238629 -0.0406808964908123
v -0.02310799621045591 0.05738612264394764 -0.04303253814578056
v -0.023735608905553835 0.05738612264394764 -0.042643915861845016
v -0.008185819722712045 0.06223366037011151 -0.043353091925382614
v -0.011913832277059564 0.05738612264394764 -0.047369252890348434
v -0.01608831435441972 0.061119578778743786 -0.04234124347567558
v -0.01608831435441972 0.061119578778743786 -0.04234124347567558
v -0.011913832277059564 0.05738612264394764 -0.047369252890348434
v -0.016076797619462024 0.05738612264394764 -0.046044837683439255
v -0.01608831435441972 0.061119578778743786 -0.04234124347567558
v -0.016076797619462024 0.05738612264394764 -0.046044837683439255
v -0.017644651234149943 0.05738612264394764 -0.045546066015958786
v 2.4802061477649646e-18 0.05738612264394764 -0.04884446784853935
v -0.00015761332178954046 0.05738612264394764 -0.04883469268679619
v -0.00015794170030858379 0.0626166015863419 -0.043700944632291794
v -0.00015794170030858379 0.0626166015863419 -0.043700944632291794
v -0.00015761332178954046 0.05738612264394764 -0.04883469268679619
v -0.006002411246299748 0.05738612264394764 -0.048474203795194626
v -0.00015794170030858379 0.0626166015863419 -0.043700944632291794
v -0.006002411246299748 0.05738612264394764 -0.048474203795194626
v -0.008185819722712045 0.06223366037011151 -0.043353091925382614
v -0.008185819722712045 0.06223366037011151 -0.043353091925382614
v -0.006002411246299748 0.05738612264394764 -0.048474203795194626
v -0.0081771481782198 0.05738612264394764 -0.04806770011782646
v -0.011913832277059564 0.05738612264394764 -0.047369252890348434
v 0.0293259918689728 0.05738612264394764 -0.03897751495242119
v 0.023450052365660685 0.05937631428241734 -0.040757905691862106
v 0.023450052365660685 0.06404276937246327 -0.03493727371096611
v 0.023450052365660685 0.06404276937246327 -0.03493727371096611
v 0.023450052365660685 0.05937631428241734 -0.040757905691862106
v 0.01578207127749921 0.061176907271146816 -0.042393337935209274
v 0.023450052365660685 0.06404276937246327 -0.03493727371096611
v 0.01578207127749921 0.061176907271146816 -0.042393337935209274
v 0.01578207127749921 0.06603059172630314 -0.03633905574679375
v 0.01578207127749921 0.06603059172630314 -0.03633905574679375
v 0.01578207127749921 0.061176907271146816 -0.042393337935209274
v 0.007872355170547967 0.06226254627108578 -0.043379317969083786
v 0.007872355170547967 0.0672291219234467 -0.037184249609708786
v 0.007872355170547967 0.0672291219234467 -0.037184249609708786
v 0.007872355170547967 0.06226254627108578 -0.043379317969083786
v -0.00015794170030858379 0.0626166015863419 -0.043700944632291794
v -0.00015794170030858379 0.06761999428272251 -0.03745986148715019
v -0.00015794170030858379 0.06761999428272251 -0.03745986148715019
v -0.00015794170030858379 0.0626166015863419 -0.043700944632291794
v -0.008185819722712045 0.06223366037011151 -0.043353091925382614
v -0.008185819722712045 0.06719723343849186 -0.03716171905398369
v -0.008185819722712045 0.06719723343849186 -0.03716171905398369
v -0.008185819722712045 0.06223366037011151 -0.043353091925382614
v -0.01608831435441972 0.061119578778743786 -0.04234124347567558
v -0.01608831435441972 0.06596730649471287 -0.036294352263212204
v -0.01608831435441972 0.06596730649471287 -0.036294352263212204
v -0.01608831435441972 0.061119578778743786 -0.04234124347567558
v -0.02374438568949701 0.05929142609238629 -0.0406808964908123
v -0.02374438568949701 0.06394904851913456 -0.03487111255526543
v -0.02374438568949701 0.06394904851913456 -0.03487111255526543
v -0.02374438568949701 0.05929142609238629 -0.0406808964908123
v -0.0293259918689728 0.05738612264394764 -0.03897751495242119
v -0.02374438568949701 0.06394904851913456 -0.03487111255526543
v -0.0293259918689728 0.05738612264394764 -0.03897751495242119
v -0.03103676252067091 0.06117337942123417 -0.0329136960208416
v -0.03103676252067091 0.06117337942123417 -0.0329136960208416
v -0.0293259918689728 0.05738612264394764 -0.03897751495242119
v -0.031017685309052488 0.05738612264394764 -0.03761626407504082
v -0.03103676252067091 0.06117337942123417 -0.0329136960208416
v -0.031017685309052488 0.05738612264394764 -0.03761626407504082
v -0.032906297594308874 0.05738612264394764 -0.03609646484255791
v 0.028983714058995268 0.05738612264394764 0.03921328857541084
v 0.023450052365660685 0.06393793225288395 0.03508542850613594
v 0.023450052365660685 0.05925406888127331 0.040892113000154495
v 0.023450052365660685 0.05925406888127331 0.040892113000154495
v 0.023450052365660685 0.06393793225288395 0.03508542850613594
v 0.01578207127749921 0.06592154502868657 0.036493171006441116
v 0.01578207127749921 0.061049755662679714 0.04253290966153145
v 0.01578207127749921 0.061049755662679714 0.04253290966153145
v 0.01578207127749921 0.06592154502868657 0.036493171006441116
v 0.007872355170547967 0.06711754202842717 0.03734194114804268
v 0.007872355170547967 0.0621324367821217 0.04352210834622383
v 0.007872355170547967 0.0621324367821217 0.04352210834622383
v 0.007872355170547967 0.06711754202842717 0.03734194114804268
v -0.00015794170030858379 0.06750758737325672 0.03761874511837959
v -0.00015794170030858379 0.062485534697771114 0.043844807893037796
v -0.00015794170030858379 0.062485534697771114 0.043844807893037796
v -0.00015794170030858379 0.06750758737325672 0.03761874511837959
v -0.008185819722712045 0.0670857205986977 0.03731941059231758
v -0.008185819722712045 0.06210363283753399 0.04349588230252266
v -0.008185819722712045 0.06210363283753399 0.04349588230252266
v -0.008185819722712045 0.0670857205986977 0.03731941059231758
v -0.01608831435441972 0.06585839390754704 0.03644834831357002
v -0.01608831435441972 0.06099258735775952 0.042480695992708206
v -0.01608831435441972 0.06099258735775952 0.042480695992708206
v -0.01608831435441972 0.06585839390754704 0.03644834831357002
v -0.02374438568949701 0.06384441256523136 0.035019028931856155
v -0.02374438568949701 0.059169411659240764 0.04081474617123604
v -0.02374438568949701 0.059169411659240764 0.04081474617123604
v -0.02374438568949701 0.06384441256523136 0.035019028931856155
v -0.03062175028026106 0.05738612264394764 0.038053739815950394
v -0.02374438568949701 0.059169411659240764 0.04081474617123604
v -0.03062175028026106 0.05738612264394764 0.038053739815950394
v -0.028983714058995268 0.05738612264394764 0.03921328857541084
v 0.040716852992773084 0.05738612264394764 -0.02697993628680706
v 0.0375965125858784 0.057832643389701885 -0.03055788390338421
v 0.0375965125858784 0.06125791743397717 -0.02500404231250286
v 0.0375965125858784 0.06125791743397717 -0.02500404231250286
v 0.0375965125858784 0.057832643389701885 -0.03055788390338421
v 0.030758850276470205 0.061296094208955806 -0.033000241965055466
v 0.030758850276470205 0.06499513983726506 -0.027002466842532158
v 0.030758850276470205 0.06499513983726506 -0.027002466842532158
v 0.030758850276470205 0.061296094208955806 -0.033000241965055466
v 0.023450052365660685 0.06404276937246327 -0.03493727371096611
v 0.023450052365660685 0.06795892864465718 -0.028587354347109795
v 0.023450052365660685 0.06795892864465718 -0.028587354347109795
v 0.023450052365660685 0.06404276937246327 -0.03493727371096611
v 0.01578207127749921 0.06603059172630314 -0.03633905574679375
v 0.01578207127749921 0.07010388374328617 -0.029734386131167412
v 0.01578207127749921 0.07010388374328617 -0.029734386131167412
v 0.01578207127749921 0.06603059172630314 -0.03633905574679375
v 0.007872355170547967 0.0672291219234467 -0.037184249609708786
v 0.007872355170547967 0.07139714807271962 -0.030426038429141045
v 0.007872355170547967 0.07139714807271962 -0.030426038429141045
v 0.007872355170547967 0.0672291219234467 -0.037184249609708786
v -0.00015794170030858379 0.06761999428272251 -0.03745986148715019
v -0.00015794170030858379 0.07181892544031147 -0.030651582404971123
v -0.00015794170030858379 0.07181892544031147 -0.030651582404971123
v -0.00015794170030858379 0.06761999428272251 -0.03745986148715019
v -0.008185819722712045 0.06719723343849186 -0.03716171905398369
v -0.008185819722712045 0.07136274129152302 -0.030407560989260674
v -0.008185819722712045 0.07136274129152302 -0.030407560989260674
v -0.008185819722712045 0.06719723343849186 -0.03716171905398369
v -0.01608831435441972 0.06596730649471287 -0.036294352263212204
v -0.01608831435441972 0.07003559172153477 -0.029697908088564873
v -0.01608831435441972 0.07003559172153477 -0.029697908088564873
v -0.01608831435441972 0.06596730649471287 -0.036294352263212204
v -0.02374438568949701 0.06394904851913456 -0.03487111255526543
v -0.02374438568949701 0.06785780191421513 -0.02853335253894329
v -0.02374438568949701 0.06785780191421513 -0.02853335253894329
v -0.02374438568949701 0.06394904851913456 -0.03487111255526543
v -0.03103676252067091 0.06117337942123417 -0.0329136960208416
v -0.03103676252067091 0.06486272811889653 -0.026931656524538994
v -0.03103676252067091 0.06486272811889653 -0.026931656524538994
v -0.03103676252067091 0.06117337942123417 -0.0329136960208416
v -0.037853747606277494 0.057682815939188045 -0.030452264472842216
v -0.037853747606277494 0.06109624728560452 -0.024917496368288994
v -0.037853747606277494 0.06109624728560452 -0.024917496368288994
v -0.037853747606277494 0.057682815939188045 -0.030452264472842216
v -0.03822010755538943 0.05738612264394764 -0.030286205932497978
v -0.037853747606277494 0.06109624728560452 -0.024917496368288994
v -0.03822010755538943 0.05738612264394764 -0.030286205932497978
v -0.040716852992773084 0.05738612264394764 -0.02697993628680706
v 0.0437237620353699 0.05738612264394764 -0.021771801635622978
v 0.0375965125858784 0.06125791743397717 -0.02500404231250286
v 0.0375965125858784 0.06397507339715962 -0.01907147280871868
v 0.0375965125858784 0.06397507339715962 -0.01907147280871868
v 0.0375965125858784 0.06125791743397717 -0.02500404231250286
v 0.030758850276470205 0.06499513983726506 -0.027002466842532158
v 0.030758850276470205 0.06792946904897694 -0.02059580199420452
v 0.030758850276470205 0.06792946904897694 -0.02059580199420452
v 0.030758850276470205 0.06499513983726506 -0.027002466842532158
v 0.023450052365660685 0.06795892864465718 -0.028587354347109795
v 0.023450052365660685 0.07106548547744755 -0.021804584190249443
v 0.023450052365660685 0.07106548547744755 -0.021804584190249443
v 0.023450052365660685 0.06795892864465718 -0.028587354347109795
v 0.01578207127749921 0.07010388374328617 -0.029734386131167412
v 0.01578207127749921 0.0733350887894631 -0.022679461166262627
v 0.01578207127749921 0.0733350887894631 -0.022679461166262627
v 0.01578207127749921 0.07010388374328617 -0.029734386131167412
v 0.007872355170547967 0.07139714807271962 -0.030426038429141045
v 0.007872355170547967 0.07470350712537771 -0.023206962272524834
v 0.007872355170547967 0.07470350712537771 -0.023206962272524834
v 0.007872355170547967 0.07139714807271962 -0.030426038429141045
v -0.00015794170030858379 0.07181892544031147 -0.030651582404971123
v -0.00015794170030858379 0.07514978945255285 -0.02337898127734661
v -0.00015794170030858379 0.07514978945255285 -0.02337898127734661
v -0.00015794170030858379 0.07181892544031147 -0.030651582404971123
v -0.008185819722712045 0.07136274129152302 -0.030407560989260674
v -0.008185819722712045 0.07466710358858114 -0.02319289557635784
v -0.008185819722712045 0.07466710358858114 -0.02319289557635784
v -0.008185819722712045 0.07136274129152302 -0.030407560989260674
v -0.01608831435441972 0.07003559172153477 -0.029697908088564873
v -0.01608831435441972 0.07326282560825353 -0.022651685401797295
v -0.01608831435441972 0.07326282560825353 -0.022651685401797295
v -0.01608831435441972 0.07003559172153477 -0.029697908088564873
v -0.02374438568949701 0.06785780191421513 -0.02853335253894329
v -0.02374438568949701 0.07095848768949513 -0.021763337776064873
v -0.02374438568949701 0.07095848768949513 -0.021763337776064873
v -0.02374438568949701 0.06785780191421513 -0.02853335253894329
v -0.03103676252067091 0.06486272811889653 -0.026931656524538994
v -0.03103676252067091 0.06778936088085179 -0.020541800186038017
v -0.03103676252067091 0.06778936088085179 -0.020541800186038017
v -0.03103676252067091 0.06486272811889653 -0.026931656524538994
v -0.037853747606277494 0.06109624728560452 -0.024917496368288994
v -0.037853747606277494 0.06380400806665425 -0.01900543086230755
v -0.037853747606277494 0.06380400806665425 -0.01900543086230755
v -0.037853747606277494 0.06109624728560452 -0.024917496368288994
v -0.04303428158164027 0.05738612264394764 -0.022966040298342705
v -0.037853747606277494 0.06380400806665425 -0.01900543086230755
v -0.04303428158164027 0.05738612264394764 -0.022966040298342705
v -0.0437237620353699 0.05738612264394764 -0.021771801635622978
v 0.042941678315401105 0.05738612264394764 0.02313469536602497
v 0.0375965125858784 0.06391774863004689 0.019219504669308662
v 0.0375965125858784 0.06118283793330197 0.025143848732113838
v 0.0375965125858784 0.06118283793330197 0.025143848732113838
v 0.0375965125858784 0.06391774863004689 0.019219504669308662
v 0.030758850276470205 0.0678675621747971 0.02075563557446003
v 0.030758850276470205 0.06491405516862873 0.02715359814465046
v 0.030758850276470205 0.06491405516862873 0.02715359814465046
v 0.030758850276470205 0.0678675621747971 0.02075563557446003
v 0.023450052365660685 0.07099994271993641 0.021973835304379463
v 0.023450052365660685 0.06787308305501942 0.028747307136654854
v 0.023450052365660685 0.06787308305501942 0.028747307136654854
v 0.023450052365660685 0.07099994271993641 0.021973835304379463
v 0.01578207127749921 0.07326691597700125 0.02285550720989704
v 0.01578207127749921 0.07001459598541264 0.029900776222348213
v 0.01578207127749921 0.07001459598541264 0.029900776222348213
v 0.01578207127749921 0.07326691597700125 0.02285550720989704
v 0.007872355170547967 0.07463374733924871 0.023387180641293526
v 0.007872355170547967 0.07130578905344014 0.03059624321758747
v 0.007872355170547967 0.07130578905344014 0.03059624321758747
v 0.007872355170547967 0.07463374733924871 0.023387180641293526
v -0.00015794170030858379 0.07507951557636267 0.02356051094830036
v -0.00015794170030858379 0.07172688096761708 0.030822979286313057
v -0.00015794170030858379 0.07172688096761708 0.030822979286313057
v -0.00015794170030858379 0.07507951557636267 0.02356051094830036
v -0.008185819722712045 0.07459738105535513 0.023372994735836983
v -0.008185819722712045 0.07127143442630772 0.0305777657777071
v -0.008185819722712045 0.07127143442630772 0.0305777657777071
v -0.008185819722712045 0.07459738105535513 0.023372994735836983
v -0.01608831435441972 0.07319473475217825 0.022827493026852608
v -0.01608831435441972 0.06994641572237019 0.029864059761166573
v -0.01608831435441972 0.06994641572237019 0.029864059761166573
v -0.01608831435441972 0.07319473475217825 0.022827493026852608
v -0.02374438568949701 0.07089306414127354 0.02193235047161579
v -0.02374438568949701 0.0677721202373505 0.028692947700619698
v -0.02374438568949701 0.0677721202373505 0.028692947700619698
v -0.02374438568949701 0.07089306414127354 0.02193235047161579
v -0.03103676252067091 0.06772761791944508 0.020701156929135323
v -0.03103676252067091 0.06478185951709751 0.027082310989499092
v -0.03103676252067091 0.06478185951709751 0.027082310989499092
v -0.03103676252067091 0.06772761791944508 0.020701156929135323
v -0.037853747606277494 0.06374687701463704 0.019152985885739326
v -0.037853747606277494 0.06102142482995991 0.02505694516003132
v -0.037853747606277494 0.06102142482995991 0.02505694516003132
v -0.037853747606277494 0.06374687701463704 0.019152985885739326
v -0.04408571496605876 0.05738612264394764 0.020837055519223213
v -0.037853747606277494 0.06102142482995991 0.02505694516003132
v -0.04408571496605876 0.05738612264394764 0.020837055519223213
v -0.042941678315401105 0.05738612264394764 0.02313469536602497
v 0.03809443116188052 0.05738612264394764 0.030467497184872627
v 0.0375965125858784 0.06118283793330197 0.025143848732113838
v 0.0375965125858784 0.05774094909429554 0.03068755753338337
v 0.0375965125858784 0.05774094909429554 0.03068755753338337
v 0.0375965125858784 0.06118283793330197 0.025143848732113838
v 0.030758850276470205 0.06491405516862873 0.02715359814465046
v 0.030758850276470205 0.06119706854224209 0.03314029052853584
v 0.030758850276470205 0.06119706854224209 0.03314029052853584
v 0.030758850276470205 0.06491405516862873 0.02715359814465046
v 0.023450052365660685 0.06787308305501942 0.028747307136654854
v 0.023450052365660685 0.06393793225288395 0.03508542850613594
v 0.023450052365660685 0.06393793225288395 0.03508542850613594
v 0.023450052365660685 0.06787308305501942 0.028747307136654854
v 0.01578207127749921 0.07001459598541264 0.029900776222348213
v 0.01578207127749921 0.06592154502868657 0.036493171006441116
v 0.01578207127749921 0.06592154502868657 0.036493171006441116
v 0.01578207127749921 0.07001459598541264 0.029900776222348213
v 0.007872355170547967 0.07130578905344014 0.03059624321758747
v 0.007872355170547967 0.06711754202842717 0.03734194114804268
v 0.007872355170547967 0.06711754202842717 0.03734194114804268
v 0.007872355170547967 0.07130578905344014 0.03059624321758747
v -0.00015794170030858379 0.07172688096761708 0.030822979286313057
v -0.00015794170030858379 0.06750758737325672 0.03761874511837959
v -0.00015794170030858379 0.06750758737325672 0.03761874511837959
v -0.00015794170030858379 0.07172688096761708 0.030822979286313057
v -0.008185819722712045 0.07127143442630772 0.0305777657777071
v -0.008185819722712045 0.0670857205986977 0.03731941059231758
v -0.008185819722712045 0.0670857205986977 0.03731941059231758
v -0.008185819722712045 0.07127143442630772 0.0305777657777071
v -0.01608831435441972 0.06994641572237019 0.029864059761166573
v -0.01608831435441972 0.06585839390754704 0.03644834831357002
v -0.01608831435441972 0.06585839390754704 0.03644834831357002
v -0.01608831435441972 0.06994641572237019 0.029864059761166573
v -0.02374438568949701 0.0677721202373505 0.028692947700619698
v -0.02374438568949701 0.06384441256523136 0.035019028931856155
v -0.02374438568949701 0.06384441256523136 0.035019028931856155
v -0.02374438568949701 0.0677721202373505 0.028692947700619698
v -0.03103676252067091 0.06478185951709751 0.027082310989499092
v -0.03103676252067091 0.06107461452484135 0.03305338695645332
v -0.03103676252067091 0.06107461452484135 0.03305338695645332
v -0.03103676252067091 0.06478185951709751 0.027082310989499092
v -0.037853747606277494 0.06102142482995991 0.02505694516003132
v -0.03103676252067091 0.06107461452484135 0.03305338695645332
v -0.037853747606277494 0.06102142482995991 0.02505694516003132
v -0.037853747606277494 0.05759143829345707 0.030581342056393623
v -0.037853747606277494 0.05759143829345707 0.030581342056393623
v -0.037853747606277494 0.06102142482995991 0.02505694516003132
v -0.03897871449589732 0.05738612264394764 0.029435383155941963
v -0.037853747606277494 0.05759143829345707 0.030581342056393623
v -0.03897871449589732 0.05738612264394764 0.029435383155941963
v -0.03809443116188052 0.05738612264394764 0.030467497184872627
v 0.04763744398951534 0.05738612264394764 -0.010717165656387806
v 0.04385830834507945 0.05926286801695828 -0.017254961654543877
v 0.04385830834507945 0.06104332953691487 -0.011626136489212513
v 0.04385830834507945 0.06104332953691487 -0.011626136489212513
v 0.04385830834507945 0.05926286801695828 -0.017254961654543877
v 0.0375965125858784 0.06397507339715962 -0.01907147280871868
v 0.0375965125858784 0.06594296544790272 -0.012850058265030384
v 0.0375965125858784 0.06594296544790272 -0.012850058265030384
v 0.0375965125858784 0.06397507339715962 -0.01907147280871868
v 0.030758850276470205 0.06792946904897694 -0.02059580199420452
v 0.030758850276470205 0.0700546503067017 -0.013877046294510365
v 0.030758850276470205 0.0700546503067017 -0.013877046294510365
v 0.030758850276470205 0.06792946904897694 -0.02059580199420452
v 0.023450052365660685 0.07106548547744755 -0.021804584190249443
v 0.023450052365660685 0.07331540435552603 -0.014691603370010853
v 0.023450052365660685 0.07331540435552603 -0.014691603370010853
v 0.023450052365660685 0.07106548547744755 -0.021804584190249443
v 0.01578207127749921 0.0733350887894631 -0.022679461166262627
v 0.01578207127749921 0.07567527890205389 -0.015281093306839466
v 0.01578207127749921 0.07567527890205389 -0.015281093306839466
v 0.01578207127749921 0.0733350887894631 -0.022679461166262627
v 0.007872355170547967 0.07470350712537771 -0.023206962272524834
v 0.007872355170547967 0.07709813117980963 -0.01563645713031292
v 0.007872355170547967 0.07709813117980963 -0.01563645713031292
v 0.007872355170547967 0.07470350712537771 -0.023206962272524834
v -0.00015794170030858379 0.07514978945255285 -0.02337898127734661
v -0.00015794170030858379 0.07756216078996664 -0.01575244776904583
v -0.00015794170030858379 0.07756216078996664 -0.01575244776904583
v -0.00015794170030858379 0.07514978945255285 -0.02337898127734661
v -0.008185819722712045 0.07466710358858114 -0.02319289557635784
v -0.008185819722712045 0.07706027477979666 -0.015627039596438408
v -0.008185819722712045 0.07706027477979666 -0.015627039596438408
v -0.008185819722712045 0.07466710358858114 -0.02319289557635784
v -0.01608831435441972 0.07326282560825353 -0.022651685401797295
v -0.01608831435441972 0.07560014724731451 -0.015262377448379993
v -0.01608831435441972 0.07560014724731451 -0.015262377448379993
v -0.01608831435441972 0.07326282560825353 -0.022651685401797295
v -0.02374438568949701 0.07095848768949513 -0.021763337776064873
v -0.02374438568949701 0.07320414483547216 -0.01466382760554552
v -0.02374438568949701 0.07320414483547216 -0.01466382760554552
v -0.02374438568949701 0.07095848768949513 -0.021763337776064873
v -0.03103676252067091 0.06778936088085179 -0.020541800186038017
v -0.03103676252067091 0.06990896910429005 -0.013840687461197376
v -0.03103676252067091 0.06990896910429005 -0.013840687461197376
v -0.03103676252067091 0.06778936088085179 -0.020541800186038017
v -0.037853747606277494 0.06380400806665425 -0.01900543086230755
v -0.037853747606277494 0.06576509773731236 -0.012805593200027943
v -0.037853747606277494 0.06576509773731236 -0.012805593200027943
v -0.037853747606277494 0.06380400806665425 -0.01900543086230755
v -0.04409092664718631 0.05906346440315251 -0.017178071662783623
v -0.04409092664718631 0.06083599478006367 -0.011574399657547474
v -0.04409092664718631 0.06083599478006367 -0.011574399657547474
v -0.04409092664718631 0.05906346440315251 -0.017178071662783623
v -0.046067863702774076 0.05738612264394764 -0.016233695670962334
v -0.046067863702774076 0.05738612264394764 -0.016233695670962334
v 0.04771362245082859 0.05738612264394764 -0.010449421592056751
v 0.04385830834507945 0.06104332953691487 -0.011626136489212513
v 0.04385830834507945 0.06211892515420918 -0.005821240600198507
v 0.04385830834507945 0.06211892515420918 -0.005821240600198507
v 0.04385830834507945 0.06104332953691487 -0.011626136489212513
v 0.0375965125858784 0.06594296544790272 -0.012850058265030384
v 0.0375965125858784 0.06713178753852848 -0.006434095557779074
v 0.0375965125858784 0.06713178753852848 -0.006434095557779074
v 0.0375965125858784 0.06594296544790272 -0.012850058265030384
v 0.030758850276470205 0.0700546503067017 -0.013877046294510365
v 0.030758850276470205 0.07133849710226063 -0.006948245223611593
v 0.030758850276470205 0.07133849710226063 -0.006948245223611593
v 0.030758850276470205 0.0700546503067017 -0.013877046294510365
v 0.023450052365660685 0.07331540435552603 -0.014691603370010853
v 0.023450052365660685 0.07467459887266165 -0.007356179412454367
v 0.023450052365660685 0.07467459887266165 -0.007356179412454367
v 0.023450052365660685 0.07331540435552603 -0.014691603370010853
v 0.01578207127749921 0.07567527890205389 -0.015281093306839466
v 0.01578207127749921 0.07708901166915899 -0.00765122240409255
v 0.01578207127749921 0.07708901166915899 -0.00765122240409255
v 0.01578207127749921 0.07567527890205389 -0.015281093306839466
v 0.007872355170547967 0.07709813117980963 -0.01563645713031292
v 0.007872355170547967 0.07854474335908895 -0.00782920140773058
v 0.007872355170547967 0.07854474335908895 -0.00782920140773058
v 0.007872355170547967 0.07709813117980963 -0.01563645713031292
v -0.00015794170030858379 0.07756216078996664 -0.01575244776904583
v -0.00015794170030858379 0.07901950180530554 -0.00788725633174181
v -0.00015794170030858379 0.07901950180530554 -0.00788725633174181
v -0.00015794170030858379 0.07756216078996664 -0.01575244776904583
v -0.008185819722712045 0.07706027477979666 -0.015627039596438408
v -0.008185819722712045 0.07850601524114614 -0.007824552245438099
v -0.008185819722712045 0.07850601524114614 -0.007824552245438099
v -0.008185819722712045 0.07706027477979666 -0.015627039596438408
v -0.01608831435441972 0.07560014724731451 -0.015262377448379993
v -0.01608831435441972 0.07701214402914053 -0.007641924079507589
v -0.01608831435441972 0.07701214402914053 -0.007641924079507589
v -0.01608831435441972 0.07560014724731451 -0.015262377448379993
v -0.02374438568949701 0.07320414483547216 -0.01466382760554552
v -0.02374438568949701 0.07456076890230184 -0.007342231925576925
v -0.02374438568949701 0.07456076890230184 -0.007342231925576925
v -0.02374438568949701 0.07320414483547216 -0.01466382760554552
v -0.03103676252067091 0.06990896910429005 -0.013840687461197376
v -0.03103676252067091 0.07118944823741917 -0.0069301254115998745
v -0.03103676252067091 0.07118944823741917 -0.0069301254115998745
v -0.03103676252067091 0.06990896910429005 -0.013840687461197376
v -0.037853747606277494 0.06576509773731236 -0.012805593200027943
v -0.037853747606277494 0.06694980710744862 -0.006411803420633078
v -0.037853747606277494 0.06694980710744862 -0.006411803420633078
v -0.037853747606277494 0.06576509773731236 -0.012805593200027943
v -0.04409092664718631 0.06083599478006367 -0.011574399657547474
v -0.04409092664718631 0.06190679967403416 -0.005795252975076437
v -0.04409092664718631 0.06190679967403416 -0.005795252975076437
v -0.04409092664718631 0.06083599478006367 -0.011574399657547474
v -0.04771362245082859 0.05738612264394764 -0.010449421592056751
v -0.04771362245082859 0.05738612264394764 -0.010449421592056751
v 0.04863609373569492 0.05738612264394764 -0.004506838973611593
v 0.04385830834507945 0.06211892515420918 -0.005821240600198507
v 0.04385830834507945 0.06247336417436604 7.187080336734653e-05
v 0.04385830834507945 0.06247336417436604 7.187080336734653e-05
v 0.04385830834507945 0.06211892515420918 -0.005821240600198507
v 0.0375965125858784 0.06713178753852848 -0.006434095557779074
v 0.0375965125858784 0.06752353906631474 7.938098860904574e-05
v 0.0375965125858784 0.06752353906631474 7.938098860904574e-05
v 0.0375965125858784 0.06713178753852848 -0.006434095557779074
v 0.030758850276470205 0.07133849710226063 -0.006948245223611593
v 0.030758850276470205 0.07176155596971516 8.569908095523715e-05
v 0.030758850276470205 0.07176155596971516 8.569908095523715e-05
v 0.030758850276470205 0.07133849710226063 -0.006948245223611593
v 0.023450052365660685 0.07467459887266165 -0.007356179412454367
v 0.023450052365660685 0.07512249797582632 9.070587111636996e-05
v 0.023450052365660685 0.07512249797582632 9.070587111636996e-05
v 0.023450052365660685 0.07467459887266165 -0.007356179412454367
v 0.01578207127749921 0.07708901166915899 -0.00765122240409255
v 0.01578207127749921 0.07755487412214285 9.440135909244418e-05
v 0.01578207127749921 0.07755487412214285 9.440135909244418e-05
v 0.01578207127749921 0.07708901166915899 -0.00765122240409255
v 0.007872355170547967 0.07854474335908895 -0.00782920140773058
v 0.007872355170547967 0.07902144640684133 9.654712630435824e-05
v 0.007872355170547967 0.07902144640684133 9.654712630435824e-05
v 0.007872355170547967 0.07854474335908895 -0.00782920140773058
v -0.00015794170030858379 0.07901950180530554 -0.00788725633174181
v -0.00015794170030858379 0.07949973642826086 9.726238204166293e-05
v -0.00015794170030858379 0.07949973642826086 9.726238204166293e-05
v -0.00015794170030858379 0.07901950180530554 -0.00788725633174181
v -0.008185819722712045 0.07850601524114614 -0.007824552245438099
v -0.008185819722712045 0.07898242771625524 9.654712630435824e-05
v -0.008185819722712045 0.07898242771625524 9.654712630435824e-05
v -0.008185819722712045 0.07850601524114614 -0.007824552245438099
v -0.01608831435441972 0.07701214402914053 -0.007641924079507589
v -0.01608831435441972 0.07747743278741842 9.42821498028934e-05
v -0.01608831435441972 0.07747743278741842 9.42821498028934e-05
v -0.01608831435441972 0.07701214402914053 -0.007641924079507589
v -0.02374438568949701 0.07456076890230184 -0.007342231925576925
v -0.02374438568949701 0.07500781863927847 9.058666182681918e-05
v -0.02374438568949701 0.07500781863927847 9.058666182681918e-05
v -0.02374438568949701 0.07456076890230184 -0.007342231925576925
v -0.03103676252067091 0.07118944823741917 -0.0069301254115998745
v -0.03103676252067091 0.07161140441894535 8.546066237613559e-05
v -0.03103676252067091 0.07161140441894535 8.546066237613559e-05
v -0.03103676252067091 0.07118944823741917 -0.0069301254115998745
v -0.037853747606277494 0.06694980710744862 -0.006411803420633078
v -0.037853747606277494 0.06734021008014683 7.914257002994418e-05
v -0.037853747606277494 0.06734021008014683 7.914257002994418e-05
v -0.037853747606277494 0.06694980710744862 -0.006411803420633078
v -0.04409092664718631 0.06190679967403416 -0.005795252975076437
v -0.04409092664718631 0.06225965917110447 7.151317549869418e-05
v -0.04409092664718631 0.06225965917110447 7.151317549869418e-05
v -0.04409092664718631 0.06190679967403416 -0.005795252975076437
v -0.04863609373569492 0.05738612264394764 -0.004506838973611593
v -0.04863609373569492 0.05738612264394764 -0.004506838973611593
v 0.04882128909230236 0.05738612264394764 0.0015041704755276442
v 0.04385830834507945 0.06247336417436604 7.187080336734653e-05
v 0.04385830834507945 0.06210128217935566 0.005963789764791727
v 0.04385830834507945 0.06210128217935566 0.005963789764791727
v 0.04385830834507945 0.06247336417436604 7.187080336734653e-05
v 0.0375965125858784 0.06752353906631474 7.938098860904574e-05
v 0.0375965125858784 0.06711228936910633 0.006591665092855692
v 0.0375965125858784 0.06711228936910633 0.006591665092855692
v 0.0375965125858784 0.06752353906631474 7.938098860904574e-05
v 0.030758850276470205 0.07176155596971516 8.569908095523715e-05
v 0.030758850276470205 0.07131743431091313 0.007118450943380594
v 0.030758850276470205 0.07131743431091313 0.007118450943380594
v 0.030758850276470205 0.07176155596971516 8.569908095523715e-05
v 0.023450052365660685 0.07512249797582632 9.070587111636996e-05
v 0.023450052365660685 0.07465230673551565 0.0075362795032560825
v 0.023450052365660685 0.07465230673551565 0.0075362795032560825
v 0.023450052365660685 0.07512249797582632 9.070587111636996e-05
v 0.01578207127749921 0.07755487412214285 9.440135909244418e-05
v 0.01578207127749921 0.07706581801176077 0.007838713936507702
v 0.01578207127749921 0.07706581801176077 0.007838713936507702
v 0.01578207127749921 0.07755487412214285 9.440135909244418e-05
v 0.007872355170547967 0.07902144640684133 9.654712630435824e-05
v 0.007872355170547967 0.07852101325988775 0.008020984940230846
v 0.007872355170547967 0.07852101325988775 0.008020984940230846
v 0.007872355170547967 0.07902144640684133 9.654712630435824e-05
v -0.00015794170030858379 0.07949973642826086 9.726238204166293e-05
v -0.00015794170030858379 0.07899559289217001 0.008080470375716686
v -0.00015794170030858379 0.07899559289217001 0.008080470375716686
v -0.00015794170030858379 0.07949973642826086 9.726238204166293e-05
v -0.008185819722712045 0.07898242771625524 9.654712630435824e-05
v -0.008185819722712045 0.07848229259252554 0.008016097359359264
v -0.008185819722712045 0.07848229259252554 0.008016097359359264
v -0.008185819722712045 0.07898242771625524 9.654712630435824e-05
v -0.01608831435441972 0.07747743278741842 9.42821498028934e-05
v -0.01608831435441972 0.07698898017406469 0.007829057984054089
v -0.01608831435441972 0.07698898017406469 0.007829057984054089
v -0.01608831435441972 0.07747743278741842 9.42821498028934e-05
v -0.02374438568949701 0.07500781863927847 9.058666182681918e-05
v -0.02374438568949701 0.07453851401805883 0.007521974388509989
v -0.02374438568949701 0.07453851401805883 0.007521974388509989
v -0.02374438568949701 0.07500781863927847 9.058666182681918e-05
v -0.03103676252067091 0.07161140441894535 8.546066237613559e-05
v -0.03103676252067091 0.07116844505071644 0.007099854294210672
v -0.03103676252067091 0.07116844505071644 0.007099854294210672
v -0.03103676252067091 0.07161140441894535 8.546066237613559e-05
v -0.037853747606277494 0.06734021008014683 7.914257002994418e-05
v -0.037853747606277494 0.06693037599325184 0.006568776909261942
v -0.037853747606277494 0.06693037599325184 0.006568776909261942
v -0.037853747606277494 0.06734021008014683 7.914257002994418e-05
v -0.04409092664718631 0.06225965917110447 7.151317549869418e-05
v -0.04409092664718631 0.061889231204986614 0.005937206093221903
v -0.04409092664718631 0.061889231204986614 0.005937206093221903
v -0.04409092664718631 0.06225965917110447 7.151317549869418e-05
v -0.04882128909230236 0.05738612264394764 0.0015041704755276442
v -0.04882128909230236 0.05738612264394764 0.0015041704755276442
v 0.048266403377056157 0.05738612264394764 0.007492291275411844
v 0.04385830834507945 0.06210128217935566 0.005963789764791727
v 0.04385830834507945 0.06100830808281903 0.011765467934310436
v 0.04385830834507945 0.06100830808281903 0.011765467934310436
v 0.04385830834507945 0.06210128217935566 0.005963789764791727
v 0.0375965125858784 0.06711228936910633 0.006591665092855692
v 0.0375965125858784 0.0659042596817017 0.013004052452743053
v 0.0375965125858784 0.0659042596817017 0.013004052452743053
v 0.0375965125858784 0.06711228936910633 0.006591665092855692
v 0.030758850276470205 0.07131743431091313 0.007118450943380594
v 0.030758850276470205 0.07001285254955296 0.014043438248336315
v 0.030758850276470205 0.07001285254955296 0.014043438248336315
v 0.030758850276470205 0.07131743431091313 0.007118450943380594
v 0.023450052365660685 0.07465230673551565 0.0075362795032560825
v 0.023450052365660685 0.0732711479067803 0.014867651276290417
v 0.023450052365660685 0.0732711479067803 0.014867651276290417
v 0.023450052365660685 0.07465230673551565 0.0075362795032560825
v 0.01578207127749921 0.07706581801176077 0.007838713936507702
v 0.01578207127749921 0.0756292492151261 0.015464174561202526
v 0.01578207127749921 0.0756292492151261 0.015464174561202526
v 0.01578207127749921 0.07706581801176077 0.007838713936507702
v 0.007872355170547967 0.07852101325988775 0.008020984940230846
v 0.007872355170547967 0.07705102860927587 0.01582382805645466
v 0.007872355170547967 0.07705102860927587 0.01582382805645466
v 0.007872355170547967 0.07852101325988775 0.008020984940230846
v -0.00015794170030858379 0.07899559289217001 0.008080470375716686
v -0.00015794170030858379 0.07751471549272543 0.015941129997372627
v -0.00015794170030858379 0.07751471549272543 0.015941129997372627
v -0.00015794170030858379 0.07899559289217001 0.008080470375716686
v -0.008185819722712045 0.07848229259252554 0.008016097359359264
v -0.008185819722712045 0.07701320201158529 0.015814291313290596
v -0.008185819722712045 0.07701320201158529 0.015814291313290596
v -0.008185819722712045 0.07848229259252554 0.008016097359359264
v -0.01608831435441972 0.07698898017406469 0.007829057984054089
v -0.01608831435441972 0.07555416971445089 0.015445220284163952
v -0.01608831435441972 0.07555416971445089 0.015445220284163952
v -0.01608831435441972 0.07698898017406469 0.007829057984054089
v -0.02374438568949701 0.07453851401805883 0.007521974388509989
v -0.02374438568949701 0.073159970343113 0.014839517883956432
v -0.02374438568949701 0.073159970343113 0.014839517883956432
v -0.02374438568949701 0.07453851401805883 0.007521974388509989
v -0.03103676252067091 0.07116844505071644 0.007099854294210672
v -0.03103676252067091 0.06986727565526966 0.014006602577865124
v -0.03103676252067091 0.06986727565526966 0.014006602577865124
v -0.03103676252067091 0.07116844505071644 0.007099854294210672
v -0.037853747606277494 0.06693037599325184 0.006568776909261942
v -0.037853747606277494 0.06572652608156208 0.012959110550582409
v -0.037853747606277494 0.06572652608156208 0.012959110550582409
v -0.037853747606277494 0.06693037599325184 0.006568776909261942
v -0.04409092664718631 0.061889231204986614 0.005937206093221903
v -0.04409092664718631 0.060801129788160366 0.011713015846908092
v -0.04409092664718631 0.060801129788160366 0.011713015846908092
v -0.04409092664718631 0.061889231204986614 0.005937206093221903
v -0.048266403377056157 0.05738612264394764 0.007492291275411844
v -0.048266403377056157 0.05738612264394764 0.007492291275411844
v 0.046979848295450245 0.05738612264394764 0.013366925530135632
v 0.04385830834507945 0.06100830808281903 0.011765467934310436
v 0.04385830834507945 0.05921100080013279 0.017388926818966866
v 0.04385830834507945 0.05921100080013279 0.017388926818966866
v 0.04385830834507945 0.06100830808281903 0.011765467934310436
v 0.0375965125858784 0.0659042596817017 0.013004052452743053
v 0.0375965125858784 0.06391774863004689 0.019219504669308662
v 0.0375965125858784 0.06391774863004689 0.019219504669308662
v 0.0375965125858784 0.0659042596817017 0.013004052452743053
v 0.030758850276470205 0.07001285254955296 0.014043438248336315
v 0.030758850276470205 0.0678675621747971 0.02075563557446003
v 0.030758850276470205 0.0678675621747971 0.02075563557446003
v 0.030758850276470205 0.07001285254955296 0.014043438248336315
v 0.023450052365660685 0.0732711479067803 0.014867651276290417
v 0.023450052365660685 0.07099994271993641 0.021973835304379463
v 0.023450052365660685 0.07099994271993641 0.021973835304379463
v 0.023450052365660685 0.0732711479067803 0.014867651276290417
v 0.01578207127749921 0.0756292492151261 0.015464174561202526
v 0.01578207127749921 0.07326691597700125 0.02285550720989704
v 0.01578207127749921 0.07326691597700125 0.02285550720989704
v 0.01578207127749921 0.0756292492151261 0.015464174561202526
v 0.007872355170547967 0.07705102860927587 0.01582382805645466
v 0.007872355170547967 0.07463374733924871 0.023387180641293526
v 0.007872355170547967 0.07463374733924871 0.023387180641293526
v 0.007872355170547967 0.07705102860927587 0.01582382805645466
v -0.00015794170030858379 0.07751471549272543 0.015941129997372627
v -0.00015794170030858379 0.07507951557636267 0.02356051094830036
v -0.00015794170030858379 0.07507951557636267 0.02356051094830036
v -0.00015794170030858379 0.07751471549272543 0.015941129997372627
v -0.008185819722712045 0.07701320201158529 0.015814291313290596
v -0.008185819722712045 0.07459738105535513 0.023372994735836983
v -0.008185819722712045 0.07459738105535513 0.023372994735836983
v -0.008185819722712045 0.07701320201158529 0.015814291313290596
v -0.01608831435441972 0.07555416971445089 0.015445220284163952
v -0.01608831435441972 0.07319473475217825 0.022827493026852608
v -0.01608831435441972 0.07319473475217825 0.022827493026852608
v -0.01608831435441972 0.07555416971445089 0.015445220284163952
v -0.02374438568949701 0.073159970343113 0.014839517883956432
v -0.02374438568949701 0.07089306414127354 0.02193235047161579
v -0.02374438568949701 0.07089306414127354 0.02193235047161579
v -0.02374438568949701 0.073159970343113 0.014839517883956432
v -0.03103676252067091 0.06986727565526966 0.014006602577865124
v -0.03103676252067091 0.06772761791944508 0.020701156929135323
v -0.03103676252067091 0.06772761791944508 0.020701156929135323
v -0.03103676252067091 0.06986727565526966 0.014006602577865124
v -0.037853747606277494 0.06572652608156208 0.012959110550582409
v -0.037853747606277494 0.06374687701463704 0.019152985885739326
v -0.037853747606277494 0.06374687701463704 0.019152985885739326
v -0.037853747606277494 0.06572652608156208 0.012959110550582409
v -0.04409092664718631 0.060801129788160366 0.011713015846908092
v -0.04409092664718631 0.05901182815432553 0.017311440780758858
v -0.04409092664718631 0.05901182815432553 0.017311440780758858
v -0.04409092664718631 0.060801129788160366 0.011713015846908092
v -0.046979848295450245 0.05738612264394764 0.013366925530135632
v -0.046979848295450245 0.05738612264394764 0.013366925530135632
v -0.04059805721044543 0.012667071074247369 0.05700002983212471
v -0.04111856222152713 0.010913047939538963 0.05700002983212471
v -0.02897777408361437 0.007764571346342569 0.05700002983212471
v 0.02897777408361437 -0.007764571346342569 0.05700002983212471
v 0.04241954535245898 -0.0073831267654895835 0.05700002983212471
v 0.029999999329447767 -2.374872520860551e-11 0.05700002983212471
v 0.04268733412027362 -0.0024695072788745182 0.05700002983212471
v 0.04250541329383853 0.0024568056687712687 0.05700002983212471
v 0.04247241839766505 0.0027114534750580805 0.05700002983212471
v 0.04186723753809932 0.007382142823189502 0.05700002983212471
v 0.02897777408361437 0.007764571346342569 0.05700002983212471
v 0.04155138880014422 0.00901806447654963 0.05700002983212471
v 0.04061028733849528 0.01266847178339959 0.05700002983212471
v -0.03587923571467402 -0.028074402362108248 0.05700002983212471
v -0.03530096635222437 -0.028987761586904547 0.05700002983212471
v -0.021213203668594374 -0.021213203668594374 0.05700002983212471
v -0.04242042452096942 -0.007305770181119447 0.05700002983212471
v -0.02897777408361437 -0.007764571346342569 0.05700002983212471
v -0.04247310012578967 -0.006820324342697863 0.05700002983212471
v -0.029999999329447767 -2.374872520860551e-11 0.05700002983212471
v -0.04268927127122882 -0.001865529804490508 0.05700002983212471
v -0.04225870594382289 -0.008796034380793577 0.05700002983212471
v -0.041416212916374234 -0.013634419068694123 0.05700002983212471
v -0.025980761274695414 -0.014999999664723884 0.05700002983212471
v -0.04043571278452876 -0.017254874110221873 0.05700002983212471
v -0.04013605415821078 -0.01836134865880014 0.05700002983212471
v -0.041772659868001966 0.00790165644139052 0.05700002983212471
v -0.04245338216423991 0.003045621095225217 0.05700002983212471
v -0.04246941953897479 0.0027117158751934784 0.05700002983212471
v -0.025980761274695414 0.014999999664723884 0.05700002983212471
v -0.03529841825366022 0.025026138871908205 0.05700002983212471
v -0.03581596538424494 0.02419607713818552 0.05700002983212471
v -0.018134703859686862 0.04183411970734599 0.05700002983212471
v -0.01954542659223081 0.04097892343997958 0.05700002983212471
v -0.007764571346342569 0.02897777408361437 0.05700002983212471
v 0.014999999664723884 -0.025980763137340563 0.05700002983212471
v 0.02623440138995649 -0.04004845023155215 0.05700002983212471
v 0.028142446652054804 -0.03829378262162211 0.05700002983212471
v 0.029789507389068624 -0.03647041693329814 0.05700002983212471
v 0.031173521652817747 -0.034938253462314627 0.05700002983212471
v 0.021213203668594374 -0.021213203668594374 0.05700002983212471
v 0.03389630466699602 -0.03127612918615343 0.05700002983212471
v 0.035302896052598974 -0.028960326686501524 0.05700002983212471
v -0.01873499341309072 -0.045499999076128034 0.05700002983212471
v 0.01873499341309072 -0.045499999076128034 0.05700002983212471
v 0.007764571346342569 -0.02897777594625952 0.05700002983212471
v 0.02171079255640508 -0.04364776238799098 0.05700002983212471
v 0.02519433945417406 -0.04100491106510165 0.05700002983212471
v -0.029240958392620107 -0.03715192526578906 0.05700002983212471
v -0.026227850466966646 -0.04008843749761584 0.05700002983212471
v -0.014999999664723884 -0.025980763137340563 0.05700002983212471
v -0.03841711580753329 -0.022959874942898764 0.05700002983212471
v -0.038046464323997525 -0.023803807795047777 0.05700002983212471
v -0.03641589730978014 -0.02701689302921297 0.05700002983212471
v -0.03671170398592952 0.022443961352109923 0.05700002983212471
v -0.03797395527362826 0.01997492276132108 0.05700002983212471
v -0.03974429890513423 0.015544111840426932 0.05700002983212471
v -0.033800244331359884 0.027428967878222483 0.05700002983212471
v -0.021213203668594374 0.021213201805949225 0.05700002983212471
v -0.031075555831193945 0.031068043783307096 0.05700002983212471
v 0.004828368313610557 0.046228252351284055 0.05700002983212471
v 0.0035175913944840453 0.04632918909192088 0.05700002983212471
v -3.0967153974702815e-17 0.029999999329447767 0.05700002983212471
v 0.0007781533640809363 0.04654014483094218 0.05700002983212471
v -0.0032800978515297196 0.04640090093016627 0.05700002983212471
v 0.024984620511531847 0.037190761417150525 0.05700002983212471
v 0.021432824432849898 0.039846349507570294 0.05700002983212471
v 0.014999999664723884 0.025980761274695414 0.05700002983212471
v 0.01953443326056005 0.04097889363765719 0.05700002983212471
v 0.007764571346342569 0.02897777408361437 0.05700002983212471
v 0.03972623497247699 -0.01958534494042398 0.05700002983212471
v 0.040421001613140134 -0.017253370955586444 0.05700002983212471
v 0.025980761274695414 -0.014999999664723884 0.05700002983212471
v 0.041104182600975064 -0.014960280619561683 0.05700002983212471
v 0.04206502065062526 -0.010175035335123546 0.05700002983212471
v 0.03630198538303377 -0.02731543406844141 0.05700002983212471
v 0.03644961118698122 -0.027020145207643526 0.05700002983212471
v 0.03793934360146525 -0.02404031530022623 0.05700002983212471
v -0.0333405025303364 -0.03208425268530848 0.05700002983212471
v -0.030435383319854757 -0.035816870629787466 0.05700002983212471
v -0.029847806319594404 -0.03647362813353541 0.05700002983212471
v 1.0666210275921194e-17 -0.030000001192092916 0.05700002983212471
v -0.007764571346342569 -0.02897777594625952 0.05700002983212471
v -0.02248894423246385 -0.043104484677314786 0.05700002983212471
v -0.025992918759584444 -0.04031739756464961 0.05700002983212471
v -0.014999999664723884 0.025980761274695414 0.05700002983212471
v -0.021604221314191832 0.03973086178302768 0.05700002983212471
v -0.024787504225969332 0.037353422492742566 0.05700002983212471
v -0.0035161417908966563 0.04636628925800326 0.05700002983212471
v -0.007342025637626653 0.04580527544021609 0.05700002983212471
v -0.010343338362872607 0.045063525438308744 0.05700002983212471
v -0.010657186619937427 0.044953584671020536 0.05700002983212471
v 0.01813839003443719 0.04181174561381343 0.05700002983212471
v 0.017654288560152064 0.04210054874420169 0.05700002983212471
v 0.014007791876792916 0.043792802840471295 0.05700002983212471
v -0.026237826794385927 0.03603843227028849 0.05700002983212471
v -0.028068384155631083 0.03437868505716326 0.05700002983212471
v -0.03030010499060156 0.03192175179719927 0.05700002983212471
v -0.014233910478651532 0.04370066523551944 0.05700002983212471
v -0.017990294843912135 0.04192166030406955 0.05700002983212471
v 0.021213203668594374 0.021213201805949225 0.05700002983212471
v 0.030292542651295683 0.03192131593823435 0.05700002983212471
v 0.028035975992679613 0.034411054104566595 0.05700002983212471
v 0.02623576484620573 0.0360510013997555 0.05700002983212471
v 0.03661419078707698 0.022745104506611838 0.05700002983212471
v 0.03530538082122805 0.02493828348815443 0.05700002983212471
v 0.025980761274695414 0.014999999664723884 0.05700002983212471
v 0.03396439552307131 0.027185384184122103 0.05700002983212471
v 0.031170299276709577 0.030952859669923803 0.05700002983212471
v 0.04033064097166064 0.013753180392086515 0.05700002983212471
v 0.03868468478322032 0.018334574997425093 0.05700002983212471
v 0.03675362467765811 0.022448079660534873 0.05700002983212471
v 0.010658810846507556 0.044939413666725186 0.05700002983212471
v 0.01005375478416682 0.045146573334932355 0.05700002983212471
v 0.005986038129776721 0.04605554416775706 0.05700002983212471
v -6.1232334357452306e-18 -0.045499999076128034 -0.049999963492155075
v 0.007373297587037092 -0.045499999076128034 -0.05954517051577568
v 0.010395584627985961 -0.045499999076128034 -0.048907410353422165
v 0.014634823426604281 -0.045499999076128034 -0.058187853544950485
v 0.020336832851171507 -0.045499999076128034 -0.045677315443754196
v -0.020336832851171507 -0.045499999076128034 0.045677293092012405
v -0.010395584627985961 -0.045499999076128034 0.048907388001680374
v -0.01873499341309072 -0.045499999076128034 0.05700002983212471
v 9.902764214161148e-25 -0.045499999076128034 0.050000060349702835
v 0.01873499341309072 -0.045499999076128034 0.05700002983212471
v 0.010395584627985961 -0.045499999076128034 0.048907388001680374
v 0.0250776205211878 -0.045499999076128034 0.05450795963406563
v 0.020336832851171507 -0.045499999076128034 0.045677293092012405
v 0.031585928052663824 -0.045499999076128034 0.05101298168301582
v 0.029389262199401876 -0.045499999076128034 0.0404508002102375
v 0.04330126941204074 -0.045499999076128034 0.024999963119626045
v 0.04788103327155117 -0.045499999076128034 0.03615807369351387
v 0.037157241255044965 -0.045499999076128034 0.033456552773714066
v 0.04307471588253978 -0.045499999076128034 0.041768062859773636
v 0.03761542961001399 -0.045499999076128034 0.04674481227993965
v 0.021674500778317465 -0.045499999076128034 -0.05594838783144951
v 0.028385613113641756 -0.045499999076128034 -0.052860748022794724
v 0.029389262199401876 -0.045499999076128034 -0.040450822561979294
v -0.010395584627985961 -0.045499999076128034 -0.048907410353422165
v -0.007373297587037092 -0.045499999076128034 -0.05954517051577568
v 1.202138358218927e-17 -0.045499999076128034 -0.05999995395541191
v 0.034666430205106756 -0.045499999076128034 -0.04897178336977959
v 0.04042173922061923 -0.045499999076128034 -0.044340502470731735
v 0.037157241255044965 -0.045499999076128034 -0.033456575125455856
v 0.04556429386138919 -0.045499999076128034 -0.03903711959719658
v 0.04330126941204074 -0.045499999076128034 -0.024999989196658134
v -0.0250776205211878 -0.045499999076128034 0.05450795963406563
v -0.031585928052663824 -0.045499999076128034 0.05101298168301582
v -0.029389262199401876 -0.045499999076128034 0.0404508002102375
v -0.03761542961001399 -0.045499999076128034 0.04674481227993965
v -0.037157241255044965 -0.045499999076128034 0.033456552773714066
v 0.049726095050573384 -0.045499999076128034 -0.005226386245340109
v 0.05997154489159588 -0.045499999076128034 0.0018477316480129957
v 0.049726095050573384 -0.045499999076128034 0.005226480308920145
v 0.059289928525686306 -0.045499999076128034 0.009203541092574596
v 0.04755282402038578 -0.045499999076128034 0.015450823120772839
v -0.029389262199401876 -0.045499999076128034 -0.040450822561979294
v -0.028385613113641756 -0.045499999076128034 -0.052860748022794724
v -0.020336832851171507 -0.045499999076128034 -0.045677315443754196
v -0.021674500778317465 -0.045499999076128034 -0.05594838783144951
v -0.014634823426604281 -0.045499999076128034 -0.058187853544950485
v 0.04755282402038578 -0.045499999076128034 -0.015450847335159779
v 0.05861089751124386 -0.045499999076128034 -0.012835991568863392
v 0.05974404886364941 -0.045499999076128034 -0.0055360919795930386
v 0.05001614242792133 -0.045499999076128034 -0.033141862601041794
v 0.053709797561168705 -0.045499999076128034 -0.026744259521365166
v 0.05658926442265514 -0.045499999076128034 -0.019941342994570732
v 0.05770953744649891 -0.045499999076128034 0.016419755294919014
v 0.0552543327212334 -0.045499999076128034 0.023387180641293526
v 0.05196152254939083 -0.045499999076128034 0.029999958351254463
v -0.037157241255044965 -0.045499999076128034 -0.033456575125455856
v -0.04042173922061923 -0.045499999076128034 -0.044340502470731735
v -0.034666430205106756 -0.045499999076128034 -0.04897178336977959
v -0.04330126941204074 -0.045499999076128034 -0.024999989196658134
v -0.05001614242792133 -0.045499999076128034 -0.033141862601041794
v -0.04556429386138919 -0.045499999076128034 -0.03903711959719658
v -0.049726095050573384 -0.045499999076128034 -0.005226386245340109
v -0.05861089751124386 -0.045499999076128034 -0.012835991568863392
v -0.04755282402038578 -0.045499999076128034 -0.015450847335159779
v -0.05658926442265514 -0.045499999076128034 -0.019941342994570732
v -0.053709797561168705 -0.045499999076128034 -0.026744259521365166
v -0.049726095050573384 -0.045499999076128034 0.005226480308920145
v -0.05997154489159588 -0.045499999076128034 0.0018477316480129957
v -0.05974404886364941 -0.045499999076128034 -0.0055360919795930386
v -0.04330126941204074 -0.045499999076128034 0.024999963119626045
v -0.0552543327212334 -0.045499999076128034 0.023387180641293526
v -0.04755282402038578 -0.045499999076128034 0.015450823120772839
v -0.05770953744649891 -0.045499999076128034 0.016419755294919014
v -0.059289928525686306 -0.045499999076128034 0.009203541092574596
v -0.04307471588253978 -0.045499999076128034 0.041768062859773636
v -0.04788103327155117 -0.045499999076128034 0.03615807369351387
v -0.05196152254939083 -0.045499999076128034 0.029999958351254463
v -0.029240958392620107 -0.03715192526578906 0.05700002983212471
v -0.029847806319594404 -0.03647362813353541 0.05700002983212471
v -0.033874358981847784 -0.03647423908114436 0.054708946496248245
v -0.04013605415821078 -0.01836134865880014 0.05700002983212471
v -0.04043571278452876 -0.017254874110221873 0.05700002983212471
v -0.043828193098306684 -0.017258208245038997 0.054465401917696
v -0.04225870594382289 -0.008796034380793577 0.05700002983212471
v -0.04242042452096942 -0.007305770181119447 0.05700002983212471
v -0.04454720392823222 -0.007306028623133903 0.055358994752168655
v -0.04268927127122882 -0.001865529804490508 0.05700002983212471
v -0.04246941953897479 0.0027117158751934784 0.05700002983212471
v -0.044568337500095395 0.0027119591832160967 0.05538522079586983
v 0.01005375478416682 0.045146573334932355 0.05700002983212471
v 0.010658810846507556 0.044939413666725186 0.05700002983212471
v 0.01011081691831351 0.04950182512402538 0.054088104516267776
v 0.017654288560152064 0.04210054874420169 0.05700002983212471
v 0.01813839003443719 0.04181174561381343 0.05700002983212471
v 0.016680974513292323 0.04950182512402538 0.05243562534451485
v 0.03661419078707698 0.022745104506611838 0.05700002983212471
v 0.03675362467765811 0.022448079660534873 0.05700002983212471
v 0.04252456873655322 0.022449582815170302 0.05284546688199043
v 0.04186723753809932 0.007382142823189502 0.05700002983212471
v 0.04247241839766505 0.0027114534750580805 0.05700002983212471
v 0.044568337500095395 0.0027119591832160967 0.05538522079586983
v 0.04268733412027362 -0.0024695072788745182 0.05700002983212471
v 0.04241954535245898 -0.0073831267654895835 0.05700002983212471
v 0.04454720392823222 -0.007306028623133903 0.055358994752168655
v 0.041104182600975064 -0.014960280619561683 0.05700002983212471
v 0.040421001613140134 -0.017253370955586444 0.05700002983212471
v 0.043828193098306684 -0.017258208245038997 0.054465401917696
v 0.02623440138995649 -0.04004845023155215 0.05700002983212471
v 0.02519433945417406 -0.04100491106510165 0.05700002983212471
v 0.0250776205211878 -0.045499999076128034 0.05450795963406563
v 0.0250776205211878 -0.045499999076128034 0.05450795963406563
v 0.02519433945417406 -0.04100491106510165 0.05700002983212471
v 0.02171079255640508 -0.04364776238799098 0.05700002983212471
v 0.0250776205211878 -0.045499999076128034 0.05450795963406563
v 0.02171079255640508 -0.04364776238799098 0.05700002983212471
v 0.01873499341309072 -0.045499999076128034 0.05700002983212471
v 0.028142446652054804 -0.03829378262162211 0.05700002983212471
v 0.028142446652054804 -0.03829378262162211 0.05700002983212471
v 0.0250776205211878 -0.045499999076128034 0.05450795963406563
v 0.031585928052663824 -0.045499999076128034 0.05101298168301582
v 0.028142446652054804 -0.03829378262162211 0.05700002983212471
v 0.031585928052663824 -0.045499999076128034 0.05101298168301582
v 0.029789507389068624 -0.03647041693329814 0.05700002983212471
v 0.04034069925546649 -0.03647423908114436 0.05013154819607735
v 0.035302896052598974 -0.028960326686501524 0.05700002983212471
v 0.033874358981847784 -0.03647423908114436 0.054708946496248245
v 0.033874358981847784 -0.03647423908114436 0.054708946496248245
v 0.035302896052598974 -0.028960326686501524 0.05700002983212471
v 0.03389630466699602 -0.03127612918615343 0.05700002983212471
v 0.033874358981847784 -0.03647423908114436 0.054708946496248245
v 0.03389630466699602 -0.03127612918615343 0.05700002983212471
v 0.031173521652817747 -0.034938253462314627 0.05700002983212471
v 0.03972623497247699 -0.01958534494042398 0.05700002983212471
v 0.03793934360146525 -0.02404031530022623 0.05700002983212471
v 0.04242020845413211 -0.027021266520023363 0.05271576717495918
v 0.04242020845413211 -0.027021266520023363 0.05271576717495918
v 0.03793934360146525 -0.02404031530022623 0.05700002983212471
v 0.03644961118698122 -0.027020145207643526 0.05700002983212471
v 0.03630198538303377 -0.02731543406844141 0.05700002983212471
v 0.041104182600975064 -0.014960280619561683 0.05700002983212471
v 0.043828193098306684 -0.017258208245038997 0.054465401917696
v 0.04206502065062526 -0.010175035335123546 0.05700002983212471
v 0.04268733412027362 -0.0024695072788745182 0.05700002983212471
v 0.04454720392823222 -0.007306028623133903 0.055358994752168655
v 0.04250541329383853 0.0024568056687712687 0.05700002983212471
v 0.03868468478322032 0.018334574997425093 0.05700002983212471
v 0.04033064097166064 0.013753180392086515 0.05700002983212471
v 0.043891329318285016 0.012671630829572686 0.054543960839509964
v 0.043891329318285016 0.012671630829572686 0.054543960839509964
v 0.04033064097166064 0.013753180392086515 0.05700002983212471
v 0.04061028733849528 0.01266847178339959 0.05700002983212471
v 0.04155138880014422 0.00901806447654963 0.05700002983212471
v 0.03661419078707698 0.022745104506611838 0.05700002983212471
v 0.04252456873655322 0.022449582815170302 0.05284546688199043
v 0.03530538082122805 0.02493828348815443 0.05700002983212471
v 0.028035975992679613 0.034411054104566595 0.05700002983212471
v 0.030292542651295683 0.03192131593823435 0.05700002983212471
v 0.03399552032351496 0.03192466497421267 0.05490468814969063
v 0.031170299276709577 0.030952859669923803 0.05700002983212471
v 0.025199245661497133 0.04097947850823405 0.05477224662899971
v 0.01953443326056005 0.04097889363765719 0.05700002983212471
v 0.021432824432849898 0.039846349507570294 0.05700002983212471
v 0.021432824432849898 0.039846349507570294 0.05700002983212471
v 0.024984620511531847 0.037190761417150525 0.05700002983212471
v 0.025199245661497133 0.04097947850823405 0.05477224662899971
v 0.025199245661497133 0.04097947850823405 0.05477224662899971
v 0.024984620511531847 0.037190761417150525 0.05700002983212471
v 0.02623576484620573 0.0360510013997555 0.05700002983212471
v 0.025199245661497133 0.04097947850823405 0.05477224662899971
v 0.02623576484620573 0.0360510013997555 0.05700002983212471
v 0.031739119440317175 0.04097947850823405 0.051260460168123245
v 0.016680974513292323 0.04950182512402538 0.05243562534451485
v 0.01813839003443719 0.04181174561381343 0.05700002983212471
v 0.022998265922069563 0.04950182512402538 0.04998825863003731
v 0.01011081691831351 0.04950182512402538 0.054088104516267776
v 0.010658810846507556 0.044939413666725186 0.05700002983212471
v 0.016680974513292323 0.04950182512402538 0.05243562534451485
v 0.016680974513292323 0.04950182512402538 0.05243562534451485
v 0.010658810846507556 0.044939413666725186 0.05700002983212471
v 0.014007791876792916 0.043792802840471295 0.05700002983212471
v 0.016680974513292323 0.04950182512402538 0.05243562534451485
v 0.014007791876792916 0.043792802840471295 0.05700002983212471
v 0.017654288560152064 0.04210054874420169 0.05700002983212471
v 0.003387388773262503 0.04950182512402538 0.05492066219449043
v 0.004828368313610557 0.046228252351284055 0.05700002983212471
v 0.01011081691831351 0.04950182512402538 0.054088104516267776
v 0.01011081691831351 0.04950182512402538 0.054088104516267776
v 0.004828368313610557 0.046228252351284055 0.05700002983212471
v 0.005986038129776721 0.04605554416775706 0.05700002983212471
v 0.01011081691831351 0.04950182512402538 0.054088104516267776
v 0.005986038129776721 0.04605554416775706 0.05700002983212471
v 0.01005375478416682 0.045146573334932355 0.05700002983212471
v -0.0032800978515297196 0.04640090093016627 0.05700002983212471
v 0.0007781533640809363 0.04654014483094218 0.05700002983212471
v 0.003387388773262503 0.04950182512402538 0.05492066219449043
v 0.003387388773262503 0.04950182512402538 0.05492066219449043
v 0.0007781533640809363 0.04654014483094218 0.05700002983212471
v 0.0035175913944840453 0.04632918909192088 0.05700002983212471
v 0.004828368313610557 0.046228252351284055 0.05700002983212471
v -0.0035161417908966563 0.04636628925800326 0.05700002983212471
v -0.003387388773262503 0.04950182512402538 0.05492066219449043
v -0.007342025637626653 0.04580527544021609 0.05700002983212471
v -0.007342025637626653 0.04580527544021609 0.05700002983212471
v -0.003387388773262503 0.04950182512402538 0.05492066219449043
v -0.01011081691831351 0.04950182512402538 0.054088104516267776
v -0.007342025637626653 0.04580527544021609 0.05700002983212471
v -0.01011081691831351 0.04950182512402538 0.054088104516267776
v -0.010343338362872607 0.045063525438308744 0.05700002983212471
v -0.010343338362872607 0.045063525438308744 0.05700002983212471
v -0.01011081691831351 0.04950182512402538 0.054088104516267776
v -0.010657186619937427 0.044953584671020536 0.05700002983212471
v -0.014233910478651532 0.04370066523551944 0.05700002983212471
v -0.014233910478651532 0.04370066523551944 0.05700002983212471
v -0.01011081691831351 0.04950182512402538 0.054088104516267776
v -0.016680974513292323 0.04950182512402538 0.05243562534451485
v -0.014233910478651532 0.04370066523551944 0.05700002983212471
v -0.016680974513292323 0.04950182512402538 0.05243562534451485
v -0.017990294843912135 0.04192166030406955 0.05700002983212471
v -0.022998265922069563 0.04950182512402538 0.04998825863003731
v -0.01954542659223081 0.04097892343997958 0.05700002983212471
v -0.016680974513292323 0.04950182512402538 0.05243562534451485
v -0.016680974513292323 0.04950182512402538 0.05243562534451485
v -0.01954542659223081 0.04097892343997958 0.05700002983212471
v -0.018134703859686862 0.04183411970734599 0.05700002983212471
v -0.017990294843912135 0.04192166030406955 0.05700002983212471
v -0.021604221314191832 0.03973086178302768 0.05700002983212471
v -0.025199245661497133 0.04097947850823405 0.05477224662899971
v -0.024787504225969332 0.037353422492742566 0.05700002983212471
v -0.024787504225969332 0.037353422492742566 0.05700002983212471
v -0.025199245661497133 0.04097947850823405 0.05477224662899971
v -0.026237826794385927 0.03603843227028849 0.05700002983212471
v -0.028068384155631083 0.03437868505716326 0.05700002983212471
v -0.028068384155631083 0.03437868505716326 0.05700002983212471
v -0.025199245661497133 0.04097947850823405 0.05477224662899971
v -0.031739119440317175 0.04097947850823405 0.051260460168123245
v -0.028068384155631083 0.03437868505716326 0.05700002983212471
v -0.031739119440317175 0.04097947850823405 0.051260460168123245
v -0.03030010499060156 0.03192175179719927 0.05700002983212471
v -0.031075555831193945 0.031068043783307096 0.05700002983212471
v -0.03399552032351496 0.03192466497421267 0.05490468814969063
v -0.033800244331359884 0.027428967878222483 0.05700002983212471
v -0.033800244331359884 0.027428967878222483 0.05700002983212471
v -0.03399552032351496 0.03192466497421267 0.05490468814969063
v -0.03529841825366022 0.025026138871908205 0.05700002983212471
v -0.03581596538424494 0.02419607713818552 0.05700002983212471
v -0.03581596538424494 0.02419607713818552 0.05700002983212471
v -0.03399552032351496 0.03192466497421267 0.05490468814969063
v -0.040484990924596814 0.03192466497421267 0.05031083896756172
v -0.03581596538424494 0.02419607713818552 0.05700002983212471
v -0.040484990924596814 0.03192466497421267 0.05031083896756172
v -0.03671170398592952 0.022443961352109923 0.05700002983212471
v -0.03974429890513423 0.015544111840426932 0.05700002983212471
v -0.03797395527362826 0.01997492276132108 0.05700002983212471
v -0.04252456873655322 0.022449582815170302 0.05284546688199043
v -0.03974429890513423 0.015544111840426932 0.05700002983212471
v -0.04252456873655322 0.022449582815170302 0.05284546688199043
v -0.04059805721044543 0.012667071074247369 0.05700002983212471
v -0.041772659868001966 0.00790165644139052 0.05700002983212471
v -0.04111856222152713 0.010913047939538963 0.05700002983212471
v -0.043891329318285016 0.012671630829572686 0.054543960839509964
v -0.041772659868001966 0.00790165644139052 0.05700002983212471
v -0.043891329318285016 0.012671630829572686 0.054543960839509964
v -0.04245338216423991 0.003045621095225217 0.05700002983212471
v -0.04268927127122882 -0.001865529804490508 0.05700002983212471
v -0.044568337500095395 0.0027119591832160967 0.05538522079586983
v -0.04247310012578967 -0.006820324342697863 0.05700002983212471
v -0.04225870594382289 -0.008796034380793577 0.05700002983212471
v -0.04454720392823222 -0.007306028623133903 0.055358994752168655
v -0.041416212916374234 -0.013634419068694123 0.05700002983212471
v -0.04013605415821078 -0.01836134865880014 0.05700002983212471
v -0.043828193098306684 -0.017258208245038997 0.054465401917696
v -0.03841711580753329 -0.022959874942898764 0.05700002983212471
v -0.03587923571467402 -0.028074402362108248 0.05700002983212471
v -0.03641589730978014 -0.02701689302921297 0.05700002983212471
v -0.04242020845413211 -0.027021266520023363 0.05271576717495918
v -0.038046464323997525 -0.023803807795047777 0.05700002983212471
v -0.04034069925546649 -0.03647423908114436 0.05013154819607735
v -0.033874358981847784 -0.03647423908114436 0.054708946496248245
v -0.03530096635222437 -0.028987761586904547 0.05700002983212471
v -0.030435383319854757 -0.035816870629787466 0.05700002983212471
v -0.033874358981847784 -0.03647423908114436 0.054708946496248245
v -0.030435383319854757 -0.035816870629787466 0.05700002983212471
v -0.0333405025303364 -0.03208425268530848 0.05700002983212471
v -0.033874358981847784 -0.03647423908114436 0.054708946496248245
v -0.0333405025303364 -0.03208425268530848 0.05700002983212471
v -0.03530096635222437 -0.028987761586904547 0.05700002983212471
v -0.0250776205211878 -0.045499999076128034 0.05450795963406563
v -0.01873499341309072 -0.045499999076128034 0.05700002983212471
v -0.02248894423246385 -0.043104484677314786 0.05700002983212471
v -0.02248894423246385 -0.043104484677314786 0.05700002983212471
v -0.025992918759584444 -0.04031739756464961 0.05700002983212471
v -0.0250776205211878 -0.045499999076128034 0.05450795963406563
v -0.0250776205211878 -0.045499999076128034 0.05450795963406563
v -0.025992918759584444 -0.04031739756464961 0.05700002983212471
v -0.026227850466966646 -0.04008843749761584 0.05700002983212471
v -0.0250776205211878 -0.045499999076128034 0.05450795963406563
v -0.026227850466966646 -0.04008843749761584 0.05700002983212471
v -0.031585928052663824 -0.045499999076128034 0.05101298168301582
v 0.013421352021396169 0.04950182512402538 -0.053363095968961716
v 0.006761927623301749 0.04950182512402538 -0.054607879370450974
v 0.00786430668085814 0.05738612264394764 -0.048126231878995895
v 0.011913832277059564 0.05738612264394764 -0.047369252890348434
v 0.013421352021396169 0.04950182512402538 -0.053363095968961716
v 0.011913832277059564 0.05738612264394764 -0.047369252890348434
v 0.01576930470764638 0.05738612264394764 -0.046142708510160446
v 0.01987732201814653 0.04950182512402538 -0.051309239119291306
v 0.01987732201814653 0.04950182512402538 -0.051309239119291306
v 0.01576930470764638 0.05738612264394764 -0.046142708510160446
v 0.017644651234149943 0.05738612264394764 -0.045546066015958786
v 0.01987732201814653 0.04950182512402538 -0.051309239119291306
v 0.017644651234149943 0.05738612264394764 -0.045546066015958786
v 0.02603197097778322 0.04950182512402538 -0.0484776608645916
v 0.02310799621045591 0.05738612264394764 -0.04303253814578056
v 0.02603197097778322 0.04950182512402538 -0.0484776608645916
v 0.02310799621045591 0.05738612264394764 -0.04303253814578056
v 0.02344502694904806 0.05738612264394764 -0.042823921889066696
v 0.02603197097778322 0.04950182512402538 -0.0484776608645916
v 0.02344502694904806 0.05738612264394764 -0.042823921889066696
v 0.03179200366139414 0.04950182512402538 -0.044911276549100876
v 0.02344502694904806 0.05738612264394764 -0.042823921889066696
v 0.028221046552062052 0.05738612264394764 -0.039866697043180466
v 0.03179200366139414 0.04950182512402538 -0.044911276549100876
v 0.03179200366139414 0.04950182512402538 -0.044911276549100876
v 0.028221046552062052 0.05738612264394764 -0.039866697043180466
v 0.0293259918689728 0.05738612264394764 -0.03897751495242119
v 0.03179200366139414 0.04950182512402538 -0.044911276549100876
v 0.0293259918689728 0.05738612264394764 -0.03897751495242119
v 0.037070099264383344 0.04950182512402538 -0.04066396877169609
v 0.037092719227075605 0.05738612264394764 -0.03177906200289726
v 0.04178625345230105 0.04950182512402538 -0.035800229758024216
v 0.032906297594308874 0.05738612264394764 -0.03609646484255791
v 0.037070099264383344 0.04950182512402538 -0.04066396877169609
v 0.032906297594308874 0.05738612264394764 -0.03609646484255791
v 0.037070099264383344 0.04950182512402538 -0.04066396877169609
v 0.03073909506201746 0.05738612264394764 -0.037840377539396286
v 0.03073909506201746 0.05738612264394764 -0.037840377539396286
v 0.037092719227075605 0.05738612264394764 -0.03177906200289726
v 0.0375899784266949 0.05738612264394764 -0.031120670959353447
v 0.04178625345230105 0.04950182512402538 -0.035800229758024216
v 0.04178625345230105 0.04950182512402538 -0.035800229758024216
v 0.0375899784266949 0.05738612264394764 -0.031120670959353447
v 0.03822010755538943 0.05738612264394764 -0.030286205932497978
v 0.04178625345230105 0.04950182512402538 -0.035800229758024216
v 0.03822010755538943 0.05738612264394764 -0.030286205932497978
v 0.045868970453739194 0.04950182512402538 -0.030393851920962334
v 0.0437237620353699 0.05738612264394764 -0.021771801635622978
v 0.04925635829567913 0.04950182512402538 -0.024526728317141533
v 0.04303428158164027 0.05738612264394764 -0.022966040298342705
v 0.045868970453739194 0.04950182512402538 -0.030393851920962334
v 0.040716852992773084 0.05738612264394764 -0.02697993628680706
v 0.040716852992773084 0.05738612264394764 -0.02697993628680706
v 0.0437237620353699 0.05738612264394764 -0.021771801635622978
v 0.04385729506611827 0.05738612264394764 -0.02145637385547161
v 0.04925635829567913 0.04950182512402538 -0.024526728317141533
v 0.04925635829567913 0.04950182512402538 -0.024526728317141533
v 0.04385729506611827 0.05738612264394764 -0.02145637385547161
v 0.0459384731948376 0.05738612264394764 -0.016539348289370537
v 0.05189707130193714 0.04950182512402538 -0.018287790939211845
v 0.0459384731948376 0.05738612264394764 -0.016539348289370537
v 0.046067863702774076 0.05738612264394764 -0.016233695670962334
v 0.05189707130193714 0.04950182512402538 -0.018287790939211845
v 0.05189707130193714 0.04950182512402538 -0.018287790939211845
v 0.046067863702774076 0.05738612264394764 -0.016233695670962334
v 0.04763744398951534 0.05738612264394764 -0.010717165656387806
v 0.05375107750296596 0.04950182512402538 -0.011771691031754017
v 0.04771362245082859 0.05738612264394764 -0.010449421592056751
v 0.05375107750296596 0.04950182512402538 -0.011771691031754017
v 0.04771362245082859 0.05738612264394764 -0.010449421592056751
v 0.048520985990762745 0.05738612264394764 -0.005248320754617453
v 0.054790269583463704 0.04950182512402538 -0.00507701700553298
v 0.04863609373569492 0.05738612264394764 -0.004506838973611593
v 0.054790269583463704 0.04950182512402538 -0.00507701700553298
v 0.054790269583463704 0.04950182512402538 -0.00507701700553298
v 0.04863609373569492 0.05738612264394764 -0.004506838973611593
v 0.04877692833542827 0.05738612264394764 6.43606181256473e-05
v 0.054998900741338765 0.04950182512402538 0.0016945477109402418
v 0.04882128909230236 0.05738612264394764 0.0015041704755276442
v 0.054998900741338765 0.04950182512402538 0.0016945477109402418
v 0.04882128909230236 0.05738612264394764 0.0015041704755276442
v 0.048461668193340336 0.05738612264394764 0.005385028664022684
v 0.054373800754547154 0.04950182512402538 0.008440363220870495
v 0.048266403377056157 0.05738612264394764 0.007492291275411844
v 0.054373800754547154 0.04950182512402538 0.008440363220870495
v 0.048266403377056157 0.05738612264394764 0.007492291275411844
v 0.04752561450004581 0.05738612264394764 0.01087485533207655
v 0.052924454212188755 0.04950182512402538 0.015058266930282116
v 0.044981125742197064 0.05738612264394764 0.01903890259563923
v 0.050672821700573 0.04950182512402538 0.021448003128170967
v 0.04579938948154452 0.05738612264394764 0.01671682484447956
v 0.052924454212188755 0.04950182512402538 0.015058266930282116
v 0.046979848295450245 0.05738612264394764 0.013366925530135632
v 0.046979848295450245 0.05738612264394764 0.013366925530135632
v 0.03897871449589732 0.05738612264394764 0.029435383155941963
v 0.04391089454293254 0.04950182512402538 0.03315996006131172
v 0.04230053722858432 0.05738612264394764 0.02442227490246296
v 0.0476530455052853 0.04950182512402538 0.02751253731548786
v 0.04230053722858432 0.05738612264394764 0.02442227490246296
v 0.0476530455052853 0.04950182512402538 0.02751253731548786
v 0.042941678315401105 0.05738612264394764 0.02313469536602497
v 0.050672821700573 0.04950182512402538 0.021448003128170967
v 0.04385246708989146 0.05738612264394764 0.021305548027157784
v 0.044981125742197064 0.05738612264394764 0.01903890259563923
v 0.03897871449589732 0.05738612264394764 0.029435383155941963
v 0.03809443116188052 0.05738612264394764 0.030467497184872627
v 0.04391089454293254 0.04950182512402538 0.03315996006131172
v 0.04391089454293254 0.04950182512402538 0.03315996006131172
v 0.03809443116188052 0.05738612264394764 0.030467497184872627
v 0.03758236020803454 0.05738612264394764 0.031065212562680244
v 0.04391089454293254 0.04950182512402538 0.03315996006131172
v 0.03758236020803454 0.05738612264394764 0.031065212562680244
v 0.039503101259470014 0.04950182512402538 0.03830479457974434
v 0.035066016018390676 0.05738612264394764 0.03400229290127754
v 0.039503101259470014 0.04950182512402538 0.03830479457974434
v 0.035066016018390676 0.05738612264394764 0.03400229290127754
v 0.030756574124097845 0.05738612264394764 0.03793083503842354
v 0.034496478736400625 0.04950182512402538 0.0428689606487751
v 0.03062175028026106 0.05738612264394764 0.038053739815950394
v 0.034496478736400625 0.04950182512402538 0.0428689606487751
v 0.034496478736400625 0.04950182512402538 0.0428689606487751
v 0.03062175028026106 0.05738612264394764 0.038053739815950394
v 0.028983714058995268 0.05738612264394764 0.03921328857541084
v 0.0289669279009104 0.04950182512402538 0.046783197671175
v 0.028983714058995268 0.05738612264394764 0.03921328857541084
v 0.025713291019201296 0.05738612264394764 0.041528452187776566
v 0.0289669279009104 0.04950182512402538 0.046783197671175
v 0.0289669279009104 0.04950182512402538 0.046783197671175
v 0.025713291019201296 0.05738612264394764 0.041528452187776566
v 0.023430960252881064 0.05738612264394764 0.0427539236843586
v 0.0289669279009104 0.04950182512402538 0.046783197671175
v 0.023430960252881064 0.05738612264394764 0.0427539236843586
v 0.022998265922069563 0.04950182512402538 0.04998825863003731
v 0.023430960252881064 0.05738612264394764 0.0427539236843586
v 0.020415045320987715 0.05738612264394764 0.04437350109219551
v 0.022998265922069563 0.04950182512402538 0.04998825863003731
v 0.022998265922069563 0.04950182512402538 0.04998825863003731
v 0.020415045320987715 0.05738612264394764 0.04437350109219551
v 0.01577254943549634 0.05738612264394764 0.04617201164364815
v 0.016680974513292323 0.04950182512402538 0.05243562534451485
v 0.016680974513292323 0.04950182512402538 0.05243562534451485
v 0.01577254943549634 0.05738612264394764 0.04617201164364815
v 0.014807326719164859 0.05738612264394764 0.04654597118496895
v 0.016680974513292323 0.04950182512402538 0.05243562534451485
v 0.014807326719164859 0.05738612264394764 0.04654597118496895
v 0.01011081691831351 0.04950182512402538 0.054088104516267776
v 0.0030069088097661755 0.05738612264394764 0.048751819878816605
v 0.003387388773262503 0.04950182512402538 0.05492066219449043
v 0.00786853209137917 0.05738612264394764 0.04814981296658516
v 0.01011081691831351 0.04950182512402538 0.054088104516267776
v 0.00786853209137917 0.05738612264394764 0.04814981296658516
v 0.01011081691831351 0.04950182512402538 0.054088104516267776
v 0.008975144475698476 0.05738612264394764 0.04801284149289131
v 0.008975144475698476 0.05738612264394764 0.04801284149289131
v 0.0030069088097661755 0.05738612264394764 0.048751819878816605
v -0.00015794170030858379 0.05738612264394764 0.048751819878816605
v 0.003387388773262503 0.04950182512402538 0.05492066219449043
v -0.003387388773262503 0.04950182512402538 0.05492066219449043
v 0.003387388773262503 0.04950182512402538 0.05492066219449043
v -0.003387388773262503 0.04950182512402538 0.05492066219449043
v -0.0032800978515297196 0.04640090093016627 0.05700002983212471
v -0.0032800978515297196 0.04640090093016627 0.05700002983212471
v -0.0030069088097661755 0.05738612264394764 0.048751819878816605
v -0.003387388773262503 0.04950182512402538 0.05492066219449043
v -0.0030069088097661755 0.05738612264394764 0.048751819878816605
v -0.008182906545698648 0.05738612264394764 0.048110831528902054
v -0.01011081691831351 0.04950182512402538 0.054088104516267776
v -0.01011081691831351 0.04950182512402538 0.054088104516267776
v -0.008182906545698648 0.05738612264394764 0.048110831528902054
v -0.008975144475698476 0.05738612264394764 0.04801284149289131
v -0.01011081691831351 0.04950182512402538 0.054088104516267776
v -0.008975144475698476 0.05738612264394764 0.04801284149289131
v -0.016680974513292323 0.04950182512402538 0.05243562534451485
v -0.014807326719164859 0.05738612264394764 0.04654597118496895
v -0.016680974513292323 0.04950182512402538 0.05243562534451485
v -0.014807326719164859 0.05738612264394764 0.04654597118496895
v -0.016076624393463145 0.05738612264394764 0.046054232865571976
v -0.022998265922069563 0.04950182512402538 0.04998825863003731
v -0.020415045320987715 0.05738612264394764 0.04437350109219551
v -0.022998265922069563 0.04950182512402538 0.04998825863003731
v -0.020415045320987715 0.05738612264394764 0.04437350109219551
v -0.023726155981421488 0.05738612264394764 0.04259549453854561
v -0.0289669279009104 0.04950182512402538 0.046783197671175
v -0.025713291019201296 0.05738612264394764 0.041528452187776566
v -0.0289669279009104 0.04950182512402538 0.046783197671175
v -0.025713291019201296 0.05738612264394764 0.041528452187776566
v -0.028983714058995268 0.05738612264394764 0.03921328857541084
v -0.0289669279009104 0.04950182512402538 0.046783197671175
v -0.028983714058995268 0.05738612264394764 0.03921328857541084
v -0.034496478736400625 0.04950182512402538 0.0428689606487751
v -0.03062175028026106 0.05738612264394764 0.038053739815950394
v -0.034496478736400625 0.04950182512402538 0.0428689606487751
v -0.03062175028026106 0.05738612264394764 0.038053739815950394
v -0.03103032149374487 0.05738612264394764 0.03768132999539375
v -0.034496478736400625 0.04950182512402538 0.0428689606487751
v -0.03103032149374487 0.05738612264394764 0.03768132999539375
v -0.039503101259470014 0.04950182512402538 0.03830479457974434
v -0.035066016018390676 0.05738612264394764 0.03400229290127754
v -0.039503101259470014 0.04950182512402538 0.03830479457974434
v -0.035066016018390676 0.05738612264394764 0.03400229290127754
v -0.04391089454293254 0.04950182512402538 0.03315996006131172
v -0.03784109652042392 0.05738612264394764 0.030763136222958565
v -0.03784109652042392 0.05738612264394764 0.030763136222958565
v -0.03809443116188052 0.05738612264394764 0.030467497184872627
v -0.04391089454293254 0.04950182512402538 0.03315996006131172
v -0.04391089454293254 0.04950182512402538 0.03315996006131172
v -0.03809443116188052 0.05738612264394764 0.030467497184872627
v -0.03897871449589732 0.05738612264394764 0.029435383155941963
v -0.04391089454293254 0.04950182512402538 0.03315996006131172
v -0.03897871449589732 0.05738612264394764 0.029435383155941963
v -0.0476530455052853 0.04950182512402538 0.02751253731548786
v -0.04408571496605876 0.05738612264394764 0.020837055519223213
v -0.050672821700573 0.04950182512402538 0.021448003128170967
v -0.042941678315401105 0.05738612264394764 0.02313469536602497
v -0.042941678315401105 0.05738612264394764 0.02313469536602497
v -0.050672821700573 0.04950182512402538 0.021448003128170967
v -0.0476530455052853 0.04950182512402538 0.02751253731548786
v -0.04230053722858432 0.05738612264394764 0.02442227490246296
v -0.04230053722858432 0.05738612264394764 0.02442227490246296
v -0.04408571496605876 0.05738612264394764 0.020837055519223213
v -0.044981125742197064 0.05738612264394764 0.01903890259563923
v -0.050672821700573 0.04950182512402538 0.021448003128170967
v -0.050672821700573 0.04950182512402538 0.021448003128170967
v -0.044981125742197064 0.05738612264394764 0.01903890259563923
v -0.04579938948154452 0.05738612264394764 0.01671682484447956
v -0.052924454212188755 0.04950182512402538 0.015058266930282116
v -0.046979848295450245 0.05738612264394764 0.013366925530135632
v -0.052924454212188755 0.04950182512402538 0.015058266930282116
v -0.046979848295450245 0.05738612264394764 0.013366925530135632
v -0.04752561450004581 0.05738612264394764 0.01087485533207655
v -0.054373800754547154 0.04950182512402538 0.008440363220870495
v -0.048266403377056157 0.05738612264394764 0.007492291275411844
v -0.054373800754547154 0.04950182512402538 0.008440363220870495
v -0.048266403377056157 0.05738612264394764 0.007492291275411844
v -0.048461668193340336 0.05738612264394764 0.005385028664022684
v -0.054998900741338765 0.04950182512402538 0.0016945477109402418
v -0.04882128909230236 0.05738612264394764 0.0015041704755276442
v -0.054998900741338765 0.04950182512402538 0.0016945477109402418
v -0.04882128909230236 0.05738612264394764 0.0015041704755276442
v -0.04877692833542827 0.05738612264394764 6.43606181256473e-05
v -0.054790269583463704 0.04950182512402538 -0.00507701700553298
v -0.04863609373569492 0.05738612264394764 -0.004506838973611593
v -0.054790269583463704 0.04950182512402538 -0.00507701700553298
v -0.04863609373569492 0.05738612264394764 -0.004506838973611593
v -0.048520985990762745 0.05738612264394764 -0.005248320754617453
v -0.054790269583463704 0.04950182512402538 -0.00507701700553298
v -0.048520985990762745 0.05738612264394764 -0.005248320754617453
v -0.05375107750296596 0.04950182512402538 -0.011771691031754017
v -0.04771362245082859 0.05738612264394764 -0.010449421592056751
v -0.05375107750296596 0.04950182512402538 -0.011771691031754017
v -0.04771362245082859 0.05738612264394764 -0.010449421592056751
v -0.04763744398951534 0.05738612264394764 -0.010717165656387806
v -0.05189707130193714 0.04950182512402538 -0.018287790939211845
v -0.044088531285524396 0.05738612264394764 -0.02091003768146038
v -0.04925635829567913 0.04950182512402538 -0.024526728317141533
v -0.0459384731948376 0.05738612264394764 -0.016539348289370537
v -0.05189707130193714 0.04950182512402538 -0.018287790939211845
v -0.0459384731948376 0.05738612264394764 -0.016539348289370537
v -0.05189707130193714 0.04950182512402538 -0.018287790939211845
v -0.046067863702774076 0.05738612264394764 -0.016233695670962334
v -0.046067863702774076 0.05738612264394764 -0.016233695670962334
v -0.044088531285524396 0.05738612264394764 -0.02091003768146038
v -0.0437237620353699 0.05738612264394764 -0.021771801635622978
v -0.04925635829567913 0.04950182512402538 -0.024526728317141533
v -0.04925635829567913 0.04950182512402538 -0.024526728317141533
v -0.0437237620353699 0.05738612264394764 -0.021771801635622978
v -0.04303428158164027 0.05738612264394764 -0.022966040298342705
v -0.045868970453739194 0.04950182512402538 -0.030393851920962334
v -0.040716852992773084 0.05738612264394764 -0.02697993628680706
v -0.045868970453739194 0.04950182512402538 -0.030393851920962334
v -0.040716852992773084 0.05738612264394764 -0.02697993628680706
v -0.04178625345230105 0.04950182512402538 -0.035800229758024216
v -0.03822010755538943 0.05738612264394764 -0.030286205932497978
v -0.032906297594308874 0.05738612264394764 -0.03609646484255791
v -0.037070099264383344 0.04950182512402538 -0.04066396877169609
v -0.037092719227075605 0.05738612264394764 -0.03177906200289726
v -0.04178625345230105 0.04950182512402538 -0.035800229758024216
v -0.037092719227075605 0.05738612264394764 -0.03177906200289726
v -0.04178625345230105 0.04950182512402538 -0.035800229758024216
v -0.03784472867846492 0.05738612264394764 -0.030783308669924736
v -0.03784472867846492 0.05738612264394764 -0.030783308669924736
v -0.04178625345230105 0.04950182512402538 -0.035800229758024216
v -0.03822010755538943 0.05738612264394764 -0.030286205932497978
v -0.032906297594308874 0.05738612264394764 -0.03609646484255791
v -0.031017685309052488 0.05738612264394764 -0.03761626407504082
v -0.037070099264383344 0.04950182512402538 -0.04066396877169609
v -0.037070099264383344 0.04950182512402538 -0.04066396877169609
v -0.031017685309052488 0.05738612264394764 -0.03761626407504082
v -0.0293259918689728 0.05738612264394764 -0.03897751495242119
v -0.0293259918689728 0.05738612264394764 -0.03897751495242119
v -0.03179200366139414 0.04950182512402538 -0.044911276549100876
v -0.0293259918689728 0.05738612264394764 -0.03897751495242119
v -0.028221046552062052 0.05738612264394764 -0.039866697043180466
v -0.03179200366139414 0.04950182512402538 -0.044911276549100876
v -0.03179200366139414 0.04950182512402538 -0.044911276549100876
v -0.028221046552062052 0.05738612264394764 -0.039866697043180466
v -0.023735608905553835 0.05738612264394764 -0.042643915861845016
v -0.02603197097778322 0.04950182512402538 -0.0484776608645916
v -0.02603197097778322 0.04950182512402538 -0.0484776608645916
v -0.023735608905553835 0.05738612264394764 -0.042643915861845016
v -0.02310799621045591 0.05738612264394764 -0.04303253814578056
v -0.02603197097778322 0.04950182512402538 -0.0484776608645916
v -0.02310799621045591 0.05738612264394764 -0.04303253814578056
v -0.01987732201814653 0.04950182512402538 -0.051309239119291306
v -0.017644651234149943 0.05738612264394764 -0.045546066015958786
v -0.01987732201814653 0.04950182512402538 -0.051309239119291306
v -0.017644651234149943 0.05738612264394764 -0.045546066015958786
v -0.016076797619462024 0.05738612264394764 -0.046044837683439255
v -0.013421352021396169 0.04950182512402538 -0.053363095968961716
v -0.016076797619462024 0.05738612264394764 -0.046044837683439255
v -0.011913832277059564 0.05738612264394764 -0.047369252890348434
v -0.013421352021396169 0.04950182512402538 -0.053363095968961716
v -0.011913832277059564 0.05738612264394764 -0.047369252890348434
v -0.0081771481782198 0.05738612264394764 -0.04806770011782646
v -0.006761927623301749 0.04950182512402538 -0.054607879370450974
v -0.006002411246299748 0.05738612264394764 -0.048474203795194626
v -0.006761927623301749 0.04950182512402538 -0.054607879370450974
v -0.006002411246299748 0.05738612264394764 -0.048474203795194626
v -0.00015761332178954046 0.05738612264394764 -0.04883469268679619
v -2.6743797655265815e-18 0.04950182512402538 -0.05502499267458916
v -2.6743797655265815e-18 0.04950182512402538 -0.05502499267458916
v -0.00015761332178954046 0.05738612264394764 -0.04883469268679619
v -2.6743797655265815e-18 0.05738612264394764 -0.04884446784853935
v -2.6743797655265815e-18 0.04950182512402538 -0.05502499267458916
v -2.6743797655265815e-18 0.05738612264394764 -0.04884446784853935
v 0.006761927623301749 0.04950182512402538 -0.054607879370450974
v 0.006002411246299748 0.05738612264394764 -0.048474203795194626
v 0.006761927623301749 0.04950182512402538 -0.054607879370450974
v 0.006002411246299748 0.05738612264394764 -0.048474203795194626
v 0.00786430668085814 0.05738612264394764 -0.048126231878995895
v 0.01813839003443719 0.04181174561381343 0.05700002983212471
v 0.01953443326056005 0.04097889363765719 0.05700002983212471
v 0.022998265922069563 0.04950182512402538 0.04998825863003731
v 0.022998265922069563 0.04950182512402538 0.04998825863003731
v 0.01953443326056005 0.04097889363765719 0.05700002983212471
v 0.025199245661497133 0.04097947850823405 0.05477224662899971
v 0.022998265922069563 0.04950182512402538 0.04998825863003731
v 0.025199245661497133 0.04097947850823405 0.05477224662899971
v 0.0289669279009104 0.04950182512402538 0.046783197671175
v 0.031739119440317175 0.04097947850823405 0.051260460168123245
v 0.0289669279009104 0.04950182512402538 0.046783197671175
v 0.031739119440317175 0.04097947850823405 0.051260460168123245
v 0.034496478736400625 0.04950182512402538 0.0428689606487751
v 0.03779786080121997 0.04097947850823405 0.04697154834866524
v 0.034496478736400625 0.04950182512402538 0.0428689606487751
v 0.03779786080121997 0.04097947850823405 0.04697154834866524
v 0.039503101259470014 0.04950182512402538 0.03830479457974434
v 0.04328362643718722 0.04097947850823405 0.04197059944272041
v 0.039503101259470014 0.04950182512402538 0.03830479457974434
v 0.04328362643718722 0.04097947850823405 0.04197059944272041
v 0.04391089454293254 0.04950182512402538 0.03315996006131172
v 0.04811325669288639 0.04097947850823405 0.03633343055844307
v 0.04391089454293254 0.04950182512402538 0.03315996006131172
v 0.04811325669288639 0.04097947850823405 0.03633343055844307
v 0.0476530455052853 0.04950182512402538 0.02751253731548786
v 0.05221353471279148 0.04097947850823405 0.030145512893795967
v 0.0476530455052853 0.04950182512402538 0.02751253731548786
v 0.05221353471279148 0.04097947850823405 0.030145512893795967
v 0.050672821700573 0.04950182512402538 0.021448003128170967
v 0.05552231147885326 0.04097947850823405 0.02350054867565632
v 0.050672821700573 0.04950182512402538 0.021448003128170967
v 0.05552231147885326 0.04097947850823405 0.02350054867565632
v 0.052924454212188755 0.04950182512402538 0.015058266930282116
v 0.05798942595720295 0.04097947850823405 0.016499387100338936
v 0.052924454212188755 0.04950182512402538 0.015058266930282116
v 0.05798942595720295 0.04097947850823405 0.016499387100338936
v 0.054373800754547154 0.04950182512402538 0.008440363220870495
v 0.05957748368382458 0.04097947850823405 0.009248125366866589
v 0.054373800754547154 0.04950182512402538 0.008440363220870495
v 0.05957748368382458 0.04097947850823405 0.009248125366866589
v 0.054998900741338765 0.04950182512402538 0.0016945477109402418
v 0.06026240438222889 0.04097947850823405 0.0018566723447293043
v 0.054998900741338765 0.04950182512402538 0.0016945477109402418
v 0.06026240438222889 0.04097947850823405 0.0018566723447293043
v 0.054790269583463704 0.04950182512402538 -0.00507701700553298
v 0.060033805668354076 0.04097947850823405 -0.005562914069741964
v 0.054790269583463704 0.04950182512402538 -0.00507701700553298
v 0.060033805668354076 0.04097947850823405 -0.005562914069741964
v 0.05375107750296596 0.04950182512402538 -0.011771691031754017
v 0.0588951595127583 0.04097947850823405 -0.0128982188180089
v 0.05375107750296596 0.04950182512402538 -0.011771691031754017
v 0.0588951595127583 0.04097947850823405 -0.0128982188180089
v 0.05189707130193714 0.04950182512402538 -0.018287790939211845
v 0.05686372146010402 0.04097947850823405 -0.020038021728396416
v 0.05189707130193714 0.04950182512402538 -0.018287790939211845
v 0.05686372146010402 0.04097947850823405 -0.020038021728396416
v 0.04925635829567913 0.04950182512402538 -0.024526728317141533
v 0.053970288485288655 0.04097947850823405 -0.026873959228396416
v 0.04925635829567913 0.04950182512402538 -0.024526728317141533
v 0.053970288485288655 0.04097947850823405 -0.026873959228396416
v 0.045868970453739194 0.04950182512402538 -0.030393851920962334
v 0.050258718430995976 0.04097947850823405 -0.0333026759326458
v 0.045868970453739194 0.04950182512402538 -0.030393851920962334
v 0.050258718430995976 0.04097947850823405 -0.0333026759326458
v 0.04178625345230105 0.04950182512402538 -0.035800229758024216
v 0.04578528180718425 0.04097947850823405 -0.03922642394900322
v 0.04178625345230105 0.04950182512402538 -0.035800229758024216
v 0.04578528180718425 0.04097947850823405 -0.03922642394900322
v 0.037070099264383344 0.04950182512402538 -0.04066396877169609
v 0.04061778262257579 0.04097947850823405 -0.044555556029081345
v 0.037070099264383344 0.04950182512402538 -0.04066396877169609
v 0.04061778262257579 0.04097947850823405 -0.044555556029081345
v 0.03179200366139414 0.04950182512402538 -0.044911276549100876
v 0.03483456000685694 0.04097947850823405 -0.049209367483854294
v 0.03179200366139414 0.04950182512402538 -0.044911276549100876
v 0.03483456000685694 0.04097947850823405 -0.049209367483854294
v 0.02603197097778322 0.04950182512402538 -0.0484776608645916
v 0.028523283079266566 0.04097947850823405 -0.0531170479953289
v 0.02603197097778322 0.04950182512402538 -0.0484776608645916
v 0.028523283079266566 0.04097947850823405 -0.0531170479953289
v 0.01987732201814653 0.04950182512402538 -0.051309239119291306
v 0.01987732201814653 0.04950182512402538 -0.051309239119291306
v 0.028523283079266566 0.04097947850823405 -0.0531170479953289
v 0.021779621019959464 0.04097947850823405 -0.05621970817446709
v 0.01987732201814653 0.04950182512402538 -0.051309239119291306
v 0.021779621019959464 0.04097947850823405 -0.05621970817446709
v 0.013421352021396169 0.04950182512402538 -0.053363095968961716
v 0.013421352021396169 0.04950182512402538 -0.053363095968961716
v 0.021779621019959464 0.04097947850823405 -0.05621970817446709
v 0.014705801382660876 0.04097947850823405 -0.058470021933317184
v 0.013421352021396169 0.04950182512402538 -0.053363095968961716
v 0.014705801382660876 0.04097947850823405 -0.058470021933317184
v 0.006761927623301749 0.04950182512402538 -0.054607879370450974
v 0.006761927623301749 0.04950182512402538 -0.054607879370450974
v 0.014705801382660876 0.04097947850823405 -0.058470021933317184
v 0.007409057579934602 0.04097947850823405 -0.059834014624357224
v 0.006761927623301749 0.04950182512402538 -0.054607879370450974
v 0.007409057579934602 0.04097947850823405 -0.059834014624357224
v -2.6743797655265815e-18 0.04950182512402538 -0.05502499267458916
v -2.6743797655265815e-18 0.04950182512402538 -0.05502499267458916
v 0.007409057579934602 0.04097947850823405 -0.059834014624357224
v -2.6743797655265815e-18 0.04097947850823405 -0.06029094383120537
v -2.6743797655265815e-18 0.04950182512402538 -0.05502499267458916
v -2.6743797655265815e-18 0.04097947850823405 -0.06029094383120537
v -0.006761927623301749 0.04950182512402538 -0.054607879370450974
v -0.006761927623301749 0.04950182512402538 -0.054607879370450974
v -2.6743797655265815e-18 0.04097947850823405 -0.06029094383120537
v -0.007409057579934602 0.04097947850823405 -0.059834014624357224
v -0.006761927623301749 0.04950182512402538 -0.054607879370450974
v -0.007409057579934602 0.04097947850823405 -0.059834014624357224
v -0.013421352021396169 0.04950182512402538 -0.053363095968961716
v -0.013421352021396169 0.04950182512402538 -0.053363095968961716
v -0.007409057579934602 0.04097947850823405 -0.059834014624357224
v -0.014705801382660876 0.04097947850823405 -0.058470021933317184
v -0.013421352021396169 0.04950182512402538 -0.053363095968961716
v -0.014705801382660876 0.04097947850823405 -0.058470021933317184
v -0.01987732201814653 0.04950182512402538 -0.051309239119291306
v -0.01987732201814653 0.04950182512402538 -0.051309239119291306
v -0.014705801382660876 0.04097947850823405 -0.058470021933317184
v -0.021779621019959464 0.04097947850823405 -0.05621970817446709
v -0.01987732201814653 0.04950182512402538 -0.051309239119291306
v -0.021779621019959464 0.04097947850823405 -0.05621970817446709
v -0.02603197097778322 0.04950182512402538 -0.0484776608645916
v -0.02603197097778322 0.04950182512402538 -0.0484776608645916
v -0.021779621019959464 0.04097947850823405 -0.05621970817446709
v -0.028523283079266566 0.04097947850823405 -0.0531170479953289
v -0.02603197097778322 0.04950182512402538 -0.0484776608645916
v -0.028523283079266566 0.04097947850823405 -0.0531170479953289
v -0.03179200366139414 0.04950182512402538 -0.044911276549100876
v -0.03483456000685694 0.04097947850823405 -0.049209367483854294
v -0.03179200366139414 0.04950182512402538 -0.044911276549100876
v -0.03483456000685694 0.04097947850823405 -0.049209367483854294
v -0.037070099264383344 0.04950182512402538 -0.04066396877169609
v -0.04061778262257579 0.04097947850823405 -0.044555556029081345
v -0.037070099264383344 0.04950182512402538 -0.04066396877169609
v -0.04061778262257579 0.04097947850823405 -0.044555556029081345
v -0.04178625345230105 0.04950182512402538 -0.035800229758024216
v -0.04578528180718425 0.04097947850823405 -0.03922642394900322
v -0.04178625345230105 0.04950182512402538 -0.035800229758024216
v -0.04578528180718425 0.04097947850823405 -0.03922642394900322
v -0.045868970453739194 0.04950182512402538 -0.030393851920962334
v -0.050258718430995976 0.04097947850823405 -0.0333026759326458
v -0.045868970453739194 0.04950182512402538 -0.030393851920962334
v -0.050258718430995976 0.04097947850823405 -0.0333026759326458
v -0.04925635829567913 0.04950182512402538 -0.024526728317141533
v -0.053970288485288655 0.04097947850823405 -0.026873959228396416
v -0.04925635829567913 0.04950182512402538 -0.024526728317141533
v -0.053970288485288655 0.04097947850823405 -0.026873959228396416
v -0.05189707130193714 0.04950182512402538 -0.018287790939211845
v -0.05686372146010402 0.04097947850823405 -0.020038021728396416
v -0.05189707130193714 0.04950182512402538 -0.018287790939211845
v -0.05686372146010402 0.04097947850823405 -0.020038021728396416
v -0.05375107750296596 0.04950182512402538 -0.011771691031754017
v -0.0588951595127583 0.04097947850823405 -0.0128982188180089
v -0.05375107750296596 0.04950182512402538 -0.011771691031754017
v -0.0588951595127583 0.04097947850823405 -0.0128982188180089
v -0.054790269583463704 0.04950182512402538 -0.00507701700553298
v -0.060033805668354076 0.04097947850823405 -0.005562914069741964
v -0.054790269583463704 0.04950182512402538 -0.00507701700553298
v -0.060033805668354076 0.04097947850823405 -0.005562914069741964
v -0.054998900741338765 0.04950182512402538 0.0016945477109402418
v -0.06026240438222889 0.04097947850823405 0.0018566723447293043
v -0.054998900741338765 0.04950182512402538 0.0016945477109402418
v -0.06026240438222889 0.04097947850823405 0.0018566723447293043
v -0.054373800754547154 0.04950182512402538 0.008440363220870495
v -0.05957748368382458 0.04097947850823405 0.009248125366866589
v -0.054373800754547154 0.04950182512402538 0.008440363220870495
v -0.05957748368382458 0.04097947850823405 0.009248125366866589
v -0.052924454212188755 0.04950182512402538 0.015058266930282116
v -0.05798942595720295 0.04097947850823405 0.016499387100338936
v -0.052924454212188755 0.04950182512402538 0.015058266930282116
v -0.05798942595720295 0.04097947850823405 0.016499387100338936
v -0.050672821700573 0.04950182512402538 0.021448003128170967
v -0.05552231147885326 0.04097947850823405 0.02350054867565632
v -0.050672821700573 0.04950182512402538 0.021448003128170967
v -0.05552231147885326 0.04097947850823405 0.02350054867565632
v -0.0476530455052853 0.04950182512402538 0.02751253731548786
v -0.05221353471279148 0.04097947850823405 0.030145512893795967
v -0.0476530455052853 0.04950182512402538 0.02751253731548786
v -0.05221353471279148 0.04097947850823405 0.030145512893795967
v -0.04391089454293254 0.04950182512402538 0.03315996006131172
v -0.04811325669288639 0.04097947850823405 0.03633343055844307
v -0.04391089454293254 0.04950182512402538 0.03315996006131172
v -0.04811325669288639 0.04097947850823405 0.03633343055844307
v -0.039503101259470014 0.04950182512402538 0.03830479457974434
v -0.04328362643718722 0.04097947850823405 0.04197059944272041
v -0.039503101259470014 0.04950182512402538 0.03830479457974434
v -0.04328362643718722 0.04097947850823405 0.04197059944272041
v -0.034496478736400625 0.04950182512402538 0.0428689606487751
v -0.03779786080121997 0.04097947850823405 0.04697154834866524
v -0.034496478736400625 0.04950182512402538 0.0428689606487751
v -0.03779786080121997 0.04097947850823405 0.04697154834866524
v -0.0289669279009104 0.04950182512402538 0.046783197671175
v -0.031739119440317175 0.04097947850823405 0.051260460168123245
v -0.0289669279009104 0.04950182512402538 0.046783197671175
v -0.031739119440317175 0.04097947850823405 0.051260460168123245
v -0.022998265922069563 0.04950182512402538 0.04998825863003731
v -0.025199245661497133 0.04097947850823405 0.05477224662899971
v -0.022998265922069563 0.04950182512402538 0.04998825863003731
v -0.025199245661497133 0.04097947850823405 0.05477224662899971
v -0.01954542659223081 0.04097892343997958 0.05700002983212471
v -0.01954542659223081 0.04097892343997958 0.05700002983212471
v -0.025199245661497133 0.04097947850823405 0.05477224662899971
v -0.021604221314191832 0.03973086178302768 0.05700002983212471
v 0.02623576484620573 0.0360510013997555 0.05700002983212471
v 0.028035975992679613 0.034411054104566595 0.05700002983212471
v 0.031739119440317175 0.04097947850823405 0.051260460168123245
v 0.031739119440317175 0.04097947850823405 0.051260460168123245
v 0.028035975992679613 0.034411054104566595 0.05700002983212471
v 0.03399552032351496 0.03192466497421267 0.05490468814969063
v 0.031739119440317175 0.04097947850823405 0.051260460168123245
v 0.03399552032351496 0.03192466497421267 0.05490468814969063
v 0.03779786080121997 0.04097947850823405 0.04697154834866524
v 0.040484990924596814 0.03192466497421267 0.05031083896756172
v 0.03779786080121997 0.04097947850823405 0.04697154834866524
v 0.040484990924596814 0.03192466497421267 0.05031083896756172
v 0.04328362643718722 0.04097947850823405 0.04197059944272041
v 0.04636074975132945 0.03192466497421267 0.04495440796017647
v 0.04328362643718722 0.04097947850823405 0.04197059944272041
v 0.04636074975132945 0.03192466497421267 0.04495440796017647
v 0.04811325669288639 0.04097947850823405 0.03633343055844307
v 0.051533725112676655 0.03192466497421267 0.0389164574444294
v 0.04811325669288639 0.04097947850823405 0.03633343055844307
v 0.051533725112676655 0.03192466497421267 0.0389164574444294
v 0.05221353471279148 0.04097947850823405 0.030145512893795967
v 0.05592550337314609 0.03192466497421267 0.03228865936398506
v 0.05221353471279148 0.04097947850823405 0.030145512893795967
v 0.05592550337314609 0.03192466497421267 0.03228865936398506
v 0.05552231147885326 0.04097947850823405 0.02350054867565632
v 0.05946950614452366 0.03192466497421267 0.025171266868710518
v 0.05552231147885326 0.04097947850823405 0.02350054867565632
v 0.05946950614452366 0.03192466497421267 0.025171266868710518
v 0.05798942595720295 0.04097947850823405 0.016499387100338936
v 0.06211201474070553 0.03192466497421267 0.017672406509518623
v 0.05798942595720295 0.04097947850823405 0.016499387100338936
v 0.06211201474070553 0.03192466497421267 0.017672406509518623
v 0.05957748368382458 0.04097947850823405 0.009248125366866589
v 0.06381297111511235 0.03192466497421267 0.009905564598739147
v 0.05957748368382458 0.04097947850823405 0.009248125366866589
v 0.06381297111511235 0.03192466497421267 0.009905564598739147
v 0.06026240438222889 0.04097947850823405 0.0018566723447293043
v 0.06454657763242726 0.03192466497421267 0.001988637028262019
v 0.06026240438222889 0.04097947850823405 0.0018566723447293043
v 0.06454657763242726 0.03192466497421267 0.001988637028262019
v 0.060033805668354076 0.04097947850823405 -0.005562914069741964
v 0.06430173665285115 0.03192466497421267 -0.0059584504924714565
v 0.060033805668354076 0.04097947850823405 -0.005562914069741964
v 0.06430173665285115 0.03192466497421267 -0.0059584504924714565
v 0.0588951595127583 0.04097947850823405 -0.0128982188180089
v 0.06308213621377949 0.03192466497421267 -0.013815176673233509
v 0.0588951595127583 0.04097947850823405 -0.0128982188180089
v 0.06308213621377949 0.03192466497421267 -0.013815176673233509
v 0.05686372146010402 0.04097947850823405 -0.020038021728396416
v 0.06090627983212475 0.03192466497421267 -0.02146257273852825
v 0.05686372146010402 0.04097947850823405 -0.020038021728396416
v 0.06090627983212475 0.03192466497421267 -0.02146257273852825
v 0.053970288485288655 0.04097947850823405 -0.026873959228396416
v 0.05780714750289921 0.03192466497421267 -0.028784526512026787
v 0.053970288485288655 0.04097947850823405 -0.026873959228396416
v 0.05780714750289921 0.03192466497421267 -0.028784526512026787
v 0.050258718430995976 0.04097947850823405 -0.0333026759326458
v 0.05383171513676647 0.03192466497421267 -0.03567017242312431
v 0.050258718430995976 0.04097947850823405 -0.0333026759326458
v 0.05383171513676647 0.03192466497421267 -0.03567017242312431
v 0.04578528180718425 0.04097947850823405 -0.03922642394900322
v 0.04904025048017505 0.03192466497421267 -0.042015086859464645
v 0.04578528180718425 0.04097947850823405 -0.03922642394900322
v 0.04904025048017505 0.03192466497421267 -0.042015086859464645
v 0.04061778262257579 0.04097947850823405 -0.044555556029081345
v 0.04061778262257579 0.04097947850823405 -0.044555556029081345
v 0.04904025048017505 0.03192466497421267 -0.042015086859464645
v 0.04350538551807406 0.03192466497421267 -0.047723185271024704
v 0.04061778262257579 0.04097947850823405 -0.044555556029081345
v 0.04350538551807406 0.03192466497421267 -0.047723185271024704
v 0.03483456000685694 0.04097947850823405 -0.049209367483854294
v 0.03483456000685694 0.04097947850823405 -0.049209367483854294
v 0.04350538551807406 0.03192466497421267 -0.047723185271024704
v 0.03731102123856547 0.03192466497421267 -0.05270768329501152
v 0.03483456000685694 0.04097947850823405 -0.049209367483854294
v 0.03731102123856547 0.03192466497421267 -0.05270768329501152
v 0.028523283079266566 0.04097947850823405 -0.0531170479953289
v 0.028523283079266566 0.04097947850823405 -0.0531170479953289
v 0.03731102123856547 0.03192466497421267 -0.05270768329501152
v 0.030551061034202597 0.03192466497421267 -0.05689335986971855
v 0.028523283079266566 0.04097947850823405 -0.0531170479953289
v 0.030551061034202597 0.03192466497421267 -0.05689335986971855
v 0.021779621019959464 0.04097947850823405 -0.05621970817446709
v 0.021779621019959464 0.04097947850823405 -0.05621970817446709
v 0.030551061034202597 0.03192466497421267 -0.05689335986971855
v 0.023327978327870383 0.03192466497421267 -0.06021643802523613
v 0.021779621019959464 0.04097947850823405 -0.05621970817446709
v 0.023327978327870383 0.03192466497421267 -0.06021643802523613
v 0.014705801382660876 0.04097947850823405 -0.058470021933317184
v 0.015751266852021228 0.03192466497421267 -0.06262673437595367
v 0.014705801382660876 0.04097947850823405 -0.058470021933317184
v 0.015751266852021228 0.03192466497421267 -0.06262673437595367
v 0.007409057579934602 0.04097947850823405 -0.059834014624357224
v 0.007935782894492155 0.03192466497421267 -0.06408776342868805
v 0.007409057579934602 0.04097947850823405 -0.059834014624357224
v 0.007935782894492155 0.03192466497421267 -0.06408776342868805
v -2.6743797655265815e-18 0.04097947850823405 -0.06029094383120537
v -2.6743797655265815e-18 0.03192466497421267 -0.06457723677158356
v -2.6743797655265815e-18 0.04097947850823405 -0.06029094383120537
v -2.6743797655265815e-18 0.03192466497421267 -0.06457723677158356
v -0.007409057579934602 0.04097947850823405 -0.059834014624357224
v -0.007935782894492155 0.03192466497421267 -0.06408776342868805
v -0.007409057579934602 0.04097947850823405 -0.059834014624357224
v -0.007935782894492155 0.03192466497421267 -0.06408776342868805
v -0.014705801382660876 0.04097947850823405 -0.058470021933317184
v -0.015751266852021228 0.03192466497421267 -0.06262673437595367
v -0.014705801382660876 0.04097947850823405 -0.058470021933317184
v -0.015751266852021228 0.03192466497421267 -0.06262673437595367
v -0.021779621019959464 0.04097947850823405 -0.05621970817446709
v -0.023327978327870383 0.03192466497421267 -0.06021643802523613
v -0.021779621019959464 0.04097947850823405 -0.05621970817446709
v -0.023327978327870383 0.03192466497421267 -0.06021643802523613
v -0.028523283079266566 0.04097947850823405 -0.0531170479953289
v -0.028523283079266566 0.04097947850823405 -0.0531170479953289
v -0.023327978327870383 0.03192466497421267 -0.06021643802523613
v -0.030551061034202597 0.03192466497421267 -0.05689335986971855
v -0.028523283079266566 0.04097947850823405 -0.0531170479953289
v -0.030551061034202597 0.03192466497421267 -0.05689335986971855
v -0.03483456000685694 0.04097947850823405 -0.049209367483854294
v -0.03483456000685694 0.04097947850823405 -0.049209367483854294
v -0.030551061034202597 0.03192466497421267 -0.05689335986971855
v -0.03731102123856547 0.03192466497421267 -0.05270768329501152
v -0.03483456000685694 0.04097947850823405 -0.049209367483854294
v -0.03731102123856547 0.03192466497421267 -0.05270768329501152
v -0.04061778262257579 0.04097947850823405 -0.044555556029081345
v -0.04061778262257579 0.04097947850823405 -0.044555556029081345
v -0.03731102123856547 0.03192466497421267 -0.05270768329501152
v -0.04350538551807406 0.03192466497421267 -0.047723185271024704
v -0.04061778262257579 0.04097947850823405 -0.044555556029081345
v -0.04350538551807406 0.03192466497421267 -0.047723185271024704
v -0.04578528180718425 0.04097947850823405 -0.03922642394900322
v -0.04578528180718425 0.04097947850823405 -0.03922642394900322
v -0.04350538551807406 0.03192466497421267 -0.047723185271024704
v -0.04904025048017505 0.03192466497421267 -0.042015086859464645
v -0.04578528180718425 0.04097947850823405 -0.03922642394900322
v -0.04904025048017505 0.03192466497421267 -0.042015086859464645
v -0.050258718430995976 0.04097947850823405 -0.0333026759326458
v -0.05383171513676647 0.03192466497421267 -0.03567017242312431
v -0.050258718430995976 0.04097947850823405 -0.0333026759326458
v -0.05383171513676647 0.03192466497421267 -0.03567017242312431
v -0.053970288485288655 0.04097947850823405 -0.026873959228396416
v -0.05780714750289921 0.03192466497421267 -0.028784526512026787
v -0.053970288485288655 0.04097947850823405 -0.026873959228396416
v -0.05780714750289921 0.03192466497421267 -0.028784526512026787
v -0.05686372146010402 0.04097947850823405 -0.020038021728396416
v -0.06090627983212475 0.03192466497421267 -0.02146257273852825
v -0.05686372146010402 0.04097947850823405 -0.020038021728396416
v -0.06090627983212475 0.03192466497421267 -0.02146257273852825
v -0.0588951595127583 0.04097947850823405 -0.0128982188180089
v -0.06308213621377949 0.03192466497421267 -0.013815176673233509
v -0.0588951595127583 0.04097947850823405 -0.0128982188180089
v -0.06308213621377949 0.03192466497421267 -0.013815176673233509
v -0.060033805668354076 0.04097947850823405 -0.005562914069741964
v -0.06430173665285115 0.03192466497421267 -0.0059584504924714565
v -0.060033805668354076 0.04097947850823405 -0.005562914069741964
v -0.06430173665285115 0.03192466497421267 -0.0059584504924714565
v -0.06026240438222889 0.04097947850823405 0.0018566723447293043
v -0.06454657763242726 0.03192466497421267 0.001988637028262019
v -0.06026240438222889 0.04097947850823405 0.0018566723447293043
v -0.06454657763242726 0.03192466497421267 0.001988637028262019
v -0.05957748368382458 0.04097947850823405 0.009248125366866589
v -0.06381297111511235 0.03192466497421267 0.009905564598739147
v -0.05957748368382458 0.04097947850823405 0.009248125366866589
v -0.06381297111511235 0.03192466497421267 0.009905564598739147
v -0.05798942595720295 0.04097947850823405 0.016499387100338936
v -0.06211201474070553 0.03192466497421267 0.017672406509518623
v -0.05798942595720295 0.04097947850823405 0.016499387100338936
v -0.06211201474070553 0.03192466497421267 0.017672406509518623
v -0.05552231147885326 0.04097947850823405 0.02350054867565632
v -0.05946950614452366 0.03192466497421267 0.025171266868710518
v -0.05552231147885326 0.04097947850823405 0.02350054867565632
v -0.05946950614452366 0.03192466497421267 0.025171266868710518
v -0.05221353471279148 0.04097947850823405 0.030145512893795967
v -0.05592550337314609 0.03192466497421267 0.03228865936398506
v -0.05221353471279148 0.04097947850823405 0.030145512893795967
v -0.05592550337314609 0.03192466497421267 0.03228865936398506
v -0.04811325669288639 0.04097947850823405 0.03633343055844307
v -0.051533725112676655 0.03192466497421267 0.0389164574444294
v -0.04811325669288639 0.04097947850823405 0.03633343055844307
v -0.051533725112676655 0.03192466497421267 0.0389164574444294
v -0.04328362643718722 0.04097947850823405 0.04197059944272041
v -0.04636074975132945 0.03192466497421267 0.04495440796017647
v -0.04328362643718722 0.04097947850823405 0.04197059944272041
v -0.04636074975132945 0.03192466497421267 0.04495440796017647
v -0.03779786080121997 0.04097947850823405 0.04697154834866524
v -0.040484990924596814 0.03192466497421267 0.05031083896756172
v -0.03779786080121997 0.04097947850823405 0.04697154834866524
v -0.040484990924596814 0.03192466497421267 0.05031083896756172
v -0.031739119440317175 0.04097947850823405 0.051260460168123245
v -0.03399552032351496 0.03192466497421267 0.05490468814969063
v -0.031739119440317175 0.04097947850823405 0.051260460168123245
v -0.03399552032351496 0.03192466497421267 0.05490468814969063
v -0.03030010499060156 0.03192175179719927 0.05700002983212471
v -0.03030010499060156 0.03192175179719927 0.05700002983212471
v -0.03399552032351496 0.03192466497421267 0.05490468814969063
v -0.031075555831193945 0.031068043783307096 0.05700002983212471
v 0.031170299276709577 0.030952859669923803 0.05700002983212471
v 0.03396439552307131 0.027185384184122103 0.05700002983212471
v 0.03399552032351496 0.03192466497421267 0.05490468814969063
v 0.03399552032351496 0.03192466497421267 0.05490468814969063
v 0.03396439552307131 0.027185384184122103 0.05700002983212471
v 0.03530538082122805 0.02493828348815443 0.05700002983212471
v 0.03399552032351496 0.03192466497421267 0.05490468814969063
v 0.03530538082122805 0.02493828348815443 0.05700002983212471
v 0.040484990924596814 0.03192466497421267 0.05031083896756172
v 0.040484990924596814 0.03192466497421267 0.05031083896756172
v 0.03530538082122805 0.02493828348815443 0.05700002983212471
v 0.04252456873655322 0.022449582815170302 0.05284546688199043
v 0.040484990924596814 0.03192466497421267 0.05031083896756172
v 0.04252456873655322 0.022449582815170302 0.05284546688199043
v 0.04636074975132945 0.03192466497421267 0.04495440796017647
v 0.048696342855691944 0.022449582815170302 0.04721914604306221
v 0.04636074975132945 0.03192466497421267 0.04495440796017647
v 0.048696342855691944 0.022449582815170302 0.04721914604306221
v 0.051533725112676655 0.03192466497421267 0.0389164574444294
v 0.054129924625158345 0.022449582815170302 0.040876973420381546
v 0.051533725112676655 0.03192466497421267 0.0389164574444294
v 0.054129924625158345 0.022449582815170302 0.040876973420381546
v 0.05592550337314609 0.03192466497421267 0.03228865936398506
v 0.05874295532703404 0.022449582815170302 0.03391527011990547
v 0.05592550337314609 0.03192466497421267 0.03228865936398506
v 0.05874295532703404 0.022449582815170302 0.03391527011990547
v 0.05946950614452366 0.03192466497421267 0.025171266868710518
v 0.062465503811836284 0.022449582815170302 0.02643941529095173
v 0.05946950614452366 0.03192466497421267 0.025171266868710518
v 0.062465503811836284 0.022449582815170302 0.02643941529095173
v 0.06211201474070553 0.03192466497421267 0.017672406509518623
v 0.06524113565683369 0.022449582815170302 0.018562661483883858
v 0.06211201474070553 0.03192466497421267 0.017672406509518623
v 0.06524113565683369 0.022449582815170302 0.018562661483883858
v 0.06381297111511235 0.03192466497421267 0.009905564598739147
v 0.06702777743339543 0.022449582815170302 0.010404693894088268
v 0.06381297111511235 0.03192466497421267 0.009905564598739147
v 0.06702777743339543 0.022449582815170302 0.010404693894088268
v 0.06454657763242726 0.03192466497421267 0.001988637028262019
v 0.06779835373163227 0.022449582815170302 0.002088892040774226
v 0.06454657763242726 0.03192466497421267 0.001988637028262019
v 0.06779835373163227 0.022449582815170302 0.002088892040774226
v 0.06430173665285115 0.03192466497421267 -0.0059584504924714565
v 0.06754116714000706 0.022449582815170302 -0.006258619483560324
v 0.06430173665285115 0.03192466497421267 -0.0059584504924714565
v 0.06754116714000706 0.022449582815170302 -0.006258619483560324
v 0.06308213621377949 0.03192466497421267 -0.013815176673233509
v 0.06626012921333317 0.022449582815170302 -0.01451123971492052
v 0.06308213621377949 0.03192466497421267 -0.013815176673233509
v 0.06626012921333317 0.022449582815170302 -0.01451123971492052
v 0.06090627983212475 0.03192466497421267 -0.02146257273852825
v 0.06397465616464619 0.022449582815170302 -0.022543800994753838
v 0.06090627983212475 0.03192466497421267 -0.02146257273852825
v 0.06397465616464619 0.022449582815170302 -0.022543800994753838
v 0.05780714750289921 0.03192466497421267 -0.028784526512026787
v 0.06071939319372181 0.022449582815170302 -0.03023470751941204
v 0.05780714750289921 0.03192466497421267 -0.028784526512026787
v 0.06071939319372181 0.022449582815170302 -0.03023470751941204
v 0.05383171513676647 0.03192466497421267 -0.03567017242312431
v 0.05654368549585346 0.022449582815170302 -0.03746725246310234
v 0.05383171513676647 0.03192466497421267 -0.03567017242312431
v 0.05654368549585346 0.022449582815170302 -0.03746725246310234
v 0.04904025048017505 0.03192466497421267 -0.042015086859464645
v 0.05151083320379261 0.022449582815170302 -0.04413176700472832
v 0.04904025048017505 0.03192466497421267 -0.042015086859464645
v 0.05151083320379261 0.022449582815170302 -0.04413176700472832
v 0.04350538551807406 0.03192466497421267 -0.047723185271024704
v 0.045697126537561444 0.022449582815170302 -0.05012739822268486
v 0.04350538551807406 0.03192466497421267 -0.047723185271024704
v 0.045697126537561444 0.022449582815170302 -0.05012739822268486
v 0.03731102123856547 0.03192466497421267 -0.05270768329501152
v 0.039190702140331296 0.022449582815170302 -0.05536307021975517
v 0.03731102123856547 0.03192466497421267 -0.05270768329501152
v 0.039190702140331296 0.022449582815170302 -0.05536307021975517
v 0.030551061034202597 0.03192466497421267 -0.05689335986971855
v 0.030551061034202597 0.03192466497421267 -0.05689335986971855
v 0.039190702140331296 0.022449582815170302 -0.05536307021975517
v 0.03209018334746363 0.022449582815170302 -0.059759508818387985
v 0.030551061034202597 0.03192466497421267 -0.05689335986971855
v 0.03209018334746363 0.022449582815170302 -0.059759508818387985
v 0.023327978327870383 0.03192466497421267 -0.06021643802523613
v 0.023327978327870383 0.03192466497421267 -0.06021643802523613
v 0.03209018334746363 0.022449582815170302 -0.059759508818387985
v 0.02450321055948736 0.022449582815170302 -0.06325007975101471
v 0.023327978327870383 0.03192466497421267 -0.06021643802523613
v 0.02450321055948736 0.022449582815170302 -0.06325007975101471
v 0.015751266852021228 0.03192466497421267 -0.06262673437595367
v 0.0165447946637869 0.022449582815170302 -0.0657818466424942
v 0.015751266852021228 0.03192466497421267 -0.06262673437595367
v 0.0165447946637869 0.022449582815170302 -0.0657818466424942
v 0.007935782894492155 0.03192466497421267 -0.06408776342868805
v 0.008335577324032789 0.022449582815170302 -0.06731642782688141
v 0.007935782894492155 0.03192466497421267 -0.06408776342868805
v 0.008335577324032789 0.022449582815170302 -0.06731642782688141
v -2.6743797655265815e-18 0.03192466497421267 -0.06457723677158356
v -2.6743797655265815e-18 0.022449582815170302 -0.06783057749271393
v -2.6743797655265815e-18 0.03192466497421267 -0.06457723677158356
v -2.6743797655265815e-18 0.022449582815170302 -0.06783057749271393
v -0.007935782894492155 0.03192466497421267 -0.06408776342868805
v -0.008335577324032789 0.022449582815170302 -0.06731642782688141
v -0.007935782894492155 0.03192466497421267 -0.06408776342868805
v -0.008335577324032789 0.022449582815170302 -0.06731642782688141
v -0.015751266852021228 0.03192466497421267 -0.06262673437595367
v -0.0165447946637869 0.022449582815170302 -0.0657818466424942
v -0.015751266852021228 0.03192466497421267 -0.06262673437595367
v -0.0165447946637869 0.022449582815170302 -0.0657818466424942
v -0.023327978327870383 0.03192466497421267 -0.06021643802523613
v -0.02450321055948736 0.022449582815170302 -0.06325007975101471
v -0.023327978327870383 0.03192466497421267 -0.06021643802523613
v -0.02450321055948736 0.022449582815170302 -0.06325007975101471
v -0.030551061034202597 0.03192466497421267 -0.05689335986971855
v -0.030551061034202597 0.03192466497421267 -0.05689335986971855
v -0.02450321055948736 0.022449582815170302 -0.06325007975101471
v -0.03209018334746363 0.022449582815170302 -0.059759508818387985
v -0.030551061034202597 0.03192466497421267 -0.05689335986971855
v -0.03209018334746363 0.022449582815170302 -0.059759508818387985
v -0.03731102123856547 0.03192466497421267 -0.05270768329501152
v -0.03731102123856547 0.03192466497421267 -0.05270768329501152
v -0.03209018334746363 0.022449582815170302 -0.059759508818387985
v -0.039190702140331296 0.022449582815170302 -0.05536307021975517
v -0.03731102123856547 0.03192466497421267 -0.05270768329501152
v -0.039190702140331296 0.022449582815170302 -0.05536307021975517
v -0.04350538551807406 0.03192466497421267 -0.047723185271024704
v -0.045697126537561444 0.022449582815170302 -0.05012739822268486
v -0.04350538551807406 0.03192466497421267 -0.047723185271024704
v -0.045697126537561444 0.022449582815170302 -0.05012739822268486
v -0.04904025048017505 0.03192466497421267 -0.042015086859464645
v -0.05151083320379261 0.022449582815170302 -0.04413176700472832
v -0.04904025048017505 0.03192466497421267 -0.042015086859464645
v -0.05151083320379261 0.022449582815170302 -0.04413176700472832
v -0.05383171513676647 0.03192466497421267 -0.03567017242312431
v -0.05654368549585346 0.022449582815170302 -0.03746725246310234
v -0.05383171513676647 0.03192466497421267 -0.03567017242312431
v -0.05654368549585346 0.022449582815170302 -0.03746725246310234
v -0.05780714750289921 0.03192466497421267 -0.028784526512026787
v -0.06071939319372181 0.022449582815170302 -0.03023470751941204
v -0.05780714750289921 0.03192466497421267 -0.028784526512026787
v -0.06071939319372181 0.022449582815170302 -0.03023470751941204
v -0.06090627983212475 0.03192466497421267 -0.02146257273852825
v -0.06397465616464619 0.022449582815170302 -0.022543800994753838
v -0.06090627983212475 0.03192466497421267 -0.02146257273852825
v -0.06397465616464619 0.022449582815170302 -0.022543800994753838
v -0.06308213621377949 0.03192466497421267 -0.013815176673233509
v -0.06626012921333317 0.022449582815170302 -0.01451123971492052
v -0.06308213621377949 0.03192466497421267 -0.013815176673233509
v -0.06626012921333317 0.022449582815170302 -0.01451123971492052
v -0.06430173665285115 0.03192466497421267 -0.0059584504924714565
v -0.06754116714000706 0.022449582815170302 -0.006258619483560324
v -0.06430173665285115 0.03192466497421267 -0.0059584504924714565
v -0.06754116714000706 0.022449582815170302 -0.006258619483560324
v -0.06454657763242726 0.03192466497421267 0.001988637028262019
v -0.06779835373163227 0.022449582815170302 0.002088892040774226
v -0.06454657763242726 0.03192466497421267 0.001988637028262019
v -0.06779835373163227 0.022449582815170302 0.002088892040774226
v -0.06381297111511235 0.03192466497421267 0.009905564598739147
v -0.06702777743339543 0.022449582815170302 0.010404693894088268
v -0.06381297111511235 0.03192466497421267 0.009905564598739147
v -0.06702777743339543 0.022449582815170302 0.010404693894088268
v -0.06211201474070553 0.03192466497421267 0.017672406509518623
v -0.06524113565683369 0.022449582815170302 0.018562661483883858
v -0.06211201474070553 0.03192466497421267 0.017672406509518623
v -0.06524113565683369 0.022449582815170302 0.018562661483883858
v -0.05946950614452366 0.03192466497421267 0.025171266868710518
v -0.062465503811836284 0.022449582815170302 0.02643941529095173
v -0.05946950614452366 0.03192466497421267 0.025171266868710518
v -0.062465503811836284 0.022449582815170302 0.02643941529095173
v -0.05592550337314609 0.03192466497421267 0.03228865936398506
v -0.05874295532703404 0.022449582815170302 0.03391527011990547
v -0.05592550337314609 0.03192466497421267 0.03228865936398506
v -0.05874295532703404 0.022449582815170302 0.03391527011990547
v -0.051533725112676655 0.03192466497421267 0.0389164574444294
v -0.054129924625158345 0.022449582815170302 0.040876973420381546
v -0.051533725112676655 0.03192466497421267 0.0389164574444294
v -0.054129924625158345 0.022449582815170302 0.040876973420381546
v -0.04636074975132945 0.03192466497421267 0.04495440796017647
v -0.048696342855691944 0.022449582815170302 0.04721914604306221
v -0.04636074975132945 0.03192466497421267 0.04495440796017647
v -0.048696342855691944 0.022449582815170302 0.04721914604306221
v -0.040484990924596814 0.03192466497421267 0.05031083896756172
v -0.04252456873655322 0.022449582815170302 0.05284546688199043
v -0.040484990924596814 0.03192466497421267 0.05031083896756172
v -0.04252456873655322 0.022449582815170302 0.05284546688199043
v -0.03671170398592952 0.022443961352109923 0.05700002983212471
v -0.03671170398592952 0.022443961352109923 0.05700002983212471
v -0.04252456873655322 0.022449582815170302 0.05284546688199043
v -0.03797395527362826 0.01997492276132108 0.05700002983212471
v 0.03868468478322032 0.018334574997425093 0.05700002983212471
v 0.04252456873655322 0.022449582815170302 0.05284546688199043
v 0.03868468478322032 0.018334574997425093 0.05700002983212471
v 0.043891329318285016 0.012671630829572686 0.054543960839509964
v 0.04252456873655322 0.022449582815170302 0.05284546688199043
v 0.043891329318285016 0.012671630829572686 0.054543960839509964
v 0.048696342855691944 0.022449582815170302 0.04721914604306221
v 0.05026146769523624 0.012671630829572686 0.048736799508333206
v 0.048696342855691944 0.022449582815170302 0.04721914604306221
v 0.05026146769523624 0.012671630829572686 0.048736799508333206
v 0.054129924625158345 0.022449582815170302 0.040876973420381546
v 0.05586968734860424 0.012671630829572686 0.042190779000520706
v 0.054129924625158345 0.022449582815170302 0.040876973420381546
v 0.05586968734860424 0.012671630829572686 0.042190779000520706
v 0.05874295532703404 0.022449582815170302 0.03391527011990547
v 0.060630984604358715 0.012671630829572686 0.035005319863557816
v 0.05874295532703404 0.022449582815170302 0.03391527011990547
v 0.060630984604358715 0.012671630829572686 0.035005319863557816
v 0.062465503811836284 0.022449582815170302 0.02643941529095173
v 0.06447317451238636 0.012671630829572686 0.027289139106869698
v 0.062465503811836284 0.022449582815170302 0.02643941529095173
v 0.06447317451238636 0.012671630829572686 0.027289139106869698
v 0.06524113565683369 0.022449582815170302 0.018562661483883858
v 0.06733801960945134 0.012671630829572686 0.019159303978085518
v 0.06524113565683369 0.022449582815170302 0.018562661483883858
v 0.06733801960945134 0.012671630829572686 0.019159303978085518
v 0.06702777743339543 0.022449582815170302 0.010404693894088268
v 0.06918209046125416 0.012671630829572686 0.01073907595127821
v 0.06702777743339543 0.022449582815170302 0.010404693894088268
v 0.06918209046125416 0.012671630829572686 0.01073907595127821
v 0.06779835373163227 0.022449582815170302 0.002088892040774226
v 0.06997742503881459 0.012671630829572686 0.002156006870791316
v 0.06779835373163227 0.022449582815170302 0.002088892040774226
v 0.06997742503881459 0.012671630829572686 0.002156006870791316
v 0.06754116714000706 0.022449582815170302 -0.006258619483560324
v 0.06971197575330738 0.012671630829572686 -0.006459725555032492
v 0.06754116714000706 0.022449582815170302 -0.006258619483560324
v 0.06971197575330738 0.012671630829572686 -0.006459725555032492
v 0.06626012921333317 0.022449582815170302 -0.01451123971492052
v 0.0683897659182549 0.012671630829572686 -0.014977586455643177
v 0.06626012921333317 0.022449582815170302 -0.01451123971492052
v 0.0683897659182549 0.012671630829572686 -0.014977586455643177
v 0.06397465616464619 0.022449582815170302 -0.022543800994753838
v 0.06603083759546284 0.012671630829572686 -0.023268355056643486
v 0.06397465616464619 0.022449582815170302 -0.022543800994753838
v 0.06603083759546284 0.012671630829572686 -0.023268355056643486
v 0.06071939319372181 0.022449582815170302 -0.03023470751941204
v 0.06267094612121586 0.012671630829572686 -0.03120638243854046
v 0.06071939319372181 0.022449582815170302 -0.03023470751941204
v 0.06267094612121586 0.012671630829572686 -0.03120638243854046
v 0.05654368549585346 0.022449582815170302 -0.03746725246310234
v 0.05836102738976483 0.012671630829572686 -0.03867138549685478
v 0.05654368549585346 0.022449582815170302 -0.03746725246310234
v 0.05836102738976483 0.012671630829572686 -0.03867138549685478
v 0.05151083320379261 0.022449582815170302 -0.04413176700472832
v 0.05151083320379261 0.022449582815170302 -0.04413176700472832
v 0.05836102738976483 0.012671630829572686 -0.03867138549685478
v 0.053166415542364155 0.012671630829572686 -0.04555023834109306
v 0.05151083320379261 0.022449582815170302 -0.04413176700472832
v 0.053166415542364155 0.012671630829572686 -0.04555023834109306
v 0.045697126537561444 0.022449582815170302 -0.05012739822268486
v 0.04716585576534275 0.012671630829572686 -0.05173851177096367
v 0.045697126537561444 0.022449582815170302 -0.05012739822268486
v 0.04716585576534275 0.012671630829572686 -0.05173851177096367
v 0.039190702140331296 0.022449582815170302 -0.05536307021975517
v 0.040450308471918134 0.012671630829572686 -0.057142507284879684
v 0.039190702140331296 0.022449582815170302 -0.05536307021975517
v 0.040450308471918134 0.012671630829572686 -0.057142507284879684
v 0.03209018334746363 0.022449582815170302 -0.059759508818387985
v 0.03312157839536669 0.012671630829572686 -0.06168020889163017
v 0.03209018334746363 0.022449582815170302 -0.059759508818387985
v 0.03312157839536669 0.012671630829572686 -0.06168020889163017
v 0.02450321055948736 0.022449582815170302 -0.06325007975101471
v 0.02529075741767885 0.012671630829572686 -0.06528295576572418
v 0.02450321055948736 0.022449582815170302 -0.06325007975101471
v 0.02529075741767885 0.012671630829572686 -0.06528295576572418
v 0.0165447946637869 0.022449582815170302 -0.0657818466424942
v 0.017076553776860248 0.012671630829572686 -0.06789614260196686
v 0.0165447946637869 0.022449582815170302 -0.0657818466424942
v 0.017076553776860248 0.012671630829572686 -0.06789614260196686
v 0.008335577324032789 0.022449582815170302 -0.06731642782688141
v 0.008335577324032789 0.022449582815170302 -0.06731642782688141
v 0.017076553776860248 0.012671630829572686 -0.06789614260196686
v 0.00860348623245955 0.012671630829572686 -0.06947995722293854
v 0.008335577324032789 0.022449582815170302 -0.06731642782688141
v 0.00860348623245955 0.012671630829572686 -0.06947995722293854
v -2.6743797655265815e-18 0.022449582815170302 -0.06783057749271393
v -2.6743797655265815e-18 0.012671630829572686 -0.07001067698001862
v -2.6743797655265815e-18 0.022449582815170302 -0.06783057749271393
v -2.6743797655265815e-18 0.012671630829572686 -0.07001067698001862
v -0.008335577324032789 0.022449582815170302 -0.06731642782688141
v -0.00860348623245955 0.012671630829572686 -0.06947995722293854
v -0.008335577324032789 0.022449582815170302 -0.06731642782688141
v -0.00860348623245955 0.012671630829572686 -0.06947995722293854
v -0.0165447946637869 0.022449582815170302 -0.0657818466424942
v -0.0165447946637869 0.022449582815170302 -0.0657818466424942
v -0.00860348623245955 0.012671630829572686 -0.06947995722293854
v -0.017076553776860248 0.012671630829572686 -0.06789614260196686
v -0.0165447946637869 0.022449582815170302 -0.0657818466424942
v -0.017076553776860248 0.012671630829572686 -0.06789614260196686
v -0.02450321055948736 0.022449582815170302 -0.06325007975101471
v -0.02529075741767885 0.012671630829572686 -0.06528295576572418
v -0.02450321055948736 0.022449582815170302 -0.06325007975101471
v -0.02529075741767885 0.012671630829572686 -0.06528295576572418
v -0.03209018334746363 0.022449582815170302 -0.059759508818387985
v -0.03312157839536669 0.012671630829572686 -0.06168020889163017
v -0.03209018334746363 0.022449582815170302 -0.059759508818387985
v -0.03312157839536669 0.012671630829572686 -0.06168020889163017
v -0.039190702140331296 0.022449582815170302 -0.05536307021975517
v -0.040450308471918134 0.012671630829572686 -0.057142507284879684
v -0.039190702140331296 0.022449582815170302 -0.05536307021975517
v -0.040450308471918134 0.012671630829572686 -0.057142507284879684
v -0.045697126537561444 0.022449582815170302 -0.05012739822268486
v -0.04716585576534275 0.012671630829572686 -0.05173851177096367
v -0.045697126537561444 0.022449582815170302 -0.05012739822268486
v -0.04716585576534275 0.012671630829572686 -0.05173851177096367
v -0.05151083320379261 0.022449582815170302 -0.04413176700472832
v -0.053166415542364155 0.012671630829572686 -0.04555023834109306
v -0.05151083320379261 0.022449582815170302 -0.04413176700472832
v -0.053166415542364155 0.012671630829572686 -0.04555023834109306
v -0.05654368549585346 0.022449582815170302 -0.03746725246310234
v -0.05654368549585346 0.022449582815170302 -0.03746725246310234
v -0.053166415542364155 0.012671630829572686 -0.04555023834109306
v -0.05836102738976483 0.012671630829572686 -0.03867138549685478
v -0.05654368549585346 0.022449582815170302 -0.03746725246310234
v -0.05836102738976483 0.012671630829572686 -0.03867138549685478
v -0.06071939319372181 0.022449582815170302 -0.03023470751941204
v -0.06267094612121586 0.012671630829572686 -0.03120638243854046
v -0.06071939319372181 0.022449582815170302 -0.03023470751941204
v -0.06267094612121586 0.012671630829572686 -0.03120638243854046
v -0.06397465616464619 0.022449582815170302 -0.022543800994753838
v -0.06603083759546284 0.012671630829572686 -0.023268355056643486
v -0.06397465616464619 0.022449582815170302 -0.022543800994753838
v -0.06603083759546284 0.012671630829572686 -0.023268355056643486
v -0.06626012921333317 0.022449582815170302 -0.01451123971492052
v -0.0683897659182549 0.012671630829572686 -0.014977586455643177
v -0.06626012921333317 0.022449582815170302 -0.01451123971492052
v -0.0683897659182549 0.012671630829572686 -0.014977586455643177
v -0.06754116714000706 0.022449582815170302 -0.006258619483560324
v -0.06971197575330738 0.012671630829572686 -0.006459725555032492
v -0.06754116714000706 0.022449582815170302 -0.006258619483560324
v -0.06971197575330738 0.012671630829572686 -0.006459725555032492
v -0.06779835373163227 0.022449582815170302 0.002088892040774226
v -0.06997742503881459 0.012671630829572686 0.002156006870791316
v -0.06779835373163227 0.022449582815170302 0.002088892040774226
v -0.06997742503881459 0.012671630829572686 0.002156006870791316
v -0.06702777743339543 0.022449582815170302 0.010404693894088268
v -0.06918209046125416 0.012671630829572686 0.01073907595127821
v -0.06702777743339543 0.022449582815170302 0.010404693894088268
v -0.06918209046125416 0.012671630829572686 0.01073907595127821
v -0.06524113565683369 0.022449582815170302 0.018562661483883858
v -0.06733801960945134 0.012671630829572686 0.019159303978085518
v -0.06524113565683369 0.022449582815170302 0.018562661483883858
v -0.06733801960945134 0.012671630829572686 0.019159303978085518
v -0.062465503811836284 0.022449582815170302 0.02643941529095173
v -0.06447317451238636 0.012671630829572686 0.027289139106869698
v -0.062465503811836284 0.022449582815170302 0.02643941529095173
v -0.06447317451238636 0.012671630829572686 0.027289139106869698
v -0.05874295532703404 0.022449582815170302 0.03391527011990547
v -0.060630984604358715 0.012671630829572686 0.035005319863557816
v -0.05874295532703404 0.022449582815170302 0.03391527011990547
v -0.060630984604358715 0.012671630829572686 0.035005319863557816
v -0.054129924625158345 0.022449582815170302 0.040876973420381546
v -0.05586968734860424 0.012671630829572686 0.042190779000520706
v -0.054129924625158345 0.022449582815170302 0.040876973420381546
v -0.05586968734860424 0.012671630829572686 0.042190779000520706
v -0.048696342855691944 0.022449582815170302 0.04721914604306221
v -0.05026146769523624 0.012671630829572686 0.048736799508333206
v -0.048696342855691944 0.022449582815170302 0.04721914604306221
v -0.05026146769523624 0.012671630829572686 0.048736799508333206
v -0.04252456873655322 0.022449582815170302 0.05284546688199043
v -0.043891329318285016 0.012671630829572686 0.054543960839509964
v -0.04252456873655322 0.022449582815170302 0.05284546688199043
v -0.043891329318285016 0.012671630829572686 0.054543960839509964
v -0.04059805721044543 0.012667071074247369 0.05700002983212471
v -0.04059805721044543 0.012667071074247369 0.05700002983212471
v -0.043891329318285016 0.012671630829572686 0.054543960839509964
v -0.04111856222152713 0.010913047939538963 0.05700002983212471
v 0.04155138880014422 0.00901806447654963 0.05700002983212471
v 0.04186723753809932 0.007382142823189502 0.05700002983212471
v 0.043891329318285016 0.012671630829572686 0.054543960839509964
v 0.043891329318285016 0.012671630829572686 0.054543960839509964
v 0.04186723753809932 0.007382142823189502 0.05700002983212471
v 0.044568337500095395 0.0027119591832160967 0.05538522079586983
v 0.043891329318285016 0.012671630829572686 0.054543960839509964
v 0.044568337500095395 0.0027119591832160967 0.05538522079586983
v 0.05026146769523624 0.012671630829572686 0.048736799508333206
v 0.05103673040866855 0.0027119591832160967 0.04948853328824043
v 0.05026146769523624 0.012671630829572686 0.048736799508333206
v 0.05103673040866855 0.0027119591832160967 0.04948853328824043
v 0.05586968734860424 0.012671630829572686 0.042190779000520706
v 0.05586968734860424 0.012671630829572686 0.042190779000520706
v 0.05103673040866855 0.0027119591832160967 0.04948853328824043
v 0.05673145875334743 0.0027119591832160967 0.04284166172146797
v 0.05586968734860424 0.012671630829572686 0.042190779000520706
v 0.05673145875334743 0.0027119591832160967 0.04284166172146797
v 0.060630984604358715 0.012671630829572686 0.035005319863557816
v 0.060630984604358715 0.012671630829572686 0.035005319863557816
v 0.05673145875334743 0.0027119591832160967 0.04284166172146797
v 0.06156619638204579 0.0027119591832160967 0.035545218735933304
v 0.060630984604358715 0.012671630829572686 0.035005319863557816
v 0.06156619638204579 0.0027119591832160967 0.035545218735933304
v 0.06447317451238636 0.012671630829572686 0.027289139106869698
v 0.06546764820814137 0.0027119591832160967 0.027710067108273506
v 0.06447317451238636 0.012671630829572686 0.027289139106869698
v 0.06546764820814137 0.0027119591832160967 0.027710067108273506
v 0.06733801960945134 0.012671630829572686 0.019159303978085518
v 0.0683766826987267 0.0027119591832160967 0.019454823806881905
v 0.06733801960945134 0.012671630829572686 0.019159303978085518
v 0.0683766826987267 0.0027119591832160967 0.019454823806881905
v 0.06918209046125416 0.012671630829572686 0.01073907595127821
v 0.07024919986724858 0.0027119591832160967 0.010904657654464245
v 0.06918209046125416 0.012671630829572686 0.01073907595127821
v 0.07024919986724858 0.0027119591832160967 0.010904657654464245
v 0.06997742503881459 0.012671630829572686 0.002156006870791316
v 0.07105680555105214 0.0027119591832160967 0.002189266262575984
v 0.06997742503881459 0.012671630829572686 0.002156006870791316
v 0.07105680555105214 0.0027119591832160967 0.002189266262575984
v 0.06971197575330738 0.012671630829572686 -0.006459725555032492
v 0.07078725844621662 0.0027119591832160967 -0.006559384521096945
v 0.06971197575330738 0.012671630829572686 -0.006459725555032492
v 0.07078725844621662 0.0027119591832160967 -0.006559384521096945
v 0.0683897659182549 0.012671630829572686 -0.014977586455643177
v 0.06944465637207035 0.0027119591832160967 -0.015208614058792591
v 0.0683897659182549 0.012671630829572686 -0.014977586455643177
v 0.06944465637207035 0.0027119591832160967 -0.015208614058792591
v 0.06603083759546284 0.012671630829572686 -0.023268355056643486
v 0.06704933941364292 0.0027119591832160967 -0.02362729422748089
v 0.06603083759546284 0.012671630829572686 -0.023268355056643486
v 0.06704933941364292 0.0027119591832160967 -0.02362729422748089
v 0.06267094612121586 0.012671630829572686 -0.03120638243854046
v 0.06363762170076374 0.0027119591832160967 -0.031687747687101364
v 0.06267094612121586 0.012671630829572686 -0.03120638243854046
v 0.06363762170076374 0.0027119591832160967 -0.031687747687101364
v 0.05836102738976483 0.012671630829572686 -0.03867138549685478
v 0.05926122516393666 0.0027119591832160967 -0.03926790878176689
v 0.05836102738976483 0.012671630829572686 -0.03867138549685478
v 0.05926122516393666 0.0027119591832160967 -0.03926790878176689
v 0.053166415542364155 0.012671630829572686 -0.04555023834109306
v 0.053166415542364155 0.012671630829572686 -0.04555023834109306
v 0.05926122516393666 0.0027119591832160967 -0.03926790878176689
v 0.053986489772796666 0.0027119591832160967 -0.04625273868441582
v 0.053166415542364155 0.012671630829572686 -0.04555023834109306
v 0.053986489772796666 0.0027119591832160967 -0.04625273868441582
v 0.04716585576534275 0.012671630829572686 -0.05173851177096367
v 0.04789337143301967 0.0027119591832160967 -0.0525364987552166
v 0.04716585576534275 0.012671630829572686 -0.05173851177096367
v 0.04789337143301967 0.0027119591832160967 -0.0525364987552166
v 0.040450308471918134 0.012671630829572686 -0.057142507284879684
v 0.041074242442846326 0.0027119591832160967 -0.05802382156252861
v 0.040450308471918134 0.012671630829572686 -0.057142507284879684
v 0.041074242442846326 0.0027119591832160967 -0.05802382156252861
v 0.03312157839536669 0.012671630829572686 -0.06168020889163017
v 0.03312157839536669 0.012671630829572686 -0.06168020889163017
v 0.041074242442846326 0.0027119591832160967 -0.05802382156252861
v 0.033632464706897756 0.0027119591832160967 -0.06263162195682526
v 0.03312157839536669 0.012671630829572686 -0.06168020889163017
v 0.033632464706897756 0.0027119591832160967 -0.06263162195682526
v 0.02529075741767885 0.012671630829572686 -0.06528295576572418
v 0.025680856779217737 0.0027119591832160967 -0.06628991663455963
v 0.02529075741767885 0.012671630829572686 -0.06528295576572418
v 0.025680856779217737 0.0027119591832160967 -0.06628991663455963
v 0.017076553776860248 0.012671630829572686 -0.06789614260196686
v 0.017339952290058146 0.0027119591832160967 -0.06894339621067047
v 0.017076553776860248 0.012671630829572686 -0.06789614260196686
v 0.017339952290058146 0.0027119591832160967 -0.06894339621067047
v 0.00860348623245955 0.012671630829572686 -0.06947995722293854
v 0.008736192248761659 0.0027119591832160967 -0.07055164873600006
v 0.00860348623245955 0.012671630829572686 -0.06947995722293854
v 0.008736192248761659 0.0027119591832160967 -0.07055164873600006
v -2.6743797655265815e-18 0.012671630829572686 -0.07001067698001862
v -2.6743797655265815e-18 0.012671630829572686 -0.07001067698001862
v 0.008736192248761659 0.0027119591832160967 -0.07055164873600006
v -2.6743797655265815e-18 0.0027119591832160967 -0.07109047472476959
v -2.6743797655265815e-18 0.012671630829572686 -0.07001067698001862
v -2.6743797655265815e-18 0.0027119591832160967 -0.07109047472476959
v -0.00860348623245955 0.012671630829572686 -0.06947995722293854
v -0.00860348623245955 0.012671630829572686 -0.06947995722293854
v -2.6743797655265815e-18 0.0027119591832160967 -0.07109047472476959
v -0.008736192248761659 0.0027119591832160967 -0.07055164873600006
v -0.00860348623245955 0.012671630829572686 -0.06947995722293854
v -0.008736192248761659 0.0027119591832160967 -0.07055164873600006
v -0.017076553776860248 0.012671630829572686 -0.06789614260196686
v -0.017339952290058146 0.0027119591832160967 -0.06894339621067047
v -0.017076553776860248 0.012671630829572686 -0.06789614260196686
v -0.017339952290058146 0.0027119591832160967 -0.06894339621067047
v -0.02529075741767885 0.012671630829572686 -0.06528295576572418
v -0.025680856779217737 0.0027119591832160967 -0.06628991663455963
v -0.02529075741767885 0.012671630829572686 -0.06528295576572418
v -0.025680856779217737 0.0027119591832160967 -0.06628991663455963
v -0.03312157839536669 0.012671630829572686 -0.06168020889163017
v -0.033632464706897756 0.0027119591832160967 -0.06263162195682526
v -0.03312157839536669 0.012671630829572686 -0.06168020889163017
v -0.033632464706897756 0.0027119591832160967 -0.06263162195682526
v -0.040450308471918134 0.012671630829572686 -0.057142507284879684
v -0.040450308471918134 0.012671630829572686 -0.057142507284879684
v -0.033632464706897756 0.0027119591832160967 -0.06263162195682526
v -0.041074242442846326 0.0027119591832160967 -0.05802382156252861
v -0.040450308471918134 0.012671630829572686 -0.057142507284879684
v -0.041074242442846326 0.0027119591832160967 -0.05802382156252861
v -0.04716585576534275 0.012671630829572686 -0.05173851177096367
v -0.04789337143301967 0.0027119591832160967 -0.0525364987552166
v -0.04716585576534275 0.012671630829572686 -0.05173851177096367
v -0.04789337143301967 0.0027119591832160967 -0.0525364987552166
v -0.053166415542364155 0.012671630829572686 -0.04555023834109306
v -0.053986489772796666 0.0027119591832160967 -0.04625273868441582
v -0.053166415542364155 0.012671630829572686 -0.04555023834109306
v -0.053986489772796666 0.0027119591832160967 -0.04625273868441582
v -0.05836102738976483 0.012671630829572686 -0.03867138549685478
v -0.05836102738976483 0.012671630829572686 -0.03867138549685478
v -0.053986489772796666 0.0027119591832160967 -0.04625273868441582
v -0.05926122516393666 0.0027119591832160967 -0.03926790878176689
v -0.05836102738976483 0.012671630829572686 -0.03867138549685478
v -0.05926122516393666 0.0027119591832160967 -0.03926790878176689
v -0.06267094612121586 0.012671630829572686 -0.03120638243854046
v -0.06363762170076374 0.0027119591832160967 -0.031687747687101364
v -0.06267094612121586 0.012671630829572686 -0.03120638243854046
v -0.06363762170076374 0.0027119591832160967 -0.031687747687101364
v -0.06603083759546284 0.012671630829572686 -0.023268355056643486
v -0.06704933941364292 0.0027119591832160967 -0.02362729422748089
v -0.06603083759546284 0.012671630829572686 -0.023268355056643486
v -0.06704933941364292 0.0027119591832160967 -0.02362729422748089
v -0.0683897659182549 0.012671630829572686 -0.014977586455643177
v -0.06944465637207035 0.0027119591832160967 -0.015208614058792591
v -0.0683897659182549 0.012671630829572686 -0.014977586455643177
v -0.06944465637207035 0.0027119591832160967 -0.015208614058792591
v -0.06971197575330738 0.012671630829572686 -0.006459725555032492
v -0.07078725844621662 0.0027119591832160967 -0.006559384521096945
v -0.06971197575330738 0.012671630829572686 -0.006459725555032492
v -0.07078725844621662 0.0027119591832160967 -0.006559384521096945
v -0.06997742503881459 0.012671630829572686 0.002156006870791316
v -0.07105680555105214 0.0027119591832160967 0.002189266262575984
v -0.06997742503881459 0.012671630829572686 0.002156006870791316
v -0.07105680555105214 0.0027119591832160967 0.002189266262575984
v -0.06918209046125416 0.012671630829572686 0.01073907595127821
v -0.07024919986724858 0.0027119591832160967 0.010904657654464245
v -0.06918209046125416 0.012671630829572686 0.01073907595127821
v -0.07024919986724858 0.0027119591832160967 0.010904657654464245
v -0.06733801960945134 0.012671630829572686 0.019159303978085518
v -0.0683766826987267 0.0027119591832160967 0.019454823806881905
v -0.06733801960945134 0.012671630829572686 0.019159303978085518
v -0.0683766826987267 0.0027119591832160967 0.019454823806881905
v -0.06447317451238636 0.012671630829572686 0.027289139106869698
v -0.06546764820814137 0.0027119591832160967 0.027710067108273506
v -0.06447317451238636 0.012671630829572686 0.027289139106869698
v -0.06546764820814137 0.0027119591832160967 0.027710067108273506
v -0.060630984604358715 0.012671630829572686 0.035005319863557816
v -0.06156619638204579 0.0027119591832160967 0.035545218735933304
v -0.060630984604358715 0.012671630829572686 0.035005319863557816
v -0.06156619638204579 0.0027119591832160967 0.035545218735933304
v -0.05586968734860424 0.012671630829572686 0.042190779000520706
v -0.05586968734860424 0.012671630829572686 0.042190779000520706
v -0.06156619638204579 0.0027119591832160967 0.035545218735933304
v -0.05673145875334743 0.0027119591832160967 0.04284166172146797
v -0.05586968734860424 0.012671630829572686 0.042190779000520706
v -0.05673145875334743 0.0027119591832160967 0.04284166172146797
v -0.05026146769523624 0.012671630829572686 0.048736799508333206
v -0.05026146769523624 0.012671630829572686 0.048736799508333206
v -0.05673145875334743 0.0027119591832160967 0.04284166172146797
v -0.05103673040866855 0.0027119591832160967 0.04948853328824043
v -0.05026146769523624 0.012671630829572686 0.048736799508333206
v -0.05103673040866855 0.0027119591832160967 0.04948853328824043
v -0.043891329318285016 0.012671630829572686 0.054543960839509964
v -0.044568337500095395 0.0027119591832160967 0.05538522079586983
v -0.043891329318285016 0.012671630829572686 0.054543960839509964
v -0.044568337500095395 0.0027119591832160967 0.05538522079586983
v -0.04245338216423991 0.003045621095225217 0.05700002983212471
v -0.04245338216423991 0.003045621095225217 0.05700002983212471
v 0.04250541329383853 0.0024568056687712687 0.05700002983212471
v 0.044568337500095395 0.0027119591832160967 0.05538522079586983
v 0.04250541329383853 0.0024568056687712687 0.05700002983212471
v 0.04454720392823222 -0.007306028623133903 0.055358994752168655
v 0.044568337500095395 0.0027119591832160967 0.05538522079586983
v 0.04454720392823222 -0.007306028623133903 0.055358994752168655
v 0.05103673040866855 0.0027119591832160967 0.04948853328824043
v 0.051012530922889744 -0.007306028623133903 0.04946504905819893
v 0.05103673040866855 0.0027119591832160967 0.04948853328824043
v 0.051012530922889744 -0.007306028623133903 0.04946504905819893
v 0.05673145875334743 0.0027119591832160967 0.04284166172146797
v 0.05670455843210224 -0.007306028623133903 0.04282127693295479
v 0.05673145875334743 0.0027119591832160967 0.04284166172146797
v 0.05670455843210224 -0.007306028623133903 0.04282127693295479
v 0.06156619638204579 0.0027119591832160967 0.035545218735933304
v 0.06153700128197674 -0.007306028623133903 0.035528410226106644
v 0.06156619638204579 0.0027119591832160967 0.035545218735933304
v 0.06153700128197674 -0.007306028623133903 0.035528410226106644
v 0.06546764820814137 0.0027119591832160967 0.027710067108273506
v 0.06543660908937458 -0.007306028623133903 0.02769695408642292
v 0.06546764820814137 0.0027119591832160967 0.027710067108273506
v 0.06543660908937458 -0.007306028623133903 0.02769695408642292
v 0.0683766826987267 0.0027119591832160967 0.019454823806881905
v 0.06834425777196888 -0.007306028623133903 0.019445644691586494
v 0.0683766826987267 0.0027119591832160967 0.019454823806881905
v 0.06834425777196888 -0.007306028623133903 0.019445644691586494
v 0.07024919986724858 0.0027119591832160967 0.010904657654464245
v 0.07021588832139973 -0.007306028623133903 0.010899531655013561
v 0.07024919986724858 0.0027119591832160967 0.010904657654464245
v 0.07021588832139973 -0.007306028623133903 0.010899531655013561
v 0.07105680555105214 0.0027119591832160967 0.002189266262575984
v 0.07102310657501225 -0.007306028623133903 0.002188193378970027
v 0.07105680555105214 0.0027119591832160967 0.002189266262575984
v 0.07102310657501225 -0.007306028623133903 0.002188193378970027
v 0.07078725844621662 0.0027119591832160967 -0.006559384521096945
v 0.07075369358062748 -0.007306028623133903 -0.0065562850795686245
v 0.07078725844621662 0.0027119591832160967 -0.006559384521096945
v 0.07075369358062748 -0.007306028623133903 -0.0065562850795686245
v 0.06944465637207035 0.0027119591832160967 -0.015208614058792591
v 0.06941172480583195 -0.007306028623133903 -0.015201461501419544
v 0.06944465637207035 0.0027119591832160967 -0.015208614058792591
v 0.06941172480583195 -0.007306028623133903 -0.015201461501419544
v 0.06704933941364292 0.0027119591832160967 -0.02362729422748089
v 0.06701754778623585 -0.007306028623133903 -0.023616088554263115
v 0.06704933941364292 0.0027119591832160967 -0.02362729422748089
v 0.06701754778623585 -0.007306028623133903 -0.023616088554263115
v 0.06363762170076374 0.0027119591832160967 -0.031687747687101364
v 0.0636074468493462 -0.007306028623133903 -0.031672727316617966
v 0.06363762170076374 0.0027119591832160967 -0.031687747687101364
v 0.0636074468493462 -0.007306028623133903 -0.031672727316617966
v 0.05926122516393666 0.0027119591832160967 -0.03926790878176689
v 0.05923312529921536 -0.007306028623133903 -0.03924931213259697
v 0.05926122516393666 0.0027119591832160967 -0.03926790878176689
v 0.05923312529921536 -0.007306028623133903 -0.03924931213259697
v 0.053986489772796666 0.0027119591832160967 -0.04625273868441582
v 0.053960889577865635 -0.007306028623133903 -0.046230804175138474
v 0.053986489772796666 0.0027119591832160967 -0.04625273868441582
v 0.053960889577865635 -0.007306028623133903 -0.046230804175138474
v 0.04789337143301967 0.0027119591832160967 -0.0525364987552166
v 0.04787066206336025 -0.007306028623133903 -0.052511584013700485
v 0.04789337143301967 0.0027119591832160967 -0.0525364987552166
v 0.04787066206336025 -0.007306028623133903 -0.052511584013700485
v 0.041074242442846326 0.0027119591832160967 -0.05802382156252861
v 0.041074242442846326 0.0027119591832160967 -0.05802382156252861
v 0.04787066206336025 -0.007306028623133903 -0.052511584013700485
v 0.04105476662516597 -0.007306028623133903 -0.05799640342593193
v 0.041074242442846326 0.0027119591832160967 -0.05802382156252861
v 0.04105476662516597 -0.007306028623133903 -0.05799640342593193
v 0.033632464706897756 0.0027119591832160967 -0.06263162195682526
v 0.033632464706897756 0.0027119591832160967 -0.06263162195682526
v 0.04105476662516597 -0.007306028623133903 -0.05799640342593193
v 0.03361652046442034 -0.007306028623133903 -0.06260193884372711
v 0.033632464706897756 0.0027119591832160967 -0.06263162195682526
v 0.03361652046442034 -0.007306028623133903 -0.06260193884372711
v 0.025680856779217737 0.0027119591832160967 -0.06628991663455963
v 0.025668680667877215 -0.007306028623133903 -0.06625844538211823
v 0.025680856779217737 0.0027119591832160967 -0.06628991663455963
v 0.025668680667877215 -0.007306028623133903 -0.06625844538211823
v 0.017339952290058146 0.0027119591832160967 -0.06894339621067047
v 0.01733173057436944 -0.007306028623133903 -0.06891073286533356
v 0.017339952290058146 0.0027119591832160967 -0.06894339621067047
v 0.01733173057436944 -0.007306028623133903 -0.06891073286533356
v 0.008736192248761659 0.0027119591832160967 -0.07055164873600006
v 0.00873204972594977 -0.007306028623133903 -0.07051827013492584
v 0.008736192248761659 0.0027119591832160967 -0.07055164873600006
v 0.00873204972594977 -0.007306028623133903 -0.07051827013492584
v -2.6743797655265815e-18 0.0027119591832160967 -0.07109047472476959
v -2.6743797655265815e-18 -0.007306028623133903 -0.07105685770511627
v -2.6743797655265815e-18 0.0027119591832160967 -0.07109047472476959
v -2.6743797655265815e-18 -0.007306028623133903 -0.07105685770511627
v -0.008736192248761659 0.0027119591832160967 -0.07055164873600006
v -0.00873204972594977 -0.007306028623133903 -0.07051827013492584
v -0.008736192248761659 0.0027119591832160967 -0.07055164873600006
v -0.00873204972594977 -0.007306028623133903 -0.07051827013492584
v -0.017339952290058146 0.0027119591832160967 -0.06894339621067047
v -0.01733173057436944 -0.007306028623133903 -0.06891073286533356
v -0.017339952290058146 0.0027119591832160967 -0.06894339621067047
v -0.01733173057436944 -0.007306028623133903 -0.06891073286533356
v -0.025680856779217737 0.0027119591832160967 -0.06628991663455963
v -0.025668680667877215 -0.007306028623133903 -0.06625844538211823
v -0.025680856779217737 0.0027119591832160967 -0.06628991663455963
v -0.025668680667877215 -0.007306028623133903 -0.06625844538211823
v -0.033632464706897756 0.0027119591832160967 -0.06263162195682526
v -0.03361652046442034 -0.007306028623133903 -0.06260193884372711
v -0.033632464706897756 0.0027119591832160967 -0.06263162195682526
v -0.03361652046442034 -0.007306028623133903 -0.06260193884372711
v -0.041074242442846326 0.0027119591832160967 -0.05802382156252861
v -0.041074242442846326 0.0027119591832160967 -0.05802382156252861
v -0.03361652046442034 -0.007306028623133903 -0.06260193884372711
v -0.04105476662516597 -0.007306028623133903 -0.05799640342593193
v -0.041074242442846326 0.0027119591832160967 -0.05802382156252861
v -0.04105476662516597 -0.007306028623133903 -0.05799640342593193
v -0.04789337143301967 0.0027119591832160967 -0.0525364987552166
v -0.04789337143301967 0.0027119591832160967 -0.0525364987552166
v -0.04105476662516597 -0.007306028623133903 -0.05799640342593193
v -0.04787066206336025 -0.007306028623133903 -0.052511584013700485
v -0.04789337143301967 0.0027119591832160967 -0.0525364987552166
v -0.04787066206336025 -0.007306028623133903 -0.052511584013700485
v -0.053986489772796666 0.0027119591832160967 -0.04625273868441582
v -0.053960889577865635 -0.007306028623133903 -0.046230804175138474
v -0.053986489772796666 0.0027119591832160967 -0.04625273868441582
v -0.053960889577865635 -0.007306028623133903 -0.046230804175138474
v -0.05926122516393666 0.0027119591832160967 -0.03926790878176689
v -0.05923312529921536 -0.007306028623133903 -0.03924931213259697
v -0.05926122516393666 0.0027119591832160967 -0.03926790878176689
v -0.05923312529921536 -0.007306028623133903 -0.03924931213259697
v -0.06363762170076374 0.0027119591832160967 -0.031687747687101364
v -0.0636074468493462 -0.007306028623133903 -0.031672727316617966
v -0.06363762170076374 0.0027119591832160967 -0.031687747687101364
v -0.0636074468493462 -0.007306028623133903 -0.031672727316617966
v -0.06704933941364292 0.0027119591832160967 -0.02362729422748089
v -0.06701754778623585 -0.007306028623133903 -0.023616088554263115
v -0.06704933941364292 0.0027119591832160967 -0.02362729422748089
v -0.06701754778623585 -0.007306028623133903 -0.023616088554263115
v -0.06944465637207035 0.0027119591832160967 -0.015208614058792591
v -0.06941172480583195 -0.007306028623133903 -0.015201461501419544
v -0.06944465637207035 0.0027119591832160967 -0.015208614058792591
v -0.06941172480583195 -0.007306028623133903 -0.015201461501419544
v -0.07078725844621662 0.0027119591832160967 -0.006559384521096945
v -0.07075369358062748 -0.007306028623133903 -0.0065562850795686245
v -0.07078725844621662 0.0027119591832160967 -0.006559384521096945
v -0.07075369358062748 -0.007306028623133903 -0.0065562850795686245
v -0.07105680555105214 0.0027119591832160967 0.002189266262575984
v -0.07102310657501225 -0.007306028623133903 0.002188193378970027
v -0.07105680555105214 0.0027119591832160967 0.002189266262575984
v -0.07102310657501225 -0.007306028623133903 0.002188193378970027
v -0.07024919986724858 0.0027119591832160967 0.010904657654464245
v -0.07021588832139973 -0.007306028623133903 0.010899531655013561
v -0.07024919986724858 0.0027119591832160967 0.010904657654464245
v -0.07021588832139973 -0.007306028623133903 0.010899531655013561
v -0.0683766826987267 0.0027119591832160967 0.019454823806881905
v -0.06834425777196888 -0.007306028623133903 0.019445644691586494
v -0.0683766826987267 0.0027119591832160967 0.019454823806881905
v -0.06834425777196888 -0.007306028623133903 0.019445644691586494
v -0.06546764820814137 0.0027119591832160967 0.027710067108273506
v -0.06543660908937458 -0.007306028623133903 0.02769695408642292
v -0.06546764820814137 0.0027119591832160967 0.027710067108273506
v -0.06543660908937458 -0.007306028623133903 0.02769695408642292
v -0.06156619638204579 0.0027119591832160967 0.035545218735933304
v -0.06153700128197674 -0.007306028623133903 0.035528410226106644
v -0.06156619638204579 0.0027119591832160967 0.035545218735933304
v -0.06153700128197674 -0.007306028623133903 0.035528410226106644
v -0.05673145875334743 0.0027119591832160967 0.04284166172146797
v -0.05670455843210224 -0.007306028623133903 0.04282127693295479
v -0.05673145875334743 0.0027119591832160967 0.04284166172146797
v -0.05670455843210224 -0.007306028623133903 0.04282127693295479
v -0.05103673040866855 0.0027119591832160967 0.04948853328824043
v -0.051012530922889744 -0.007306028623133903 0.04946504905819893
v -0.05103673040866855 0.0027119591832160967 0.04948853328824043
v -0.051012530922889744 -0.007306028623133903 0.04946504905819893
v -0.044568337500095395 0.0027119591832160967 0.05538522079586983
v -0.04454720392823222 -0.007306028623133903 0.055358994752168655
v -0.044568337500095395 0.0027119591832160967 0.05538522079586983
v -0.04454720392823222 -0.007306028623133903 0.055358994752168655
v -0.04247310012578967 -0.006820324342697863 0.05700002983212471
v -0.04247310012578967 -0.006820324342697863 0.05700002983212471
v 0.04241954535245898 -0.0073831267654895835 0.05700002983212471
v 0.04206502065062526 -0.010175035335123546 0.05700002983212471
v 0.04454720392823222 -0.007306028623133903 0.055358994752168655
v 0.04454720392823222 -0.007306028623133903 0.055358994752168655
v 0.04206502065062526 -0.010175035335123546 0.05700002983212471
v 0.043828193098306684 -0.017258208245038997 0.054465401917696
v 0.04454720392823222 -0.007306028623133903 0.055358994752168655
v 0.043828193098306684 -0.017258208245038997 0.054465401917696
v 0.051012530922889744 -0.007306028623133903 0.04946504905819893
v 0.051012530922889744 -0.007306028623133903 0.04946504905819893
v 0.043828193098306684 -0.017258208245038997 0.054465401917696
v 0.05018916353583339 -0.017258208245038997 0.04866670444607735
v 0.051012530922889744 -0.007306028623133903 0.04946504905819893
v 0.05018916353583339 -0.017258208245038997 0.04866670444607735
v 0.05670455843210224 -0.007306028623133903 0.04282127693295479
v 0.05578931793570522 -0.017258208245038997 0.04213010147213936
v 0.05670455843210224 -0.007306028623133903 0.04282127693295479
v 0.05578931793570522 -0.017258208245038997 0.04213010147213936
v 0.06153700128197674 -0.007306028623133903 0.035528410226106644
v 0.060543764382600826 -0.017258208245038997 0.034955013543367386
v 0.06153700128197674 -0.007306028623133903 0.035528410226106644
v 0.060543764382600826 -0.017258208245038997 0.034955013543367386
v 0.06543660908937458 -0.007306028623133903 0.02769695408642292
v 0.06438042968511586 -0.017258208245038997 0.02724991925060749
v 0.06543660908937458 -0.007306028623133903 0.02769695408642292
v 0.06438042968511586 -0.017258208245038997 0.02724991925060749
v 0.06834425777196888 -0.007306028623133903 0.019445644691586494
v 0.06724115461111073 -0.017258208245038997 0.019131766632199287
v 0.06834425777196888 -0.007306028623133903 0.019445644691586494
v 0.06724115461111073 -0.017258208245038997 0.019131766632199287
v 0.07021588832139973 -0.007306028623133903 0.010899531655013561
v 0.06908256560564045 -0.017258208245038997 0.010723578743636608
v 0.07021588832139973 -0.007306028623133903 0.010899531655013561
v 0.06908256560564045 -0.017258208245038997 0.010723578743636608
v 0.07102310657501225 -0.007306028623133903 0.002188193378970027
v 0.06987676024436955 -0.017258208245038997 0.0021529074292629957
v 0.07102310657501225 -0.007306028623133903 0.002188193378970027
v 0.06987676024436955 -0.017258208245038997 0.0021529074292629957
v 0.07075369358062748 -0.007306028623133903 -0.0065562850795686245
v 0.06961169838905339 -0.017258208245038997 -0.006450427230447531
v 0.07075369358062748 -0.007306028623133903 -0.0065562850795686245
v 0.06961169838905339 -0.017258208245038997 -0.006450427230447531
v 0.06941172480583195 -0.007306028623133903 -0.015201461501419544
v 0.06829138845205311 -0.017258208245038997 -0.014956009574234486
v 0.06941172480583195 -0.007306028623133903 -0.015201461501419544
v 0.06829138845205311 -0.017258208245038997 -0.014956009574234486
v 0.06701754778623585 -0.007306028623133903 -0.023616088554263115
v 0.06593585014343266 -0.017258208245038997 -0.023234857246279716
v 0.06701754778623585 -0.007306028623133903 -0.023616088554263115
v 0.06593585014343266 -0.017258208245038997 -0.023234857246279716
v 0.0636074468493462 -0.007306028623133903 -0.031672727316617966
v 0.06258079409599308 -0.017258208245038997 -0.031161559745669365
v 0.0636074468493462 -0.007306028623133903 -0.031672727316617966
v 0.06258079409599308 -0.017258208245038997 -0.031161559745669365
v 0.05923312529921536 -0.007306028623133903 -0.03924931213259697
v 0.05827707424759869 -0.017258208245038997 -0.03861583396792412
v 0.05923312529921536 -0.007306028623133903 -0.03924931213259697
v 0.05827707424759869 -0.017258208245038997 -0.03861583396792412
v 0.053960889577865635 -0.007306028623133903 -0.046230804175138474
v 0.05308993533253673 -0.017258208245038997 -0.045484673231840134
v 0.053960889577865635 -0.007306028623133903 -0.046230804175138474
v 0.05308993533253673 -0.017258208245038997 -0.045484673231840134
v 0.04787066206336025 -0.007306028623133903 -0.052511584013700485
v 0.04709800705313686 -0.017258208245038997 -0.05166400596499443
v 0.04787066206336025 -0.007306028623133903 -0.052511584013700485
v 0.04709800705313686 -0.017258208245038997 -0.05166400596499443
v 0.04105476662516597 -0.007306028623133903 -0.05799640342593193
v 0.04039212316274646 -0.017258208245038997 -0.057060252875089645
v 0.04105476662516597 -0.007306028623133903 -0.05799640342593193
v 0.04039212316274646 -0.017258208245038997 -0.057060252875089645
v 0.03361652046442034 -0.007306028623133903 -0.06260193884372711
v 0.03307393193244936 -0.017258208245038997 -0.06159151718020439
v 0.03361652046442034 -0.007306028623133903 -0.06260193884372711
v 0.03307393193244936 -0.017258208245038997 -0.06159151718020439
v 0.025668680667877215 -0.007306028623133903 -0.06625844538211823
v 0.02525437623262407 -0.017258208245038997 -0.06518901884555817
v 0.025668680667877215 -0.007306028623133903 -0.06625844538211823
v 0.02525437623262407 -0.017258208245038997 -0.06518901884555817
v 0.01733173057436944 -0.007306028623133903 -0.06891073286533356
v 0.01733173057436944 -0.007306028623133903 -0.06891073286533356
v 0.02525437623262407 -0.017258208245038997 -0.06518901884555817
v 0.01705198734998704 -0.017258208245038997 -0.06779839098453522
v 0.01733173057436944 -0.007306028623133903 -0.06891073286533356
v 0.01705198734998704 -0.017258208245038997 -0.06779839098453522
v 0.00873204972594977 -0.007306028623133903 -0.07051827013492584
v 0.00873204972594977 -0.007306028623133903 -0.07051827013492584
v 0.01705198734998704 -0.017258208245038997 -0.06779839098453522
v 0.00859111081808806 -0.017258208245038997 -0.06938005983829498
v 0.00873204972594977 -0.007306028623133903 -0.07051827013492584
v 0.00859111081808806 -0.017258208245038997 -0.06938005983829498
v -2.6743797655265815e-18 -0.007306028623133903 -0.07105685770511627
v -2.6743797655265815e-18 -0.017258208245038997 -0.0699099451303482
v -2.6743797655265815e-18 -0.007306028623133903 -0.07105685770511627
v -2.6743797655265815e-18 -0.017258208245038997 -0.0699099451303482
v -0.00873204972594977 -0.007306028623133903 -0.07051827013492584
v -0.00859111081808806 -0.017258208245038997 -0.06938005983829498
v -0.00873204972594977 -0.007306028623133903 -0.07051827013492584
v -0.00859111081808806 -0.017258208245038997 -0.06938005983829498
v -0.01733173057436944 -0.007306028623133903 -0.06891073286533356
v -0.01733173057436944 -0.007306028623133903 -0.06891073286533356
v -0.00859111081808806 -0.017258208245038997 -0.06938005983829498
v -0.01705198734998704 -0.017258208245038997 -0.06779839098453522
v -0.01733173057436944 -0.007306028623133903 -0.06891073286533356
v -0.01705198734998704 -0.017258208245038997 -0.06779839098453522
v -0.025668680667877215 -0.007306028623133903 -0.06625844538211823
v -0.025668680667877215 -0.007306028623133903 -0.06625844538211823
v -0.01705198734998704 -0.017258208245038997 -0.06779839098453522
v -0.02525437623262407 -0.017258208245038997 -0.06518901884555817
v -0.025668680667877215 -0.007306028623133903 -0.06625844538211823
v -0.02525437623262407 -0.017258208245038997 -0.06518901884555817
v -0.03361652046442034 -0.007306028623133903 -0.06260193884372711
v -0.03307393193244936 -0.017258208245038997 -0.06159151718020439
v -0.03361652046442034 -0.007306028623133903 -0.06260193884372711
v -0.03307393193244936 -0.017258208245038997 -0.06159151718020439
v -0.04105476662516597 -0.007306028623133903 -0.05799640342593193
v -0.04039212316274646 -0.017258208245038997 -0.057060252875089645
v -0.04105476662516597 -0.007306028623133903 -0.05799640342593193
v -0.04039212316274646 -0.017258208245038997 -0.057060252875089645
v -0.04787066206336025 -0.007306028623133903 -0.052511584013700485
v -0.04709800705313686 -0.017258208245038997 -0.05166400596499443
v -0.04787066206336025 -0.007306028623133903 -0.052511584013700485
v -0.04709800705313686 -0.017258208245038997 -0.05166400596499443
v -0.053960889577865635 -0.007306028623133903 -0.046230804175138474
v -0.05308993533253673 -0.017258208245038997 -0.045484673231840134
v -0.053960889577865635 -0.007306028623133903 -0.046230804175138474
v -0.05308993533253673 -0.017258208245038997 -0.045484673231840134
v -0.05923312529921536 -0.007306028623133903 -0.03924931213259697
v -0.05827707424759869 -0.017258208245038997 -0.03861583396792412
v -0.05923312529921536 -0.007306028623133903 -0.03924931213259697
v -0.05827707424759869 -0.017258208245038997 -0.03861583396792412
v -0.0636074468493462 -0.007306028623133903 -0.031672727316617966
v -0.06258079409599308 -0.017258208245038997 -0.031161559745669365
v -0.0636074468493462 -0.007306028623133903 -0.031672727316617966
v -0.06258079409599308 -0.017258208245038997 -0.031161559745669365
v -0.06701754778623585 -0.007306028623133903 -0.023616088554263115
v -0.06593585014343266 -0.017258208245038997 -0.023234857246279716
v -0.06701754778623585 -0.007306028623133903 -0.023616088554263115
v -0.06593585014343266 -0.017258208245038997 -0.023234857246279716
v -0.06941172480583195 -0.007306028623133903 -0.015201461501419544
v -0.06829138845205311 -0.017258208245038997 -0.014956009574234486
v -0.06941172480583195 -0.007306028623133903 -0.015201461501419544
v -0.06829138845205311 -0.017258208245038997 -0.014956009574234486
v -0.07075369358062748 -0.007306028623133903 -0.0065562850795686245
v -0.06961169838905339 -0.017258208245038997 -0.006450427230447531
v -0.07075369358062748 -0.007306028623133903 -0.0065562850795686245
v -0.06961169838905339 -0.017258208245038997 -0.006450427230447531
v -0.07102310657501225 -0.007306028623133903 0.002188193378970027
v -0.06987676024436955 -0.017258208245038997 0.0021529074292629957
v -0.07102310657501225 -0.007306028623133903 0.002188193378970027
v -0.06987676024436955 -0.017258208245038997 0.0021529074292629957
v -0.07021588832139973 -0.007306028623133903 0.010899531655013561
v -0.06908256560564045 -0.017258208245038997 0.010723578743636608
v -0.07021588832139973 -0.007306028623133903 0.010899531655013561
v -0.06908256560564045 -0.017258208245038997 0.010723578743636608
v -0.06834425777196888 -0.007306028623133903 0.019445644691586494
v -0.06724115461111073 -0.017258208245038997 0.019131766632199287
v -0.06834425777196888 -0.007306028623133903 0.019445644691586494
v -0.06724115461111073 -0.017258208245038997 0.019131766632199287
v -0.06543660908937458 -0.007306028623133903 0.02769695408642292
v -0.06438042968511586 -0.017258208245038997 0.02724991925060749
v -0.06543660908937458 -0.007306028623133903 0.02769695408642292
v -0.06438042968511586 -0.017258208245038997 0.02724991925060749
v -0.06153700128197674 -0.007306028623133903 0.035528410226106644
v -0.060543764382600826 -0.017258208245038997 0.034955013543367386
v -0.06153700128197674 -0.007306028623133903 0.035528410226106644
v -0.060543764382600826 -0.017258208245038997 0.034955013543367386
v -0.05670455843210224 -0.007306028623133903 0.04282127693295479
v -0.05578931793570522 -0.017258208245038997 0.04213010147213936
v -0.05670455843210224 -0.007306028623133903 0.04282127693295479
v -0.05578931793570522 -0.017258208245038997 0.04213010147213936
v -0.051012530922889744 -0.007306028623133903 0.04946504905819893
v -0.05018916353583339 -0.017258208245038997 0.04866670444607735
v -0.051012530922889744 -0.007306028623133903 0.04946504905819893
v -0.05018916353583339 -0.017258208245038997 0.04866670444607735
v -0.04454720392823222 -0.007306028623133903 0.055358994752168655
v -0.04454720392823222 -0.007306028623133903 0.055358994752168655
v -0.05018916353583339 -0.017258208245038997 0.04866670444607735
v -0.043828193098306684 -0.017258208245038997 0.054465401917696
v -0.04454720392823222 -0.007306028623133903 0.055358994752168655
v -0.043828193098306684 -0.017258208245038997 0.054465401917696
v -0.041416212916374234 -0.013634419068694123 0.05700002983212471
v -0.041416212916374234 -0.013634419068694123 0.05700002983212471
v 0.03972623497247699 -0.01958534494042398 0.05700002983212471
v 0.043828193098306684 -0.017258208245038997 0.054465401917696
v 0.03972623497247699 -0.01958534494042398 0.05700002983212471
v 0.04242020845413211 -0.027021266520023363 0.05271576717495918
v 0.043828193098306684 -0.017258208245038997 0.054465401917696
v 0.04242020845413211 -0.027021266520023363 0.05271576717495918
v 0.05018916353583339 -0.017258208245038997 0.04866670444607735
v 0.04857683181762699 -0.027021266520023363 0.04710327461361885
v 0.05018916353583339 -0.017258208245038997 0.04866670444607735
v 0.04857683181762699 -0.027021266520023363 0.04710327461361885
v 0.05578931793570522 -0.017258208245038997 0.04213010147213936
v 0.05399708449840549 -0.027021266520023363 0.04077671840786934
v 0.05578931793570522 -0.017258208245038997 0.04213010147213936
v 0.05399708449840549 -0.027021266520023363 0.04077671840786934
v 0.060543764382600826 -0.017258208245038997 0.034955013543367386
v 0.05859879031777386 -0.027021266520023363 0.033832062035799026
v 0.060543764382600826 -0.017258208245038997 0.034955013543367386
v 0.05859879031777386 -0.027021266520023363 0.033832062035799026
v 0.06438042968511586 -0.017258208245038997 0.02724991925060749
v 0.06231220439076428 -0.027021266520023363 0.026374446228146553
v 0.06438042968511586 -0.017258208245038997 0.02724991925060749
v 0.06231220439076428 -0.027021266520023363 0.026374446228146553
v 0.06724115461111073 -0.017258208245038997 0.019131766632199287
v 0.0650810226798058 -0.027021266520023363 0.01851712353527546
v 0.06724115461111073 -0.017258208245038997 0.019131766632199287
v 0.0650810226798058 -0.027021266520023363 0.01851712353527546
v 0.06908256560564045 -0.017258208245038997 0.010723578743636608
v 0.06686328351497654 -0.027021266520023363 0.01037906389683485
v 0.06908256560564045 -0.017258208245038997 0.010723578743636608
v 0.06686328351497654 -0.027021266520023363 0.01037906389683485
v 0.06987676024436955 -0.017258208245038997 0.0021529074292629957
v 0.06763196736574177 -0.027021266520023363 0.0020837660413235426
v 0.06987676024436955 -0.017258208245038997 0.0021529074292629957
v 0.06763196736574177 -0.027021266520023363 0.0020837660413235426
v 0.06961169838905339 -0.017258208245038997 -0.006450427230447531
v 0.0673754140734673 -0.027021266520023363 -0.006243241485208273
v 0.06961169838905339 -0.017258208245038997 -0.006450427230447531
v 0.0673754140734673 -0.027021266520023363 -0.006243241485208273
v 0.06829138845205311 -0.017258208245038997 -0.014956009574234486
v 0.06609752029180531 -0.027021266520023363 -0.014475596137344837
v 0.06829138845205311 -0.017258208245038997 -0.014956009574234486
v 0.06609752029180531 -0.027021266520023363 -0.014475596137344837
v 0.06593585014343266 -0.017258208245038997 -0.023234857246279716
v 0.06381765753030781 -0.027021266520023363 -0.022488487884402275
v 0.06593585014343266 -0.017258208245038997 -0.023234857246279716
v 0.06381765753030781 -0.027021266520023363 -0.022488487884402275
v 0.06258079409599308 -0.017258208245038997 -0.031161559745669365
v 0.06057037785649304 -0.027021266520023363 -0.030160440132021904
v 0.06258079409599308 -0.017258208245038997 -0.031161559745669365
v 0.06057037785649304 -0.027021266520023363 -0.030160440132021904
v 0.05827707424759869 -0.017258208245038997 -0.03861583396792412
v 0.05640491843223575 -0.027021266520023363 -0.03737522289156914
v 0.05827707424759869 -0.017258208245038997 -0.03861583396792412
v 0.05640491843223575 -0.027021266520023363 -0.03737522289156914
v 0.05308993533253673 -0.017258208245038997 -0.045484673231840134
v 0.05308993533253673 -0.017258208245038997 -0.045484673231840134
v 0.05640491843223575 -0.027021266520023363 -0.03737522289156914
v 0.0513844154775143 -0.027021266520023363 -0.04402352496981621
v 0.05308993533253673 -0.017258208245038997 -0.045484673231840134
v 0.0513844154775143 -0.027021266520023363 -0.04402352496981621
v 0.04709800705313686 -0.017258208245038997 -0.05166400596499443
v 0.04558498039841655 -0.027021266520023363 -0.050004374235868454
v 0.04709800705313686 -0.017258208245038997 -0.05166400596499443
v 0.04558498039841655 -0.027021266520023363 -0.050004374235868454
v 0.04039212316274646 -0.017258208245038997 -0.057060252875089645
v 0.04039212316274646 -0.017258208245038997 -0.057060252875089645
v 0.04558498039841655 -0.027021266520023363 -0.050004374235868454
v 0.039094522595405606 -0.027021266520023363 -0.05522717162966728
v 0.04039212316274646 -0.017258208245038997 -0.057060252875089645
v 0.039094522595405606 -0.027021266520023363 -0.05522717162966728
v 0.03307393193244936 -0.017258208245038997 -0.06159151718020439
v 0.032011430710554144 -0.027021266520023363 -0.059612881392240524
v 0.03307393193244936 -0.017258208245038997 -0.06159151718020439
v 0.032011430710554144 -0.027021266520023363 -0.059612881392240524
v 0.02525437623262407 -0.017258208245038997 -0.06518901884555817
v 0.024443076923489588 -0.027021266520023363 -0.06309486925601959
v 0.02525437623262407 -0.017258208245038997 -0.06518901884555817
v 0.024443076923489588 -0.027021266520023363 -0.06309486925601959
v 0.01705198734998704 -0.017258208245038997 -0.06779839098453522
v 0.016504190862178813 -0.027021266520023363 -0.06562043726444244
v 0.01705198734998704 -0.017258208245038997 -0.06779839098453522
v 0.016504190862178813 -0.027021266520023363 -0.06562043726444244
v 0.00859111081808806 -0.017258208245038997 -0.06938005983829498
v 0.00859111081808806 -0.017258208245038997 -0.06938005983829498
v 0.016504190862178813 -0.027021266520023363 -0.06562043726444244
v 0.008315119892358785 -0.027021266520023363 -0.06715120375156403
v 0.00859111081808806 -0.017258208245038997 -0.06938005983829498
v 0.008315119892358785 -0.027021266520023363 -0.06715120375156403
v -2.6743797655265815e-18 -0.017258208245038997 -0.0699099451303482
v -2.6743797655265815e-18 -0.027021266520023363 -0.06766404211521149
v -2.6743797655265815e-18 -0.017258208245038997 -0.0699099451303482
v -2.6743797655265815e-18 -0.027021266520023363 -0.06766404211521149
v -0.00859111081808806 -0.017258208245038997 -0.06938005983829498
v -0.008315119892358785 -0.027021266520023363 -0.06715120375156403
v -0.00859111081808806 -0.017258208245038997 -0.06938005983829498
v -0.008315119892358785 -0.027021266520023363 -0.06715120375156403
v -0.01705198734998704 -0.017258208245038997 -0.06779839098453522
v -0.01705198734998704 -0.017258208245038997 -0.06779839098453522
v -0.008315119892358785 -0.027021266520023363 -0.06715120375156403
v -0.016504190862178813 -0.027021266520023363 -0.06562043726444244
v -0.01705198734998704 -0.017258208245038997 -0.06779839098453522
v -0.016504190862178813 -0.027021266520023363 -0.06562043726444244
v -0.02525437623262407 -0.017258208245038997 -0.06518901884555817
v -0.024443076923489588 -0.027021266520023363 -0.06309486925601959
v -0.02525437623262407 -0.017258208245038997 -0.06518901884555817
v -0.024443076923489588 -0.027021266520023363 -0.06309486925601959
v -0.03307393193244936 -0.017258208245038997 -0.06159151718020439
v -0.032011430710554144 -0.027021266520023363 -0.059612881392240524
v -0.03307393193244936 -0.017258208245038997 -0.06159151718020439
v -0.032011430710554144 -0.027021266520023363 -0.059612881392240524
v -0.04039212316274646 -0.017258208245038997 -0.057060252875089645
v -0.039094522595405606 -0.027021266520023363 -0.05522717162966728
v -0.04039212316274646 -0.017258208245038997 -0.057060252875089645
v -0.039094522595405606 -0.027021266520023363 -0.05522717162966728
v -0.04709800705313686 -0.017258208245038997 -0.05166400596499443
v -0.04709800705313686 -0.017258208245038997 -0.05166400596499443
v -0.039094522595405606 -0.027021266520023363 -0.05522717162966728
v -0.04558498039841655 -0.027021266520023363 -0.050004374235868454
v -0.04709800705313686 -0.017258208245038997 -0.05166400596499443
v -0.04558498039841655 -0.027021266520023363 -0.050004374235868454
v -0.05308993533253673 -0.017258208245038997 -0.045484673231840134
v -0.0513844154775143 -0.027021266520023363 -0.04402352496981621
v -0.05308993533253673 -0.017258208245038997 -0.045484673231840134
v -0.0513844154775143 -0.027021266520023363 -0.04402352496981621
v -0.05827707424759869 -0.017258208245038997 -0.03861583396792412
v -0.05827707424759869 -0.017258208245038997 -0.03861583396792412
v -0.0513844154775143 -0.027021266520023363 -0.04402352496981621
v -0.05640491843223575 -0.027021266520023363 -0.03737522289156914
v -0.05827707424759869 -0.017258208245038997 -0.03861583396792412
v -0.05640491843223575 -0.027021266520023363 -0.03737522289156914
v -0.06258079409599308 -0.017258208245038997 -0.031161559745669365
v -0.06057037785649304 -0.027021266520023363 -0.030160440132021904
v -0.06258079409599308 -0.017258208245038997 -0.031161559745669365
v -0.06057037785649304 -0.027021266520023363 -0.030160440132021904
v -0.06593585014343266 -0.017258208245038997 -0.023234857246279716
v -0.06381765753030781 -0.027021266520023363 -0.022488487884402275
v -0.06593585014343266 -0.017258208245038997 -0.023234857246279716
v -0.06381765753030781 -0.027021266520023363 -0.022488487884402275
v -0.06829138845205311 -0.017258208245038997 -0.014956009574234486
v -0.06609752029180531 -0.027021266520023363 -0.014475596137344837
v -0.06829138845205311 -0.017258208245038997 -0.014956009574234486
v -0.06609752029180531 -0.027021266520023363 -0.014475596137344837
v -0.06961169838905339 -0.017258208245038997 -0.006450427230447531
v -0.0673754140734673 -0.027021266520023363 -0.006243241485208273
v -0.06961169838905339 -0.017258208245038997 -0.006450427230447531
v -0.0673754140734673 -0.027021266520023363 -0.006243241485208273
v -0.06987676024436955 -0.017258208245038997 0.0021529074292629957
v -0.06763196736574177 -0.027021266520023363 0.0020837660413235426
v -0.06987676024436955 -0.017258208245038997 0.0021529074292629957
v -0.06763196736574177 -0.027021266520023363 0.0020837660413235426
v -0.06908256560564045 -0.017258208245038997 0.010723578743636608
v -0.06686328351497654 -0.027021266520023363 0.01037906389683485
v -0.06908256560564045 -0.017258208245038997 0.010723578743636608
v -0.06686328351497654 -0.027021266520023363 0.01037906389683485
v -0.06724115461111073 -0.017258208245038997 0.019131766632199287
v -0.0650810226798058 -0.027021266520023363 0.01851712353527546
v -0.06724115461111073 -0.017258208245038997 0.019131766632199287
v -0.0650810226798058 -0.027021266520023363 0.01851712353527546
v -0.06438042968511586 -0.017258208245038997 0.02724991925060749
v -0.06231220439076428 -0.027021266520023363 0.026374446228146553
v -0.06438042968511586 -0.017258208245038997 0.02724991925060749
v -0.06231220439076428 -0.027021266520023363 0.026374446228146553
v -0.060543764382600826 -0.017258208245038997 0.034955013543367386
v -0.05859879031777386 -0.027021266520023363 0.033832062035799026
v -0.060543764382600826 -0.017258208245038997 0.034955013543367386
v -0.05859879031777386 -0.027021266520023363 0.033832062035799026
v -0.05578931793570522 -0.017258208245038997 0.04213010147213936
v -0.05399708449840549 -0.027021266520023363 0.04077671840786934
v -0.05578931793570522 -0.017258208245038997 0.04213010147213936
v -0.05399708449840549 -0.027021266520023363 0.04077671840786934
v -0.05018916353583339 -0.017258208245038997 0.04866670444607735
v -0.04857683181762699 -0.027021266520023363 0.04710327461361885
v -0.05018916353583339 -0.017258208245038997 0.04866670444607735
v -0.04857683181762699 -0.027021266520023363 0.04710327461361885
v -0.043828193098306684 -0.017258208245038997 0.054465401917696
v -0.04242020845413211 -0.027021266520023363 0.05271576717495918
v -0.043828193098306684 -0.017258208245038997 0.054465401917696
v -0.04242020845413211 -0.027021266520023363 0.05271576717495918
v -0.03841711580753329 -0.022959874942898764 0.05700002983212471
v -0.03841711580753329 -0.022959874942898764 0.05700002983212471
v -0.04242020845413211 -0.027021266520023363 0.05271576717495918
v -0.038046464323997525 -0.023803807795047777 0.05700002983212471
v 0.03630198538303377 -0.02731543406844141 0.05700002983212471
v 0.035302896052598974 -0.028960326686501524 0.05700002983212471
v 0.04242020845413211 -0.027021266520023363 0.05271576717495918
v 0.04242020845413211 -0.027021266520023363 0.05271576717495918
v 0.035302896052598974 -0.028960326686501524 0.05700002983212471
v 0.04034069925546649 -0.03647423908114436 0.05013154819607735
v 0.04242020845413211 -0.027021266520023363 0.05271576717495918
v 0.04034069925546649 -0.03647423908114436 0.05013154819607735
v 0.04857683181762699 -0.027021266520023363 0.04710327461361885
v 0.04619551450014117 -0.03647423908114436 0.04479419067502022
v 0.04857683181762699 -0.027021266520023363 0.04710327461361885
v 0.04619551450014117 -0.03647423908114436 0.04479419067502022
v 0.05399708449840549 -0.027021266520023363 0.04077671840786934
v 0.05135005339980129 -0.03647423908114436 0.03877781704068184
v 0.05399708449840549 -0.027021266520023363 0.04077671840786934
v 0.05135005339980129 -0.03647423908114436 0.03877781704068184
v 0.05859879031777386 -0.027021266520023363 0.033832062035799026
v 0.05572618171572689 -0.03647423908114436 0.03217350319027901
v 0.05859879031777386 -0.027021266520023363 0.033832062035799026
v 0.05572618171572689 -0.03647423908114436 0.03217350319027901
v 0.06231220439076428 -0.027021266520023363 0.026374446228146553
v 0.05925755575299267 -0.03647423908114436 0.02508162148296833
v 0.06231220439076428 -0.027021266520023363 0.026374446228146553
v 0.05925755575299267 -0.03647423908114436 0.02508162148296833
v 0.0650810226798058 -0.027021266520023363 0.01851712353527546
v 0.06189064309000973 -0.03647423908114436 0.01760946400463581
v 0.0650810226798058 -0.027021266520023363 0.01851712353527546
v 0.06189064309000973 -0.03647423908114436 0.01760946400463581
v 0.06686328351497654 -0.027021266520023363 0.01037906389683485
v 0.06358553469181065 -0.03647423908114436 0.009870278649032116
v 0.06686328351497654 -0.027021266520023363 0.01037906389683485
v 0.06358553469181065 -0.03647423908114436 0.009870278649032116
v 0.06763196736574177 -0.027021266520023363 0.0020837660413235426
v 0.06431653350591664 -0.03647423908114436 0.001981603680178523
v 0.06763196736574177 -0.027021266520023363 0.0020837660413235426
v 0.06431653350591664 -0.03647423908114436 0.001981603680178523
v 0.0673754140734673 -0.027021266520023363 -0.006243241485208273
v 0.06407255679368977 -0.03647423908114436 -0.0059372312389314175
v 0.0673754140734673 -0.027021266520023363 -0.006243241485208273
v 0.06407255679368977 -0.03647423908114436 -0.0059372312389314175
v 0.06609752029180531 -0.027021266520023363 -0.014475596137344837
v 0.06285730749368672 -0.03647423908114436 -0.013765943236649036
v 0.06609752029180531 -0.027021266520023363 -0.014475596137344837
v 0.06285730749368672 -0.03647423908114436 -0.013765943236649036
v 0.06381765753030781 -0.027021266520023363 -0.022488487884402275
v 0.060689207166433376 -0.03647423908114436 -0.02138604037463665
v 0.06381765753030781 -0.027021266520023363 -0.022488487884402275
v 0.060689207166433376 -0.03647423908114436 -0.02138604037463665
v 0.06057037785649304 -0.027021266520023363 -0.030160440132021904
v 0.05760111659765248 -0.03647423908114436 -0.028682006523013115
v 0.06057037785649304 -0.027021266520023363 -0.030160440132021904
v 0.05760111659765248 -0.03647423908114436 -0.028682006523013115
v 0.05640491843223575 -0.027021266520023363 -0.03737522289156914
v 0.05363985523581508 -0.03647423908114436 -0.03554309532046318
v 0.05640491843223575 -0.027021266520023363 -0.03737522289156914
v 0.05363985523581508 -0.03647423908114436 -0.03554309532046318
v 0.0513844154775143 -0.027021266520023363 -0.04402352496981621
v 0.0513844154775143 -0.027021266520023363 -0.04402352496981621
v 0.05363985523581508 -0.03647423908114436 -0.03554309532046318
v 0.04886546730995182 -0.03647423908114436 -0.041865359991788864
v 0.0513844154775143 -0.027021266520023363 -0.04402352496981621
v 0.04886546730995182 -0.03647423908114436 -0.041865359991788864
v 0.04558498039841655 -0.027021266520023363 -0.050004374235868454
v 0.04335032775998118 -0.03647423908114436 -0.04755307361483574
v 0.04558498039841655 -0.027021266520023363 -0.050004374235868454
v 0.04335032775998118 -0.03647423908114436 -0.04755307361483574
v 0.039094522595405606 -0.027021266520023363 -0.05522717162966728
v 0.037178043276071576 -0.03647423908114436 -0.05251980945467949
v 0.039094522595405606 -0.027021266520023363 -0.05522717162966728
v 0.037178043276071576 -0.03647423908114436 -0.05251980945467949
v 0.032011430710554144 -0.027021266520023363 -0.059612881392240524
v 0.030442174524068853 -0.03647423908114436 -0.05669058486819267
v 0.032011430710554144 -0.027021266520023363 -0.059612881392240524
v 0.030442174524068853 -0.03647423908114436 -0.05669058486819267
v 0.024443076923489588 -0.027021266520023363 -0.06309486925601959
v 0.02324483543634416 -0.03647423908114436 -0.060001861304044724
v 0.024443076923489588 -0.027021266520023363 -0.06309486925601959
v 0.02324483543634416 -0.03647423908114436 -0.060001861304044724
v 0.016504190862178813 -0.027021266520023363 -0.06562043726444244
v 0.015695128589868556 -0.03647423908114436 -0.06240357086062431
v 0.016504190862178813 -0.027021266520023363 -0.06562043726444244
v 0.015695128589868556 -0.03647423908114436 -0.06240357086062431
v 0.008315119892358785 -0.027021266520023363 -0.06715120375156403
v 0.007907499559223657 -0.03647423908114436 -0.06385935842990875
v 0.008315119892358785 -0.027021266520023363 -0.06715120375156403
v 0.007907499559223657 -0.03647423908114436 -0.06385935842990875
v -2.6743797655265815e-18 -0.027021266520023363 -0.06766404211521149
v -2.6743797655265815e-18 -0.03647423908114436 -0.064347043633461
v -2.6743797655265815e-18 -0.027021266520023363 -0.06766404211521149
v -2.6743797655265815e-18 -0.03647423908114436 -0.064347043633461
v -0.008315119892358785 -0.027021266520023363 -0.06715120375156403
v -0.007907499559223657 -0.03647423908114436 -0.06385935842990875
v -0.008315119892358785 -0.027021266520023363 -0.06715120375156403
v -0.007907499559223657 -0.03647423908114436 -0.06385935842990875
v -0.016504190862178813 -0.027021266520023363 -0.06562043726444244
v -0.015695128589868556 -0.03647423908114436 -0.06240357086062431
v -0.016504190862178813 -0.027021266520023363 -0.06562043726444244
v -0.015695128589868556 -0.03647423908114436 -0.06240357086062431
v -0.024443076923489588 -0.027021266520023363 -0.06309486925601959
v -0.02324483543634416 -0.03647423908114436 -0.060001861304044724
v -0.024443076923489588 -0.027021266520023363 -0.06309486925601959
v -0.02324483543634416 -0.03647423908114436 -0.060001861304044724
v -0.032011430710554144 -0.027021266520023363 -0.059612881392240524
v -0.030442174524068853 -0.03647423908114436 -0.05669058486819267
v -0.032011430710554144 -0.027021266520023363 -0.059612881392240524
v -0.030442174524068853 -0.03647423908114436 -0.05669058486819267
v -0.039094522595405606 -0.027021266520023363 -0.05522717162966728
v -0.037178043276071576 -0.03647423908114436 -0.05251980945467949
v -0.039094522595405606 -0.027021266520023363 -0.05522717162966728
v -0.037178043276071576 -0.03647423908114436 -0.05251980945467949
v -0.04558498039841655 -0.027021266520023363 -0.050004374235868454
v -0.04335032775998118 -0.03647423908114436 -0.04755307361483574
v -0.04558498039841655 -0.027021266520023363 -0.050004374235868454
v -0.04335032775998118 -0.03647423908114436 -0.04755307361483574
v -0.0513844154775143 -0.027021266520023363 -0.04402352496981621
v -0.04886546730995182 -0.03647423908114436 -0.041865359991788864
v -0.0513844154775143 -0.027021266520023363 -0.04402352496981621
v -0.04886546730995182 -0.03647423908114436 -0.041865359991788864
v -0.05640491843223575 -0.027021266520023363 -0.03737522289156914
v -0.05640491843223575 -0.027021266520023363 -0.03737522289156914
v -0.04886546730995182 -0.03647423908114436 -0.041865359991788864
v -0.05363985523581508 -0.03647423908114436 -0.03554309532046318
v -0.05640491843223575 -0.027021266520023363 -0.03737522289156914
v -0.05363985523581508 -0.03647423908114436 -0.03554309532046318
v -0.06057037785649304 -0.027021266520023363 -0.030160440132021904
v -0.05760111659765248 -0.03647423908114436 -0.028682006523013115
v -0.06057037785649304 -0.027021266520023363 -0.030160440132021904
v -0.05760111659765248 -0.03647423908114436 -0.028682006523013115
v -0.06381765753030781 -0.027021266520023363 -0.022488487884402275
v -0.060689207166433376 -0.03647423908114436 -0.02138604037463665
v -0.06381765753030781 -0.027021266520023363 -0.022488487884402275
v -0.060689207166433376 -0.03647423908114436 -0.02138604037463665
v -0.06609752029180531 -0.027021266520023363 -0.014475596137344837
v -0.06285730749368672 -0.03647423908114436 -0.013765943236649036
v -0.06609752029180531 -0.027021266520023363 -0.014475596137344837
v -0.06285730749368672 -0.03647423908114436 -0.013765943236649036
v -0.0673754140734673 -0.027021266520023363 -0.006243241485208273
v -0.06407255679368977 -0.03647423908114436 -0.0059372312389314175
v -0.0673754140734673 -0.027021266520023363 -0.006243241485208273
v -0.06407255679368977 -0.03647423908114436 -0.0059372312389314175
v -0.06763196736574177 -0.027021266520023363 0.0020837660413235426
v -0.06431653350591664 -0.03647423908114436 0.001981603680178523
v -0.06763196736574177 -0.027021266520023363 0.0020837660413235426
v -0.06431653350591664 -0.03647423908114436 0.001981603680178523
v -0.06686328351497654 -0.027021266520023363 0.01037906389683485
v -0.06358553469181065 -0.03647423908114436 0.009870278649032116
v -0.06686328351497654 -0.027021266520023363 0.01037906389683485
v -0.06358553469181065 -0.03647423908114436 0.009870278649032116
v -0.0650810226798058 -0.027021266520023363 0.01851712353527546
v -0.06189064309000973 -0.03647423908114436 0.01760946400463581
v -0.0650810226798058 -0.027021266520023363 0.01851712353527546
v -0.06189064309000973 -0.03647423908114436 0.01760946400463581
v -0.06231220439076428 -0.027021266520023363 0.026374446228146553
v -0.05925755575299267 -0.03647423908114436 0.02508162148296833
v -0.06231220439076428 -0.027021266520023363 0.026374446228146553
v -0.05925755575299267 -0.03647423908114436 0.02508162148296833
v -0.05859879031777386 -0.027021266520023363 0.033832062035799026
v -0.05572618171572689 -0.03647423908114436 0.03217350319027901
v -0.05859879031777386 -0.027021266520023363 0.033832062035799026
v -0.05572618171572689 -0.03647423908114436 0.03217350319027901
v -0.05399708449840549 -0.027021266520023363 0.04077671840786934
v -0.05135005339980129 -0.03647423908114436 0.03877781704068184
v -0.05399708449840549 -0.027021266520023363 0.04077671840786934
v -0.05135005339980129 -0.03647423908114436 0.03877781704068184
v -0.04857683181762699 -0.027021266520023363 0.04710327461361885
v -0.04619551450014117 -0.03647423908114436 0.04479419067502022
v -0.04857683181762699 -0.027021266520023363 0.04710327461361885
v -0.04619551450014117 -0.03647423908114436 0.04479419067502022
v -0.04242020845413211 -0.027021266520023363 0.05271576717495918
v -0.04034069925546649 -0.03647423908114436 0.05013154819607735
v -0.04242020845413211 -0.027021266520023363 0.05271576717495918
v -0.04034069925546649 -0.03647423908114436 0.05013154819607735
v -0.03587923571467402 -0.028074402362108248 0.05700002983212471
v -0.03587923571467402 -0.028074402362108248 0.05700002983212471
v -0.04034069925546649 -0.03647423908114436 0.05013154819607735
v -0.03530096635222437 -0.028987761586904547 0.05700002983212471
v 0.031173521652817747 -0.034938253462314627 0.05700002983212471
v 0.029789507389068624 -0.03647041693329814 0.05700002983212471
v 0.033874358981847784 -0.03647423908114436 0.054708946496248245
v 0.033874358981847784 -0.03647423908114436 0.054708946496248245
v 0.029789507389068624 -0.03647041693329814 0.05700002983212471
v 0.031585928052663824 -0.045499999076128034 0.05101298168301582
v 0.033874358981847784 -0.03647423908114436 0.054708946496248245
v 0.031585928052663824 -0.045499999076128034 0.05101298168301582
v 0.04034069925546649 -0.03647423908114436 0.05013154819607735
v 0.03761542961001399 -0.045499999076128034 0.04674481227993965
v 0.04034069925546649 -0.03647423908114436 0.05013154819607735
v 0.03761542961001399 -0.045499999076128034 0.04674481227993965
v 0.04619551450014117 -0.03647423908114436 0.04479419067502022
v 0.04307471588253978 -0.045499999076128034 0.041768062859773636
v 0.04619551450014117 -0.03647423908114436 0.04479419067502022
v 0.04307471588253978 -0.045499999076128034 0.041768062859773636
v 0.05135005339980129 -0.03647423908114436 0.03877781704068184
v 0.04788103327155117 -0.045499999076128034 0.03615807369351387
v 0.05135005339980129 -0.03647423908114436 0.03877781704068184
v 0.04788103327155117 -0.045499999076128034 0.03615807369351387
v 0.05572618171572689 -0.03647423908114436 0.03217350319027901
v 0.05196152254939083 -0.045499999076128034 0.029999958351254463
v 0.05572618171572689 -0.03647423908114436 0.03217350319027901
v 0.05196152254939083 -0.045499999076128034 0.029999958351254463
v 0.05925755575299267 -0.03647423908114436 0.02508162148296833
v 0.0552543327212334 -0.045499999076128034 0.023387180641293526
v 0.05925755575299267 -0.03647423908114436 0.02508162148296833
v 0.0552543327212334 -0.045499999076128034 0.023387180641293526
v 0.06189064309000973 -0.03647423908114436 0.01760946400463581
v 0.05770953744649891 -0.045499999076128034 0.016419755294919014
v 0.06189064309000973 -0.03647423908114436 0.01760946400463581
v 0.05770953744649891 -0.045499999076128034 0.016419755294919014
v 0.06358553469181065 -0.03647423908114436 0.009870278649032116
v 0.059289928525686306 -0.045499999076128034 0.009203541092574596
v 0.06358553469181065 -0.03647423908114436 0.009870278649032116
v 0.059289928525686306 -0.045499999076128034 0.009203541092574596
v 0.06431653350591664 -0.03647423908114436 0.001981603680178523
v 0.05997154489159588 -0.045499999076128034 0.0018477316480129957
v 0.06431653350591664 -0.03647423908114436 0.001981603680178523
v 0.05997154489159588 -0.045499999076128034 0.0018477316480129957
v 0.06407255679368977 -0.03647423908114436 -0.0059372312389314175
v 0.05974404886364941 -0.045499999076128034 -0.0055360919795930386
v 0.06407255679368977 -0.03647423908114436 -0.0059372312389314175
v 0.05974404886364941 -0.045499999076128034 -0.0055360919795930386
v 0.06285730749368672 -0.03647423908114436 -0.013765943236649036
v 0.05861089751124386 -0.045499999076128034 -0.012835991568863392
v 0.06285730749368672 -0.03647423908114436 -0.013765943236649036
v 0.05861089751124386 -0.045499999076128034 -0.012835991568863392
v 0.060689207166433376 -0.03647423908114436 -0.02138604037463665
v 0.05658926442265514 -0.045499999076128034 -0.019941342994570732
v 0.060689207166433376 -0.03647423908114436 -0.02138604037463665
v 0.05658926442265514 -0.045499999076128034 -0.019941342994570732
v 0.05760111659765248 -0.03647423908114436 -0.028682006523013115
v 0.053709797561168705 -0.045499999076128034 -0.026744259521365166
v 0.05760111659765248 -0.03647423908114436 -0.028682006523013115
v 0.053709797561168705 -0.045499999076128034 -0.026744259521365166
v 0.05363985523581508 -0.03647423908114436 -0.03554309532046318
v 0.05001614242792133 -0.045499999076128034 -0.033141862601041794
v 0.05363985523581508 -0.03647423908114436 -0.03554309532046318
v 0.05001614242792133 -0.045499999076128034 -0.033141862601041794
v 0.04886546730995182 -0.03647423908114436 -0.041865359991788864
v 0.04556429386138919 -0.045499999076128034 -0.03903711959719658
v 0.04886546730995182 -0.03647423908114436 -0.041865359991788864
v 0.04556429386138919 -0.045499999076128034 -0.03903711959719658
v 0.04335032775998118 -0.03647423908114436 -0.04755307361483574
v 0.04042173922061923 -0.045499999076128034 -0.044340502470731735
v 0.04335032775998118 -0.03647423908114436 -0.04755307361483574
v 0.04042173922061923 -0.045499999076128034 -0.044340502470731735
v 0.037178043276071576 -0.03647423908114436 -0.05251980945467949
v 0.034666430205106756 -0.045499999076128034 -0.04897178336977959
v 0.037178043276071576 -0.03647423908114436 -0.05251980945467949
v 0.034666430205106756 -0.045499999076128034 -0.04897178336977959
v 0.030442174524068853 -0.03647423908114436 -0.05669058486819267
v 0.028385613113641756 -0.045499999076128034 -0.052860748022794724
v 0.030442174524068853 -0.03647423908114436 -0.05669058486819267
v 0.028385613113641756 -0.045499999076128034 -0.052860748022794724
v 0.02324483543634416 -0.03647423908114436 -0.060001861304044724
v 0.021674500778317465 -0.045499999076128034 -0.05594838783144951
v 0.02324483543634416 -0.03647423908114436 -0.060001861304044724
v 0.021674500778317465 -0.045499999076128034 -0.05594838783144951
v 0.015695128589868556 -0.03647423908114436 -0.06240357086062431
v 0.014634823426604281 -0.045499999076128034 -0.058187853544950485
v 0.015695128589868556 -0.03647423908114436 -0.06240357086062431
v 0.014634823426604281 -0.045499999076128034 -0.058187853544950485
v 0.007907499559223657 -0.03647423908114436 -0.06385935842990875
v 0.007907499559223657 -0.03647423908114436 -0.06385935842990875
v 0.014634823426604281 -0.045499999076128034 -0.058187853544950485
v 0.007373297587037092 -0.045499999076128034 -0.05954517051577568
v 0.007907499559223657 -0.03647423908114436 -0.06385935842990875
v 0.007373297587037092 -0.045499999076128034 -0.05954517051577568
v -2.6743797655265815e-18 -0.03647423908114436 -0.064347043633461
v -2.6743797655265815e-18 -0.045499999076128034 -0.05999995395541191
v -2.6743797655265815e-18 -0.03647423908114436 -0.064347043633461
v -2.6743797655265815e-18 -0.045499999076128034 -0.05999995395541191
v -0.007907499559223657 -0.03647423908114436 -0.06385935842990875
v -0.007373297587037092 -0.045499999076128034 -0.05954517051577568
v -0.007907499559223657 -0.03647423908114436 -0.06385935842990875
v -0.007373297587037092 -0.045499999076128034 -0.05954517051577568
v -0.015695128589868556 -0.03647423908114436 -0.06240357086062431
v -0.015695128589868556 -0.03647423908114436 -0.06240357086062431
v -0.007373297587037092 -0.045499999076128034 -0.05954517051577568
v -0.014634823426604281 -0.045499999076128034 -0.058187853544950485
v -0.015695128589868556 -0.03647423908114436 -0.06240357086062431
v -0.014634823426604281 -0.045499999076128034 -0.058187853544950485
v -0.02324483543634416 -0.03647423908114436 -0.060001861304044724
v -0.021674500778317465 -0.045499999076128034 -0.05594838783144951
v -0.02324483543634416 -0.03647423908114436 -0.060001861304044724
v -0.021674500778317465 -0.045499999076128034 -0.05594838783144951
v -0.030442174524068853 -0.03647423908114436 -0.05669058486819267
v -0.028385613113641756 -0.045499999076128034 -0.052860748022794724
v -0.030442174524068853 -0.03647423908114436 -0.05669058486819267
v -0.028385613113641756 -0.045499999076128034 -0.052860748022794724
v -0.037178043276071576 -0.03647423908114436 -0.05251980945467949
v -0.034666430205106756 -0.045499999076128034 -0.04897178336977959
v -0.037178043276071576 -0.03647423908114436 -0.05251980945467949
v -0.034666430205106756 -0.045499999076128034 -0.04897178336977959
v -0.04335032775998118 -0.03647423908114436 -0.04755307361483574
v -0.04042173922061923 -0.045499999076128034 -0.044340502470731735
v -0.04335032775998118 -0.03647423908114436 -0.04755307361483574
v -0.04042173922061923 -0.045499999076128034 -0.044340502470731735
v -0.04886546730995182 -0.03647423908114436 -0.041865359991788864
v -0.04556429386138919 -0.045499999076128034 -0.03903711959719658
v -0.04886546730995182 -0.03647423908114436 -0.041865359991788864
v -0.04556429386138919 -0.045499999076128034 -0.03903711959719658
v -0.05363985523581508 -0.03647423908114436 -0.03554309532046318
v -0.05001614242792133 -0.045499999076128034 -0.033141862601041794
v -0.05363985523581508 -0.03647423908114436 -0.03554309532046318
v -0.05001614242792133 -0.045499999076128034 -0.033141862601041794
v -0.05760111659765248 -0.03647423908114436 -0.028682006523013115
v -0.053709797561168705 -0.045499999076128034 -0.026744259521365166
v -0.05760111659765248 -0.03647423908114436 -0.028682006523013115
v -0.053709797561168705 -0.045499999076128034 -0.026744259521365166
v -0.060689207166433376 -0.03647423908114436 -0.02138604037463665
v -0.05658926442265514 -0.045499999076128034 -0.019941342994570732
v -0.060689207166433376 -0.03647423908114436 -0.02138604037463665
v -0.05658926442265514 -0.045499999076128034 -0.019941342994570732
v -0.06285730749368672 -0.03647423908114436 -0.013765943236649036
v -0.05861089751124386 -0.045499999076128034 -0.012835991568863392
v -0.06285730749368672 -0.03647423908114436 -0.013765943236649036
v -0.05861089751124386 -0.045499999076128034 -0.012835991568863392
v -0.06407255679368977 -0.03647423908114436 -0.0059372312389314175
v -0.05974404886364941 -0.045499999076128034 -0.0055360919795930386
v -0.06407255679368977 -0.03647423908114436 -0.0059372312389314175
v -0.05974404886364941 -0.045499999076128034 -0.0055360919795930386
v -0.06431653350591664 -0.03647423908114436 0.001981603680178523
v -0.05997154489159588 -0.045499999076128034 0.0018477316480129957
v -0.06431653350591664 -0.03647423908114436 0.001981603680178523
v -0.05997154489159588 -0.045499999076128034 0.0018477316480129957
v -0.06358553469181065 -0.03647423908114436 0.009870278649032116
v -0.059289928525686306 -0.045499999076128034 0.009203541092574596
v -0.06358553469181065 -0.03647423908114436 0.009870278649032116
v -0.059289928525686306 -0.045499999076128034 0.009203541092574596
v -0.06189064309000973 -0.03647423908114436 0.01760946400463581
v -0.05770953744649891 -0.045499999076128034 0.016419755294919014
v -0.06189064309000973 -0.03647423908114436 0.01760946400463581
v -0.05770953744649891 -0.045499999076128034 0.016419755294919014
v -0.05925755575299267 -0.03647423908114436 0.02508162148296833
v -0.0552543327212334 -0.045499999076128034 0.023387180641293526
v -0.05925755575299267 -0.03647423908114436 0.02508162148296833
v -0.0552543327212334 -0.045499999076128034 0.023387180641293526
v -0.05572618171572689 -0.03647423908114436 0.03217350319027901
v -0.05196152254939083 -0.045499999076128034 0.029999958351254463
v -0.05572618171572689 -0.03647423908114436 0.03217350319027901
v -0.05196152254939083 -0.045499999076128034 0.029999958351254463
v -0.05135005339980129 -0.03647423908114436 0.03877781704068184
v -0.04788103327155117 -0.045499999076128034 0.03615807369351387
v -0.05135005339980129 -0.03647423908114436 0.03877781704068184
v -0.04788103327155117 -0.045499999076128034 0.03615807369351387
v -0.04619551450014117 -0.03647423908114436 0.04479419067502022
v -0.04307471588253978 -0.045499999076128034 0.041768062859773636
v -0.04619551450014117 -0.03647423908114436 0.04479419067502022
v -0.04307471588253978 -0.045499999076128034 0.041768062859773636
v -0.04034069925546649 -0.03647423908114436 0.05013154819607735
v -0.03761542961001399 -0.045499999076128034 0.04674481227993965
v -0.04034069925546649 -0.03647423908114436 0.05013154819607735
v -0.03761542961001399 -0.045499999076128034 0.04674481227993965
v -0.033874358981847784 -0.03647423908114436 0.054708946496248245
v -0.031585928052663824 -0.045499999076128034 0.05101298168301582
v -0.033874358981847784 -0.03647423908114436 0.054708946496248245
v -0.031585928052663824 -0.045499999076128034 0.05101298168301582
v -0.029240958392620107 -0.03715192526578906 0.05700002983212471
v -0.029240958392620107 -0.03715192526578906 0.05700002983212471
v -0.031585928052663824 -0.045499999076128034 0.05101298168301582
v -0.026227850466966646 -0.04008843749761584 0.05700002983212471
usemtl material_DefaultMaterial
f 1 2 3
f 4 5 6
f 1 7 2
f 2 7 8
f 2 8 9
f 3 10 1
f 1 10 11
f 1 11 12
f 4 6 13
f 13 6 14
f 14 6 15
f 14 15 16
f 12 17 1
f 1 17 14
f 1 14 18
f 18 14 16
f 9 19 2
f 2 19 20
f 2 20 21
f 21 22 2
f 2 22 23
f 2 23 24
f 25 26 27
f 27 28 25
f 25 28 29
f 25 29 30
f 31 32 33
f 33 32 34
f 33 34 35
f 30 36 25
f 25 36 33
f 25 33 37
f 37 33 35
f 38 39 33
f 33 39 40
f 33 40 31
f 41 42 43
f 25 44 26
f 26 44 42
f 26 42 45
f 45 42 41
f 46 47 33
f 33 47 48
f 33 48 49
f 49 50 33
f 33 50 51
f 33 51 38
f 43 52 41
f 41 52 53
f 41 53 54
f 55 56 57
f 58 59 60
f 58 60 61
f 62 63 64
f 62 64 65
f 66 67 68
f 66 68 69
f 70 71 72
f 70 72 73
f 74 75 76
f 74 76 77
f 78 79 80
f 78 80 81
f 82 83 84
f 82 84 85
f 86 87 88
f 86 88 89
f 90 91 92
f 90 92 93
f 94 95 96
f 94 96 97
f 98 99 100
f 98 100 101
f 102 103 104
f 102 104 105
f 106 107 108
f 106 108 109
f 110 111 112
f 110 112 113
f 114 115 116
f 114 116 117
f 118 119 120
f 118 120 121
f 122 123 124
f 122 124 125
f 126 127 128
f 126 128 129
f 130 131 132
f 130 132 133
f 134 135 136
f 134 136 137
f 138 139 140
f 138 140 141
f 142 143 144
f 142 144 145
f 146 147 148
f 146 148 149
f 55 150 56
f 151 152 153
f 154 155 156
f 154 156 157
f 158 159 160
f 158 160 161
f 162 163 164
f 162 164 165
f 166 167 168
f 166 168 169
f 170 171 172
f 170 172 173
f 174 175 176
f 174 176 177
f 178 179 180
f 178 180 181
f 182 183 184
f 182 184 185
f 186 187 188
f 186 188 189
f 190 191 192
f 190 192 193
f 194 195 196
f 194 196 197
f 198 199 200
f 198 200 201
f 202 203 204
f 202 204 205
f 206 207 208
f 206 208 209
f 210 211 212
f 210 212 213
f 214 215 216
f 214 216 217
f 218 219 220
f 218 220 221
f 222 223 224
f 222 224 225
f 226 227 228
f 226 228 229
f 230 231 232
f 230 232 233
f 234 235 236
f 234 236 237
f 238 239 240
f 238 240 241
f 242 243 244
f 242 244 245
f 246 247 248
f 246 248 249
f 250 251 252
f 250 252 253
f 254 255 256
f 254 256 257
f 258 259 260
f 258 260 261
f 262 263 264
f 262 264 265
f 266 267 268
f 266 268 269
f 151 270 152
f 271 272 273
f 274 275 276
f 277 278 279
f 280 281 282
f 283 284 285
f 286 287 288
f 289 290 291
f 292 293 294
f 295 296 297
f 298 299 300
f 301 302 303
f 304 305 306
f 307 308 309
f 310 311 312
f 313 314 315
f 316 317 318
f 319 320 321
f 322 323 324
f 325 326 327
f 328 329 330
f 331 332 333
f 334 335 336
f 337 338 339
f 340 341 342
f 343 344 345
f 346 347 348
f 349 350 351
f 351 350 352
f 353 354 355
f 356 357 358
f 359 360 361
f 362 363 364
f 365 366 367
f 368 369 370
f 370 369 371
f 372 373 374
f 374 373 375
f 376 377 378
f 378 377 379
f 380 381 382
f 382 381 383
f 384 385 386
f 386 385 387
f 388 389 390
f 391 392 393
f 394 395 396
f 397 398 399
f 400 401 402
f 403 404 405
f 406 407 408
f 409 410 411
f 412 413 414
f 414 413 415
f 416 417 418
f 419 420 421
f 422 423 424
f 425 426 427
f 428 429 430
f 431 432 433
f 434 435 436
f 437 438 439
f 440 441 442
f 443 444 445
f 446 447 448
f 449 450 451
f 452 453 454
f 454 453 455
f 456 457 458
f 459 460 461
f 462 463 464
f 465 466 467
f 468 469 470
f 471 472 473
f 474 475 476
f 474 476 477
f 478 479 480
f 481 482 483
f 481 483 484
f 485 486 487
f 488 489 490
f 491 492 493
f 494 495 496
f 497 498 499
f 500 501 502
f 503 504 505
f 506 507 508
f 509 510 511
f 512 513 514
f 515 516 517
f 518 519 520
f 521 522 523
f 524 525 526
f 527 528 529
f 530 531 532
f 533 534 535
f 536 537 538
f 539 540 541
f 542 543 544
f 545 546 547
f 548 549 550
f 551 552 553
f 554 555 556
f 557 558 559
f 560 561 562
f 563 564 565
f 566 567 568
f 569 570 571
f 572 573 574
f 575 576 577
f 578 579 580
f 581 582 583
f 584 585 586
f 584 586 587
f 588 589 590
f 591 592 593
f 594 595 596
f 597 598 599
f 597 599 600
f 601 602 603
f 601 603 604
f 605 606 607
f 605 607 608
f 609 610 611
f 609 611 612
f 613 614 615
f 613 615 616
f 617 618 619
f 620 621 622
f 623 624 625
f 626 627 628
f 629 630 631
f 632 633 634
f 632 634 635
f 636 637 638
f 636 638 639
f 640 641 642
f 640 642 643
f 644 645 646
f 644 646 647
f 648 649 650
f 648 650 651
f 652 653 654
f 652 654 655
f 656 657 658
f 659 660 661
f 662 663 664
f 665 666 667
f 665 667 668
f 669 670 671
f 669 671 672
f 673 674 675
f 673 675 676
f 677 678 679
f 677 679 680
f 681 682 683
f 681 683 684
f 685 686 687
f 685 687 688
f 689 690 691
f 689 691 692
f 693 694 695
f 693 695 696
f 697 698 699
f 697 699 700
f 701 702 703
f 701 703 704
f 705 706 707
f 708 709 710
f 711 712 713
f 714 715 716
f 714 716 717
f 718 719 720
f 718 720 721
f 722 723 724
f 722 724 725
f 726 727 728
f 726 728 729
f 730 731 732
f 730 732 733
f 734 735 736
f 734 736 737
f 738 739 740
f 738 740 741
f 742 743 744
f 742 744 745
f 746 747 748
f 746 748 749
f 750 751 752
f 750 752 753
f 754 755 756
f 757 758 759
f 760 761 762
f 763 764 765
f 763 765 766
f 767 768 769
f 767 769 770
f 771 772 773
f 771 773 774
f 775 776 777
f 775 777 778
f 779 780 781
f 779 781 782
f 783 784 785
f 783 785 786
f 787 788 789
f 787 789 790
f 791 792 793
f 791 793 794
f 795 796 797
f 795 797 798
f 799 800 801
f 799 801 802
f 803 804 805
f 806 807 808
f 809 810 811
f 812 813 814
f 812 814 815
f 816 817 818
f 816 818 819
f 820 821 822
f 820 822 823
f 824 825 826
f 824 826 827
f 828 829 830
f 828 830 831
f 832 833 834
f 832 834 835
f 836 837 838
f 836 838 839
f 840 841 842
f 840 842 843
f 844 845 846
f 844 846 847
f 848 849 850
f 851 852 853
f 854 855 856
f 857 858 859
f 860 861 862
f 863 864 865
f 863 865 866
f 867 868 869
f 867 869 870
f 871 872 873
f 871 873 874
f 875 876 877
f 875 877 878
f 879 880 881
f 879 881 882
f 883 884 885
f 883 885 886
f 887 888 889
f 887 889 890
f 891 892 893
f 891 893 894
f 895 896 897
f 895 897 898
f 899 900 901
f 899 901 902
f 903 904 905
f 903 905 906
f 907 908 909
f 907 909 910
f 911 912 913
f 527 914 528
f 915 916 917
f 918 919 920
f 918 920 921
f 922 923 924
f 922 924 925
f 926 927 928
f 926 928 929
f 930 931 932
f 930 932 933
f 934 935 936
f 934 936 937
f 938 939 940
f 938 940 941
f 942 943 944
f 942 944 945
f 946 947 948
f 946 948 949
f 950 951 952
f 950 952 953
f 954 955 956
f 954 956 957
f 958 959 960
f 958 960 961
f 962 963 964
f 962 964 965
f 966 967 968
f 524 969 525
f 970 971 972
f 973 974 975
f 973 975 976
f 977 978 979
f 977 979 980
f 981 982 983
f 981 983 984
f 985 986 987
f 985 987 988
f 989 990 991
f 989 991 992
f 993 994 995
f 993 995 996
f 997 998 999
f 997 999 1000
f 1001 1002 1003
f 1001 1003 1004
f 1005 1006 1007
f 1005 1007 1008
f 1009 1010 1011
f 1009 1011 1012
f 1013 1014 1015
f 1013 1015 1016
f 1017 1018 1019
f 1017 1019 1020
f 1021 1022 1023
f 521 1024 522
f 1025 1026 1027
f 1028 1029 1030
f 1028 1030 1031
f 1032 1033 1034
f 1032 1034 1035
f 1036 1037 1038
f 1036 1038 1039
f 1040 1041 1042
f 1040 1042 1043
f 1044 1045 1046
f 1044 1046 1047
f 1048 1049 1050
f 1048 1050 1051
f 1052 1053 1054
f 1052 1054 1055
f 1056 1057 1058
f 1056 1058 1059
f 1060 1061 1062
f 1060 1062 1063
f 1064 1065 1066
f 1064 1066 1067
f 1068 1069 1070
f 1068 1070 1071
f 1072 1073 1074
f 1072 1074 1075
f 1076 1077 1078
f 518 1079 519
f 1080 1081 1082
f 1083 1084 1085
f 1083 1085 1086
f 1087 1088 1089
f 1087 1089 1090
f 1091 1092 1093
f 1091 1093 1094
f 1095 1096 1097
f 1095 1097 1098
f 1099 1100 1101
f 1099 1101 1102
f 1103 1104 1105
f 1103 1105 1106
f 1107 1108 1109
f 1107 1109 1110
f 1111 1112 1113
f 1111 1113 1114
f 1115 1116 1117
f 1115 1117 1118
f 1119 1120 1121
f 1119 1121 1122
f 1123 1124 1125
f 1123 1125 1126
f 1127 1128 1129
f 1127 1129 1130
f 1131 1132 1133
f 515 1134 516
f 1135 1136 1137
f 1138 1139 1140
f 1138 1140 1141
f 1142 1143 1144
f 1142 1144 1145
f 1146 1147 1148
f 1146 1148 1149
f 1150 1151 1152
f 1150 1152 1153
f 1154 1155 1156
f 1154 1156 1157
f 1158 1159 1160
f 1158 1160 1161
f 1162 1163 1164
f 1162 1164 1165
f 1166 1167 1168
f 1166 1168 1169
f 1170 1171 1172
f 1170 1172 1173
f 1174 1175 1176
f 1174 1176 1177
f 1178 1179 1180
f 1178 1180 1181
f 1182 1183 1184
f 1182 1184 1185
f 1186 1187 1188
f 508 1189 506
f 1190 1191 1192
f 1193 1194 1195
f 1195 1194 1196
f 1195 1196 1197
f 1197 1198 1195
f 1195 1198 1199
f 1195 1199 1200
f 1200 1199 1201
f 1200 1201 1202
f 1203 1204 1205
f 1206 1207 1208
f 1208 1207 1209
f 1208 1209 1210
f 1206 1211 1207
f 1207 1211 1212
f 1207 1212 1213
f 1213 1212 1214
f 1213 1214 1215
f 1191 1216 1192
f 1192 1216 1217
f 1192 1217 1209
f 1209 1217 1218
f 1209 1218 1210
f 1219 1220 1221
f 1222 1223 1224
f 1225 1226 1227
f 1227 1228 1225
f 1225 1228 1229
f 1225 1229 1230
f 1230 1229 1231
f 1230 1231 1232
f 1233 1234 1235
f 1235 1234 1236
f 1235 1236 1225
f 1225 1236 1237
f 1225 1237 1226
f 1238 1239 1240
f 1215 1241 1213
f 1213 1241 1242
f 1213 1242 1205
f 1205 1242 1243
f 1205 1243 1203
f 1221 1244 1219
f 1219 1244 1245
f 1219 1245 1192
f 1192 1245 1246
f 1192 1246 1190
f 1220 1219 1247
f 1247 1219 1248
f 1247 1248 1249
f 1250 1251 1252
f 1252 1251 1253
f 1252 1253 1254
f 1255 1256 1257
f 1257 1256 1258
f 1257 1258 1259
f 1260 1261 1262
f 1262 1261 1263
f 1262 1263 1193
f 1193 1263 1264
f 1193 1264 1194
f 1232 1265 1230
f 1230 1265 1266
f 1230 1266 1262
f 1262 1266 1267
f 1262 1267 1260
f 1204 1268 1205
f 1205 1268 1269
f 1205 1269 1240
f 1240 1269 1270
f 1240 1270 1238
f 1235 1271 1233
f 1233 1271 1272
f 1233 1272 1273
f 1273 1272 1240
f 1273 1240 1274
f 1274 1240 1239
f 1224 1223 1275
f 1275 1223 1276
f 1275 1276 1277
f 1254 1278 1252
f 1252 1278 1279
f 1252 1279 1224
f 1224 1279 1280
f 1224 1280 1281
f 1258 1282 1259
f 1259 1282 1283
f 1259 1283 1284
f 1277 1285 1275
f 1275 1285 1286
f 1275 1286 1248
f 1248 1286 1287
f 1248 1287 1249
f 1281 1288 1224
f 1224 1288 1289
f 1224 1289 1222
f 1290 1291 1292
f 1290 1292 1257
f 1257 1292 1293
f 1257 1293 1255
f 1294 1295 1296
f 1296 1295 1297
f 1296 1297 1290
f 1290 1297 1298
f 1290 1298 1291
f 1202 1299 1200
f 1200 1299 1300
f 1200 1300 1296
f 1296 1300 1301
f 1296 1301 1294
f 1284 1302 1259
f 1259 1302 1303
f 1259 1303 1252
f 1252 1303 1304
f 1252 1304 1250
f 1305 1306 1307
f 1307 1306 1308
f 1307 1308 1309
f 1310 1311 1312
f 1312 1311 1313
f 1312 1313 1314
f 1314 1313 1315
f 1314 1315 1316
f 1316 1315 1317
f 1316 1317 1318
f 1318 1317 1319
f 1320 1321 1322
f 1322 1321 1323
f 1322 1323 1319
f 1319 1323 1324
f 1319 1324 1318
f 1308 1325 1309
f 1309 1325 1326
f 1309 1326 1327
f 1328 1329 1305
f 1305 1329 1330
f 1305 1330 1306
f 1326 1331 1327
f 1327 1331 1332
f 1327 1332 1333
f 1333 1332 1334
f 1333 1334 1335
f 1312 1336 1310
f 1310 1336 1337
f 1310 1337 1338
f 1338 1337 1339
f 1338 1339 1340
f 1341 1342 1343
f 1343 1342 1344
f 1343 1344 1345
f 1346 1347 1348
f 1348 1347 1349
f 1348 1349 1328
f 1328 1349 1350
f 1328 1350 1329
f 1351 1352 1341
f 1341 1352 1353
f 1341 1353 1342
f 1334 1354 1335
f 1335 1354 1355
f 1335 1355 1351
f 1351 1355 1356
f 1351 1356 1352
f 1344 1357 1345
f 1345 1357 1358
f 1345 1358 1320
f 1320 1358 1359
f 1320 1359 1321
f 1360 1361 1346
f 1346 1361 1362
f 1346 1362 1347
f 1363 1364 1360
f 1360 1364 1365
f 1360 1365 1361
f 1366 1367 1368
f 1368 1367 1369
f 1368 1369 1363
f 1363 1369 1370
f 1363 1370 1364
f 1371 1372 1366
f 1366 1372 1373
f 1366 1373 1367
f 1374 1375 1376
f 1376 1375 1377
f 1376 1377 1371
f 1371 1377 1378
f 1371 1378 1372
f 1339 1379 1340
f 1340 1379 1380
f 1340 1380 1374
f 1374 1380 1381
f 1374 1381 1375
f 1382 1383 1384
f 1385 1386 1387
f 1388 1389 1390
f 1391 1392 1393
f 1394 1395 1396
f 1397 1398 1399
f 1400 1401 1402
f 1403 1404 1405
f 1406 1407 1408
f 1409 1410 1411
f 1412 1413 1414
f 1415 1416 1417
f 1418 1419 1420
f 1412 1414 1421
f 1422 1423 1424
f 1425 1426 1427
f 1428 1429 1430
f 1431 1432 1433
f 1434 1435 1436
f 1437 1438 1439
f 1440 1441 1442
f 1440 1442 1443
f 1444 1445 1446
f 1447 1448 1449
f 1450 1451 1452
f 1453 1454 1455
f 1453 1455 1456
f 1457 1458 1459
f 1460 1461 1462
f 1462 1461 1463
f 1464 1465 1466
f 1467 1468 1469
f 1470 1471 1472
f 1473 1474 1475
f 1476 1477 1478
f 1479 1480 1481
f 1482 1483 1484
f 1485 1486 1487
f 1488 1489 1490
f 1491 1492 1493
f 1494 1495 1496
f 1497 1498 1499
f 1500 1501 1502
f 1500 1502 1503
f 1504 1505 1506
f 1507 1508 1509
f 1510 1511 1512
f 1513 1514 1515
f 1515 1514 1516
f 1517 1518 1519
f 1520 1521 1522
f 1523 1524 1525
f 1526 1527 1528
f 1526 1528 1529
f 1530 1531 1532
f 1533 1534 1535
f 1535 1534 1536
f 1537 1538 1539
f 1540 1541 1542
f 1543 1544 1545
f 1546 1547 1548
f 1548 1547 1549
f 1550 1551 1552
f 1553 1554 1555
f 1556 1557 1558
f 1559 1560 1561
f 1562 1563 1564
f 1565 1566 1567
f 1568 1569 1570
f 1571 1572 1573
f 1574 1575 1576
f 1577 1578 1579
f 1579 1578 1580
f 1581 1582 1583
f 1383 1584 1384
f 1585 1586 1587
f 1588 1589 1590
f 1591 1592 1593
f 1594 1595 1596
f 1597 1598 1599
f 1600 1601 1602
f 1603 1604 1605
f 1605 1606 1603
f 1607 1608 1609
f 1607 1609 1610
f 1611 1612 1613
f 1614 1615 1616
f 1615 1617 1616
f 1618 1619 1620
f 1621 1622 1623
f 1624 1625 1626
f 1627 1628 1629
f 1630 1631 1632
f 1633 1634 1635
f 1635 1634 1636
f 1637 1638 1639
f 1640 1632 1631
f 1641 1642 1643
f 1644 1645 1646
f 1647 1648 1649
f 1650 1651 1652
f 1652 1651 1653
f 1652 1653 1654
f 1655 1649 1648
f 1656 1657 1658
f 1659 1660 1661
f 1659 1661 1662
f 1663 1664 1665
f 1666 1667 1668
f 1666 1668 1669
f 1668 1670 1669
f 1671 1672 1673
f 1671 1673 1674
f 1673 1675 1676
f 1677 1678 1679
f 1677 1679 1680
f 1679 1681 1680
f 1682 1683 1684
f 1682 1684 1685
f 1684 1686 1685
f 1687 1688 1689
f 1687 1689 1690
f 1691 1692 1693
f 1693 1692 1694
f 1693 1694 1695
f 1696 1690 1689
f 1697 1698 1699
f 1699 1698 1700
f 1701 1702 1703
f 1703 1702 1704
f 1703 1704 1705
f 1705 1704 1706
f 1707 1708 1709
f 1710 1711 1712
f 1713 1714 1715
f 1714 1716 1715
f 1717 1718 1719
f 1717 1719 1720
f 1719 1721 1722
f 1723 1724 1725
f 1723 1725 1726
f 1727 1728 1729
f 1730 1731 1732
f 1733 1734 1735
f 1736 1737 1738
f 1739 1740 1741
f 1739 1741 1742
f 1743 1744 1745
f 1746 1747 1748
f 1749 1750 1751
f 1751 1750 1752
f 1753 1754 1755
f 1756 1748 1747
f 1757 1758 1759
f 1759 1758 1760
f 1761 1762 1763
f 1764 1505 1504
f 1758 1765 1760
f 1766 1767 1768
f 1766 1768 1769
f 1770 1771 1772
f 1773 1774 1775
f 1774 1776 1775
f 1777 1778 1779
f 1777 1779 1780
f 1779 1781 1780
f 1782 1783 1784
f 1782 1784 1785
f 1784 1786 1785
f 1787 1788 1789
f 1790 1791 1792
f 1791 1793 1792
f 1794 1795 1796
f 1797 1798 1799
f 1799 1798 1800
f 1801 1802 1803
f 1803 1802 1804
f 1805 1806 1807
f 1808 1809 1810
f 1811 1812 1813
f 1814 1815 1816
f 1817 1818 1819
f 1817 1819 1820
f 1821 1813 1812
f 1822 1823 1824
f 1825 1826 1827
f 1825 1827 1828
f 1827 1829 1828
f 1830 1831 1832
f 1830 1832 1833
f 1832 1834 1833
f 1835 1836 1837
f 1835 1837 1838
f 1837 1839 1838
f 1840 1841 1842
f 1840 1842 1843
f 1842 1844 1843
f 1845 1846 1847
f 1848 1849 1850
f 1847 1851 1850
f 1852 1853 1854
f 1852 1854 1855
f 1856 1857 1858
f 1858 1857 1859
f 1860 1861 1862
f 1863 1855 1854
f 1864 1865 1866
f 1867 1868 1869
f 1867 1869 1870
f 1870 1869 1871
f 1872 1873 1874
f 1874 1873 1875
f 1876 1877 1878
f 1878 1877 1879
f 1880 1881 1882
f 1883 1884 1885
f 1886 1887 1888
f 1889 1890 1891
f 1888 1892 1893
f 1894 1895 1896
f 1897 1898 1899
f 1897 1899 1900
f 1901 1902 1903
f 1904 1905 1906
f 1905 1907 1906
f 1908 1909 1910
f 1908 1910 1911
f 1912 1913 1911
f 1914 1915 1916
f 1914 1916 1917
f 1916 1918 1917
f 1919 1920 1921
f 1919 1921 1922
f 1923 1924 1925
f 1926 1927 1928
f 1928 1927 1929
f 1930 1931 1932
f 1933 1934 1935
f 1936 1937 1938
f 1939 1940 1941
f 1941 1940 1942
f 1943 1944 1945
f 1945 1944 1946
f 1947 1948 1949
f 1949 1948 1950
f 1951 1952 1953
f 1953 1952 1954
f 1955 1956 1957
f 1957 1956 1958
f 1959 1960 1961
f 1961 1960 1962
f 1963 1964 1965
f 1965 1964 1966
f 1967 1968 1969
f 1969 1968 1970
f 1971 1972 1973
f 1973 1972 1974
f 1975 1976 1977
f 1977 1976 1978
f 1979 1980 1981
f 1981 1980 1982
f 1983 1984 1985
f 1985 1984 1986
f 1987 1988 1989
f 1989 1988 1990
f 1991 1992 1993
f 1993 1992 1994
f 1995 1996 1997
f 1997 1996 1998
f 1999 2000 2001
f 2001 2000 2002
f 2003 2004 2005
f 2005 2004 2006
f 2007 2008 2009
f 2009 2008 2010
f 2011 2012 2013
f 2014 2015 2016
f 2017 2018 2019
f 2020 2021 2022
f 2023 2024 2025
f 2026 2027 2028
f 2029 2030 2031
f 2032 2033 2034
f 2035 2036 2037
f 2038 2039 2040
f 2041 2042 2043
f 2044 2045 2046
f 2047 2048 2049
f 2050 2051 2052
f 2053 2054 2055
f 2056 2057 2058
f 2059 2060 2061
f 2061 2060 2062
f 2063 2064 2065
f 2065 2064 2066
f 2067 2068 2069
f 2069 2068 2070
f 2071 2072 2073
f 2073 2072 2074
f 2075 2076 2077
f 2077 2076 2078
f 2079 2080 2081
f 2081 2080 2082
f 2083 2084 2085
f 2085 2084 2086
f 2087 2088 2089
f 2089 2088 2090
f 2091 2092 2093
f 2093 2092 2094
f 2095 2096 2097
f 2097 2096 2098
f 2099 2100 2101
f 2101 2100 2102
f 2103 2104 2105
f 2105 2104 2106
f 2107 2108 2109
f 2109 2108 2110
f 2111 2112 2113
f 2113 2112 2114
f 2115 2116 2117
f 2117 2116 2118
f 2119 2120 2121
f 2121 2120 2122
f 2123 2124 2125
f 2125 2124 2126
f 2127 2128 2129
f 2129 2128 2130
f 2131 2132 2133
f 2134 2135 2136
f 2137 2138 2139
f 2140 2141 2142
f 2143 2144 2145
f 2145 2144 2146
f 2147 2148 2149
f 2149 2148 2150
f 2151 2152 2153
f 2153 2152 2154
f 2155 2156 2157
f 2157 2156 2158
f 2159 2160 2161
f 2161 2160 2162
f 2163 2164 2165
f 2165 2164 2166
f 2167 2168 2169
f 2169 2168 2170
f 2171 2172 2173
f 2173 2172 2174
f 2175 2176 2177
f 2177 2176 2178
f 2179 2180 2181
f 2181 2180 2182
f 2183 2184 2185
f 2185 2184 2186
f 2187 2188 2189
f 2189 2188 2190
f 2191 2192 2193
f 2193 2192 2194
f 2195 2196 2197
f 2197 2196 2198
f 2199 2200 2201
f 2202 2203 2204
f 2205 2206 2207
f 2208 2209 2210
f 2211 2212 2213
f 2214 2215 2216
f 2217 2218 2219
f 2220 2221 2222
f 2223 2224 2225
f 2225 2224 2226
f 2227 2228 2229
f 2229 2228 2230
f 2231 2232 2233
f 2233 2232 2234
f 2235 2236 2237
f 2237 2236 2238
f 2239 2240 2241
f 2241 2240 2242
f 2243 2244 2245
f 2245 2244 2246
f 2247 2248 2249
f 2250 2251 2252
f 2253 2254 2255
f 2256 2257 2258
f 2259 2260 2261
f 2262 2263 2264
f 2265 2266 2267
f 2268 2269 2270
f 2271 2272 2273
f 2273 2272 2274
f 2275 2276 2277
f 2277 2276 2278
f 2279 2280 2281
f 2281 2280 2282
f 2283 2284 2285
f 2285 2284 2286
f 2287 2288 2289
f 2289 2288 2290
f 2291 2292 2293
f 2293 2292 2294
f 2295 2296 2297
f 2297 2296 2298
f 2299 2300 2301
f 2301 2300 2302
f 2303 2304 2305
f 2305 2304 2306
f 2307 2308 2309
f 2309 2308 2310
f 2311 2312 2313
f 2313 2312 2314
f 2315 2316 2317
f 2317 2316 2318
f 2319 2320 2321
f 2321 2320 2322
f 2323 2324 2325
f 2325 2324 2326
f 2327 2328 2329
f 2330 2331 2332
f 2333 2334 2335
f 2336 2337 2338
f 2339 2340 2341
f 2342 2343 2344
f 2345 2346 2347
f 2347 2346 2348
f 2349 2350 2351
f 2351 2350 2352
f 2353 2354 2355
f 2355 2354 2356
f 2357 2358 2359
f 2359 2358 2360
f 2361 2362 2363
f 2363 2362 2364
f 2365 2366 2367
f 2367 2366 2368
f 2369 2370 2371
f 2371 2370 2372
f 2373 2374 2375
f 2375 2374 2376
f 2377 2378 2379
f 2379 2378 2380
f 2381 2382 2383
f 2383 2382 2384
f 2385 2386 2387
f 2387 2386 2388
f 2389 2390 2391
f 2391 2390 2392
f 2393 2394 2395
f 2395 2394 2396
f 2397 2398 2399
f 2399 2398 2400
f 2401 2402 2403
f 2403 2402 2404
f 2405 2406 2407
f 2408 2409 2410
f 2411 2412 2413
f 2414 2415 2416
f 2417 2418 2419
f 2419 2418 2420
f 2421 2422 2423
f 2423 2422 2424
f 2425 2426 2427
f 2427 2426 2428
f 2429 2430 2431
f 2431 2430 2432
f 2433 2434 2435
f 2435 2434 2436
f 2437 2438 2439
f 2439 2438 2440
f 2441 2442 2443
f 2444 2445 2446
f 2447 2448 2449
f 2450 2451 2452
f 2453 2454 2455
f 2455 2454 2456
f 2457 2458 2459
f 2459 2458 2460
f 2461 2462 2463
f 2463 2462 2464
f 2465 2466 2467
f 2467 2466 2468
f 2469 2470 2471
f 2471 2470 2472
f 2473 2474 2475
f 2475 2474 2476
f 2477 2478 2479
f 2479 2478 2480
f 2481 2482 2483
f 2483 2482 2484
f 2485 2486 2487
f 2487 2486 2488
f 2489 2490 2491
f 2491 2490 2492
f 2493 2494 2495
f 2495 2494 2496
f 2497 2498 2499
f 2499 2498 2500
f 2501 2502 2503
f 2503 2502 2504
f 2505 2506 2507
f 2507 2506 2508
f 2509 2510 2511
f 2511 2510 2512
f 2513 2514 2515
f 2516 2517 2518
f 1401 2519 1402
f 2520 2521 2522
f 2523 2524 2525
f 2525 2524 2526
f 2527 2528 2529
f 2529 2528 2530
f 2531 2532 2533
f 2533 2532 2534
f 2535 2536 2537
f 2537 2536 2538
f 2539 2540 2541
f 2541 2540 2542
f 2543 2544 2545
f 2545 2544 2546
f 2547 2548 2549
f 2549 2548 2550
f 2551 2552 2553
f 2553 2552 2554
f 2555 2556 2557
f 2557 2556 2558
f 2559 2560 2561
f 2561 2560 2562
f 2563 2564 2565
f 2565 2564 2566
f 2567 2568 2569
f 2569 2568 2570
f 2571 2572 2573
f 2574 2575 2576
f 2577 2578 2579
f 2579 2578 2580
f 2581 2582 2583
f 2583 2582 2584
f 2585 2586 2587
f 2587 2586 2588
f 2589 2590 2591
f 2591 2590 2592
f 2593 2594 2595
f 2595 2594 2596
f 2597 2598 2599
f 2600 2601 2602
f 2603 2604 2605
f 2605 2604 2606
f 2607 2608 2609
f 2609 2608 2610
f 2611 2612 2613
f 2614 2615 2616
f 2617 2618 2619
f 2619 2618 2620
f 2621 2622 2623
f 2623 2622 2624
f 2625 2626 2627
f 2627 2626 2628
f 2629 2630 2631
f 2631 2630 2632
f 2633 2634 2635
f 2635 2634 2636
f 2637 2638 2639
f 2640 2641 2642
f 2643 2644 2645
f 2645 2644 2646
f 2647 2648 2649
f 2649 2648 2650
f 2651 2652 2653
f 2653 2652 2654
f 2655 2656 2657
f 2657 2656 2658
f 2659 2660 2661
f 2661 2660 2662
f 2663 2664 2665
f 2665 2664 2666
f 2667 2668 2669
f 2669 2668 2670
f 2671 2672 2673
f 2673 2672 2674
f 2675 2676 2677
f 2677 2676 2678
f 2679 2680 2681
f 2681 2680 2682
f 2683 2684 2685
f 2685 2684 2686
f 2687 2688 2689
f 2689 2688 2690
f 2691 2692 2693
f 2694 2695 2696
f 2697 2698 2699
f 2700 2701 2702
f 2703 2704 2705
f 2705 2704 2706
f 2707 2708 2709
f 2710 2711 2712
f 2713 2714 2715
f 2716 2717 2718
f 2719 2720 2721
f 2721 2720 2722
f 2723 2724 2725
f 2725 2724 2726
f 2727 2728 2729
f 2729 2728 2730
f 2731 2732 2733
f 2733 2732 2734
f 2735 2736 2737
f 2737 2736 2738
f 2739 2740 2741
f 2741 2740 2742
f 2743 2744 2745
f 2745 2744 2746
f 2747 2748 2749
f 2749 2748 2750
f 2751 2752 2753
f 2753 2752 2754
f 2755 2756 2757
f 2758 2759 2760
f 2761 2762 2763
f 2763 2762 2764
f 2765 2766 2767
f 2767 2766 2768
f 2769 2770 2771
f 2772 2773 2774
f 2775 2776 2777
f 2777 2776 2778
f 2779 2780 2781
f 2781 2780 2782
f 2783 2784 2785
f 2785 2784 2786
f 2787 2788 2789
f 2790 2791 2792
f 2793 2794 2795
f 2796 2797 2798
f 2799 2800 2801
f 2801 2800 2802
f 2803 2804 2805
f 2805 2804 2806
f 2807 2808 2809
f 2809 2808 2810
f 2811 2812 2813
f 2814 2815 2816
f 2817 2818 2819
f 2819 2818 2820
f 2821 2822 2823
f 2823 2822 2824
f 2825 2826 2827
f 2828 2829 2830
f 2831 2832 2833
f 2833 2832 2834
f 2835 2836 2837
f 2837 2836 2838
f 2839 2840 2841
f 2841 2840 2842
f 2843 2844 2845
f 2845 2844 2846
f 2847 2848 2849
f 2849 2848 2850
f 2851 2852 2853
f 2853 2852 2854
f 2855 2856 2857
f 2857 2856 2858
f 2859 2860 2861
f 2861 2860 2862
f 2863 2864 2865
f 2865 2864 2866
f 2867 2868 2869
f 2870 2871 2872
f 2873 2874 2875
f 2876 2877 2878
f 2879 2880 2881
f 2881 2880 2882
f 2883 2884 2885
f 2886 1393 1392
f 1404 2887 1405
f 2888 2889 2890
f 2891 2892 2893
f 2893 2892 2894
f 2895 2896 2897
f 2897 2896 2898
f 2899 2900 2901
f 2901 2900 2902
f 2903 2904 2905
f 2905 2904 2906
f 2907 2908 2909
f 2909 2908 2910
f 2911 2912 2913
f 2913 2912 2914
f 2915 2916 2917
f 2917 2916 2918
f 2919 2920 2921
f 2921 2920 2922
f 2923 2924 2925
f 2925 2924 2926
f 2927 2928 2929
f 2929 2928 2930
f 2931 2932 2933
f 2933 2932 2934
f 2935 2936 2937
f 2937 2936 2938
f 2939 2940 2941
f 2941 2940 2942
f 2943 2944 2945
f 2945 2944 2946
f 2947 2948 2949
f 2950 2951 2952
f 2953 2954 2955
f 2956 2957 2958
f 2959 2960 2961
f 2961 2960 2962
f 2963 2964 2965
f 2965 2964 2966
f 2967 2968 2969
f 2969 2968 2970
f 2971 2972 2973
f 2973 2972 2974
f 2975 2976 2977
f 2977 2976 2978
f 2979 2980 2981
f 2981 2980 2982
f 2983 2984 2985
f 2985 2984 2986
f 2987 2988 2989
f 2989 2988 2990
f 2991 2992 2993
f 2994 2995 2996
f 2997 2998 2999
f 3000 3001 3002
f 3003 3004 3005
f 3005 3004 3006
f 3007 3008 3009
f 3009 3008 3010
f 3011 3012 3013
f 3013 3012 3014
f 3015 3016 3017
f 3017 3016 3018
f 3019 3020 3021
f 3021 3020 3022
f 3023 3024 3025
f 3025 3024 3026
f 3027 3028 3029
f 3029 3028 3030
f 3031 3032 3033
f 3033 3032 3034
f 3035 3036 3037
f 3037 3036 3038
f 3039 3040 3041
f 3041 3040 3042
f 3043 3044 3045
f 3045 3044 3046
f 3047 3048 3049
f 3049 3048 3050
f 3051 3052 3053
f 3053 3052 3054
f 3055 3056 3057
f 3057 3056 3058
f 3059 3060 3061
f 3062 1390 1389
f 3063 3064 3065
f 3066 3067 3068
f 3069 3070 3071
f 3072 3073 3074
f 3075 3076 3077
f 3077 3076 3078
f 3079 3080 3081
f 3081 3080 3082
f 3083 3084 3085
f 3085 3084 3086
f 3087 3088 3089
f 3089 3088 3090
f 3091 3092 3093
f 3093 3092 3094
f 3095 3096 3097
f 3097 3096 3098
f 3099 3100 3101
f 3101 3100 3102
f 3103 3104 3105
f 3105 3104 3106
f 3107 3108 3109
f 3109 3108 3110
f 3111 3112 3113
f 3113 3112 3114
f 3115 3116 3117
f 3117 3116 3118
f 3119 3120 3121
f 3121 3120 3122
f 3123 3124 3125
f 3125 3124 3126
f 3127 3128 3129
f 3129 3128 3130
f 3131 3132 3133
f 3133 3132 3134
f 3135 3136 3137
f 3137 3136 3138
f 3139 3140 3141
f 3142 3143 3144
f 3145 3146 3147
f 3148 3149 3150
f 3151 3152 3153
f 3153 3152 3154
f 3155 3156 3157
f 3157 3156 3158
f 3159 3160 3161
f 3162 3163 3164
f 3165 3166 3167
f 3168 3169 3170
f 3171 3172 3173
f 3173 3172 3174
f 3175 3176 3177
f 3177 3176 3178
f 3179 3180 3181
f 3181 3180 3182
f 3183 3184 3185
f 3185 3184 3186
f 3187 3188 3189
f 3189 3188 3190
f 3191 3192 3193
f 3193 3192 3194
f 3195 3196 3197
f 3197 3196 3198
f 3199 3200 3201
f 3201 3200 3202
f 3203 3204 3205
f 3205 3204 3206
f 3207 3208 3209
f 3209 3208 3210
f 3211 3212 3213
f 3213 3212 3214
f 3215 3216 3217
f 3217 3216 3218
f 3219 3220 3221
f 3221 3220 3222
f 3223 3224 3225
f 3225 3224 3226
f 3227 3228 3229
f 3229 3228 3230
f 3231 3232 3233
f 3233 3232 3234
f 3235 3236 3237
f 3238 3239 3240
f 3241 3242 3243
f 3244 1387 1386
f 1410 3245 1411
f 3246 3247 3248
f 3249 3250 3251
f 3251 3250 3252
f 3253 3254 3255
f 3255 3254 3256
f 3257 3258 3259
f 3259 3258 3260
f 3261 3262 3263
f 3263 3262 3264
f 3265 3266 3267
f 3267 3266 3268
f 3269 3270 3271
f 3271 3270 3272
f 3273 3274 3275
f 3275 3274 3276
f 3277 3278 3279
f 3279 3278 3280
f 3281 3282 3283
f 3283 3282 3284
f 3285 3286 3287
f 3287 3286 3288
f 3289 3290 3291
f 3291 3290 3292
f 3293 3294 3295
f 3295 3294 3296
f 3297 3298 3299
f 3300 3301 3302
f 3303 3304 3305
f 3305 3304 3306
f 3307 3308 3309
f 3310 3311 3312
f 3313 3314 3315
f 3315 3314 3316
f 3317 3318 3319
f 3319 3318 3320
f 3321 3322 3323
f 3323 3322 3324
f 3325 3326 3327
f 3328 3329 3330
f 3331 3332 3333
f 3333 3332 3334
f 3335 3336 3337
f 3337 3336 3338
f 3339 3340 3341
f 3342 3343 3344
f 3345 3346 3347
f 3347 3346 3348
f 3349 3350 3351
f 3351 3350 3352
f 3353 3354 3355
f 3355 3354 3356
f 3357 3358 3359
f 3360 3361 3362
f 3363 3364 3365
f 3365 3364 3366
f 3367 3368 3369
f 3370 3371 3372
f 3373 3374 3375
f 3375 3374 3376
f 3377 3378 3379
f 3379 3378 3380
f 3381 3382 3383
f 3383 3382 3384
f 3385 3386 3387
f 3387 3386 3388
f 3389 3390 3391
f 3391 3390 3392
f 3393 3394 3395
f 3395 3394 3396
f 3397 3398 3399
f 3399 3398 3400
f 3401 3402 3403
f 3403 3402 3404
f 3405 3406 3407
f 3407 3406 3408
f 3409 3410 3411
f 3411 3410 3412
f 3413 3414 3415
f 3415 3414 3416
f 3417 3418 3419
f 3419 3418 3420
f 3421 3422 3423
f 3424 3425 3426
f 3427 3428 3429
f 3430 3431 3432
f 3433 3434 3435
f 3435 3434 3436
f 3437 3438 3439
f 3439 3438 3440
f 3441 3442 3443
f 3443 3442 3444
f 3445 3446 3447
f 3447 3446 3448
f 3449 3450 3451
f 3451 3450 3452
f 3453 3454 3455
f 3455 3454 3456
f 3457 3458 3459
f 3459 3458 3460
f 3461 3462 3463
f 3463 3462 3464
f 3465 3466 3467
f 3467 3466 3468
f 3469 3470 3471
f 3471 3470 3472
f 3473 3474 3475
f 3475 3474 3476
f 3477 3478 3479
f 3479 3478 3480
f 3481 3482 3483
f 3484 3485 3486
f 3487 3488 3489
f 3489 3488 3490
f 3491 3492 3493
f 3493 3492 3494
f 3495 3496 3497
f 3497 3496 3498
f 3499 3500 3501
f 3501 3500 3502
f 3503 3504 3505
f 3505 3504 3506
f 3507 3508 3509
f 3509 3508 3510
f 3511 3512 3513
f 3513 3512 3514
f 3515 3516 3517
f 3517 3516 3518
f 3519 3520 3521
f 3521 3520 3522
f 3523 3524 3525
f 3525 3524 3526
f 3527 3528 3529
f 3529 3528 3530
f 3531 3532 3533
f 3533 3532 3534
f 3535 3536 3537
f 3537 3536 3538
f 3539 3540 3541
f 3541 3540 3542
f 3543 3544 3545
f 3546 3547 3548
f 3549 3550 3551
f 3551 3550 3552
f 3553 3554 3555
f 3555 3554 3556
f 3557 3558 3559
f 3559 3558 3560
f 3561 3562 3563
f 3563 3562 3564
f 3565 3566 3567
f 3567 3566 3568
f 3569 3570 3571
f 3571 3570 3572
f 3573 3574 3575
f 3575 3574 3576
f 3577 3578 3579
f 3579 3578 3580
f 3581 3582 3583
f 3583 3582 3584
f 3585 3586 3587
f 3587 3586 3588
f 3589 3590 3591
f 3591 3590 3592
f 3593 3594 3595
f 3595 3594 3596
f 3597 3598 3599
f 3600 3601 3602
f 3603 3604 3605
f 3606 3607 3608
f 3609 3610 3611
f 3611 3610 3612
f 3613 3614 3615
f 3615 3614 3616
f 3617 3618 3619
f 3619 3618 3620
f 3621 3622 3623
f 3623 3622 3624
f 3625 3626 3627
f 3627 3626 3628
f 3629 3630 3631
f 3631 3630 3632
f 3633 3634 3635
f 3635 3634 3636
f 3637 3638 3639
f 3639 3638 3640
f 3641 3642 3643
f 3643 3642 3644
f 3645 3646 3647
f 3647 3646 3648
f 3649 3650 3651
f 3651 3650 3652
f 3653 3654 3655
f 3655 3654 3656
f 3657 3658 3659
f 3659 3658 3660
f 3661 3662 3663
f 3663 3662 3664
f 3665 3666 3667
f 3667 3666 3668
f 3669 3670 3671
f 3671 3670 3672
f 3673 3674 3675
f 3675 3674 3676
f 3677 3678 3679
f 3679 3678 3680
f 3681 3682 3683
f 3683 3682 3684
f 3685 3686 3687
f 3688 3689 3690
f 3691 3692 3693
f 3693 3692 3694
f 3695 3696 3697
f 3697 3696 3698
f 3699 3700 3701
f 3702 3703 3704
f 3705 3706 3707
f 3707 3706 3708
f 3709 3710 3711
f 3711 3710 3712
f 3713 3714 3715
f 3715 3714 3716
f 3717 3718 3719
f 3719 3718 3720
f 3721 3722 3723
f 3723 3722 3724
f 3725 3726 3727
f 3727 3726 3728
f 3729 3730 3731
f 3731 3730 3732
f 3733 3734 3735
f 3735 3734 3736
f 3737 3738 3739
f 3739 3738 3740
f 3741 3742 3743
f 3743 3742 3744
f 3745 3746 3747
f 3747 3746 3748
f 3749 3750 3751
f 3751 3750 3752
f 3753 3754 3755
f 3755 3754 3756
f 3757 3758 3759
f 3759 3758 3760
f 3761 3762 3763
f 3763 3762 3764
f 3765 3766 3767
f 3767 3766 3768
f 3769 3770 3771
f 3771 3770 3772
f 3773 3774 3775
f 3775 3774 3776
f 3777 3778 3779
f 3779 3778 3780
f 3781 3782 3783
f 3784 3785 3786
