mtllib kuka_link_7_visuals.mtl
v -0.023278780281543746 -0.021221412345767035 -0.0050000580959022045
v -0.022350292652845397 -0.024278888478875178 -0.0050000580959022045
v -0.018982991576194777 -0.02513754181563856 -0.0050000580959022045
v -0.018049288541078578 -0.02762649208307268 -0.0050000580959022045
v -0.01404075790196658 -0.028197642415761965 -0.0050000580959022045
v -0.01325594913214446 -0.03022051975131037 -0.0050000580959022045
v -0.008620384149253374 -0.030297506600618383 -0.0050000580959022045
v -0.008101020939648157 -0.031990211457014105 -0.0050000580959022045
v -0.002906453330069782 -0.03136562556028368 -0.0050000580959022045
v -0.002725118305534126 -0.03288728743791582 -0.0050000580959022045
v 0.002906453330069782 -0.03136562556028368 -0.0050000580959022045
v 0.002725118305534126 -0.03288728743791582 -0.0050000580959022045
v 0.008620384149253374 -0.030297506600618383 -0.0050000580959022045
v 0.008101020939648157 -0.031990211457014105 -0.0050000580959022045
v 0.01404075790196658 -0.028197642415761965 -0.0050000580959022045
v 0.01325594913214446 -0.03022051975131037 -0.0050000580959022045
v 0.018982991576194777 -0.02513754181563856 -0.0050000580959022045
v 0.018049288541078578 -0.02762649208307268 -0.0050000580959022045
v 0.023278780281543746 -0.021221412345767035 -0.0050000580959022045
v -0.023278780281543746 0.021221414208412184 -0.0050000580959022045
v -0.02604163624346258 0.020269019529223456 -0.0050000580959022045
v -0.026781840249896067 0.016582613810896884 -0.0050000580959022045
v -0.02902263402938845 0.015706265345215808 -0.0050000580959022045
v -0.029372874647378942 0.01137911248952151 -0.0050000580959022045
v -0.031211968511343023 0.010715082287788398 -0.0050000580959022045
v -0.030963651835918447 0.00578810973092914 -0.0050000580959022045
v -0.03254992142319681 0.005431621335446838 -0.0050000580959022045
v -0.0315000005066395 2.374917797143274e-11 -0.0050000580959022045
v -0.032999999821186086 2.374917797143274e-11 -0.0050000580959022045
v -0.030963651835918447 -0.00578810973092914 -0.0050000580959022045
v -0.03254992142319681 -0.005431621335446838 -0.0050000580959022045
v -0.029372874647378942 -0.01137911248952151 -0.0050000580959022045
v -0.031211968511343023 -0.010715082287788398 -0.0050000580959022045
v -0.026781840249896067 -0.016582611948251735 -0.0050000580959022045
v -0.02902263402938845 -0.01570626348257066 -0.0050000580959022045
v -0.02604163624346258 -0.020269019529223456 -0.0050000580959022045
v 0.022350292652845397 -0.024278888478875178 -0.0050000580959022045
v 0.02604163624346258 -0.020269019529223456 -0.0050000580959022045
v 0.026781840249896067 -0.016582611948251735 -0.0050000580959022045
v 0.02902263402938845 -0.01570626348257066 -0.0050000580959022045
v 0.029372874647378942 -0.01137911248952151 -0.0050000580959022045
v 0.031211968511343023 -0.010715082287788398 -0.0050000580959022045
v 0.030963651835918447 -0.00578810973092914 -0.0050000580959022045
v 0.03254992142319681 -0.005431621335446838 -0.0050000580959022045
v 0.0315000005066395 2.374917797143274e-11 -0.0050000580959022045
v 0.032999999821186086 2.374917797143274e-11 -0.0050000580959022045
v 0.030963651835918447 0.00578810973092914 -0.0050000580959022045
v 0.03254992142319681 0.005431621335446838 -0.0050000580959022045
v 0.029372874647378942 0.01137911248952151 -0.0050000580959022045
v 0.031211968511343023 0.010715082287788398 -0.0050000580959022045
v 0.026781840249896067 0.016582613810896884 -0.0050000580959022045
v 0.02902263402938845 0.015706265345215808 -0.0050000580959022045
v 0.023278780281543746 0.021221414208412184 -0.0050000580959022045
v 0.02604163624346258 0.020269019529223456 -0.0050000580959022045
v 0.022350292652845397 0.024278890341520327 -0.0050000580959022045
v 0.018982991576194777 0.02513754367828371 -0.0050000580959022045
v 0.018049288541078578 0.02762649394571783 -0.0050000580959022045
v 0.01404075790196658 0.028197644278407114 -0.0050000580959022045
v 0.01325594913214446 0.03022051975131037 -0.0050000580959022045
v 0.008620384149253374 0.030297508463263532 -0.0050000580959022045
v 0.008101020939648157 0.031990207731723806 -0.0050000580959022045
v 0.002906453330069782 0.03136562556028368 -0.0050000580959022045
v 0.002725118305534126 0.03288728743791582 -0.0050000580959022045
v -0.002906453330069782 0.03136562556028368 -0.0050000580959022045
v -0.002725118305534126 0.03288728743791582 -0.0050000580959022045
v -0.008620384149253374 0.030297508463263532 -0.0050000580959022045
v -0.008101020939648157 0.031990207731723806 -0.0050000580959022045
v -0.01404075790196658 0.028197644278407114 -0.0050000580959022045
v -0.01325594913214446 0.03022051975131037 -0.0050000580959022045
v -0.018982991576194777 0.02513754367828371 -0.0050000580959022045
v -0.018049288541078578 0.02762649394571783 -0.0050000580959022045
v -0.022350292652845397 0.024278890341520327 -0.0050000580959022045
v 0.025237606838345545 -0.01621922291815282 -0.0209999717772007
v 0.03156562149524691 -0.0245685074478388 -0.0209999717772007
v 0.021712021902203574 -0.020702369511127486 -0.0209999717772007
v 0.027091262862086313 -0.029428955167531988 -0.0209999717772007
v 0.01740170642733575 -0.024437278509140032 -0.0209999717772007
v 0.021877925843000426 -0.033486660569906256 -0.0209999717772007
v 0.012462450191378602 -0.02728895843029024 -0.0209999717772007
v 0.01606781780719758 -0.036630932241678266 -0.0209999717772007
v 0.0070727681741118474 -0.029154345393180868 -0.0209999717772007
v 0.009819419123232372 -0.03877601027488711 -0.0209999717772007
v 0.001427457435056568 -0.029966019093990347 -0.0209999717772007
v 0.0033031739294528983 -0.03986338153481486 -0.0209999717772007
v -0.004269445315003398 -0.02969464287161829 -0.0209999717772007
v 0.021712021902203574 0.020702371373772635 -0.0209999717772007
v 0.03156562149524691 0.02456850931048395 -0.0209999717772007
v 0.025237606838345545 0.01621922478079797 -0.0209999717772007
v 0.03517894819378855 0.019037896767258658 -0.0209999717772007
v 0.02785103768110277 0.011149873957037933 -0.0209999717772007
v 0.03783268854022029 0.012987978756427774 -0.0209999717772007
v 0.029457861557602903 0.005677537061274055 -0.0209999717772007
v 0.0394544526934624 0.0065837833099067255 -0.0209999717772007
v 0.029999999329447767 2.374917797143274e-11 -0.0209999717772007
v 0.039999999105930356 2.374917797143274e-11 -0.0209999717772007
v 0.029457861557602903 -0.0056775375269353424 -0.0209999717772007
v 0.0394544526934624 -0.006583783775568013 -0.0209999717772007
v 0.02785103768110277 -0.011149873957037933 -0.0209999717772007
v 0.03783268854022029 -0.012987978756427774 -0.0209999717772007
v 0.03517894819378855 -0.01903789490461351 -0.0209999717772007
v -0.009812039323151119 0.02835002541542055 -0.0209999717772007
v -0.009819419123232372 0.03877601027488711 -0.0209999717772007
v -0.004269445315003398 0.02969464473426344 -0.0209999717772007
v -0.0033031739294528983 0.039863377809524564 -0.0209999717772007
v 0.001427457435056568 0.029966020956635496 -0.0209999717772007
v 0.0033031739294528983 0.039863377809524564 -0.0209999717772007
v 0.0070727681741118474 0.029154347255826017 -0.0209999717772007
v 0.009819419123232372 0.03877601027488711 -0.0209999717772007
v 0.012462450191378602 0.02728896029293539 -0.0209999717772007
v 0.01606781780719758 0.036630932241678266 -0.0209999717772007
v 0.01740170642733575 0.024437278509140032 -0.0209999717772007
v 0.021877925843000426 0.03348665684461596 -0.0209999717772007
v 0.027091262862086313 0.029428957030177137 -0.0209999717772007
v -0.0033031739294528983 -0.03986338153481486 -0.0209999717772007
v -0.009819419123232372 -0.03877601027488711 -0.0209999717772007
v -0.009812039323151119 -0.0283500235527754 -0.0209999717772007
v -0.01606781780719758 -0.036630932241678266 -0.0209999717772007
v -0.014999999664723884 -0.025980761274695414 -0.0209999717772007
v -0.021877925843000426 -0.033486660569906256 -0.0209999717772007
v -0.01964582130312921 -0.02267248556017877 -0.0209999717772007
v -0.027091262862086313 -0.029428955167531988 -0.0209999717772007
v -0.023581592366099375 -0.01854476891458036 -0.0209999717772007
v -0.03156562149524691 -0.0245685074478388 -0.0209999717772007
v -0.02666506357491018 -0.013746796175837525 -0.0209999717772007
v -0.03517894819378855 -0.01903789490461351 -0.0209999717772007
v -0.02878478914499285 -0.008451976813375955 -0.0209999717772007
v -0.03783268854022029 -0.012987978756427774 -0.0209999717772007
v -0.029864158481359503 -0.002851681318134071 -0.0209999717772007
v -0.0394544526934624 -0.006583783775568013 -0.0209999717772007
v -0.029999999329447767 2.374917797143274e-11 -0.0209999717772007
v -0.039999999105930356 2.374917797143274e-11 -0.0209999717772007
v -0.029864158481359503 0.002851681318134071 -0.0209999717772007
v -0.0394544526934624 0.0065837833099067255 -0.0209999717772007
v -0.02878478914499285 0.008451976813375955 -0.0209999717772007
v -0.03783268854022029 0.012987978756427774 -0.0209999717772007
v -0.02666506357491018 0.01374679524451495 -0.0209999717772007
v -0.03517894819378855 0.019037896767258658 -0.0209999717772007
v -0.023581592366099375 0.018544770777225508 -0.0209999717772007
v -0.03156562149524691 0.02456850931048395 -0.0209999717772007
v -0.01964582130312921 0.02267248742282392 -0.0209999717772007
v -0.027091262862086313 0.029428957030177137 -0.0209999717772007
v -0.014999999664723884 0.025980763137340563 -0.0209999717772007
v -0.021877925843000426 0.03348665684461596 -0.0209999717772007
v -0.01606781780719758 0.036630932241678266 -0.0209999717772007
v 0.0394544526934624 0.0065837833099067255 -0.0209999717772007
v 0.039999999105930356 2.374917797143274e-11 -0.01599997654557228
v 0.039999999105930356 2.374917797143274e-11 -0.0209999717772007
v 0.039999999105930356 2.374917797143274e-11 -0.0209999717772007
v 0.039999999105930356 2.374917797143274e-11 -0.01599997654557228
v 0.0394544526934624 -0.006583783775568013 -0.01599997654557228
v 0.0394544526934624 -0.006583783775568013 -0.0209999717772007
v 0.0394544526934624 -0.006583783775568013 -0.0209999717772007
v 0.0394544526934624 -0.006583783775568013 -0.01599997654557228
v 0.03783268854022029 -0.012987978756427774 -0.01599997654557228
v 0.03783268854022029 -0.012987978756427774 -0.0209999717772007
v 0.03783268854022029 -0.012987978756427774 -0.0209999717772007
v 0.03783268854022029 -0.012987978756427774 -0.01599997654557228
v 0.03517894819378855 -0.01903789490461351 -0.01599997654557228
v 0.03517894819378855 -0.01903789490461351 -0.0209999717772007
v 0.03517894819378855 -0.01903789490461351 -0.0209999717772007
v 0.03517894819378855 -0.01903789490461351 -0.01599997654557228
v 0.03156562149524691 -0.0245685074478388 -0.01599997654557228
v 0.03156562149524691 -0.0245685074478388 -0.0209999717772007
v 0.03156562149524691 -0.0245685074478388 -0.0209999717772007
v 0.03156562149524691 -0.0245685074478388 -0.01599997654557228
v 0.027091262862086313 -0.029428955167531988 -0.01599997654557228
v 0.027091262862086313 -0.029428955167531988 -0.0209999717772007
v 0.027091262862086313 -0.029428955167531988 -0.0209999717772007
v 0.027091262862086313 -0.029428955167531988 -0.01599997654557228
v 0.021877925843000426 -0.033486660569906256 -0.01599997654557228
v 0.021877925843000426 -0.033486660569906256 -0.0209999717772007
v 0.021877925843000426 -0.033486660569906256 -0.0209999717772007
v 0.021877925843000426 -0.033486660569906256 -0.01599997654557228
v 0.01606781780719758 -0.036630932241678266 -0.01599997654557228
v 0.01606781780719758 -0.036630932241678266 -0.0209999717772007
v 0.01606781780719758 -0.036630932241678266 -0.0209999717772007
v 0.01606781780719758 -0.036630932241678266 -0.01599997654557228
v 0.009819419123232372 -0.03877601027488711 -0.01599997654557228
v 0.009819419123232372 -0.03877601027488711 -0.0209999717772007
v 0.009819419123232372 -0.03877601027488711 -0.0209999717772007
v 0.009819419123232372 -0.03877601027488711 -0.01599997654557228
v 0.0033031739294528983 -0.03986338153481486 -0.01599997654557228
v 0.0033031739294528983 -0.03986338153481486 -0.0209999717772007
v 0.0033031739294528983 -0.03986338153481486 -0.0209999717772007
v 0.0033031739294528983 -0.03986338153481486 -0.01599997654557228
v -0.0033031739294528983 -0.03986338153481486 -0.01599997654557228
v -0.0033031739294528983 -0.03986338153481486 -0.0209999717772007
v -0.0033031739294528983 -0.03986338153481486 -0.0209999717772007
v -0.0033031739294528983 -0.03986338153481486 -0.01599997654557228
v -0.009819419123232372 -0.03877601027488711 -0.01599997654557228
v -0.009819419123232372 -0.03877601027488711 -0.0209999717772007
v -0.009819419123232372 -0.03877601027488711 -0.0209999717772007
v -0.009819419123232372 -0.03877601027488711 -0.01599997654557228
v -0.01606781780719758 -0.036630932241678266 -0.01599997654557228
v -0.01606781780719758 -0.036630932241678266 -0.0209999717772007
v -0.01606781780719758 -0.036630932241678266 -0.0209999717772007
v -0.01606781780719758 -0.036630932241678266 -0.01599997654557228
v -0.021877925843000426 -0.033486660569906256 -0.01599997654557228
v -0.021877925843000426 -0.033486660569906256 -0.0209999717772007
v -0.021877925843000426 -0.033486660569906256 -0.0209999717772007
v -0.021877925843000426 -0.033486660569906256 -0.01599997654557228
v -0.027091262862086313 -0.029428955167531988 -0.01599997654557228
v -0.027091262862086313 -0.029428955167531988 -0.0209999717772007
v -0.027091262862086313 -0.029428955167531988 -0.0209999717772007
v -0.027091262862086313 -0.029428955167531988 -0.01599997654557228
v -0.03156562149524691 -0.0245685074478388 -0.01599997654557228
v -0.03156562149524691 -0.0245685074478388 -0.0209999717772007
v -0.03156562149524691 -0.0245685074478388 -0.0209999717772007
v -0.03156562149524691 -0.0245685074478388 -0.01599997654557228
v -0.03517894819378855 -0.01903789490461351 -0.01599997654557228
v -0.03517894819378855 -0.01903789490461351 -0.0209999717772007
v -0.03517894819378855 -0.01903789490461351 -0.0209999717772007
v -0.03517894819378855 -0.01903789490461351 -0.01599997654557228
v -0.03783268854022029 -0.012987978756427774 -0.01599997654557228
v -0.03783268854022029 -0.012987978756427774 -0.0209999717772007
v -0.03783268854022029 -0.012987978756427774 -0.0209999717772007
v -0.03783268854022029 -0.012987978756427774 -0.01599997654557228
v -0.0394544526934624 -0.006583783775568013 -0.01599997654557228
v -0.0394544526934624 -0.006583783775568013 -0.0209999717772007
v -0.0394544526934624 -0.006583783775568013 -0.0209999717772007
v -0.0394544526934624 -0.006583783775568013 -0.01599997654557228
v -0.039999999105930356 2.374917797143274e-11 -0.01599997654557228
v -0.039999999105930356 2.374917797143274e-11 -0.0209999717772007
v -0.039999999105930356 2.374917797143274e-11 -0.0209999717772007
v -0.039999999105930356 2.374917797143274e-11 -0.01599997654557228
v -0.0394544526934624 0.0065837833099067255 -0.01599997654557228
v -0.0394544526934624 0.0065837833099067255 -0.0209999717772007
v -0.0394544526934624 0.0065837833099067255 -0.0209999717772007
v -0.0394544526934624 0.0065837833099067255 -0.01599997654557228
v -0.03783268854022029 0.012987978756427774 -0.01599997654557228
v -0.03783268854022029 0.012987978756427774 -0.0209999717772007
v -0.03783268854022029 0.012987978756427774 -0.0209999717772007
v -0.03783268854022029 0.012987978756427774 -0.01599997654557228
v -0.03517894819378855 0.019037896767258658 -0.01599997654557228
v -0.03517894819378855 0.019037896767258658 -0.0209999717772007
v -0.03517894819378855 0.019037896767258658 -0.0209999717772007
v -0.03517894819378855 0.019037896767258658 -0.01599997654557228
v -0.03156562149524691 0.02456850931048395 -0.01599997654557228
v -0.03156562149524691 0.02456850931048395 -0.0209999717772007
v -0.03156562149524691 0.02456850931048395 -0.0209999717772007
v -0.03156562149524691 0.02456850931048395 -0.01599997654557228
v -0.027091262862086313 0.029428957030177137 -0.01599997654557228
v -0.027091262862086313 0.029428957030177137 -0.0209999717772007
v -0.027091262862086313 0.029428957030177137 -0.0209999717772007
v -0.027091262862086313 0.029428957030177137 -0.01599997654557228
v -0.021877925843000426 0.03348665684461596 -0.01599997654557228
v -0.021877925843000426 0.03348665684461596 -0.0209999717772007
v -0.021877925843000426 0.03348665684461596 -0.0209999717772007
v -0.021877925843000426 0.03348665684461596 -0.01599997654557228
v -0.01606781780719758 0.036630932241678266 -0.01599997654557228
v -0.01606781780719758 0.036630932241678266 -0.0209999717772007
v -0.01606781780719758 0.036630932241678266 -0.0209999717772007
v -0.01606781780719758 0.036630932241678266 -0.01599997654557228
v -0.009819419123232372 0.03877601027488711 -0.01599997654557228
v -0.009819419123232372 0.03877601027488711 -0.0209999717772007
v -0.009819419123232372 0.03877601027488711 -0.0209999717772007
v -0.009819419123232372 0.03877601027488711 -0.01599997654557228
v -0.0033031739294528983 0.039863377809524564 -0.01599997654557228
v -0.0033031739294528983 0.039863377809524564 -0.0209999717772007
v -0.0033031739294528983 0.039863377809524564 -0.0209999717772007
v -0.0033031739294528983 0.039863377809524564 -0.01599997654557228
v 0.0033031739294528983 0.039863377809524564 -0.01599997654557228
v 0.0033031739294528983 0.039863377809524564 -0.0209999717772007
v 0.0033031739294528983 0.039863377809524564 -0.0209999717772007
v 0.0033031739294528983 0.039863377809524564 -0.01599997654557228
v 0.009819419123232372 0.03877601027488711 -0.01599997654557228
v 0.009819419123232372 0.03877601027488711 -0.0209999717772007
v 0.009819419123232372 0.03877601027488711 -0.0209999717772007
v 0.009819419123232372 0.03877601027488711 -0.01599997654557228
v 0.01606781780719758 0.036630932241678266 -0.01599997654557228
v 0.01606781780719758 0.036630932241678266 -0.0209999717772007
v 0.01606781780719758 0.036630932241678266 -0.0209999717772007
v 0.01606781780719758 0.036630932241678266 -0.01599997654557228
v 0.021877925843000426 0.03348665684461596 -0.01599997654557228
v 0.021877925843000426 0.03348665684461596 -0.0209999717772007
v 0.021877925843000426 0.03348665684461596 -0.0209999717772007
v 0.021877925843000426 0.03348665684461596 -0.01599997654557228
v 0.027091262862086313 0.029428957030177137 -0.01599997654557228
v 0.027091262862086313 0.029428957030177137 -0.0209999717772007
v 0.027091262862086313 0.029428957030177137 -0.0209999717772007
v 0.027091262862086313 0.029428957030177137 -0.01599997654557228
v 0.03156562149524691 0.02456850931048395 -0.01599997654557228
v 0.03156562149524691 0.02456850931048395 -0.0209999717772007
v 0.03156562149524691 0.02456850931048395 -0.0209999717772007
v 0.03156562149524691 0.02456850931048395 -0.01599997654557228
v 0.03517894819378855 0.019037896767258658 -0.01599997654557228
v 0.03517894819378855 0.019037896767258658 -0.0209999717772007
v 0.03517894819378855 0.019037896767258658 -0.0209999717772007
v 0.03517894819378855 0.019037896767258658 -0.01599997654557228
v 0.03783268854022029 0.012987978756427774 -0.01599997654557228
v 0.03783268854022029 0.012987978756427774 -0.0209999717772007
v 0.03783268854022029 0.012987978756427774 -0.0209999717772007
v 0.03783268854022029 0.012987978756427774 -0.01599997654557228
v 0.0394544526934624 0.0065837833099067255 -0.01599997654557228
v 0.0394544526934624 0.0065837833099067255 -0.0209999717772007
v 0.0394544526934624 0.0065837833099067255 -0.01599997654557228
v -0.0394544526934624 0.0065837833099067255 -0.01599997654557228
v -0.03254992142319681 0.005431621335446838 -0.0050000580959022045
v -0.03783268854022029 0.012987978756427774 -0.01599997654557228
v -0.031211968511343023 0.010715082287788398 -0.0050000580959022045
v -0.03783268854022029 0.012987978756427774 -0.01599997654557228
v -0.031211968511343023 0.010715082287788398 -0.0050000580959022045
v -0.03517894819378855 0.019037896767258658 -0.01599997654557228
v -0.02902263402938845 0.015706265345215808 -0.0050000580959022045
v -0.03517894819378855 0.019037896767258658 -0.01599997654557228
v -0.02902263402938845 0.015706265345215808 -0.0050000580959022045
v -0.03156562149524691 0.02456850931048395 -0.01599997654557228
v -0.02604163624346258 0.020269019529223456 -0.0050000580959022045
v -0.03156562149524691 0.02456850931048395 -0.01599997654557228
v -0.02604163624346258 0.020269019529223456 -0.0050000580959022045
v -0.027091262862086313 0.029428957030177137 -0.01599997654557228
v -0.022350292652845397 0.024278890341520327 -0.0050000580959022045
v -0.027091262862086313 0.029428957030177137 -0.01599997654557228
v -0.022350292652845397 0.024278890341520327 -0.0050000580959022045
v -0.021877925843000426 0.03348665684461596 -0.01599997654557228
v -0.018049288541078578 0.02762649394571783 -0.0050000580959022045
v -0.021877925843000426 0.03348665684461596 -0.01599997654557228
v -0.018049288541078578 0.02762649394571783 -0.0050000580959022045
v -0.01606781780719758 0.036630932241678266 -0.01599997654557228
v -0.01325594913214446 0.03022051975131037 -0.0050000580959022045
v -0.01606781780719758 0.036630932241678266 -0.01599997654557228
v -0.01325594913214446 0.03022051975131037 -0.0050000580959022045
v -0.009819419123232372 0.03877601027488711 -0.01599997654557228
v -0.008101020939648157 0.031990207731723806 -0.0050000580959022045
v -0.009819419123232372 0.03877601027488711 -0.01599997654557228
v -0.008101020939648157 0.031990207731723806 -0.0050000580959022045
v -0.0033031739294528983 0.039863377809524564 -0.01599997654557228
v -0.002725118305534126 0.03288728743791582 -0.0050000580959022045
v -0.0033031739294528983 0.039863377809524564 -0.01599997654557228
v -0.002725118305534126 0.03288728743791582 -0.0050000580959022045
v 0.0033031739294528983 0.039863377809524564 -0.01599997654557228
v 0.002725118305534126 0.03288728743791582 -0.0050000580959022045
v 0.0033031739294528983 0.039863377809524564 -0.01599997654557228
v 0.002725118305534126 0.03288728743791582 -0.0050000580959022045
v 0.009819419123232372 0.03877601027488711 -0.01599997654557228
v 0.008101020939648157 0.031990207731723806 -0.0050000580959022045
v 0.009819419123232372 0.03877601027488711 -0.01599997654557228
v 0.008101020939648157 0.031990207731723806 -0.0050000580959022045
v 0.01606781780719758 0.036630932241678266 -0.01599997654557228
v 0.01325594913214446 0.03022051975131037 -0.0050000580959022045
v 0.01606781780719758 0.036630932241678266 -0.01599997654557228
v 0.01325594913214446 0.03022051975131037 -0.0050000580959022045
v 0.021877925843000426 0.03348665684461596 -0.01599997654557228
v 0.018049288541078578 0.02762649394571783 -0.0050000580959022045
v 0.021877925843000426 0.03348665684461596 -0.01599997654557228
v 0.018049288541078578 0.02762649394571783 -0.0050000580959022045
v 0.027091262862086313 0.029428957030177137 -0.01599997654557228
v 0.022350292652845397 0.024278890341520327 -0.0050000580959022045
v 0.027091262862086313 0.029428957030177137 -0.01599997654557228
v 0.022350292652845397 0.024278890341520327 -0.0050000580959022045
v 0.03156562149524691 0.02456850931048395 -0.01599997654557228
v 0.02604163624346258 0.020269019529223456 -0.0050000580959022045
v 0.03156562149524691 0.02456850931048395 -0.01599997654557228
v 0.02604163624346258 0.020269019529223456 -0.0050000580959022045
v 0.03517894819378855 0.019037896767258658 -0.01599997654557228
v 0.02902263402938845 0.015706265345215808 -0.0050000580959022045
v 0.03517894819378855 0.019037896767258658 -0.01599997654557228
v 0.02902263402938845 0.015706265345215808 -0.0050000580959022045
v 0.03783268854022029 0.012987978756427774 -0.01599997654557228
v 0.031211968511343023 0.010715082287788398 -0.0050000580959022045
v 0.03783268854022029 0.012987978756427774 -0.01599997654557228
v 0.031211968511343023 0.010715082287788398 -0.0050000580959022045
v 0.0394544526934624 0.0065837833099067255 -0.01599997654557228
v 0.03254992142319681 0.005431621335446838 -0.0050000580959022045
v 0.0394544526934624 0.0065837833099067255 -0.01599997654557228
v 0.03254992142319681 0.005431621335446838 -0.0050000580959022045
v 0.039999999105930356 2.374917797143274e-11 -0.01599997654557228
v 0.032999999821186086 2.374917797143274e-11 -0.0050000580959022045
v 0.039999999105930356 2.374917797143274e-11 -0.01599997654557228
v 0.032999999821186086 2.374917797143274e-11 -0.0050000580959022045
v 0.0394544526934624 -0.006583783775568013 -0.01599997654557228
v 0.03254992142319681 -0.005431621335446838 -0.0050000580959022045
v 0.0394544526934624 -0.006583783775568013 -0.01599997654557228
v 0.03254992142319681 -0.005431621335446838 -0.0050000580959022045
v 0.03783268854022029 -0.012987978756427774 -0.01599997654557228
v 0.031211968511343023 -0.010715082287788398 -0.0050000580959022045
v 0.03783268854022029 -0.012987978756427774 -0.01599997654557228
v 0.031211968511343023 -0.010715082287788398 -0.0050000580959022045
v 0.03517894819378855 -0.01903789490461351 -0.01599997654557228
v 0.02902263402938845 -0.01570626348257066 -0.0050000580959022045
v 0.03517894819378855 -0.01903789490461351 -0.01599997654557228
v 0.02902263402938845 -0.01570626348257066 -0.0050000580959022045
v 0.03156562149524691 -0.0245685074478388 -0.01599997654557228
v 0.02604163624346258 -0.020269019529223456 -0.0050000580959022045
v 0.03156562149524691 -0.0245685074478388 -0.01599997654557228
v 0.02604163624346258 -0.020269019529223456 -0.0050000580959022045
v 0.027091262862086313 -0.029428955167531988 -0.01599997654557228
v 0.022350292652845397 -0.024278888478875178 -0.0050000580959022045
v 0.027091262862086313 -0.029428955167531988 -0.01599997654557228
v 0.022350292652845397 -0.024278888478875178 -0.0050000580959022045
v 0.021877925843000426 -0.033486660569906256 -0.01599997654557228
v 0.018049288541078578 -0.02762649208307268 -0.0050000580959022045
v 0.021877925843000426 -0.033486660569906256 -0.01599997654557228
v 0.018049288541078578 -0.02762649208307268 -0.0050000580959022045
v 0.01606781780719758 -0.036630932241678266 -0.01599997654557228
v 0.01325594913214446 -0.03022051975131037 -0.0050000580959022045
v 0.01606781780719758 -0.036630932241678266 -0.01599997654557228
v 0.01325594913214446 -0.03022051975131037 -0.0050000580959022045
v 0.009819419123232372 -0.03877601027488711 -0.01599997654557228
v 0.008101020939648157 -0.031990211457014105 -0.0050000580959022045
v 0.009819419123232372 -0.03877601027488711 -0.01599997654557228
v 0.008101020939648157 -0.031990211457014105 -0.0050000580959022045
v 0.0033031739294528983 -0.03986338153481486 -0.01599997654557228
v 0.002725118305534126 -0.03288728743791582 -0.0050000580959022045
v 0.0033031739294528983 -0.03986338153481486 -0.01599997654557228
v 0.002725118305534126 -0.03288728743791582 -0.0050000580959022045
v -0.0033031739294528983 -0.03986338153481486 -0.01599997654557228
v -0.002725118305534126 -0.03288728743791582 -0.0050000580959022045
v -0.0033031739294528983 -0.03986338153481486 -0.01599997654557228
v -0.002725118305534126 -0.03288728743791582 -0.0050000580959022045
v -0.009819419123232372 -0.03877601027488711 -0.01599997654557228
v -0.008101020939648157 -0.031990211457014105 -0.0050000580959022045
v -0.009819419123232372 -0.03877601027488711 -0.01599997654557228
v -0.008101020939648157 -0.031990211457014105 -0.0050000580959022045
v -0.01606781780719758 -0.036630932241678266 -0.01599997654557228
v -0.01325594913214446 -0.03022051975131037 -0.0050000580959022045
v -0.01606781780719758 -0.036630932241678266 -0.01599997654557228
v -0.01325594913214446 -0.03022051975131037 -0.0050000580959022045
v -0.021877925843000426 -0.033486660569906256 -0.01599997654557228
v -0.018049288541078578 -0.02762649208307268 -0.0050000580959022045
v -0.021877925843000426 -0.033486660569906256 -0.01599997654557228
v -0.018049288541078578 -0.02762649208307268 -0.0050000580959022045
v -0.027091262862086313 -0.029428955167531988 -0.01599997654557228
v -0.022350292652845397 -0.024278888478875178 -0.0050000580959022045
v -0.027091262862086313 -0.029428955167531988 -0.01599997654557228
v -0.022350292652845397 -0.024278888478875178 -0.0050000580959022045
v -0.03156562149524691 -0.0245685074478388 -0.01599997654557228
v -0.02604163624346258 -0.020269019529223456 -0.0050000580959022045
v -0.03156562149524691 -0.0245685074478388 -0.01599997654557228
v -0.02604163624346258 -0.020269019529223456 -0.0050000580959022045
v -0.03517894819378855 -0.01903789490461351 -0.01599997654557228
v -0.02902263402938845 -0.01570626348257066 -0.0050000580959022045
v -0.03517894819378855 -0.01903789490461351 -0.01599997654557228
v -0.02902263402938845 -0.01570626348257066 -0.0050000580959022045
v -0.03783268854022029 -0.012987978756427774 -0.01599997654557228
v -0.031211968511343023 -0.010715082287788398 -0.0050000580959022045
v -0.03783268854022029 -0.012987978756427774 -0.01599997654557228
v -0.031211968511343023 -0.010715082287788398 -0.0050000580959022045
v -0.0394544526934624 -0.006583783775568013 -0.01599997654557228
v -0.03254992142319681 -0.005431621335446838 -0.0050000580959022045
v -0.0394544526934624 -0.006583783775568013 -0.01599997654557228
v -0.03254992142319681 -0.005431621335446838 -0.0050000580959022045
v -0.039999999105930356 2.374917797143274e-11 -0.01599997654557228
v -0.032999999821186086 2.374917797143274e-11 -0.0050000580959022045
v -0.039999999105930356 2.374917797143274e-11 -0.01599997654557228
v -0.032999999821186086 2.374917797143274e-11 -0.0050000580959022045
v -0.0394544526934624 0.0065837833099067255 -0.01599997654557228
v -0.03254992142319681 0.005431621335446838 -0.0050000580959022045
v -0.029864158481359503 0.002851681318134071 -0.030999962240457535
v -0.029999999329447767 2.374917797143274e-11 -0.030999962240457535
v -0.029999999329447767 2.374917797143274e-11 -0.0209999717772007
v -0.029999999329447767 2.374917797143274e-11 -0.0209999717772007
v -0.029999999329447767 2.374917797143274e-11 -0.030999962240457535
v -0.029864158481359503 -0.002851681318134071 -0.0209999717772007
v -0.029864158481359503 0.002851681318134071 -0.0209999717772007
v -0.029864158481359503 0.002851681318134071 -0.030999962240457535
v -0.029864158481359503 0.002851681318134071 -0.0209999717772007
v -0.02878478914499285 0.008451976813375955 -0.0209999717772007
v -0.02878478914499285 0.008451976813375955 -0.030999962240457535
v -0.02878478914499285 0.008451976813375955 -0.030999962240457535
v -0.02878478914499285 0.008451976813375955 -0.0209999717772007
v -0.02666506357491018 0.01374679524451495 -0.0209999717772007
v -0.02666506357491018 0.01374679524451495 -0.030999962240457535
v -0.02666506357491018 0.01374679524451495 -0.030999962240457535
v -0.02666506357491018 0.01374679524451495 -0.0209999717772007
v -0.023581592366099375 0.018544770777225508 -0.0209999717772007
v -0.023581592366099375 0.018544770777225508 -0.030999962240457535
v -0.023581592366099375 0.018544770777225508 -0.030999962240457535
v -0.023581592366099375 0.018544770777225508 -0.0209999717772007
v -0.01964582130312921 0.02267248742282392 -0.0209999717772007
v -0.01964582130312921 0.02267248742282392 -0.030999962240457535
v -0.01964582130312921 0.02267248742282392 -0.030999962240457535
v -0.01964582130312921 0.02267248742282392 -0.0209999717772007
v -0.014999999664723884 0.025980763137340563 -0.0209999717772007
v -0.014999999664723884 0.025980763137340563 -0.030999962240457535
v -0.014999999664723884 0.025980763137340563 -0.030999962240457535
v -0.014999999664723884 0.025980763137340563 -0.0209999717772007
v -0.009812039323151119 0.02835002541542055 -0.0209999717772007
v -0.009812039323151119 0.02835002541542055 -0.030999962240457535
v -0.009812039323151119 0.02835002541542055 -0.030999962240457535
v -0.009812039323151119 0.02835002541542055 -0.0209999717772007
v -0.004269445315003398 0.02969464473426344 -0.0209999717772007
v -0.004269445315003398 0.02969464473426344 -0.030999962240457535
v -0.004269445315003398 0.02969464473426344 -0.030999962240457535
v -0.004269445315003398 0.02969464473426344 -0.0209999717772007
v 0.001427457435056568 0.029966020956635496 -0.0209999717772007
v 0.001427457435056568 0.029966020956635496 -0.030999962240457535
v 0.001427457435056568 0.029966020956635496 -0.030999962240457535
v 0.001427457435056568 0.029966020956635496 -0.0209999717772007
v 0.0070727681741118474 0.029154347255826017 -0.0209999717772007
v 0.0070727681741118474 0.029154347255826017 -0.030999962240457535
v 0.0070727681741118474 0.029154347255826017 -0.030999962240457535
v 0.0070727681741118474 0.029154347255826017 -0.0209999717772007
v 0.012462450191378602 0.02728896029293539 -0.0209999717772007
v 0.012462450191378602 0.02728896029293539 -0.030999962240457535
v 0.012462450191378602 0.02728896029293539 -0.030999962240457535
v 0.012462450191378602 0.02728896029293539 -0.0209999717772007
v 0.01740170642733575 0.024437278509140032 -0.0209999717772007
v 0.01740170642733575 0.024437278509140032 -0.030999962240457535
v 0.01740170642733575 0.024437278509140032 -0.030999962240457535
v 0.01740170642733575 0.024437278509140032 -0.0209999717772007
v 0.021712021902203574 0.020702371373772635 -0.0209999717772007
v 0.021712021902203574 0.020702371373772635 -0.030999962240457535
v 0.021712021902203574 0.020702371373772635 -0.030999962240457535
v 0.021712021902203574 0.020702371373772635 -0.0209999717772007
v 0.025237606838345545 0.01621922478079797 -0.0209999717772007
v 0.025237606838345545 0.01621922478079797 -0.030999962240457535
v 0.025237606838345545 0.01621922478079797 -0.030999962240457535
v 0.025237606838345545 0.01621922478079797 -0.0209999717772007
v 0.02785103768110277 0.011149873957037933 -0.0209999717772007
v 0.02785103768110277 0.011149873957037933 -0.030999962240457535
v 0.02785103768110277 0.011149873957037933 -0.030999962240457535
v 0.02785103768110277 0.011149873957037933 -0.0209999717772007
v 0.029457861557602903 0.005677537061274055 -0.0209999717772007
v 0.029457861557602903 0.005677537061274055 -0.030999962240457535
v 0.029457861557602903 0.005677537061274055 -0.030999962240457535
v 0.029457861557602903 0.005677537061274055 -0.0209999717772007
v 0.029999999329447767 2.374917797143274e-11 -0.0209999717772007
v 0.029999999329447767 2.374917797143274e-11 -0.030999962240457535
v 0.029999999329447767 2.374917797143274e-11 -0.030999962240457535
v 0.029999999329447767 2.374917797143274e-11 -0.0209999717772007
v 0.029457861557602903 -0.0056775375269353424 -0.0209999717772007
v 0.029457861557602903 -0.0056775375269353424 -0.030999962240457535
v 0.029457861557602903 -0.0056775375269353424 -0.030999962240457535
v 0.029457861557602903 -0.0056775375269353424 -0.0209999717772007
v 0.02785103768110277 -0.011149873957037933 -0.0209999717772007
v 0.02785103768110277 -0.011149873957037933 -0.030999962240457535
v 0.02785103768110277 -0.011149873957037933 -0.030999962240457535
v 0.02785103768110277 -0.011149873957037933 -0.0209999717772007
v 0.025237606838345545 -0.01621922291815282 -0.0209999717772007
v 0.025237606838345545 -0.01621922291815282 -0.030999962240457535
v 0.025237606838345545 -0.01621922291815282 -0.030999962240457535
v 0.025237606838345545 -0.01621922291815282 -0.0209999717772007
v 0.021712021902203574 -0.020702369511127486 -0.0209999717772007
v 0.021712021902203574 -0.020702369511127486 -0.030999962240457535
v 0.021712021902203574 -0.020702369511127486 -0.030999962240457535
v 0.021712021902203574 -0.020702369511127486 -0.0209999717772007
v 0.01740170642733575 -0.024437278509140032 -0.0209999717772007
v 0.01740170642733575 -0.024437278509140032 -0.030999962240457535
v 0.01740170642733575 -0.024437278509140032 -0.030999962240457535
v 0.01740170642733575 -0.024437278509140032 -0.0209999717772007
v 0.012462450191378602 -0.02728895843029024 -0.0209999717772007
v 0.012462450191378602 -0.02728895843029024 -0.030999962240457535
v 0.012462450191378602 -0.02728895843029024 -0.030999962240457535
v 0.012462450191378602 -0.02728895843029024 -0.0209999717772007
v 0.0070727681741118474 -0.029154345393180868 -0.0209999717772007
v 0.0070727681741118474 -0.029154345393180868 -0.030999962240457535
v 0.0070727681741118474 -0.029154345393180868 -0.030999962240457535
v 0.0070727681741118474 -0.029154345393180868 -0.0209999717772007
v 0.001427457435056568 -0.029966019093990347 -0.0209999717772007
v 0.001427457435056568 -0.029966019093990347 -0.030999962240457535
v 0.001427457435056568 -0.029966019093990347 -0.030999962240457535
v 0.001427457435056568 -0.029966019093990347 -0.0209999717772007
v -0.004269445315003398 -0.02969464287161829 -0.0209999717772007
v -0.004269445315003398 -0.02969464287161829 -0.030999962240457535
v -0.004269445315003398 -0.02969464287161829 -0.030999962240457535
v -0.004269445315003398 -0.02969464287161829 -0.0209999717772007
v -0.009812039323151119 -0.0283500235527754 -0.0209999717772007
v -0.009812039323151119 -0.0283500235527754 -0.030999962240457535
v -0.009812039323151119 -0.0283500235527754 -0.030999962240457535
v -0.009812039323151119 -0.0283500235527754 -0.0209999717772007
v -0.014999999664723884 -0.025980761274695414 -0.0209999717772007
v -0.014999999664723884 -0.025980761274695414 -0.030999962240457535
v -0.014999999664723884 -0.025980761274695414 -0.030999962240457535
v -0.014999999664723884 -0.025980761274695414 -0.0209999717772007
v -0.01964582130312921 -0.02267248556017877 -0.0209999717772007
v -0.01964582130312921 -0.02267248556017877 -0.030999962240457535
v -0.01964582130312921 -0.02267248556017877 -0.030999962240457535
v -0.01964582130312921 -0.02267248556017877 -0.0209999717772007
v -0.023581592366099375 -0.01854476891458036 -0.0209999717772007
v -0.023581592366099375 -0.01854476891458036 -0.030999962240457535
v -0.023581592366099375 -0.01854476891458036 -0.030999962240457535
v -0.023581592366099375 -0.01854476891458036 -0.0209999717772007
v -0.02666506357491018 -0.013746796175837525 -0.0209999717772007
v -0.02666506357491018 -0.013746796175837525 -0.030999962240457535
v -0.02666506357491018 -0.013746796175837525 -0.030999962240457535
v -0.02666506357491018 -0.013746796175837525 -0.0209999717772007
v -0.02878478914499285 -0.008451976813375955 -0.0209999717772007
v -0.02878478914499285 -0.008451976813375955 -0.030999962240457535
v -0.02878478914499285 -0.008451976813375955 -0.030999962240457535
v -0.02878478914499285 -0.008451976813375955 -0.0209999717772007
v -0.029864158481359503 -0.002851681318134071 -0.0209999717772007
v -0.029864158481359503 -0.002851681318134071 -0.030999962240457535
v -0.029864158481359503 -0.002851681318134071 -0.030999962240457535
v 0.029457861557602903 0.005677537061274055 -0.030999962240457535
v 0.029999999329447767 2.374917797143274e-11 -0.030999962240457535
v -0.029864158481359503 0.002851681318134071 -0.030999962240457535
v 0.02785103768110277 0.011149873957037933 -0.030999962240457535
v 0.029457861557602903 -0.0056775375269353424 -0.030999962240457535
v -0.029864158481359503 -0.002851681318134071 -0.030999962240457535
v -0.029999999329447767 2.374917797143274e-11 -0.030999962240457535
v 0.02785103768110277 -0.011149873957037933 -0.030999962240457535
v 0.025237606838345545 -0.01621922291815282 -0.030999962240457535
v 0.021712021902203574 -0.020702369511127486 -0.030999962240457535
v -0.02666506357491018 0.01374679524451495 -0.030999962240457535
v -0.023581592366099375 0.018544770777225508 -0.030999962240457535
v 0.025237606838345545 0.01621922478079797 -0.030999962240457535
v -0.014999999664723884 -0.025980761274695414 -0.030999962240457535
v 0.012462450191378602 -0.02728895843029024 -0.030999962240457535
v 0.0070727681741118474 -0.029154345393180868 -0.030999962240457535
v 0.001427457435056568 -0.029966019093990347 -0.030999962240457535
v -0.004269445315003398 -0.02969464287161829 -0.030999962240457535
v -0.009812039323151119 -0.0283500235527754 -0.030999962240457535
v -0.01964582130312921 -0.02267248556017877 -0.030999962240457535
v -0.023581592366099375 -0.01854476891458036 -0.030999962240457535
v -0.02666506357491018 -0.013746796175837525 -0.030999962240457535
v -0.02878478914499285 0.008451976813375955 -0.030999962240457535
v 0.01740170642733575 -0.024437278509140032 -0.030999962240457535
v -0.02878478914499285 -0.008451976813375955 -0.030999962240457535
v -0.01964582130312921 0.02267248742282392 -0.030999962240457535
v -0.014999999664723884 0.025980763137340563 -0.030999962240457535
v -0.009812039323151119 0.02835002541542055 -0.030999962240457535
v -0.004269445315003398 0.02969464473426344 -0.030999962240457535
v 0.001427457435056568 0.029966020956635496 -0.030999962240457535
v 0.0070727681741118474 0.029154347255826017 -0.030999962240457535
v 0.012462450191378602 0.02728896029293539 -0.030999962240457535
v 0.01740170642733575 0.024437278509140032 -0.030999962240457535
v 0.021712021902203574 0.020702371373772635 -0.030999962240457535
v -0.026781840249896067 -0.016582611948251735 -0.0050000580959022045
v -0.029372874647378942 -0.01137911248952151 5.626678500902926e-08
v -0.029372874647378942 -0.01137911248952151 -0.0050000580959022045
v -0.029372874647378942 -0.01137911248952151 -0.0050000580959022045
v -0.029372874647378942 -0.01137911248952151 5.626678500902926e-08
v -0.030095646157860777 -0.00883883517235518 5.626678500902926e-08
v -0.030963651835918447 -0.00578810973092914 -0.0050000580959022045
v -0.023149974644184126 -0.021338833495974555 5.626678500902926e-08
v -0.023278780281543746 -0.021221412345767035 5.626678500902926e-08
v -0.023278780281543746 -0.021221412345767035 -0.0050000580959022045
v -0.023278780281543746 -0.021221412345767035 -0.0050000580959022045
v -0.023278780281543746 -0.021221412345767035 5.626678500902926e-08
v -0.025549998506903666 -0.01821383461356164 5.626678500902926e-08
v -0.026781840249896067 -0.016582611948251735 -0.0050000580959022045
v -0.026781840249896067 -0.016582611948251735 5.626678500902926e-08
v -0.026781840249896067 -0.016582611948251735 5.626678500902926e-08
v -0.01404075790196658 -0.028197642415761965 -0.0050000580959022045
v -0.01821383461356164 -0.02561378292739393 5.626678500902926e-08
v -0.018982991576194777 -0.02513754181563856 -0.0050000580959022045
v -0.018982991576194777 -0.02513754181563856 5.626678500902926e-08
v -0.018982991576194777 -0.02513754181563856 -0.0050000580959022045
v -0.018982991576194777 -0.02513754181563856 5.626678500902926e-08
v -0.021338835358619704 -0.022989906370639815 5.626678500902926e-08
v 0.008620384149253374 -0.030297506600618383 -0.0050000580959022045
v 0.002906453330069782 -0.03136562556028368 5.626678500902926e-08
v 0.002906453330069782 -0.03136562556028368 -0.0050000580959022045
v 0.002906453330069782 -0.03136562556028368 -0.0050000580959022045
v 0.002906453330069782 -0.03136562556028368 5.626678500902926e-08
v -0.002906453330069782 -0.03136562556028368 5.626678500902926e-08
v -0.002906453330069782 -0.03136562556028368 -0.0050000580959022045
v -0.002906453330069782 -0.03136562556028368 -0.0050000580959022045
v -0.002906453330069782 -0.03136562556028368 5.626678500902926e-08
v -0.008620384149253374 -0.030297506600618383 5.626678500902926e-08
v -0.008620384149253374 -0.030297506600618383 -0.0050000580959022045
v -0.008620384149253374 -0.030297506600618383 -0.0050000580959022045
v -0.008620384149253374 -0.030297506600618383 5.626678500902926e-08
v -0.00883883517235518 -0.030212879180908224 5.626678500902926e-08
v -0.01404075790196658 -0.028197642415761965 -0.0050000580959022045
v -0.01404075790196658 -0.028197642415761965 5.626678500902926e-08
v -0.01404075790196658 -0.028197642415761965 5.626678500902926e-08
v 0.01404075790196658 -0.028197642415761965 -0.0050000580959022045
v 0.00883883517235518 -0.030212879180908224 5.626678500902926e-08
v 0.008620384149253374 -0.030297506600618383 -0.0050000580959022045
v 0.008620384149253374 -0.030297506600618383 5.626678500902926e-08
v 0.008620384149253374 -0.030297506600618383 5.626678500902926e-08
v 0.018982991576194777 -0.02513754181563856 -0.0050000580959022045
v 0.01821383461356164 -0.02561378292739393 5.626678500902926e-08
v 0.01404075790196658 -0.028197642415761965 -0.0050000580959022045
v 0.01404075790196658 -0.028197642415761965 5.626678500902926e-08
v 0.01404075790196658 -0.028197642415761965 5.626678500902926e-08
v 0.023278780281543746 -0.021221412345767035 -0.0050000580959022045
v 0.023149974644184126 -0.021338833495974555 5.626678500902926e-08
v 0.018982991576194777 -0.02513754181563856 -0.0050000580959022045
v 0.018982991576194777 -0.02513754181563856 5.626678500902926e-08
v 0.018982991576194777 -0.02513754181563856 5.626678500902926e-08
v 0.029372874647378942 -0.01137911248952151 -0.0050000580959022045
v 0.026781840249896067 -0.016582611948251735 5.626678500902926e-08
v 0.026781840249896067 -0.016582611948251735 -0.0050000580959022045
v 0.026781840249896067 -0.016582611948251735 -0.0050000580959022045
v 0.026781840249896067 -0.016582611948251735 5.626678500902926e-08
v 0.025549998506903666 -0.01821383461356164 5.626678500902926e-08
v 0.023278780281543746 -0.021221412345767035 -0.0050000580959022045
v 0.023278780281543746 -0.021221412345767035 5.626678500902926e-08
v 0.023278780281543746 -0.021221412345767035 5.626678500902926e-08
v 0.030963651835918447 0.00578810973092914 -0.0050000580959022045
v 0.0315000005066395 2.374917797143274e-11 5.626678500902926e-08
v 0.0315000005066395 2.374917797143274e-11 -0.0050000580959022045
v 0.0315000005066395 2.374917797143274e-11 -0.0050000580959022045
v 0.0315000005066395 2.374917797143274e-11 5.626678500902926e-08
v 0.030963651835918447 -0.00578810973092914 5.626678500902926e-08
v 0.030963651835918447 -0.00578810973092914 -0.0050000580959022045
v 0.030963651835918447 -0.00578810973092914 -0.0050000580959022045
v 0.030963651835918447 -0.00578810973092914 5.626678500902926e-08
v 0.030095646157860777 -0.00883883517235518 5.626678500902926e-08
v 0.029372874647378942 -0.01137911248952151 -0.0050000580959022045
v 0.029372874647378942 -0.01137911248952151 5.626678500902926e-08
v 0.029372874647378942 -0.01137911248952151 5.626678500902926e-08
v 0.026781840249896067 0.016582613810896884 -0.0050000580959022045
v 0.029372874647378942 0.01137911248952151 5.626678500902926e-08
v 0.029372874647378942 0.01137911248952151 -0.0050000580959022045
v 0.029372874647378942 0.01137911248952151 -0.0050000580959022045
v 0.029372874647378942 0.01137911248952151 5.626678500902926e-08
v 0.030095646157860777 0.008838834241032606 5.626678500902926e-08
v 0.030963651835918447 0.00578810973092914 -0.0050000580959022045
v 0.030963651835918447 0.00578810973092914 5.626678500902926e-08
v 0.030963651835918447 0.00578810973092914 5.626678500902926e-08
v 0.018982991576194777 0.02513754367828371 -0.0050000580959022045
v 0.023278780281543746 0.021221414208412184 5.626678500902926e-08
v 0.023278780281543746 0.021221414208412184 -0.0050000580959022045
v 0.023278780281543746 0.021221414208412184 -0.0050000580959022045
v 0.023278780281543746 0.021221414208412184 5.626678500902926e-08
v 0.025549998506903666 0.01821383647620679 5.626678500902926e-08
v 0.026781840249896067 0.016582613810896884 -0.0050000580959022045
v 0.026781840249896067 0.016582613810896884 5.626678500902926e-08
v 0.026781840249896067 0.016582613810896884 5.626678500902926e-08
v 0.01404075790196658 0.028197644278407114 -0.0050000580959022045
v 0.01821383461356164 0.02561378479003908 5.626678500902926e-08
v 0.018982991576194777 0.02513754367828371 -0.0050000580959022045
v 0.018982991576194777 0.02513754367828371 5.626678500902926e-08
v 0.018982991576194777 0.02513754367828371 5.626678500902926e-08
v -0.008620384149253374 0.030297508463263532 -0.0050000580959022045
v -0.002906453330069782 0.03136562556028368 5.626678500902926e-08
v -0.002906453330069782 0.03136562556028368 -0.0050000580959022045
v -0.002906453330069782 0.03136562556028368 -0.0050000580959022045
v -0.002906453330069782 0.03136562556028368 5.626678500902926e-08
v 0.002906453330069782 0.03136562556028368 5.626678500902926e-08
v 0.002906453330069782 0.03136562556028368 -0.0050000580959022045
v 0.002906453330069782 0.03136562556028368 -0.0050000580959022045
v 0.002906453330069782 0.03136562556028368 5.626678500902926e-08
v 0.008620384149253374 0.030297508463263532 5.626678500902926e-08
v 0.008620384149253374 0.030297508463263532 -0.0050000580959022045
v 0.008620384149253374 0.030297508463263532 -0.0050000580959022045
v 0.008620384149253374 0.030297508463263532 5.626678500902926e-08
v 0.00883883517235518 0.030212881043553373 5.626678500902926e-08
v 0.01404075790196658 0.028197644278407114 -0.0050000580959022045
v 0.01404075790196658 0.028197644278407114 5.626678500902926e-08
v 0.01404075790196658 0.028197644278407114 5.626678500902926e-08
v -0.01404075790196658 0.028197644278407114 -0.0050000580959022045
v -0.00883883517235518 0.030212881043553373 5.626678500902926e-08
v -0.008620384149253374 0.030297508463263532 -0.0050000580959022045
v -0.008620384149253374 0.030297508463263532 5.626678500902926e-08
v -0.008620384149253374 0.030297508463263532 5.626678500902926e-08
v -0.018982991576194777 0.02513754367828371 -0.0050000580959022045
v -0.01821383461356164 0.02561378479003908 5.626678500902926e-08
v -0.01404075790196658 0.028197644278407114 -0.0050000580959022045
v -0.01404075790196658 0.028197644278407114 5.626678500902926e-08
v -0.01404075790196658 0.028197644278407114 5.626678500902926e-08
v -0.023278780281543746 0.021221414208412184 -0.0050000580959022045
v -0.021338835358619704 0.022989908233284964 5.626678500902926e-08
v -0.018982991576194777 0.02513754367828371 -0.0050000580959022045
v -0.018982991576194777 0.02513754367828371 5.626678500902926e-08
v -0.018982991576194777 0.02513754367828371 5.626678500902926e-08
v -0.029372874647378942 0.01137911248952151 -0.0050000580959022045
v -0.026781840249896067 0.016582613810896884 5.626678500902926e-08
v -0.026781840249896067 0.016582613810896884 -0.0050000580959022045
v -0.026781840249896067 0.016582613810896884 -0.0050000580959022045
v -0.026781840249896067 0.016582613810896884 5.626678500902926e-08
v -0.025549998506903666 0.01821383647620679 5.626678500902926e-08
v -0.023278780281543746 0.021221414208412184 -0.0050000580959022045
v -0.023278780281543746 0.021221414208412184 5.626678500902926e-08
v -0.023278780281543746 0.021221414208412184 5.626678500902926e-08
v -0.030963651835918447 -0.00578810973092914 5.626678500902926e-08
v -0.030963651835918447 -0.00578810973092914 -0.0050000580959022045
v -0.030963651835918447 -0.00578810973092914 5.626678500902926e-08
v -0.0315000005066395 2.374917797143274e-11 5.626678500902926e-08
v -0.0315000005066395 2.374917797143274e-11 -0.0050000580959022045
v -0.0315000005066395 2.374917797143274e-11 -0.0050000580959022045
v -0.0315000005066395 2.374917797143274e-11 5.626678500902926e-08
v -0.030963651835918447 0.00578810973092914 5.626678500902926e-08
v -0.030963651835918447 0.00578810973092914 -0.0050000580959022045
v -0.030963651835918447 0.00578810973092914 -0.0050000580959022045
v -0.030963651835918447 0.00578810973092914 5.626678500902926e-08
v -0.030095646157860777 0.008838834241032606 5.626678500902926e-08
v -0.029372874647378942 0.01137911248952151 -0.0050000580959022045
v -0.029372874647378942 0.01137911248952151 5.626678500902926e-08
v -0.029372874647378942 0.01137911248952151 5.626678500902926e-08
v -0.007875000126659875 -0.013639899902045735 5.626678500902926e-08
v -0.00883883517235518 -0.01290032360702754 5.626678500902926e-08
v -0.00883883517235518 -0.01821383461356164 5.626678500902926e-08
v -0.021338835358619704 -0.022989906370639815 5.626678500902926e-08
v -0.021338835358619704 -0.021338833495974555 5.626678500902926e-08
v -0.023149974644184126 -0.021338833495974555 5.626678500902926e-08
v -0.018982991576194777 -0.02513754181563856 5.626678500902926e-08
v -0.01821383461356164 -0.02561378292739393 5.626678500902926e-08
v -0.01821383461356164 -0.021338833495974555 5.626678500902926e-08
v 0.030095646157860777 -0.00883883517235518 5.626678500902926e-08
v 0.025000000372529047 -0.0030000000260770343 5.626678500902926e-08
v 0.01821383461356164 -0.00883883517235518 5.626678500902926e-08
v 0.023499999195337313 -0.002598076360300185 5.626678500902926e-08
v 0.023499999195337313 0.0025980761274695414 5.626678500902926e-08
v 0.025000000372529047 0.0030000000260770343 5.626678500902926e-08
v 0.030095646157860777 0.008838834241032606 5.626678500902926e-08
v 0.026499999687075632 0.0025980761274695414 5.626678500902926e-08
v 0.030963651835918447 0.00578810973092914 5.626678500902926e-08
v 0.027598075568676012 0.001500000129453839 5.626678500902926e-08
v 0.0315000005066395 2.374917797143274e-11 5.626678500902926e-08
v 0.028000000864267367 2.374917797143274e-11 5.626678500902926e-08
v 0.030963651835918447 -0.00578810973092914 5.626678500902926e-08
v 0.027598075568676012 -0.0015000000130385171 5.626678500902926e-08
v 0.026499999687075632 -0.002598076360300185 5.626678500902926e-08
v 0.02240192331373693 -0.0015000000130385171 5.626678500902926e-08
v 0.021999999880790724 2.374917797143274e-11 5.626678500902926e-08
v 0.01821383461356164 0.008838834241032606 5.626678500902926e-08
v 0.02240192331373693 0.001500000129453839 5.626678500902926e-08
v 0.02027574554085733 -0.016177669167518626 5.626678500902926e-08
v 0.020677668973803534 -0.01767766848206521 5.626678500902926e-08
v 0.025549998506903666 -0.01821383461356164 5.626678500902926e-08
v 0.0205340050160885 -0.01821383461356164 5.626678500902926e-08
v 0.023278780281543746 -0.021221412345767035 5.626678500902926e-08
v 0.02027574554085733 -0.0191776677966118 5.626678500902926e-08
v 0.023149974644184126 -0.021338833495974555 5.626678500902926e-08
v 0.01917766965925695 -0.02027574554085733 5.626678500902926e-08
v 0.01821383461356164 -0.021338833495974555 5.626678500902926e-08
v 0.018982991576194777 -0.02513754181563856 5.626678500902926e-08
v 0.01821383461356164 -0.02561378292739393 5.626678500902926e-08
v 0.01404075790196658 -0.028197642415761965 5.626678500902926e-08
v 0.00883883517235518 -0.021338833495974555 5.626678500902926e-08
v 0.00883883517235518 -0.030212879180908224 5.626678500902926e-08
v -0.00883883517235518 -0.021338833495974555 5.626678500902926e-08
v -1.0832593520233173e-17 -0.021999999880790724 5.626678500902926e-08
v 0.0015000000130385171 -0.02240192331373693 5.626678500902926e-08
v -0.0025980761274695414 -0.026499999687075632 5.626678500902926e-08
v -0.0030000000260770343 -0.024999998509883898 5.626678500902926e-08
v 0.0025980761274695414 -0.023499999195337313 5.626678500902926e-08
v 0.0030000000260770343 -0.024999998509883898 5.626678500902926e-08
v 0.0025980761274695414 -0.026499999687075632 5.626678500902926e-08
v 0.008620384149253374 -0.030297506600618383 5.626678500902926e-08
v 0.0015000000130385171 -0.027598075568676012 5.626678500902926e-08
v 0.002906453330069782 -0.03136562556028368 5.626678500902926e-08
v -0.002906453330069782 -0.03136562556028368 5.626678500902926e-08
v -0.0025980761274695414 -0.023499999195337313 5.626678500902926e-08
v -0.0015000000130385171 -0.02240192331373693 5.626678500902926e-08
v -1.4898053882033297e-17 -0.027999999001622217 5.626678500902926e-08
v -0.0015000000130385171 -0.027598075568676012 5.626678500902926e-08
v -0.008620384149253374 -0.030297506600618383 5.626678500902926e-08
v -0.00883883517235518 -0.030212879180908224 5.626678500902926e-08
v -0.01404075790196658 -0.028197642415761965 5.626678500902926e-08
v -0.023278780281543746 -0.021221412345767035 5.626678500902926e-08
v -0.021338835358619704 -0.01821383461356164 5.626678500902926e-08
v -0.025549998506903666 -0.01821383461356164 5.626678500902926e-08
v -0.026781840249896067 -0.016582611948251735 5.626678500902926e-08
v -0.021338835358619704 -0.00883883517235518 5.626678500902926e-08
v -0.029372874647378942 -0.01137911248952151 5.626678500902926e-08
v -0.030095646157860777 -0.00883883517235518 5.626678500902926e-08
v -0.021999999880790724 2.374917797143274e-11 5.626678500902926e-08
v -0.02240192331373693 -0.0015000000130385171 5.626678500902926e-08
v -0.026499999687075632 0.0025980761274695414 5.626678500902926e-08
v -0.025000000372529047 0.0030000000260770343 5.626678500902926e-08
v -0.021338835358619704 0.008838834241032606 5.626678500902926e-08
v -0.023499999195337313 0.0025980761274695414 5.626678500902926e-08
v -0.02240192331373693 0.001500000129453839 5.626678500902926e-08
v -0.023499999195337313 -0.002598076360300185 5.626678500902926e-08
v -0.025000000372529047 -0.0030000000260770343 5.626678500902926e-08
v -0.026499999687075632 -0.002598076360300185 5.626678500902926e-08
v -0.030963651835918447 -0.00578810973092914 5.626678500902926e-08
v -0.027598075568676012 -0.0015000000130385171 5.626678500902926e-08
v -0.0315000005066395 2.374917797143274e-11 5.626678500902926e-08
v -0.028000000864267367 2.374917797143274e-11 5.626678500902926e-08
v -0.030963651835918447 0.00578810973092914 5.626678500902926e-08
v -0.027598075568676012 0.001500000129453839 5.626678500902926e-08
v -0.030095646157860777 0.008838834241032606 5.626678500902926e-08
v -0.021338835358619704 0.01821383647620679 5.626678500902926e-08
v -0.025549998506903666 0.01821383647620679 5.626678500902926e-08
v -0.026781840249896067 0.016582613810896884 5.626678500902926e-08
v -0.029372874647378942 0.01137911248952151 5.626678500902926e-08
v -0.0205340050160885 0.01821383647620679 5.626678500902926e-08
v -0.021338835358619704 0.022989908233284964 5.626678500902926e-08
v -0.023278780281543746 0.021221414208412184 5.626678500902926e-08
v -0.02027574554085733 0.01917766965925695 5.626678500902926e-08
v -0.01917766965925695 0.020275747403502478 5.626678500902926e-08
v -0.018982991576194777 0.02513754367828371 5.626678500902926e-08
v -0.01821383461356164 0.0205340050160885 5.626678500902926e-08
v -0.01821383461356164 0.02561378479003908 5.626678500902926e-08
v -0.01767767034471036 0.020677670836448683 5.626678500902926e-08
v -0.01404075790196658 0.028197644278407114 5.626678500902926e-08
v -0.016177669167518626 0.020275747403502478 5.626678500902926e-08
v -0.00883883517235518 0.030212881043553373 5.626678500902926e-08
v -0.015079593285918246 0.01917766965925695 5.626678500902926e-08
v -0.00883883517235518 0.01821383647620679 5.626678500902926e-08
v 0.00883883517235518 0.01821383647620679 5.626678500902926e-08
v -7.959159978126064e-18 0.022000001743435874 5.626678500902926e-08
v 0.0015000000130385171 0.02240192517638208 5.626678500902926e-08
v -0.0025980761274695414 0.02650000154972078 5.626678500902926e-08
v -0.008620384149253374 0.030297508463263532 5.626678500902926e-08
v -0.0015000000130385171 0.02759807743132116 5.626678500902926e-08
v -0.002906453330069782 0.03136562556028368 5.626678500902926e-08
v -3.893699616325939e-18 0.028000000864267367 5.626678500902926e-08
v 0.002906453330069782 0.03136562556028368 5.626678500902926e-08
v 0.0015000000130385171 0.02759807743132116 5.626678500902926e-08
v 0.008620384149253374 0.030297508463263532 5.626678500902926e-08
v 0.0025980761274695414 0.02650000154972078 5.626678500902926e-08
v 0.00883883517235518 0.030212881043553373 5.626678500902926e-08
v 0.0030000000260770343 0.025000000372529047 5.626678500902926e-08
v 0.0025980761274695414 0.023500001057982462 5.626678500902926e-08
v -0.0015000000130385171 0.02240192517638208 5.626678500902926e-08
v -0.0025980761274695414 0.023500001057982462 5.626678500902926e-08
v -0.0030000000260770343 0.025000000372529047 5.626678500902926e-08
v 0.016177669167518626 0.020275747403502478 5.626678500902926e-08
v 0.01404075790196658 0.028197644278407114 5.626678500902926e-08
v 0.01767767034471036 0.020677670836448683 5.626678500902926e-08
v 0.01821383461356164 0.02561378479003908 5.626678500902926e-08
v 0.01821383461356164 0.0205340050160885 5.626678500902926e-08
v 0.018982991576194777 0.02513754367828371 5.626678500902926e-08
v 0.01917766965925695 0.020275747403502478 5.626678500902926e-08
v 0.023278780281543746 0.021221414208412184 5.626678500902926e-08
v 0.02027574554085733 0.01917766965925695 5.626678500902926e-08
v 0.025549998506903666 0.01821383647620679 5.626678500902926e-08
v 0.02027574554085733 0.016177671030163775 5.626678500902926e-08
v 0.01917766965925695 0.015079593285918246 5.626678500902926e-08
v 0.0205340050160885 0.01821383647620679 5.626678500902926e-08
v 0.020677668973803534 0.01767767034471036 5.626678500902926e-08
v 0.026781840249896067 0.016582613810896884 5.626678500902926e-08
v 0.029372874647378942 0.01137911248952151 5.626678500902926e-08
v 0.01290032360702754 0.008838834241032606 5.626678500902926e-08
v 0.013639899902045735 0.007875000126659875 5.626678500902926e-08
v 0.015213332138955604 -0.004076399840414527 5.626678500902926e-08
v 0.01575000025331975 2.374917797143274e-11 5.626678500902926e-08
v 0.015213332138955604 0.004076399840414527 5.626678500902926e-08
v 0.015079593285918246 0.016177671030163775 5.626678500902926e-08
v 0.014677669852972041 0.01767767034471036 5.626678500902926e-08
v 0.01482133474200965 0.01821383647620679 5.626678500902926e-08
v 0.015079593285918246 0.01917766965925695 5.626678500902926e-08
v 0.01821383461356164 0.01482133474200965 5.626678500902926e-08
v 0.01767767034471036 0.014677669852972041 5.626678500902926e-08
v 0.016177669167518626 0.015079593285918246 5.626678500902926e-08
v 0.011136931367218501 0.011136931367218501 5.626678500902926e-08
v 0.00883883517235518 0.01290032360702754 5.626678500902926e-08
v 0.007875000126659875 0.013639899902045735 5.626678500902926e-08
v -0.00883883517235518 0.01290032360702754 5.626678500902926e-08
v -0.007875000126659875 0.013639899902045735 5.626678500902926e-08
v -0.004076399840414527 0.015213332138955604 5.626678500902926e-08
v -6.071788488511144e-19 0.01575000025331975 5.626678500902926e-08
v 0.004076399840414527 0.015213332138955604 5.626678500902926e-08
v -0.015079593285918246 0.016177671030163775 5.626678500902926e-08
v -0.016177669167518626 0.015079593285918246 5.626678500902926e-08
v -0.01290032360702754 0.008838834241032606 5.626678500902926e-08
v -0.01821383461356164 0.008838834241032606 5.626678500902926e-08
v -0.01482133474200965 0.01821383647620679 5.626678500902926e-08
v -0.014677669852972041 0.01767767034471036 5.626678500902926e-08
v -0.011136931367218501 0.011136931367218501 5.626678500902926e-08
v -0.01821383461356164 -0.00883883517235518 5.626678500902926e-08
v -0.013639899902045735 -0.007875000126659875 5.626678500902926e-08
v -0.015213332138955604 -0.004076399840414527 5.626678500902926e-08
v -0.01575000025331975 2.374917797143274e-11 5.626678500902926e-08
v -0.015213332138955604 0.004076399840414527 5.626678500902926e-08
v -0.013639899902045735 0.007875000126659875 5.626678500902926e-08
v -0.01290032360702754 -0.00883883517235518 5.626678500902926e-08
v -0.01767767034471036 -0.014677669852972041 5.626678500902926e-08
v -0.016177669167518626 -0.015079593285918246 5.626678500902926e-08
v -0.014677669852972041 -0.01767766848206521 5.626678500902926e-08
v -0.015079593285918246 -0.016177669167518626 5.626678500902926e-08
v -0.011136931367218501 -0.011136932298541076 5.626678500902926e-08
v 0.00883883517235518 -0.01821383461356164 5.626678500902926e-08
v 0.00883883517235518 -0.01290032360702754 5.626678500902926e-08
v 0.007875000126659875 -0.013639899902045735 5.626678500902926e-08
v 0.004076399840414527 -0.015213332138955604 5.626678500902926e-08
v -2.1950827395231932e-17 -0.01575000025331975 5.626678500902926e-08
v -0.004076399840414527 -0.015213332138955604 5.626678500902926e-08
v 0.026781840249896067 -0.016582611948251735 5.626678500902926e-08
v 0.029372874647378942 -0.01137911248952151 5.626678500902926e-08
v 0.01917766965925695 -0.015079593285918246 5.626678500902926e-08
v 0.01821383461356164 -0.01482133474200965 5.626678500902926e-08
v 0.01767767034471036 -0.014677669852972041 5.626678500902926e-08
v 0.016177669167518626 -0.015079593285918246 5.626678500902926e-08
v 0.015079593285918246 -0.0191776677966118 5.626678500902926e-08
v 0.01482133474200965 -0.01821383461356164 5.626678500902926e-08
v 0.014677669852972041 -0.01767766848206521 5.626678500902926e-08
v 0.015079593285918246 -0.016177669167518626 5.626678500902926e-08
v 0.011136931367218501 -0.011136932298541076 5.626678500902926e-08
v 0.01290032360702754 -0.00883883517235518 5.626678500902926e-08
v 0.013639899902045735 -0.007875000126659875 5.626678500902926e-08
v -0.01767767034471036 0.014677669852972041 5.626678500902926e-08
v -0.01821383461356164 0.01482133474200965 5.626678500902926e-08
v -0.01917766965925695 0.015079593285918246 5.626678500902926e-08
v -0.02027574554085733 0.016177671030163775 5.626678500902926e-08
v -0.020677668973803534 0.01767767034471036 5.626678500902926e-08
v -0.020677668973803534 -0.01767766848206521 5.626678500902926e-08
v -0.02027574554085733 -0.016177669167518626 5.626678500902926e-08
v -0.01917766965925695 -0.015079593285918246 5.626678500902926e-08
v -0.01821383461356164 -0.01482133474200965 5.626678500902926e-08
v -0.01821383461356164 -0.02053400315344335 5.626678500902926e-08
v -0.01917766965925695 -0.02027574554085733 5.626678500902926e-08
v -0.02027574554085733 -0.0191776677966118 5.626678500902926e-08
v -0.0205340050160885 -0.01821383461356164 5.626678500902926e-08
v -0.01482133474200965 -0.01821383461356164 5.626678500902926e-08
v -0.015079593285918246 -0.0191776677966118 5.626678500902926e-08
v -0.016177669167518626 -0.02027574554085733 5.626678500902926e-08
v -0.01767767034471036 -0.020677668973803534 5.626678500902926e-08
v 0.01821383461356164 -0.02053400315344335 5.626678500902926e-08
v 0.01767767034471036 -0.020677668973803534 5.626678500902926e-08
v 0.016177669167518626 -0.02027574554085733 5.626678500902926e-08
v -2.1950827395231932e-17 -0.01575000025331975 -0.005999985616654158
v 0.004076399840414527 0.015213332138955604 -0.005999985616654158
v -0.004076399840414527 -0.015213332138955604 -0.005999985616654158
v -6.071788488511144e-19 0.01575000025331975 -0.005999985616654158
v 0.007875000126659875 -0.013639899902045735 -0.005999985616654158
v 0.013639899902045735 0.007875000126659875 -0.005999985616654158
v 0.011136931367218501 0.011136931367218501 -0.005999985616654158
v -0.004076399840414527 0.015213332138955604 -0.005999985616654158
v -0.007875000126659875 0.013639899902045735 -0.005999985616654158
v -0.011136931367218501 0.011136931367218501 -0.005999985616654158
v 0.013639899902045735 -0.007875000126659875 -0.005999985616654158
v 0.015213332138955604 -0.004076399840414527 -0.005999985616654158
v 0.01575000025331975 2.374917797143274e-11 -0.005999985616654158
v 0.004076399840414527 -0.015213332138955604 -0.005999985616654158
v 0.007875000126659875 0.013639899902045735 -0.005999985616654158
v -0.013639899902045735 0.007875000126659875 -0.005999985616654158
v -0.015213332138955604 0.004076399840414527 -0.005999985616654158
v -0.007875000126659875 -0.013639899902045735 -0.005999985616654158
v -0.01575000025331975 2.374917797143274e-11 -0.005999985616654158
v 0.011136931367218501 -0.011136932298541076 -0.005999985616654158
v 0.015213332138955604 0.004076399840414527 -0.005999985616654158
v -0.015213332138955604 -0.004076399840414527 -0.005999985616654158
v -0.013639899902045735 -0.007875000126659875 -0.005999985616654158
v -0.011136931367218501 -0.011136932298541076 -0.005999985616654158
v 0.00883883517235518 0.01290032360702754 5.626678500902926e-08
v 0.007875000126659875 0.013639899902045735 -0.005999985616654158
v 0.011136931367218501 0.011136931367218501 -0.005999985616654158
v 0.007875000126659875 0.013639899902045735 5.626678500902926e-08
v 0.007875000126659875 0.013639899902045735 -0.005999985616654158
v 0.007875000126659875 0.013639899902045735 5.626678500902926e-08
v 0.004076399840414527 0.015213332138955604 5.626678500902926e-08
v 0.004076399840414527 0.015213332138955604 -0.005999985616654158
v 0.004076399840414527 0.015213332138955604 -0.005999985616654158
v 0.004076399840414527 0.015213332138955604 5.626678500902926e-08
v -6.071788488511144e-19 0.01575000025331975 5.626678500902926e-08
v -6.071788488511144e-19 0.01575000025331975 -0.005999985616654158
v -6.071788488511144e-19 0.01575000025331975 -0.005999985616654158
v -6.071788488511144e-19 0.01575000025331975 5.626678500902926e-08
v -0.004076399840414527 0.015213332138955604 5.626678500902926e-08
v -0.004076399840414527 0.015213332138955604 -0.005999985616654158
v -0.004076399840414527 0.015213332138955604 -0.005999985616654158
v -0.004076399840414527 0.015213332138955604 5.626678500902926e-08
v -0.007875000126659875 0.013639899902045735 5.626678500902926e-08
v -0.007875000126659875 0.013639899902045735 -0.005999985616654158
v -0.007875000126659875 0.013639899902045735 -0.005999985616654158
v -0.007875000126659875 0.013639899902045735 5.626678500902926e-08
v -0.00883883517235518 0.01290032360702754 5.626678500902926e-08
v -0.011136931367218501 0.011136931367218501 -0.005999985616654158
v -0.011136931367218501 0.011136931367218501 5.626678500902926e-08
v -0.011136931367218501 0.011136931367218501 -0.005999985616654158
v -0.011136931367218501 0.011136931367218501 5.626678500902926e-08
v -0.01290032360702754 0.008838834241032606 5.626678500902926e-08
v -0.013639899902045735 0.007875000126659875 -0.005999985616654158
v -0.013639899902045735 0.007875000126659875 5.626678500902926e-08
v -0.013639899902045735 0.007875000126659875 -0.005999985616654158
v -0.013639899902045735 0.007875000126659875 5.626678500902926e-08
v -0.015213332138955604 0.004076399840414527 5.626678500902926e-08
v -0.015213332138955604 0.004076399840414527 -0.005999985616654158
v -0.015213332138955604 0.004076399840414527 -0.005999985616654158
v -0.015213332138955604 0.004076399840414527 5.626678500902926e-08
v -0.01575000025331975 2.374917797143274e-11 5.626678500902926e-08
v -0.01575000025331975 2.374917797143274e-11 -0.005999985616654158
v -0.01575000025331975 2.374917797143274e-11 -0.005999985616654158
v -0.01575000025331975 2.374917797143274e-11 5.626678500902926e-08
v -0.015213332138955604 -0.004076399840414527 5.626678500902926e-08
v -0.015213332138955604 -0.004076399840414527 -0.005999985616654158
v -0.015213332138955604 -0.004076399840414527 -0.005999985616654158
v -0.015213332138955604 -0.004076399840414527 5.626678500902926e-08
v -0.013639899902045735 -0.007875000126659875 5.626678500902926e-08
v -0.013639899902045735 -0.007875000126659875 -0.005999985616654158
v -0.013639899902045735 -0.007875000126659875 -0.005999985616654158
v -0.013639899902045735 -0.007875000126659875 5.626678500902926e-08
v -0.01290032360702754 -0.00883883517235518 5.626678500902926e-08
v -0.011136931367218501 -0.011136932298541076 -0.005999985616654158
v -0.011136931367218501 -0.011136932298541076 5.626678500902926e-08
v -0.011136931367218501 -0.011136932298541076 -0.005999985616654158
v -0.011136931367218501 -0.011136932298541076 5.626678500902926e-08
v -0.00883883517235518 -0.01290032360702754 5.626678500902926e-08
v -0.007875000126659875 -0.013639899902045735 -0.005999985616654158
v -0.007875000126659875 -0.013639899902045735 5.626678500902926e-08
v -0.007875000126659875 -0.013639899902045735 -0.005999985616654158
v -0.007875000126659875 -0.013639899902045735 5.626678500902926e-08
v -0.004076399840414527 -0.015213332138955604 5.626678500902926e-08
v -0.004076399840414527 -0.015213332138955604 -0.005999985616654158
v -0.004076399840414527 -0.015213332138955604 -0.005999985616654158
v -0.004076399840414527 -0.015213332138955604 5.626678500902926e-08
v -2.1950827395231932e-17 -0.01575000025331975 5.626678500902926e-08
v -2.1950827395231932e-17 -0.01575000025331975 -0.005999985616654158
v -2.1950827395231932e-17 -0.01575000025331975 -0.005999985616654158
v -2.1950827395231932e-17 -0.01575000025331975 5.626678500902926e-08
v 0.004076399840414527 -0.015213332138955604 5.626678500902926e-08
v 0.004076399840414527 -0.015213332138955604 -0.005999985616654158
v 0.004076399840414527 -0.015213332138955604 -0.005999985616654158
v 0.004076399840414527 -0.015213332138955604 5.626678500902926e-08
v 0.007875000126659875 -0.013639899902045735 5.626678500902926e-08
v 0.007875000126659875 -0.013639899902045735 -0.005999985616654158
v 0.007875000126659875 -0.013639899902045735 -0.005999985616654158
v 0.007875000126659875 -0.013639899902045735 5.626678500902926e-08
v 0.00883883517235518 -0.01290032360702754 5.626678500902926e-08
v 0.011136931367218501 -0.011136932298541076 -0.005999985616654158
v 0.011136931367218501 -0.011136932298541076 5.626678500902926e-08
v 0.011136931367218501 -0.011136932298541076 -0.005999985616654158
v 0.011136931367218501 -0.011136932298541076 5.626678500902926e-08
v 0.01290032360702754 -0.00883883517235518 5.626678500902926e-08
v 0.013639899902045735 -0.007875000126659875 -0.005999985616654158
v 0.013639899902045735 -0.007875000126659875 5.626678500902926e-08
v 0.013639899902045735 -0.007875000126659875 -0.005999985616654158
v 0.013639899902045735 -0.007875000126659875 5.626678500902926e-08
v 0.015213332138955604 -0.004076399840414527 5.626678500902926e-08
v 0.015213332138955604 -0.004076399840414527 -0.005999985616654158
v 0.015213332138955604 -0.004076399840414527 -0.005999985616654158
v 0.015213332138955604 -0.004076399840414527 5.626678500902926e-08
v 0.01575000025331975 2.374917797143274e-11 5.626678500902926e-08
v 0.01575000025331975 2.374917797143274e-11 -0.005999985616654158
v 0.01575000025331975 2.374917797143274e-11 -0.005999985616654158
v 0.01575000025331975 2.374917797143274e-11 5.626678500902926e-08
v 0.015213332138955604 0.004076399840414527 5.626678500902926e-08
v 0.015213332138955604 0.004076399840414527 -0.005999985616654158
v 0.015213332138955604 0.004076399840414527 -0.005999985616654158
v 0.015213332138955604 0.004076399840414527 5.626678500902926e-08
v 0.013639899902045735 0.007875000126659875 5.626678500902926e-08
v 0.013639899902045735 0.007875000126659875 -0.005999985616654158
v 0.013639899902045735 0.007875000126659875 -0.005999985616654158
v 0.013639899902045735 0.007875000126659875 5.626678500902926e-08
v 0.01290032360702754 0.008838834241032606 5.626678500902926e-08
v 0.011136931367218501 0.011136931367218501 -0.005999985616654158
v 0.011136931367218501 0.011136931367218501 5.626678500902926e-08
v 0.011136931367218501 0.011136931367218501 5.626678500902926e-08
v -0.0015000000130385171 0.02240192517638208 -0.007999960333108902
v -7.959159978126064e-18 0.022000001743435874 -0.007999960333108902
v 0.0015000000130385171 0.02240192517638208 -0.007999960333108902
v 0.0015000000130385171 0.02759807743132116 -0.007999960333108902
v -3.893699616325939e-18 0.028000000864267367 -0.007999960333108902
v -0.0015000000130385171 0.02759807743132116 -0.007999960333108902
v -0.0025980761274695414 0.02650000154972078 -0.007999960333108902
v -0.0030000000260770343 0.025000000372529047 -0.007999960333108902
v -0.0025980761274695414 0.023500001057982462 -0.007999960333108902
v 0.0025980761274695414 0.023500001057982462 -0.007999960333108902
v 0.0025980761274695414 0.02650000154972078 -0.007999960333108902
v 0.0030000000260770343 0.025000000372529047 -0.007999960333108902
v 0.0025980761274695414 0.023500001057982462 -0.007999960333108902
v 0.0030000000260770343 0.025000000372529047 5.626678500902926e-08
v 0.0030000000260770343 0.025000000372529047 -0.007999960333108902
v 0.0030000000260770343 0.025000000372529047 -0.007999960333108902
v 0.0030000000260770343 0.025000000372529047 5.626678500902926e-08
v 0.0025980761274695414 0.02650000154972078 5.626678500902926e-08
v 0.0025980761274695414 0.02650000154972078 -0.007999960333108902
v 0.0025980761274695414 0.02650000154972078 -0.007999960333108902
v 0.0025980761274695414 0.02650000154972078 5.626678500902926e-08
v 0.0015000000130385171 0.02759807743132116 5.626678500902926e-08
v 0.0015000000130385171 0.02759807743132116 -0.007999960333108902
v 0.0015000000130385171 0.02759807743132116 -0.007999960333108902
v 0.0015000000130385171 0.02759807743132116 5.626678500902926e-08
v -3.893699616325939e-18 0.028000000864267367 5.626678500902926e-08
v -3.893699616325939e-18 0.028000000864267367 -0.007999960333108902
v -3.893699616325939e-18 0.028000000864267367 -0.007999960333108902
v -3.893699616325939e-18 0.028000000864267367 5.626678500902926e-08
v -0.0015000000130385171 0.02759807743132116 5.626678500902926e-08
v -0.0015000000130385171 0.02759807743132116 -0.007999960333108902
v -0.0015000000130385171 0.02759807743132116 -0.007999960333108902
v -0.0015000000130385171 0.02759807743132116 5.626678500902926e-08
v -0.0025980761274695414 0.02650000154972078 5.626678500902926e-08
v -0.0025980761274695414 0.02650000154972078 -0.007999960333108902
v -0.0025980761274695414 0.02650000154972078 -0.007999960333108902
v -0.0025980761274695414 0.02650000154972078 5.626678500902926e-08
v -0.0030000000260770343 0.025000000372529047 5.626678500902926e-08
v -0.0030000000260770343 0.025000000372529047 -0.007999960333108902
v -0.0030000000260770343 0.025000000372529047 -0.007999960333108902
v -0.0030000000260770343 0.025000000372529047 5.626678500902926e-08
v -0.0025980761274695414 0.023500001057982462 5.626678500902926e-08
v -0.0025980761274695414 0.023500001057982462 -0.007999960333108902
v -0.0025980761274695414 0.023500001057982462 -0.007999960333108902
v -0.0025980761274695414 0.023500001057982462 5.626678500902926e-08
v -0.0015000000130385171 0.02240192517638208 5.626678500902926e-08
v -0.0015000000130385171 0.02240192517638208 -0.007999960333108902
v -0.0015000000130385171 0.02240192517638208 -0.007999960333108902
v -0.0015000000130385171 0.02240192517638208 5.626678500902926e-08
v -7.959159978126064e-18 0.022000001743435874 5.626678500902926e-08
v -7.959159978126064e-18 0.022000001743435874 -0.007999960333108902
v -7.959159978126064e-18 0.022000001743435874 -0.007999960333108902
v -7.959159978126064e-18 0.022000001743435874 5.626678500902926e-08
v 0.0015000000130385171 0.02240192517638208 5.626678500902926e-08
v 0.0015000000130385171 0.02240192517638208 -0.007999960333108902
v 0.0015000000130385171 0.02240192517638208 -0.007999960333108902
v 0.0015000000130385171 0.02240192517638208 5.626678500902926e-08
v 0.0025980761274695414 0.023500001057982462 5.626678500902926e-08
v 0.0025980761274695414 0.023500001057982462 -0.007999960333108902
v 0.0025980761274695414 0.023500001057982462 5.626678500902926e-08
v -0.01917766965925695 0.015079593285918246 -0.007999960333108902
v -0.016177669167518626 0.020275747403502478 -0.007999960333108902
v -0.01767767034471036 0.020677670836448683 -0.007999960333108902
v -0.016177669167518626 0.015079593285918246 -0.007999960333108902
v -0.015079593285918246 0.016177671030163775 -0.007999960333108902
v -0.014677669852972041 0.01767767034471036 -0.007999960333108902
v -0.01767767034471036 0.014677669852972041 -0.007999960333108902
v -0.015079593285918246 0.01917766965925695 -0.007999960333108902
v -0.020677668973803534 0.01767767034471036 -0.007999960333108902
v -0.02027574554085733 0.016177671030163775 -0.007999960333108902
v -0.02027574554085733 0.01917766965925695 -0.007999960333108902
v -0.01917766965925695 0.020275747403502478 -0.007999960333108902
v -0.015079593285918246 0.01917766965925695 -0.007999960333108902
v -0.016177669167518626 0.020275747403502478 5.626678500902926e-08
v -0.016177669167518626 0.020275747403502478 -0.007999960333108902
v -0.016177669167518626 0.020275747403502478 -0.007999960333108902
v -0.016177669167518626 0.020275747403502478 5.626678500902926e-08
v -0.01767767034471036 0.020677670836448683 5.626678500902926e-08
v -0.01767767034471036 0.020677670836448683 -0.007999960333108902
v -0.01767767034471036 0.020677670836448683 -0.007999960333108902
v -0.01767767034471036 0.020677670836448683 5.626678500902926e-08
v -0.01821383461356164 0.0205340050160885 5.626678500902926e-08
v -0.01917766965925695 0.020275747403502478 -0.007999960333108902
v -0.01917766965925695 0.020275747403502478 5.626678500902926e-08
v -0.01917766965925695 0.020275747403502478 -0.007999960333108902
v -0.01917766965925695 0.020275747403502478 5.626678500902926e-08
v -0.02027574554085733 0.01917766965925695 5.626678500902926e-08
v -0.02027574554085733 0.01917766965925695 -0.007999960333108902
v -0.02027574554085733 0.01917766965925695 -0.007999960333108902
v -0.02027574554085733 0.01917766965925695 5.626678500902926e-08
v -0.0205340050160885 0.01821383647620679 5.626678500902926e-08
v -0.020677668973803534 0.01767767034471036 -0.007999960333108902
v -0.020677668973803534 0.01767767034471036 5.626678500902926e-08
v -0.020677668973803534 0.01767767034471036 -0.007999960333108902
v -0.020677668973803534 0.01767767034471036 5.626678500902926e-08
v -0.02027574554085733 0.016177671030163775 5.626678500902926e-08
v -0.02027574554085733 0.016177671030163775 -0.007999960333108902
v -0.02027574554085733 0.016177671030163775 -0.007999960333108902
v -0.02027574554085733 0.016177671030163775 5.626678500902926e-08
v -0.01917766965925695 0.015079593285918246 5.626678500902926e-08
v -0.01917766965925695 0.015079593285918246 -0.007999960333108902
v -0.01917766965925695 0.015079593285918246 -0.007999960333108902
v -0.01917766965925695 0.015079593285918246 5.626678500902926e-08
v -0.01821383461356164 0.01482133474200965 5.626678500902926e-08
v -0.01767767034471036 0.014677669852972041 -0.007999960333108902
v -0.01767767034471036 0.014677669852972041 5.626678500902926e-08
v -0.01767767034471036 0.014677669852972041 -0.007999960333108902
v -0.01767767034471036 0.014677669852972041 5.626678500902926e-08
v -0.016177669167518626 0.015079593285918246 5.626678500902926e-08
v -0.016177669167518626 0.015079593285918246 -0.007999960333108902
v -0.016177669167518626 0.015079593285918246 -0.007999960333108902
v -0.016177669167518626 0.015079593285918246 5.626678500902926e-08
v -0.015079593285918246 0.016177671030163775 5.626678500902926e-08
v -0.015079593285918246 0.016177671030163775 -0.007999960333108902
v -0.015079593285918246 0.016177671030163775 -0.007999960333108902
v -0.015079593285918246 0.016177671030163775 5.626678500902926e-08
v -0.014677669852972041 0.01767767034471036 5.626678500902926e-08
v -0.014677669852972041 0.01767767034471036 -0.007999960333108902
v -0.014677669852972041 0.01767767034471036 -0.007999960333108902
v -0.014677669852972041 0.01767767034471036 5.626678500902926e-08
v -0.01482133474200965 0.01821383647620679 5.626678500902926e-08
v -0.015079593285918246 0.01917766965925695 -0.007999960333108902
v -0.015079593285918246 0.01917766965925695 5.626678500902926e-08
v -0.015079593285918246 0.01917766965925695 5.626678500902926e-08
v -0.026499999687075632 0.0025980761274695414 -0.007999960333108902
v -0.027598075568676012 0.001500000129453839 -0.007999960333108902
v -0.028000000864267367 2.374917797143274e-11 -0.007999960333108902
v -0.021999999880790724 2.374917797143274e-11 -0.007999960333108902
v -0.027598075568676012 -0.0015000000130385171 -0.007999960333108902
v -0.02240192331373693 0.001500000129453839 -0.007999960333108902
v -0.023499999195337313 0.0025980761274695414 -0.007999960333108902
v -0.025000000372529047 0.0030000000260770343 -0.007999960333108902
v -0.023499999195337313 -0.002598076360300185 -0.007999960333108902
v -0.02240192331373693 -0.0015000000130385171 -0.007999960333108902
v -0.025000000372529047 -0.0030000000260770343 -0.007999960333108902
v -0.026499999687075632 -0.002598076360300185 -0.007999960333108902
v -0.02240192331373693 -0.0015000000130385171 -0.007999960333108902
v -0.021999999880790724 2.374917797143274e-11 5.626678500902926e-08
v -0.021999999880790724 2.374917797143274e-11 -0.007999960333108902
v -0.021999999880790724 2.374917797143274e-11 -0.007999960333108902
v -0.021999999880790724 2.374917797143274e-11 5.626678500902926e-08
v -0.02240192331373693 0.001500000129453839 5.626678500902926e-08
v -0.02240192331373693 0.001500000129453839 -0.007999960333108902
v -0.02240192331373693 0.001500000129453839 -0.007999960333108902
v -0.02240192331373693 0.001500000129453839 5.626678500902926e-08
v -0.023499999195337313 0.0025980761274695414 5.626678500902926e-08
v -0.023499999195337313 0.0025980761274695414 -0.007999960333108902
v -0.023499999195337313 0.0025980761274695414 -0.007999960333108902
v -0.023499999195337313 0.0025980761274695414 5.626678500902926e-08
v -0.025000000372529047 0.0030000000260770343 5.626678500902926e-08
v -0.025000000372529047 0.0030000000260770343 -0.007999960333108902
v -0.025000000372529047 0.0030000000260770343 -0.007999960333108902
v -0.025000000372529047 0.0030000000260770343 5.626678500902926e-08
v -0.026499999687075632 0.0025980761274695414 5.626678500902926e-08
v -0.026499999687075632 0.0025980761274695414 -0.007999960333108902
v -0.026499999687075632 0.0025980761274695414 -0.007999960333108902
v -0.026499999687075632 0.0025980761274695414 5.626678500902926e-08
v -0.027598075568676012 0.001500000129453839 5.626678500902926e-08
v -0.027598075568676012 0.001500000129453839 -0.007999960333108902
v -0.027598075568676012 0.001500000129453839 -0.007999960333108902
v -0.027598075568676012 0.001500000129453839 5.626678500902926e-08
v -0.028000000864267367 2.374917797143274e-11 5.626678500902926e-08
v -0.028000000864267367 2.374917797143274e-11 -0.007999960333108902
v -0.028000000864267367 2.374917797143274e-11 -0.007999960333108902
v -0.028000000864267367 2.374917797143274e-11 5.626678500902926e-08
v -0.027598075568676012 -0.0015000000130385171 5.626678500902926e-08
v -0.027598075568676012 -0.0015000000130385171 -0.007999960333108902
v -0.027598075568676012 -0.0015000000130385171 -0.007999960333108902
v -0.027598075568676012 -0.0015000000130385171 5.626678500902926e-08
v -0.026499999687075632 -0.002598076360300185 5.626678500902926e-08
v -0.026499999687075632 -0.002598076360300185 -0.007999960333108902
v -0.026499999687075632 -0.002598076360300185 -0.007999960333108902
v -0.026499999687075632 -0.002598076360300185 5.626678500902926e-08
v -0.025000000372529047 -0.0030000000260770343 5.626678500902926e-08
v -0.025000000372529047 -0.0030000000260770343 -0.007999960333108902
v -0.025000000372529047 -0.0030000000260770343 -0.007999960333108902
v -0.025000000372529047 -0.0030000000260770343 5.626678500902926e-08
v -0.023499999195337313 -0.002598076360300185 5.626678500902926e-08
v -0.023499999195337313 -0.002598076360300185 -0.007999960333108902
v -0.023499999195337313 -0.002598076360300185 -0.007999960333108902
v -0.023499999195337313 -0.002598076360300185 5.626678500902926e-08
v -0.02240192331373693 -0.0015000000130385171 5.626678500902926e-08
v -0.02240192331373693 -0.0015000000130385171 -0.007999960333108902
v -0.02240192331373693 -0.0015000000130385171 5.626678500902926e-08
v -0.01767767034471036 -0.020677668973803534 -0.007999960333108902
v -0.016177669167518626 -0.02027574554085733 -0.007999960333108902
v -0.01917766965925695 -0.02027574554085733 -0.007999960333108902
v -0.015079593285918246 -0.0191776677966118 -0.007999960333108902
v -0.02027574554085733 -0.0191776677966118 -0.007999960333108902
v -0.01767767034471036 -0.014677669852972041 -0.007999960333108902
v -0.01917766965925695 -0.015079593285918246 -0.007999960333108902
v -0.016177669167518626 -0.015079593285918246 -0.007999960333108902
v -0.02027574554085733 -0.016177669167518626 -0.007999960333108902
v -0.015079593285918246 -0.016177669167518626 -0.007999960333108902
v -0.014677669852972041 -0.01767766848206521 -0.007999960333108902
v -0.020677668973803534 -0.01767766848206521 -0.007999960333108902
v -0.014677669852972041 -0.01767766848206521 -0.007999960333108902
v -0.015079593285918246 -0.016177669167518626 5.626678500902926e-08
v -0.015079593285918246 -0.016177669167518626 -0.007999960333108902
v -0.015079593285918246 -0.016177669167518626 -0.007999960333108902
v -0.015079593285918246 -0.016177669167518626 5.626678500902926e-08
v -0.016177669167518626 -0.015079593285918246 5.626678500902926e-08
v -0.016177669167518626 -0.015079593285918246 -0.007999960333108902
v -0.016177669167518626 -0.015079593285918246 -0.007999960333108902
v -0.016177669167518626 -0.015079593285918246 5.626678500902926e-08
v -0.01767767034471036 -0.014677669852972041 5.626678500902926e-08
v -0.01767767034471036 -0.014677669852972041 -0.007999960333108902
v -0.01767767034471036 -0.014677669852972041 -0.007999960333108902
v -0.01767767034471036 -0.014677669852972041 5.626678500902926e-08
v -0.01821383461356164 -0.01482133474200965 5.626678500902926e-08
v -0.01917766965925695 -0.015079593285918246 -0.007999960333108902
v -0.01917766965925695 -0.015079593285918246 5.626678500902926e-08
v -0.01917766965925695 -0.015079593285918246 -0.007999960333108902
v -0.01917766965925695 -0.015079593285918246 5.626678500902926e-08
v -0.02027574554085733 -0.016177669167518626 5.626678500902926e-08
v -0.02027574554085733 -0.016177669167518626 -0.007999960333108902
v -0.02027574554085733 -0.016177669167518626 -0.007999960333108902
v -0.02027574554085733 -0.016177669167518626 5.626678500902926e-08
v -0.020677668973803534 -0.01767766848206521 5.626678500902926e-08
v -0.020677668973803534 -0.01767766848206521 -0.007999960333108902
v -0.020677668973803534 -0.01767766848206521 -0.007999960333108902
v -0.020677668973803534 -0.01767766848206521 5.626678500902926e-08
v -0.0205340050160885 -0.01821383461356164 5.626678500902926e-08
v -0.02027574554085733 -0.0191776677966118 -0.007999960333108902
v -0.02027574554085733 -0.0191776677966118 5.626678500902926e-08
v -0.02027574554085733 -0.0191776677966118 -0.007999960333108902
v -0.02027574554085733 -0.0191776677966118 5.626678500902926e-08
v -0.01917766965925695 -0.02027574554085733 5.626678500902926e-08
v -0.01917766965925695 -0.02027574554085733 -0.007999960333108902
v -0.01917766965925695 -0.02027574554085733 -0.007999960333108902
v -0.01917766965925695 -0.02027574554085733 5.626678500902926e-08
v -0.01821383461356164 -0.02053400315344335 5.626678500902926e-08
v -0.01767767034471036 -0.020677668973803534 -0.007999960333108902
v -0.01767767034471036 -0.020677668973803534 5.626678500902926e-08
v -0.01767767034471036 -0.020677668973803534 -0.007999960333108902
v -0.01767767034471036 -0.020677668973803534 5.626678500902926e-08
v -0.016177669167518626 -0.02027574554085733 5.626678500902926e-08
v -0.016177669167518626 -0.02027574554085733 -0.007999960333108902
v -0.016177669167518626 -0.02027574554085733 -0.007999960333108902
v -0.016177669167518626 -0.02027574554085733 5.626678500902926e-08
v -0.015079593285918246 -0.0191776677966118 5.626678500902926e-08
v -0.015079593285918246 -0.0191776677966118 -0.007999960333108902
v -0.015079593285918246 -0.0191776677966118 -0.007999960333108902
v -0.015079593285918246 -0.0191776677966118 5.626678500902926e-08
v -0.01482133474200965 -0.01821383461356164 5.626678500902926e-08
v -0.014677669852972041 -0.01767766848206521 -0.007999960333108902
v -0.014677669852972041 -0.01767766848206521 5.626678500902926e-08
v -0.014677669852972041 -0.01767766848206521 5.626678500902926e-08
v -0.0025980761274695414 -0.026499999687075632 -0.007999960333108902
v -0.0015000000130385171 -0.027598075568676012 -0.007999960333108902
v 0.0015000000130385171 -0.02240192331373693 -0.007999960333108902
v -1.4898053882033297e-17 -0.027999999001622217 -0.007999960333108902
v 0.0030000000260770343 -0.024999998509883898 -0.007999960333108902
v 0.0025980761274695414 -0.023499999195337313 -0.007999960333108902
v 0.0025980761274695414 -0.026499999687075632 -0.007999960333108902
v 0.0015000000130385171 -0.027598075568676012 -0.007999960333108902
v -0.0030000000260770343 -0.024999998509883898 -0.007999960333108902
v -0.0025980761274695414 -0.023499999195337313 -0.007999960333108902
v -0.0015000000130385171 -0.02240192331373693 -0.007999960333108902
v -1.0832593520233173e-17 -0.021999999880790724 -0.007999960333108902
v 0.0025980761274695414 -0.026499999687075632 -0.007999960333108902
v 0.0030000000260770343 -0.024999998509883898 5.626678500902926e-08
v 0.0030000000260770343 -0.024999998509883898 -0.007999960333108902
v 0.0030000000260770343 -0.024999998509883898 -0.007999960333108902
v 0.0030000000260770343 -0.024999998509883898 5.626678500902926e-08
v 0.0025980761274695414 -0.023499999195337313 5.626678500902926e-08
v 0.0025980761274695414 -0.023499999195337313 -0.007999960333108902
v 0.0025980761274695414 -0.023499999195337313 -0.007999960333108902
v 0.0025980761274695414 -0.023499999195337313 5.626678500902926e-08
v 0.0015000000130385171 -0.02240192331373693 5.626678500902926e-08
v 0.0015000000130385171 -0.02240192331373693 -0.007999960333108902
v 0.0015000000130385171 -0.02240192331373693 -0.007999960333108902
v 0.0015000000130385171 -0.02240192331373693 5.626678500902926e-08
v -1.0832593520233173e-17 -0.021999999880790724 5.626678500902926e-08
v -1.0832593520233173e-17 -0.021999999880790724 -0.007999960333108902
v -1.0832593520233173e-17 -0.021999999880790724 -0.007999960333108902
v -1.0832593520233173e-17 -0.021999999880790724 5.626678500902926e-08
v -0.0015000000130385171 -0.02240192331373693 5.626678500902926e-08
v -0.0015000000130385171 -0.02240192331373693 -0.007999960333108902
v -0.0015000000130385171 -0.02240192331373693 -0.007999960333108902
v -0.0015000000130385171 -0.02240192331373693 5.626678500902926e-08
v -0.0025980761274695414 -0.023499999195337313 5.626678500902926e-08
v -0.0025980761274695414 -0.023499999195337313 -0.007999960333108902
v -0.0025980761274695414 -0.023499999195337313 -0.007999960333108902
v -0.0025980761274695414 -0.023499999195337313 5.626678500902926e-08
v -0.0030000000260770343 -0.024999998509883898 5.626678500902926e-08
v -0.0030000000260770343 -0.024999998509883898 -0.007999960333108902
v -0.0030000000260770343 -0.024999998509883898 -0.007999960333108902
v -0.0030000000260770343 -0.024999998509883898 5.626678500902926e-08
v -0.0025980761274695414 -0.026499999687075632 5.626678500902926e-08
v -0.0025980761274695414 -0.026499999687075632 -0.007999960333108902
v -0.0025980761274695414 -0.026499999687075632 -0.007999960333108902
v -0.0025980761274695414 -0.026499999687075632 5.626678500902926e-08
v -0.0015000000130385171 -0.027598075568676012 5.626678500902926e-08
v -0.0015000000130385171 -0.027598075568676012 -0.007999960333108902
v -0.0015000000130385171 -0.027598075568676012 -0.007999960333108902
v -0.0015000000130385171 -0.027598075568676012 5.626678500902926e-08
v -1.4898053882033297e-17 -0.027999999001622217 5.626678500902926e-08
v -1.4898053882033297e-17 -0.027999999001622217 -0.007999960333108902
v -1.4898053882033297e-17 -0.027999999001622217 -0.007999960333108902
v -1.4898053882033297e-17 -0.027999999001622217 5.626678500902926e-08
v 0.0015000000130385171 -0.027598075568676012 5.626678500902926e-08
v 0.0015000000130385171 -0.027598075568676012 -0.007999960333108902
v 0.0015000000130385171 -0.027598075568676012 -0.007999960333108902
v 0.0015000000130385171 -0.027598075568676012 5.626678500902926e-08
v 0.0025980761274695414 -0.026499999687075632 5.626678500902926e-08
v 0.0025980761274695414 -0.026499999687075632 -0.007999960333108902
v 0.0025980761274695414 -0.026499999687075632 5.626678500902926e-08
v 0.020677668973803534 -0.01767766848206521 -0.007999960333108902
v 0.02027574554085733 -0.016177669167518626 -0.007999960333108902
v 0.01917766965925695 -0.015079593285918246 -0.007999960333108902
v 0.014677669852972041 -0.01767766848206521 -0.007999960333108902
v 0.015079593285918246 -0.0191776677966118 -0.007999960333108902
v 0.016177669167518626 -0.02027574554085733 -0.007999960333108902
v 0.01767767034471036 -0.014677669852972041 -0.007999960333108902
v 0.016177669167518626 -0.015079593285918246 -0.007999960333108902
v 0.01917766965925695 -0.02027574554085733 -0.007999960333108902
v 0.02027574554085733 -0.0191776677966118 -0.007999960333108902
v 0.01767767034471036 -0.020677668973803534 -0.007999960333108902
v 0.015079593285918246 -0.016177669167518626 -0.007999960333108902
v 0.020677668973803534 -0.01767766848206521 -0.007999960333108902
v 0.02027574554085733 -0.016177669167518626 5.626678500902926e-08
v 0.02027574554085733 -0.016177669167518626 -0.007999960333108902
v 0.02027574554085733 -0.016177669167518626 -0.007999960333108902
v 0.02027574554085733 -0.016177669167518626 5.626678500902926e-08
v 0.01917766965925695 -0.015079593285918246 5.626678500902926e-08
v 0.01917766965925695 -0.015079593285918246 -0.007999960333108902
v 0.01917766965925695 -0.015079593285918246 -0.007999960333108902
v 0.01917766965925695 -0.015079593285918246 5.626678500902926e-08
v 0.01821383461356164 -0.01482133474200965 5.626678500902926e-08
v 0.01767767034471036 -0.014677669852972041 -0.007999960333108902
v 0.01767767034471036 -0.014677669852972041 5.626678500902926e-08
v 0.01767767034471036 -0.014677669852972041 -0.007999960333108902
v 0.01767767034471036 -0.014677669852972041 5.626678500902926e-08
v 0.016177669167518626 -0.015079593285918246 5.626678500902926e-08
v 0.016177669167518626 -0.015079593285918246 -0.007999960333108902
v 0.016177669167518626 -0.015079593285918246 -0.007999960333108902
v 0.016177669167518626 -0.015079593285918246 5.626678500902926e-08
v 0.015079593285918246 -0.016177669167518626 5.626678500902926e-08
v 0.015079593285918246 -0.016177669167518626 -0.007999960333108902
v 0.015079593285918246 -0.016177669167518626 -0.007999960333108902
v 0.015079593285918246 -0.016177669167518626 5.626678500902926e-08
v 0.014677669852972041 -0.01767766848206521 5.626678500902926e-08
v 0.014677669852972041 -0.01767766848206521 -0.007999960333108902
v 0.014677669852972041 -0.01767766848206521 -0.007999960333108902
v 0.014677669852972041 -0.01767766848206521 5.626678500902926e-08
v 0.01482133474200965 -0.01821383461356164 5.626678500902926e-08
v 0.015079593285918246 -0.0191776677966118 -0.007999960333108902
v 0.015079593285918246 -0.0191776677966118 5.626678500902926e-08
v 0.015079593285918246 -0.0191776677966118 -0.007999960333108902
v 0.015079593285918246 -0.0191776677966118 5.626678500902926e-08
v 0.016177669167518626 -0.02027574554085733 5.626678500902926e-08
v 0.016177669167518626 -0.02027574554085733 -0.007999960333108902
v 0.016177669167518626 -0.02027574554085733 -0.007999960333108902
v 0.016177669167518626 -0.02027574554085733 5.626678500902926e-08
v 0.01767767034471036 -0.020677668973803534 5.626678500902926e-08
v 0.01767767034471036 -0.020677668973803534 -0.007999960333108902
v 0.01767767034471036 -0.020677668973803534 -0.007999960333108902
v 0.01767767034471036 -0.020677668973803534 5.626678500902926e-08
v 0.01821383461356164 -0.02053400315344335 5.626678500902926e-08
v 0.01917766965925695 -0.02027574554085733 -0.007999960333108902
v 0.01917766965925695 -0.02027574554085733 5.626678500902926e-08
v 0.01917766965925695 -0.02027574554085733 -0.007999960333108902
v 0.01917766965925695 -0.02027574554085733 5.626678500902926e-08
v 0.02027574554085733 -0.0191776677966118 5.626678500902926e-08
v 0.02027574554085733 -0.0191776677966118 -0.007999960333108902
v 0.02027574554085733 -0.0191776677966118 -0.007999960333108902
v 0.02027574554085733 -0.0191776677966118 5.626678500902926e-08
v 0.0205340050160885 -0.01821383461356164 5.626678500902926e-08
v 0.020677668973803534 -0.01767766848206521 -0.007999960333108902
v 0.020677668973803534 -0.01767766848206521 5.626678500902926e-08
v 0.020677668973803534 -0.01767766848206521 5.626678500902926e-08
v 0.026499999687075632 -0.002598076360300185 -0.007999960333108902
v 0.027598075568676012 -0.0015000000130385171 -0.007999960333108902
v 0.028000000864267367 2.374917797143274e-11 -0.007999960333108902
v 0.027598075568676012 0.001500000129453839 -0.007999960333108902
v 0.026499999687075632 0.0025980761274695414 -0.007999960333108902
v 0.023499999195337313 -0.002598076360300185 -0.007999960333108902
v 0.025000000372529047 -0.0030000000260770343 -0.007999960333108902
v 0.02240192331373693 -0.0015000000130385171 -0.007999960333108902
v 0.021999999880790724 2.374917797143274e-11 -0.007999960333108902
v 0.02240192331373693 0.001500000129453839 -0.007999960333108902
v 0.023499999195337313 0.0025980761274695414 -0.007999960333108902
v 0.025000000372529047 0.0030000000260770343 -0.007999960333108902
v 0.027598075568676012 -0.0015000000130385171 -0.007999960333108902
v 0.028000000864267367 2.374917797143274e-11 5.626678500902926e-08
v 0.028000000864267367 2.374917797143274e-11 -0.007999960333108902
v 0.028000000864267367 2.374917797143274e-11 -0.007999960333108902
v 0.028000000864267367 2.374917797143274e-11 5.626678500902926e-08
v 0.027598075568676012 0.001500000129453839 5.626678500902926e-08
v 0.027598075568676012 0.001500000129453839 -0.007999960333108902
v 0.027598075568676012 0.001500000129453839 -0.007999960333108902
v 0.027598075568676012 0.001500000129453839 5.626678500902926e-08
v 0.026499999687075632 0.0025980761274695414 5.626678500902926e-08
v 0.026499999687075632 0.0025980761274695414 -0.007999960333108902
v 0.026499999687075632 0.0025980761274695414 -0.007999960333108902
v 0.026499999687075632 0.0025980761274695414 5.626678500902926e-08
v 0.025000000372529047 0.0030000000260770343 5.626678500902926e-08
v 0.025000000372529047 0.0030000000260770343 -0.007999960333108902
v 0.025000000372529047 0.0030000000260770343 -0.007999960333108902
v 0.025000000372529047 0.0030000000260770343 5.626678500902926e-08
v 0.023499999195337313 0.0025980761274695414 5.626678500902926e-08
v 0.023499999195337313 0.0025980761274695414 -0.007999960333108902
v 0.023499999195337313 0.0025980761274695414 -0.007999960333108902
v 0.023499999195337313 0.0025980761274695414 5.626678500902926e-08
v 0.02240192331373693 0.001500000129453839 5.626678500902926e-08
v 0.02240192331373693 0.001500000129453839 -0.007999960333108902
v 0.02240192331373693 0.001500000129453839 -0.007999960333108902
v 0.02240192331373693 0.001500000129453839 5.626678500902926e-08
v 0.021999999880790724 2.374917797143274e-11 5.626678500902926e-08
v 0.021999999880790724 2.374917797143274e-11 -0.007999960333108902
v 0.021999999880790724 2.374917797143274e-11 -0.007999960333108902
v 0.021999999880790724 2.374917797143274e-11 5.626678500902926e-08
v 0.02240192331373693 -0.0015000000130385171 5.626678500902926e-08
v 0.02240192331373693 -0.0015000000130385171 -0.007999960333108902
v 0.02240192331373693 -0.0015000000130385171 -0.007999960333108902
v 0.02240192331373693 -0.0015000000130385171 5.626678500902926e-08
v 0.023499999195337313 -0.002598076360300185 5.626678500902926e-08
v 0.023499999195337313 -0.002598076360300185 -0.007999960333108902
v 0.023499999195337313 -0.002598076360300185 -0.007999960333108902
v 0.023499999195337313 -0.002598076360300185 5.626678500902926e-08
v 0.025000000372529047 -0.0030000000260770343 5.626678500902926e-08
v 0.025000000372529047 -0.0030000000260770343 -0.007999960333108902
v 0.025000000372529047 -0.0030000000260770343 -0.007999960333108902
v 0.025000000372529047 -0.0030000000260770343 5.626678500902926e-08
v 0.026499999687075632 -0.002598076360300185 5.626678500902926e-08
v 0.026499999687075632 -0.002598076360300185 -0.007999960333108902
v 0.026499999687075632 -0.002598076360300185 -0.007999960333108902
v 0.026499999687075632 -0.002598076360300185 5.626678500902926e-08
v 0.027598075568676012 -0.0015000000130385171 5.626678500902926e-08
v 0.027598075568676012 -0.0015000000130385171 -0.007999960333108902
v 0.027598075568676012 -0.0015000000130385171 5.626678500902926e-08
v 0.02027574554085733 0.016177671030163775 -0.007999960333108902
v 0.020677668973803534 0.01767767034471036 -0.007999960333108902
v 0.01917766965925695 0.015079593285918246 -0.007999960333108902
v 0.014677669852972041 0.01767767034471036 -0.007999960333108902
v 0.02027574554085733 0.01917766965925695 -0.007999960333108902
v 0.01917766965925695 0.020275747403502478 -0.007999960333108902
v 0.015079593285918246 0.016177671030163775 -0.007999960333108902
v 0.016177669167518626 0.015079593285918246 -0.007999960333108902
v 0.01767767034471036 0.014677669852972041 -0.007999960333108902
v 0.015079593285918246 0.01917766965925695 -0.007999960333108902
v 0.016177669167518626 0.020275747403502478 -0.007999960333108902
v 0.01767767034471036 0.020677670836448683 -0.007999960333108902
v 0.02027574554085733 0.01917766965925695 -0.007999960333108902
v 0.01917766965925695 0.020275747403502478 5.626678500902926e-08
v 0.01917766965925695 0.020275747403502478 -0.007999960333108902
v 0.01917766965925695 0.020275747403502478 -0.007999960333108902
v 0.01917766965925695 0.020275747403502478 5.626678500902926e-08
v 0.01821383461356164 0.0205340050160885 5.626678500902926e-08
v 0.01767767034471036 0.020677670836448683 -0.007999960333108902
v 0.01767767034471036 0.020677670836448683 5.626678500902926e-08
v 0.01767767034471036 0.020677670836448683 -0.007999960333108902
v 0.01767767034471036 0.020677670836448683 5.626678500902926e-08
v 0.016177669167518626 0.020275747403502478 5.626678500902926e-08
v 0.016177669167518626 0.020275747403502478 -0.007999960333108902
v 0.016177669167518626 0.020275747403502478 -0.007999960333108902
v 0.016177669167518626 0.020275747403502478 5.626678500902926e-08
v 0.015079593285918246 0.01917766965925695 5.626678500902926e-08
v 0.015079593285918246 0.01917766965925695 -0.007999960333108902
v 0.015079593285918246 0.01917766965925695 -0.007999960333108902
v 0.015079593285918246 0.01917766965925695 5.626678500902926e-08
v 0.01482133474200965 0.01821383647620679 5.626678500902926e-08
v 0.014677669852972041 0.01767767034471036 -0.007999960333108902
v 0.014677669852972041 0.01767767034471036 5.626678500902926e-08
v 0.014677669852972041 0.01767767034471036 -0.007999960333108902
v 0.014677669852972041 0.01767767034471036 5.626678500902926e-08
v 0.015079593285918246 0.016177671030163775 5.626678500902926e-08
v 0.015079593285918246 0.016177671030163775 -0.007999960333108902
v 0.015079593285918246 0.016177671030163775 -0.007999960333108902
v 0.015079593285918246 0.016177671030163775 5.626678500902926e-08
v 0.016177669167518626 0.015079593285918246 5.626678500902926e-08
v 0.016177669167518626 0.015079593285918246 -0.007999960333108902
v 0.016177669167518626 0.015079593285918246 -0.007999960333108902
v 0.016177669167518626 0.015079593285918246 5.626678500902926e-08
v 0.01767767034471036 0.014677669852972041 5.626678500902926e-08
v 0.01767767034471036 0.014677669852972041 -0.007999960333108902
v 0.01767767034471036 0.014677669852972041 -0.007999960333108902
v 0.01767767034471036 0.014677669852972041 5.626678500902926e-08
v 0.01821383461356164 0.01482133474200965 5.626678500902926e-08
v 0.01917766965925695 0.015079593285918246 -0.007999960333108902
v 0.01917766965925695 0.015079593285918246 5.626678500902926e-08
v 0.01917766965925695 0.015079593285918246 -0.007999960333108902
v 0.01917766965925695 0.015079593285918246 5.626678500902926e-08
v 0.02027574554085733 0.016177671030163775 5.626678500902926e-08
v 0.02027574554085733 0.016177671030163775 -0.007999960333108902
v 0.02027574554085733 0.016177671030163775 -0.007999960333108902
v 0.02027574554085733 0.016177671030163775 5.626678500902926e-08
v 0.020677668973803534 0.01767767034471036 5.626678500902926e-08
v 0.020677668973803534 0.01767767034471036 -0.007999960333108902
v 0.020677668973803534 0.01767767034471036 -0.007999960333108902
v 0.020677668973803534 0.01767767034471036 5.626678500902926e-08
v 0.0205340050160885 0.01821383647620679 5.626678500902926e-08
v 0.02027574554085733 0.01917766965925695 -0.007999960333108902
v 0.02027574554085733 0.01917766965925695 5.626678500902926e-08
v 0.02027574554085733 0.01917766965925695 5.626678500902926e-08
usemtl material_DefaultMaterial
f 1 2 3
f 3 2 4
f 3 4 5
f 5 4 6
f 5 6 7
f 7 6 8
f 7 8 9
f 9 8 10
f 9 10 11
f 11 10 12
f 11 12 13
f 13 12 14
f 13 14 15
f 15 14 16
f 15 16 17
f 17 16 18
f 17 18 19
f 20 21 22
f 22 21 23
f 22 23 24
f 24 23 25
f 24 25 26
f 26 25 27
f 26 27 28
f 28 27 29
f 28 29 30
f 30 29 31
f 30 31 32
f 32 31 33
f 32 33 34
f 34 33 35
f 34 35 1
f 1 35 36
f 1 36 2
f 18 37 19
f 19 37 38
f 19 38 39
f 39 38 40
f 39 40 41
f 41 40 42
f 41 42 43
f 43 42 44
f 43 44 45
f 45 44 46
f 45 46 47
f 47 46 48
f 47 48 49
f 49 48 50
f 49 50 51
f 51 50 52
f 51 52 53
f 52 54 53
f 53 54 55
f 53 55 56
f 56 55 57
f 56 57 58
f 58 57 59
f 58 59 60
f 60 59 61
f 60 61 62
f 62 61 63
f 62 63 64
f 64 63 65
f 64 65 66
f 66 65 67
f 66 67 68
f 68 67 69
f 68 69 70
f 70 69 71
f 70 71 20
f 20 71 72
f 20 72 21
f 73 74 75
f 75 74 76
f 75 76 77
f 77 76 78
f 77 78 79
f 79 78 80
f 79 80 81
f 81 80 82
f 81 82 83
f 83 82 84
f 83 84 85
f 86 87 88
f 88 87 89
f 88 89 90
f 90 89 91
f 90 91 92
f 92 91 93
f 92 93 94
f 94 93 95
f 94 95 96
f 96 95 97
f 96 97 98
f 98 97 99
f 98 99 73
f 73 99 100
f 73 100 74
f 101 102 103
f 103 102 104
f 103 104 105
f 105 104 106
f 105 106 107
f 107 106 108
f 107 108 109
f 109 108 110
f 109 110 111
f 111 110 112
f 111 112 86
f 86 112 113
f 86 113 87
f 84 114 85
f 85 114 115
f 85 115 116
f 116 115 117
f 116 117 118
f 118 117 119
f 118 119 120
f 120 119 121
f 120 121 122
f 122 121 123
f 122 123 124
f 124 123 125
f 124 125 126
f 126 125 127
f 126 127 128
f 128 127 129
f 128 129 130
f 130 129 131
f 130 131 132
f 132 131 133
f 132 133 134
f 134 133 135
f 134 135 136
f 136 135 137
f 136 137 138
f 138 137 139
f 138 139 140
f 140 139 141
f 140 141 142
f 142 141 143
f 142 143 101
f 101 143 144
f 101 144 102
f 145 146 147
f 148 149 150
f 148 150 151
f 152 153 154
f 152 154 155
f 156 157 158
f 156 158 159
f 160 161 162
f 160 162 163
f 164 165 166
f 164 166 167
f 168 169 170
f 168 170 171
f 172 173 174
f 172 174 175
f 176 177 178
f 176 178 179
f 180 181 182
f 180 182 183
f 184 185 186
f 184 186 187
f 188 189 190
f 188 190 191
f 192 193 194
f 192 194 195
f 196 197 198
f 196 198 199
f 200 201 202
f 200 202 203
f 204 205 206
f 204 206 207
f 208 209 210
f 208 210 211
f 212 213 214
f 212 214 215
f 216 217 218
f 216 218 219
f 220 221 222
f 220 222 223
f 224 225 226
f 224 226 227
f 228 229 230
f 228 230 231
f 232 233 234
f 232 234 235
f 236 237 238
f 236 238 239
f 240 241 242
f 240 242 243
f 244 245 246
f 244 246 247
f 248 249 250
f 248 250 251
f 252 253 254
f 252 254 255
f 256 257 258
f 256 258 259
f 260 261 262
f 260 262 263
f 264 265 266
f 264 266 267
f 268 269 270
f 268 270 271
f 272 273 274
f 272 274 275
f 276 277 278
f 276 278 279
f 280 281 282
f 280 282 283
f 284 285 286
f 284 286 287
f 288 289 290
f 288 290 291
f 292 293 294
f 292 294 295
f 145 296 146
f 297 298 299
f 299 298 300
f 301 302 303
f 303 302 304
f 305 306 307
f 307 306 308
f 309 310 311
f 311 310 312
f 313 314 315
f 315 314 316
f 317 318 319
f 319 318 320
f 321 322 323
f 323 322 324
f 325 326 327
f 327 326 328
f 329 330 331
f 331 330 332
f 333 334 335
f 335 334 336
f 337 338 339
f 339 338 340
f 341 342 343
f 343 342 344
f 345 346 347
f 347 346 348
f 349 350 351
f 351 350 352
f 353 354 355
f 355 354 356
f 357 358 359
f 359 358 360
f 361 362 363
f 363 362 364
f 365 366 367
f 367 366 368
f 369 370 371
f 371 370 372
f 373 374 375
f 375 374 376
f 377 378 379
f 379 378 380
f 381 382 383
f 383 382 384
f 385 386 387
f 387 386 388
f 389 390 391
f 391 390 392
f 393 394 395
f 395 394 396
f 397 398 399
f 399 398 400
f 401 402 403
f 403 402 404
f 405 406 407
f 407 406 408
f 409 410 411
f 411 410 412
f 413 414 415
f 415 414 416
f 417 418 419
f 419 418 420
f 421 422 423
f 423 422 424
f 425 426 427
f 427 426 428
f 429 430 431
f 431 430 432
f 433 434 435
f 435 434 436
f 437 438 439
f 439 438 440
f 441 442 443
f 443 442 444
f 445 446 447
f 447 446 448
f 449 450 451
f 452 453 454
f 451 455 449
f 456 457 458
f 456 458 459
f 460 461 462
f 460 462 463
f 464 465 466
f 464 466 467
f 468 469 470
f 468 470 471
f 472 473 474
f 472 474 475
f 476 477 478
f 476 478 479
f 480 481 482
f 480 482 483
f 484 485 486
f 484 486 487
f 488 489 490
f 488 490 491
f 492 493 494
f 492 494 495
f 496 497 498
f 496 498 499
f 500 501 502
f 500 502 503
f 504 505 506
f 504 506 507
f 508 509 510
f 508 510 511
f 512 513 514
f 512 514 515
f 516 517 518
f 516 518 519
f 520 521 522
f 520 522 523
f 524 525 526
f 524 526 527
f 528 529 530
f 528 530 531
f 532 533 534
f 532 534 535
f 536 537 538
f 536 538 539
f 540 541 542
f 540 542 543
f 544 545 546
f 544 546 547
f 548 549 550
f 548 550 551
f 552 553 554
f 552 554 555
f 556 557 558
f 556 558 559
f 560 561 562
f 560 562 563
f 564 565 566
f 564 566 567
f 568 569 570
f 568 570 571
f 572 573 574
f 572 574 575
f 576 577 578
f 576 578 579
f 580 581 582
f 580 582 583
f 584 454 453
f 585 586 587
f 585 587 588
f 589 590 586
f 586 590 591
f 586 591 587
f 589 592 590
f 590 592 593
f 590 593 594
f 595 596 597
f 598 599 600
f 600 601 598
f 598 601 602
f 598 602 603
f 598 604 599
f 599 604 605
f 599 605 606
f 588 587 597
f 597 587 607
f 597 607 595
f 594 608 590
f 590 608 599
f 590 599 609
f 609 599 606
f 596 610 597
f 597 610 611
f 597 611 612
f 612 613 597
f 597 613 614
f 597 614 615
f 615 616 597
f 597 616 617
f 597 617 618
f 619 620 621
f 622 623 624
f 622 624 625
f 626 627 628
f 629 630 631
f 629 631 632
f 632 631 633
f 619 634 620
f 635 636 637
f 637 636 638
f 639 640 628
f 628 640 641
f 628 641 626
f 642 643 644
f 645 646 647
f 645 647 648
f 649 650 651
f 649 651 652
f 653 654 655
f 653 655 656
f 656 655 657
f 635 658 636
f 659 660 661
f 661 660 662
f 642 663 643
f 664 665 666
f 666 665 667
f 659 668 660
f 669 670 671
f 671 670 672
f 664 673 665
f 674 675 676
f 677 678 679
f 677 679 680
f 680 679 681
f 669 682 670
f 683 684 685
f 686 687 688
f 686 688 689
f 690 691 692
f 690 692 693
f 693 692 694
f 674 695 675
f 696 697 698
f 699 700 701
f 699 701 702
f 702 701 703
f 683 704 684
f 705 706 707
f 708 709 710
f 708 710 711
f 711 710 712
f 696 713 697
f 714 715 716
f 716 715 717
f 705 718 706
f 719 720 721
f 722 723 724
f 722 724 725
f 726 727 728
f 726 728 729
f 730 731 732
f 730 732 733
f 733 732 734
f 714 735 715
f 736 737 738
f 738 737 739
f 719 740 720
f 741 742 743
f 743 742 744
f 736 745 737
f 746 747 748
f 748 747 749
f 741 750 742
f 751 752 753
f 754 755 756
f 754 756 757
f 757 756 758
f 746 759 747
f 624 760 625
f 761 762 763
f 761 763 764
f 765 766 767
f 765 767 768
f 769 770 771
f 769 771 772
f 772 771 773
f 751 774 752
f 775 776 777
f 778 779 780
f 781 782 783
f 784 785 786
f 786 785 787
f 788 789 790
f 790 789 791
f 790 791 792
f 792 791 793
f 792 793 794
f 794 793 795
f 794 795 796
f 796 795 797
f 796 797 784
f 784 797 798
f 784 798 785
f 787 799 786
f 786 799 800
f 786 800 801
f 801 800 802
f 803 804 805
f 805 804 806
f 805 806 807
f 807 806 808
f 807 808 809
f 808 810 809
f 809 810 811
f 809 811 812
f 812 811 813
f 813 811 814
f 814 811 815
f 814 815 816
f 817 818 815
f 815 818 819
f 820 821 817
f 819 822 815
f 815 822 823
f 815 823 816
f 816 823 824
f 816 824 825
f 825 824 826
f 825 826 827
f 827 826 828
f 821 829 817
f 817 829 830
f 817 830 818
f 783 782 817
f 826 831 828
f 828 831 832
f 828 832 833
f 833 832 820
f 833 820 834
f 834 820 817
f 834 817 835
f 835 817 782
f 780 779 836
f 836 779 837
f 836 837 838
f 839 840 841
f 841 840 842
f 840 843 844
f 845 846 847
f 847 846 848
f 847 848 849
f 844 850 840
f 840 850 851
f 840 851 842
f 842 851 852
f 842 852 853
f 853 852 854
f 853 854 855
f 855 854 856
f 855 856 857
f 857 856 858
f 857 858 859
f 860 861 847
f 847 861 862
f 858 845 859
f 859 845 847
f 859 847 863
f 863 847 862
f 864 865 860
f 860 865 866
f 860 866 861
f 864 867 865
f 865 867 868
f 865 868 869
f 869 868 870
f 869 870 871
f 871 870 872
f 871 872 873
f 873 872 874
f 873 874 875
f 875 874 876
f 875 876 877
f 877 878 879
f 879 878 880
f 875 881 882
f 882 881 883
f 882 883 884
f 884 883 885
f 884 885 886
f 886 885 887
f 886 887 888
f 888 887 889
f 888 889 890
f 890 889 891
f 890 891 878
f 878 891 892
f 878 892 880
f 879 893 877
f 877 893 894
f 877 894 875
f 875 894 895
f 875 895 881
f 890 896 897
f 897 896 898
f 897 898 899
f 899 898 900
f 899 900 901
f 901 900 902
f 901 902 903
f 903 902 904
f 903 904 905
f 906 907 790
f 790 907 801
f 790 801 788
f 788 801 802
f 904 908 905
f 905 908 909
f 905 909 910
f 910 909 906
f 910 906 911
f 911 906 790
f 801 912 913
f 914 786 915
f 915 786 801
f 915 801 916
f 916 801 913
f 917 918 878
f 878 918 919
f 878 919 890
f 890 919 920
f 890 920 896
f 907 921 801
f 801 921 922
f 801 922 912
f 912 922 923
f 912 923 924
f 924 923 917
f 924 917 925
f 925 917 878
f 925 878 926
f 877 927 928
f 928 929 877
f 877 929 930
f 877 930 878
f 878 930 931
f 878 931 926
f 932 933 934
f 934 933 935
f 876 936 877
f 877 936 937
f 877 937 927
f 927 937 932
f 927 932 938
f 938 932 934
f 939 940 941
f 942 943 935
f 935 943 944
f 935 944 934
f 940 939 945
f 945 939 946
f 945 946 947
f 948 777 949
f 949 777 776
f 949 776 947
f 947 776 950
f 947 950 945
f 951 952 953
f 953 954 951
f 951 954 955
f 951 955 777
f 777 955 956
f 777 956 775
f 805 957 803
f 803 957 958
f 803 958 959
f 959 958 784
f 959 784 960
f 960 784 786
f 960 786 961
f 961 786 962
f 963 964 951
f 951 964 965
f 951 965 952
f 952 965 966
f 952 966 967
f 967 966 962
f 967 962 968
f 968 962 786
f 968 786 969
f 969 786 914
f 933 970 935
f 935 970 971
f 935 971 847
f 971 972 847
f 847 972 973
f 847 973 860
f 860 973 974
f 860 974 864
f 975 840 837
f 837 840 839
f 837 839 838
f 975 976 840
f 840 976 977
f 840 977 939
f 939 977 978
f 939 978 946
f 979 779 783
f 783 779 778
f 783 778 781
f 979 980 779
f 779 980 981
f 779 981 837
f 837 981 982
f 837 982 975
f 983 984 817
f 817 984 985
f 817 985 783
f 783 985 986
f 783 986 979
f 810 987 811
f 811 987 988
f 811 988 815
f 815 988 989
f 849 843 847
f 847 843 840
f 847 840 935
f 935 840 939
f 935 939 942
f 942 939 941
f 948 983 777
f 777 983 817
f 777 817 951
f 951 817 815
f 951 815 963
f 963 815 989
f 990 991 992
f 992 991 993
f 994 995 996
f 993 997 992
f 992 997 998
f 992 998 999
f 1000 1001 1002
f 990 1003 991
f 991 1003 994
f 991 994 1004
f 1004 994 996
f 999 1005 992
f 992 1005 1006
f 992 1006 1007
f 1007 1006 1008
f 994 1009 995
f 995 1009 1000
f 995 1000 1010
f 1010 1000 1002
f 1008 1011 1007
f 1007 1011 1012
f 1007 1012 1013
f 1014 1015 1016
f 1014 1017 1015
f 1018 1019 1020
f 1018 1020 1021
f 1022 1023 1024
f 1022 1024 1025
f 1026 1027 1028
f 1026 1028 1029
f 1030 1031 1032
f 1030 1032 1033
f 1034 1035 1036
f 1034 1036 1037
f 1036 1038 1037
f 1039 1040 1041
f 1039 1041 1042
f 1041 1043 1042
f 1044 1045 1046
f 1044 1046 1047
f 1048 1049 1050
f 1048 1050 1051
f 1052 1053 1054
f 1052 1054 1055
f 1056 1057 1058
f 1056 1058 1059
f 1060 1061 1062
f 1060 1062 1063
f 1062 1064 1063
f 1065 1066 1067
f 1065 1067 1068
f 1067 1069 1068
f 1070 1071 1072
f 1070 1072 1073
f 1074 1075 1076
f 1074 1076 1077
f 1078 1079 1080
f 1078 1080 1081
f 1082 1083 1084
f 1082 1084 1085
f 1086 1087 1088
f 1086 1088 1089
f 1088 1090 1089
f 1091 1092 1093
f 1091 1093 1094
f 1093 1095 1094
f 1096 1097 1098
f 1096 1098 1099
f 1100 1101 1102
f 1100 1102 1103
f 1104 1105 1106
f 1104 1106 1107
f 1108 1109 1110
f 1108 1110 1111
f 1112 1113 1114
f 1112 1114 1115
f 1115 1114 1116
f 1016 1117 1014
f 1118 1119 1120
f 1121 1122 1123
f 1124 1125 1123
f 1123 1125 1126
f 1126 1118 1123
f 1123 1118 1120
f 1123 1120 1121
f 1121 1120 1127
f 1121 1127 1128
f 1128 1127 1129
f 1130 1131 1132
f 1133 1134 1135
f 1133 1135 1136
f 1137 1138 1139
f 1137 1139 1140
f 1141 1142 1143
f 1141 1143 1144
f 1145 1146 1147
f 1145 1147 1148
f 1149 1150 1151
f 1149 1151 1152
f 1153 1154 1155
f 1153 1155 1156
f 1157 1158 1159
f 1157 1159 1160
f 1161 1162 1163
f 1161 1163 1164
f 1165 1166 1167
f 1165 1167 1168
f 1169 1170 1171
f 1169 1171 1172
f 1173 1174 1175
f 1173 1175 1176
f 1130 1177 1131
f 1178 1179 1180
f 1181 1182 1183
f 1178 1184 1179
f 1179 1184 1181
f 1179 1181 1185
f 1185 1181 1183
f 1186 1187 1188
f 1188 1187 1178
f 1188 1178 1189
f 1189 1178 1180
f 1190 1191 1192
f 1193 1194 1195
f 1193 1195 1196
f 1197 1198 1199
f 1197 1199 1200
f 1199 1201 1200
f 1202 1203 1204
f 1202 1204 1205
f 1206 1207 1208
f 1206 1208 1209
f 1208 1210 1209
f 1211 1212 1213
f 1211 1213 1214
f 1215 1216 1217
f 1215 1217 1218
f 1219 1220 1221
f 1219 1221 1222
f 1221 1223 1222
f 1224 1225 1226
f 1224 1226 1227
f 1228 1229 1230
f 1228 1230 1231
f 1232 1233 1234
f 1232 1234 1235
f 1236 1237 1238
f 1236 1238 1239
f 1239 1238 1240
f 1190 1241 1191
f 1242 1243 1244
f 1245 1244 1246
f 1245 1247 1248
f 1244 1245 1242
f 1242 1245 1248
f 1242 1248 1249
f 1250 1251 1252
f 1252 1251 1245
f 1252 1245 1253
f 1253 1245 1246
f 1254 1255 1256
f 1257 1258 1259
f 1257 1259 1260
f 1261 1262 1263
f 1261 1263 1264
f 1265 1266 1267
f 1265 1267 1268
f 1269 1270 1271
f 1269 1271 1272
f 1273 1274 1275
f 1273 1275 1276
f 1277 1278 1279
f 1277 1279 1280
f 1281 1282 1283
f 1281 1283 1284
f 1285 1286 1287
f 1285 1287 1288
f 1289 1290 1291
f 1289 1291 1292
f 1293 1294 1295
f 1293 1295 1296
f 1297 1298 1299
f 1297 1299 1300
f 1254 1301 1255
f 1302 1303 1304
f 1304 1303 1305
f 1304 1305 1306
f 1307 1308 1309
f 1309 1308 1310
f 1309 1310 1311
f 1311 1310 1312
f 1312 1310 1305
f 1305 1310 1313
f 1305 1313 1306
f 1314 1315 1316
f 1317 1318 1319
f 1317 1319 1320
f 1321 1322 1323
f 1321 1323 1324
f 1325 1326 1327
f 1325 1327 1328
f 1327 1329 1328
f 1330 1331 1332
f 1330 1332 1333
f 1334 1335 1336
f 1334 1336 1337
f 1338 1339 1340
f 1338 1340 1341
f 1340 1342 1341
f 1343 1344 1345
f 1343 1345 1346
f 1347 1348 1349
f 1347 1349 1350
f 1349 1351 1350
f 1352 1353 1354
f 1352 1354 1355
f 1356 1357 1358
f 1356 1358 1359
f 1360 1361 1362
f 1360 1362 1363
f 1363 1362 1364
f 1314 1365 1315
f 1366 1367 1368
f 1368 1367 1369
f 1370 1371 1372
f 1372 1371 1368
f 1372 1368 1373
f 1373 1368 1369
f 1374 1366 1375
f 1375 1366 1368
f 1375 1368 1376
f 1376 1368 1377
f 1378 1379 1380
f 1381 1382 1383
f 1381 1383 1384
f 1385 1386 1387
f 1385 1387 1388
f 1389 1390 1391
f 1389 1391 1392
f 1393 1394 1395
f 1393 1395 1396
f 1397 1398 1399
f 1397 1399 1400
f 1401 1402 1403
f 1401 1403 1404
f 1405 1406 1407
f 1405 1407 1408
f 1409 1410 1411
f 1409 1411 1412
f 1413 1414 1415
f 1413 1415 1416
f 1417 1418 1419
f 1417 1419 1420
f 1421 1422 1423
f 1421 1423 1424
f 1378 1425 1379
f 1426 1427 1428
f 1429 1430 1431
f 1428 1432 1433
f 1434 1435 1436
f 1436 1435 1426
f 1436 1426 1431
f 1431 1426 1428
f 1431 1428 1429
f 1429 1428 1433
f 1429 1433 1437
f 1438 1439 1440
f 1441 1442 1443
f 1441 1443 1444
f 1445 1446 1447
f 1445 1447 1448
f 1447 1449 1448
f 1450 1451 1452
f 1450 1452 1453
f 1454 1455 1456
f 1454 1456 1457
f 1458 1459 1460
f 1458 1460 1461
f 1462 1463 1464
f 1462 1464 1465
f 1464 1466 1465
f 1467 1468 1469
f 1467 1469 1470
f 1471 1472 1473
f 1471 1473 1474
f 1475 1476 1477
f 1475 1477 1478
f 1477 1479 1478
f 1480 1481 1482
f 1480 1482 1483
f 1484 1485 1486
f 1484 1486 1487
f 1487 1486 1488
f 1438 1489 1439
f 1490 1491 1492
f 1492 1493 1494
f 1495 1496 1497
f 1497 1496 1490
f 1497 1490 1498
f 1498 1490 1492
f 1499 1498 1500
f 1500 1498 1492
f 1500 1492 1501
f 1501 1492 1494
f 1502 1503 1504
f 1505 1506 1507
f 1505 1507 1508
f 1509 1510 1511
f 1509 1511 1512
f 1513 1514 1515
f 1513 1515 1516
f 1517 1518 1519
f 1517 1519 1520
f 1521 1522 1523
f 1521 1523 1524
f 1525 1526 1527
f 1525 1527 1528
f 1529 1530 1531
f 1529 1531 1532
f 1533 1534 1535
f 1533 1535 1536
f 1537 1538 1539
f 1537 1539 1540
f 1541 1542 1543
f 1541 1543 1544
f 1545 1546 1547
f 1545 1547 1548
f 1502 1549 1503
f 1550 1551 1552
f 1552 1551 1553
f 1551 1554 1555
f 1553 1556 1552
f 1552 1556 1557
f 1552 1557 1558
f 1559 1553 1560
f 1560 1553 1551
f 1560 1551 1561
f 1561 1551 1555
f 1562 1563 1564
f 1565 1566 1567
f 1565 1567 1568
f 1567 1569 1568
f 1570 1571 1572
f 1570 1572 1573
f 1574 1575 1576
f 1574 1576 1577
f 1578 1579 1580
f 1578 1580 1581
f 1580 1582 1581
f 1583 1584 1585
f 1583 1585 1586
f 1587 1588 1589
f 1587 1589 1590
f 1591 1592 1593
f 1591 1593 1594
f 1595 1596 1597
f 1595 1597 1598
f 1597 1599 1598
f 1600 1601 1602
f 1600 1602 1603
f 1604 1605 1606
f 1604 1606 1607
f 1608 1609 1610
f 1608 1610 1611
f 1611 1610 1612
f 1562 1613 1563
