mtllib kuka_link_2_visuals.mtl
v -0.006026833783835177 0.007499999832361942 0.04963543638586998
v -0.013351256027817735 0.007499999832361942 0.058495666831731796
v -0.017730243504047404 0.007499999832361942 0.046750809997320175
v -0.026033025234937685 0.007499999832361942 0.05405813083052635
v -0.02840323746204378 0.007499999832361942 0.04114919528365135
v -0.03740938752889636 0.007499999832361942 0.04690989479422569
v -0.03742553666234019 0.007499999832361942 0.033156123012304306
v -0.04690988734364513 0.007499999832361942 0.03740939125418663
v -0.044272802770137815 0.007499999832361942 0.023236151784658432
v -0.05405813083052639 0.007499999832361942 0.026033010333776474
v -0.04854708909988407 0.007499999832361942 0.011965777724981308
v -0.058495674282312435 0.007499999832361942 0.013351257890462875
v -0.050000000745058094 0.007499999832361942 -4.0531160649948106e-09
v -0.059999998658895534 0.007499999832361942 -4.0531160649948106e-09
v -0.04854708909988407 0.007499999832361942 -0.011965785175561905
v -0.058495674282312435 0.007499999832361942 -0.013351265341043472
v -0.044272802770137815 0.007499999832361942 -0.02323615923523903
v -0.05405813083052639 0.007499999832361942 -0.02603301778435707
v -0.03742553666234019 0.007499999832361942 -0.0331561304628849
v -0.04690988734364513 0.007499999832361942 -0.03740939870476723
v -0.02840323746204378 0.007499999832361942 -0.04114920273423195
v -0.03740938752889636 0.007499999832361942 -0.04690990224480629
v -0.017730243504047404 0.007499999832361942 -0.04675081744790077
v -0.026033025234937685 0.007499999832361942 -0.05405813828110695
v -0.006026833783835177 0.007499999832361942 -0.04963544383645058
v -0.013351256027817735 0.007499999832361942 -0.05849567428231239
v -9.4669629966612e-18 0.007499999832361942 -0.06000000610947609
v 0.006026833783835177 0.007499999832361942 -0.04963544383645058
v 0.013351256027817735 0.007499999832361942 -0.05849567428231239
v 0.017730243504047404 0.007499999832361942 -0.04675081744790077
v 0.026033025234937685 0.007499999832361942 -0.05405813828110695
v 0.02840323746204378 0.007499999832361942 -0.04114920273423195
v 0.03740938752889636 0.007499999832361942 -0.04690990224480629
v 0.03742553666234019 0.007499999832361942 -0.0331561304628849
v 0.04690988734364513 0.007499999832361942 -0.03740939870476723
v 0.044272802770137815 0.007499999832361942 -0.02323615923523903
v 0.05405813083052639 0.007499999832361942 -0.02603301778435707
v 0.04854708909988407 0.007499999832361942 -0.011965785175561905
v 0.058495674282312435 0.007499999832361942 -0.013351265341043472
v 0.050000000745058094 0.007499999832361942 -4.0531160649948106e-09
v 0.059999998658895534 0.007499999832361942 -4.0531160649948106e-09
v 0.04854708909988407 0.007499999832361942 0.011965777724981308
v 0.058495674282312435 0.007499999832361942 0.013351257890462875
v 0.044272802770137815 0.007499999832361942 0.023236151784658432
v 0.05405813083052639 0.007499999832361942 0.026033010333776474
v 0.03742553666234019 0.007499999832361942 0.033156123012304306
v 0.04690988734364513 0.007499999832361942 0.03740939125418663
v 0.02840323746204378 0.007499999832361942 0.04114919528365135
v 0.03740938752889636 0.007499999832361942 0.04690989479422569
v 0.017730243504047404 0.007499999832361942 0.046750809997320175
v 0.026033025234937685 0.007499999832361942 0.05405813083052635
v 0.006026833783835177 0.007499999832361942 0.04963543638586998
v 0.013351256027817735 0.007499999832361942 0.058495666831731796
v 5.228793940404904e-18 0.007499999832361942 0.05999999865889549
v -0.059346534311771434 0.012499999254941949 -0.008126739412546158
v -0.058495674282312435 0.012499999254941949 -0.013351265341043472
v -0.058495674282312435 0.007499999832361942 -0.013351265341043472
v 0.058495674282312435 0.007499999832361942 -0.013351265341043472
v 0.058495674282312435 0.012499999254941949 -0.013351265341043472
v 0.059048019349575084 0.012499999254941949 -0.00844908133149147
v 0.059999998658895534 0.007499999832361942 -4.0531160649948106e-09
v 0.05405813083052639 0.012499999254941949 -0.02603301778435707
v 0.05418135598301891 0.012499999254941949 -0.025680873543024063
v 0.05405813083052639 0.007499999832361942 -0.02603301778435707
v 0.05405813083052639 0.007499999832361942 -0.02603301778435707
v 0.05418135598301891 0.012499999254941949 -0.025680873543024063
v 0.05621196702122692 0.012499999254941949 -0.019877705723047256
v 0.058495674282312435 0.007499999832361942 -0.013351265341043472
v 0.058197256177663845 0.012499999254941949 -0.014204088598489761
v 0.058495674282312435 0.012499999254941949 -0.013351265341043472
v 0.04325769841670993 0.012499999254941949 -0.041061583906412125
v 0.04690988734364513 0.012499999254941949 -0.03740939870476723
v 0.04690988734364513 0.007499999832361942 -0.03740939870476723
v 0.04690988734364513 0.007499999832361942 -0.03740939870476723
v 0.04690988734364513 0.012499999254941949 -0.03740939870476723
v 0.0475539825856686 0.012499999254941949 -0.03638431802392006
v 0.05405813083052639 0.007499999832361942 -0.02603301778435707
v 0.050928626209497486 0.012499999254941949 -0.0310136117041111
v 0.05405813083052639 0.012499999254941949 -0.02603301778435707
v 0.038733109831810025 0.012499999254941949 -0.04558617249131203
v 0.03740938752889636 0.007499999832361942 -0.04690990224480629
v 0.03740938752889636 0.012499999254941949 -0.04690990224480629
v 0.026033025234937685 0.007499999832361942 -0.05405813828110695
v 0.026033025234937685 0.012499999254941949 -0.05405813828110695
v 0.02827067859470846 0.012499999254941949 -0.05265212431550026
v 0.03740938752889636 0.007499999832361942 -0.04690990224480629
v 0.03361354768276217 0.012499999254941949 -0.049294982105493546
v 0.03740938752889636 0.012499999254941949 -0.04690990224480629
v 0.013351256027817735 0.007499999832361942 -0.05849567428231239
v 0.013351256027817735 0.012499999254941949 -0.05849567428231239
v 0.016985947266221057 0.012499999254941949 -0.05722383037209511
v 0.026033025234937685 0.007499999832361942 -0.05405813828110695
v 0.02268024161458017 0.012499999254941949 -0.055231306701898575
v 0.026033025234937685 0.012499999254941949 -0.05405813828110695
v -7.552377368290861e-18 0.007499999832361942 -0.06000000610947609
v -9.466975404370389e-18 0.012499999254941949 -0.06000000610947609
v 0.0029645704198628686 0.012499999254941949 -0.0596659816801548
v 0.013351256027817735 0.007499999832361942 -0.05849567428231239
v 0.011797823943197736 0.012499999254941949 -0.05867070332169533
v 0.013351256027817735 0.012499999254941949 -0.05849567428231239
v -0.013351256027817735 0.007499999832361942 -0.05849567428231239
v -0.013351256027817735 0.012499999254941949 -0.05849567428231239
v -0.011595490388572223 0.012499999254941949 -0.058693502098321915
v -7.552377368290861e-18 0.007499999832361942 -0.06000000610947609
v -0.0035018171183764956 0.012499999254941949 -0.05960545316338539
v -9.466975404370389e-18 0.012499999254941949 -0.06000000610947609
v -0.026033025234937685 0.007499999832361942 -0.05405813828110695
v -0.026033025234937685 0.012499999254941949 -0.05405813828110695
v -0.023032274097204222 0.012499999254941949 -0.05510813370347023
v -0.013351256027817735 0.007499999832361942 -0.05849567428231239
v -0.017277969047427188 0.012499999254941949 -0.05712166801095009
v -0.013351256027817735 0.012499999254941949 -0.05849567428231239
v -0.03740938752889636 0.007499999832361942 -0.04690990224480629
v -0.03740938752889636 0.012499999254941949 -0.04690990224480629
v -0.03393932059407236 0.012499999254941949 -0.049090269953012466
v -0.026033025234937685 0.007499999832361942 -0.05405813828110695
v -0.02859198302030565 0.012499999254941949 -0.05245024338364601
v -0.026033025234937685 0.012499999254941949 -0.05405813828110695
v -0.04690988734364513 0.007499999832361942 -0.03740939870476723
v -0.04690988734364513 0.012499999254941949 -0.03740939870476723
v -0.04353211075067523 0.012499999254941949 -0.040787164121866226
v -0.03740938752889636 0.007499999832361942 -0.04690990224480629
v -0.03900647163391116 0.012499999254941949 -0.0453127957880497
v -0.03740938752889636 0.012499999254941949 -0.04690990224480629
v -0.05405813083052639 0.007499999832361942 -0.02603301778435707
v -0.05405813083052639 0.012499999254941949 -0.02603301778435707
v -0.051132198423147236 0.012499999254941949 -0.030689630657434464
v -0.04690988734364513 0.007499999832361942 -0.03740939870476723
v -0.04775885120034221 0.012499999254941949 -0.03605828061699867
v -0.04690988734364513 0.012499999254941949 -0.03740939870476723
v -0.058495674282312435 0.012499999254941949 -0.013351265341043472
v -0.05831553414464001 0.012499999254941949 -0.013866070657968521
v -0.058495674282312435 0.007499999832361942 -0.013351265341043472
v -0.056333877146244084 0.012499999254941949 -0.0195293165743351
v -0.05405813083052639 0.007499999832361942 -0.02603301778435707
v -0.054305180907249485 0.012499999254941949 -0.02532700076699257
v -0.05405813083052639 0.012499999254941949 -0.02603301778435707
v -0.059709254652261776 0.012499999254941949 -0.005899552721530199
v -0.059709254652261776 0.012499999254941949 -0.005899552721530199
v -0.058495674282312435 0.007499999832361942 -0.013351265341043472
v -0.059999998658895534 0.007499999832361942 -4.0531160649948106e-09
v -0.059709254652261776 0.012499999254941949 -0.005899552721530199
v -0.059999998658895534 0.007499999832361942 -4.0531160649948106e-09
v -0.059999998658895534 0.012499999254941949 -4.0531160649948106e-09
v -0.058495674282312435 0.007499999832361942 0.013351257890462875
v -0.058495674282312435 0.012499999254941949 0.013351257890462875
v -0.059999998658895534 0.007499999832361942 -4.0531160649948106e-09
v -0.0596624501049519 0.012499999254941949 0.0029958446975797415
v -0.059999998658895534 0.012499999254941949 -4.0531160649948106e-09
v -0.05405813083052639 0.012499999254941949 0.026033010333776474
v -0.054119434207677876 0.012499999254941949 0.0258578322827816
v -0.05405813083052639 0.007499999832361942 0.026033010333776474
v -0.05405813083052639 0.007499999832361942 0.026033010333776474
v -0.054119434207677876 0.012499999254941949 0.0258578322827816
v -0.05615095794200901 0.012499999254941949 0.020052071660757065
v -0.058495674282312435 0.007499999832361942 0.013351257890462875
v -0.0581380277872086 0.012499999254941949 0.014373358339071274
v -0.058495674282312435 0.012499999254941949 0.013351257890462875
v -0.04312047734856608 0.012499999254941949 0.041198816150426865
v -0.04690988734364513 0.012499999254941949 0.03740939125418663
v -0.04690988734364513 0.007499999832361942 0.03740939125418663
v -0.04690988734364513 0.007499999832361942 0.03740939125418663
v -0.04690988734364513 0.012499999254941949 0.03740939125418663
v -0.04745157063007358 0.012499999254941949 0.03654729947447777
v -0.05405813083052639 0.007499999832361942 0.026033010333776474
v -0.05082678794860843 0.012499999254941949 0.03117566928267479
v -0.05405813083052639 0.012499999254941949 0.026033010333776474
v -0.03859651833772662 0.012499999254941949 0.04572274908423424
v -0.03740938752889636 0.007499999832361942 0.04690989479422569
v -0.03859651833772662 0.012499999254941949 0.04572274908423424
v -0.03740938752889636 0.012499999254941949 0.04690989479422569
v -0.026033025234937685 0.007499999832361942 0.05405813083052635
v -0.026033025234937685 0.012499999254941949 0.05405813083052635
v -0.02811019308865072 0.012499999254941949 0.05275296792387962
v -0.03740938752889636 0.007499999832361942 0.04690989479422569
v -0.0334507152438164 0.012499999254941949 0.04939728602766991
v -0.03740938752889636 0.012499999254941949 0.04690989479422569
v -0.013351256027817735 0.007499999832361942 0.058495666831731796
v -0.013351256027817735 0.012499999254941949 0.058495666831731796
v -0.016761889681220065 0.012499999254941949 0.05730223283171654
v -0.026033025234937685 0.007499999832361942 0.05405813083052635
v -0.022504353895783438 0.012499999254941949 0.055292870849370956
v -0.026033025234937685 0.012499999254941949 0.05405813083052635
v 7.143379568775242e-18 0.007499999832361942 0.05999999865889549
v 5.228781532695715e-18 0.012499999254941949 0.05999999865889549
v -0.005356745794415477 0.012499999254941949 0.05939644202589989
v -0.013351256027817735 0.007499999832361942 0.058495666831731796
v -0.011068009771406657 0.012499999254941949 0.05875292047858238
v -0.013351256027817735 0.012499999254941949 0.058495666831731796
v 0.017105789855122577 0.012499999254941949 0.05718192085623741
v 0.013351256027817735 0.012499999254941949 0.058495666831731796
v 0.013351256027817735 0.007499999832361942 0.058495666831731796
v 0.013351256027817735 0.007499999832361942 0.058495666831731796
v 0.013351256027817735 0.012499999254941949 0.058495666831731796
v 0.011419542133808143 0.012499999254941949 0.058713313192129135
v 7.143379568775242e-18 0.007499999832361942 0.05999999865889549
v 0.00569715537130833 0.012499999254941949 0.05935808643698692
v 5.228781532695715e-18 0.012499999254941949 0.05999999865889549
v 0.02285622060298921 0.012499999254941949 0.05516975745558739
v 0.026033025234937685 0.007499999832361942 0.05405813083052635
v 0.026033025234937685 0.012499999254941949 0.05405813083052635
v 0.03740938752889636 0.007499999832361942 0.04690989479422569
v 0.03740938752889636 0.012499999254941949 0.04690989479422569
v 0.03377642855048182 0.012499999254941949 0.0491926334798336
v 0.026033025234937685 0.007499999832361942 0.05405813083052635
v 0.02843128331005575 0.012499999254941949 0.052551206201314926
v 0.026033025234937685 0.012499999254941949 0.05405813083052635
v 0.04690988734364513 0.007499999832361942 0.03740939125418663
v 0.04690988734364513 0.012499999254941949 0.03740939125418663
v 0.04339492321014407 0.012499999254941949 0.04092436656355858
v 0.03740938752889636 0.007499999832361942 0.04690989479422569
v 0.0388697758316994 0.012499999254941949 0.04544949159026146
v 0.03740938752889636 0.012499999254941949 0.04690989479422569
v 0.05405813083052639 0.007499999832361942 0.026033010333776474
v 0.051030449569225346 0.012499999254941949 0.030851569026708603
v 0.04690988734364513 0.007499999832361942 0.03740939125418663
v 0.047656424343586 0.012499999254941949 0.03622129186987877
v 0.04690988734364513 0.012499999254941949 0.03740939125418663
v 0.058495674282312435 0.007499999832361942 0.013351257890462875
v 0.05825643986463551 0.012499999254941949 0.014034952968358994
v 0.05405813083052639 0.007499999832361942 0.026033010333776474
v 0.05627295374870304 0.012499999254941949 0.019703444093465805
v 0.05424328520894054 0.012499999254941949 0.02550389990210533
v 0.05405813083052639 0.007499999832361942 0.026033010333776474
v 0.05424328520894054 0.012499999254941949 0.02550389990210533
v 0.05405813083052639 0.012499999254941949 0.026033010333776474
v 0.05405813083052639 0.012499999254941949 0.026033010333776474
v 0.059999998658895534 0.012499999254941949 -4.0531160649948106e-09
v 0.059999998658895534 0.007499999832361942 -4.0531160649948106e-09
v 0.059999998658895534 0.012499999254941949 -4.0531160649948106e-09
v 0.05970015749335293 0.012499999254941949 0.002661164617165923
v 0.058495674282312435 0.007499999832361942 0.013351257890462875
v 0.058495674282312435 0.012499999254941949 0.013351257890462875
v 0.058495674282312435 0.012499999254941949 0.013351257890462875
v -9.466975404370389e-18 0.012499999254941949 -0.06000000610947609
v -0.0035018171183764956 0.012499999254941949 -0.05960545316338539
v -0.003546169260516765 0.03102254495024683 -0.059998784214258194
v 0.00299041345715523 0.08912910521030432 0.03861099109053612
v 0.00299041345715523 0.0863859578967095 0.047427739948034286
v 0.011821994557976731 0.08536574989557272 0.04801946505904198
v 0.039008203893899945 0.013663774356246003 0.045821573585271835
v 0.0388697758316994 0.012499999254941949 0.04544949159026146
v 0.04339492321014407 0.012499999254941949 0.04092436656355858
v 0.017209554091095935 0.013533453457057485 0.05774202570319176
v 0.017105789855122577 0.012499999254941949 0.05718192085623741
v 0.02285622060298921 0.012499999254941949 0.05516975745558739
v 0.00016779782890807848 0.012684114277362832 0.06730666011571884
v -0.005397376604378227 0.012721049599349507 0.06704910844564438
v -0.005397376604378227 0.0142117664217949 0.06297602504491806
v 0.005738519132137302 0.013000648468732843 0.05978962406516075
v 0.00569715537130833 0.012499999254941949 0.05935808643698692
v 0.011419542133808143 0.012499999254941949 0.058713313192129135
v 0.028564581647515314 0.0135851874947548 0.053014691919088364
v 0.02843128331005575 0.012499999254941949 0.052551206201314926
v 0.03377642855048182 0.012499999254941949 0.0491926334798336
v 0.02294983156025411 0.014037420973181733 0.05604365095496178
v 0.02294983156025411 0.01355586666613818 0.05569541081786156
v 0.028564581647515314 0.0135851874947548 0.053014691919088364
v 0.03740938752889636 0.012499999254941949 0.04690989479422569
v 0.03395087271928789 0.014137921854853639 0.05004125460982323
v 0.03395087271928789 0.013621265999972829 0.04971339926123619
v 0.039008203893899945 0.013663774356246003 0.045821573585271835
v 0.039008203893899945 0.014203252270817765 0.046136584132909775
v 0.039008203893899945 0.0146444644778967 0.04656678065657616
v 0.03395087271928789 0.014552097767591487 0.050487127155065536
v 0.04777545109391216 0.013765439391136178 0.03650748357176781
v 0.047656424343586 0.012499999254941949 0.03622129186987877
v 0.051030449569225346 0.012499999254941949 0.030851569026708603
v 0.04777545109391216 0.013765439391136178 0.03650748357176781
v 0.04777545109391216 0.014865122735500346 0.03718492016196251
v 0.04364354535937312 0.014749366790056239 0.042108889669179916
v 0.056628901511430775 0.015255371108651172 0.020559396594762802
v 0.058328893035650295 0.015391876921057712 0.01473703607916832
v 0.058328893035650295 0.01709958538413049 0.016048219054937363
v 0.05994019284844403 0.015660807490348826 0.003257658099755645
v 0.05994019284844403 0.01781763695180417 0.004370297770947218
v 0.058328893035650295 0.01709958538413049 0.016048219054937363
v 0.05994019284844403 0.02496981807053091 0.008611496537923813
v 0.05994019284844403 0.028175193816423433 0.010884072631597519
v 0.058328893035650295 0.024374533444643038 0.023665066808462143
v 0.05429974943399433 0.02156387269496919 0.039894040673971176
v 0.05429974943399433 0.02238002419471742 0.04367118701338768
v 0.05134218186140064 0.019519476220011725 0.04996668919920921
v 0.05429974943399433 0.022849457338452353 0.047848936170339584
v 0.05429974943399433 0.02284464612603189 0.05234267935156822
v 0.05134218186140064 0.01906559802591802 0.05840479955077171
v 0.054219275712966954 0.01960932277143003 -0.024775002151727676
v 0.05124292895197872 0.01995750889182092 -0.030440185219049454
v 0.05124292895197872 0.026624655351042765 -0.029457632452249527
v 0.0073463190346956305 0.048992801457643544 -0.059117529541254044
v 0.00299041345715523 0.04908941686153415 -0.059442076832056046
v 0.00299041345715523 0.05353071913123134 -0.0586412288248539
v 0.039008203893899945 0.0071860835887491755 0.0782988891005516
v 0.039008203893899945 0.004905475769191984 0.08216219395399094
v 0.03395087271928789 0.0017716969596222054 0.0861121341586113
v 0.0435101427137852 0.07462121546268469 0.034317877143621445
v 0.0435101427137852 0.07281151413917546 0.042430367320775986
v 0.04765824973583225 0.0679840445518494 0.045796897262334824
v -0.04690988734364513 0.012499999254941949 -0.03740939870476723
v -0.04775885120034221 0.012499999254941949 -0.03605828061699867
v -0.04789213836193088 0.016565082594752322 -0.03590348735451698
v -0.05650582909584049 0.022327451035380377 0.03055765852332115
v -0.05824340507388119 0.024254437536001223 0.024077709764242172
v -0.05824340507388119 0.019649559631943717 0.018940862268209457
v -0.05271804332733158 0.015033438801765452 0.029496636241674423
v -0.05413822457194332 0.015099044889211665 0.026687171310186386
v -0.05114311352372173 0.013817125931382188 0.03158828243613243
v -0.05650582909584049 0.018768431618809714 0.025057997554540634
v -0.05413822457194332 0.017899218946695338 0.03109252080321312
v -0.05413822457194332 0.020426495000720038 0.036950018256902695
v -0.05650582909584049 0.026067879050970095 0.04186033830046654
v -0.05824340507388119 0.029556550085544607 0.03537457808852196
v -0.05824340507388119 0.028125904500484484 0.031035687774419785
v -0.04337627440690997 0.013707196339964875 0.041690196841955185
v -0.04312047734856608 0.012499999254941949 0.041198816150426865
v -0.03859651833772662 0.012499999254941949 0.04572274908423424
v -0.0336328372359276 0.013617485761642465 0.049940045922994614
v -0.0334507152438164 0.012499999254941949 0.04939728602766991
v -0.02811019308865072 0.012499999254941949 0.05275296792387962
v -0.022604495286941542 0.013359049335122117 0.06261663883924484
v -0.028229752555489557 0.013761701062321672 0.05982029065489769
v -0.028229752555489557 0.01464097760617734 0.05597984418272972
v -0.011092000640928752 0.012841798365116128 0.06620972603559494
v -0.016859784722328196 0.01305311731994153 0.0647415742278099
v -0.016859784722328196 0.014348596334457408 0.06074291095137596
v -0.011092000640928752 0.01300238724797965 0.059026505798101425
v -0.011068009771406657 0.012499999254941949 0.05875292047858238
v -0.005356745794415477 0.012499999254941949 0.05939644202589989
v -0.05992415919899945 0.0337369963526726 0.06196233257651329
v -0.059444963932037395 0.04435019195079806 0.05293288454413414
v -0.059444963932037395 0.047190319746732746 0.04014825448393822
v -0.05992415919899945 0.038487080484628705 0.04456761106848717
v -0.05992415919899945 0.039242703467607526 0.038860347121953964
v -0.05824340507388119 0.03005494549870493 0.050443317741155624
v -0.0336328372359276 -0.017514748498797427 0.10541274398565292
v -0.038712788373231916 -0.013695834204554566 0.10274945944547653
v -0.038712788373231916 -0.006947429850697522 0.09657751768827438
v -0.017384400591254245 0.07109571248292927 0.08300059288740158
v -0.011614818125963218 0.07254005223512654 0.0824148878455162
v -0.011614818125963218 0.07859786599874502 0.06503590196371078
v -0.003501816885545852 0.05960543826222424 0.17149999737739563
v -0.003546169260516765 0.06046484783291821 0.15482062101364136
v -0.011614818125963218 0.0593332946300507 0.15490496158599854
v 0.04325770959258082 0.04106156900525096 0.17149999737739563
v 0.0435101427137852 0.04175809398293498 0.15621423721313477
v 0.03886068984866145 0.04616069048643115 0.1558862328529358
v -0.05992415919899945 -0.002557913307100536 0.1595165729522705
v -0.05824340507388119 -0.013946632854640493 0.16036510467529297
v -0.058495674282312435 -0.013351256027817735 0.17149999737739563
v -0.058495674282312435 -0.013351256027817735 0.17149999737739563
v -0.05824340507388119 -0.013946632854640493 0.16036510467529297
v -0.058138035237789196 -0.014373326674103747 0.17149999737739563
v -0.058138035237789196 -0.014373326674103747 0.17149999737739563
v -0.05824340507388119 -0.013946632854640493 0.16036510467529297
v -0.05650582909584049 -0.01971489749848844 0.16079488396644592
v -0.058138035237789196 -0.014373326674103747 0.17149999737739563
v -0.05650582909584049 -0.01971489749848844 0.16079488396644592
v -0.0561509691178799 -0.02005204185843469 0.17149999737739563
v -0.0561509691178799 -0.02005204185843469 0.17149999737739563
v -0.05650582909584049 -0.01971489749848844 0.16079488396644592
v -0.05413822457194332 -0.02540551684796812 0.16121888160705566
v -0.0561509691178799 -0.02005204185843469 0.17149999737739563
v -0.05413822457194332 -0.02540551684796812 0.16121888160705566
v -0.05405813083052639 -0.026033025234937685 0.17149999737739563
v -0.05405813083052639 -0.026033025234937685 0.17149999737739563
v -0.05413822457194332 -0.02540551684796812 0.16121888160705566
v -0.05114311352372173 -0.03091815672814848 0.16162961721420288
v -0.05405813083052639 -0.026033025234937685 0.17149999737739563
v -0.05114311352372173 -0.03091815672814848 0.16162961721420288
v -0.05082679912447933 -0.031175661832094213 0.17149999737739563
v -0.05082679912447933 -0.031175661832094213 0.17149999737739563
v -0.05114311352372173 -0.03091815672814848 0.16162961721420288
v -0.047540526837110554 -0.03614966571331026 0.16201940178871155
v -0.05082679912447933 -0.031175661832094213 0.17149999737739563
v -0.047540526837110554 -0.03614966571331026 0.16201940178871155
v -0.04745157808065418 -0.0365472920238972 0.17149999737739563
v -0.04690988734364513 -0.03740938752889636 0.17149999737739563
v -0.04690988734364513 -0.03740938752889636 0.17149999737739563
v -0.047540526837110554 -0.03614966571331026 0.16201940178871155
v -0.04337627440690997 -0.04100389406085017 0.16238105297088623
v -0.04690988734364513 -0.03740938752889636 0.17149999737739563
v -0.04337627440690997 -0.04100389406085017 0.16238105297088623
v -0.04312048479914668 -0.0411987900733948 0.17149999737739563
v -0.04312048479914668 -0.0411987900733948 0.17149999737739563
v -0.04337627440690997 -0.04100389406085017 0.16238105297088623
v -0.038712788373231916 -0.04539119452238086 0.16270792484283447
v -0.04312048479914668 -0.0411987900733948 0.17149999737739563
v -0.038712788373231916 -0.04539119452238086 0.16270792484283447
v -0.03859652578830722 -0.045722752809524564 0.17149999737739563
v -0.03740938752889636 -0.04690989106893543 0.17149999737739563
v -0.03740938752889636 -0.04690989106893543 0.17149999737739563
v -0.038712788373231916 -0.04539119452238086 0.16270792484283447
v -0.0336328372359276 -0.04924216493964199 0.16299483180046082
v -0.03740938752889636 -0.04690989106893543 0.17149999737739563
v -0.0336328372359276 -0.04924216493964199 0.16299483180046082
v -0.033450722694396993 -0.04939728602766994 0.17149999737739563
v -0.033450722694396993 -0.04939728602766994 0.17149999737739563
v -0.0336328372359276 -0.04924216493964199 0.16299483180046082
v -0.028229752555489557 -0.05250107496976856 0.16323763132095337
v -0.033450722694396993 -0.04939728602766994 0.17149999737739563
v -0.028229752555489557 -0.05250107496976856 0.16323763132095337
v -0.02811019867658617 -0.05275295674800876 0.17149999737739563
v -0.026033025234937685 -0.05405813083052639 0.17149999737739563
v -0.026033025234937685 -0.05405813083052639 0.17149999737739563
v -0.028229752555489557 -0.05250107496976856 0.16323763132095337
v -0.022604495286941542 -0.05513960123062137 0.1634342074394226
v -0.026033025234937685 -0.05405813083052639 0.17149999737739563
v -0.022604495286941542 -0.05513960123062137 0.1634342074394226
v -0.022504357621073737 -0.05529286712408069 0.17149999737739563
v -0.022504357621073737 -0.05529286712408069 0.17149999737739563
v -0.022604495286941542 -0.05513960123062137 0.1634342074394226
v -0.016859784722328196 -0.05714512616395954 0.16358360648155212
v -0.022504357621073737 -0.05529286712408069 0.17149999737739563
v -0.016859784722328196 -0.05714512616395954 0.16358360648155212
v -0.016761891543865214 -0.057302240282297176 0.17149999737739563
v -0.013351256027817735 -0.058495674282312435 0.17149999737739563
v -0.013351256027817735 -0.058495674282312435 0.17149999737739563
v -0.016859784722328196 -0.05714512616395954 0.16358360648155212
v -0.011092000640928752 -0.058531377464532894 0.1636868715286255
v -0.013351256027817735 -0.058495674282312435 0.17149999737739563
v -0.011092000640928752 -0.058531377464532894 0.1636868715286255
v -0.011068009771406657 -0.05875293537974362 0.17149999737739563
v -0.011068009771406657 -0.05875293537974362 0.17149999737739563
v -0.011092000640928752 -0.058531377464532894 0.1636868715286255
v -0.005397376604378227 -0.05932477116584782 0.1637459695339203
v -0.011068009771406657 -0.05875293537974362 0.17149999737739563
v -0.005397376604378227 -0.05932477116584782 0.1637459695339203
v -0.005356745794415477 -0.05939643830060963 0.17149999737739563
v -0.005356745794415477 -0.05939643830060963 0.17149999737739563
v -0.005397376604378227 -0.05932477116584782 0.1637459695339203
v 0.00016779782890807848 -0.05956950038671498 0.16376417875289917
v -0.005356745794415477 -0.05939643830060963 0.17149999737739563
v 0.00016779782890807848 -0.05956950038671498 0.16376417875289917
v -5.72151631454518e-17 -0.059999998658895534 0.17149999737739563
v -5.72151631454518e-17 -0.059999998658895534 0.17149999737739563
v 0.00016779782890807848 -0.05956950038671498 0.16376417875289917
v 0.005738519132137302 -0.05929679051041607 0.16374385356903076
v -5.72151631454518e-17 -0.059999998658895534 0.17149999737739563
v 0.005738519132137302 -0.05929679051041607 0.16374385356903076
v 0.00569715537130833 -0.059358086436986965 0.17149999737739563
v 0.00569715537130833 -0.059358086436986965 0.17149999737739563
v 0.005738519132137302 -0.05929679051041607 0.16374385356903076
v 0.011440484784543521 -0.05847252905368809 0.16368243098258972
v 0.00569715537130833 -0.059358086436986965 0.17149999737739563
v 0.011440484784543521 -0.05847252905368809 0.16368243098258972
v 0.011419542133808143 -0.05871332809329037 0.17149999737739563
v 0.013351256027817735 -0.058495674282312435 0.17149999737739563
v 0.013351256027817735 -0.058495674282312435 0.17149999737739563
v 0.011440484784543521 -0.05847252905368809 0.16368243098258972
v 0.017209554091095935 -0.05705339089035991 0.1635766625404358
v 0.013351256027817735 -0.058495674282312435 0.17149999737739563
v 0.017209554091095935 -0.05705339089035991 0.1635766625404358
v 0.017105786129832278 -0.05718190968036655 0.17149999737739563
v 0.017105786129832278 -0.05718190968036655 0.17149999737739563
v 0.017209554091095935 -0.05705339089035991 0.1635766625404358
v 0.02294983156025411 -0.055013623088598286 0.16342467069625854
v 0.017105786129832278 -0.05718190968036655 0.17149999737739563
v 0.02294983156025411 -0.055013623088598286 0.16342467069625854
v 0.022856216877698912 -0.055169746279716526 0.17149999737739563
v 0.026033025234937685 -0.05405813083052639 0.17149999737739563
v 0.026033025234937685 -0.05405813083052639 0.17149999737739563
v 0.02294983156025411 -0.055013623088598286 0.16342467069625854
v 0.028564581647515314 -0.05234089866280559 0.16322550177574158
v 0.026033025234937685 -0.05405813083052639 0.17149999737739563
v 0.028564581647515314 -0.05234089866280559 0.16322550177574158
v 0.028431277722120302 -0.05255120992660526 0.17149999737739563
v 0.028431277722120302 -0.05255120992660526 0.17149999737739563
v 0.028564581647515314 -0.05234089866280559 0.16322550177574158
v 0.03395087271928789 -0.04904874041676525 0.16298016905784607
v 0.028431277722120302 -0.05255120992660526 0.17149999737739563
v 0.03395087271928789 -0.04904874041676525 0.16298016905784607
v 0.03377642109990122 -0.04919263347983364 0.17149999737739563
v 0.03740938752889636 -0.04690989106893543 0.17149999737739563
v 0.03740938752889636 -0.04690989106893543 0.17149999737739563
v 0.03395087271928789 -0.04904874041676525 0.16298016905784607
v 0.039008203893899945 -0.04516706988215449 0.1626909375190735
v 0.03740938752889636 -0.04690989106893543 0.17149999737739563
v 0.039008203893899945 -0.04516706988215449 0.1626909375190735
v 0.038869764655828504 -0.04544951021671298 0.17149999737739563
v 0.038869764655828504 -0.04544951021671298 0.17149999737739563
v 0.039008203893899945 -0.04516706988215449 0.1626909375190735
v 0.04364354535937312 -0.04075246676802638 0.1623620092868805
v 0.038869764655828504 -0.04544951021671298 0.17149999737739563
v 0.04364354535937312 -0.04075246676802638 0.1623620092868805
v 0.043394912034273175 -0.040924366563558606 0.17149999737739563
v 0.04690988734364513 -0.03740938752889636 0.17149999737739563
v 0.04690988734364513 -0.03740938752889636 0.17149999737739563
v 0.04364354535937312 -0.04075246676802638 0.1623620092868805
v 0.04777545109391216 -0.03587561473250391 0.16199862957000732
v 0.04690988734364513 -0.03740938752889636 0.17149999737739563
v 0.04777545109391216 -0.03587561473250391 0.16199862957000732
v 0.04765641316771511 -0.036221303045749685 0.17149999737739563
v 0.04765641316771511 -0.036221303045749685 0.17149999737739563
v 0.04777545109391216 -0.03587561473250391 0.16199862957000732
v 0.05134218186140064 -0.03062671609222891 0.1616075038909912
v 0.04765641316771511 -0.036221303045749685 0.17149999737739563
v 0.05134218186140064 -0.03062671609222891 0.1616075038909912
v 0.05103043466806415 -0.03085157461464407 0.17149999737739563
v 0.05405813083052639 -0.026033025234937685 0.17149999737739563
v 0.05405813083052639 -0.026033025234937685 0.17149999737739563
v 0.05134218186140064 -0.03062671609222891 0.1616075038909912
v 0.05429974943399433 -0.025102389976382273 0.16119590401649475
v 0.05405813083052639 -0.026033025234937685 0.17149999737739563
v 0.05429974943399433 -0.025102389976382273 0.16119590401649475
v 0.054243274033069645 -0.025503916665911692 0.17149999737739563
v 0.054243274033069645 -0.025503916665911692 0.17149999737739563
v 0.05429974943399433 -0.025102389976382273 0.16119590401649475
v 0.056628901511430775 -0.019405908882617964 0.1607714593410492
v 0.054243274033069645 -0.025503916665911692 0.17149999737739563
v 0.056628901511430775 -0.019405908882617964 0.1607714593410492
v 0.05627294257283214 -0.019703455269336714 0.17149999737739563
v 0.05627294257283214 -0.019703455269336714 0.17149999737739563
v 0.056628901511430775 -0.019405908882617964 0.1607714593410492
v 0.058328893035650295 -0.013637179508805284 0.16034162044525146
v 0.05627294257283214 -0.019703455269336714 0.17149999737739563
v 0.058328893035650295 -0.013637179508805284 0.16034162044525146
v 0.058256428688764614 -0.014034979976713666 0.17149999737739563
v 0.058495674282312435 -0.013351256027817735 0.17149999737739563
v 0.058495674282312435 -0.013351256027817735 0.17149999737739563
v 0.058328893035650295 -0.013637179508805284 0.16034162044525146
v 0.05994019284844403 -0.0022623979020863784 0.15949410200119019
v 0.058495674282312435 -0.013351256027817735 0.17149999737739563
v 0.05994019284844403 -0.0022623979020863784 0.15949410200119019
v 0.05970015749335293 -0.0026611902285367268 0.17149999737739563
v 0.054219275712966954 0.026130029931664484 0.1573786437511444
v 0.05621197819709781 0.019877688959240927 0.17149999737739563
v 0.05656765401363376 0.02043562382459642 0.15780290961265564
v 0.05656765401363376 0.02043562382459642 0.15780290961265564
v 0.05621197819709781 0.019877688959240927 0.17149999737739563
v 0.05819726735353474 0.014204056933522233 0.17149999737739563
v 0.05656765401363376 0.02043562382459642 0.15780290961265564
v 0.05819726735353474 0.014204056933522233 0.17149999737739563
v 0.05828642845153813 0.014666493982076655 0.15823274850845337
v 0.05828642845153813 0.014666493982076655 0.15823274850845337
v 0.05819726735353474 0.014204056933522233 0.17149999737739563
v 0.058495674282312435 0.013351256027817735 0.17149999737739563
v 0.05828642845153813 0.014666493982076655 0.15823274850845337
v 0.058495674282312435 0.013351256027817735 0.17149999737739563
v 0.05939660966396336 0.008917533792555337 0.1586610972881317
v 0.05939660966396336 0.008917533792555337 0.1586610972881317
v 0.058495674282312435 0.013351256027817735 0.17149999737739563
v 0.05904802307486538 0.008449044078588491 0.17149999737739563
v 0.05939660966396336 0.008917533792555337 0.1586610972881317
v 0.05904802307486538 0.008449044078588491 0.17149999737739563
v 0.05994019284844403 -0.0022623979020863784 0.15949410200119019
v 0.05994019284844403 -0.0022623979020863784 0.15949410200119019
v 0.05904802307486538 0.008449044078588491 0.17149999737739563
v 0.059999998658895534 9.499508124566354e-11 0.17149999737739563
v 0.059999998658895534 9.499508124566354e-11 0.17149999737739563
v 0.05092863738536838 0.031013581901788732 0.17149999737739563
v 0.05405813083052639 0.026033023372292536 0.17149999737739563
v 0.054219275712966954 0.026130029931664484 0.1573786437511444
v 0.054219275712966954 0.026130029931664484 0.1573786437511444
v 0.05405813083052639 0.026033023372292536 0.17149999737739563
v 0.05418136343359951 0.025680845603346842 0.17149999737739563
v 0.05621197819709781 0.019877688959240927 0.17149999737739563
v 0.054219275712966954 0.026130029931664484 0.1573786437511444
v 0.05124292895197872 0.03164958953857424 0.1569674015045166
v 0.05092863738536838 0.031013581901788732 0.17149999737739563
v 0.05092863738536838 0.031013581901788732 0.17149999737739563
v 0.05124292895197872 0.03164958953857424 0.1569674015045166
v 0.04765824973583225 0.03689107671380046 0.15657687187194824
v 0.05092863738536838 0.031013581901788732 0.17149999737739563
v 0.04765824973583225 0.03689107671380046 0.15657687187194824
v 0.047553990036249195 0.036384303122758886 0.17149999737739563
v 0.0435101427137852 0.04175809398293498 0.15621423721313477
v 0.04325770959258082 0.04106156900525096 0.17149999737739563
v 0.04765824973583225 0.03689107671380046 0.15657687187194824
v 0.04765824973583225 0.03689107671380046 0.15657687187194824
v 0.04325770959258082 0.04106156900525096 0.17149999737739563
v 0.04690988734364513 0.03740938752889636 0.17149999737739563
v 0.04690988734364513 0.03740938752889636 0.17149999737739563
v 0.033613555133342764 0.049294967204332386 0.17149999737739563
v 0.03740938752889636 0.04690988734364513 0.17149999737739563
v 0.03886068984866145 0.04616069048643115 0.1558862328529358
v 0.03886068984866145 0.04616069048643115 0.1558862328529358
v 0.03740938752889636 0.04690988734364513 0.17149999737739563
v 0.03873312100768092 0.04558615759015086 0.17149999737739563
v 0.04325770959258082 0.04106156900525096 0.17149999737739563
v 0.026033025234937685 0.05405813083052639 0.17149999737739563
v 0.028270684182643908 0.0526521168649197 0.17149999737739563
v 0.028397269546985644 0.05330621078610424 0.1553538739681244
v 0.033613555133342764 0.049294967204332386 0.17149999737739563
v 0.028397269546985644 0.05330621078610424 0.1553538739681244
v 0.033613555133342764 0.049294967204332386 0.17149999737739563
v 0.033792003989219686 0.050028793513774907 0.15559804439544678
v 0.033792003989219686 0.050028793513774907 0.15559804439544678
v 0.033613555133342764 0.049294967204332386 0.17149999737739563
v 0.03886068984866145 0.04616069048643115 0.1558862328529358
v 0.026033025234937685 0.05405813083052639 0.17149999737739563
v 0.028397269546985644 0.05330621078610424 0.1553538739681244
v 0.022680245339870467 0.0552313216030598 0.17149999737739563
v 0.022680245339870467 0.0552313216030598 0.17149999737739563
v 0.028397269546985644 0.05330621078610424 0.1553538739681244
v 0.02277721837162973 0.05596379563212398 0.15515586733818054
v 0.022680245339870467 0.0552313216030598 0.17149999737739563
v 0.02277721837162973 0.05596379563212398 0.15515586733818054
v 0.013351256027817735 0.058495674282312435 0.17149999737739563
v 0.013351256027817735 0.058495674282312435 0.17149999737739563
v 0.02277721837162973 0.05596379563212398 0.15515586733818054
v 0.011821994557976731 0.05934533104300503 0.15490397810935974
v 0.013351256027817735 0.058495674282312435 0.17149999737739563
v 0.011821994557976731 0.05934533104300503 0.15490397810935974
v 0.01179782487452031 0.05867070332169537 0.17149999737739563
v 0.01179782487452031 0.05867070332169537 0.17149999737739563
v 0.011821994557976731 0.05934533104300503 0.15490397810935974
v 0.00299041345715523 0.06035879999399189 0.1548284888267517
v 0.01179782487452031 0.05867070332169537 0.17149999737739563
v 0.00299041345715523 0.06035879999399189 0.1548284888267517
v 0.0029645706526935122 0.059665974229574245 0.17149999737739563
v -0.003546169260516765 0.06046484783291821 0.15482062101364136
v -0.003501816885545852 0.05960543826222424 0.17149999737739563
v 0.00299041345715523 0.06035879999399189 0.1548284888267517
v 0.00299041345715523 0.06035879999399189 0.1548284888267517
v -0.003501816885545852 0.05960543826222424 0.17149999737739563
v 4.8672174127902135e-17 0.059999998658895534 0.17149999737739563
v 4.8672174127902135e-17 0.059999998658895534 0.17149999737739563
v -0.01727796718478204 0.057121660560369526 0.17149999737739563
v -0.013351256027817735 0.058495674282312435 0.17149999737739563
v -0.011614818125963218 0.0593332946300507 0.15490496158599854
v -0.011614818125963218 0.0593332946300507 0.15490496158599854
v -0.013351256027817735 0.058495674282312435 0.17149999737739563
v -0.011595489457249648 0.058693502098321956 0.17149999737739563
v -0.003501816885545852 0.05960543826222424 0.17149999737739563
v -0.011614818125963218 0.0593332946300507 0.15490496158599854
v -0.017384400591254245 0.05789567530155186 0.1550120711326599
v -0.01727796718478204 0.057121660560369526 0.17149999737739563
v -0.01727796718478204 0.057121660560369526 0.17149999737739563
v -0.017384400591254245 0.05789567530155186 0.1550120711326599
v -0.02312232926487924 0.05583676695823673 0.15516552329063416
v -0.01727796718478204 0.057121660560369526 0.17149999737739563
v -0.02312232926487924 0.05583676695823673 0.15516552329063416
v -0.023032270371913924 0.05510814115405086 0.17149999737739563
v -0.026033025234937685 0.05405813083052639 0.17149999737739563
v -0.026033025234937685 0.05405813083052639 0.17149999737739563
v -0.02312232926487924 0.05583676695823673 0.15516552329063416
v -0.028731683269143125 0.05314501002430919 0.15536609292030334
v -0.026033025234937685 0.05405813083052639 0.17149999737739563
v -0.028731683269143125 0.05314501002430919 0.15536609292030334
v -0.028591975569725054 0.05245023593306545 0.17149999737739563
v -0.028591975569725054 0.05245023593306545 0.17149999737739563
v -0.028731683269143125 0.05314501002430919 0.15536609292030334
v -0.034109439700841925 0.04983438923954967 0.1556127965450287
v -0.028591975569725054 0.05245023593306545 0.17149999737739563
v -0.034109439700841925 0.04983438923954967 0.1556127965450287
v -0.033939313143491766 0.049090281128883397 0.17149999737739563
v -0.03740938752889636 0.04690988734364513 0.17149999737739563
v -0.03740938752889636 0.04690988734364513 0.17149999737739563
v -0.034109439700841925 0.04983438923954967 0.1556127965450287
v -0.0391553342342377 0.04593568667769435 0.15590327978134155
v -0.03740938752889636 0.04690988734364513 0.17149999737739563
v -0.0391553342342377 0.04593568667769435 0.15590327978134155
v -0.039006460458040265 0.04531281441450122 0.17149999737739563
v -0.039006460458040265 0.04531281441450122 0.17149999737739563
v -0.0391553342342377 0.04593568667769435 0.15590327978134155
v -0.043776482343673734 0.0415059030056 0.15623337030410767
v -0.039006460458040265 0.04531281441450122 0.17149999737739563
v -0.043776482343673734 0.0415059030056 0.15623337030410767
v -0.043532099574804334 0.04078717902302745 0.17149999737739563
v -0.04690988734364513 0.03740938752889636 0.17149999737739563
v -0.04690988734364513 0.03740938752889636 0.17149999737739563
v -0.043776482343673734 0.0415059030056 0.15623337030410767
v -0.04789213836193088 0.036616422235965757 0.15659767389297485
v -0.04690988734364513 0.03740938752889636 0.17149999737739563
v -0.04789213836193088 0.036616422235965757 0.15659767389297485
v -0.04775884002447132 0.03605828806757929 0.17149999737739563
v -0.04775884002447132 0.03605828806757929 0.17149999737739563
v -0.04789213836193088 0.036616422235965757 0.15659767389297485
v -0.05144087597727779 0.03135770931839945 0.15698951482772827
v -0.04775884002447132 0.03605828806757929 0.17149999737739563
v -0.05144087597727779 0.03135770931839945 0.15698951482772827
v -0.05113218724727634 0.030689634382724783 0.17149999737739563
v -0.05405813083052639 0.026033023372292536 0.17149999737739563
v -0.05437964573502544 0.025826640427112597 0.1574016511440277
v -0.05430517345666889 0.025327024981379526 0.17149999737739563
v -0.05430517345666889 0.025327024981379526 0.17149999737739563
v -0.05437964573502544 0.025826640427112597 0.1574016511440277
v -0.05668956786394123 0.02012654393911363 0.15782636404037476
v -0.05430517345666889 0.025327024981379526 0.17149999737739563
v -0.05668956786394123 0.02012654393911363 0.15782636404037476
v -0.05633386969566349 0.01952934451401235 0.17149999737739563
v -0.05633386969566349 0.01952934451401235 0.17149999737739563
v -0.05668956786394123 0.02012654393911363 0.15782636404037476
v -0.05837079882621769 0.014357108622789393 0.15825623273849487
v -0.05633386969566349 0.01952934451401235 0.17149999737739563
v -0.05837079882621769 0.014357108622789393 0.15825623273849487
v -0.058315526694059414 0.01386609300971032 0.17149999737739563
v -0.058495674282312435 -0.013351256027817735 0.17149999737739563
v -0.0596624538302422 -0.0029958190862089417 0.17149999737739563
v -0.05992415919899945 -0.002557913307100536 0.1595165729522705
v -0.059999998658895534 9.49951992068599e-11 0.17149999737739563
v -0.05992415919899945 -0.002557913307100536 0.1595165729522705
v -0.059999998658895534 9.49951992068599e-11 0.17149999737739563
v -0.059444963932037395 0.008613219484686857 0.15868422389030457
v -0.059444963932037395 0.008613219484686857 0.15868422389030457
v -0.059999998658895534 9.49951992068599e-11 0.17149999737739563
v -0.05908706784248356 0.008102484047412878 0.17149999737739563
v -0.059444963932037395 0.008613219484686857 0.15868422389030457
v -0.05908706784248356 0.008102484047412878 0.17149999737739563
v -0.05837079882621769 0.014357108622789393 0.15825623273849487
v -0.05837079882621769 0.014357108622789393 0.15825623273849487
v -0.05908706784248356 0.008102484047412878 0.17149999737739563
v -0.058495674282312435 0.013351256027817735 0.17149999737739563
v -0.058495674282312435 0.013351256027817735 0.17149999737739563
v -0.05437964573502544 0.027394158765673655 0.14178690314292908
v -0.05437964573502544 0.03010891377925875 0.12626266479492188
v -0.05668956786394123 0.021689612418413176 0.142677903175354
v -0.05668956786394123 0.021689612418413176 0.142677903175354
v -0.05437964573502544 0.03010891377925875 0.12626266479492188
v -0.05668956786394123 0.02439949847757818 0.12762075662612915
v -0.05668956786394123 0.021689612418413176 0.142677903175354
v -0.05668956786394123 0.02439949847757818 0.12762075662612915
v -0.05837079882621769 0.015915758907794963 0.1435796618461609
v -0.05837079882621769 0.015915758907794963 0.1435796618461609
v -0.05668956786394123 0.02439949847757818 0.12762075662612915
v -0.05837079882621769 0.018620731309056296 0.12899518013000488
v -0.05837079882621769 0.015915758907794963 0.1435796618461609
v -0.05837079882621769 0.018620731309056296 0.12899518013000488
v -0.059444963932037395 0.010167550295591361 0.14447733759880066
v -0.059444963932037395 0.010167550295591361 0.14447733759880066
v -0.05837079882621769 0.018620731309056296 0.12899518013000488
v -0.059444963932037395 0.012867642566561708 0.1303633749485016
v -0.059444963932037395 0.010167550295591361 0.14447733759880066
v -0.059444963932037395 0.012867642566561708 0.1303633749485016
v -0.05992415919899945 -0.0010117718484252698 0.14622297883033752
v -0.05992415919899945 -0.0010117718484252698 0.14622297883033752
v -0.059444963932037395 0.012867642566561708 0.1303633749485016
v -0.05992415919899945 0.0016788634238764655 0.1330239474773407
v -0.05992415919899945 -0.0010117718484252698 0.14622297883033752
v -0.05992415919899945 0.0016788634238764655 0.1330239474773407
v -0.05824340507388119 -0.012408554553985604 0.1480022668838501
v -0.05824340507388119 -0.012408554553985604 0.1480022668838501
v -0.05992415919899945 0.0016788634238764655 0.1330239474773407
v -0.05824340507388119 -0.009727516211569316 0.13573575019836426
v -0.05824340507388119 -0.012408554553985604 0.1480022668838501
v -0.05824340507388119 -0.009727516211569316 0.13573575019836426
v -0.05650582909584049 -0.018180787563323985 0.14890334010124207
v -0.05650582909584049 -0.018180787563323985 0.14890334010124207
v -0.05824340507388119 -0.009727516211569316 0.13573575019836426
v -0.05650582909584049 -0.015504591166973124 0.13710904121398926
v -0.05650582909584049 -0.018180787563323985 0.14890334010124207
v -0.05650582909584049 -0.015504591166973124 0.13710904121398926
v -0.05413822457194332 -0.023875234648585337 0.14979219436645508
v -0.05413822457194332 -0.023875234648585337 0.14979219436645508
v -0.05650582909584049 -0.015504591166973124 0.13710904121398926
v -0.05413822457194332 -0.021203802898526206 0.13846367597579956
v -0.05413822457194332 -0.023875234648585337 0.14979219436645508
v -0.05413822457194332 -0.021203802898526206 0.13846367597579956
v -0.05114311352372173 -0.029391491785645506 0.15065312385559082
v -0.05114311352372173 -0.029391491785645506 0.15065312385559082
v -0.05413822457194332 -0.021203802898526206 0.13846367597579956
v -0.05114311352372173 -0.026724660769104975 0.13977575302124023
v -0.05114311352372173 -0.029391491785645506 0.15065312385559082
v -0.05114311352372173 -0.026724660769104975 0.13977575302124023
v -0.047540526837110554 -0.03462633118033411 0.15147003531455994
v -0.047540526837110554 -0.03462633118033411 0.15147003531455994
v -0.05114311352372173 -0.026724660769104975 0.13977575302124023
v -0.047540526837110554 -0.03196385130286219 0.1410207450389862
v -0.047540526837110554 -0.03462633118033411 0.15147003531455994
v -0.047540526837110554 -0.03196385130286219 0.1410207450389862
v -0.04337627440690997 -0.03948354348540309 0.15222790837287903
v -0.04337627440690997 -0.03948354348540309 0.15222790837287903
v -0.047540526837110554 -0.03196385130286219 0.1410207450389862
v -0.04337627440690997 -0.036825083196163205 0.14217573404312134
v -0.04337627440690997 -0.03948354348540309 0.15222790837287903
v -0.04337627440690997 -0.036825083196163205 0.14217573404312134
v -0.038712788373231916 -0.04387342557311061 0.15291276574134827
v -0.038712788373231916 -0.04387342557311061 0.15291276574134827
v -0.04337627440690997 -0.036825083196163205 0.14217573404312134
v -0.038712788373231916 -0.04121857881546023 0.14321938157081604
v -0.038712788373231916 -0.04387342557311061 0.15291276574134827
v -0.038712788373231916 -0.04121857881546023 0.14321938157081604
v -0.0336328372359276 -0.04772653058171276 0.15351372957229614
v -0.0336328372359276 -0.04772653058171276 0.15351372957229614
v -0.038712788373231916 -0.04121857881546023 0.14321938157081604
v -0.0336328372359276 -0.045074835419654874 0.14413520693778992
v -0.0336328372359276 -0.04772653058171276 0.15351372957229614
v -0.0336328372359276 -0.045074835419654874 0.14413520693778992
v -0.028229752555489557 -0.050987098366022145 0.15402215719223022
v -0.028229752555489557 -0.050987098366022145 0.15402215719223022
v -0.0336328372359276 -0.045074835419654874 0.14413520693778992
v -0.028229752555489557 -0.048338048160076176 0.14490997791290283
v -0.028229752555489557 -0.050987098366022145 0.15402215719223022
v -0.028229752555489557 -0.048338048160076176 0.14490997791290283
v -0.022604495286941542 -0.05362680554389957 0.15443360805511475
v -0.022604495286941542 -0.05362680554389957 0.15443360805511475
v -0.028229752555489557 -0.048338048160076176 0.14490997791290283
v -0.022604495286941542 -0.05097987502813343 0.1455368995666504
v -0.022604495286941542 -0.05362680554389957 0.15443360805511475
v -0.022604495286941542 -0.05097987502813343 0.1455368995666504
v -0.016859784722328196 -0.055633034557104145 0.15474611520767212
v -0.016859784722328196 -0.055633034557104145 0.15474611520767212
v -0.022604495286941542 -0.05097987502813343 0.1455368995666504
v -0.016859784722328196 -0.05298767983913425 0.1460130512714386
v -0.016859784722328196 -0.055633034557104145 0.15474611520767212
v -0.016859784722328196 -0.05298767983913425 0.1460130512714386
v -0.011092000640928752 -0.05701953545212749 0.15496188402175903
v -0.011092000640928752 -0.05701953545212749 0.15496188402175903
v -0.016859784722328196 -0.05298767983913425 0.1460130512714386
v -0.011092000640928752 -0.05437523499131206 0.1463417410850525
v -0.011092000640928752 -0.05701953545212749 0.15496188402175903
v -0.011092000640928752 -0.05437523499131206 0.1463417410850525
v -0.005397376604378227 -0.057812761515378994 0.1550849974155426
v -0.005397376604378227 -0.057812761515378994 0.1550849974155426
v -0.011092000640928752 -0.05437523499131206 0.1463417410850525
v -0.005397376604378227 -0.05516901612281803 0.14652922749519348
v -0.043776482343673734 0.07252433151006703 0.042626019567251205
v -0.04789213836193088 0.0652663037180901 0.05374252423644066
v -0.043776482343673734 0.07017786055803303 0.050627853721380234
v -0.043776482343673734 0.07017786055803303 0.050627853721380234
v -0.04789213836193088 0.0652663037180901 0.05374252423644066
v -0.04789213836193088 0.062387246638536495 0.061343368142843246
v -0.043776482343673734 0.07017786055803303 0.050627853721380234
v -0.04789213836193088 0.062387246638536495 0.061343368142843246
v -0.043776482343673734 0.06732708960771565 0.05847891792654991
v -0.043776482343673734 0.06732708960771565 0.05847891792654991
v -0.04789213836193088 0.062387246638536495 0.061343368142843246
v -0.04789213836193088 0.05570403113961223 0.0762629434466362
v -0.043776482343673734 0.06732708960771565 0.05847891792654991
v -0.04789213836193088 0.05570403113961223 0.0762629434466362
v -0.043776482343673734 0.060630690306425136 0.0738474652171135
v -0.043776482343673734 0.060630690306425136 0.0738474652171135
v -0.04789213836193088 0.05570403113961223 0.0762629434466362
v -0.04789213836193088 0.04972163960337642 0.09165244549512863
v -0.043776482343673734 0.060630690306425136 0.0738474652171135
v -0.04789213836193088 0.04972163960337642 0.09165244549512863
v -0.043776482343673734 0.05463266000151638 0.08966537564992905
v -0.05144087597727779 0.05707471445202831 0.06442397087812424
v -0.05144087597727779 0.05998421832919125 0.05709218606352806
v -0.05437964573502544 0.05696232616901401 0.05347716435790062
v -0.05437964573502544 0.05696232616901401 0.05347716435790062
v -0.05144087597727779 0.05998421832919125 0.05709218606352806
v -0.05144087597727779 0.06245168671011929 0.049649473279714584
v -0.05437964573502544 0.05696232616901401 0.05347716435790062
v -0.05144087597727779 0.06245168671011929 0.049649473279714584
v -0.05144087597727779 0.06596162915229802 0.03454696759581566
v -0.003546169260516765 0.09135308116674429 0.029498454183340073
v -0.011614818125963218 0.08809307962656027 0.03926750645041466
v -0.003546169260516765 0.0892327949404717 0.03854500874876976
v -0.003546169260516765 0.0892327949404717 0.03854500874876976
v -0.011614818125963218 0.08809307962656027 0.03926750645041466
v -0.011614818125963218 0.08534463495016104 0.04803132638335228
v -0.003546169260516765 0.0892327949404717 0.03854500874876976
v -0.011614818125963218 0.08534463495016104 0.04803132638335228
v -0.003546169260516765 0.08649055659770971 0.047366973012685776
v -0.003546169260516765 0.08649055659770971 0.047366973012685776
v -0.011614818125963218 0.08534463495016104 0.04803132638335228
v -0.011614818125963218 0.07859786599874502 0.06503590196371078
v -0.003546169260516765 0.08649055659770971 0.047366973012685776
v -0.011614818125963218 0.07859786599874502 0.06503590196371078
v -0.003546169260516765 0.07973977178335195 0.06447502225637436
v -0.003546169260516765 0.07973977178335195 0.06447502225637436
v -0.011614818125963218 0.07859786599874502 0.06503590196371078
v -0.011614818125963218 0.07254005223512654 0.0824148878455162
v -0.003546169260516765 0.07973977178335195 0.06447502225637436
v -0.011614818125963218 0.07254005223512654 0.0824148878455162
v -0.003546169260516765 0.07367718964815145 0.08195274323225021
v -0.038712788373231916 -0.013695834204554566 0.10274945944547653
v -0.04337627440690997 -0.009344574064016349 0.0997149869799614
v -0.04337627440690997 -0.0027812614571303147 0.09303265064954758
v -0.047540526837110554 0.012145820073783406 0.07302229851484299
v -0.04337627440690997 0.0031445769127458356 0.0857524499297142
v -0.047540526837110554 0.007452504243701702 0.08129199594259262
v -0.047540526837110554 0.007452504243701702 0.08129199594259262
v -0.04337627440690997 0.0031445769127458356 0.0857524499297142
v -0.04337627440690997 -0.0027812614571303147 0.09303265064954758
v -0.047540526837110554 0.007452504243701702 0.08129199594259262
v -0.04337627440690997 -0.0027812614571303147 0.09303265064954758
v -0.047540526837110554 0.0018287104321643723 0.08911024779081345
v -0.047540526837110554 0.0018287104321643723 0.08911024779081345
v -0.04337627440690997 -0.0027812614571303147 0.09303265064954758
v -0.04337627440690997 -0.009344574064016349 0.0997149869799614
v -0.047540526837110554 0.0018287104321643723 0.08911024779081345
v -0.04337627440690997 -0.009344574064016349 0.0997149869799614
v -0.047540526837110554 -0.004529804456979039 0.09635733813047409
v -0.047540526837110554 -0.004529804456979039 0.09635733813047409
v -0.05114311352372173 0.0006595522863790397 0.09273850172758102
v -0.05114311352372173 0.006797344889491801 0.08488272875547409
v -0.05413822457194332 0.0061281169764697595 0.08892499655485153
v -0.05650582909584049 0.011773542501032361 0.08498816937208176
v -0.05650582909584049 0.01743863709270955 0.0758289024233818
v -0.05650582909584049 0.01743863709270955 0.0758289024233818
v -0.05650582909584049 0.011773542501032361 0.08498816937208176
v -0.05824340507388119 0.02291798405349256 0.07116704434156418
v -0.05650582909584049 0.01743863709270955 0.0758289024233818
v -0.05824340507388119 0.02291798405349256 0.07116704434156418
v -0.05824340507388119 0.027160746976733225 0.06088628992438316
v -0.05824340507388119 0.027160746976733225 0.06088628992438316
v -0.05824340507388119 0.02291798405349256 0.07116704434156418
v -0.05992415919899945 0.037271611392498044 0.05041774734854698
v -0.05824340507388119 0.027160746976733225 0.06088628992438316
v -0.05992415919899945 0.037271611392498044 0.05041774734854698
v -0.05824340507388119 0.02880605496466162 0.05562647804617882
v -0.059444963932037395 0.03988043218851092 0.06538849323987961
v -0.059444963932037395 0.04435019195079806 0.05293288454413414
v -0.05992415919899945 0.028795845806598684 0.07311799377202988
v -0.05992415919899945 0.028795845806598684 0.07311799377202988
v -0.059444963932037395 0.04435019195079806 0.05293288454413414
v -0.05992415919899945 0.0337369963526726 0.06196233257651329
v -0.05992415919899945 0.028795845806598684 0.07311799377202988
v -0.05992415919899945 0.0337369963526726 0.06196233257651329
v -0.05824340507388119 0.017496278509497653 0.08099748939275742
v -0.05413822457194332 0.012033318169415006 0.08042784780263901
v -0.05650582909584049 0.02204012311995031 0.06618808954954147
v -0.05413822457194332 0.016988737508654605 0.07141821831464767
v -0.05413822457194332 0.016988737508654605 0.07141821831464767
v -0.05650582909584049 0.02204012311995031 0.06618808954954147
v -0.05650582909584049 0.025401800870895403 0.05630963668227196
v -0.05413822457194332 0.016988737508654605 0.07141821831464767
v -0.05650582909584049 0.025401800870895403 0.05630963668227196
v -0.05413822457194332 0.020811554044485106 0.062096741050481796
v -0.05413822457194332 0.020811554044485106 0.062096741050481796
v -0.05650582909584049 0.025401800870895403 0.05630963668227196
v -0.05650582909584049 0.02626838535070421 0.05136727914214134
v -0.05413822457194332 0.020811554044485106 0.062096741050481796
v -0.05650582909584049 0.02626838535070421 0.05136727914214134
v -0.05413822457194332 0.02199264988303186 0.057397838681936264
v -0.05413822457194332 0.02199264988303186 0.057397838681936264
v -0.05650582909584049 0.02626838535070421 0.05136727914214134
v -0.05650582909584049 0.026477565988898295 0.04649611935019493
v -0.05413822457194332 0.02199264988303186 0.057397838681936264
v -0.05650582909584049 0.026477565988898295 0.04649611935019493
v -0.05413822457194332 0.022587263956666007 0.05273761972784996
v -0.05824340507388119 0.02880605496466162 0.05562647804617882
v -0.05650582909584049 0.025401800870895403 0.05630963668227196
v -0.05824340507388119 0.027160746976733225 0.06088628992438316
v -0.05824340507388119 0.027160746976733225 0.06088628992438316
v -0.05650582909584049 0.025401800870895403 0.05630963668227196
v -0.05650582909584049 0.02204012311995031 0.06618808954954147
v -0.05824340507388119 0.027160746976733225 0.06088628992438316
v -0.05650582909584049 0.02204012311995031 0.06618808954954147
v -0.05650582909584049 0.01743863709270955 0.0758289024233818
v -0.05650582909584049 0.01743863709270955 0.0758289024233818
v -0.05650582909584049 0.02204012311995031 0.06618808954954147
v -0.05413822457194332 0.012033318169415006 0.08042784780263901
v -0.05650582909584049 0.01743863709270955 0.0758289024233818
v -0.05413822457194332 0.012033318169415006 0.08042784780263901
v -0.05413822457194332 0.0061281169764697595 0.08892499655485153
v -0.05824340507388119 0.03005494549870493 0.050443317741155624
v -0.05992415919899945 0.039242703467607526 0.038860347121953964
v -0.05824340507388119 0.03060278668999674 0.04525413736701012
v -0.05824340507388119 0.03060278668999674 0.04525413736701012
v -0.05992415919899945 0.039242703467607526 0.038860347121953964
v -0.05992415919899945 0.0391613803803921 0.03318363055586815
v -0.05824340507388119 0.03060278668999674 0.04525413736701012
v -0.05992415919899945 0.0391613803803921 0.03318363055586815
v -0.05824340507388119 0.03042125329375269 0.040169086307287216
v -0.05992415919899945 0.037271611392498044 0.05041774734854698
v -0.05992415919899945 0.038487080484628705 0.04456761106848717
v -0.05824340507388119 0.02880605496466162 0.05562647804617882
v -0.05824340507388119 0.02880605496466162 0.05562647804617882
v -0.05992415919899945 0.038487080484628705 0.04456761106848717
v -0.05824340507388119 0.03005494549870493 0.050443317741155624
v -0.05824340507388119 0.02880605496466162 0.05562647804617882
v -0.05824340507388119 0.03005494549870493 0.050443317741155624
v -0.05650582909584049 0.025401800870895403 0.05630963668227196
v -0.05650582909584049 0.025401800870895403 0.05630963668227196
v -0.05824340507388119 0.03005494549870493 0.050443317741155624
v -0.05824340507388119 0.03060278668999674 0.04525413736701012
v -0.05650582909584049 0.025401800870895403 0.05630963668227196
v -0.05824340507388119 0.03060278668999674 0.04525413736701012
v -0.05650582909584049 0.02626838535070421 0.05136727914214134
v -0.05650582909584049 0.02626838535070421 0.05136727914214134
v -0.05824340507388119 0.03060278668999674 0.04525413736701012
v -0.05824340507388119 0.03042125329375269 0.040169086307287216
v -0.05650582909584049 0.02626838535070421 0.05136727914214134
v -0.05824340507388119 0.03042125329375269 0.040169086307287216
v -0.05650582909584049 0.026477565988898295 0.04649611935019493
v -0.047540526837110554 0.01392090506851674 0.06878276914358139
v -0.04337627440690997 0.011925657279789456 0.06984352320432663
v -0.047540526837110554 0.012145820073783406 0.07302229851484299
v -0.047540526837110554 0.012145820073783406 0.07302229851484299
v -0.04337627440690997 0.011925657279789456 0.06984352320432663
v -0.04337627440690997 0.00823110062628985 0.07795806974172592
v -0.047540526837110554 0.012145820073783406 0.07302229851484299
v -0.04337627440690997 0.00823110062628985 0.07795806974172592
v -0.04337627440690997 0.0031445769127458356 0.0857524499297142
v -0.016859784722328196 0.01305311731994153 0.0647415742278099
v -0.022604495286941542 0.013359049335122117 0.06261663883924484
v -0.022604495286941542 0.014474805444478999 0.05868631228804588
v -0.013351256027817735 0.012499999254941949 0.058495666831731796
v -0.016859784722328196 0.01300915516912938 0.057640787214040756
v -0.016761889681220065 0.012499999254941949 0.05730223283171654
v -0.016761889681220065 0.012499999254941949 0.05730223283171654
v -0.016859784722328196 0.01300915516912938 0.057640787214040756
v -0.022604495286941542 0.013553366996347913 0.05584379658102989
v -0.016761889681220065 0.012499999254941949 0.05730223283171654
v -0.022604495286941542 0.013553366996347913 0.05584379658102989
v -0.022504353895783438 0.012499999254941949 0.055292870849370956
v -0.028229752555489557 0.013761701062321672 0.05982029065489769
v -0.0336328372359276 0.014259152114391336 0.056365903466939926
v -0.0336328372359276 0.014846321195364009 0.05263638123869896
v -0.0336328372359276 0.013617485761642465 0.049940045922994614
v -0.0336328372359276 0.014132451266050347 0.05028161033987999
v -0.038712788373231916 0.014628933742642413 0.04684453830122948
v -0.038712788373231916 0.013659408316016206 0.04608392342925072
v -0.03859651833772662 0.012499999254941949 0.04572274908423424
v -0.03740938752889636 0.012499999254941949 0.04690989479422569
v -0.0336328372359276 0.014132451266050347 0.05028161033987999
v -0.0336328372359276 0.013617485761642465 0.049940045922994614
v -0.028229752555489557 0.013582036830484876 0.05320277437567711
v -0.028229752555489557 0.013582036830484876 0.05320277437567711
v -0.0336328372359276 0.013617485761642465 0.049940045922994614
v -0.02811019308865072 0.012499999254941949 0.05275296792387962
v -0.028229752555489557 0.013582036830484876 0.05320277437567711
v -0.02811019308865072 0.012499999254941949 0.05275296792387962
v -0.026033025234937685 0.012499999254941949 0.05405813083052635
v -0.047540526837110554 0.01392090506851674 0.06878276914358139
v -0.047540526837110554 0.015243181958794604 0.06452061980962753
v -0.04337627440690997 0.011925657279789456 0.06984352320432663
v -0.04337627440690997 0.011925657279789456 0.06984352320432663
v -0.047540526837110554 0.015243181958794604 0.06452061980962753
v -0.047540526837110554 0.01663482002913953 0.05632331594824791
v -0.04337627440690997 0.011925657279789456 0.06984352320432663
v -0.047540526837110554 0.01663482002913953 0.05632331594824791
v -0.04337627440690997 0.014123007655143746 0.06185072287917137
v -0.04337627440690997 0.014123007655143746 0.06185072287917137
v -0.047540526837110554 0.01663482002913953 0.05632331594824791
v -0.047540526837110554 0.01683771237730981 0.049017902463674545
v -0.04337627440690997 0.014123007655143746 0.06185072287917137
v -0.047540526837110554 0.01683771237730981 0.049017902463674545
v -0.04337627440690997 0.015216460451483737 0.0544695220887661
v -0.04337627440690997 0.015216460451483737 0.0544695220887661
v -0.047540526837110554 0.01683771237730981 0.049017902463674545
v -0.047540526837110554 0.016258276998996745 0.04248523339629173
v -0.04337627440690997 0.015216460451483737 0.0544695220887661
v -0.047540526837110554 0.016258276998996745 0.04248523339629173
v -0.04337627440690997 0.015516992658376704 0.04763203486800194
v -0.04337627440690997 0.015516992658376704 0.04763203486800194
v -0.047540526837110554 0.016258276998996745 0.04248523339629173
v -0.047540526837110554 0.015671784058213244 0.03920116648077965
v -0.04337627440690997 0.015516992658376704 0.04763203486800194
v -0.047540526837110554 0.015671784058213244 0.03920116648077965
v -0.04337627440690997 0.015365667641162883 0.04418286308646202
v -0.04337627440690997 0.015365667641162883 0.04418286308646202
v -0.047540526837110554 0.015671784058213244 0.03920116648077965
v -0.04337627440690997 0.015247683972120295 0.04333391413092613
v -0.04337627440690997 0.015365667641162883 0.04418286308646202
v -0.04337627440690997 0.015247683972120295 0.04333391413092613
v -0.038712788373231916 0.015066999942064296 0.04779943451285362
v -0.038712788373231916 0.015066999942064296 0.04779943451285362
v -0.04337627440690997 0.015247683972120295 0.04333391413092613
v -0.038712788373231916 0.014916915446519862 0.047327931970357895
v -0.038712788373231916 0.015066999942064296 0.04779943451285362
v -0.038712788373231916 0.014916915446519862 0.047327931970357895
v -0.0336328372359276 0.014795321971178065 0.05122905597090721
v -0.0336328372359276 0.014795321971178065 0.05122905597090721
v -0.038712788373231916 0.014916915446519862 0.047327931970357895
v -0.0336328372359276 0.014538627117872249 0.05072718486189842
v -0.0336328372359276 0.014795321971178065 0.05122905597090721
v -0.0336328372359276 0.014538627117872249 0.05072718486189842
v -0.028229752555489557 0.014462349936366092 0.054012175649404526
v -0.028229752555489557 0.014462349936366092 0.054012175649404526
v -0.0336328372359276 0.014538627117872249 0.05072718486189842
v -0.028229752555489557 0.014077918604016313 0.053553249686956406
v -0.028229752555489557 0.014462349936366092 0.054012175649404526
v -0.028229752555489557 0.014077918604016313 0.053553249686956406
v -0.022604495286941542 0.014033807441592225 0.05620124563574791
v -0.022604495286941542 0.014033807441592225 0.05620124563574791
v -0.028229752555489557 0.014077918604016313 0.053553249686956406
v -0.022604495286941542 0.013553366996347913 0.05584379658102989
v -0.022604495286941542 0.014033807441592225 0.05620124563574791
v -0.022604495286941542 0.013553366996347913 0.05584379658102989
v -0.016859784722328196 0.013531611301004895 0.05785047635436058
v -0.016859784722328196 0.013531611301004895 0.05785047635436058
v -0.022604495286941542 0.013553366996347913 0.05584379658102989
v -0.016859784722328196 0.01300915516912938 0.057640787214040756
v -0.016859784722328196 0.013531611301004895 0.05785047635436058
v -0.016859784722328196 0.01300915516912938 0.057640787214040756
v -0.011092000640928752 0.01300238724797965 0.059026505798101425
v -0.011092000640928752 0.01300238724797965 0.059026505798101425
v -0.016859784722328196 0.01300915516912938 0.057640787214040756
v -0.013351256027817735 0.012499999254941949 0.058495666831731796
v -0.013351256027817735 0.012499999254941949 0.058495666831731796
v -0.05114311352372173 0.019342085346579566 0.050365712493658066
v -0.05114311352372173 0.018818959593772902 0.05878349766135216
v -0.05413822457194332 0.022587263956666007 0.05273761972784996
v -0.05413822457194332 0.022587263956666007 0.05273761972784996
v -0.05114311352372173 0.018818959593772902 0.05878349766135216
v -0.05114311352372173 0.017850982025265704 0.0632394477725029
v -0.05413822457194332 0.022587263956666007 0.05273761972784996
v -0.05114311352372173 0.017850982025265704 0.0632394477725029
v -0.05413822457194332 0.02199264988303186 0.057397838681936264
v -0.05413822457194332 0.02199264988303186 0.057397838681936264
v -0.05114311352372173 0.017850982025265704 0.0632394477725029
v -0.05114311352372173 0.016365155577659617 0.06770261377096176
v -0.05413822457194332 0.02199264988303186 0.057397838681936264
v -0.05114311352372173 0.016365155577659617 0.06770261377096176
v -0.05413822457194332 0.020811554044485106 0.062096741050481796
v -0.05413822457194332 0.020811554044485106 0.062096741050481796
v -0.05114311352372173 0.016365155577659617 0.06770261377096176
v -0.05114311352372173 0.012095672078430661 0.07648446410894394
v -0.05413822457194332 0.020811554044485106 0.062096741050481796
v -0.05114311352372173 0.012095672078430661 0.07648446410894394
v -0.05413822457194332 0.016988737508654605 0.07141821831464767
v -0.05413822457194332 0.016988737508654605 0.07141821831464767
v -0.05114311352372173 0.012095672078430661 0.07648446410894394
v -0.05114311352372173 0.006797344889491801 0.08488272875547409
v -0.05413822457194332 0.016988737508654605 0.07141821831464767
v -0.05114311352372173 0.006797344889491801 0.08488272875547409
v -0.05413822457194332 0.012033318169415006 0.08042784780263901
v -0.05413822457194332 0.012033318169415006 0.08042784780263901
v -0.05114311352372173 0.006797344889491801 0.08488272875547409
v -0.05114311352372173 0.0006595522863790397 0.09273850172758102
v -0.05413822457194332 0.012033318169415006 0.08042784780263901
v -0.05114311352372173 0.0006595522863790397 0.09273850172758102
v -0.05413822457194332 0.0061281169764697595 0.08892499655485153
v -0.05413822457194332 0.022626407444477095 0.04825836047530174
v -0.05650582909584049 0.025140292942523974 0.037605997174978256
v -0.05413822457194332 0.022195041179656996 0.04408743605017662
v -0.05413822457194332 0.022195041179656996 0.04408743605017662
v -0.05650582909584049 0.025140292942523974 0.037605997174978256
v -0.05650582909584049 0.022327451035380377 0.03055765852332115
v -0.05992415919899945 0.03115132451057436 0.014288481324911118
v -0.05824340507388119 0.026299856603145617 0.027259524911642075
v -0.05992415919899945 0.03402107208967211 0.0180622898042202
v -0.05992415919899945 0.03402107208967211 0.0180622898042202
v -0.05824340507388119 0.026299856603145617 0.027259524911642075
v -0.05824340507388119 0.028125904500484484 0.031035687774419785
v -0.05992415919899945 0.03402107208967211 0.0180622898042202
v -0.05824340507388119 0.028125904500484484 0.031035687774419785
v -0.05992415919899945 0.03644513711333277 0.02256816253066063
v -0.05992415919899945 0.03644513711333277 0.02256816253066063
v -0.05824340507388119 0.028125904500484484 0.031035687774419785
v -0.05824340507388119 0.029556550085544607 0.03537457808852196
v -0.05992415919899945 0.03644513711333277 0.02256816253066063
v -0.05824340507388119 0.029556550085544607 0.03537457808852196
v -0.05992415919899945 0.03820838406682017 0.027676161378622055
v -0.05413822457194332 0.022626407444477095 0.04825836047530174
v -0.05650582909584049 0.026067879050970095 0.04186033830046654
v -0.05650582909584049 0.025140292942523974 0.037605997174978256
v -0.05650582909584049 0.025140292942523974 0.037605997174978256
v -0.05650582909584049 0.026067879050970095 0.04186033830046654
v -0.05824340507388119 0.028125904500484484 0.031035687774419785
v -0.05650582909584049 0.025140292942523974 0.037605997174978256
v -0.05824340507388119 0.028125904500484484 0.031035687774419785
v -0.05650582909584049 0.022327451035380377 0.03055765852332115
v -0.05650582909584049 0.022327451035380377 0.03055765852332115
v -0.05824340507388119 0.028125904500484484 0.031035687774419785
v -0.05824340507388119 0.026299856603145617 0.027259524911642075
v -0.05650582909584049 0.022327451035380377 0.03055765852332115
v -0.05824340507388119 0.026299856603145617 0.027259524911642075
v -0.05824340507388119 0.024254437536001223 0.024077709764242172
v -0.05824340507388119 0.024254437536001223 0.024077709764242172
v -0.05824340507388119 0.026299856603145617 0.027259524911642075
v -0.05992415919899945 0.03115132451057436 0.014288481324911118
v -0.047540526837110554 -0.004529804456979039 0.09635733813047409
v -0.05114311352372173 0.006797344889491801 0.08488272875547409
v -0.047540526837110554 0.0018287104321643723 0.08911024779081345
v -0.047540526837110554 0.0018287104321643723 0.08911024779081345
v -0.05114311352372173 0.006797344889491801 0.08488272875547409
v -0.05114311352372173 0.012095672078430661 0.07648446410894394
v -0.047540526837110554 0.0018287104321643723 0.08911024779081345
v -0.05114311352372173 0.012095672078430661 0.07648446410894394
v -0.047540526837110554 0.007452504243701702 0.08129199594259262
v -0.047540526837110554 0.007452504243701702 0.08129199594259262
v -0.05114311352372173 0.012095672078430661 0.07648446410894394
v -0.05114311352372173 0.016365155577659617 0.06770261377096176
v -0.047540526837110554 0.007452504243701702 0.08129199594259262
v -0.05114311352372173 0.016365155577659617 0.06770261377096176
v -0.047540526837110554 0.012145820073783406 0.07302229851484299
v -0.047540526837110554 0.012145820073783406 0.07302229851484299
v -0.05114311352372173 0.016365155577659617 0.06770261377096176
v -0.05114311352372173 0.017850982025265704 0.0632394477725029
v -0.047540526837110554 0.012145820073783406 0.07302229851484299
v -0.05114311352372173 0.017850982025265704 0.0632394477725029
v -0.047540526837110554 0.01392090506851674 0.06878276914358139
v -0.047540526837110554 0.01392090506851674 0.06878276914358139
v -0.05114311352372173 0.017850982025265704 0.0632394477725029
v -0.05114311352372173 0.018818959593772902 0.05878349766135216
v -0.047540526837110554 0.01392090506851674 0.06878276914358139
v -0.05114311352372173 0.018818959593772902 0.05878349766135216
v -0.047540526837110554 0.015243181958794604 0.06452061980962753
v -0.047540526837110554 0.015243181958794604 0.06452061980962753
v -0.05114311352372173 0.018818959593772902 0.05878349766135216
v -0.05114311352372173 0.019342085346579566 0.050365712493658066
v -0.047540526837110554 0.015243181958794604 0.06452061980962753
v -0.05114311352372173 0.019342085346579566 0.050365712493658066
v -0.047540526837110554 0.01663482002913953 0.05632331594824791
v -0.047540526837110554 0.01663482002913953 0.05632331594824791
v -0.05114311352372173 0.019342085346579566 0.050365712493658066
v -0.05114311352372173 0.01858509518206121 0.04314204677939415
v -0.047540526837110554 0.01663482002913953 0.05632331594824791
v -0.05114311352372173 0.01858509518206121 0.04314204677939415
v -0.047540526837110554 0.01683771237730981 0.049017902463674545
v -0.047540526837110554 0.01683771237730981 0.049017902463674545
v -0.05114311352372173 0.01858509518206121 0.04314204677939415
v -0.05114311352372173 0.01705724745988847 0.03693806752562523
v -0.047540526837110554 0.01683771237730981 0.049017902463674545
v -0.05114311352372173 0.01705724745988847 0.03693806752562523
v -0.047540526837110554 0.016258276998996745 0.04248523339629173
v -0.047540526837110554 0.016258276998996745 0.04248523339629173
v -0.05114311352372173 0.01705724745988847 0.03693806752562523
v -0.05114311352372173 0.01600174792110921 0.03383195027709007
v -0.047540526837110554 0.016258276998996745 0.04248523339629173
v -0.05114311352372173 0.01600174792110921 0.03383195027709007
v -0.047540526837110554 0.015671784058213244 0.03920116648077965
v -0.047540526837110554 0.015671784058213244 0.03920116648077965
v -0.05114311352372173 0.01600174792110921 0.03383195027709007
v -0.047540526837110554 0.015447778627276431 0.03839277848601341
v -0.047540526837110554 0.015671784058213244 0.03920116648077965
v -0.047540526837110554 0.015447778627276431 0.03839277848601341
v -0.04337627440690997 0.015247683972120295 0.04333391413092613
v -0.04337627440690997 0.015247683972120295 0.04333391413092613
v -0.047540526837110554 0.015447778627276431 0.03839277848601341
v -0.04337627440690997 0.015055663883686076 0.04288288578391075
v -0.04337627440690997 0.015247683972120295 0.04333391413092613
v -0.04337627440690997 0.015055663883686076 0.04288288578391075
v -0.038712788373231916 0.014916915446519862 0.047327931970357895
v -0.038712788373231916 0.014916915446519862 0.047327931970357895
v -0.04337627440690997 0.015055663883686076 0.04288288578391075
v -0.038712788373231916 0.014628933742642413 0.04684453830122948
v -0.038712788373231916 0.014916915446519862 0.047327931970357895
v -0.038712788373231916 0.014628933742642413 0.04684453830122948
v -0.0336328372359276 0.014538627117872249 0.05072718486189842
v -0.0336328372359276 0.014538627117872249 0.05072718486189842
v -0.038712788373231916 0.014628933742642413 0.04684453830122948
v -0.0336328372359276 0.014132451266050347 0.05028161033987999
v -0.0336328372359276 0.014538627117872249 0.05072718486189842
v -0.0336328372359276 0.014132451266050347 0.05028161033987999
v -0.028229752555489557 0.014077918604016313 0.053553249686956406
v -0.028229752555489557 0.014077918604016313 0.053553249686956406
v -0.0336328372359276 0.014132451266050347 0.05028161033987999
v -0.028229752555489557 0.013582036830484876 0.05320277437567711
v -0.028229752555489557 0.014077918604016313 0.053553249686956406
v -0.028229752555489557 0.013582036830484876 0.05320277437567711
v -0.022604495286941542 0.013553366996347913 0.05584379658102989
v -0.022604495286941542 0.013553366996347913 0.05584379658102989
v -0.028229752555489557 0.013582036830484876 0.05320277437567711
v -0.026033025234937685 0.012499999254941949 0.05405813083052635
v -0.026033025234937685 0.012499999254941949 0.05405813083052635
v -0.03859651833772662 0.012499999254941949 0.04572274908423424
v -0.038712788373231916 0.013659408316016206 0.04608392342925072
v -0.04337627440690997 0.013707196339964875 0.041690196841955185
v -0.04337627440690997 0.013707196339964875 0.041690196841955185
v -0.038712788373231916 0.013659408316016206 0.04608392342925072
v -0.04337627440690997 0.014731964096426974 0.04242038354277611
v -0.04337627440690997 0.013707196339964875 0.041690196841955185
v -0.04337627440690997 0.014731964096426974 0.04242038354277611
v -0.047540526837110554 0.014846093952655803 0.03752472624182701
v -0.047540526837110554 0.014846093952655803 0.03752472624182701
v -0.04337627440690997 0.014731964096426974 0.04242038354277611
v -0.047540526837110554 0.015209374949336062 0.037964221090078354
v -0.047540526837110554 0.014846093952655803 0.03752472624182701
v -0.047540526837110554 0.015209374949336062 0.037964221090078354
v -0.05114311352372173 0.01566358655691148 0.033067282289266586
v -0.05271804332733158 0.015033438801765452 0.029496636241674423
v -0.05271804332733158 0.0157761573791504 0.030290599912405014
v -0.05413822457194332 0.016349498182535182 0.028173860162496567
v -0.05114311352372173 0.019342085346579566 0.050365712493658066
v -0.05413822457194332 0.020426495000720038 0.036950018256902695
v -0.05114311352372173 0.01858509518206121 0.04314204677939415
v -0.05114311352372173 0.01858509518206121 0.04314204677939415
v -0.05413822457194332 0.020426495000720038 0.036950018256902695
v -0.05413822457194332 0.017899218946695338 0.03109252080321312
v -0.05114311352372173 0.01858509518206121 0.04314204677939415
v -0.05413822457194332 0.017899218946695338 0.03109252080321312
v -0.05114311352372173 0.01705724745988847 0.03693806752562523
v -0.05114311352372173 0.01705724745988847 0.03693806752562523
v -0.05413822457194332 0.017899218946695338 0.03109252080321312
v -0.05271804332733158 0.016173804178833972 0.031032439321279526
v -0.05114311352372173 0.01705724745988847 0.03693806752562523
v -0.05271804332733158 0.016173804178833972 0.031032439321279526
v -0.05114311352372173 0.01600174792110921 0.03383195027709007
v -0.05114311352372173 0.01600174792110921 0.03383195027709007
v -0.05271804332733158 0.016173804178833972 0.031032439321279526
v -0.05114311352372173 0.01566358655691148 0.033067282289266586
v -0.05114311352372173 0.01600174792110921 0.03383195027709007
v -0.05114311352372173 0.01566358655691148 0.033067282289266586
v -0.047540526837110554 0.015447778627276431 0.03839277848601341
v -0.047540526837110554 0.015447778627276431 0.03839277848601341
v -0.05114311352372173 0.01566358655691148 0.033067282289266586
v -0.047540526837110554 0.015209374949336062 0.037964221090078354
v -0.047540526837110554 0.015447778627276431 0.03839277848601341
v -0.047540526837110554 0.015209374949336062 0.037964221090078354
v -0.04337627440690997 0.015055663883686076 0.04288288578391075
v -0.04337627440690997 0.015055663883686076 0.04288288578391075
v -0.047540526837110554 0.015209374949336062 0.037964221090078354
v -0.04337627440690997 0.014731964096426974 0.04242038354277611
v -0.04337627440690997 0.015055663883686076 0.04288288578391075
v -0.04337627440690997 0.014731964096426974 0.04242038354277611
v -0.038712788373231916 0.014628933742642413 0.04684453830122948
v -0.038712788373231916 0.014628933742642413 0.04684453830122948
v -0.04337627440690997 0.014731964096426974 0.04242038354277611
v -0.038712788373231916 0.013659408316016206 0.04608392342925072
v -0.038712788373231916 0.014628933742642413 0.04684453830122948
v -0.038712788373231916 0.013659408316016206 0.04608392342925072
v -0.0336328372359276 0.013617485761642465 0.049940045922994614
v -0.0336328372359276 0.013617485761642465 0.049940045922994614
v -0.038712788373231916 0.013659408316016206 0.04608392342925072
v -0.03740938752889636 0.012499999254941949 0.04690989479422569
v -0.03740938752889636 0.012499999254941949 0.04690989479422569
v -0.05271804332733158 0.015033438801765452 0.029496636241674423
v -0.05413822457194332 0.016349498182535182 0.028173860162496567
v -0.05413822457194332 0.015099044889211665 0.026687171310186386
v -0.05413822457194332 0.015099044889211665 0.026687171310186386
v -0.05413822457194332 0.016349498182535182 0.028173860162496567
v -0.05650582909584049 0.0167085211724043 0.022332843393087387
v -0.05413822457194332 0.015099044889211665 0.026687171310186386
v -0.05650582909584049 0.0167085211724043 0.022332843393087387
v -0.05650582909584049 0.015233170241117488 0.02094632014632225
v -0.05650582909584049 0.015233170241117488 0.02094632014632225
v -0.05650582909584049 0.0167085211724043 0.022332843393087387
v -0.05824340507388119 0.017072485759854327 0.016411837190389633
v -0.05650582909584049 0.015233170241117488 0.02094632014632225
v -0.05824340507388119 0.017072485759854327 0.016411837190389633
v -0.05824340507388119 0.01536921039223672 0.015126701444387436
v -0.05992415919899945 0.0391613803803921 0.03318363055586815
v -0.05992415919899945 0.03820838406682017 0.027676161378622055
v -0.05824340507388119 0.03042125329375269 0.040169086307287216
v -0.05824340507388119 0.03042125329375269 0.040169086307287216
v -0.05992415919899945 0.03820838406682017 0.027676161378622055
v -0.05824340507388119 0.029556550085544607 0.03537457808852196
v -0.05824340507388119 0.03042125329375269 0.040169086307287216
v -0.05824340507388119 0.029556550085544607 0.03537457808852196
v -0.05650582909584049 0.026477565988898295 0.04649611935019493
v -0.05650582909584049 0.026477565988898295 0.04649611935019493
v -0.05824340507388119 0.029556550085544607 0.03537457808852196
v -0.05650582909584049 0.026067879050970095 0.04186033830046654
v -0.05650582909584049 0.026477565988898295 0.04649611935019493
v -0.05650582909584049 0.026067879050970095 0.04186033830046654
v -0.05413822457194332 0.022587263956666007 0.05273761972784996
v -0.05413822457194332 0.022587263956666007 0.05273761972784996
v -0.05650582909584049 0.026067879050970095 0.04186033830046654
v -0.05413822457194332 0.022626407444477095 0.04825836047530174
v -0.05413822457194332 0.022587263956666007 0.05273761972784996
v -0.05413822457194332 0.022626407444477095 0.04825836047530174
v -0.05114311352372173 0.019342085346579566 0.050365712493658066
v -0.05114311352372173 0.019342085346579566 0.050365712493658066
v -0.05413822457194332 0.022626407444477095 0.04825836047530174
v -0.05413822457194332 0.022195041179656996 0.04408743605017662
v -0.05114311352372173 0.019342085346579566 0.050365712493658066
v -0.05413822457194332 0.022195041179656996 0.04408743605017662
v -0.05413822457194332 0.020426495000720038 0.036950018256902695
v -0.05413822457194332 0.020426495000720038 0.036950018256902695
v -0.05413822457194332 0.022195041179656996 0.04408743605017662
v -0.05650582909584049 0.022327451035380377 0.03055765852332115
v -0.05413822457194332 0.020426495000720038 0.036950018256902695
v -0.05650582909584049 0.022327451035380377 0.03055765852332115
v -0.05650582909584049 0.018768431618809714 0.025057997554540634
v -0.05650582909584049 0.018768431618809714 0.025057997554540634
v -0.05650582909584049 0.022327451035380377 0.03055765852332115
v -0.05824340507388119 0.019649559631943717 0.018940862268209457
v -0.05992415919899945 0.015638038516044627 0.0036354323383420706
v -0.05824340507388119 0.01536921039223672 0.015126701444387436
v -0.05992415919899945 0.017791204154491435 0.004720892291516066
v -0.05992415919899945 0.017791204154491435 0.004720892291516066
v -0.05824340507388119 0.01536921039223672 0.015126701444387436
v -0.05824340507388119 0.017072485759854327 0.016411837190389633
v -0.05992415919899945 0.017791204154491435 0.004720892291516066
v -0.05824340507388119 0.017072485759854327 0.016411837190389633
v -0.05992415919899945 0.021389380097389235 0.00686275539919734
v -0.058495674282312435 0.012499999254941949 0.013351257890462875
v -0.05824340507388119 0.01536921039223672 0.015126701444387436
v -0.0596624501049519 0.012499999254941949 0.0029958446975797415
v -0.0596624501049519 0.012499999254941949 0.0029958446975797415
v -0.05824340507388119 0.01536921039223672 0.015126701444387436
v -0.05992415919899945 0.015638038516044627 0.0036354323383420706
v -0.0596624501049519 0.012499999254941949 0.0029958446975797415
v -0.05992415919899945 0.015638038516044627 0.0036354323383420706
v -0.059999998658895534 0.012499999254941949 -4.0531160649948106e-09
v -0.05992415919899945 0.02805928327143194 0.011282887309789658
v -0.059444963932037395 0.027617329731583613 -0.003243569517508149
v -0.05992415919899945 0.021389380097389235 0.00686275539919734
v -0.05992415919899945 0.021389380097389235 0.00686275539919734
v -0.059444963932037395 0.027617329731583613 -0.003243569517508149
v -0.059444963932037395 0.023096134886145606 -0.004985366482287645
v -0.05992415919899945 0.021389380097389235 0.00686275539919734
v -0.059444963932037395 0.023096134886145606 -0.004985366482287645
v -0.05992415919899945 0.017791204154491435 0.004720892291516066
v -0.05992415919899945 0.017791204154491435 0.004720892291516066
v -0.059444963932037395 0.023096134886145606 -0.004985366482287645
v -0.059444963932037395 0.01849632896482946 -0.006747518200427294
v -0.05992415919899945 0.017791204154491435 0.004720892291516066
v -0.059444963932037395 0.01849632896482946 -0.006747518200427294
v -0.05992415919899945 0.015638038516044627 0.0036354323383420706
v -0.058495674282312435 0.012499999254941949 0.013351257890462875
v -0.0581380277872086 0.012499999254941949 0.014373358339071274
v -0.05824340507388119 0.01536921039223672 0.015126701444387436
v -0.05615095794200901 0.012499999254941949 0.020052071660757065
v -0.05824340507388119 0.01536921039223672 0.015126701444387436
v -0.05615095794200901 0.012499999254941949 0.020052071660757065
v -0.05650582909584049 0.015233170241117488 0.02094632014632225
v -0.05650582909584049 0.015233170241117488 0.02094632014632225
v -0.05615095794200901 0.012499999254941949 0.020052071660757065
v -0.054119434207677876 0.012499999254941949 0.0258578322827816
v -0.05650582909584049 0.015233170241117488 0.02094632014632225
v -0.054119434207677876 0.012499999254941949 0.0258578322827816
v -0.05413822457194332 0.015099044889211665 0.026687171310186386
v -0.05413822457194332 0.015099044889211665 0.026687171310186386
v -0.054119434207677876 0.012499999254941949 0.0258578322827816
v -0.05405813083052639 0.012499999254941949 0.026033010333776474
v -0.05413822457194332 0.015099044889211665 0.026687171310186386
v -0.05405813083052639 0.012499999254941949 0.026033010333776474
v -0.05114311352372173 0.013817125931382188 0.03158828243613243
v -0.05114311352372173 0.013817125931382188 0.03158828243613243
v -0.05405813083052639 0.012499999254941949 0.026033010333776474
v -0.05082678794860843 0.012499999254941949 0.03117566928267479
v -0.04745157063007358 0.012499999254941949 0.03654729947447777
v -0.05271804332733158 0.0157761573791504 0.030290599912405014
v -0.05271804332733158 0.015033438801765452 0.029496636241674423
v -0.05114311352372173 0.014969209209084521 0.032247986644506454
v -0.05114311352372173 0.014969209209084521 0.032247986644506454
v -0.05271804332733158 0.015033438801765452 0.029496636241674423
v -0.05114311352372173 0.013817125931382188 0.03158828243613243
v -0.05114311352372173 0.014969209209084521 0.032247986644506454
v -0.05114311352372173 0.013817125931382188 0.03158828243613243
v -0.047540526837110554 0.013760093599557885 0.03682839497923851
v -0.047540526837110554 0.013760093599557885 0.03682839497923851
v -0.05114311352372173 0.013817125931382188 0.03158828243613243
v -0.04745157063007358 0.012499999254941949 0.03654729947447777
v -0.047540526837110554 0.013760093599557885 0.03682839497923851
v -0.04745157063007358 0.012499999254941949 0.03654729947447777
v -0.04690988734364513 0.012499999254941949 0.03740939125418663
v -0.05992415919899945 0.03115132451057436 0.014288481324911118
v -0.05992415919899945 0.02805928327143194 0.011282887309789658
v -0.05824340507388119 0.024254437536001223 0.024077709764242172
v -0.05824340507388119 0.024254437536001223 0.024077709764242172
v -0.05992415919899945 0.02805928327143194 0.011282887309789658
v -0.05992415919899945 0.021389380097389235 0.00686275539919734
v -0.05824340507388119 0.024254437536001223 0.024077709764242172
v -0.05992415919899945 0.021389380097389235 0.00686275539919734
v -0.05824340507388119 0.019649559631943717 0.018940862268209457
v -0.05824340507388119 0.019649559631943717 0.018940862268209457
v -0.05992415919899945 0.021389380097389235 0.00686275539919734
v -0.05824340507388119 0.017072485759854327 0.016411837190389633
v -0.05824340507388119 0.019649559631943717 0.018940862268209457
v -0.05824340507388119 0.017072485759854327 0.016411837190389633
v -0.05650582909584049 0.018768431618809714 0.025057997554540634
v -0.05650582909584049 0.018768431618809714 0.025057997554540634
v -0.05824340507388119 0.017072485759854327 0.016411837190389633
v -0.05650582909584049 0.0167085211724043 0.022332843393087387
v -0.05650582909584049 0.018768431618809714 0.025057997554540634
v -0.05650582909584049 0.0167085211724043 0.022332843393087387
v -0.05413822457194332 0.017899218946695338 0.03109252080321312
v -0.05413822457194332 0.017899218946695338 0.03109252080321312
v -0.05650582909584049 0.0167085211724043 0.022332843393087387
v -0.05413822457194332 0.016349498182535182 0.028173860162496567
v -0.05413822457194332 0.017899218946695338 0.03109252080321312
v -0.05413822457194332 0.016349498182535182 0.028173860162496567
v -0.05271804332733158 0.016173804178833972 0.031032439321279526
v -0.05271804332733158 0.016173804178833972 0.031032439321279526
v -0.05413822457194332 0.016349498182535182 0.028173860162496567
v -0.05271804332733158 0.0157761573791504 0.030290599912405014
v -0.05271804332733158 0.016173804178833972 0.031032439321279526
v -0.05271804332733158 0.0157761573791504 0.030290599912405014
v -0.05114311352372173 0.01566358655691148 0.033067282289266586
v -0.05114311352372173 0.01566358655691148 0.033067282289266586
v -0.05271804332733158 0.0157761573791504 0.030290599912405014
v -0.05114311352372173 0.014969209209084521 0.032247986644506454
v -0.05114311352372173 0.01566358655691148 0.033067282289266586
v -0.05114311352372173 0.014969209209084521 0.032247986644506454
v -0.047540526837110554 0.014846093952655803 0.03752472624182701
v -0.047540526837110554 0.014846093952655803 0.03752472624182701
v -0.05114311352372173 0.014969209209084521 0.032247986644506454
v -0.047540526837110554 0.013760093599557885 0.03682839497923851
v -0.047540526837110554 0.014846093952655803 0.03752472624182701
v -0.047540526837110554 0.013760093599557885 0.03682839497923851
v -0.04337627440690997 0.013707196339964875 0.041690196841955185
v -0.04337627440690997 0.013707196339964875 0.041690196841955185
v -0.047540526837110554 0.013760093599557885 0.03682839497923851
v -0.04690988734364513 0.012499999254941949 0.03740939125418663
v -0.04690988734364513 0.012499999254941949 0.03740939125418663
v -0.05650582909584049 0.011773542501032361 0.08498816937208176
v -0.05824340507388119 0.017496278509497653 0.08099748939275742
v -0.05824340507388119 0.02291798405349256 0.07116704434156418
v -0.05824340507388119 0.02291798405349256 0.07116704434156418
v -0.05824340507388119 0.017496278509497653 0.08099748939275742
v -0.05992415919899945 0.0337369963526726 0.06196233257651329
v -0.05824340507388119 0.02291798405349256 0.07116704434156418
v -0.05992415919899945 0.0337369963526726 0.06196233257651329
v -0.05992415919899945 0.037271611392498044 0.05041774734854698
v -0.05992415919899945 0.037271611392498044 0.05041774734854698
v -0.05992415919899945 0.0337369963526726 0.06196233257651329
v -0.059444963932037395 0.047190319746732746 0.04014825448393822
v -0.05992415919899945 0.037271611392498044 0.05041774734854698
v -0.059444963932037395 0.047190319746732746 0.04014825448393822
v -0.05992415919899945 0.038487080484628705 0.04456761106848717
v -0.05992415919899945 0.038487080484628705 0.04456761106848717
v -0.059444963932037395 0.047190319746732746 0.04014825448393822
v -0.059444963932037395 0.04798401519656185 0.03371888026595116
v -0.05992415919899945 0.038487080484628705 0.04456761106848717
v -0.059444963932037395 0.04798401519656185 0.03371888026595116
v -0.05992415919899945 0.039242703467607526 0.038860347121953964
v -0.05992415919899945 0.039242703467607526 0.038860347121953964
v -0.059444963932037395 0.04798401519656185 0.03371888026595116
v -0.059444963932037395 0.04825578257441524 0.02749791368842125
v -0.05992415919899945 0.039242703467607526 0.038860347121953964
v -0.059444963932037395 0.04825578257441524 0.02749791368842125
v -0.05992415919899945 0.0391613803803921 0.03318363055586815
v -0.05992415919899945 0.0391613803803921 0.03318363055586815
v -0.059444963932037395 0.04825578257441524 0.02749791368842125
v -0.059444963932037395 0.04755749925971035 0.021342691034078598
v -0.05992415919899945 0.0391613803803921 0.03318363055586815
v -0.059444963932037395 0.04755749925971035 0.021342691034078598
v -0.05992415919899945 0.03820838406682017 0.027676161378622055
v -0.05992415919899945 0.03820838406682017 0.027676161378622055
v -0.059444963932037395 0.04755749925971035 0.021342691034078598
v -0.059444963932037395 0.04584771767258647 0.015420671552419662
v -0.05992415919899945 0.03820838406682017 0.027676161378622055
v -0.059444963932037395 0.04584771767258647 0.015420671552419662
v -0.05992415919899945 0.03644513711333277 0.02256816253066063
v -0.05992415919899945 0.03644513711333277 0.02256816253066063
v -0.059444963932037395 0.04584771767258647 0.015420671552419662
v -0.059444963932037395 0.043202895671129254 0.010005053132772446
v -0.05992415919899945 0.03644513711333277 0.02256816253066063
v -0.059444963932037395 0.043202895671129254 0.010005053132772446
v -0.05992415919899945 0.03402107208967211 0.0180622898042202
v -0.05992415919899945 0.03402107208967211 0.0180622898042202
v -0.059444963932037395 0.043202895671129254 0.010005053132772446
v -0.059444963932037395 0.03980416059494021 0.0053353565745055676
v -0.05992415919899945 0.03402107208967211 0.0180622898042202
v -0.059444963932037395 0.03980416059494021 0.0053353565745055676
v -0.05992415919899945 0.03115132451057436 0.014288481324911118
v -0.05992415919899945 0.03115132451057436 0.014288481324911118
v -0.059444963932037395 0.03980416059494021 0.0053353565745055676
v -0.059444963932037395 0.03591041639447214 0.0015638727927580476
v -0.05992415919899945 0.03115132451057436 0.014288481324911118
v -0.059444963932037395 0.03591041639447214 0.0015638727927580476
v -0.05992415919899945 0.02805928327143194 0.011282887309789658
v -0.05992415919899945 0.02805928327143194 0.011282887309789658
v -0.059444963932037395 0.03591041639447214 0.0015638727927580476
v -0.059444963932037395 0.03179174289107325 -0.0012686889385804534
v -0.05992415919899945 0.02805928327143194 0.011282887309789658
v -0.059444963932037395 0.03179174289107325 -0.0012686889385804534
v -0.059444963932037395 0.027617329731583613 -0.003243569517508149
v -0.059444963932037395 0.03988043218851092 0.06538849323987961
v -0.05837079882621769 0.04558017477393153 0.061413999646902084
v -0.05837079882621769 0.04980754852294925 0.0482899509370327
v -0.05668956786394123 0.057772774249315303 0.022536661475896835
v -0.05837079882621769 0.052290637046098744 0.034867580980062485
v -0.05668956786394123 0.05741392821073536 0.02956315502524376
v -0.05668956786394123 0.05741392821073536 0.02956315502524376
v -0.05837079882621769 0.052290637046098744 0.034867580980062485
v -0.05837079882621769 0.04980754852294925 0.0482899509370327
v -0.05668956786394123 0.05741392821073536 0.02956315502524376
v -0.05837079882621769 0.04980754852294925 0.0482899509370327
v -0.05668956786394123 0.055289424955844914 0.04362621530890465
v -0.05668956786394123 0.055289424955844914 0.04362621530890465
v -0.05837079882621769 0.04980754852294925 0.0482899509370327
v -0.05837079882621769 0.04558017477393153 0.061413999646902084
v -0.05668956786394123 0.055289424955844914 0.04362621530890465
v -0.05837079882621769 0.04558017477393153 0.061413999646902084
v -0.05668956786394123 0.05130551755428318 0.05742168053984642
v -0.043776482343673734 0.07434299588203436 0.034528698772192
v -0.04789213836193088 0.07095908373594288 0.030295517295598984
v -0.043776482343673734 0.07252433151006703 0.042626019567251205
v -0.043776482343673734 0.07252433151006703 0.042626019567251205
v -0.04789213836193088 0.07095908373594288 0.030295517295598984
v -0.04789213836193088 0.06767107546329502 0.04601007327437401
v -0.043776482343673734 0.07252433151006703 0.042626019567251205
v -0.04789213836193088 0.06767107546329502 0.04601007327437401
v -0.04789213836193088 0.0652663037180901 0.05374252423644066
v -0.05144087597727779 0.06693860143423085 0.02689247950911522
v -0.05437964573502544 0.06247595325112347 0.024322178214788437
v -0.05144087597727779 0.06596162915229802 0.03454696759581566
v -0.05144087597727779 0.06596162915229802 0.03454696759581566
v -0.05437964573502544 0.06247595325112347 0.024322178214788437
v -0.05437964573502544 0.06070568785071377 0.039018359035253525
v -0.05144087597727779 0.06596162915229802 0.03454696759581566
v -0.05437964573502544 0.06070568785071377 0.039018359035253525
v -0.05437964573502544 0.05696232616901401 0.05347716435790062
v -0.05437964573502544 0.06214563921093945 0.009988125413656235
v -0.05668956786394123 0.057772774249315303 0.022536661475896835
v -0.05437964573502544 0.06261944770812992 0.017000015825033188
v -0.05437964573502544 0.06261944770812992 0.017000015825033188
v -0.05668956786394123 0.057772774249315303 0.022536661475896835
v -0.05668956786394123 0.05741392821073536 0.02956315502524376
v -0.05437964573502544 0.06261944770812992 0.017000015825033188
v -0.05668956786394123 0.05741392821073536 0.02956315502524376
v -0.05437964573502544 0.06247595325112347 0.024322178214788437
v -0.05437964573502544 0.06247595325112347 0.024322178214788437
v -0.05668956786394123 0.05741392821073536 0.02956315502524376
v -0.05668956786394123 0.055289424955844914 0.04362621530890465
v -0.05437964573502544 0.06247595325112347 0.024322178214788437
v -0.05668956786394123 0.055289424955844914 0.04362621530890465
v -0.05437964573502544 0.06070568785071377 0.039018359035253525
v -0.05437964573502544 0.06070568785071377 0.039018359035253525
v -0.05668956786394123 0.055289424955844914 0.04362621530890465
v -0.05668956786394123 0.05130551755428318 0.05742168053984642
v -0.05437964573502544 0.06070568785071377 0.039018359035253525
v -0.05668956786394123 0.05130551755428318 0.05742168053984642
v -0.05437964573502544 0.05696232616901401 0.05347716435790062
v -0.05668956786394123 0.05754586309194569 0.015786584466695786
v -0.05837079882621769 0.05289039760828022 0.02165534719824791
v -0.05837079882621769 0.05286741256713871 0.02814033254981041
v -0.05144087597727779 0.06465549021959309 -0.002768907928839326
v -0.05437964573502544 0.06214563921093945 0.009988125413656235
v -0.05144087597727779 0.0666093081235886 0.004361327271908522
v -0.05144087597727779 0.0666093081235886 0.004361327271908522
v -0.05437964573502544 0.06214563921093945 0.009988125413656235
v -0.05437964573502544 0.06261944770812992 0.017000015825033188
v -0.05144087597727779 0.0666093081235886 0.004361327271908522
v -0.05437964573502544 0.06261944770812992 0.017000015825033188
v -0.05144087597727779 0.06732267886400227 0.011627163738012314
v -0.05144087597727779 0.06732267886400227 0.011627163738012314
v -0.05437964573502544 0.06261944770812992 0.017000015825033188
v -0.05437964573502544 0.06247595325112347 0.024322178214788437
v -0.05144087597727779 0.06732267886400227 0.011627163738012314
v -0.05437964573502544 0.06247595325112347 0.024322178214788437
v -0.05144087597727779 0.06738820672035221 0.01923629269003868
v -0.05144087597727779 0.06738820672035221 0.01923629269003868
v -0.05437964573502544 0.06247595325112347 0.024322178214788437
v -0.05144087597727779 0.06693860143423085 0.02689247950911522
v -0.04789213836193088 0.06500238180160527 -0.015306685119867325
v -0.05144087597727779 0.06465549021959309 -0.002768907928839326
v -0.04789213836193088 0.06860952079296116 -0.008344534784555435
v -0.04789213836193088 0.06860952079296116 -0.008344534784555435
v -0.05144087597727779 0.06465549021959309 -0.002768907928839326
v -0.05144087597727779 0.0666093081235886 0.004361327271908522
v -0.04789213836193088 0.06860952079296116 -0.008344534784555435
v -0.05144087597727779 0.0666093081235886 0.004361327271908522
v -0.04789213836193088 0.07085347920656208 -0.0009886663174256682
v -0.04789213836193088 0.07085347920656208 -0.0009886663174256682
v -0.05144087597727779 0.0666093081235886 0.004361327271908522
v -0.05144087597727779 0.06732267886400227 0.011627163738012314
v -0.04789213836193088 0.07085347920656208 -0.0009886663174256682
v -0.05144087597727779 0.06732267886400227 0.011627163738012314
v -0.04789213836193088 0.0717946290969849 0.006518478970974684
v -0.04789213836193088 0.0717946290969849 0.006518478970974684
v -0.05144087597727779 0.06732267886400227 0.011627163738012314
v -0.05144087597727779 0.06738820672035221 0.01923629269003868
v -0.04789213836193088 0.0717946290969849 0.006518478970974684
v -0.05144087597727779 0.06738820672035221 0.01923629269003868
v -0.04789213836193088 0.07205893099308018 0.014400508254766464
v -0.04789213836193088 0.07205893099308018 0.014400508254766464
v -0.05144087597727779 0.06738820672035221 0.01923629269003868
v -0.05144087597727779 0.06693860143423085 0.02689247950911522
v -0.04789213836193088 0.07205893099308018 0.014400508254766464
v -0.05144087597727779 0.06693860143423085 0.02689247950911522
v -0.04789213836193088 0.07178498059511189 0.022343572229146957
v -0.04789213836193088 0.07178498059511189 0.022343572229146957
v -0.05144087597727779 0.06693860143423085 0.02689247950911522
v -0.05144087597727779 0.06596162915229802 0.03454696759581566
v -0.04789213836193088 0.07178498059511189 0.022343572229146957
v -0.05144087597727779 0.06596162915229802 0.03454696759581566
v -0.04789213836193088 0.07095908373594288 0.030295517295598984
v -0.04789213836193088 0.07095908373594288 0.030295517295598984
v -0.05144087597727779 0.06596162915229802 0.03454696759581566
v -0.05144087597727779 0.06245168671011929 0.049649473279714584
v -0.04789213836193088 0.07095908373594288 0.030295517295598984
v -0.05144087597727779 0.06245168671011929 0.049649473279714584
v -0.04789213836193088 0.06767107546329502 0.04601007327437401
v -0.04789213836193088 0.06767107546329502 0.04601007327437401
v -0.05144087597727779 0.06245168671011929 0.049649473279714584
v -0.05144087597727779 0.05998421832919125 0.05709218606352806
v -0.04789213836193088 0.06767107546329502 0.04601007327437401
v -0.05144087597727779 0.05998421832919125 0.05709218606352806
v -0.04789213836193088 0.0652663037180901 0.05374252423644066
v -0.04789213836193088 0.0652663037180901 0.05374252423644066
v -0.05144087597727779 0.05998421832919125 0.05709218606352806
v -0.05144087597727779 0.05707471445202831 0.06442397087812424
v -0.04789213836193088 0.0652663037180901 0.05374252423644066
v -0.05144087597727779 0.05707471445202831 0.06442397087812424
v -0.04789213836193088 0.062387246638536495 0.061343368142843246
v -0.04789213836193088 0.062387246638536495 0.061343368142843246
v -0.05144087597727779 0.05707471445202831 0.06442397087812424
v -0.05144087597727779 0.050405543297529255 0.07886060327291489
v -0.04789213836193088 0.062387246638536495 0.061343368142843246
v -0.05144087597727779 0.050405543297529255 0.07886060327291489
v -0.04789213836193088 0.05570403113961223 0.0762629434466362
v -0.04789213836193088 0.05570403113961223 0.0762629434466362
v -0.05144087597727779 0.050405543297529255 0.07886060327291489
v -0.05144087597727779 0.04443982988595965 0.09378927201032639
v -0.04789213836193088 0.05570403113961223 0.0762629434466362
v -0.05144087597727779 0.04443982988595965 0.09378927201032639
v -0.04789213836193088 0.04972163960337642 0.09165244549512863
v -0.043776482343673734 0.06310589611530308 -0.026995185762643814
v -0.04789213836193088 0.06500238180160527 -0.015306685119867325
v -0.043776482343673734 0.068347841501236 -0.02067304030060768
v -0.043776482343673734 0.068347841501236 -0.02067304030060768
v -0.04789213836193088 0.06500238180160527 -0.015306685119867325
v -0.04789213836193088 0.06860952079296116 -0.008344534784555435
v -0.043776482343673734 0.068347841501236 -0.02067304030060768
v -0.04789213836193088 0.06860952079296116 -0.008344534784555435
v -0.043776482343673734 0.0722863227128983 -0.013529036194086075
v -0.043776482343673734 0.0722863227128983 -0.013529036194086075
v -0.04789213836193088 0.06860952079296116 -0.008344534784555435
v -0.04789213836193088 0.07085347920656208 -0.0009886663174256682
v -0.043776482343673734 0.0722863227128983 -0.013529036194086075
v -0.04789213836193088 0.07085347920656208 -0.0009886663174256682
v -0.043776482343673734 0.07479997724294668 -0.005963329691439867
v -0.043776482343673734 0.07479997724294668 -0.005963329691439867
v -0.04789213836193088 0.07085347920656208 -0.0009886663174256682
v -0.04789213836193088 0.0717946290969849 0.006518478970974684
v -0.043776482343673734 0.07479997724294668 -0.005963329691439867
v -0.04789213836193088 0.0717946290969849 0.006518478970974684
v -0.043776482343673734 0.07595291733741766 0.0017680783057585359
v -0.043776482343673734 0.07595291733741766 0.0017680783057585359
v -0.04789213836193088 0.0717946290969849 0.006518478970974684
v -0.04789213836193088 0.07205893099308018 0.014400508254766464
v -0.043776482343673734 0.07595291733741766 0.0017680783057585359
v -0.04789213836193088 0.07205893099308018 0.014400508254766464
v -0.043776482343673734 0.076402097940445 0.009903904050588608
v -0.043776482343673734 0.076402097940445 0.009903904050588608
v -0.04789213836193088 0.07205893099308018 0.014400508254766464
v -0.04789213836193088 0.07178498059511189 0.022343572229146957
v -0.043776482343673734 0.076402097940445 0.009903904050588608
v -0.04789213836193088 0.07178498059511189 0.022343572229146957
v -0.043776482343673734 0.07629145681858068 0.018113788217306137
v -0.043776482343673734 0.07629145681858068 0.018113788217306137
v -0.04789213836193088 0.07178498059511189 0.022343572229146957
v -0.04789213836193088 0.07095908373594288 0.030295517295598984
v -0.043776482343673734 0.07629145681858068 0.018113788217306137
v -0.04789213836193088 0.07095908373594288 0.030295517295598984
v -0.043776482343673734 0.0756059810519219 0.02634235844016075
v -0.043776482343673734 0.0756059810519219 0.02634235844016075
v -0.04789213836193088 0.07095908373594288 0.030295517295598984
v -0.043776482343673734 0.07434299588203436 0.034528698772192
v -0.003546169260516765 0.09011231362819677 -0.02526143565773964
v -0.003546169260516765 0.09208652377128607 -0.016664359718561172
v -0.0015107626095414173 0.09207741916179663 -0.016654077917337418
v -0.0015107626095414173 0.09207741916179663 -0.016654077917337418
v -0.003546169260516765 0.09208652377128607 -0.016664359718561172
v -0.003546169260516765 0.09325425326824194 -0.007542733568698168
v -0.0015107626095414173 0.09207741916179663 -0.016654077917337418
v -0.003546169260516765 0.09325425326824194 -0.007542733568698168
v -0.0015107626095414173 0.09324484318494802 -0.007532898802310228
v -0.0015107626095414173 0.09324484318494802 -0.007532898802310228
v -0.003546169260516765 0.09325425326824194 -0.007542733568698168
v -0.003546169260516765 0.09377653896808631 0.0017052252078428864
v -0.0015107626095414173 0.09324484318494802 -0.007532898802310228
v -0.003546169260516765 0.09377653896808631 0.0017052252078428864
v -0.0015107626095414173 0.09376671910285957 0.0017147023463621736
v -0.0015107626095414173 0.09376671910285957 0.0017147023463621736
v -0.003546169260516765 0.09377653896808631 0.0017052252078428864
v -0.003546169260516765 0.0936343669891358 0.01100742444396019
v -0.0015107626095414173 0.09376671910285957 0.0017147023463621736
v -0.003546169260516765 0.0936343669891358 0.01100742444396019
v -0.0015107626095414173 0.09362411499023443 0.011016305536031723
v -0.0015107626095414173 0.09362411499023443 0.011016305536031723
v -0.003546169260516765 0.0936343669891358 0.01100742444396019
v -0.003546169260516765 0.09282462298870092 0.020295586436986923
v -0.0015107626095414173 0.09362411499023443 0.011016305536031723
v -0.003546169260516765 0.09282462298870092 0.020295586436986923
v -0.0015107626095414173 0.09281399846076971 0.020303841680288315
v -0.0015107626095414173 0.09281399846076971 0.020303841680288315
v -0.003546169260516765 0.09282462298870092 0.020295586436986923
v -0.003546169260516765 0.09135308116674429 0.029498454183340073
v -0.0015107626095414173 0.09281399846076971 0.020303841680288315
v -0.003546169260516765 0.09135308116674429 0.029498454183340073
v -0.0015107626095414173 0.09134234488010412 0.029506053775548935
v -0.0015107626095414173 0.09134234488010412 0.029506053775548935
v -0.003546169260516765 0.09135308116674429 0.029498454183340073
v -0.003546169260516765 0.0892327949404717 0.03854500874876976
v -0.0015107626095414173 0.09134234488010412 0.029506053775548935
v -0.003546169260516765 0.0892327949404717 0.03854500874876976
v -0.0015107626095414173 0.08922193199396139 0.03855198249220848
v -0.0015107626095414173 0.08922193199396139 0.03855198249220848
v -0.003546169260516765 0.0892327949404717 0.03854500874876976
v -0.003546169260516765 0.08649055659770971 0.047366973012685776
v -0.0015107626095414173 0.08922193199396139 0.03855198249220848
v -0.003546169260516765 0.08649055659770971 0.047366973012685776
v -0.0015107626095414173 0.08647953718900686 0.04737338051199913
v -0.0015107626095414173 0.08647953718900686 0.04737338051199913
v -0.003546169260516765 0.08649055659770971 0.047366973012685776
v -0.003546169260516765 0.07973977178335195 0.06447502225637436
v -0.0015107626095414173 0.08647953718900686 0.04737338051199913
v -0.003546169260516765 0.07973977178335195 0.06447502225637436
v -0.0015107626095414173 0.07972849905490881 0.0644802674651146
v -0.0015107626095414173 0.07972849905490881 0.0644802674651146
v -0.003546169260516765 0.07973977178335195 0.06447502225637436
v -0.003546169260516765 0.07367718964815145 0.08195274323225021
v -0.0015107626095414173 0.07972849905490881 0.0644802674651146
v -0.003546169260516765 0.07367718964815145 0.08195274323225021
v 0.00299041345715523 0.0735712423920632 0.08199369162321091
v -0.003546169260516765 0.08133105188608175 -0.0414949394762516
v -0.003546169260516765 0.08655498921871191 -0.033643756061792374
v -0.0015107626095414173 0.08413890004158026 -0.037653181701898575
v -0.0015107626095414173 0.08654720336198812 -0.033632341772317886
v -0.0015107626095414173 0.08853443711996084 -0.029481206089258194
v 0.00299041345715523 0.08846280723810201 -0.029385093599557877
v 0.00299041345715523 0.08846280723810201 -0.029385093599557877
v -0.0015107626095414173 0.08853443711996084 -0.029481206089258194
v 0.00299041345715523 0.09002938866615301 -0.025155965238809586
v 0.00299041345715523 0.08846280723810201 -0.029385093599557877
v 0.00299041345715523 0.09002938866615301 -0.025155965238809586
v 0.0073463190346956305 0.08979634195566183 -0.024861548095941544
v -0.05668956786394123 0.05016848072409633 -0.002944294596090913
v -0.05837079882621769 0.046677850186824826 0.00354492268525064
v -0.05837079882621769 0.049776036292314564 0.009118761867284775
v -0.0391553342342377 0.059130147099494976 -0.03719720616936684
v -0.043776482343673734 0.06310589611530308 -0.026995185762643814
v -0.0391553342342377 0.06578722596168522 -0.031979743391275406
v -0.0391553342342377 0.06578722596168522 -0.031979743391275406
v -0.043776482343673734 0.06310589611530308 -0.026995185762643814
v -0.043776482343673734 0.068347841501236 -0.02067304030060768
v -0.0391553342342377 0.06578722596168522 -0.031979743391275406
v -0.043776482343673734 0.068347841501236 -0.02067304030060768
v -0.0391553342342377 0.07137917727231984 -0.025535348802804947
v -0.0391553342342377 0.07137917727231984 -0.025535348802804947
v -0.043776482343673734 0.068347841501236 -0.02067304030060768
v -0.043776482343673734 0.0722863227128983 -0.013529036194086075
v -0.0391553342342377 0.07137917727231984 -0.025535348802804947
v -0.043776482343673734 0.0722863227128983 -0.013529036194086075
v -0.0391553342342377 0.07561787217855459 -0.018226567655801773
v -0.0391553342342377 0.07561787217855459 -0.018226567655801773
v -0.043776482343673734 0.0722863227128983 -0.013529036194086075
v -0.043776482343673734 0.07479997724294668 -0.005963329691439867
v -0.0391553342342377 0.07561787217855459 -0.018226567655801773
v -0.043776482343673734 0.07479997724294668 -0.005963329691439867
v -0.0391553342342377 0.07837579399347311 -0.010470602661371231
v -0.0391553342342377 0.07837579399347311 -0.010470602661371231
v -0.043776482343673734 0.07479997724294668 -0.005963329691439867
v -0.043776482343673734 0.07595291733741766 0.0017680783057585359
v -0.0391553342342377 0.07837579399347311 -0.010470602661371231
v -0.043776482343673734 0.07595291733741766 0.0017680783057585359
v -0.0391553342342377 0.07972061634063726 -0.002536181593313813
v -0.0391553342342377 0.07972061634063726 -0.002536181593313813
v -0.043776482343673734 0.07595291733741766 0.0017680783057585359
v -0.043776482343673734 0.076402097940445 0.009903904050588608
v -0.0391553342342377 0.07972061634063726 -0.002536181593313813
v -0.043776482343673734 0.076402097940445 0.009903904050588608
v -0.0391553342342377 0.08033735305070883 0.005829628091305494
v -0.0391553342342377 0.08033735305070883 0.005829628091305494
v -0.043776482343673734 0.076402097940445 0.009903904050588608
v -0.043776482343673734 0.07629145681858068 0.018113788217306137
v -0.0391553342342377 0.08033735305070883 0.005829628091305494
v -0.043776482343673734 0.07629145681858068 0.018113788217306137
v -0.0391553342342377 0.08037465810775762 0.014281418174505234
v -0.0391553342342377 0.08037465810775762 0.014281418174505234
v -0.043776482343673734 0.07629145681858068 0.018113788217306137
v -0.043776482343673734 0.0756059810519219 0.02634235844016075
v -0.0391553342342377 0.08037465810775762 0.014281418174505234
v -0.043776482343673734 0.0756059810519219 0.02634235844016075
v -0.0391553342342377 0.07981634885072714 0.022760625928640366
v -0.0391553342342377 0.07981634885072714 0.022760625928640366
v -0.043776482343673734 0.0756059810519219 0.02634235844016075
v -0.043776482343673734 0.07434299588203436 0.034528698772192
v -0.0391553342342377 0.07981634885072714 0.022760625928640366
v -0.043776482343673734 0.07434299588203436 0.034528698772192
v -0.0391553342342377 0.07865946739912039 0.031204309314489365
v -0.0391553342342377 0.07865946739912039 0.031204309314489365
v -0.043776482343673734 0.07434299588203436 0.034528698772192
v -0.043776482343673734 0.07252433151006703 0.042626019567251205
v -0.0391553342342377 0.07865946739912039 0.031204309314489365
v -0.043776482343673734 0.07252433151006703 0.042626019567251205
v -0.0391553342342377 0.07692166417837148 0.039559897035360336
v -0.0391553342342377 0.07692166417837148 0.039559897035360336
v -0.043776482343673734 0.07252433151006703 0.042626019567251205
v -0.043776482343673734 0.07017786055803303 0.050627853721380234
v -0.0391553342342377 0.07692166417837148 0.039559897035360336
v -0.043776482343673734 0.07017786055803303 0.050627853721380234
v -0.0391553342342377 0.07462801784276968 0.04780581220984459
v -0.0391553342342377 0.07462801784276968 0.04780581220984459
v -0.043776482343673734 0.07017786055803303 0.050627853721380234
v -0.043776482343673734 0.06732708960771565 0.05847891792654991
v -0.0391553342342377 0.07462801784276968 0.04780581220984459
v -0.043776482343673734 0.06732708960771565 0.05847891792654991
v -0.0391553342342377 0.07180283218622212 0.055883582681417465
v -0.0391553342342377 0.07180283218622212 0.055883582681417465
v -0.043776482343673734 0.06732708960771565 0.05847891792654991
v -0.043776482343673734 0.060630690306425136 0.0738474652171135
v -0.0391553342342377 0.07180283218622212 0.055883582681417465
v -0.043776482343673734 0.060630690306425136 0.0738474652171135
v -0.0391553342342377 0.06509438157081608 0.07165884226560593
v -0.0391553342342377 0.06509438157081608 0.07165884226560593
v -0.043776482343673734 0.060630690306425136 0.0738474652171135
v -0.043776482343673734 0.05463266000151638 0.08966537564992905
v -0.0391553342342377 0.06509438157081608 0.07165884226560593
v -0.043776482343673734 0.05463266000151638 0.08966537564992905
v -0.0391553342342377 0.05908203497529034 0.08786483854055405
v -0.034109439700841925 0.05347478017210964 -0.045404646545648575
v -0.0391553342342377 0.059130147099494976 -0.03719720616936684
v -0.034109439700841925 0.06114969775080685 -0.041642073541879654
v -0.034109439700841925 0.06114969775080685 -0.041642073541879654
v -0.0391553342342377 0.059130147099494976 -0.03719720616936684
v -0.0391553342342377 0.06578722596168522 -0.031979743391275406
v -0.034109439700841925 0.06114969775080685 -0.041642073541879654
v -0.0391553342342377 0.06578722596168522 -0.031979743391275406
v -0.034109439700841925 0.06814745813608174 -0.03636733070015907
v -0.034109439700841925 0.06814745813608174 -0.03636733070015907
v -0.0391553342342377 0.06578722596168522 -0.031979743391275406
v -0.0391553342342377 0.07137917727231984 -0.025535348802804947
v -0.034109439700841925 0.06814745813608174 -0.03636733070015907
v -0.0391553342342377 0.07137917727231984 -0.025535348802804947
v -0.034109439700841925 0.07404754310846334 -0.02981529012322426
v -0.034109439700841925 0.07404754310846334 -0.02981529012322426
v -0.0391553342342377 0.07137917727231984 -0.025535348802804947
v -0.0391553342342377 0.07561787217855459 -0.018226567655801773
v -0.034109439700841925 0.07404754310846334 -0.02981529012322426
v -0.0391553342342377 0.07561787217855459 -0.018226567655801773
v -0.034109439700841925 0.07855048775672918 -0.02236137166619301
v -0.034109439700841925 0.07855048775672918 -0.02236137166619301
v -0.0391553342342377 0.07561787217855459 -0.018226567655801773
v -0.0391553342342377 0.07837579399347311 -0.010470602661371231
v -0.034109439700841925 0.07855048775672918 -0.02236137166619301
v -0.0391553342342377 0.07837579399347311 -0.010470602661371231
v -0.034109439700841925 0.08152331411838537 -0.014437858015298843
v -0.034109439700841925 0.08152331411838537 -0.014437858015298843
v -0.0391553342342377 0.07837579399347311 -0.010470602661371231
v -0.0391553342342377 0.07972061634063726 -0.002536181593313813
v -0.034109439700841925 0.08152331411838537 -0.014437858015298843
v -0.0391553342342377 0.07972061634063726 -0.002536181593313813
v -0.034109439700841925 0.0830370113253594 -0.006324921268969774
v -0.034109439700841925 0.0830370113253594 -0.006324921268969774
v -0.0391553342342377 0.07972061634063726 -0.002536181593313813
v -0.0391553342342377 0.08033735305070883 0.005829628091305494
v -0.034109439700841925 0.0830370113253594 -0.006324921268969774
v -0.0391553342342377 0.08033735305070883 0.005829628091305494
v -0.034109439700841925 0.08380128443241125 0.0022433956619352102
v -0.034109439700841925 0.08380128443241125 0.0022433956619352102
v -0.0391553342342377 0.08033735305070883 0.005829628091305494
v -0.0391553342342377 0.08037465810775762 0.014281418174505234
v -0.034109439700841925 0.08380128443241125 0.0022433956619352102
v -0.0391553342342377 0.08037465810775762 0.014281418174505234
v -0.034109439700841925 0.0839687809348107 0.010908182710409164
v -0.034109439700841925 0.0839687809348107 0.010908182710409164
v -0.0391553342342377 0.08037465810775762 0.014281418174505234
v -0.0391553342342377 0.07981634885072714 0.022760625928640366
v -0.034109439700841925 0.0839687809348107 0.010908182710409164
v -0.0391553342342377 0.07981634885072714 0.022760625928640366
v -0.034109439700841925 0.08352235704660421 0.019608046859502792
v -0.034109439700841925 0.08352235704660421 0.019608046859502792
v -0.0391553342342377 0.07981634885072714 0.022760625928640366
v -0.0391553342342377 0.07865946739912039 0.031204309314489365
v -0.034109439700841925 0.08352235704660421 0.019608046859502792
v -0.0391553342342377 0.07865946739912039 0.031204309314489365
v -0.034109439700841925 0.08245880901813513 0.028278198093175888
v -0.034109439700841925 0.08245880901813513 0.028278198093175888
v -0.0391553342342377 0.07865946739912039 0.031204309314489365
v -0.0391553342342377 0.07692166417837148 0.039559897035360336
v -0.034109439700841925 0.08245880901813513 0.028278198093175888
v -0.0391553342342377 0.07692166417837148 0.039559897035360336
v -0.034109439700841925 0.08079223334789282 0.03686114773154259
v -0.034109439700841925 0.08079223334789282 0.03686114773154259
v -0.0391553342342377 0.07692166417837148 0.039559897035360336
v -0.0391553342342377 0.07462801784276968 0.04780581220984459
v -0.034109439700841925 0.08079223334789282 0.03686114773154259
v -0.0391553342342377 0.07462801784276968 0.04780581220984459
v -0.034109439700841925 0.07854508608579641 0.04532184824347496
v -0.034109439700841925 0.07854508608579641 0.04532184824347496
v -0.0391553342342377 0.07462801784276968 0.04780581220984459
v -0.0391553342342377 0.07180283218622212 0.055883582681417465
v -0.034109439700841925 0.07854508608579641 0.04532184824347496
v -0.0391553342342377 0.07180283218622212 0.055883582681417465
v -0.034109439700841925 0.07574236392974859 0.053599175065755844
v -0.034109439700841925 0.07574236392974859 0.053599175065755844
v -0.0391553342342377 0.07180283218622212 0.055883582681417465
v -0.0391553342342377 0.06509438157081608 0.07165884226560593
v -0.034109439700841925 0.07574236392974859 0.053599175065755844
v -0.0391553342342377 0.06509438157081608 0.07165884226560593
v -0.034109439700841925 0.06902316212654118 0.06973233073949814
v -0.034109439700841925 0.06902316212654118 0.06973233073949814
v -0.0391553342342377 0.06509438157081608 0.07165884226560593
v -0.0391553342342377 0.05908203497529034 0.08786483854055405
v -0.034109439700841925 0.06902316212654118 0.06973233073949814
v -0.0391553342342377 0.05908203497529034 0.08786483854055405
v -0.034109439700841925 0.0629980713129044 0.08627986162900925
v -0.05668956786394123 0.0192231982946396 -0.01856813207268715
v -0.05668956786394123 0.01617436483502389 -0.019257668405771255
v -0.05837079882621769 0.016037845984101306 -0.013434592634439468
v -0.05837079882621769 0.023973768576979654 -0.011077646166086197
v -0.05668956786394123 0.0192231982946396 -0.01856813207268715
v -0.05837079882621769 0.018858937546610846 -0.012644592672586441
v -0.05837079882621769 0.018858937546610846 -0.012644592672586441
v -0.05668956786394123 0.0192231982946396 -0.01856813207268715
v -0.05837079882621769 0.016037845984101306 -0.013434592634439468
v -0.05837079882621769 0.018858937546610846 -0.012644592672586441
v -0.05837079882621769 0.016037845984101306 -0.013434592634439468
v -0.059444963932037395 0.01590200886130334 -0.007637713570147753
v -0.05437964573502544 0.016309328377246867 -0.025011185556650162
v -0.05668956786394123 0.01617436483502389 -0.019257668405771255
v -0.05437964573502544 0.019583122804760947 -0.024420741945505142
v -0.05437964573502544 0.019583122804760947 -0.024420741945505142
v -0.05668956786394123 0.01617436483502389 -0.019257668405771255
v -0.05668956786394123 0.0192231982946396 -0.01856813207268715
v -0.05437964573502544 0.019583122804760947 -0.024420741945505142
v -0.05668956786394123 0.0192231982946396 -0.01856813207268715
v -0.05668956786394123 0.024855354800820368 -0.017197225242853165
v -0.05668956786394123 0.024855354800820368 -0.017197225242853165
v -0.05668956786394123 0.0192231982946396 -0.01856813207268715
v -0.05837079882621769 0.023973768576979654 -0.011077646166086197
v -0.05668956786394123 0.024855354800820368 -0.017197225242853165
v -0.05837079882621769 0.023973768576979654 -0.011077646166086197
v -0.05837079882621769 0.02902130223810675 -0.00952884927392006
v -0.051132198423147236 0.012499999254941949 -0.030689630657434464
v -0.04789213836193088 0.016565082594752322 -0.03590348735451698
v -0.051132198423147236 0.012499999254941949 -0.030689630657434464
v -0.05144087597727779 0.016440382227301608 -0.030594561249017715
v -0.04789213836193088 0.016565082594752322 -0.03590348735451698
v -0.05144087597727779 0.016440382227301608 -0.030594561249017715
v -0.04789213836193088 0.020264567807316794 -0.03550005331635475
v -0.04789213836193088 0.020264567807316794 -0.03550005331635475
v -0.05144087597727779 0.016440382227301608 -0.030594561249017715
v -0.05144087597727779 0.01993242092430593 -0.030100081115961075
v -0.04789213836193088 0.020264567807316794 -0.03550005331635475
v -0.05144087597727779 0.01993242092430593 -0.030100081115961075
v -0.05144087597727779 0.02657167054712774 -0.02911076322197914
v -0.05144087597727779 0.02657167054712774 -0.02911076322197914
v -0.05144087597727779 0.01993242092430593 -0.030100081115961075
v -0.05437964573502544 0.025726398453116434 -0.02324352040886879
v -0.05144087597727779 0.02657167054712774 -0.02911076322197914
v -0.05437964573502544 0.025726398453116434 -0.02324352040886879
v -0.05437964573502544 0.031824953854084036 -0.022080156952142715
v -0.05437964573502544 0.031824953854084036 -0.022080156952142715
v -0.05437964573502544 0.025726398453116434 -0.02324352040886879
v -0.05668956786394123 0.03043157234787943 -0.015842322260141373
v -0.05437964573502544 0.031824953854084036 -0.022080156952142715
v -0.05668956786394123 0.03043157234787943 -0.015842322260141373
v -0.05668956786394123 0.035638853907585165 -0.014205966144800186
v -0.05668956786394123 0.035638853907585165 -0.014205966144800186
v -0.05668956786394123 0.03043157234787943 -0.015842322260141373
v -0.05837079882621769 0.03371098637580874 -0.007722799200564623
v -0.05668956786394123 0.035638853907585165 -0.014205966144800186
v -0.05837079882621769 0.03371098637580874 -0.007722799200564623
v -0.05837079882621769 0.038357529789209394 -0.0049792868085205555
v -0.03900647163391116 0.012499999254941949 -0.0453127957880497
v -0.04353211075067523 0.012499999254941949 -0.040787164121866226
v -0.0391553342342377 0.0167863927781582 -0.04531339183449745
v -0.0391553342342377 0.0167863927781582 -0.04531339183449745
v -0.04353211075067523 0.012499999254941949 -0.040787164121866226
v -0.043776482343673734 0.016681134700775157 -0.040840212255716324
v -0.0391553342342377 0.0167863927781582 -0.04531339183449745
v -0.043776482343673734 0.016681134700775157 -0.040840212255716324
v -0.0391553342342377 0.020853342488408103 -0.0450705923140049
v -0.0391553342342377 0.020853342488408103 -0.0450705923140049
v -0.043776482343673734 0.016681134700775157 -0.040840212255716324
v -0.043776482343673734 0.020573446527123465 -0.040521178394556046
v -0.0391553342342377 0.020853342488408103 -0.0450705923140049
v -0.043776482343673734 0.020573446527123465 -0.040521178394556046
v -0.043776482343673734 0.028122728690505045 -0.039876583963632584
v -0.043776482343673734 0.028122728690505045 -0.039876583963632584
v -0.043776482343673734 0.020573446527123465 -0.040521178394556046
v -0.04789213836193088 0.027375383302569407 -0.034689370542764664
v -0.043776482343673734 0.028122728690505045 -0.039876583963632584
v -0.04789213836193088 0.027375383302569407 -0.034689370542764664
v -0.04789213836193088 0.03446268662810328 -0.033888641744852066
v -0.04789213836193088 0.03446268662810328 -0.033888641744852066
v -0.04789213836193088 0.027375383302569407 -0.034689370542764664
v -0.05144087597727779 0.033177077770233175 -0.02813330665230751
v -0.04789213836193088 0.03446268662810328 -0.033888641744852066
v -0.05144087597727779 0.033177077770233175 -0.02813330665230751
v -0.05144087597727779 0.03939205408096316 -0.02682763710618019
v -0.05144087597727779 0.03939205408096316 -0.02682763710618019
v -0.05144087597727779 0.033177077770233175 -0.02813330665230751
v -0.05437964573502544 0.03754364699125293 -0.020611587911844254
v -0.05144087597727779 0.03939205408096316 -0.02682763710618019
v -0.05437964573502544 0.03754364699125293 -0.020611587911844254
v -0.05437964573502544 0.04324425756931308 -0.018046025186777115
v -0.05437964573502544 0.04324425756931308 -0.018046025186777115
v -0.05437964573502544 0.03754364699125293 -0.020611587911844254
v -0.05668956786394123 0.040815617889165906 -0.011551950126886368
v -0.05437964573502544 0.04324425756931308 -0.018046025186777115
v -0.05668956786394123 0.040815617889165906 -0.011551950126886368
v -0.05668956786394123 0.04576498270034793 -0.007782910484820604
v -0.05668956786394123 0.04576498270034793 -0.007782910484820604
v -0.05668956786394123 0.040815617889165906 -0.011551950126886368
v -0.05837079882621769 0.04277788102626803 -0.0012090246891602874
v -0.05668956786394123 0.04576498270034793 -0.007782910484820604
v -0.05837079882621769 0.04277788102626803 -0.0012090246891602874
v -0.05837079882621769 0.046677850186824826 0.00354492268525064
v -0.04353211075067523 0.012499999254941949 -0.040787164121866226
v -0.04690988734364513 0.012499999254941949 -0.03740939870476723
v -0.043776482343673734 0.016681134700775157 -0.040840212255716324
v -0.043776482343673734 0.016681134700775157 -0.040840212255716324
v -0.04690988734364513 0.012499999254941949 -0.03740939870476723
v -0.04789213836193088 0.016565082594752322 -0.03590348735451698
v -0.043776482343673734 0.016681134700775157 -0.040840212255716324
v -0.04789213836193088 0.016565082594752322 -0.03590348735451698
v -0.043776482343673734 0.020573446527123465 -0.040521178394556046
v -0.043776482343673734 0.020573446527123465 -0.040521178394556046
v -0.04789213836193088 0.016565082594752322 -0.03590348735451698
v -0.04789213836193088 0.020264567807316794 -0.03550005331635475
v -0.043776482343673734 0.020573446527123465 -0.040521178394556046
v -0.04789213836193088 0.020264567807316794 -0.03550005331635475
v -0.04789213836193088 0.027375383302569407 -0.034689370542764664
v -0.04789213836193088 0.027375383302569407 -0.034689370542764664
v -0.04789213836193088 0.020264567807316794 -0.03550005331635475
v -0.05144087597727779 0.02657167054712774 -0.02911076322197914
v -0.04789213836193088 0.027375383302569407 -0.034689370542764664
v -0.05144087597727779 0.02657167054712774 -0.02911076322197914
v -0.05144087597727779 0.033177077770233175 -0.02813330665230751
v -0.05144087597727779 0.033177077770233175 -0.02813330665230751
v -0.05144087597727779 0.02657167054712774 -0.02911076322197914
v -0.05437964573502544 0.031824953854084036 -0.022080156952142715
v -0.05144087597727779 0.033177077770233175 -0.02813330665230751
v -0.05437964573502544 0.031824953854084036 -0.022080156952142715
v -0.05437964573502544 0.03754364699125293 -0.020611587911844254
v -0.05437964573502544 0.03754364699125293 -0.020611587911844254
v -0.05437964573502544 0.031824953854084036 -0.022080156952142715
v -0.05668956786394123 0.035638853907585165 -0.014205966144800186
v -0.05437964573502544 0.03754364699125293 -0.020611587911844254
v -0.05668956786394123 0.035638853907585165 -0.014205966144800186
v -0.05668956786394123 0.040815617889165906 -0.011551950126886368
v -0.05668956786394123 0.040815617889165906 -0.011551950126886368
v -0.05668956786394123 0.035638853907585165 -0.014205966144800186
v -0.05837079882621769 0.038357529789209394 -0.0049792868085205555
v -0.05668956786394123 0.040815617889165906 -0.011551950126886368
v -0.05837079882621769 0.038357529789209394 -0.0049792868085205555
v -0.05837079882621769 0.04277788102626803 -0.0012090246891602874
v -0.028731683269143125 0.02130905352532865 -0.052475783973932266
v -0.034109439700841925 0.021099746227264418 -0.04907498136162758
v -0.034109439700841925 0.02939593791961672 -0.04871318116784096
v -0.034109439700841925 0.02939593791961672 -0.04871318116784096
v -0.034109439700841925 0.021099746227264418 -0.04907498136162758
v -0.0391553342342377 0.028799884021282217 -0.04457644000649452
v -0.034109439700841925 0.02939593791961672 -0.04871318116784096
v -0.0391553342342377 0.028799884021282217 -0.04457644000649452
v -0.0391553342342377 0.036741208285093335 -0.0440889336168766
v -0.0391553342342377 0.036741208285093335 -0.0440889336168766
v -0.0391553342342377 0.028799884021282217 -0.04457644000649452
v -0.043776482343673734 0.03565810248255732 -0.03924018517136574
v -0.0391553342342377 0.036741208285093335 -0.0440889336168766
v -0.043776482343673734 0.03565810248255732 -0.03924018517136574
v -0.043776482343673734 0.0427837669849396 -0.038233909755945206
v -0.043776482343673734 0.0427837669849396 -0.038233909755945206
v -0.043776482343673734 0.03565810248255732 -0.03924018517136574
v -0.04789213836193088 0.04114955291152003 -0.032738033682107925
v -0.043776482343673734 0.0427837669849396 -0.038233909755945206
v -0.04789213836193088 0.04114955291152003 -0.032738033682107925
v -0.04789213836193088 0.04784176871180538 -0.030340079218149185
v -0.04789213836193088 0.04784176871180538 -0.030340079218149185
v -0.04789213836193088 0.04114955291152003 -0.032738033682107925
v -0.05144087597727779 0.04560098052024844 -0.02434796467423439
v -0.04789213836193088 0.04784176871180538 -0.030340079218149185
v -0.05144087597727779 0.04560098052024844 -0.02434796467423439
v -0.05144087597727779 0.05158038064837459 -0.020581338554620743
v -0.05144087597727779 0.05158038064837459 -0.020581338554620743
v -0.05144087597727779 0.04560098052024844 -0.02434796467423439
v -0.05437964573502544 0.04871635138988498 -0.01427820697426796
v -0.05144087597727779 0.05158038064837459 -0.020581338554620743
v -0.05437964573502544 0.04871635138988498 -0.01427820697426796
v -0.05437964573502544 0.053617395460605656 -0.009355966001749039
v -0.05437964573502544 0.053617395460605656 -0.009355966001749039
v -0.05437964573502544 0.04871635138988498 -0.01427820697426796
v -0.05668956786394123 0.05016848072409633 -0.002944294596090913
v -0.05437964573502544 0.053617395460605656 -0.009355966001749039
v -0.05668956786394123 0.05016848072409633 -0.002944294596090913
v -0.05668956786394123 0.053722102195024525 0.0027884801384061575
v -0.05668956786394123 0.053722102195024525 0.0027884801384061575
v -0.05668956786394123 0.05016848072409633 -0.002944294596090913
v -0.05837079882621769 0.049776036292314564 0.009118761867284775
v -0.05668956786394123 0.053722102195024525 0.0027884801384061575
v -0.05837079882621769 0.049776036292314564 0.009118761867284775
v -0.05837079882621769 0.05187495797872547 0.01525401696562767
v -0.051132198423147236 0.012499999254941949 -0.030689630657434464
v -0.05405813083052639 0.012499999254941949 -0.02603301778435707
v -0.05144087597727779 0.016440382227301608 -0.030594561249017715
v -0.05144087597727779 0.016440382227301608 -0.030594561249017715
v -0.05405813083052639 0.012499999254941949 -0.02603301778435707
v -0.05437964573502544 0.016309328377246867 -0.025011185556650162
v -0.05144087597727779 0.016440382227301608 -0.030594561249017715
v -0.05437964573502544 0.016309328377246867 -0.025011185556650162
v -0.05144087597727779 0.01993242092430593 -0.030100081115961075
v -0.05144087597727779 0.01993242092430593 -0.030100081115961075
v -0.05437964573502544 0.016309328377246867 -0.025011185556650162
v -0.05437964573502544 0.019583122804760947 -0.024420741945505142
v -0.05144087597727779 0.01993242092430593 -0.030100081115961075
v -0.05437964573502544 0.019583122804760947 -0.024420741945505142
v -0.05437964573502544 0.025726398453116434 -0.02324352040886879
v -0.05437964573502544 0.025726398453116434 -0.02324352040886879
v -0.05437964573502544 0.019583122804760947 -0.024420741945505142
v -0.05668956786394123 0.024855354800820368 -0.017197225242853165
v -0.05437964573502544 0.025726398453116434 -0.02324352040886879
v -0.05668956786394123 0.024855354800820368 -0.017197225242853165
v -0.05668956786394123 0.03043157234787943 -0.015842322260141373
v -0.05668956786394123 0.03043157234787943 -0.015842322260141373
v -0.05668956786394123 0.024855354800820368 -0.017197225242853165
v -0.05837079882621769 0.02902130223810675 -0.00952884927392006
v -0.05668956786394123 0.03043157234787943 -0.015842322260141373
v -0.05837079882621769 0.02902130223810675 -0.00952884927392006
v -0.05837079882621769 0.03371098637580874 -0.007722799200564623
v -0.028731683269143125 0.04667466878890994 -0.051319364458322525
v -0.034109439700841925 0.05347478017210964 -0.045404646545648575
v -0.028731683269143125 0.05488592758774761 -0.049178991466760635
v -0.028731683269143125 0.05488592758774761 -0.049178991466760635
v -0.034109439700841925 0.05347478017210964 -0.045404646545648575
v -0.034109439700841925 0.06114969775080685 -0.041642073541879654
v -0.028731683269143125 0.05488592758774761 -0.049178991466760635
v -0.034109439700841925 0.06114969775080685 -0.041642073541879654
v -0.028731683269143125 0.06286490708589558 -0.045417193323373795
v -0.028731683269143125 0.06286490708589558 -0.045417193323373795
v -0.034109439700841925 0.06114969775080685 -0.041642073541879654
v -0.034109439700841925 0.06814745813608174 -0.03636733070015907
v -0.028731683269143125 0.06286490708589558 -0.045417193323373795
v -0.034109439700841925 0.06814745813608174 -0.03636733070015907
v -0.028731683269143125 0.07015206664800648 -0.04009375348687172
v -0.028731683269143125 0.07015206664800648 -0.04009375348687172
v -0.034109439700841925 0.06814745813608174 -0.03636733070015907
v -0.034109439700841925 0.07404754310846334 -0.02981529012322426
v -0.028731683269143125 0.07015206664800648 -0.04009375348687172
v -0.034109439700841925 0.07404754310846334 -0.02981529012322426
v -0.028731683269143125 0.07631392031908041 -0.033450279384851456
v -0.028731683269143125 0.07631392031908041 -0.033450279384851456
v -0.034109439700841925 0.07404754310846334 -0.02981529012322426
v -0.034109439700841925 0.07855048775672918 -0.02236137166619301
v -0.028731683269143125 0.07631392031908041 -0.033450279384851456
v -0.034109439700841925 0.07855048775672918 -0.02236137166619301
v -0.028731683269143125 0.08104128390550619 -0.025873038917779922
v -0.028731683269143125 0.08104128390550619 -0.025873038917779922
v -0.034109439700841925 0.07855048775672918 -0.02236137166619301
v -0.034109439700841925 0.08152331411838537 -0.014437858015298843
v -0.028731683269143125 0.08104128390550619 -0.025873038917779922
v -0.034109439700841925 0.08152331411838537 -0.014437858015298843
v -0.028731683269143125 0.08419650048017507 -0.01780709996819496
v -0.028731683269143125 0.08419650048017507 -0.01780709996819496
v -0.034109439700841925 0.08152331411838537 -0.014437858015298843
v -0.034109439700841925 0.0830370113253594 -0.006324921268969774
v -0.028731683269143125 0.08419650048017507 -0.01780709996819496
v -0.034109439700841925 0.0830370113253594 -0.006324921268969774
v -0.028731683269143125 0.0858535990118981 -0.009542737156152725
v -0.028731683269143125 0.0858535990118981 -0.009542737156152725
v -0.034109439700841925 0.0830370113253594 -0.006324921268969774
v -0.034109439700841925 0.08380128443241125 0.0022433956619352102
v -0.028731683269143125 0.0858535990118981 -0.009542737156152725
v -0.034109439700841925 0.08380128443241125 0.0022433956619352102
v -0.028731683269143125 0.08674322813749319 -0.0008024018025025725
v -0.028731683269143125 0.08674322813749319 -0.0008024018025025725
v -0.034109439700841925 0.08380128443241125 0.0022433956619352102
v -0.034109439700841925 0.0839687809348107 0.010908182710409164
v -0.028731683269143125 0.08674322813749319 -0.0008024018025025725
v -0.034109439700841925 0.0839687809348107 0.010908182710409164
v -0.028731683269143125 0.08702127635478979 0.008043434470891953
v -0.028731683269143125 0.08702127635478979 0.008043434470891953
v -0.034109439700841925 0.0839687809348107 0.010908182710409164
v -0.034109439700841925 0.08352235704660421 0.019608046859502792
v -0.028731683269143125 0.08702127635478979 0.008043434470891953
v -0.034109439700841925 0.08352235704660421 0.019608046859502792
v -0.028731683269143125 0.0866698026657105 0.01693069562315941
v -0.028731683269143125 0.0866698026657105 0.01693069562315941
v -0.034109439700841925 0.08352235704660421 0.019608046859502792
v -0.034109439700841925 0.08245880901813513 0.028278198093175888
v -0.028731683269143125 0.0866698026657105 0.01693069562315941
v -0.034109439700841925 0.08245880901813513 0.028278198093175888
v -0.028731683269143125 0.08568546921014791 0.025793220847845078
v -0.028731683269143125 0.08568546921014791 0.025793220847845078
v -0.034109439700841925 0.08245880901813513 0.028278198093175888
v -0.034109439700841925 0.08079223334789282 0.03686114773154259
v -0.028731683269143125 0.08568546921014791 0.025793220847845078
v -0.034109439700841925 0.08079223334789282 0.03686114773154259
v -0.028731683269143125 0.08407942205667501 0.03456920012831688
v -0.028731683269143125 0.08407942205667501 0.03456920012831688
v -0.034109439700841925 0.08079223334789282 0.03686114773154259
v -0.034109439700841925 0.07854508608579641 0.04532184824347496
v -0.028731683269143125 0.08407942205667501 0.03456920012831688
v -0.034109439700841925 0.07854508608579641 0.04532184824347496
v -0.028731683269143125 0.0818717628717423 0.04321235045790672
v -0.028731683269143125 0.0818717628717423 0.04321235045790672
v -0.034109439700841925 0.07854508608579641 0.04532184824347496
v -0.034109439700841925 0.07574236392974859 0.053599175065755844
v -0.028731683269143125 0.0818717628717423 0.04321235045790672
v -0.034109439700841925 0.07574236392974859 0.053599175065755844
v -0.028731683269143125 0.07908806949853903 0.05165913328528404
v -0.028731683269143125 0.07908806949853903 0.05165913328528404
v -0.034109439700841925 0.07574236392974859 0.053599175065755844
v -0.034109439700841925 0.06902316212654118 0.06973233073949814
v -0.028731683269143125 0.07908806949853903 0.05165913328528404
v -0.034109439700841925 0.06902316212654118 0.06973233073949814
v -0.028731683269143125 0.07235959917306904 0.06809615343809128
v -0.028731683269143125 0.07235959917306904 0.06809615343809128
v -0.034109439700841925 0.06902316212654118 0.06973233073949814
v -0.034109439700841925 0.0629980713129044 0.08627986162900925
v -0.028731683269143125 0.07235959917306904 0.06809615343809128
v -0.034109439700841925 0.0629980713129044 0.08627986162900925
v -0.028731683269143125 0.06632349640131001 0.08493360131978989
v -0.02312232926487924 0.03916257992386821 -0.054928604513406754
v -0.028731683269143125 0.04667466878890994 -0.051319364458322525
v -0.02312232926487924 0.0475748144090176 -0.054346803575754166
v -0.02312232926487924 0.0475748144090176 -0.054346803575754166
v -0.028731683269143125 0.04667466878890994 -0.051319364458322525
v -0.028731683269143125 0.05488592758774761 -0.049178991466760635
v -0.02312232926487924 0.0475748144090176 -0.054346803575754166
v -0.028731683269143125 0.05488592758774761 -0.049178991466760635
v -0.02312232926487924 0.05603346601128582 -0.052248600870370865
v -0.02312232926487924 0.05603346601128582 -0.052248600870370865
v -0.028731683269143125 0.05488592758774761 -0.049178991466760635
v -0.028731683269143125 0.06286490708589558 -0.045417193323373795
v -0.02312232926487924 0.05603346601128582 -0.052248600870370865
v -0.028731683269143125 0.06286490708589558 -0.045417193323373795
v -0.02312232926487924 0.06425979733467106 -0.048487428575754166
v -0.02312232926487924 0.06425979733467106 -0.048487428575754166
v -0.028731683269143125 0.06286490708589558 -0.045417193323373795
v -0.028731683269143125 0.07015206664800648 -0.04009375348687172
v -0.02312232926487924 0.06425979733467106 -0.048487428575754166
v -0.028731683269143125 0.07015206664800648 -0.04009375348687172
v -0.02312232926487924 0.07178240269422535 -0.04312438145279884
v -0.02312232926487924 0.07178240269422535 -0.04312438145279884
v -0.028731683269143125 0.07015206664800648 -0.04009375348687172
v -0.028731683269143125 0.07631392031908041 -0.033450279384851456
v -0.02312232926487924 0.07178240269422535 -0.04312438145279884
v -0.028731683269143125 0.07631392031908041 -0.033450279384851456
v -0.02312232926487924 0.07815720140933996 -0.036406490951776505
v -0.02312232926487924 0.07815720140933996 -0.036406490951776505
v -0.028731683269143125 0.07631392031908041 -0.033450279384851456
v -0.028731683269143125 0.08104128390550619 -0.025873038917779922
v -0.02312232926487924 0.07815720140933996 -0.036406490951776505
v -0.028731683269143125 0.08104128390550619 -0.025873038917779922
v -0.02312232926487924 0.08306707441806799 -0.028728846460580826
v -0.02312232926487924 0.08306707441806799 -0.028728846460580826
v -0.028731683269143125 0.08104128390550619 -0.025873038917779922
v -0.028731683269143125 0.08419650048017507 -0.01780709996819496
v -0.02312232926487924 0.08306707441806799 -0.028728846460580826
v -0.028731683269143125 0.08419650048017507 -0.01780709996819496
v -0.02312232926487924 0.08637047559022909 -0.02054697647690773
v -0.02312232926487924 0.08637047559022909 -0.02054697647690773
v -0.028731683269143125 0.08419650048017507 -0.01780709996819496
v -0.028731683269143125 0.0858535990118981 -0.009542737156152725
v -0.02312232926487924 0.08637047559022909 -0.02054697647690773
v -0.028731683269143125 0.0858535990118981 -0.009542737156152725
v -0.02312232926487924 0.08814418315887457 -0.01215967908501625
v -0.02312232926487924 0.08814418315887457 -0.01215967908501625
v -0.028731683269143125 0.0858535990118981 -0.009542737156152725
v -0.028731683269143125 0.08674322813749319 -0.0008024018025025725
v -0.02312232926487924 0.08814418315887457 -0.01215967908501625
v -0.028731683269143125 0.08674322813749319 -0.0008024018025025725
v -0.02312232926487924 0.08913581818342214 -0.003279391909018159
v -0.02312232926487924 0.08913581818342214 -0.003279391909018159
v -0.028731683269143125 0.08674322813749319 -0.0008024018025025725
v -0.028731683269143125 0.08702127635478979 0.008043434470891953
v -0.02312232926487924 0.08913581818342214 -0.003279391909018159
v -0.028731683269143125 0.08702127635478979 0.008043434470891953
v -0.02312232926487924 0.08950372785329824 0.00571381626650691
v -0.02312232926487924 0.08950372785329824 0.00571381626650691
v -0.028731683269143125 0.08702127635478979 0.008043434470891953
v -0.028731683269143125 0.0866698026657105 0.01693069562315941
v -0.02312232926487924 0.08950372785329824 0.00571381626650691
v -0.028731683269143125 0.0866698026657105 0.01693069562315941
v -0.02312232926487924 0.08922939747571951 0.014753486961126328
v -0.02312232926487924 0.08922939747571951 0.014753486961126328
v -0.028731683269143125 0.0866698026657105 0.01693069562315941
v -0.028731683269143125 0.08568546921014791 0.025793220847845078
v -0.02312232926487924 0.08922939747571951 0.014753486961126328
v -0.028731683269143125 0.08568546921014791 0.025793220847845078
v -0.02312232926487924 0.08830941468477255 0.02377244457602501
v -0.02312232926487924 0.08830941468477255 0.02377244457602501
v -0.028731683269143125 0.08568546921014791 0.025793220847845078
v -0.028731683269143125 0.08407942205667501 0.03456920012831688
v -0.02312232926487924 0.08830941468477255 0.02377244457602501
v -0.028731683269143125 0.08407942205667501 0.03456920012831688
v -0.02312232926487924 0.0867526531219483 0.0327053926885128
v -0.02312232926487924 0.0867526531219483 0.0327053926885128
v -0.028731683269143125 0.08407942205667501 0.03456920012831688
v -0.028731683269143125 0.0818717628717423 0.04321235045790672
v -0.02312232926487924 0.0867526531219483 0.0327053926885128
v -0.028731683269143125 0.0818717628717423 0.04321235045790672
v -0.02312232926487924 0.08457710593938833 0.041496869176626205
v -0.02312232926487924 0.08457710593938833 0.041496869176626205
v -0.028731683269143125 0.0818717628717423 0.04321235045790672
v -0.028731683269143125 0.07908806949853903 0.05165913328528404
v -0.02312232926487924 0.08457710593938833 0.041496869176626205
v -0.028731683269143125 0.07908806949853903 0.05165913328528404
v -0.02312232926487924 0.08180882781744009 0.050081517547369
v -0.02312232926487924 0.08180882781744009 0.050081517547369
v -0.028731683269143125 0.07908806949853903 0.05165913328528404
v -0.028731683269143125 0.07235959917306904 0.06809615343809128
v -0.02312232926487924 0.08180882781744009 0.050081517547369
v -0.028731683269143125 0.07235959917306904 0.06809615343809128
v -0.02312232926487924 0.0750726461410523 0.06676550954580307
v -0.02312232926487924 0.0750726461410523 0.06676550954580307
v -0.028731683269143125 0.07235959917306904 0.06809615343809128
v -0.028731683269143125 0.06632349640131001 0.08493360131978989
v -0.02312232926487924 0.0750726461410523 0.06676550954580307
v -0.028731683269143125 0.06632349640131001 0.08493360131978989
v -0.02312232926487924 0.06902739405632023 0.08383860439062119
v -0.0015107626095414173 0.08132400363683706 -0.04148328676819801
v 0.00299041345715523 0.08126155287027365 -0.04138237610459328
v -0.0015107626095414173 0.07812583446502691 -0.04506025090813637
v -0.0015107626095414173 0.07812583446502691 -0.04506025090813637
v 0.00299041345715523 0.08126155287027365 -0.04138237610459328
v 0.00299041345715523 0.07806678861379629 -0.04495805874466896
v -0.0015107626095414173 0.07458283752202993 -0.048329535871744156
v 0.00299041345715523 0.07452740520238882 -0.04822627082467079
v -0.0015107626095414173 0.07074053585529332 -0.051241759210824966
v -0.0015107626095414173 0.07074053585529332 -0.051241759210824966
v 0.00299041345715523 0.07452740520238882 -0.04822627082467079
v 0.00299041345715523 0.07068889588117604 -0.051137689501047134
v -0.003546169260516765 0.05800794437527661 -0.05753270164132118
v -0.003546169260516765 0.06666068732738499 -0.05377272143959999
v -0.0015107626095414173 0.06665516644716267 -0.05376074090600014
v -0.0015107626095414173 0.06665516644716267 -0.05376074090600014
v -0.0015107626095414173 0.062387418001890224 -0.05585787072777748
v -0.003546169260516765 0.05800794437527661 -0.05753270164132118
v -0.003546169260516765 0.05800794437527661 -0.05753270164132118
v -0.0015107626095414173 0.062387418001890224 -0.05585787072777748
v -0.0015107626095414173 0.05800326541066174 -0.05752069130539894
v -0.003546169260516765 0.05800794437527661 -0.05753270164132118
v -0.0015107626095414173 0.05800326541066174 -0.05752069130539894
v -0.003546169260516765 0.04912390932440761 -0.05955759063363075
v -0.003546169260516765 0.04912390932440761 -0.05955759063363075
v -0.0015107626095414173 0.05800326541066174 -0.05752069130539894
v -0.0015107626095414173 0.05356621369719509 -0.058745358139276505
v -0.0015107626095414173 0.06665516644716267 -0.05376074090600014
v 0.00299041345715523 0.06660748273134236 -0.0536561943590641
v -0.0015107626095414173 0.062387418001890224 -0.05585787072777748
v -0.0015107626095414173 0.062387418001890224 -0.05585787072777748
v 0.00299041345715523 0.06660748273134236 -0.0536561943590641
v 0.00299041345715523 0.06234380975365643 -0.05575314536690712
v -0.0015107626095414173 0.062387418001890224 -0.05585787072777748
v 0.00299041345715523 0.06234380975365643 -0.05575314536690712
v -0.0015107626095414173 0.05800326541066174 -0.05752069130539894
v -0.0015107626095414173 0.05800326541066174 -0.05752069130539894
v 0.00299041345715523 0.06234380975365643 -0.05575314536690712
v 0.00299041345715523 0.057963725179433864 -0.05741611495614052
v -0.0015107626095414173 0.05800326541066174 -0.05752069130539894
v 0.00299041345715523 0.057963725179433864 -0.05741611495614052
v -0.0015107626095414173 0.05356621369719509 -0.058745358139276505
v -0.017384400591254245 0.030628900974988958 -0.05726895108819008
v -0.02312232926487924 0.03916257992386821 -0.054928604513406754
v -0.017384400591254245 0.03966631367802623 -0.05718359723687172
v -0.017384400591254245 0.03966631367802623 -0.05718359723687172
v -0.02312232926487924 0.03916257992386821 -0.054928604513406754
v -0.02312232926487924 0.0475748144090176 -0.054346803575754166
v -0.017384400591254245 0.03966631367802623 -0.05718359723687172
v -0.02312232926487924 0.0475748144090176 -0.054346803575754166
v -0.017384400591254245 0.04826353862881664 -0.05666327849030495
v -0.017384400591254245 0.04826353862881664 -0.05666327849030495
v -0.02312232926487924 0.0475748144090176 -0.054346803575754166
v -0.02312232926487924 0.05603346601128582 -0.052248600870370865
v -0.017384400591254245 0.04826353862881664 -0.05666327849030495
v -0.02312232926487924 0.05603346601128582 -0.052248600870370865
v -0.017384400591254245 0.05691142380237583 -0.05459744110703468
v -0.017384400591254245 0.05691142380237583 -0.05459744110703468
v -0.02312232926487924 0.05603346601128582 -0.052248600870370865
v -0.02312232926487924 0.06425979733467106 -0.048487428575754166
v -0.017384400591254245 0.05691142380237583 -0.05459744110703468
v -0.02312232926487924 0.06425979733467106 -0.048487428575754166
v -0.017384400591254245 0.06532712280750279 -0.050836775451898575
v -0.017384400591254245 0.06532712280750279 -0.050836775451898575
v -0.02312232926487924 0.06425979733467106 -0.048487428575754166
v -0.02312232926487924 0.07178240269422535 -0.04312438145279884
v -0.017384400591254245 0.06532712280750279 -0.050836775451898575
v -0.02312232926487924 0.07178240269422535 -0.04312438145279884
v -0.017384400591254245 0.07302996516227728 -0.045443419367074966
v -0.017384400591254245 0.07302996516227728 -0.045443419367074966
v -0.02312232926487924 0.07178240269422535 -0.04312438145279884
v -0.02312232926487924 0.07815720140933996 -0.036406490951776505
v -0.017384400591254245 0.07302996516227728 -0.045443419367074966
v -0.02312232926487924 0.07815720140933996 -0.036406490951776505
v -0.017384400591254245 0.07956779003143316 -0.03866848722100258
v -0.017384400591254245 0.07956779003143316 -0.03866848722100258
v -0.02312232926487924 0.07815720140933996 -0.036406490951776505
v -0.02312232926487924 0.08306707441806799 -0.028728846460580826
v -0.017384400591254245 0.07956779003143316 -0.03866848722100258
v -0.02312232926487924 0.08306707441806799 -0.028728846460580826
v -0.017384400591254245 0.08461730182170873 -0.03091392293572426
v -0.017384400591254245 0.08461730182170873 -0.03091392293572426
v -0.02312232926487924 0.08306707441806799 -0.028728846460580826
v -0.02312232926487924 0.08637047559022909 -0.02054697647690773
v -0.017384400591254245 0.08461730182170873 -0.03091392293572426
v -0.02312232926487924 0.08637047559022909 -0.02054697647690773
v -0.017384400591254245 0.08803392201662069 -0.022643212229013443
v -0.017384400591254245 0.08803392201662069 -0.022643212229013443
v -0.02312232926487924 0.08637047559022909 -0.02054697647690773
v -0.02312232926487924 0.08814418315887457 -0.01215967908501625
v -0.017384400591254245 0.08803392201662069 -0.022643212229013443
v -0.02312232926487924 0.08814418315887457 -0.01215967908501625
v -0.017384400591254245 0.08989682048559194 -0.014162126928567886
v -0.017384400591254245 0.08989682048559194 -0.014162126928567886
v -0.02312232926487924 0.08814418315887457 -0.01215967908501625
v -0.02312232926487924 0.08913581818342214 -0.003279391909018159
v -0.017384400591254245 0.08989682048559194 -0.014162126928567886
v -0.02312232926487924 0.08913581818342214 -0.003279391909018159
v -0.017384400591254245 0.09096658974885946 -0.005174700636416674
v -0.017384400591254245 0.09096658974885946 -0.005174700636416674
v -0.02312232926487924 0.08913581818342214 -0.003279391909018159
v -0.02312232926487924 0.08950372785329824 0.00571381626650691
v -0.017384400591254245 0.09096658974885946 -0.005174700636416674
v -0.02312232926487924 0.08950372785329824 0.00571381626650691
v -0.017384400591254245 0.09140320867300039 0.0039314585737884045
v -0.017384400591254245 0.09140320867300039 0.0039314585737884045
v -0.02312232926487924 0.08950372785329824 0.00571381626650691
v -0.02312232926487924 0.08922939747571951 0.014753486961126328
v -0.017384400591254245 0.09140320867300039 0.0039314585737884045
v -0.02312232926487924 0.08922939747571951 0.014753486961126328
v -0.017384400591254245 0.09118781983852392 0.013087775558233261
v -0.017384400591254245 0.09118781983852392 0.013087775558233261
v -0.02312232926487924 0.08922939747571951 0.014753486961126328
v -0.02312232926487924 0.08830941468477255 0.02377244457602501
v -0.017384400591254245 0.09118781983852392 0.013087775558233261
v -0.02312232926487924 0.08830941468477255 0.02377244457602501
v -0.017384400591254245 0.09031700342893606 0.022226419299840927
v -0.017384400591254245 0.09031700342893606 0.022226419299840927
v -0.02312232926487924 0.08830941468477255 0.02377244457602501
v -0.02312232926487924 0.0867526531219483 0.0327053926885128
v -0.017384400591254245 0.09031700342893606 0.022226419299840927
v -0.02312232926487924 0.0867526531219483 0.0327053926885128
v -0.017384400591254245 0.08879800140857702 0.031279440969228745
v -0.017384400591254245 0.08879800140857702 0.031279440969228745
v -0.02312232926487924 0.0867526531219483 0.0327053926885128
v -0.02312232926487924 0.08457710593938833 0.041496869176626205
v -0.017384400591254245 0.08879800140857702 0.031279440969228745
v -0.02312232926487924 0.08457710593938833 0.041496869176626205
v -0.017384400591254245 0.08664701879024511 0.040184374898672104
v -0.017384400591254245 0.08664701879024511 0.040184374898672104
v -0.02312232926487924 0.08457710593938833 0.041496869176626205
v -0.02312232926487924 0.08180882781744009 0.050081517547369
v -0.017384400591254245 0.08664701879024511 0.040184374898672104
v -0.02312232926487924 0.08180882781744009 0.050081517547369
v -0.017384400591254245 0.08389046788215643 0.048874493688344955
v -0.017384400591254245 0.08389046788215643 0.048874493688344955
v -0.02312232926487924 0.08180882781744009 0.050081517547369
v -0.02312232926487924 0.0750726461410523 0.06676550954580307
v -0.017384400591254245 0.08389046788215643 0.048874493688344955
v -0.02312232926487924 0.0750726461410523 0.06676550954580307
v -0.017384400591254245 0.07714819163084036 0.06574731320142746
v -0.017384400591254245 0.07714819163084036 0.06574731320142746
v -0.02312232926487924 0.0750726461410523 0.06676550954580307
v -0.02312232926487924 0.06902739405632023 0.08383860439062119
v -0.017384400591254245 0.07714819163084036 0.06574731320142746
v -0.02312232926487924 0.06902739405632023 0.08383860439062119
v -0.017384400591254245 0.07109571248292927 0.08300059288740158
v -0.05837079882621769 0.05289039760828022 0.02165534719824791
v -0.05668956786394123 0.05754586309194569 0.015786584466695786
v -0.05668956786394123 0.05621191486716274 0.00913795456290245
v -0.05668956786394123 0.05621191486716274 0.00913795456290245
v -0.05668956786394123 0.05754586309194569 0.015786584466695786
v -0.05437964573502544 0.06049706414341931 0.0030951162334531546
v -0.05668956786394123 0.05621191486716274 0.00913795456290245
v -0.05437964573502544 0.06049706414341931 0.0030951162334531546
v -0.05437964573502544 0.05762104690074925 -0.00346610345877707
v -0.05437964573502544 0.05762104690074925 -0.00346610345877707
v -0.05437964573502544 0.06049706414341931 0.0030951162334531546
v -0.05144087597727779 0.06140469387173657 -0.009535614401102066
v -0.05437964573502544 0.05762104690074925 -0.00346610345877707
v -0.05144087597727779 0.06140469387173657 -0.009535614401102066
v -0.05144087597727779 0.0569642968475819 -0.01557791605591774
v -0.05144087597727779 0.0569642968475819 -0.01557791605591774
v -0.05144087597727779 0.06140469387173657 -0.009535614401102066
v -0.04789213836193088 0.06014666706323628 -0.021494004875421524
v -0.05144087597727779 0.0569642968475819 -0.01557791605591774
v -0.04789213836193088 0.06014666706323628 -0.021494004875421524
v -0.04789213836193088 0.054303582757711445 -0.026574615389108658
v -0.04789213836193088 0.054303582757711445 -0.026574615389108658
v -0.04789213836193088 0.06014666706323628 -0.021494004875421524
v -0.043776482343673734 0.05683578550815586 -0.032147590070962906
v -0.04789213836193088 0.054303582757711445 -0.026574615389108658
v -0.043776482343673734 0.05683578550815586 -0.032147590070962906
v -0.043776482343673734 0.04992534220218662 -0.035912010818719864
v -0.043776482343673734 0.04992534220218662 -0.035912010818719864
v -0.043776482343673734 0.05683578550815586 -0.032147590070962906
v -0.0391553342342377 0.051813151687383686 -0.040960643440485
v -0.043776482343673734 0.04992534220218662 -0.035912010818719864
v -0.0391553342342377 0.051813151687383686 -0.040960643440485
v -0.0391553342342377 0.04426446557044986 -0.04321355000138283
v -0.0391553342342377 0.04426446557044986 -0.04321355000138283
v -0.0391553342342377 0.051813151687383686 -0.040960643440485
v -0.034109439700841925 0.04556778445839885 -0.047596726566553116
v -0.0391553342342377 0.04426446557044986 -0.04321355000138283
v -0.034109439700841925 0.04556778445839885 -0.047596726566553116
v -0.034109439700841925 0.037694547325372724 -0.04835674539208412
v -0.034109439700841925 0.037694547325372724 -0.04835674539208412
v -0.034109439700841925 0.04556778445839885 -0.047596726566553116
v -0.028731683269143125 0.038504183292388944 -0.05198121443390846
v -0.034109439700841925 0.037694547325372724 -0.04835674539208412
v -0.028731683269143125 0.038504183292388944 -0.05198121443390846
v -0.028731683269143125 0.029902171343565008 -0.052226338535547256
v -0.028731683269143125 0.029902171343565008 -0.052226338535547256
v -0.028731683269143125 0.038504183292388944 -0.05198121443390846
v -0.02312232926487924 0.030313871800899526 -0.05508321896195412
v -0.028731683269143125 0.029902171343565008 -0.052226338535547256
v -0.02312232926487924 0.030313871800899526 -0.05508321896195412
v -0.02312232926487924 0.021479314193129553 -0.05524132028222084
v -0.02312232926487924 0.021479314193129553 -0.05524132028222084
v -0.028731683269143125 0.02130905352532865 -0.052475783973932266
v -0.028731683269143125 0.029902171343565008 -0.052226338535547256
v -0.028731683269143125 0.029902171343565008 -0.052226338535547256
v -0.028731683269143125 0.02130905352532865 -0.052475783973932266
v -0.034109439700841925 0.02939593791961672 -0.04871318116784096
v -0.028731683269143125 0.029902171343565008 -0.052226338535547256
v -0.034109439700841925 0.02939593791961672 -0.04871318116784096
v -0.034109439700841925 0.037694547325372724 -0.04835674539208412
v -0.034109439700841925 0.037694547325372724 -0.04835674539208412
v -0.034109439700841925 0.02939593791961672 -0.04871318116784096
v -0.0391553342342377 0.036741208285093335 -0.0440889336168766
v -0.034109439700841925 0.037694547325372724 -0.04835674539208412
v -0.0391553342342377 0.036741208285093335 -0.0440889336168766
v -0.0391553342342377 0.04426446557044986 -0.04321355000138283
v -0.0391553342342377 0.04426446557044986 -0.04321355000138283
v -0.0391553342342377 0.036741208285093335 -0.0440889336168766
v -0.043776482343673734 0.0427837669849396 -0.038233909755945206
v -0.0391553342342377 0.04426446557044986 -0.04321355000138283
v -0.043776482343673734 0.0427837669849396 -0.038233909755945206
v -0.043776482343673734 0.04992534220218662 -0.035912010818719864
v -0.043776482343673734 0.04992534220218662 -0.035912010818719864
v -0.043776482343673734 0.0427837669849396 -0.038233909755945206
v -0.04789213836193088 0.04784176871180538 -0.030340079218149185
v -0.043776482343673734 0.04992534220218662 -0.035912010818719864
v -0.04789213836193088 0.04784176871180538 -0.030340079218149185
v -0.04789213836193088 0.054303582757711445 -0.026574615389108658
v -0.04789213836193088 0.054303582757711445 -0.026574615389108658
v -0.04789213836193088 0.04784176871180538 -0.030340079218149185
v -0.05144087597727779 0.05158038064837459 -0.020581338554620743
v -0.04789213836193088 0.054303582757711445 -0.026574615389108658
v -0.05144087597727779 0.05158038064837459 -0.020581338554620743
v -0.05144087597727779 0.0569642968475819 -0.01557791605591774
v -0.05144087597727779 0.0569642968475819 -0.01557791605591774
v -0.05144087597727779 0.05158038064837459 -0.020581338554620743
v -0.05437964573502544 0.053617395460605656 -0.009355966001749039
v -0.05144087597727779 0.0569642968475819 -0.01557791605591774
v -0.05437964573502544 0.053617395460605656 -0.009355966001749039
v -0.05437964573502544 0.05762104690074925 -0.00346610345877707
v -0.05437964573502544 0.05762104690074925 -0.00346610345877707
v -0.05437964573502544 0.053617395460605656 -0.009355966001749039
v -0.05668956786394123 0.053722102195024525 0.0027884801384061575
v -0.05437964573502544 0.05762104690074925 -0.00346610345877707
v -0.05668956786394123 0.053722102195024525 0.0027884801384061575
v -0.05668956786394123 0.05621191486716274 0.00913795456290245
v -0.05668956786394123 0.05621191486716274 0.00913795456290245
v -0.05668956786394123 0.053722102195024525 0.0027884801384061575
v -0.05837079882621769 0.05187495797872547 0.01525401696562767
v -0.05668956786394123 0.05621191486716274 0.00913795456290245
v -0.05837079882621769 0.05187495797872547 0.01525401696562767
v -0.05837079882621769 0.05289039760828022 0.02165534719824791
v -0.017277969047427188 0.012499999254941949 -0.05712166801095009
v -0.02312232926487924 0.021479314193129553 -0.05524132028222084
v -0.017384400591254245 0.030628900974988958 -0.05726895108819008
v -0.017384400591254245 0.030628900974988958 -0.05726895108819008
v -0.02312232926487924 0.021479314193129553 -0.05524132028222084
v -0.02312232926487924 0.030313871800899526 -0.05508321896195412
v -0.017384400591254245 0.030628900974988958 -0.05726895108819008
v -0.02312232926487924 0.030313871800899526 -0.05508321896195412
v -0.02312232926487924 0.03916257992386821 -0.054928604513406754
v -0.02312232926487924 0.03916257992386821 -0.054928604513406754
v -0.02312232926487924 0.030313871800899526 -0.05508321896195412
v -0.028731683269143125 0.038504183292388944 -0.05198121443390846
v -0.02312232926487924 0.03916257992386821 -0.054928604513406754
v -0.028731683269143125 0.038504183292388944 -0.05198121443390846
v -0.028731683269143125 0.04667466878890994 -0.051319364458322525
v -0.028731683269143125 0.04667466878890994 -0.051319364458322525
v -0.028731683269143125 0.038504183292388944 -0.05198121443390846
v -0.034109439700841925 0.04556778445839885 -0.047596726566553116
v -0.028731683269143125 0.04667466878890994 -0.051319364458322525
v -0.034109439700841925 0.04556778445839885 -0.047596726566553116
v -0.034109439700841925 0.05347478017210964 -0.045404646545648575
v -0.034109439700841925 0.05347478017210964 -0.045404646545648575
v -0.034109439700841925 0.04556778445839885 -0.047596726566553116
v -0.0391553342342377 0.051813151687383686 -0.040960643440485
v -0.034109439700841925 0.05347478017210964 -0.045404646545648575
v -0.0391553342342377 0.051813151687383686 -0.040960643440485
v -0.0391553342342377 0.059130147099494976 -0.03719720616936684
v -0.0391553342342377 0.059130147099494976 -0.03719720616936684
v -0.0391553342342377 0.051813151687383686 -0.040960643440485
v -0.043776482343673734 0.05683578550815586 -0.032147590070962906
v -0.0391553342342377 0.059130147099494976 -0.03719720616936684
v -0.043776482343673734 0.05683578550815586 -0.032147590070962906
v -0.043776482343673734 0.06310589611530308 -0.026995185762643814
v -0.043776482343673734 0.06310589611530308 -0.026995185762643814
v -0.043776482343673734 0.05683578550815586 -0.032147590070962906
v -0.04789213836193088 0.06014666706323628 -0.021494004875421524
v -0.043776482343673734 0.06310589611530308 -0.026995185762643814
v -0.04789213836193088 0.06014666706323628 -0.021494004875421524
v -0.04789213836193088 0.06500238180160527 -0.015306685119867325
v -0.04789213836193088 0.06500238180160527 -0.015306685119867325
v -0.04789213836193088 0.06014666706323628 -0.021494004875421524
v -0.05144087597727779 0.06140469387173657 -0.009535614401102066
v -0.04789213836193088 0.06500238180160527 -0.015306685119867325
v -0.05144087597727779 0.06140469387173657 -0.009535614401102066
v -0.05144087597727779 0.06465549021959309 -0.002768907928839326
v -0.05144087597727779 0.06465549021959309 -0.002768907928839326
v -0.05144087597727779 0.06140469387173657 -0.009535614401102066
v -0.05437964573502544 0.06049706414341931 0.0030951162334531546
v -0.05144087597727779 0.06465549021959309 -0.002768907928839326
v -0.05437964573502544 0.06049706414341931 0.0030951162334531546
v -0.05437964573502544 0.06214563921093945 0.009988125413656235
v -0.05437964573502544 0.06214563921093945 0.009988125413656235
v -0.05437964573502544 0.06049706414341931 0.0030951162334531546
v -0.05668956786394123 0.05754586309194569 0.015786584466695786
v -0.05437964573502544 0.06214563921093945 0.009988125413656235
v -0.05668956786394123 0.05754586309194569 0.015786584466695786
v -0.05668956786394123 0.057772774249315303 0.022536661475896835
v -0.05668956786394123 0.057772774249315303 0.022536661475896835
v -0.05668956786394123 0.05754586309194569 0.015786584466695786
v -0.05837079882621769 0.05286741256713871 0.02814033254981041
v -0.05668956786394123 0.057772774249315303 0.022536661475896835
v -0.05837079882621769 0.05286741256713871 0.02814033254981041
v -0.05837079882621769 0.052290637046098744 0.034867580980062485
v -0.003546169260516765 0.03102254495024683 -0.059998784214258194
v -0.011614818125963218 0.03084900975227358 -0.0587957538664341
v -0.003546169260516765 0.04029548168182376 -0.0599999763071537
v -0.003546169260516765 0.04029548168182376 -0.0599999763071537
v -0.011614818125963218 0.03084900975227358 -0.0587957538664341
v -0.011614818125963218 0.04001820087432864 -0.058758798986673355
v -0.003546169260516765 0.04029548168182376 -0.0599999763071537
v -0.011614818125963218 0.04001820087432864 -0.058758798986673355
v -0.003546169260516765 0.04912390932440761 -0.05955759063363075
v -0.003546169260516765 0.04912390932440761 -0.05955759063363075
v -0.011614818125963218 0.04001820087432864 -0.058758798986673355
v -0.011614818125963218 0.04874468967318538 -0.05828172340989113
v -0.003546169260516765 0.04912390932440761 -0.05955759063363075
v -0.011614818125963218 0.04874468967318538 -0.05828172340989113
v -0.003546169260516765 0.05800794437527661 -0.05753270164132118
v -0.003546169260516765 0.05800794437527661 -0.05753270164132118
v -0.011614818125963218 0.04874468967318538 -0.05828172340989113
v -0.011614818125963218 0.057524707168340725 -0.056238625198602676
v -0.003546169260516765 0.05800794437527661 -0.05753270164132118
v -0.011614818125963218 0.057524707168340725 -0.056238625198602676
v -0.003546169260516765 0.06666068732738499 -0.05377272143959999
v -0.003546169260516765 0.06666068732738499 -0.05377272143959999
v -0.011614818125963218 0.057524707168340725 -0.056238625198602676
v -0.011614818125963218 0.0660728216171265 -0.05247831717133522
v -0.003546169260516765 0.06666068732738499 -0.05377272143959999
v -0.011614818125963218 0.0660728216171265 -0.05247831717133522
v -0.003546169260516765 0.07458916306495672 -0.04834139719605446
v -0.003546169260516765 0.07458916306495672 -0.04834139719605446
v -0.011614818125963218 0.0660728216171265 -0.05247831717133522
v -0.011614818125963218 0.07390171289443975 -0.04706377163529396
v -0.003546169260516765 0.07458916306495672 -0.04834139719605446
v -0.011614818125963218 0.07390171289443975 -0.04706377163529396
v -0.003546169260516765 0.08133105188608175 -0.0414949394762516
v -0.003546169260516765 0.08133105188608175 -0.0414949394762516
v -0.011614818125963218 0.07390171289443975 -0.04706377163529396
v -0.011614818125963218 0.08055353164672857 -0.04024893417954445
v -0.003546169260516765 0.08133105188608175 -0.0414949394762516
v -0.011614818125963218 0.08055353164672857 -0.04024893417954445
v -0.003546169260516765 0.08655498921871191 -0.033643756061792374
v -0.003546169260516765 0.08655498921871191 -0.033643756061792374
v -0.011614818125963218 0.08055353164672857 -0.04024893417954445
v -0.011614818125963218 0.08570059388875967 -0.032440487295389175
v -0.003546169260516765 0.08655498921871191 -0.033643756061792374
v -0.011614818125963218 0.08570059388875967 -0.032440487295389175
v -0.003546169260516765 0.09011231362819677 -0.02526143565773964
v -0.003546169260516765 0.09011231362819677 -0.02526143565773964
v -0.011614818125963218 0.08570059388875967 -0.032440487295389175
v -0.011614818125963218 0.08919611573219305 -0.024107549339532852
v -0.003546169260516765 0.09011231362819677 -0.02526143565773964
v -0.011614818125963218 0.08919611573219305 -0.024107549339532852
v -0.003546169260516765 0.09208652377128607 -0.016664359718561172
v -0.003546169260516765 0.09208652377128607 -0.016664359718561172
v -0.011614818125963218 0.08919611573219305 -0.024107549339532852
v -0.011614818125963218 0.09112130105495458 -0.015561256557703018
v -0.003546169260516765 0.09208652377128607 -0.016664359718561172
v -0.011614818125963218 0.09112130105495458 -0.015561256557703018
v -0.003546169260516765 0.09325425326824194 -0.007542733568698168
v -0.003546169260516765 0.09325425326824194 -0.007542733568698168
v -0.011614818125963218 0.09112130105495458 -0.015561256557703018
v -0.011614818125963218 0.09224574267864233 -0.006498847622424364
v -0.003546169260516765 0.09325425326824194 -0.007542733568698168
v -0.011614818125963218 0.09224574267864233 -0.006498847622424364
v -0.003546169260516765 0.09377653896808631 0.0017052252078428864
v -0.003546169260516765 0.09377653896808631 0.0017052252078428864
v -0.011614818125963218 0.09224574267864233 -0.006498847622424364
v -0.011614818125963218 0.09273032844066625 0.0026863475795835257
v -0.003546169260516765 0.09377653896808631 0.0017052252078428864
v -0.011614818125963218 0.09273032844066625 0.0026863475795835257
v -0.003546169260516765 0.0936343669891358 0.01100742444396019
v -0.003546169260516765 0.0936343669891358 0.01100742444396019
v -0.011614818125963218 0.09273032844066625 0.0026863475795835257
v -0.011614818125963218 0.09255599975585943 0.01192423328757286
v -0.003546169260516765 0.0936343669891358 0.01100742444396019
v -0.011614818125963218 0.09255599975585943 0.01192423328757286
v -0.003546169260516765 0.09282462298870092 0.020295586436986923
v -0.003546169260516765 0.09282462298870092 0.020295586436986923
v -0.011614818125963218 0.09255599975585943 0.01192423328757286
v -0.011614818125963218 0.09171944111585623 0.021146472543478012
v -0.003546169260516765 0.09282462298870092 0.020295586436986923
v -0.011614818125963218 0.09171944111585623 0.021146472543478012
v -0.003546169260516765 0.09135308116674429 0.029498454183340073
v -0.003546169260516765 0.09135308116674429 0.029498454183340073
v -0.011614818125963218 0.09171944111585623 0.021146472543478012
v -0.011614818125963218 0.09022689610719686 0.030283328145742416
v -0.003546169260516765 0.09135308116674429 0.029498454183340073
v -0.011614818125963218 0.09022689610719686 0.030283328145742416
v -0.011614818125963218 0.08809307962656027 0.03926750645041466
v -0.003546169260516765 0.03102254495024683 -0.059998784214258194
v -0.0035018171183764956 0.012499999254941949 -0.05960545316338539
v -0.011614818125963218 0.03084900975227358 -0.0587957538664341
v -0.011614818125963218 0.03084900975227358 -0.0587957538664341
v -0.0035018171183764956 0.012499999254941949 -0.05960545316338539
v -0.011595490388572223 0.012499999254941949 -0.058693502098321915
v -0.013351256027817735 0.012499999254941949 -0.05849567428231239
v -0.017384400591254245 0.07109571248292927 0.08300059288740158
v -0.011614818125963218 0.07859786599874502 0.06503590196371078
v -0.017384400591254245 0.07714819163084036 0.06574731320142746
v -0.017384400591254245 0.07714819163084036 0.06574731320142746
v -0.011614818125963218 0.07859786599874502 0.06503590196371078
v -0.011614818125963218 0.08534463495016104 0.04803132638335228
v -0.017384400591254245 0.07714819163084036 0.06574731320142746
v -0.011614818125963218 0.08534463495016104 0.04803132638335228
v -0.017384400591254245 0.08389046788215643 0.048874493688344955
v -0.017384400591254245 0.08389046788215643 0.048874493688344955
v -0.011614818125963218 0.08534463495016104 0.04803132638335228
v -0.011614818125963218 0.08809307962656027 0.03926750645041466
v -0.017384400591254245 0.08389046788215643 0.048874493688344955
v -0.011614818125963218 0.08809307962656027 0.03926750645041466
v -0.017384400591254245 0.08664701879024511 0.040184374898672104
v -0.017384400591254245 0.08664701879024511 0.040184374898672104
v -0.011614818125963218 0.08809307962656027 0.03926750645041466
v -0.011614818125963218 0.09022689610719686 0.030283328145742416
v -0.017384400591254245 0.08664701879024511 0.040184374898672104
v -0.011614818125963218 0.09022689610719686 0.030283328145742416
v -0.017384400591254245 0.08879800140857702 0.031279440969228745
v -0.017384400591254245 0.08879800140857702 0.031279440969228745
v -0.011614818125963218 0.09022689610719686 0.030283328145742416
v -0.011614818125963218 0.09171944111585623 0.021146472543478012
v -0.017384400591254245 0.08879800140857702 0.031279440969228745
v -0.011614818125963218 0.09171944111585623 0.021146472543478012
v -0.017384400591254245 0.09031700342893606 0.022226419299840927
v -0.017384400591254245 0.09031700342893606 0.022226419299840927
v -0.011614818125963218 0.09171944111585623 0.021146472543478012
v -0.011614818125963218 0.09255599975585943 0.01192423328757286
v -0.017384400591254245 0.09031700342893606 0.022226419299840927
v -0.011614818125963218 0.09255599975585943 0.01192423328757286
v -0.017384400591254245 0.09118781983852392 0.013087775558233261
v -0.017384400591254245 0.09118781983852392 0.013087775558233261
v -0.011614818125963218 0.09255599975585943 0.01192423328757286
v -0.011614818125963218 0.09273032844066625 0.0026863475795835257
v -0.017384400591254245 0.09118781983852392 0.013087775558233261
v -0.011614818125963218 0.09273032844066625 0.0026863475795835257
v -0.017384400591254245 0.09140320867300039 0.0039314585737884045
v -0.017384400591254245 0.09140320867300039 0.0039314585737884045
v -0.011614818125963218 0.09273032844066625 0.0026863475795835257
v -0.011614818125963218 0.09224574267864233 -0.006498847622424364
v -0.017384400591254245 0.09140320867300039 0.0039314585737884045
v -0.011614818125963218 0.09224574267864233 -0.006498847622424364
v -0.017384400591254245 0.09096658974885946 -0.005174700636416674
v -0.017384400591254245 0.09096658974885946 -0.005174700636416674
v -0.011614818125963218 0.09224574267864233 -0.006498847622424364
v -0.011614818125963218 0.09112130105495458 -0.015561256557703018
v -0.017384400591254245 0.09096658974885946 -0.005174700636416674
v -0.011614818125963218 0.09112130105495458 -0.015561256557703018
v -0.017384400591254245 0.08989682048559194 -0.014162126928567886
v -0.017384400591254245 0.08989682048559194 -0.014162126928567886
v -0.011614818125963218 0.09112130105495458 -0.015561256557703018
v -0.011614818125963218 0.08919611573219305 -0.024107549339532852
v -0.017384400591254245 0.08989682048559194 -0.014162126928567886
v -0.011614818125963218 0.08919611573219305 -0.024107549339532852
v -0.017384400591254245 0.08803392201662069 -0.022643212229013443
v -0.017384400591254245 0.08803392201662069 -0.022643212229013443
v -0.011614818125963218 0.08919611573219305 -0.024107549339532852
v -0.011614818125963218 0.08570059388875967 -0.032440487295389175
v -0.017384400591254245 0.08803392201662069 -0.022643212229013443
v -0.011614818125963218 0.08570059388875967 -0.032440487295389175
v -0.017384400591254245 0.08461730182170873 -0.03091392293572426
v -0.017384400591254245 0.08461730182170873 -0.03091392293572426
v -0.011614818125963218 0.08570059388875967 -0.032440487295389175
v -0.011614818125963218 0.08055353164672857 -0.04024893417954445
v -0.017384400591254245 0.08461730182170873 -0.03091392293572426
v -0.011614818125963218 0.08055353164672857 -0.04024893417954445
v -0.017384400591254245 0.07956779003143316 -0.03866848722100258
v -0.017384400591254245 0.07956779003143316 -0.03866848722100258
v -0.011614818125963218 0.08055353164672857 -0.04024893417954445
v -0.011614818125963218 0.07390171289443975 -0.04706377163529396
v -0.017384400591254245 0.07956779003143316 -0.03866848722100258
v -0.011614818125963218 0.07390171289443975 -0.04706377163529396
v -0.017384400591254245 0.07302996516227728 -0.045443419367074966
v -0.017384400591254245 0.07302996516227728 -0.045443419367074966
v -0.011614818125963218 0.07390171289443975 -0.04706377163529396
v -0.011614818125963218 0.0660728216171265 -0.05247831717133522
v -0.017384400591254245 0.07302996516227728 -0.045443419367074966
v -0.011614818125963218 0.0660728216171265 -0.05247831717133522
v -0.017384400591254245 0.06532712280750279 -0.050836775451898575
v -0.017384400591254245 0.06532712280750279 -0.050836775451898575
v -0.011614818125963218 0.0660728216171265 -0.05247831717133522
v -0.011614818125963218 0.057524707168340725 -0.056238625198602676
v -0.017384400591254245 0.06532712280750279 -0.050836775451898575
v -0.011614818125963218 0.057524707168340725 -0.056238625198602676
v -0.017384400591254245 0.05691142380237583 -0.05459744110703468
v -0.017384400591254245 0.05691142380237583 -0.05459744110703468
v -0.011614818125963218 0.057524707168340725 -0.056238625198602676
v -0.011614818125963218 0.04874468967318538 -0.05828172340989113
v -0.017384400591254245 0.05691142380237583 -0.05459744110703468
v -0.011614818125963218 0.04874468967318538 -0.05828172340989113
v -0.017384400591254245 0.04826353862881664 -0.05666327849030495
v -0.017384400591254245 0.04826353862881664 -0.05666327849030495
v -0.011614818125963218 0.04874468967318538 -0.05828172340989113
v -0.011614818125963218 0.04001820087432864 -0.058758798986673355
v -0.017384400591254245 0.04826353862881664 -0.05666327849030495
v -0.011614818125963218 0.04001820087432864 -0.058758798986673355
v -0.017384400591254245 0.03966631367802623 -0.05718359723687172
v -0.017384400591254245 0.03966631367802623 -0.05718359723687172
v -0.011614818125963218 0.04001820087432864 -0.058758798986673355
v -0.011614818125963218 0.03084900975227358 -0.0587957538664341
v -0.017384400591254245 0.03966631367802623 -0.05718359723687172
v -0.011614818125963218 0.03084900975227358 -0.0587957538664341
v -0.017384400591254245 0.030628900974988958 -0.05726895108819008
v -0.017384400591254245 0.030628900974988958 -0.05726895108819008
v -0.011614818125963218 0.03084900975227358 -0.0587957538664341
v -0.013351256027817735 0.012499999254941949 -0.05849567428231239
v -0.017384400591254245 0.030628900974988958 -0.05726895108819008
v -0.013351256027817735 0.012499999254941949 -0.05849567428231239
v -0.017277969047427188 0.012499999254941949 -0.05712166801095009
v -0.017277969047427188 0.012499999254941949 -0.05712166801095009
v -0.023032274097204222 0.012499999254941949 -0.05510813370347023
v -0.02312232926487924 0.021479314193129553 -0.05524132028222084
v -0.026033025234937685 0.012499999254941949 -0.05405813828110695
v -0.02312232926487924 0.021479314193129553 -0.05524132028222084
v -0.026033025234937685 0.012499999254941949 -0.05405813828110695
v -0.028731683269143125 0.02130905352532865 -0.052475783973932266
v -0.028731683269143125 0.02130905352532865 -0.052475783973932266
v -0.026033025234937685 0.012499999254941949 -0.05405813828110695
v -0.02859198302030565 0.012499999254941949 -0.05245024338364601
v -0.028731683269143125 0.02130905352532865 -0.052475783973932266
v -0.02859198302030565 0.012499999254941949 -0.05245024338364601
v -0.034109439700841925 0.021099746227264418 -0.04907498136162758
v -0.034109439700841925 0.021099746227264418 -0.04907498136162758
v -0.02859198302030565 0.012499999254941949 -0.05245024338364601
v -0.03393932059407236 0.012499999254941949 -0.049090269953012466
v -0.03740938752889636 0.012499999254941949 -0.04690990224480629
v -0.05837079882621769 0.046677850186824826 0.00354492268525064
v -0.05668956786394123 0.05016848072409633 -0.002944294596090913
v -0.05668956786394123 0.04576498270034793 -0.007782910484820604
v -0.05668956786394123 0.04576498270034793 -0.007782910484820604
v -0.05668956786394123 0.05016848072409633 -0.002944294596090913
v -0.05437964573502544 0.04871635138988498 -0.01427820697426796
v -0.05668956786394123 0.04576498270034793 -0.007782910484820604
v -0.05437964573502544 0.04871635138988498 -0.01427820697426796
v -0.05437964573502544 0.04324425756931308 -0.018046025186777115
v -0.05437964573502544 0.04324425756931308 -0.018046025186777115
v -0.05437964573502544 0.04871635138988498 -0.01427820697426796
v -0.05144087597727779 0.04560098052024844 -0.02434796467423439
v -0.05437964573502544 0.04324425756931308 -0.018046025186777115
v -0.05144087597727779 0.04560098052024844 -0.02434796467423439
v -0.05144087597727779 0.03939205408096316 -0.02682763710618019
v -0.05144087597727779 0.03939205408096316 -0.02682763710618019
v -0.05144087597727779 0.04560098052024844 -0.02434796467423439
v -0.04789213836193088 0.04114955291152003 -0.032738033682107925
v -0.05144087597727779 0.03939205408096316 -0.02682763710618019
v -0.04789213836193088 0.04114955291152003 -0.032738033682107925
v -0.04789213836193088 0.03446268662810328 -0.033888641744852066
v -0.04789213836193088 0.03446268662810328 -0.033888641744852066
v -0.04789213836193088 0.04114955291152003 -0.032738033682107925
v -0.043776482343673734 0.03565810248255732 -0.03924018517136574
v -0.04789213836193088 0.03446268662810328 -0.033888641744852066
v -0.043776482343673734 0.03565810248255732 -0.03924018517136574
v -0.043776482343673734 0.028122728690505045 -0.039876583963632584
v -0.043776482343673734 0.028122728690505045 -0.039876583963632584
v -0.043776482343673734 0.03565810248255732 -0.03924018517136574
v -0.0391553342342377 0.028799884021282217 -0.04457644000649452
v -0.043776482343673734 0.028122728690505045 -0.039876583963632584
v -0.0391553342342377 0.028799884021282217 -0.04457644000649452
v -0.0391553342342377 0.020853342488408103 -0.0450705923140049
v -0.0391553342342377 0.020853342488408103 -0.0450705923140049
v -0.0391553342342377 0.028799884021282217 -0.04457644000649452
v -0.034109439700841925 0.021099746227264418 -0.04907498136162758
v -0.0391553342342377 0.020853342488408103 -0.0450705923140049
v -0.034109439700841925 0.021099746227264418 -0.04907498136162758
v -0.0391553342342377 0.0167863927781582 -0.04531339183449745
v -0.0391553342342377 0.0167863927781582 -0.04531339183449745
v -0.034109439700841925 0.021099746227264418 -0.04907498136162758
v -0.03740938752889636 0.012499999254941949 -0.04690990224480629
v -0.03740938752889636 0.012499999254941949 -0.04690990224480629
v -0.05405813083052639 0.012499999254941949 -0.02603301778435707
v -0.054305180907249485 0.012499999254941949 -0.02532700076699257
v -0.05437964573502544 0.016309328377246867 -0.025011185556650162
v -0.056333877146244084 0.012499999254941949 -0.0195293165743351
v -0.05437964573502544 0.016309328377246867 -0.025011185556650162
v -0.056333877146244084 0.012499999254941949 -0.0195293165743351
v -0.05668956786394123 0.01617436483502389 -0.019257668405771255
v -0.05668956786394123 0.01617436483502389 -0.019257668405771255
v -0.056333877146244084 0.012499999254941949 -0.0195293165743351
v -0.05831553414464001 0.012499999254941949 -0.013866070657968521
v -0.05668956786394123 0.01617436483502389 -0.019257668405771255
v -0.05831553414464001 0.012499999254941949 -0.013866070657968521
v -0.05837079882621769 0.016037845984101306 -0.013434592634439468
v -0.05837079882621769 0.016037845984101306 -0.013434592634439468
v -0.05831553414464001 0.012499999254941949 -0.013866070657968521
v -0.058495674282312435 0.012499999254941949 -0.013351265341043472
v -0.05837079882621769 0.016037845984101306 -0.013434592634439468
v -0.058495674282312435 0.012499999254941949 -0.013351265341043472
v -0.059444963932037395 0.01590200886130334 -0.007637713570147753
v -0.059444963932037395 0.01590200886130334 -0.007637713570147753
v -0.058495674282312435 0.012499999254941949 -0.013351265341043472
v -0.059346534311771434 0.012499999254941949 -0.008126739412546158
v -0.059709254652261776 0.012499999254941949 -0.005899552721530199
v -0.059444963932037395 0.03988043218851092 0.06538849323987961
v -0.05837079882621769 0.04980754852294925 0.0482899509370327
v -0.059444963932037395 0.04435019195079806 0.05293288454413414
v -0.059444963932037395 0.04435019195079806 0.05293288454413414
v -0.05837079882621769 0.04980754852294925 0.0482899509370327
v -0.05837079882621769 0.052290637046098744 0.034867580980062485
v -0.059444963932037395 0.04435019195079806 0.05293288454413414
v -0.05837079882621769 0.052290637046098744 0.034867580980062485
v -0.059444963932037395 0.047190319746732746 0.04014825448393822
v -0.059444963932037395 0.047190319746732746 0.04014825448393822
v -0.05837079882621769 0.052290637046098744 0.034867580980062485
v -0.05837079882621769 0.05286741256713871 0.02814033254981041
v -0.059444963932037395 0.047190319746732746 0.04014825448393822
v -0.05837079882621769 0.05286741256713871 0.02814033254981041
v -0.059444963932037395 0.04798401519656185 0.03371888026595116
v -0.059444963932037395 0.04798401519656185 0.03371888026595116
v -0.05837079882621769 0.05286741256713871 0.02814033254981041
v -0.05837079882621769 0.05289039760828022 0.02165534719824791
v -0.059444963932037395 0.04798401519656185 0.03371888026595116
v -0.05837079882621769 0.05289039760828022 0.02165534719824791
v -0.059444963932037395 0.04825578257441524 0.02749791368842125
v -0.059444963932037395 0.04825578257441524 0.02749791368842125
v -0.05837079882621769 0.05289039760828022 0.02165534719824791
v -0.05837079882621769 0.05187495797872547 0.01525401696562767
v -0.059444963932037395 0.04825578257441524 0.02749791368842125
v -0.05837079882621769 0.05187495797872547 0.01525401696562767
v -0.059444963932037395 0.04755749925971035 0.021342691034078598
v -0.059444963932037395 0.04755749925971035 0.021342691034078598
v -0.05837079882621769 0.05187495797872547 0.01525401696562767
v -0.05837079882621769 0.049776036292314564 0.009118761867284775
v -0.059444963932037395 0.04755749925971035 0.021342691034078598
v -0.05837079882621769 0.049776036292314564 0.009118761867284775
v -0.059444963932037395 0.04584771767258647 0.015420671552419662
v -0.059444963932037395 0.04584771767258647 0.015420671552419662
v -0.05837079882621769 0.049776036292314564 0.009118761867284775
v -0.05837079882621769 0.046677850186824826 0.00354492268525064
v -0.059444963932037395 0.04584771767258647 0.015420671552419662
v -0.05837079882621769 0.046677850186824826 0.00354492268525064
v -0.059444963932037395 0.043202895671129254 0.010005053132772446
v -0.059444963932037395 0.043202895671129254 0.010005053132772446
v -0.05837079882621769 0.046677850186824826 0.00354492268525064
v -0.05837079882621769 0.04277788102626803 -0.0012090246891602874
v -0.059444963932037395 0.043202895671129254 0.010005053132772446
v -0.05837079882621769 0.04277788102626803 -0.0012090246891602874
v -0.059444963932037395 0.03980416059494021 0.0053353565745055676
v -0.059444963932037395 0.03980416059494021 0.0053353565745055676
v -0.05837079882621769 0.04277788102626803 -0.0012090246891602874
v -0.05837079882621769 0.038357529789209394 -0.0049792868085205555
v -0.059444963932037395 0.03980416059494021 0.0053353565745055676
v -0.05837079882621769 0.038357529789209394 -0.0049792868085205555
v -0.059444963932037395 0.03591041639447214 0.0015638727927580476
v -0.059444963932037395 0.03591041639447214 0.0015638727927580476
v -0.05837079882621769 0.038357529789209394 -0.0049792868085205555
v -0.05837079882621769 0.03371098637580874 -0.007722799200564623
v -0.059444963932037395 0.03591041639447214 0.0015638727927580476
v -0.05837079882621769 0.03371098637580874 -0.007722799200564623
v -0.059444963932037395 0.03179174289107325 -0.0012686889385804534
v -0.059444963932037395 0.03179174289107325 -0.0012686889385804534
v -0.05837079882621769 0.03371098637580874 -0.007722799200564623
v -0.05837079882621769 0.02902130223810675 -0.00952884927392006
v -0.059444963932037395 0.03179174289107325 -0.0012686889385804534
v -0.05837079882621769 0.02902130223810675 -0.00952884927392006
v -0.059444963932037395 0.027617329731583613 -0.003243569517508149
v -0.059444963932037395 0.027617329731583613 -0.003243569517508149
v -0.05837079882621769 0.02902130223810675 -0.00952884927392006
v -0.05837079882621769 0.023973768576979654 -0.011077646166086197
v -0.059444963932037395 0.027617329731583613 -0.003243569517508149
v -0.05837079882621769 0.023973768576979654 -0.011077646166086197
v -0.059444963932037395 0.023096134886145606 -0.004985366482287645
v -0.059444963932037395 0.023096134886145606 -0.004985366482287645
v -0.05837079882621769 0.023973768576979654 -0.011077646166086197
v -0.05837079882621769 0.018858937546610846 -0.012644592672586441
v -0.059444963932037395 0.023096134886145606 -0.004985366482287645
v -0.05837079882621769 0.018858937546610846 -0.012644592672586441
v -0.059444963932037395 0.01849632896482946 -0.006747518200427294
v -0.059444963932037395 0.01849632896482946 -0.006747518200427294
v -0.05837079882621769 0.018858937546610846 -0.012644592672586441
v -0.059444963932037395 0.01590200886130334 -0.007637713570147753
v -0.059444963932037395 0.01849632896482946 -0.006747518200427294
v -0.059444963932037395 0.01590200886130334 -0.007637713570147753
v -0.05992415919899945 0.015638038516044627 0.0036354323383420706
v -0.05992415919899945 0.015638038516044627 0.0036354323383420706
v -0.059444963932037395 0.01590200886130334 -0.007637713570147753
v -0.059709254652261776 0.012499999254941949 -0.005899552721530199
v -0.05992415919899945 0.015638038516044627 0.0036354323383420706
v -0.059709254652261776 0.012499999254941949 -0.005899552721530199
v -0.059999998658895534 0.012499999254941949 -4.0531160649948106e-09
v 0.0435101427137852 0.07281151413917546 0.042430367320775986
v 0.0435101427137852 0.07462121546268469 0.034317877143621445
v 0.03886068984866145 0.07717794924974447 0.03938531503081322
v 0.03886068984866145 0.07717794924974447 0.03938531503081322
v 0.0435101427137852 0.07462121546268469 0.034317877143621445
v 0.03886068984866145 0.07890774309635168 0.031016167253255844
v 0.03886068984866145 0.07717794924974447 0.03938531503081322
v 0.03886068984866145 0.07890774309635168 0.031016167253255844
v 0.033792003989219686 0.0810138732194901 0.03671016916632652
v 0.033792003989219686 0.0810138732194901 0.03671016916632652
v 0.03886068984866145 0.07890774309635168 0.031016167253255844
v 0.033792003989219686 0.08267351239919668 0.028115537017583847
v 0.033792003989219686 0.0810138732194901 0.03671016916632652
v 0.033792003989219686 0.08267351239919668 0.028115537017583847
v 0.028397269546985644 0.08426355570554739 0.034443821758031845
v 0.028397269546985644 0.08426355570554739 0.034443821758031845
v 0.033792003989219686 0.08267351239919668 0.028115537017583847
v 0.028397269546985644 0.08586380630731588 0.025658126920461655
v 0.028397269546985644 0.08426355570554739 0.034443821758031845
v 0.028397269546985644 0.08586380630731588 0.025658126920461655
v 0.02277721837162973 0.08689812570810324 0.03260638937354088
v 0.02277721837162973 0.08689812570810324 0.03260638937354088
v 0.028397269546985644 0.08586380630731588 0.025658126920461655
v 0.02277721837162973 0.08845027536153799 0.023665782064199448
v 0.02277721837162973 0.08689812570810324 0.03260638937354088
v 0.02277721837162973 0.08845027536153799 0.023665782064199448
v 0.017091557383537303 0.088899776339531 0.03121029958128929
v 0.017091557383537303 0.088899776339531 0.03121029958128929
v 0.02277721837162973 0.08845027536153799 0.023665782064199448
v 0.017091557383537303 0.09041544795036321 0.022151973098516464
v 0.017091557383537303 0.088899776339531 0.03121029958128929
v 0.017091557383537303 0.09041544795036321 0.022151973098516464
v 0.011821994557976731 0.09024876356124883 0.0302693210542202
v 0.011821994557976731 0.09024876356124883 0.0302693210542202
v 0.017091557383537303 0.09041544795036321 0.022151973098516464
v 0.011821994557976731 0.09173991531133657 0.02113163098692894
v 0.011821994557976731 0.09024876356124883 0.0302693210542202
v 0.011821994557976731 0.09173991531133657 0.02113163098692894
v 0.0073463190346956305 0.09244191646575933 0.020590778440237045
v 0.0073463190346956305 0.09341576695442205 0.0020451804157346487
v 0.0073463190346956305 0.09326164424419409 0.011325415223836899
v 0.011821994557976731 0.0927522704005242 0.0026685555931180716
v 0.011821994557976731 0.0927522704005242 0.0026685555931180716
v 0.0073463190346956305 0.09326164424419409 0.011325415223836899
v 0.011821994557976731 0.0925771594047547 0.011908110231161118
v 0.011821994557976731 0.0927522704005242 0.0026685555931180716
v 0.011821994557976731 0.0925771594047547 0.011908110231161118
v 0.017091557383537303 0.09150012582540518 0.0038445850368589163
v 0.017091557383537303 0.09150012582540518 0.0038445850368589163
v 0.011821994557976731 0.0925771594047547 0.011908110231161118
v 0.017091557383537303 0.09128558635711675 0.013007398694753647
v 0.017091557383537303 0.09150012582540518 0.0038445850368589163
v 0.017091557383537303 0.09128558635711675 0.013007398694753647
v 0.02277721837162973 0.08964201062917715 0.0055894809775054455
v 0.02277721837162973 0.08964201062917715 0.0055894809775054455
v 0.017091557383537303 0.09128558635711675 0.013007398694753647
v 0.02277721837162973 0.08936911821365362 0.014638330787420273
v 0.02277721837162973 0.08964201062917715 0.0055894809775054455
v 0.02277721837162973 0.08936911821365362 0.014638330787420273
v 0.028397269546985644 0.08719624578952795 0.007886018604040146
v 0.028397269546985644 0.08719624578952795 0.007886018604040146
v 0.02277721837162973 0.08936911821365362 0.014638330787420273
v 0.028397269546985644 0.08684664219617849 0.016784872859716415
v 0.028397269546985644 0.08719624578952795 0.007886018604040146
v 0.028397269546985644 0.08684664219617849 0.016784872859716415
v 0.033792003989219686 0.08417933434247976 0.010718639940023422
v 0.033792003989219686 0.08417933434247976 0.010718639940023422
v 0.028397269546985644 0.08684664219617849 0.016784872859716415
v 0.033792003989219686 0.08373521268367773 0.01943245157599449
v 0.033792003989219686 0.08417933434247976 0.010718639940023422
v 0.033792003989219686 0.08373521268367773 0.01943245157599449
v 0.03886068984866145 0.08061808347702032 0.014062222093343735
v 0.03886068984866145 0.08061808347702032 0.014062222093343735
v 0.033792003989219686 0.08373521268367773 0.01943245157599449
v 0.03886068984866145 0.08006246387958532 0.02255755290389061
v 0.03886068984866145 0.08061808347702032 0.014062222093343735
v 0.03886068984866145 0.08006246387958532 0.02255755290389061
v 0.0435101427137852 0.07656422257423406 0.017868157476186752
v 0.0435101427137852 0.07656422257423406 0.017868157476186752
v 0.03886068984866145 0.08006246387958532 0.02255755290389061
v 0.0435101427137852 0.07588176429271704 0.02611478790640831
v 0.0435101427137852 0.07656422257423406 0.017868157476186752
v 0.0435101427137852 0.07588176429271704 0.02611478790640831
v 0.04765824973583225 0.07208227366209034 0.022075887769460678
v 0.04765824973583225 0.07208227366209034 0.022075887769460678
v 0.0435101427137852 0.07588176429271704 0.02611478790640831
v 0.04765824973583225 0.07125963270664219 0.03004753217101097
v 0.04765824973583225 0.07208227366209034 0.022075887769460678
v 0.04765824973583225 0.07125963270664219 0.03004753217101097
v 0.05124292895197872 0.06725507229566578 0.026607628911733627
v 0.05124292895197872 0.06725507229566578 0.026607628911733627
v 0.04765824973583225 0.07125963270664219 0.03004753217101097
v 0.05124292895197872 0.06628151237964634 0.034283097833395004
v 0.05124292895197872 0.06725507229566578 0.026607628911733627
v 0.05124292895197872 0.06628151237964634 0.034283097833395004
v 0.054219275712966954 0.062171395868063015 0.031380053609609604
v 0.054219275712966954 0.062171395868063015 0.031380053609609604
v 0.05124292895197872 0.06628151237964634 0.034283097833395004
v 0.054219275712966954 0.061038952320814174 0.038743581622838974
v 0.054219275712966954 0.062171395868063015 0.031380053609609604
v 0.054219275712966954 0.061038952320814174 0.038743581622838974
v 0.05656765401363376 0.05692635849118236 0.03630390390753746
v 0.05656765401363376 0.05692635849118236 0.03630390390753746
v 0.054219275712966954 0.061038952320814174 0.038743581622838974
v 0.05656765401363376 0.05563002824783329 0.04334559664130211
v 0.05656765401363376 0.05692635849118236 0.03630390390753746
v 0.05656765401363376 0.05563002824783329 0.04334559664130211
v 0.05828642845153813 0.050149850547313725 0.04800814017653465
v -0.0336328372359276 -0.017514748498797427 0.10541274398565292
v -0.0336328372359276 -0.010603889822959907 0.09968876093626022
v -0.028229752555489557 -0.020746061578392996 0.10766630619764328
v -0.028229752555489557 -0.020746061578392996 0.10766630619764328
v -0.0336328372359276 -0.010603889822959907 0.09968876093626022
v -0.028229752555489557 -0.013697733171284207 0.10232137888669968
v -0.028229752555489557 -0.020746061578392996 0.10766630619764328
v -0.028229752555489557 -0.013697733171284207 0.10232137888669968
v -0.022604495286941542 -0.023361718282103552 0.1094905361533165
v -0.022604495286941542 -0.023361718282103552 0.1094905361533165
v -0.028229752555489557 -0.013697733171284207 0.10232137888669968
v -0.022604495286941542 -0.01620209962129594 0.10445248335599899
v -0.022604495286941542 -0.023361718282103552 0.1094905361533165
v -0.022604495286941542 -0.01620209962129594 0.10445248335599899
v -0.016859784722328196 -0.025349235162138956 0.11087679117918015
v -0.016859784722328196 -0.025349235162138956 0.11087679117918015
v -0.022604495286941542 -0.01620209962129594 0.10445248335599899
v -0.016859784722328196 -0.01810504123568536 0.10607194155454636
v -0.016859784722328196 -0.025349235162138956 0.11087679117918015
v -0.016859784722328196 -0.01810504123568536 0.10607194155454636
v -0.011092000640928752 -0.026722280308604258 0.11183454841375351
v -0.011092000640928752 -0.026722280308604258 0.11183454841375351
v -0.016859784722328196 -0.01810504123568536 0.10607194155454636
v -0.011092000640928752 -0.019419640302658095 0.10719083994626999
v -0.011092000640928752 -0.026722280308604258 0.11183454841375351
v -0.011092000640928752 -0.019419640302658095 0.10719083994626999
v -0.005397376604378227 -0.027507103979587572 0.11238213628530502
v -0.005397376604378227 -0.027507103979587572 0.11238213628530502
v -0.011092000640928752 -0.019419640302658095 0.10719083994626999
v -0.005397376604378227 -0.02017103508114816 0.10783057659864426
v -0.005397376604378227 -0.027507103979587572 0.11238213628530502
v -0.005397376604378227 -0.02017103508114816 0.10783057659864426
v 0.00016779782890807848 -0.027747575193643587 0.11255010217428207
v 0.00016779782890807848 -0.027747575193643587 0.11255010217428207
v -0.005397376604378227 -0.02017103508114816 0.10783057659864426
v 0.00016779782890807848 -0.02040122821927072 0.10802685469388962
v 0.00016779782890807848 -0.027747575193643587 0.11255010217428207
v 0.00016779782890807848 -0.02040122821927072 0.10802685469388962
v 0.005738519132137302 -0.027474623173475283 0.11236005276441574
v 0.005738519132137302 -0.027474623173475283 0.11236005276441574
v 0.00016779782890807848 -0.02040122821927072 0.10802685469388962
v 0.005738519132137302 -0.020139830186963095 0.10780491679906845
v 0.005738519132137302 -0.027474623173475283 0.11236005276441574
v 0.005738519132137302 -0.020139830186963095 0.10780491679906845
v 0.011440484784543521 -0.026654351502656954 0.11178838461637497
v 0.011440484784543521 -0.026654351502656954 0.11178838461637497
v 0.005738519132137302 -0.020139830186963095 0.10780491679906845
v 0.011440484784543521 -0.019354389980435385 0.10713713616132736
v 0.011440484784543521 -0.026654351502656954 0.11178838461637497
v 0.011440484784543521 -0.019354389980435385 0.10713713616132736
v 0.017209554091095935 -0.025243790820240992 0.11080505698919296
v 0.017209554091095935 -0.025243790820240992 0.11080505698919296
v 0.011440484784543521 -0.019354389980435385 0.10713713616132736
v 0.017209554091095935 -0.018003761768341075 0.1059885248541832
v 0.017209554091095935 -0.025243790820240992 0.11080505698919296
v 0.017209554091095935 -0.018003761768341075 0.1059885248541832
v 0.02294983156025411 -0.023217432200908675 0.10939233750104904
v 0.02294983156025411 -0.023217432200908675 0.10939233750104904
v 0.017209554091095935 -0.018003761768341075 0.1059885248541832
v 0.02294983156025411 -0.016063526272773753 0.10433828085660934
v 0.02294983156025411 -0.023217432200908675 0.10939233750104904
v 0.02294983156025411 -0.016063526272773753 0.10433828085660934
v 0.028564581647515314 -0.020563084632158293 0.10754170268774033
v 0.028564581647515314 -0.020563084632158293 0.10754170268774033
v 0.02294983156025411 -0.016063526272773753 0.10433828085660934
v 0.028564581647515314 -0.01352200750261546 0.10217645019292831
v 0.028564581647515314 -0.020563084632158293 0.10754170268774033
v 0.028564581647515314 -0.01352200750261546 0.10217645019292831
v 0.03395087271928789 -0.01729421317577363 0.10526254028081894
v 0.03395087271928789 -0.01729421317577363 0.10526254028081894
v 0.028564581647515314 -0.01352200750261546 0.10217645019292831
v 0.03395087271928789 -0.010392102412879474 0.09951402992010117
v 0.03395087271928789 -0.01729421317577363 0.10526254028081894
v 0.03395087271928789 -0.010392102412879474 0.09951402992010117
v 0.039008203893899945 -0.01344054378569127 0.10257556289434433
v 0.039008203893899945 -0.01344054378569127 0.10257556289434433
v 0.03395087271928789 -0.010392102412879474 0.09951402992010117
v 0.039008203893899945 -0.006702271755784754 0.09637521952390671
v 0.039008203893899945 -0.01344054378569127 0.10257556289434433
v 0.039008203893899945 -0.006702271755784754 0.09637521952390671
v 0.04364354535937312 -0.009058258496224885 0.09951993077993393
v 0.04364354535937312 -0.009058258496224885 0.09951993077993393
v 0.039008203893899945 -0.006702271755784754 0.09637521952390671
v 0.04364354535937312 -0.0025063098873943108 0.09280573576688766
v 0.04364354535937312 -0.009058258496224885 0.09951993077993393
v 0.04364354535937312 -0.0025063098873943108 0.09280573576688766
v 0.04777545109391216 -0.0042175296694040324 0.09614460915327072
v 0.04777545109391216 -0.0042175296694040324 0.09614460915327072
v 0.04364354535937312 -0.0025063098873943108 0.09280573576688766
v 0.04777545109391216 0.002128593856468798 0.08886279910802841
v 0.04777545109391216 -0.0042175296694040324 0.09614460915327072
v 0.04777545109391216 0.002128593856468798 0.08886279910802841
v 0.05134218186140064 0.0009921194287016994 0.09251200407743454
v 0.05134218186140064 0.0009921194287016994 0.09251200407743454
v 0.04777545109391216 0.002128593856468798 0.08886279910802841
v 0.05134218186140064 0.0071167242713272615 0.08461927622556686
v 0.05134218186140064 0.0009921194287016994 0.09251200407743454
v 0.05134218186140064 0.0071167242713272615 0.08461927622556686
v 0.05429974943399433 0.006474799942225222 0.08868896216154099
v 0.05429974943399433 0.006474799942225222 0.08868896216154099
v 0.05134218186140064 0.0071167242713272615 0.08461927622556686
v 0.05429974943399433 0.012366268783807763 0.08015330880880356
v 0.05429974943399433 0.006474799942225222 0.08868896216154099
v 0.05429974943399433 0.012366268783807763 0.08015330880880356
v 0.056628901511430775 0.012128030881285676 0.08474697917699814
v 0.056628901511430775 0.012128030881285676 0.08474697917699814
v 0.05429974943399433 0.012366268783807763 0.08015330880880356
v 0.056628901511430775 0.01777910627424718 0.07554837316274643
v 0.056628901511430775 0.012128030881285676 0.08474697917699814
v 0.056628901511430775 0.01777910627424718 0.07554837316274643
v 0.058328893035650295 0.017852682620286952 0.08075513690710068
v 0.058328893035650295 0.017852682620286952 0.08075513690710068
v 0.056628901511430775 0.01777910627424718 0.07554837316274643
v 0.058328893035650295 0.023260319605469718 0.07088520377874374
v 0.058328893035650295 0.017852682620286952 0.08075513690710068
v 0.058328893035650295 0.023260319605469718 0.07088520377874374
v 0.05994019284844403 0.029139814898371717 0.0728844627737999
v 0.05994019284844403 0.029139814898371717 0.0728844627737999
v 0.058328893035650295 0.023260319605469718 0.07088520377874374
v 0.05994019284844403 0.03406745567917826 0.061690863221883774
v 0.05994019284844403 0.029139814898371717 0.0728844627737999
v 0.05994019284844403 0.03406745567917826 0.061690863221883774
v 0.05939660966396336 0.04023269936442378 0.06514912098646164
v 0.05939660966396336 0.04023269936442378 0.06514912098646164
v 0.05994019284844403 0.03406745567917826 0.061690863221883774
v 0.05939660966396336 0.04468858614563945 0.052654560655355453
v 0.05939660966396336 0.04023269936442378 0.06514912098646164
v 0.05939660966396336 0.04468858614563945 0.052654560655355453
v 0.05828642845153813 0.04593654721975329 0.061171647161245346
v 0.05828642845153813 0.04593654721975329 0.061171647161245346
v 0.05939660966396336 0.04468858614563945 0.052654560655355453
v 0.05828642845153813 0.050149850547313725 0.04800814017653465
v 0.05828642845153813 0.04593654721975329 0.061171647161245346
v 0.05828642845153813 0.050149850547313725 0.04800814017653465
v 0.05656765401363376 0.05166014656424526 0.05718037113547325
v 0.05656765401363376 0.05166014656424526 0.05718037113547325
v 0.05828642845153813 0.050149850547313725 0.04800814017653465
v 0.05656765401363376 0.05563002824783329 0.04334559664130211
v 0.05656765401363376 0.05166014656424526 0.05718037113547325
v 0.05656765401363376 0.05563002824783329 0.04334559664130211
v 0.054219275712966954 0.057309340685606044 0.053240951150655746
v 0.054219275712966954 0.057309340685606044 0.053240951150655746
v 0.05656765401363376 0.05563002824783329 0.04334559664130211
v 0.054219275712966954 0.061038952320814174 0.038743581622838974
v 0.054219275712966954 0.057309340685606044 0.053240951150655746
v 0.054219275712966954 0.061038952320814174 0.038743581622838974
v 0.05124292895197872 0.06278478354215626 0.049422647804021835
v 0.05124292895197872 0.06278478354215626 0.049422647804021835
v 0.054219275712966954 0.061038952320814174 0.038743581622838974
v 0.05124292895197872 0.06628151237964634 0.034283097833395004
v 0.05124292895197872 0.06278478354215626 0.049422647804021835
v 0.05124292895197872 0.06628151237964634 0.034283097833395004
v 0.04765824973583225 0.0679840445518494 0.045796897262334824
v 0.04765824973583225 0.0679840445518494 0.045796897262334824
v 0.05124292895197872 0.06628151237964634 0.034283097833395004
v 0.04765824973583225 0.07125963270664219 0.03004753217101097
v 0.04765824973583225 0.0679840445518494 0.045796897262334824
v 0.04765824973583225 0.07125963270664219 0.03004753217101097
v 0.0435101427137852 0.07462121546268469 0.034317877143621445
v 0.0435101427137852 0.07462121546268469 0.034317877143621445
v 0.04765824973583225 0.07125963270664219 0.03004753217101097
v 0.0435101427137852 0.07588176429271704 0.02611478790640831
v 0.0435101427137852 0.07462121546268469 0.034317877143621445
v 0.0435101427137852 0.07588176429271704 0.02611478790640831
v 0.03886068984866145 0.07890774309635168 0.031016167253255844
v 0.03886068984866145 0.07890774309635168 0.031016167253255844
v 0.0435101427137852 0.07588176429271704 0.02611478790640831
v 0.03886068984866145 0.08006246387958532 0.02255755290389061
v 0.03886068984866145 0.07890774309635168 0.031016167253255844
v 0.03886068984866145 0.08006246387958532 0.02255755290389061
v 0.033792003989219686 0.08267351239919668 0.028115537017583847
v 0.033792003989219686 0.08267351239919668 0.028115537017583847
v 0.03886068984866145 0.08006246387958532 0.02255755290389061
v 0.033792003989219686 0.08373521268367773 0.01943245157599449
v 0.033792003989219686 0.08267351239919668 0.028115537017583847
v 0.033792003989219686 0.08373521268367773 0.01943245157599449
v 0.028397269546985644 0.08586380630731588 0.025658126920461655
v 0.028397269546985644 0.08586380630731588 0.025658126920461655
v 0.033792003989219686 0.08373521268367773 0.01943245157599449
v 0.028397269546985644 0.08684664219617849 0.016784872859716415
v 0.028397269546985644 0.08586380630731588 0.025658126920461655
v 0.028397269546985644 0.08684664219617849 0.016784872859716415
v 0.02277721837162973 0.08845027536153799 0.023665782064199448
v 0.02277721837162973 0.08845027536153799 0.023665782064199448
v 0.028397269546985644 0.08684664219617849 0.016784872859716415
v 0.02277721837162973 0.08936911821365362 0.014638330787420273
v 0.02277721837162973 0.08845027536153799 0.023665782064199448
v 0.02277721837162973 0.08936911821365362 0.014638330787420273
v 0.017091557383537303 0.09041544795036321 0.022151973098516464
v 0.017091557383537303 0.09041544795036321 0.022151973098516464
v 0.02277721837162973 0.08936911821365362 0.014638330787420273
v 0.017091557383537303 0.09128558635711675 0.013007398694753647
v 0.017091557383537303 0.09041544795036321 0.022151973098516464
v 0.017091557383537303 0.09128558635711675 0.013007398694753647
v 0.011821994557976731 0.09173991531133657 0.02113163098692894
v 0.011821994557976731 0.09173991531133657 0.02113163098692894
v 0.017091557383537303 0.09128558635711675 0.013007398694753647
v 0.011821994557976731 0.0925771594047547 0.011908110231161118
v 0.011821994557976731 0.09173991531133657 0.02113163098692894
v 0.011821994557976731 0.0925771594047547 0.011908110231161118
v 0.0073463190346956305 0.09244191646575933 0.020590778440237045
v 0.0073463190346956305 0.09244191646575933 0.020590778440237045
v 0.011821994557976731 0.0925771594047547 0.011908110231161118
v 0.0073463190346956305 0.09326164424419409 0.011325415223836899
v 0.0073463190346956305 0.09175339341163641 -0.016284439712762833
v 0.0073463190346956305 0.09290687739849096 -0.007182632107287645
v 0.011821994557976731 0.09114105254411703 -0.015585217624902725
v 0.011821994557976731 0.09114105254411703 -0.015585217624902725
v 0.0073463190346956305 0.09290687739849096 -0.007182632107287645
v 0.011821994557976731 0.09226758033037191 -0.006520543713122606
v 0.011821994557976731 0.09114105254411703 -0.015585217624902725
v 0.011821994557976731 0.09226758033037191 -0.006520543713122606
v 0.017091557383537303 0.08998551219701773 -0.014265511184930801
v 0.017091557383537303 0.08998551219701773 -0.014265511184930801
v 0.011821994557976731 0.09226758033037191 -0.006520543713122606
v 0.017091557383537303 0.09106099605560308 -0.00527108134701848
v 0.017091557383537303 0.08998551219701773 -0.014265511184930801
v 0.017091557383537303 0.09106099605560308 -0.00527108134701848
v 0.02277721837162973 0.08827081322669988 -0.012307081371545792
v 0.02277721837162973 0.08827081322669988 -0.012307081371545792
v 0.017091557383537303 0.09106099605560308 -0.00527108134701848
v 0.02277721837162973 0.08927043527364736 -0.0034169594291597605
v 0.02277721837162973 0.08827081322669988 -0.012307081371545792
v 0.02277721837162973 0.08927043527364736 -0.0034169594291597605
v 0.028397269546985644 0.08601384609937673 -0.009729210287332535
v 0.028397269546985644 0.08601384609937673 -0.009729210287332535
v 0.02277721837162973 0.08927043527364736 -0.0034169594291597605
v 0.028397269546985644 0.08691352605819708 -0.0009764771675691009
v 0.028397269546985644 0.08601384609937673 -0.009729210287332535
v 0.028397269546985644 0.08691352605819708 -0.0009764771675691009
v 0.033792003989219686 0.08322986215353018 -0.006549302954226732
v 0.033792003989219686 0.08322986215353018 -0.006549302954226732
v 0.028397269546985644 0.08691352605819708 -0.0009764771675691009
v 0.033792003989219686 0.08400619029998785 0.002033885335549712
v 0.033792003989219686 0.08322986215353018 -0.006549302954226732
v 0.033792003989219686 0.08400619029998785 0.002033885335549712
v 0.03886068984866145 0.0799435898661614 -0.002795581007376313
v 0.03886068984866145 0.0799435898661614 -0.002795581007376313
v 0.033792003989219686 0.08400619029998785 0.002033885335549712
v 0.03886068984866145 0.08057423681020742 0.0055874246172606945
v 0.03886068984866145 0.0799435898661614 -0.002795581007376313
v 0.03886068984866145 0.08057423681020742 0.0055874246172606945
v 0.0435101427137852 0.0762027651071549 0.0014774162555113435
v 0.0435101427137852 0.0762027651071549 0.0014774162555113435
v 0.03886068984866145 0.08057423681020742 0.0055874246172606945
v 0.0435101427137852 0.07666753232479101 0.009632494300603867
v 0.0435101427137852 0.0762027651071549 0.0014774162555113435
v 0.0435101427137852 0.07666753232479101 0.009632494300603867
v 0.04765824973583225 0.07206693291664128 0.006201680283993483
v 0.04765824973583225 0.07206693291664128 0.006201680283993483
v 0.0435101427137852 0.07666753232479101 0.009632494300603867
v 0.04765824973583225 0.07234823703765873 0.014104720205068588
v 0.04765824973583225 0.07206693291664128 0.006201680283993483
v 0.04765824973583225 0.07234823703765873 0.014104720205068588
v 0.05124292895197872 0.0676125288009644 0.011289890855550766
v 0.05124292895197872 0.0676125288009644 0.011289890855550766
v 0.04765824973583225 0.07234823703765873 0.014104720205068588
v 0.05124292895197872 0.06769619882106785 0.01892143115401268
v 0.05124292895197872 0.0676125288009644 0.011289890855550766
v 0.05124292895197872 0.06769619882106785 0.01892143115401268
v 0.054219275712966954 0.06292147934436802 0.016648467630147934
v 0.054219275712966954 0.06292147934436802 0.016648467630147934
v 0.05124292895197872 0.06769619882106785 0.01892143115401268
v 0.054219275712966954 0.06279698759317402 0.02399405464529991
v 0.054219275712966954 0.06292147934436802 0.016648467630147934
v 0.054219275712966954 0.06279698759317402 0.02399405464529991
v 0.05656765401363376 0.05808153748512272 0.022177156060934067
v 0.05656765401363376 0.05808153748512272 0.022177156060934067
v 0.054219275712966954 0.06279698759317402 0.02399405464529991
v 0.05656765401363376 0.05774222314357762 0.029227670282125473
v 0.05656765401363376 0.05808153748512272 0.022177156060934067
v 0.05656765401363376 0.05774222314357762 0.029227670282125473
v 0.05828642845153813 0.05317781493067745 0.02777877077460289
v 0.05828642845153813 0.05317781493067745 0.02777877077460289
v 0.05656765401363376 0.05774222314357762 0.029227670282125473
v 0.05828642845153813 0.05262082442641262 0.03453027829527855
v 0.05828642845153813 0.05317781493067745 0.02777877077460289
v 0.05828642845153813 0.05262082442641262 0.03453027829527855
v 0.05939660966396336 0.048290994018316304 0.03336107358336449
v 0.05939660966396336 0.048290994018316304 0.03336107358336449
v 0.05828642845153813 0.05262082442641262 0.03453027829527855
v 0.05939660966396336 0.04751703888177875 0.03981461748480797
v 0.05939660966396336 0.048290994018316304 0.03336107358336449
v 0.05939660966396336 0.04751703888177875 0.03981461748480797
v 0.05994019284844403 0.03878699615597728 0.04421782121062279
v 0.05994019284844403 0.03878699615597728 0.04421782121062279
v 0.05939660966396336 0.04751703888177875 0.03981461748480797
v 0.05994019284844403 0.03759101033210757 0.05009173974394798
v 0.05994019284844403 0.03878699615597728 0.04421782121062279
v 0.05994019284844403 0.03759101033210757 0.05009173974394798
v 0.058328893035650295 0.0291164815425873 0.05526488646864891
v 0.058328893035650295 0.0291164815425873 0.05526488646864891
v 0.05994019284844403 0.03759101033210757 0.05009173974394798
v 0.058328893035650295 0.02749095112085344 0.06054895743727684
v 0.058328893035650295 0.0291164815425873 0.05526488646864891
v 0.058328893035650295 0.02749095112085344 0.06054895743727684
v 0.056628901511430775 0.024211712181568163 0.06086787208914757
v 0.056628901511430775 0.024211712181568163 0.06086787208914757
v 0.058328893035650295 0.02749095112085344 0.06054895743727684
v 0.056628901511430775 0.02236828021705152 0.06585275381803513
v 0.056628901511430775 0.024211712181568163 0.06086787208914757
v 0.056628901511430775 0.02236828021705152 0.06585275381803513
v 0.05429974943399433 0.01936810836195947 0.06640102714300156
v 0.05429974943399433 0.01936810836195947 0.06640102714300156
v 0.056628901511430775 0.02236828021705152 0.06585275381803513
v 0.05429974943399433 0.017309457063674937 0.07109042257070541
v 0.05429974943399433 0.01936810836195947 0.06640102714300156
v 0.05429974943399433 0.017309457063674937 0.07109042257070541
v 0.05134218186140064 0.012403182685375222 0.07617010921239853
v 0.039008203893899945 0.004905475769191984 0.08216219395399094
v 0.039008203893899945 0.0071860835887491755 0.0782988891005516
v 0.04364354535937312 0.008469054475426679 0.07767035812139511
v 0.04364354535937312 0.008469054475426679 0.07767035812139511
v 0.039008203893899945 0.0071860835887491755 0.0782988891005516
v 0.04364354535937312 0.0105062359943986 0.07361745089292526
v 0.04364354535937312 0.008469054475426679 0.07767035812139511
v 0.04364354535937312 0.0105062359943986 0.07361745089292526
v 0.04777545109391216 0.012405372224748143 0.07270853966474533
v 0.04777545109391216 0.012405372224748143 0.07270853966474533
v 0.04364354535937312 0.0105062359943986 0.07361745089292526
v 0.04777545109391216 0.014173552393913278 0.06844630092382431
v 0.04777545109391216 0.012405372224748143 0.07270853966474533
v 0.04777545109391216 0.014173552393913278 0.06844630092382431
v 0.05134218186140064 0.016641631722450267 0.0673685297369957
v 0.05134218186140064 0.016641631722450267 0.0673685297369957
v 0.04777545109391216 0.014173552393913278 0.06844630092382431
v 0.05134218186140064 0.018120212480425845 0.06288107484579086
v 0.05134218186140064 0.016641631722450267 0.0673685297369957
v 0.05134218186140064 0.018120212480425845 0.06288107484579086
v 0.05429974943399433 0.02109985984861852 0.06174859032034874
v 0.05429974943399433 0.02109985984861852 0.06174859032034874
v 0.05134218186140064 0.018120212480425845 0.06288107484579086
v 0.05429974943399433 0.02227357774972917 0.05702420696616173
v 0.05429974943399433 0.02109985984861852 0.06174859032034874
v 0.05429974943399433 0.02227357774972917 0.05702420696616173
v 0.056628901511430775 0.025696730241179484 0.055953796952962875
v 0.056628901511430775 0.025696730241179484 0.055953796952962875
v 0.05429974943399433 0.02227357774972917 0.05702420696616173
v 0.056628901511430775 0.026556020602583903 0.05098515376448631
v 0.056628901511430775 0.025696730241179484 0.055953796952962875
v 0.056628901511430775 0.026556020602583903 0.05098515376448631
v 0.058328893035650295 0.030351635068655035 0.050085749477148056
v 0.058328893035650295 0.030351635068655035 0.050085749477148056
v 0.056628901511430775 0.026556020602583903 0.05098515376448631
v 0.058328893035650295 0.030892454087734243 0.04486986622214317
v 0.058328893035650295 0.030351635068655035 0.050085749477148056
v 0.058328893035650295 0.030892454087734243 0.04486986622214317
v 0.05994019284844403 0.039529476314783124 0.03851574286818504
v 0.05994019284844403 0.039529476314783124 0.03851574286818504
v 0.058328893035650295 0.030892454087734243 0.04486986622214317
v 0.05994019284844403 0.039442185312509564 0.03281253203749657
v 0.05994019284844403 0.039529476314783124 0.03851574286818504
v 0.05994019284844403 0.039442185312509564 0.03281253203749657
v 0.05939660966396336 0.04854924604296688 0.027144726365804672
v 0.05939660966396336 0.04854924604296688 0.027144726365804672
v 0.05994019284844403 0.039442185312509564 0.03281253203749657
v 0.05939660966396336 0.047844413667917286 0.020962771028280258
v 0.05939660966396336 0.04854924604296688 0.027144726365804672
v 0.05939660966396336 0.047844413667917286 0.020962771028280258
v 0.05828642845153813 0.05318706482648853 0.02129780873656273
v 0.05828642845153813 0.05318706482648853 0.02129780873656273
v 0.05939660966396336 0.047844413667917286 0.020962771028280258
v 0.05828642845153813 0.052164614200592076 0.014869775623083115
v 0.05828642845153813 0.05318706482648853 0.02129780873656273
v 0.05828642845153813 0.052164614200592076 0.014869775623083115
v 0.05656765401363376 0.05784091725945477 0.015430595725774765
v 0.05656765401363376 0.05784091725945477 0.015430595725774765
v 0.05828642845153813 0.052164614200592076 0.014869775623083115
v 0.05656765401363376 0.05649967491626743 0.008755680173635483
v 0.05656765401363376 0.05784091725945477 0.015430595725774765
v 0.05656765401363376 0.05649967491626743 0.008755680173635483
v 0.054219275712966954 0.0624342225492001 0.009639646857976913
v 0.054219275712966954 0.0624342225492001 0.009639646857976913
v 0.05656765401363376 0.05649967491626743 0.008755680173635483
v 0.054219275712966954 0.060778271406889 0.0027210970874875784
v 0.054219275712966954 0.0624342225492001 0.009639646857976913
v 0.054219275712966954 0.060778271406889 0.0027210970874875784
v 0.05124292895197872 0.06688621640205387 0.004026736598461866
v 0.05124292895197872 0.06688621640205387 0.004026736598461866
v 0.054219275712966954 0.060778271406889 0.0027210970874875784
v 0.05124292895197872 0.06492514908313755 -0.0031278470996767282
v 0.05124292895197872 0.06688621640205387 0.004026736598461866
v 0.05124292895197872 0.06492514908313755 -0.0031278470996767282
v 0.04765824973583225 0.07111360877752308 -0.0013031106209382415
v 0.04765824973583225 0.07111360877752308 -0.0013031106209382415
v 0.05124292895197872 0.06492514908313755 -0.0031278470996767282
v 0.04765824973583225 0.06886273622512822 -0.008681748062372208
v 0.04765824973583225 0.07111360877752308 -0.0013031106209382415
v 0.04765824973583225 0.06886273622512822 -0.008681748062372208
v 0.0435101427137852 0.07503865659236914 -0.006251875776797533
v 0.0435101427137852 0.07503865659236914 -0.006251875776797533
v 0.04765824973583225 0.06886273622512822 -0.008681748062372208
v 0.0435101427137852 0.072518602013588 -0.013838503509759903
v 0.0435101427137852 0.07503865659236914 -0.006251875776797533
v 0.0435101427137852 0.072518602013588 -0.013838503509759903
v 0.03886068984866145 0.07858879864215856 -0.010728094726800919
v 0.03886068984866145 0.07858879864215856 -0.010728094726800919
v 0.0435101427137852 0.072518602013588 -0.013838503509759903
v 0.03886068984866145 0.075825184583664 -0.018502715975046158
v 0.03886068984866145 0.07858879864215856 -0.010728094726800919
v 0.03886068984866145 0.075825184583664 -0.018502715975046158
v 0.033792003989219686 0.0817075520753861 -0.014660540968179703
v 0.033792003989219686 0.0817075520753861 -0.014660540968179703
v 0.03886068984866145 0.075825184583664 -0.018502715975046158
v 0.033792003989219686 0.07872985303401953 -0.022600207477808
v 0.033792003989219686 0.0817075520753861 -0.014660540968179703
v 0.033792003989219686 0.07872985303401953 -0.022600207477808
v 0.028397269546985644 0.08434959501028066 -0.017992053180933
v 0.028397269546985644 0.08434959501028066 -0.017992053180933
v 0.033792003989219686 0.07872985303401953 -0.022600207477808
v 0.028397269546985644 0.08119041472673422 -0.026071462780237198
v 0.028397269546985644 0.08434959501028066 -0.017992053180933
v 0.028397269546985644 0.08119041472673422 -0.026071462780237198
v 0.02277721837162973 0.08649147301912313 -0.020693037658929825
v 0.02277721837162973 0.08649147301912313 -0.020693037658929825
v 0.028397269546985644 0.08119041472673422 -0.026071462780237198
v 0.02277721837162973 0.08318502455949789 -0.02888563647866249
v 0.02277721837162973 0.08649147301912313 -0.020693037658929825
v 0.02277721837162973 0.08318502455949789 -0.02888563647866249
v 0.017091557383537303 0.08811870962381368 -0.022745255380868912
v 0.017091557383537303 0.08811870962381368 -0.022745255380868912
v 0.02277721837162973 0.08318502455949789 -0.02888563647866249
v 0.017091557383537303 0.0847002193331719 -0.03102368488907814
v 0.017091557383537303 0.08811870962381368 -0.022745255380868912
v 0.017091557383537303 0.0847002193331719 -0.03102368488907814
v 0.011821994557976731 0.08921528607606893 -0.02412841096520424
v 0.011821994557976731 0.08921528607606893 -0.02412841096520424
v 0.017091557383537303 0.0847002193331719 -0.03102368488907814
v 0.011821994557976731 0.0857211202383042 -0.03246456757187843
v 0.011821994557976731 0.08921528607606893 -0.02412841096520424
v 0.011821994557976731 0.0857211202383042 -0.03246456757187843
v 0.0073463190346956305 0.08979634195566183 -0.024861548095941544
v 0.0073463190346956305 0.08979634195566183 -0.024861548095941544
v 0.011821994557976731 0.0857211202383042 -0.03246456757187843
v 0.0073463190346956305 0.08626189082860952 -0.033228132873773575
v 0.0073463190346956305 0.08979634195566183 -0.024861548095941544
v 0.0073463190346956305 0.08626189082860952 -0.033228132873773575
v 0.00299041345715523 0.08846280723810201 -0.029385093599557877
v 0.00299041345715523 0.08846280723810201 -0.029385093599557877
v 0.0073463190346956305 0.08626189082860952 -0.033228132873773575
v 0.00299041345715523 0.0864784866571427 -0.03353450074791908
v 0.00299041345715523 0.08846280723810201 -0.029385093599557877
v 0.00299041345715523 0.0864784866571427 -0.03353450074791908
v -0.0015107626095414173 0.08654720336198812 -0.033632341772317886
v -0.0336328372359276 -0.004165277350693944 0.09332122653722763
v -0.0336328372359276 0.0015883793821558367 0.08633371442556381
v -0.028229752555489557 -0.007056182716041808 0.09631460160017014
v -0.028229752555489557 -0.007056182716041808 0.09631460160017014
v -0.0336328372359276 0.0015883793821558367 0.08633371442556381
v -0.028229752555489557 -0.001038732938468457 0.08964639157056808
v -0.028229752555489557 -0.007056182716041808 0.09631460160017014
v -0.028229752555489557 -0.001038732938468457 0.08964639157056808
v -0.022604495286941542 -0.009396168403327472 0.09873756021261215
v -0.022604495286941542 -0.009396168403327472 0.09873756021261215
v -0.028229752555489557 -0.001038732938468457 0.08964639157056808
v -0.022604495286941542 -0.0031652320176363013 0.09232800453901291
v -0.022604495286941542 -0.009396168403327472 0.09873756021261215
v -0.022604495286941542 -0.0031652320176363013 0.09232800453901291
v -0.016859784722328196 -0.011174073442816741 0.10057859867811203
v -0.016859784722328196 -0.011174073442816741 0.10057859867811203
v -0.022604495286941542 -0.0031652320176363013 0.09232800453901291
v -0.016859784722328196 -0.00478097423911095 0.09436573833227158
v -0.016859784722328196 -0.011174073442816741 0.10057859867811203
v -0.016859784722328196 -0.00478097423911095 0.09436573833227158
v -0.011092000640928752 -0.012402136810123929 0.10185032337903976
v -0.011092000640928752 -0.012402136810123929 0.10185032337903976
v -0.016859784722328196 -0.00478097423911095 0.09436573833227158
v -0.011092000640928752 -0.00589707819744945 0.09577357023954391
v -0.011092000640928752 -0.012402136810123929 0.10185032337903976
v -0.011092000640928752 -0.00589707819744945 0.09577357023954391
v -0.005397376604378227 -0.01310385763645173 0.1025770828127861
v -0.005397376604378227 -0.01310385763645173 0.1025770828127861
v -0.011092000640928752 -0.00589707819744945 0.09577357023954391
v -0.005397376604378227 -0.006534893997013573 0.0965784415602684
v -0.005397376604378227 -0.01310385763645173 0.1025770828127861
v -0.005397376604378227 -0.006534893997013573 0.0965784415602684
v 0.00016779782890807848 -0.01331849582493306 0.10279952734708786
v 0.00016779782890807848 -0.01331849582493306 0.10279952734708786
v -0.005397376604378227 -0.006534893997013573 0.0965784415602684
v 0.00016779782890807848 -0.006730095483362679 0.09682532399892807
v 0.00016779782890807848 -0.01331849582493306 0.10279952734708786
v 0.00016779782890807848 -0.006730095483362679 0.09682532399892807
v 0.005738519132137302 -0.013073714450001725 0.10254629701375961
v 0.005738519132137302 -0.013073714450001725 0.10254629701375961
v 0.00016779782890807848 -0.006730095483362679 0.09682532399892807
v 0.005738519132137302 -0.0065078241750598 0.09654589742422104
v 0.005738519132137302 -0.013073714450001725 0.10254629701375961
v 0.005738519132137302 -0.0065078241750598 0.09654589742422104
v 0.011440484784543521 -0.012339170090854177 0.10178600996732712
v 0.011440484784543521 -0.012339170090854177 0.10178600996732712
v 0.005738519132137302 -0.0065078241750598 0.09654589742422104
v 0.011440484784543521 -0.00584051059558988 0.09570544213056564
v 0.011440484784543521 -0.012339170090854177 0.10178600996732712
v 0.011440484784543521 -0.00584051059558988 0.09570544213056564
v 0.017209554091095935 -0.011076419614255435 0.10047882050275803
v 0.017209554091095935 -0.011076419614255435 0.10047882050275803
v 0.011440484784543521 -0.00584051059558988 0.09570544213056564
v 0.017209554091095935 -0.004693220369517807 0.09425991028547287
v 0.017209554091095935 -0.011076419614255435 0.10047882050275803
v 0.017209554091095935 -0.004693220369517807 0.09425991028547287
v 0.02294983156025411 -0.00926264841109515 0.09860112518072128
v 0.02294983156025411 -0.00926264841109515 0.09860112518072128
v 0.017209554091095935 -0.004693220369517807 0.09425991028547287
v 0.02294983156025411 -0.0030452178325504086 0.09218313544988632
v 0.02294983156025411 -0.00926264841109515 0.09860112518072128
v 0.02294983156025411 -0.0030452178325504086 0.09218313544988632
v 0.028564581647515314 -0.006886951625347142 0.09614159911870956
v 0.028564581647515314 -0.006886951625347142 0.09614159911870956
v 0.02294983156025411 -0.0030452178325504086 0.09218313544988632
v 0.028564581647515314 -0.0008865924319252377 0.08946260064840317
v 0.028564581647515314 -0.006886951625347142 0.09614159911870956
v 0.028564581647515314 -0.0008865924319252377 0.08946260064840317
v 0.03395087271928789 -0.003961393609642985 0.09311278909444809
v 0.03395087271928789 -0.003961393609642985 0.09311278909444809
v 0.028564581647515314 -0.0008865924319252377 0.08946260064840317
v 0.03395087271928789 0.0017716969596222054 0.0861121341586113
v 0.03395087271928789 -0.003961393609642985 0.09311278909444809
v 0.03395087271928789 0.0017716969596222054 0.0861121341586113
v 0.039008203893899945 -0.0005125810857862237 0.0895422026515007
v 0.039008203893899945 -0.0005125810857862237 0.0895422026515007
v 0.03395087271928789 0.0017716969596222054 0.0861121341586113
v 0.039008203893899945 0.004905475769191984 0.08216219395399094
v 0.039008203893899945 -0.0005125810857862237 0.0895422026515007
v 0.039008203893899945 0.004905475769191984 0.08216219395399094
v 0.04364354535937312 0.0034092043060809396 0.08548187464475632
v 0.04364354535937312 0.0034092043060809396 0.08548187464475632
v 0.039008203893899945 0.004905475769191984 0.08216219395399094
v 0.04364354535937312 0.008469054475426679 0.07767035812139511
v 0.04364354535937312 0.0034092043060809396 0.08548187464475632
v 0.04364354535937312 0.008469054475426679 0.07767035812139511
v 0.04777545109391216 0.007741163019090896 0.08099686354398727
v 0.04777545109391216 0.007741163019090896 0.08099686354398727
v 0.04364354535937312 0.008469054475426679 0.07767035812139511
v 0.04777545109391216 0.012405372224748143 0.07270853966474533
v 0.04777545109391216 0.007741163019090896 0.08099686354398727
v 0.04777545109391216 0.012405372224748143 0.07270853966474533
v 0.05134218186140064 0.012403182685375222 0.07617010921239853
v 0.05134218186140064 0.012403182685375222 0.07617010921239853
v 0.04777545109391216 0.012405372224748143 0.07270853966474533
v 0.05134218186140064 0.016641631722450267 0.0673685297369957
v 0.05134218186140064 0.012403182685375222 0.07617010921239853
v 0.05134218186140064 0.016641631722450267 0.0673685297369957
v 0.05429974943399433 0.01936810836195947 0.06640102714300156
v 0.05429974943399433 0.01936810836195947 0.06640102714300156
v 0.05134218186140064 0.016641631722450267 0.0673685297369957
v 0.05429974943399433 0.02109985984861852 0.06174859032034874
v 0.05429974943399433 0.01936810836195947 0.06640102714300156
v 0.05429974943399433 0.02109985984861852 0.06174859032034874
v 0.056628901511430775 0.024211712181568163 0.06086787208914757
v 0.056628901511430775 0.024211712181568163 0.06086787208914757
v 0.05429974943399433 0.02109985984861852 0.06174859032034874
v 0.056628901511430775 0.025696730241179484 0.055953796952962875
v 0.056628901511430775 0.024211712181568163 0.06086787208914757
v 0.056628901511430775 0.025696730241179484 0.055953796952962875
v 0.058328893035650295 0.0291164815425873 0.05526488646864891
v 0.058328893035650295 0.0291164815425873 0.05526488646864891
v 0.056628901511430775 0.025696730241179484 0.055953796952962875
v 0.058328893035650295 0.030351635068655035 0.050085749477148056
v 0.058328893035650295 0.0291164815425873 0.05526488646864891
v 0.058328893035650295 0.030351635068655035 0.050085749477148056
v 0.05994019284844403 0.03878699615597728 0.04421782121062279
v 0.05994019284844403 0.03878699615597728 0.04421782121062279
v 0.058328893035650295 0.030351635068655035 0.050085749477148056
v 0.05994019284844403 0.039529476314783124 0.03851574286818504
v 0.05994019284844403 0.03878699615597728 0.04421782121062279
v 0.05994019284844403 0.039529476314783124 0.03851574286818504
v 0.05939660966396336 0.048290994018316304 0.03336107358336449
v 0.05939660966396336 0.048290994018316304 0.03336107358336449
v 0.05994019284844403 0.039529476314783124 0.03851574286818504
v 0.05939660966396336 0.04854924604296688 0.027144726365804672
v 0.05939660966396336 0.048290994018316304 0.03336107358336449
v 0.05939660966396336 0.04854924604296688 0.027144726365804672
v 0.05828642845153813 0.05317781493067745 0.02777877077460289
v 0.05828642845153813 0.05317781493067745 0.02777877077460289
v 0.05939660966396336 0.04854924604296688 0.027144726365804672
v 0.05828642845153813 0.05318706482648853 0.02129780873656273
v 0.05828642845153813 0.05317781493067745 0.02777877077460289
v 0.05828642845153813 0.05318706482648853 0.02129780873656273
v 0.05656765401363376 0.05808153748512272 0.022177156060934067
v 0.05656765401363376 0.05808153748512272 0.022177156060934067
v 0.05828642845153813 0.05318706482648853 0.02129780873656273
v 0.05656765401363376 0.05784091725945477 0.015430595725774765
v 0.05656765401363376 0.05808153748512272 0.022177156060934067
v 0.05656765401363376 0.05784091725945477 0.015430595725774765
v 0.054219275712966954 0.06292147934436802 0.016648467630147934
v 0.054219275712966954 0.06292147934436802 0.016648467630147934
v 0.05656765401363376 0.05784091725945477 0.015430595725774765
v 0.054219275712966954 0.0624342225492001 0.009639646857976913
v 0.054219275712966954 0.06292147934436802 0.016648467630147934
v 0.054219275712966954 0.0624342225492001 0.009639646857976913
v 0.05124292895197872 0.0676125288009644 0.011289890855550766
v 0.05124292895197872 0.0676125288009644 0.011289890855550766
v 0.054219275712966954 0.0624342225492001 0.009639646857976913
v 0.05124292895197872 0.06688621640205387 0.004026736598461866
v 0.05124292895197872 0.0676125288009644 0.011289890855550766
v 0.05124292895197872 0.06688621640205387 0.004026736598461866
v 0.04765824973583225 0.07206693291664128 0.006201680283993483
v 0.04765824973583225 0.07206693291664128 0.006201680283993483
v 0.05124292895197872 0.06688621640205387 0.004026736598461866
v 0.04765824973583225 0.07111360877752308 -0.0013031106209382415
v 0.04765824973583225 0.07206693291664128 0.006201680283993483
v 0.04765824973583225 0.07111360877752308 -0.0013031106209382415
v 0.0435101427137852 0.0762027651071549 0.0014774162555113435
v 0.0435101427137852 0.0762027651071549 0.0014774162555113435
v 0.04765824973583225 0.07111360877752308 -0.0013031106209382415
v 0.0435101427137852 0.07503865659236914 -0.006251875776797533
v 0.0435101427137852 0.0762027651071549 0.0014774162555113435
v 0.0435101427137852 0.07503865659236914 -0.006251875776797533
v 0.03886068984866145 0.0799435898661614 -0.002795581007376313
v 0.03886068984866145 0.0799435898661614 -0.002795581007376313
v 0.0435101427137852 0.07503865659236914 -0.006251875776797533
v 0.03886068984866145 0.07858879864215856 -0.010728094726800919
v 0.03886068984866145 0.0799435898661614 -0.002795581007376313
v 0.03886068984866145 0.07858879864215856 -0.010728094726800919
v 0.033792003989219686 0.08322986215353018 -0.006549302954226732
v 0.033792003989219686 0.08322986215353018 -0.006549302954226732
v 0.03886068984866145 0.07858879864215856 -0.010728094726800919
v 0.033792003989219686 0.0817075520753861 -0.014660540968179703
v 0.033792003989219686 0.08322986215353018 -0.006549302954226732
v 0.033792003989219686 0.0817075520753861 -0.014660540968179703
v 0.028397269546985644 0.08601384609937673 -0.009729210287332535
v 0.028397269546985644 0.08601384609937673 -0.009729210287332535
v 0.033792003989219686 0.0817075520753861 -0.014660540968179703
v 0.028397269546985644 0.08434959501028066 -0.017992053180933
v 0.028397269546985644 0.08601384609937673 -0.009729210287332535
v 0.028397269546985644 0.08434959501028066 -0.017992053180933
v 0.02277721837162973 0.08827081322669988 -0.012307081371545792
v 0.02277721837162973 0.08827081322669988 -0.012307081371545792
v 0.028397269546985644 0.08434959501028066 -0.017992053180933
v 0.02277721837162973 0.08649147301912313 -0.020693037658929825
v 0.02277721837162973 0.08827081322669988 -0.012307081371545792
v 0.02277721837162973 0.08649147301912313 -0.020693037658929825
v 0.017091557383537303 0.08998551219701773 -0.014265511184930801
v 0.017091557383537303 0.08998551219701773 -0.014265511184930801
v 0.02277721837162973 0.08649147301912313 -0.020693037658929825
v 0.017091557383537303 0.08811870962381368 -0.022745255380868912
v 0.017091557383537303 0.08998551219701773 -0.014265511184930801
v 0.017091557383537303 0.08811870962381368 -0.022745255380868912
v 0.011821994557976731 0.09114105254411703 -0.015585217624902725
v 0.011821994557976731 0.09114105254411703 -0.015585217624902725
v 0.017091557383537303 0.08811870962381368 -0.022745255380868912
v 0.011821994557976731 0.08921528607606893 -0.02412841096520424
v 0.011821994557976731 0.09114105254411703 -0.015585217624902725
v 0.011821994557976731 0.08921528607606893 -0.02412841096520424
v 0.0073463190346956305 0.09175339341163641 -0.016284439712762833
v 0.0073463190346956305 0.09175339341163641 -0.016284439712762833
v 0.011821994557976731 0.08921528607606893 -0.02412841096520424
v 0.0073463190346956305 0.08979634195566183 -0.024861548095941544
v 0.0073463190346956305 0.09175339341163641 -0.016284439712762833
v 0.0073463190346956305 0.08979634195566183 -0.024861548095941544
v 0.00299041345715523 0.09118039906024938 -0.020931456238031387
v 0.00299041345715523 0.09118039906024938 -0.020931456238031387
v 0.0073463190346956305 0.08979634195566183 -0.024861548095941544
v 0.00299041345715523 0.09002938866615301 -0.025155965238809586
v 0.00299041345715523 0.09118039906024938 -0.020931456238031387
v 0.00299041345715523 0.09002938866615301 -0.025155965238809586
v -0.0015107626095414173 0.09010370820760732 -0.02525028958916664
v -0.0015107626095414173 0.09010370820760732 -0.02525028958916664
v 0.00299041345715523 0.09002938866615301 -0.025155965238809586
v -0.0015107626095414173 0.08853443711996084 -0.029481206089258194
v -0.0336328372359276 -0.010603889822959907 0.09968876093626022
v -0.0336328372359276 -0.004165277350693944 0.09332122653722763
v -0.028229752555489557 -0.013697733171284207 0.10232137888669968
v -0.028229752555489557 -0.013697733171284207 0.10232137888669968
v -0.0336328372359276 -0.004165277350693944 0.09332122653722763
v -0.028229752555489557 -0.007056182716041808 0.09631460160017014
v -0.028229752555489557 -0.013697733171284207 0.10232137888669968
v -0.028229752555489557 -0.007056182716041808 0.09631460160017014
v -0.022604495286941542 -0.01620209962129594 0.10445248335599899
v -0.022604495286941542 -0.01620209962129594 0.10445248335599899
v -0.028229752555489557 -0.007056182716041808 0.09631460160017014
v -0.022604495286941542 -0.009396168403327472 0.09873756021261215
v -0.022604495286941542 -0.01620209962129594 0.10445248335599899
v -0.022604495286941542 -0.009396168403327472 0.09873756021261215
v -0.016859784722328196 -0.01810504123568536 0.10607194155454636
v -0.016859784722328196 -0.01810504123568536 0.10607194155454636
v -0.022604495286941542 -0.009396168403327472 0.09873756021261215
v -0.016859784722328196 -0.011174073442816741 0.10057859867811203
v -0.016859784722328196 -0.01810504123568536 0.10607194155454636
v -0.016859784722328196 -0.011174073442816741 0.10057859867811203
v -0.011092000640928752 -0.019419640302658095 0.10719083994626999
v -0.011092000640928752 -0.019419640302658095 0.10719083994626999
v -0.016859784722328196 -0.011174073442816741 0.10057859867811203
v -0.011092000640928752 -0.012402136810123929 0.10185032337903976
v -0.011092000640928752 -0.019419640302658095 0.10719083994626999
v -0.011092000640928752 -0.012402136810123929 0.10185032337903976
v -0.005397376604378227 -0.02017103508114816 0.10783057659864426
v -0.005397376604378227 -0.02017103508114816 0.10783057659864426
v -0.011092000640928752 -0.012402136810123929 0.10185032337903976
v -0.005397376604378227 -0.01310385763645173 0.1025770828127861
v -0.005397376604378227 -0.02017103508114816 0.10783057659864426
v -0.005397376604378227 -0.01310385763645173 0.1025770828127861
v 0.00016779782890807848 -0.02040122821927072 0.10802685469388962
v 0.00016779782890807848 -0.02040122821927072 0.10802685469388962
v -0.005397376604378227 -0.01310385763645173 0.1025770828127861
v 0.00016779782890807848 -0.01331849582493306 0.10279952734708786
v 0.00016779782890807848 -0.02040122821927072 0.10802685469388962
v 0.00016779782890807848 -0.01331849582493306 0.10279952734708786
v 0.005738519132137302 -0.020139830186963095 0.10780491679906845
v 0.005738519132137302 -0.020139830186963095 0.10780491679906845
v 0.00016779782890807848 -0.01331849582493306 0.10279952734708786
v 0.005738519132137302 -0.013073714450001725 0.10254629701375961
v 0.005738519132137302 -0.020139830186963095 0.10780491679906845
v 0.005738519132137302 -0.013073714450001725 0.10254629701375961
v 0.011440484784543521 -0.019354389980435385 0.10713713616132736
v 0.011440484784543521 -0.019354389980435385 0.10713713616132736
v 0.005738519132137302 -0.013073714450001725 0.10254629701375961
v 0.011440484784543521 -0.012339170090854177 0.10178600996732712
v 0.011440484784543521 -0.019354389980435385 0.10713713616132736
v 0.011440484784543521 -0.012339170090854177 0.10178600996732712
v 0.017209554091095935 -0.018003761768341075 0.1059885248541832
v 0.017209554091095935 -0.018003761768341075 0.1059885248541832
v 0.011440484784543521 -0.012339170090854177 0.10178600996732712
v 0.017209554091095935 -0.011076419614255435 0.10047882050275803
v 0.017209554091095935 -0.018003761768341075 0.1059885248541832
v 0.017209554091095935 -0.011076419614255435 0.10047882050275803
v 0.02294983156025411 -0.016063526272773753 0.10433828085660934
v 0.02294983156025411 -0.016063526272773753 0.10433828085660934
v 0.017209554091095935 -0.011076419614255435 0.10047882050275803
v 0.02294983156025411 -0.00926264841109515 0.09860112518072128
v 0.02294983156025411 -0.016063526272773753 0.10433828085660934
v 0.02294983156025411 -0.00926264841109515 0.09860112518072128
v 0.028564581647515314 -0.01352200750261546 0.10217645019292831
v 0.028564581647515314 -0.01352200750261546 0.10217645019292831
v 0.02294983156025411 -0.00926264841109515 0.09860112518072128
v 0.028564581647515314 -0.006886951625347142 0.09614159911870956
v 0.028564581647515314 -0.01352200750261546 0.10217645019292831
v 0.028564581647515314 -0.006886951625347142 0.09614159911870956
v 0.03395087271928789 -0.010392102412879474 0.09951402992010117
v 0.03395087271928789 -0.010392102412879474 0.09951402992010117
v 0.028564581647515314 -0.006886951625347142 0.09614159911870956
v 0.03395087271928789 -0.003961393609642985 0.09311278909444809
v 0.03395087271928789 -0.010392102412879474 0.09951402992010117
v 0.03395087271928789 -0.003961393609642985 0.09311278909444809
v 0.039008203893899945 -0.006702271755784754 0.09637521952390671
v 0.039008203893899945 -0.006702271755784754 0.09637521952390671
v 0.03395087271928789 -0.003961393609642985 0.09311278909444809
v 0.039008203893899945 -0.0005125810857862237 0.0895422026515007
v 0.039008203893899945 -0.006702271755784754 0.09637521952390671
v 0.039008203893899945 -0.0005125810857862237 0.0895422026515007
v 0.04364354535937312 -0.0025063098873943108 0.09280573576688766
v 0.04364354535937312 -0.0025063098873943108 0.09280573576688766
v 0.039008203893899945 -0.0005125810857862237 0.0895422026515007
v 0.04364354535937312 0.0034092043060809396 0.08548187464475632
v 0.04364354535937312 -0.0025063098873943108 0.09280573576688766
v 0.04364354535937312 0.0034092043060809396 0.08548187464475632
v 0.04777545109391216 0.002128593856468798 0.08886279910802841
v 0.04777545109391216 0.002128593856468798 0.08886279910802841
v 0.04364354535937312 0.0034092043060809396 0.08548187464475632
v 0.04777545109391216 0.007741163019090896 0.08099686354398727
v 0.04777545109391216 0.002128593856468798 0.08886279910802841
v 0.04777545109391216 0.007741163019090896 0.08099686354398727
v 0.05134218186140064 0.0071167242713272615 0.08461927622556686
v 0.05134218186140064 0.0071167242713272615 0.08461927622556686
v 0.04777545109391216 0.007741163019090896 0.08099686354398727
v 0.05134218186140064 0.012403182685375222 0.07617010921239853
v 0.05134218186140064 0.0071167242713272615 0.08461927622556686
v 0.05134218186140064 0.012403182685375222 0.07617010921239853
v 0.05429974943399433 0.012366268783807763 0.08015330880880356
v 0.05429974943399433 0.012366268783807763 0.08015330880880356
v 0.05134218186140064 0.012403182685375222 0.07617010921239853
v 0.05429974943399433 0.017309457063674937 0.07109042257070541
v 0.05429974943399433 0.012366268783807763 0.08015330880880356
v 0.05429974943399433 0.017309457063674937 0.07109042257070541
v 0.056628901511430775 0.01777910627424718 0.07554837316274643
v 0.056628901511430775 0.01777910627424718 0.07554837316274643
v 0.05429974943399433 0.017309457063674937 0.07109042257070541
v 0.056628901511430775 0.02236828021705152 0.06585275381803513
v 0.056628901511430775 0.01777910627424718 0.07554837316274643
v 0.056628901511430775 0.02236828021705152 0.06585275381803513
v 0.058328893035650295 0.023260319605469718 0.07088520377874374
v 0.058328893035650295 0.023260319605469718 0.07088520377874374
v 0.056628901511430775 0.02236828021705152 0.06585275381803513
v 0.058328893035650295 0.02749095112085344 0.06054895743727684
v 0.058328893035650295 0.023260319605469718 0.07088520377874374
v 0.058328893035650295 0.02749095112085344 0.06054895743727684
v 0.05994019284844403 0.03406745567917826 0.061690863221883774
v 0.05994019284844403 0.03406745567917826 0.061690863221883774
v 0.058328893035650295 0.02749095112085344 0.06054895743727684
v 0.05994019284844403 0.03759101033210757 0.05009173974394798
v 0.05994019284844403 0.03406745567917826 0.061690863221883774
v 0.05994019284844403 0.03759101033210757 0.05009173974394798
v 0.05939660966396336 0.04468858614563945 0.052654560655355453
v 0.05939660966396336 0.04468858614563945 0.052654560655355453
v 0.05994019284844403 0.03759101033210757 0.05009173974394798
v 0.05939660966396336 0.04751703888177875 0.03981461748480797
v 0.05939660966396336 0.04468858614563945 0.052654560655355453
v 0.05939660966396336 0.04751703888177875 0.03981461748480797
v 0.05828642845153813 0.050149850547313725 0.04800814017653465
v 0.05828642845153813 0.050149850547313725 0.04800814017653465
v 0.05939660966396336 0.04751703888177875 0.03981461748480797
v 0.05828642845153813 0.05262082442641262 0.03453027829527855
v 0.05828642845153813 0.050149850547313725 0.04800814017653465
v 0.05828642845153813 0.05262082442641262 0.03453027829527855
v 0.05656765401363376 0.05692635849118236 0.03630390390753746
v 0.05656765401363376 0.05692635849118236 0.03630390390753746
v 0.05828642845153813 0.05262082442641262 0.03453027829527855
v 0.05656765401363376 0.05774222314357762 0.029227670282125473
v 0.05656765401363376 0.05692635849118236 0.03630390390753746
v 0.05656765401363376 0.05774222314357762 0.029227670282125473
v 0.054219275712966954 0.062171395868063015 0.031380053609609604
v 0.054219275712966954 0.062171395868063015 0.031380053609609604
v 0.05656765401363376 0.05774222314357762 0.029227670282125473
v 0.054219275712966954 0.06279698759317402 0.02399405464529991
v 0.054219275712966954 0.062171395868063015 0.031380053609609604
v 0.054219275712966954 0.06279698759317402 0.02399405464529991
v 0.05124292895197872 0.06725507229566578 0.026607628911733627
v 0.05124292895197872 0.06725507229566578 0.026607628911733627
v 0.054219275712966954 0.06279698759317402 0.02399405464529991
v 0.05124292895197872 0.06769619882106785 0.01892143115401268
v 0.05124292895197872 0.06725507229566578 0.026607628911733627
v 0.05124292895197872 0.06769619882106785 0.01892143115401268
v 0.04765824973583225 0.07208227366209034 0.022075887769460678
v 0.04765824973583225 0.07208227366209034 0.022075887769460678
v 0.05124292895197872 0.06769619882106785 0.01892143115401268
v 0.04765824973583225 0.07234823703765873 0.014104720205068588
v 0.04765824973583225 0.07208227366209034 0.022075887769460678
v 0.04765824973583225 0.07234823703765873 0.014104720205068588
v 0.0435101427137852 0.07656422257423406 0.017868157476186752
v 0.0435101427137852 0.07656422257423406 0.017868157476186752
v 0.04765824973583225 0.07234823703765873 0.014104720205068588
v 0.0435101427137852 0.07666753232479101 0.009632494300603867
v 0.0435101427137852 0.07656422257423406 0.017868157476186752
v 0.0435101427137852 0.07666753232479101 0.009632494300603867
v 0.03886068984866145 0.08061808347702032 0.014062222093343735
v 0.03886068984866145 0.08061808347702032 0.014062222093343735
v 0.0435101427137852 0.07666753232479101 0.009632494300603867
v 0.03886068984866145 0.08057423681020742 0.0055874246172606945
v 0.03886068984866145 0.08061808347702032 0.014062222093343735
v 0.03886068984866145 0.08057423681020742 0.0055874246172606945
v 0.033792003989219686 0.08417933434247976 0.010718639940023422
v 0.033792003989219686 0.08417933434247976 0.010718639940023422
v 0.03886068984866145 0.08057423681020742 0.0055874246172606945
v 0.033792003989219686 0.08400619029998785 0.002033885335549712
v 0.033792003989219686 0.08417933434247976 0.010718639940023422
v 0.033792003989219686 0.08400619029998785 0.002033885335549712
v 0.028397269546985644 0.08719624578952795 0.007886018604040146
v 0.028397269546985644 0.08719624578952795 0.007886018604040146
v 0.033792003989219686 0.08400619029998785 0.002033885335549712
v 0.028397269546985644 0.08691352605819708 -0.0009764771675691009
v 0.028397269546985644 0.08719624578952795 0.007886018604040146
v 0.028397269546985644 0.08691352605819708 -0.0009764771675691009
v 0.02277721837162973 0.08964201062917715 0.0055894809775054455
v 0.02277721837162973 0.08964201062917715 0.0055894809775054455
v 0.028397269546985644 0.08691352605819708 -0.0009764771675691009
v 0.02277721837162973 0.08927043527364736 -0.0034169594291597605
v 0.02277721837162973 0.08964201062917715 0.0055894809775054455
v 0.02277721837162973 0.08927043527364736 -0.0034169594291597605
v 0.017091557383537303 0.09150012582540518 0.0038445850368589163
v 0.017091557383537303 0.09150012582540518 0.0038445850368589163
v 0.02277721837162973 0.08927043527364736 -0.0034169594291597605
v 0.017091557383537303 0.09106099605560308 -0.00527108134701848
v 0.017091557383537303 0.09150012582540518 0.0038445850368589163
v 0.017091557383537303 0.09106099605560308 -0.00527108134701848
v 0.011821994557976731 0.0927522704005242 0.0026685555931180716
v 0.011821994557976731 0.0927522704005242 0.0026685555931180716
v 0.017091557383537303 0.09106099605560308 -0.00527108134701848
v 0.011821994557976731 0.09226758033037191 -0.006520543713122606
v 0.011821994557976731 0.0927522704005242 0.0026685555931180716
v 0.011821994557976731 0.09226758033037191 -0.006520543713122606
v 0.0073463190346956305 0.09341576695442205 0.0020451804157346487
v 0.0073463190346956305 0.09341576695442205 0.0020451804157346487
v 0.011821994557976731 0.09226758033037191 -0.006520543713122606
v 0.0073463190346956305 0.09290687739849096 -0.007182632107287645
v -0.0015107626095414173 0.08132400363683706 -0.04148328676819801
v 0.00299041345715523 0.08407324552536016 -0.037553731352090836
v 0.00299041345715523 0.08126155287027365 -0.04138237610459328
v 0.00299041345715523 0.08126155287027365 -0.04138237610459328
v 0.00299041345715523 0.08407324552536016 -0.037553731352090836
v 0.0073463190346956305 0.08106455206871038 -0.041065607219934464
v 0.00299041345715523 0.08126155287027365 -0.04138237610459328
v 0.0073463190346956305 0.08106455206871038 -0.041065607219934464
v 0.00299041345715523 0.07806678861379629 -0.04495805874466896
v 0.00299041345715523 0.07806678861379629 -0.04495805874466896
v 0.0073463190346956305 0.08106455206871038 -0.041065607219934464
v 0.0073463190346956305 0.07435294985771185 -0.04790172353386879
v 0.0073463190346956305 0.0664579495787621 -0.05332747474312782
v 0.00299041345715523 0.07068889588117604 -0.051137689501047134
v 0.0073463190346956305 0.07435294985771185 -0.04790172353386879
v 0.0073463190346956305 0.07435294985771185 -0.04790172353386879
v 0.00299041345715523 0.07068889588117604 -0.051137689501047134
v 0.00299041345715523 0.07452740520238882 -0.04822627082467079
v 0.0073463190346956305 0.07435294985771185 -0.04790172353386879
v 0.00299041345715523 0.07452740520238882 -0.04822627082467079
v 0.00299041345715523 0.07806678861379629 -0.04495805874466896
v 0.00299041345715523 0.07806678861379629 -0.04495805874466896
v 0.00299041345715523 0.07452740520238882 -0.04822627082467079
v -0.0015107626095414173 0.07458283752202993 -0.048329535871744156
v 0.00299041345715523 0.07806678861379629 -0.04495805874466896
v -0.0015107626095414173 0.07458283752202993 -0.048329535871744156
v -0.0015107626095414173 0.07812583446502691 -0.04506025090813637
v 0.011821994557976731 0.0739175751805306 -0.04709211364388466
v 0.017091557383537303 0.06538152694702153 -0.05095941200852394
v 0.011821994557976731 0.06608512252569203 -0.05250737443566322
v 0.011821994557976731 0.06608512252569203 -0.05250737443566322
v 0.017091557383537303 0.06538152694702153 -0.05095941200852394
v 0.017091557383537303 0.05695390328764919 -0.05471966043114662
v 0.011821994557976731 0.048752069473266636 -0.05830830708146095
v 0.011821994557976731 0.053146407008171116 -0.05749830976128578
v 0.017091557383537303 0.05695390328764919 -0.05471966043114662
v 0.017091557383537303 0.05695390328764919 -0.05471966043114662
v 0.011821994557976731 0.053146407008171116 -0.05749830976128578
v 0.011821994557976731 0.05753327161073689 -0.0562673844397068
v 0.017091557383537303 0.05695390328764919 -0.05471966043114662
v 0.011821994557976731 0.05753327161073689 -0.0562673844397068
v 0.011821994557976731 0.06608512252569203 -0.05250737443566322
v 0.0073463190346956305 0.04019940271973613 -0.059569571167230606
v 0.00299041345715523 0.04027014598250392 -0.059886399656534195
v 0.0073463190346956305 0.048992801457643544 -0.059117529541254044
v 0.0073463190346956305 0.048992801457643544 -0.059117529541254044
v 0.00299041345715523 0.04027014598250392 -0.059886399656534195
v 0.00299041345715523 0.04471571370959285 -0.05983353033661842
v 0.0073463190346956305 0.048992801457643544 -0.059117529541254044
v 0.00299041345715523 0.04471571370959285 -0.05983353033661842
v 0.00299041345715523 0.04908941686153415 -0.059442076832056046
v 0.0073463190346956305 0.04019940271973613 -0.059569571167230606
v 0.00299041345715523 0.0310068801045418 -0.05988869443535805
v 0.00299041345715523 0.04027014598250392 -0.059886399656534195
v 0.00299041345715523 0.04027014598250392 -0.059886399656534195
v 0.00299041345715523 0.0310068801045418 -0.05988869443535805
v -0.0015107626095414173 0.04029280692338946 -0.05998793616890907
v 0.00299041345715523 0.04027014598250392 -0.059886399656534195
v -0.0015107626095414173 0.04029280692338946 -0.05998793616890907
v 0.00299041345715523 0.04471571370959285 -0.05983353033661842
v 0.00299041345715523 0.04471571370959285 -0.05983353033661842
v -0.0015107626095414173 0.04029280692338946 -0.05998793616890907
v -0.0015107626095414173 0.04474166780710223 -0.05993634834885597
v 0.00299041345715523 0.04471571370959285 -0.05983353033661842
v -0.0015107626095414173 0.04474166780710223 -0.05993634834885597
v 0.00299041345715523 0.04908941686153415 -0.059442076832056046
v 0.00299041345715523 0.04908941686153415 -0.059442076832056046
v -0.0015107626095414173 0.04474166780710223 -0.05993634834885597
v -0.0015107626095414173 0.049120295792818104 -0.05954558029770851
v 0.00299041345715523 0.04908941686153415 -0.059442076832056046
v -0.0015107626095414173 0.049120295792818104 -0.05954558029770851
v 0.00299041345715523 0.05353071913123134 -0.0586412288248539
v 0.033792003989219686 0.03774810582399371 -0.048595014959573746
v 0.028397269546985644 0.03854866698384288 -0.05217910185456276
v 0.028397269546985644 0.04673671349883082 -0.051532331854104996
v 0.028397269546985644 0.029931467026472112 -0.0524180568754673
v 0.028397269546985644 0.03854866698384288 -0.05217910185456276
v 0.033792003989219686 0.029431186616420767 -0.048944029957056046
v 0.033792003989219686 0.029431186616420767 -0.048944029957056046
v 0.028397269546985644 0.03854866698384288 -0.05217910185456276
v 0.033792003989219686 0.03774810582399371 -0.048595014959573746
v 0.033792003989219686 0.029431186616420767 -0.048944029957056046
v 0.033792003989219686 0.03774810582399371 -0.048595014959573746
v 0.03886068984866145 0.028840634971857092 -0.0448434092104435
v 0.017091557383537303 0.030645139515399954 -0.057374659925699234
v 0.016985947266221057 0.012499999254941949 -0.05722383037209511
v 0.013351256027817735 0.012499999254941949 -0.05849567428231239
v 0.017091557383537303 0.05695390328764919 -0.05471966043114662
v 0.017091557383537303 0.04829783737659458 -0.05678120627999306
v 0.011821994557976731 0.048752069473266636 -0.05830830708146095
v 0.011821994557976731 0.048752069473266636 -0.05830830708146095
v 0.017091557383537303 0.04829783737659458 -0.05678120627999306
v 0.017091557383537303 0.039690855890512494 -0.05729270353913307
v 0.011821994557976731 0.048752069473266636 -0.05830830708146095
v 0.017091557383537303 0.039690855890512494 -0.05729270353913307
v 0.011821994557976731 0.040023226290941266 -0.058780793100595474
v 0.011821994557976731 0.040023226290941266 -0.058780793100595474
v 0.017091557383537303 0.039690855890512494 -0.05729270353913307
v 0.017091557383537303 0.030645139515399954 -0.057374659925699234
v 0.011821994557976731 0.040023226290941266 -0.058780793100595474
v 0.017091557383537303 0.030645139515399954 -0.057374659925699234
v 0.011821994557976731 0.03085276484489443 -0.05881703272461891
v 0.011821994557976731 0.03085276484489443 -0.05881703272461891
v 0.017091557383537303 0.030645139515399954 -0.057374659925699234
v 0.013351256027817735 0.012499999254941949 -0.05849567428231239
v 0.011821994557976731 0.03085276484489443 -0.05881703272461891
v 0.013351256027817735 0.012499999254941949 -0.05849567428231239
v 0.011797823943197736 0.012499999254941949 -0.05867070332169533
v 0.0073463190346956305 0.08106455206871038 -0.041065607219934464
v 0.011821994557976731 0.0739175751805306 -0.04709211364388466
v 0.0073463190346956305 0.07435294985771185 -0.04790172353386879
v 0.0073463190346956305 0.07435294985771185 -0.04790172353386879
v 0.011821994557976731 0.0739175751805306 -0.04709211364388466
v 0.011821994557976731 0.06608512252569203 -0.05250737443566322
v 0.0073463190346956305 0.07435294985771185 -0.04790172353386879
v 0.011821994557976731 0.06608512252569203 -0.05250737443566322
v 0.0073463190346956305 0.0664579495787621 -0.05332747474312782
v 0.0073463190346956305 0.0664579495787621 -0.05332747474312782
v 0.011821994557976731 0.06608512252569203 -0.05250737443566322
v 0.011821994557976731 0.05753327161073689 -0.0562673844397068
v 0.0073463190346956305 0.0664579495787621 -0.05332747474312782
v 0.011821994557976731 0.05753327161073689 -0.0562673844397068
v 0.0073463190346956305 0.05784038081765179 -0.05708739534020424
v 0.0073463190346956305 0.05784038081765179 -0.05708739534020424
v 0.011821994557976731 0.05753327161073689 -0.0562673844397068
v 0.011821994557976731 0.053146407008171116 -0.05749830976128578
v 0.0073463190346956305 0.05784038081765179 -0.05708739534020424
v 0.011821994557976731 0.053146407008171116 -0.05749830976128578
v 0.00299041345715523 0.05353071913123134 -0.0586412288248539
v 0.00299041345715523 0.05353071913123134 -0.0586412288248539
v 0.011821994557976731 0.053146407008171116 -0.05749830976128578
v 0.011821994557976731 0.048752069473266636 -0.05830830708146095
v 0.00299041345715523 0.05353071913123134 -0.0586412288248539
v 0.011821994557976731 0.048752069473266636 -0.05830830708146095
v 0.0073463190346956305 0.048992801457643544 -0.059117529541254044
v 0.0073463190346956305 0.048992801457643544 -0.059117529541254044
v 0.011821994557976731 0.048752069473266636 -0.05830830708146095
v 0.011821994557976731 0.040023226290941266 -0.058780793100595474
v 0.0073463190346956305 0.048992801457643544 -0.059117529541254044
v 0.011821994557976731 0.040023226290941266 -0.058780793100595474
v 0.0073463190346956305 0.04019940271973613 -0.059569571167230606
v 0.0073463190346956305 0.04019940271973613 -0.059569571167230606
v 0.011821994557976731 0.040023226290941266 -0.058780793100595474
v 0.011821994557976731 0.03085276484489443 -0.05881703272461891
v 0.0073463190346956305 0.04019940271973613 -0.059569571167230606
v 0.011821994557976731 0.03085276484489443 -0.05881703272461891
v 0.00299041345715523 0.0310068801045418 -0.05988869443535805
v 0.00299041345715523 0.0310068801045418 -0.05988869443535805
v 0.011821994557976731 0.03085276484489443 -0.05881703272461891
v 0.011797823943197736 0.012499999254941949 -0.05867070332169533
v 0.00299041345715523 0.0310068801045418 -0.05988869443535805
v 0.011797823943197736 0.012499999254941949 -0.05867070332169533
v 0.0029645704198628686 0.012499999254941949 -0.0596659816801548
v 0.02277721837162973 0.05609430372715 -0.05242273584008217
v 0.028397269546985644 0.04673671349883082 -0.051532331854104996
v 0.02277721837162973 0.04762383550405506 -0.05451509729027748
v 0.02277721837162973 0.04762383550405506 -0.05451509729027748
v 0.028397269546985644 0.04673671349883082 -0.051532331854104996
v 0.028397269546985644 0.03854866698384288 -0.05217910185456276
v 0.02277721837162973 0.04762383550405506 -0.05451509729027748
v 0.028397269546985644 0.03854866698384288 -0.05217910185456276
v 0.02277721837162973 0.039197713136673 -0.05508488789200783
v 0.02277721837162973 0.039197713136673 -0.05508488789200783
v 0.028397269546985644 0.03854866698384288 -0.05217910185456276
v 0.028397269546985644 0.029931467026472112 -0.0524180568754673
v 0.02277721837162973 0.039197713136673 -0.05508488789200783
v 0.028397269546985644 0.029931467026472112 -0.0524180568754673
v 0.02277721837162973 0.030337031930685064 -0.05523461475968361
v 0.02277721837162973 0.030337031930685064 -0.05523461475968361
v 0.028397269546985644 0.029931467026472112 -0.0524180568754673
v 0.026033025234937685 0.012499999254941949 -0.05405813828110695
v 0.02277721837162973 0.030337031930685064 -0.05523461475968361
v 0.026033025234937685 0.012499999254941949 -0.05405813828110695
v 0.02268024161458017 0.012499999254941949 -0.055231306701898575
v 0.017091557383537303 0.06538152694702153 -0.05095941200852394
v 0.02277721837162973 0.05609430372715 -0.05242273584008217
v 0.017091557383537303 0.05695390328764919 -0.05471966043114662
v 0.017091557383537303 0.05695390328764919 -0.05471966043114662
v 0.02277721837162973 0.05609430372715 -0.05242273584008217
v 0.02277721837162973 0.04762383550405506 -0.05451509729027748
v 0.017091557383537303 0.05695390328764919 -0.05471966043114662
v 0.02277721837162973 0.04762383550405506 -0.05451509729027748
v 0.017091557383537303 0.04829783737659458 -0.05678120627999306
v 0.017091557383537303 0.04829783737659458 -0.05678120627999306
v 0.02277721837162973 0.04762383550405506 -0.05451509729027748
v 0.02277721837162973 0.039197713136673 -0.05508488789200783
v 0.017091557383537303 0.04829783737659458 -0.05678120627999306
v 0.02277721837162973 0.039197713136673 -0.05508488789200783
v 0.017091557383537303 0.039690855890512494 -0.05729270353913307
v 0.017091557383537303 0.039690855890512494 -0.05729270353913307
v 0.02277721837162973 0.039197713136673 -0.05508488789200783
v 0.02277721837162973 0.030337031930685064 -0.05523461475968361
v 0.017091557383537303 0.039690855890512494 -0.05729270353913307
v 0.02277721837162973 0.030337031930685064 -0.05523461475968361
v 0.017091557383537303 0.030645139515399954 -0.057374659925699234
v 0.017091557383537303 0.030645139515399954 -0.057374659925699234
v 0.02277721837162973 0.030337031930685064 -0.05523461475968361
v 0.02268024161458017 0.012499999254941949 -0.055231306701898575
v 0.02268024161458017 0.012499999254941949 -0.055231306701898575
v 0.017091557383537303 0.07964380085468298 -0.03878471627831459
v 0.02277721837162973 0.07826527208089834 -0.036572251468896866
v 0.02277721837162973 0.07187604159116749 -0.04329625144600868
v 0.02277721837162973 0.07187604159116749 -0.04329625144600868
v 0.02277721837162973 0.07826527208089834 -0.036572251468896866
v 0.028397269546985644 0.07027048617601399 -0.04031113162636757
v 0.02277721837162973 0.07187604159116749 -0.04329625144600868
v 0.028397269546985644 0.07027048617601399 -0.04031113162636757
v 0.028397269546985644 0.06296313554048542 -0.045638177543878555
v 0.028397269546985644 0.06296313554048542 -0.045638177543878555
v 0.028397269546985644 0.07027048617601399 -0.04031113162636757
v 0.033792003989219686 0.061267908662557644 -0.041907940059900284
v 0.028397269546985644 0.06296313554048542 -0.045638177543878555
v 0.033792003989219686 0.061267908662557644 -0.041907940059900284
v 0.033792003989219686 0.05356754735112194 -0.04566964879631996
v 0.033792003989219686 0.05356754735112194 -0.04566964879631996
v 0.033792003989219686 0.061267908662557644 -0.041907940059900284
v 0.03886068984866145 0.05192043259739879 -0.04126701131463051
v 0.033792003989219686 0.05356754735112194 -0.04566964879631996
v 0.03886068984866145 0.05192043259739879 -0.04126701131463051
v 0.03886068984866145 0.0443508215248585 -0.04350981488823891
v 0.03886068984866145 0.0443508215248585 -0.04350981488823891
v 0.03886068984866145 0.05192043259739879 -0.04126701131463051
v 0.0435101427137852 0.04288053512573245 -0.038565877825021744
v 0.03886068984866145 0.0443508215248585 -0.04350981488823891
v 0.0435101427137852 0.04288053512573245 -0.038565877825021744
v 0.0435101427137852 0.03572750836610796 -0.03954896703362465
v 0.0435101427137852 0.03572750836610796 -0.03954896703362465
v 0.0435101427137852 0.04288053512573245 -0.038565877825021744
v 0.04765824973583225 0.03453831747174265 -0.034225109964609146
v 0.0435101427137852 0.03572750836610796 -0.03954896703362465
v 0.04765824973583225 0.03453831747174265 -0.034225109964609146
v 0.04765824973583225 0.02742515131831171 -0.03501537814736366
v 0.05994019284844403 0.028175193816423433 0.010884072631597519
v 0.05994019284844403 0.02496981807053091 0.008611496537923813
v 0.05939660966396336 0.03191044554114344 -0.0016768317436799407
v 0.05939660966396336 0.03191044554114344 -0.0016768317436799407
v 0.05994019284844403 0.02496981807053091 0.008611496537923813
v 0.05939660966396336 0.027702283114194887 -0.003621254349127412
v 0.05939660966396336 0.03191044554114344 -0.0016768317436799407
v 0.05939660966396336 0.027702283114194887 -0.003621254349127412
v 0.05828642845153813 0.033831071108579656 -0.008135441690683365
v 0.05828642845153813 0.033831071108579656 -0.008135441690683365
v 0.05939660966396336 0.027702283114194887 -0.003621254349127412
v 0.05828642845153813 0.02910730242729189 -0.009911272674798965
v 0.05828642845153813 0.033831071108579656 -0.008135441690683365
v 0.05828642845153813 0.02910730242729189 -0.009911272674798965
v 0.05656765401363376 0.03575835004448893 -0.014616373926401138
v 0.011821994557976731 0.0805725976824761 -0.040275637060403824
v 0.017091557383537303 0.07964380085468298 -0.03878471627831459
v 0.017091557383537303 0.07309573143720632 -0.04556399956345558
v 0.017091557383537303 0.07309573143720632 -0.04556399956345558
v 0.017091557383537303 0.07964380085468298 -0.03878471627831459
v 0.02277721837162973 0.07187604159116749 -0.04329625144600868
v 0.017091557383537303 0.07309573143720632 -0.04556399956345558
v 0.02277721837162973 0.07187604159116749 -0.04329625144600868
v 0.02277721837162973 0.06433743238449101 -0.04866215959191322
v 0.02277721837162973 0.06433743238449101 -0.04866215959191322
v 0.02277721837162973 0.07187604159116749 -0.04329625144600868
v 0.028397269546985644 0.06296313554048542 -0.045638177543878555
v 0.02277721837162973 0.06433743238449101 -0.04866215959191322
v 0.028397269546985644 0.06296313554048542 -0.045638177543878555
v 0.028397269546985644 0.0549629703164101 -0.04939929023385048
v 0.028397269546985644 0.0549629703164101 -0.04939929023385048
v 0.028397269546985644 0.06296313554048542 -0.045638177543878555
v 0.033792003989219686 0.05356754735112194 -0.04566964879631996
v 0.028397269546985644 0.0549629703164101 -0.04939929023385048
v 0.033792003989219686 0.05356754735112194 -0.04566964879631996
v 0.033792003989219686 0.04564246907830241 -0.04785299673676491
v 0.033792003989219686 0.04564246907830241 -0.04785299673676491
v 0.033792003989219686 0.05356754735112194 -0.04566964879631996
v 0.03886068984866145 0.0443508215248585 -0.04350981488823891
v 0.033792003989219686 0.04564246907830241 -0.04785299673676491
v 0.03886068984866145 0.0443508215248585 -0.04350981488823891
v 0.03886068984866145 0.03680314496159556 -0.04436448588967323
v 0.03886068984866145 0.03680314496159556 -0.04436448588967323
v 0.03886068984866145 0.0443508215248585 -0.04350981488823891
v 0.0435101427137852 0.03572750836610796 -0.03954896703362465
v 0.03886068984866145 0.03680314496159556 -0.04436448588967323
v 0.0435101427137852 0.03572750836610796 -0.03954896703362465
v 0.0435101427137852 0.028168391436338442 -0.04017576947808266
v 0.0435101427137852 0.028168391436338442 -0.04017576947808266
v 0.0435101427137852 0.03572750836610796 -0.03954896703362465
v 0.04765824973583225 0.02742515131831171 -0.03501537814736366
v 0.0435101427137852 0.028168391436338442 -0.04017576947808266
v 0.04765824973583225 0.02742515131831171 -0.03501537814736366
v 0.04765824973583225 0.020288106054067626 -0.035819653421640396
v 0.050928626209497486 0.012499999254941949 -0.0310136117041111
v 0.05124292895197872 0.016460802406072627 -0.030957255512475967
v 0.05405813083052639 0.012499999254941949 -0.02603301778435707
v 0.05405813083052639 0.012499999254941949 -0.02603301778435707
v 0.05124292895197872 0.016460802406072627 -0.030957255512475967
v 0.054219275712966954 0.0163308009505272 -0.02538943663239479
v 0.05124292895197872 0.016460802406072627 -0.030957255512475967
v 0.05124292895197872 0.01995750889182092 -0.030440185219049454
v 0.054219275712966954 0.0163308009505272 -0.02538943663239479
v 0.054219275712966954 0.0163308009505272 -0.02538943663239479
v 0.05124292895197872 0.01995750889182092 -0.030440185219049454
v 0.054219275712966954 0.01960932277143003 -0.024775002151727676
v 0.054219275712966954 0.0163308009505272 -0.02538943663239479
v 0.054219275712966954 0.01960932277143003 -0.024775002151727676
v 0.05656765401363376 0.016196584329009066 -0.019644740968942642
v 0.0475539825856686 0.012499999254941949 -0.03638431802392006
v 0.05124292895197872 0.016460802406072627 -0.030957255512475967
v 0.0475539825856686 0.012499999254941949 -0.03638431802392006
v 0.04765824973583225 0.020288106054067626 -0.035819653421640396
v 0.05124292895197872 0.016460802406072627 -0.030957255512475967
v 0.04765824973583225 0.020288106054067626 -0.035819653421640396
v 0.05124292895197872 0.01995750889182092 -0.030440185219049454
v 0.05124292895197872 0.01995750889182092 -0.030440185219049454
v 0.04765824973583225 0.020288106054067626 -0.035819653421640396
v 0.04765824973583225 0.02742515131831171 -0.03501537814736366
v 0.05124292895197872 0.01995750889182092 -0.030440185219049454
v 0.04765824973583225 0.02742515131831171 -0.03501537814736366
v 0.05124292895197872 0.026624655351042765 -0.029457632452249527
v 0.05124292895197872 0.026624655351042765 -0.029457632452249527
v 0.04765824973583225 0.02742515131831171 -0.03501537814736366
v 0.04765824973583225 0.03453831747174265 -0.034225109964609146
v 0.02277721837162973 0.07826527208089834 -0.036572251468896866
v 0.028397269546985644 0.0764505416154862 -0.03365999832749367
v 0.028397269546985644 0.07027048617601399 -0.04031113162636757
v 0.028397269546985644 0.07027048617601399 -0.04031113162636757
v 0.028397269546985644 0.0764505416154862 -0.03365999832749367
v 0.033792003989219686 0.06828990578651432 -0.0366288460791111
v 0.028397269546985644 0.07027048617601399 -0.04031113162636757
v 0.033792003989219686 0.06828990578651432 -0.0366288460791111
v 0.033792003989219686 0.061267908662557644 -0.041907940059900284
v 0.033792003989219686 0.061267908662557644 -0.041907940059900284
v 0.033792003989219686 0.06828990578651432 -0.0366288460791111
v 0.03886068984866145 0.05926681682467465 -0.03750455752015114
v 0.033792003989219686 0.061267908662557644 -0.041907940059900284
v 0.03886068984866145 0.05926681682467465 -0.03750455752015114
v 0.03886068984866145 0.05192043259739879 -0.04126701131463051
v 0.03886068984866145 0.05192043259739879 -0.04126701131463051
v 0.03886068984866145 0.05926681682467465 -0.03750455752015114
v 0.0435101427137852 0.05004556477069858 -0.036255303770303726
v 0.03886068984866145 0.05192043259739879 -0.04126701131463051
v 0.0435101427137852 0.05004556477069858 -0.036255303770303726
v 0.0435101427137852 0.04288053512573245 -0.038565877825021744
v 0.0435101427137852 0.04288053512573245 -0.038565877825021744
v 0.0435101427137852 0.05004556477069858 -0.036255303770303726
v 0.04765824973583225 0.04125500842928889 -0.033099863678216934
v 0.0435101427137852 0.04288053512573245 -0.038565877825021744
v 0.04765824973583225 0.04125500842928889 -0.033099863678216934
v 0.04765824973583225 0.03453831747174265 -0.034225109964609146
v 0.04765824973583225 0.03453831747174265 -0.034225109964609146
v 0.04765824973583225 0.04125500842928889 -0.033099863678216934
v 0.05124292895197872 0.03325755521655085 -0.028491292148828506
v 0.04765824973583225 0.03453831747174265 -0.034225109964609146
v 0.05124292895197872 0.03325755521655085 -0.028491292148828506
v 0.05124292895197872 0.026624655351042765 -0.029457632452249527
v 0.05124292895197872 0.026624655351042765 -0.029457632452249527
v 0.05124292895197872 0.03325755521655085 -0.028491292148828506
v 0.054219275712966954 0.025781625881791132 -0.023604724556207657
v 0.05124292895197872 0.026624655351042765 -0.029457632452249527
v 0.054219275712966954 0.025781625881791132 -0.023604724556207657
v 0.054219275712966954 0.01960932277143003 -0.024775002151727676
v 0.054219275712966954 0.01960932277143003 -0.024775002151727676
v 0.054219275712966954 0.025781625881791132 -0.023604724556207657
v 0.05656765401363376 0.01925005763769151 -0.01893008127808571
v 0.054219275712966954 0.01960932277143003 -0.024775002151727676
v 0.05656765401363376 0.01925005763769151 -0.01893008127808571
v 0.05656765401363376 0.016196584329009066 -0.019644740968942642
v 0.05656765401363376 0.016196584329009066 -0.019644740968942642
v 0.05656765401363376 0.01925005763769151 -0.01893008127808571
v 0.05828642845153813 0.016060519963502894 -0.013824257999658585
v 0.033792003989219686 0.0742118507623673 -0.030067626386880875
v 0.03886068984866145 0.07156907767057423 -0.02582705393433571
v 0.03886068984866145 0.06595188379287724 -0.032282087951898575
v 0.03886068984866145 0.06595188379287724 -0.032282087951898575
v 0.03886068984866145 0.07156907767057423 -0.02582705393433571
v 0.0435101427137852 0.0632903948426247 -0.027333948761224747
v 0.03886068984866145 0.06595188379287724 -0.032282087951898575
v 0.0435101427137852 0.0632903948426247 -0.027333948761224747
v 0.0435101427137852 0.05698892474174503 -0.03249198570847511
v 0.0435101427137852 0.05698892474174503 -0.03249198570847511
v 0.0435101427137852 0.0632903948426247 -0.027333948761224747
v 0.04765824973583225 0.054470486938953434 -0.02694997563958168
v 0.0435101427137852 0.05698892474174503 -0.03249198570847511
v 0.04765824973583225 0.054470486938953434 -0.02694997563958168
v 0.04765824973583225 0.04797276854515079 -0.030714277178049088
v 0.04765824973583225 0.04797276854515079 -0.030714277178049088
v 0.04765824973583225 0.054470486938953434 -0.02694997563958168
v 0.05124292895197872 0.04574036598205569 -0.0247463621199131
v 0.04765824973583225 0.04797276854515079 -0.030714277178049088
v 0.05124292895197872 0.04574036598205569 -0.0247463621199131
v 0.05124292895197872 0.03950428962707522 -0.027212802320718765
v 0.05124292895197872 0.03950428962707522 -0.027212802320718765
v 0.05124292895197872 0.04574036598205569 -0.0247463621199131
v 0.054219275712966954 0.03766057267785075 -0.02101299539208412
v 0.05124292895197872 0.03950428962707522 -0.027212802320718765
v 0.054219275712966954 0.03766057267785075 -0.02101299539208412
v 0.054219275712966954 0.03190876916050913 -0.022452984005212784
v 0.054219275712966954 0.03190876916050913 -0.022452984005212784
v 0.054219275712966954 0.03766057267785075 -0.02101299539208412
v 0.05656765401363376 0.03051719442009928 -0.016223136335611343
v 0.054219275712966954 0.03190876916050913 -0.022452984005212784
v 0.05656765401363376 0.03051719442009928 -0.016223136335611343
v 0.05656765401363376 0.0249118320643902 -0.017566177994012833
v 0.05656765401363376 0.0249118320643902 -0.017566177994012833
v 0.05656765401363376 0.03051719442009928 -0.016223136335611343
v 0.05828642845153813 0.024030569940805453 -0.011448148638010025
v 0.05656765401363376 0.0249118320643902 -0.017566177994012833
v 0.05828642845153813 0.024030569940805453 -0.011448148638010025
v 0.05828642845153813 0.018886037170887007 -0.013008181005716324
v 0.05828642845153813 0.018886037170887007 -0.013008181005716324
v 0.05828642845153813 0.024030569940805453 -0.011448148638010025
v 0.05939660966396336 0.018523249775171294 -0.007106755394488573
v 0.05828642845153813 0.018886037170887007 -0.013008181005716324
v 0.05939660966396336 0.018523249775171294 -0.007106755394488573
v 0.05939660966396336 0.01592485234141351 -0.008023682981729507
v 0.028397269546985644 0.0764505416154862 -0.03365999832749367
v 0.033792003989219686 0.0742118507623673 -0.030067626386880875
v 0.033792003989219686 0.06828990578651432 -0.0366288460791111
v 0.033792003989219686 0.06828990578651432 -0.0366288460791111
v 0.033792003989219686 0.0742118507623673 -0.030067626386880875
v 0.03886068984866145 0.06595188379287724 -0.032282087951898575
v 0.033792003989219686 0.06828990578651432 -0.0366288460791111
v 0.03886068984866145 0.06595188379287724 -0.032282087951898575
v 0.03886068984866145 0.05926681682467465 -0.03750455752015114
v 0.03886068984866145 0.05926681682467465 -0.03750455752015114
v 0.03886068984866145 0.06595188379287724 -0.032282087951898575
v 0.0435101427137852 0.05698892474174503 -0.03249198570847511
v 0.03886068984866145 0.05926681682467465 -0.03750455752015114
v 0.0435101427137852 0.05698892474174503 -0.03249198570847511
v 0.0435101427137852 0.05004556477069858 -0.036255303770303726
v 0.0435101427137852 0.05004556477069858 -0.036255303770303726
v 0.0435101427137852 0.05698892474174503 -0.03249198570847511
v 0.04765824973583225 0.04797276854515079 -0.030714277178049088
v 0.0435101427137852 0.05004556477069858 -0.036255303770303726
v 0.04765824973583225 0.04797276854515079 -0.030714277178049088
v 0.04765824973583225 0.04125500842928889 -0.033099863678216934
v 0.04765824973583225 0.04125500842928889 -0.033099863678216934
v 0.04765824973583225 0.04797276854515079 -0.030714277178049088
v 0.05124292895197872 0.03950428962707522 -0.027212802320718765
v 0.04765824973583225 0.04125500842928889 -0.033099863678216934
v 0.05124292895197872 0.03950428962707522 -0.027212802320718765
v 0.05124292895197872 0.03325755521655085 -0.028491292148828506
v 0.05124292895197872 0.03325755521655085 -0.028491292148828506
v 0.05124292895197872 0.03950428962707522 -0.027212802320718765
v 0.054219275712966954 0.03190876916050913 -0.022452984005212784
v 0.05124292895197872 0.03325755521655085 -0.028491292148828506
v 0.054219275712966954 0.03190876916050913 -0.022452984005212784
v 0.054219275712966954 0.025781625881791132 -0.023604724556207657
v 0.054219275712966954 0.025781625881791132 -0.023604724556207657
v 0.054219275712966954 0.03190876916050913 -0.022452984005212784
v 0.05656765401363376 0.0249118320643902 -0.017566177994012833
v 0.054219275712966954 0.025781625881791132 -0.023604724556207657
v 0.05656765401363376 0.0249118320643902 -0.017566177994012833
v 0.05656765401363376 0.01925005763769151 -0.01893008127808571
v 0.05656765401363376 0.01925005763769151 -0.01893008127808571
v 0.05656765401363376 0.0249118320643902 -0.017566177994012833
v 0.05828642845153813 0.018886037170887007 -0.013008181005716324
v 0.05656765401363376 0.01925005763769151 -0.01893008127808571
v 0.05828642845153813 0.018886037170887007 -0.013008181005716324
v 0.05828642845153813 0.016060519963502894 -0.013824257999658585
v 0.05828642845153813 0.016060519963502894 -0.013824257999658585
v 0.05828642845153813 0.018886037170887007 -0.013008181005716324
v 0.05939660966396336 0.01592485234141351 -0.008023682981729507
v 0.059999998658895534 0.012499999254941949 -4.0531160649948106e-09
v 0.059048019349575084 0.012499999254941949 -0.00844908133149147
v 0.05939660966396336 0.01592485234141351 -0.008023682981729507
v 0.058495674282312435 0.012499999254941949 -0.013351265341043472
v 0.05939660966396336 0.01592485234141351 -0.008023682981729507
v 0.058495674282312435 0.012499999254941949 -0.013351265341043472
v 0.05828642845153813 0.016060519963502894 -0.013824257999658585
v 0.05828642845153813 0.016060519963502894 -0.013824257999658585
v 0.058495674282312435 0.012499999254941949 -0.013351265341043472
v 0.058197256177663845 0.012499999254941949 -0.014204088598489761
v 0.05828642845153813 0.016060519963502894 -0.013824257999658585
v 0.058197256177663845 0.012499999254941949 -0.014204088598489761
v 0.05656765401363376 0.016196584329009066 -0.019644740968942642
v 0.05656765401363376 0.016196584329009066 -0.019644740968942642
v 0.058197256177663845 0.012499999254941949 -0.014204088598489761
v 0.05621196702122692 0.012499999254941949 -0.019877705723047256
v 0.05656765401363376 0.016196584329009066 -0.019644740968942642
v 0.05621196702122692 0.012499999254941949 -0.019877705723047256
v 0.054219275712966954 0.0163308009505272 -0.02538943663239479
v 0.054219275712966954 0.0163308009505272 -0.02538943663239479
v 0.05621196702122692 0.012499999254941949 -0.019877705723047256
v 0.05418135598301891 0.012499999254941949 -0.025680873543024063
v 0.054219275712966954 0.0163308009505272 -0.02538943663239479
v 0.05418135598301891 0.012499999254941949 -0.025680873543024063
v 0.05405813083052639 0.012499999254941949 -0.02603301778435707
v 0.04690988734364513 0.012499999254941949 -0.03740939870476723
v 0.04325769841670993 0.012499999254941949 -0.041061583906412125
v 0.0435101427137852 0.020595030859112753 -0.04081449285149574
v 0.038733109831810025 0.012499999254941949 -0.04558617249131203
v 0.0435101427137852 0.020595030859112753 -0.04081449285149574
v 0.038733109831810025 0.012499999254941949 -0.04558617249131203
v 0.03886068984866145 0.028840634971857092 -0.0448434092104435
v 0.03886068984866145 0.028840634971857092 -0.0448434092104435
v 0.038733109831810025 0.012499999254941949 -0.04558617249131203
v 0.03740938752889636 0.012499999254941949 -0.04690990224480629
v 0.03886068984866145 0.028840634971857092 -0.0448434092104435
v 0.03740938752889636 0.012499999254941949 -0.04690990224480629
v 0.033792003989219686 0.029431186616420767 -0.048944029957056046
v 0.033792003989219686 0.029431186616420767 -0.048944029957056046
v 0.03740938752889636 0.012499999254941949 -0.04690990224480629
v 0.03361354768276217 0.012499999254941949 -0.049294982105493546
v 0.033792003989219686 0.029431186616420767 -0.048944029957056046
v 0.03361354768276217 0.012499999254941949 -0.049294982105493546
v 0.028397269546985644 0.029931467026472112 -0.0524180568754673
v 0.028397269546985644 0.029931467026472112 -0.0524180568754673
v 0.03361354768276217 0.012499999254941949 -0.049294982105493546
v 0.02827067859470846 0.012499999254941949 -0.05265212431550026
v 0.026033025234937685 0.012499999254941949 -0.05405813828110695
v 0.05429974943399433 0.02284464612603189 0.05234267935156822
v 0.05429974943399433 0.022849457338452353 0.047848936170339584
v 0.056628901511430775 0.026741124689579027 0.04609205946326256
v 0.056628901511430775 0.026741124689579027 0.04609205946326256
v 0.05429974943399433 0.022849457338452353 0.047848936170339584
v 0.056628901511430775 0.02629619278013708 0.04144134745001793
v 0.056628901511430775 0.026741124689579027 0.04609205946326256
v 0.056628901511430775 0.02629619278013708 0.04144134745001793
v 0.058328893035650295 0.030686717480421087 0.039762552827596664
v 0.058328893035650295 0.030686717480421087 0.039762552827596664
v 0.056628901511430775 0.02629619278013708 0.04144134745001793
v 0.058328893035650295 0.029786404222250006 0.034952905029058456
v 0.058328893035650295 0.030686717480421087 0.039762552827596664
v 0.058328893035650295 0.029786404222250006 0.034952905029058456
v 0.05994019284844403 0.03846583515405658 0.02728300914168358
v 0.05994019284844403 0.03846583515405658 0.02728300914168358
v 0.058328893035650295 0.029786404222250006 0.034952905029058456
v 0.05994019284844403 0.03666776418685916 0.022160079330205917
v 0.05994019284844403 0.03846583515405658 0.02728300914168358
v 0.05994019284844403 0.03666776418685916 0.022160079330205917
v 0.05939660966396336 0.04611071571707728 0.015018459409475327
v 0.05939660966396336 0.04611071571707728 0.015018459409475327
v 0.05994019284844403 0.03666776418685916 0.022160079330205917
v 0.05939660966396336 0.043430469930171994 0.009587731212377548
v 0.05939660966396336 0.04611071571707728 0.015018459409475327
v 0.05939660966396336 0.043430469930171994 0.009587731212377548
v 0.05828642845153813 0.05004149302840236 0.008712228387594223
v 0.05828642845153813 0.05004149302840236 0.008712228387594223
v 0.05939660966396336 0.043430469930171994 0.009587731212377548
v 0.05828642845153813 0.046907693147659336 0.0031232794281095266
v 0.05828642845153813 0.05004149302840236 0.008712228387594223
v 0.05828642845153813 0.046907693147659336 0.0031232794281095266
v 0.05656765401363376 0.05398578196763996 0.0023842414375394583
v 0.05656765401363376 0.05398578196763996 0.0023842414375394583
v 0.05828642845153813 0.046907693147659336 0.0031232794281095266
v 0.05656765401363376 0.05039689317345623 -0.0033634642604738474
v 0.05656765401363376 0.05398578196763996 0.0023842414375394583
v 0.05656765401363376 0.05039689317345623 -0.0033634642604738474
v 0.054219275712966954 0.05787868052721028 -0.0038614312652498484
v 0.054219275712966954 0.05787868052721028 -0.0038614312652498484
v 0.05656765401363376 0.05039689317345623 -0.0033634642604738474
v 0.054219275712966954 0.053840663284063374 -0.009765777736902237
v 0.054219275712966954 0.05787868052721028 -0.0038614312652498484
v 0.054219275712966954 0.053840663284063374 -0.009765777736902237
v 0.05124292895197872 0.061651725322008175 -0.009914908558130264
v 0.05124292895197872 0.061651725322008175 -0.009914908558130264
v 0.054219275712966954 0.053840663284063374 -0.009765777736902237
v 0.05124292895197872 0.057178437709808384 -0.015971068292856216
v 0.05124292895197872 0.061651725322008175 -0.009914908558130264
v 0.05124292895197872 0.057178437709808384 -0.015971068292856216
v 0.04765824973583225 0.0652343407273293 -0.015662971884012222
v 0.04765824973583225 0.0652343407273293 -0.015662971884012222
v 0.05124292895197872 0.057178437709808384 -0.015971068292856216
v 0.04765824973583225 0.060347776859998745 -0.02186325564980507
v 0.04765824973583225 0.0652343407273293 -0.015662971884012222
v 0.04765824973583225 0.060347776859998745 -0.02186325564980507
v 0.0435101427137852 0.06856061518192295 -0.020999912172555923
v 0.05429974943399433 0.02238002419471742 0.04367118701338768
v 0.05429974943399433 0.02156387269496919 0.039894040673971176
v 0.056628901511430775 0.025329526513814943 0.03718000277876854
v 0.056628901511430775 0.025329526513814943 0.03718000277876854
v 0.05429974943399433 0.02156387269496919 0.039894040673971176
v 0.056628901511430775 0.0239909738302231 0.03340407833456993
v 0.056628901511430775 0.025329526513814943 0.03718000277876854
v 0.056628901511430775 0.0239909738302231 0.03340407833456993
v 0.058328893035650295 0.028316266834735888 0.030606921762228012
v 0.058328893035650295 0.028316266834735888 0.030606921762228012
v 0.056628901511430775 0.0239909738302231 0.03340407833456993
v 0.058328893035650295 0.026448762044310587 0.02683218941092491
v 0.058328893035650295 0.028316266834735888 0.030606921762228012
v 0.058328893035650295 0.026448762044310587 0.02683218941092491
v 0.05994019284844403 0.03420507162809374 0.017647262662649155
v 0.05994019284844403 0.03420507162809374 0.017647262662649155
v 0.058328893035650295 0.026448762044310587 0.02683218941092491
v 0.05994019284844403 0.031294774264097235 0.01387491449713707
v 0.05994019284844403 0.03420507162809374 0.017647262662649155
v 0.05994019284844403 0.031294774264097235 0.01387491449713707
v 0.05939660966396336 0.03999245166778567 0.004910971503704786
v 0.05939660966396336 0.03999245166778567 0.004910971503704786
v 0.05994019284844403 0.031294774264097235 0.01387491449713707
v 0.05939660966396336 0.03605746477842333 0.001140977838076651
v 0.05939660966396336 0.03999245166778567 0.004910971503704786
v 0.05939660966396336 0.03605746477842333 0.001140977838076651
v 0.05828642845153813 0.04296822845935824 -0.0016377608990296721
v 0.05828642845153813 0.04296822845935824 -0.0016377608990296721
v 0.05939660966396336 0.03605746477842333 0.001140977838076651
v 0.05828642845153813 0.03850641846656802 -0.005406562704592943
v 0.05828642845153813 0.04296822845935824 -0.0016377608990296721
v 0.05828642845153813 0.03850641846656802 -0.005406562704592943
v 0.05656765401363376 0.045954294502735166 -0.00820908322930336
v 0.05656765401363376 0.045954294502735166 -0.00820908322930336
v 0.05828642845153813 0.03850641846656802 -0.005406562704592943
v 0.05656765401363376 0.04096387699246409 -0.011976692825555801
v 0.05656765401363376 0.045954294502735166 -0.00820908322930336
v 0.05656765401363376 0.04096387699246409 -0.011976692825555801
v 0.054219275712966954 0.048901509493589436 -0.01469484344124794
v 0.054219275712966954 0.048901509493589436 -0.01469484344124794
v 0.05656765401363376 0.04096387699246409 -0.011976692825555801
v 0.054219275712966954 0.043389413505792646 -0.01846129074692726
v 0.054219275712966954 0.048901509493589436 -0.01469484344124794
v 0.054219275712966954 0.043389413505792646 -0.01846129074692726
v 0.05124292895197872 0.051758054643869435 -0.020981017500162125
v -0.0336328372359276 0.006296610925346617 0.07887565344572067
v -0.0336328372359276 0.009860819205641753 0.0712297186255455
v -0.028229752555489557 0.004070580471307042 0.08244770020246506
v -0.028229752555489557 0.004070580471307042 0.08244770020246506
v -0.0336328372359276 0.009860819205641753 0.0712297186255455
v -0.028229752555489557 0.008175177499651914 0.07493888586759567
v -0.028229752555489557 0.004070580471307042 0.08244770020246506
v -0.028229752555489557 0.008175177499651914 0.07493888586759567
v -0.022604495286941542 0.0022688845638185753 0.0853390321135521
v -0.022604495286941542 0.0022688845638185753 0.0853390321135521
v -0.028229752555489557 0.008175177499651914 0.07493888586759567
v -0.022604495286941542 0.006810745690017943 0.07794111222028732
v -0.022604495286941542 0.0022688845638185753 0.0853390321135521
v -0.022604495286941542 0.006810745690017943 0.07794111222028732
v -0.016859784722328196 0.0009001087164506323 0.08753588050603867
v -0.016859784722328196 0.0009001087164506323 0.08753588050603867
v -0.022604495286941542 0.006810745690017943 0.07794111222028732
v -0.016859784722328196 0.005774031858891252 0.08022212237119675
v -0.016859784722328196 0.0009001087164506323 0.08753588050603867
v -0.016859784722328196 0.005774031858891252 0.08022212237119675
v -0.011092000640928752 -4.5182554458733675e-05 0.08905332535505295
v -0.011092000640928752 -4.5182554458733675e-05 0.08905332535505295
v -0.016859784722328196 0.005774031858891252 0.08022212237119675
v -0.011092000640928752 0.005057903006672863 0.08179765194654465
v -0.011092000640928752 -4.5182554458733675e-05 0.08905332535505295
v -0.011092000640928752 0.005057903006672863 0.08179765194654465
v -0.005397376604378227 -0.0005850966554135088 0.08992045372724533
v -0.005397376604378227 -0.0005850966554135088 0.08992045372724533
v -0.011092000640928752 0.005057903006672863 0.08179765194654465
v -0.005397376604378227 0.0046486589126288926 0.0826978012919426
v -0.005397376604378227 -0.0005850966554135088 0.08992045372724533
v -0.005397376604378227 0.0046486589126288926 0.0826978012919426
v 0.00016779782890807848 -0.0007498768391087657 0.0901857241988182
v 0.00016779782890807848 -0.0007498768391087657 0.0901857241988182
v -0.005397376604378227 0.0046486589126288926 0.0826978012919426
v 0.00016779782890807848 0.004523410927504304 0.08297296613454819
v 0.00016779782890807848 -0.0007498768391087657 0.0901857241988182
v 0.00016779782890807848 0.004523410927504304 0.08297296613454819
v 0.005738519132137302 -0.0005608161445707086 0.08988334983587265
v 0.005738519132137302 -0.0005608161445707086 0.08988334983587265
v 0.00016779782890807848 0.004523410927504304 0.08297296613454819
v 0.005738519132137302 0.004666027147322897 0.08265861123800278
v 0.005738519132137302 -0.0005608161445707086 0.08988334983587265
v 0.005738519132137302 0.004666027147322897 0.08265861123800278
v 0.011440484784543521 5.467889877763813e-06 0.08897580951452255
v 0.011440484784543521 5.467889877763813e-06 0.08897580951452255
v 0.005738519132137302 0.004666027147322897 0.08265861123800278
v 0.011440484784543521 0.0050941975787282025 0.08171587437391281
v 0.011440484784543521 5.467889877763813e-06 0.08897580951452255
v 0.011440484784543521 0.0050941975787282025 0.08171587437391281
v 0.017209554091095935 0.0009785770671442158 0.08741562813520432
v 0.017209554091095935 0.0009785770671442158 0.08741562813520432
v 0.011440484784543521 0.0050941975787282025 0.08171587437391281
v 0.017209554091095935 0.00583033682778478 0.08009534329175949
v 0.017209554091095935 0.0009785770671442158 0.08741562813520432
v 0.017209554091095935 0.00583033682778478 0.08009534329175949
v 0.02294983156025411 0.002376075135543944 0.08517461270093918
v 0.02294983156025411 0.002376075135543944 0.08517461270093918
v 0.017209554091095935 0.00583033682778478 0.08009534329175949
v 0.02294983156025411 0.0068877493031323 0.07776781171560287
v 0.02294983156025411 0.002376075135543944 0.08517461270093918
v 0.02294983156025411 0.0068877493031323 0.07776781171560287
v 0.028564581647515314 0.004206349607557061 0.0822392925620079
v 0.028564581647515314 0.004206349607557061 0.0822392925620079
v 0.02294983156025411 0.0068877493031323 0.07776781171560287
v 0.028564581647515314 0.00827279314398766 0.07471927255392075
v 0.028564581647515314 0.004206349607557061 0.0822392925620079
v 0.028564581647515314 0.00827279314398766 0.07471927255392075
v 0.03395087271928789 0.006460100878030066 0.07862456887960434
v 0.03395087271928789 0.006460100878030066 0.07862456887960434
v 0.028564581647515314 0.00827279314398766 0.07471927255392075
v 0.03395087271928789 0.009978438727557666 0.07096519321203232
v 0.03395087271928789 0.006460100878030066 0.07862456887960434
v 0.03395087271928789 0.009978438727557666 0.07096519321203232
v 0.039008203893899945 0.009116824716329582 0.07436328381299973
v 0.039008203893899945 0.009116824716329582 0.07436328381299973
v 0.03395087271928789 0.009978438727557666 0.07096519321203232
v 0.039008203893899945 0.011989174410700807 0.0665396973490715
v 0.039008203893899945 0.009116824716329582 0.07436328381299973
v 0.039008203893899945 0.011989174410700807 0.0665396973490715
v 0.04364354535937312 0.012137788347899922 0.0695176050066948
v 0.04364354535937312 0.012137788347899922 0.0695176050066948
v 0.039008203893899945 0.011989174410700807 0.0665396973490715
v 0.04364354535937312 0.01427568309009076 0.061507370322942734
v 0.04364354535937312 0.012137788347899922 0.0695176050066948
v 0.04364354535937312 0.01427568309009076 0.061507370322942734
v 0.04777545109391216 0.01547461561858655 0.0641651377081871
v 0.04777545109391216 0.01547461561858655 0.0641651377081871
v 0.04364354535937312 0.01427568309009076 0.061507370322942734
v 0.04777545109391216 0.01680135354399682 0.055948760360479355
v 0.04777545109391216 0.01547461561858655 0.0641651377081871
v 0.04777545109391216 0.01680135354399682 0.055948760360479355
v 0.05134218186140064 0.01906559802591802 0.05840479955077171
v 0.05134218186140064 0.01906559802591802 0.05840479955077171
v 0.04777545109391216 0.01680135354399682 0.055948760360479355
v 0.05134218186140064 0.019519476220011725 0.04996668919920921
v 0.05134218186140064 0.01906559802591802 0.05840479955077171
v 0.05134218186140064 0.019519476220011725 0.04996668919920921
v 0.05429974943399433 0.022849457338452353 0.047848936170339584
v 0.05429974943399433 0.022849457338452353 0.047848936170339584
v 0.05134218186140064 0.019519476220011725 0.04996668919920921
v 0.05429974943399433 0.02238002419471742 0.04367118701338768
v 0.05429974943399433 0.022849457338452353 0.047848936170339584
v 0.05429974943399433 0.02238002419471742 0.04367118701338768
v 0.056628901511430775 0.02629619278013708 0.04144134745001793
v 0.056628901511430775 0.02629619278013708 0.04144134745001793
v 0.05429974943399433 0.02238002419471742 0.04367118701338768
v 0.056628901511430775 0.025329526513814943 0.03718000277876854
v 0.056628901511430775 0.02629619278013708 0.04144134745001793
v 0.056628901511430775 0.025329526513814943 0.03718000277876854
v 0.058328893035650295 0.029786404222250006 0.034952905029058456
v 0.058328893035650295 0.029786404222250006 0.034952905029058456
v 0.056628901511430775 0.025329526513814943 0.03718000277876854
v 0.058328893035650295 0.028316266834735888 0.030606921762228012
v 0.058328893035650295 0.029786404222250006 0.034952905029058456
v 0.058328893035650295 0.028316266834735888 0.030606921762228012
v 0.05994019284844403 0.03666776418685916 0.022160079330205917
v 0.05994019284844403 0.03666776418685916 0.022160079330205917
v 0.058328893035650295 0.028316266834735888 0.030606921762228012
v 0.05994019284844403 0.03420507162809374 0.017647262662649155
v 0.05994019284844403 0.03666776418685916 0.022160079330205917
v 0.05994019284844403 0.03420507162809374 0.017647262662649155
v 0.05939660966396336 0.043430469930171994 0.009587731212377548
v 0.05939660966396336 0.043430469930171994 0.009587731212377548
v 0.05994019284844403 0.03420507162809374 0.017647262662649155
v 0.05939660966396336 0.03999245166778567 0.004910971503704786
v 0.05939660966396336 0.043430469930171994 0.009587731212377548
v 0.05939660966396336 0.03999245166778567 0.004910971503704786
v 0.05828642845153813 0.046907693147659336 0.0031232794281095266
v 0.05828642845153813 0.046907693147659336 0.0031232794281095266
v 0.05939660966396336 0.03999245166778567 0.004910971503704786
v 0.05828642845153813 0.04296822845935824 -0.0016377608990296721
v 0.05828642845153813 0.046907693147659336 0.0031232794281095266
v 0.05828642845153813 0.04296822845935824 -0.0016377608990296721
v 0.05656765401363376 0.05039689317345623 -0.0033634642604738474
v 0.05656765401363376 0.05039689317345623 -0.0033634642604738474
v 0.05828642845153813 0.04296822845935824 -0.0016377608990296721
v 0.05656765401363376 0.045954294502735166 -0.00820908322930336
v 0.05656765401363376 0.05039689317345623 -0.0033634642604738474
v 0.05656765401363376 0.045954294502735166 -0.00820908322930336
v 0.054219275712966954 0.053840663284063374 -0.009765777736902237
v 0.054219275712966954 0.053840663284063374 -0.009765777736902237
v 0.05656765401363376 0.045954294502735166 -0.00820908322930336
v 0.054219275712966954 0.048901509493589436 -0.01469484344124794
v 0.054219275712966954 0.053840663284063374 -0.009765777736902237
v 0.054219275712966954 0.048901509493589436 -0.01469484344124794
v 0.05124292895197872 0.057178437709808384 -0.015971068292856216
v 0.05124292895197872 0.057178437709808384 -0.015971068292856216
v 0.054219275712966954 0.048901509493589436 -0.01469484344124794
v 0.05124292895197872 0.051758054643869435 -0.020981017500162125
v 0.05124292895197872 0.057178437709808384 -0.015971068292856216
v 0.05124292895197872 0.051758054643869435 -0.020981017500162125
v 0.04765824973583225 0.060347776859998745 -0.02186325564980507
v 0.058328893035650295 0.01709958538413049 0.016048219054937363
v 0.058328893035650295 0.015391876921057712 0.01473703607916832
v 0.05994019284844403 0.015660807490348826 0.003257658099755645
v 0.05994019284844403 0.015660807490348826 0.003257658099755645
v 0.058328893035650295 0.015391876921057712 0.01473703607916832
v 0.058495674282312435 0.012499999254941949 0.013351257890462875
v 0.05994019284844403 0.015660807490348826 0.003257658099755645
v 0.058495674282312435 0.012499999254941949 0.013351257890462875
v 0.05970015749335293 0.012499999254941949 0.002661164617165923
v 0.039008203893899945 0.0146444644778967 0.04656678065657616
v 0.039008203893899945 0.014203252270817765 0.046136584132909775
v 0.04364354535937312 0.014749366790056239 0.042108889669179916
v 0.04364354535937312 0.014749366790056239 0.042108889669179916
v 0.039008203893899945 0.014203252270817765 0.046136584132909775
v 0.04364354535937312 0.013712089508771905 0.04139598831534386
v 0.04364354535937312 0.014749366790056239 0.042108889669179916
v 0.04364354535937312 0.013712089508771905 0.04139598831534386
v 0.04777545109391216 0.013765439391136178 0.03650748357176781
v 0.04777545109391216 0.014865122735500346 0.03718492016196251
v 0.04777545109391216 0.013765439391136178 0.03650748357176781
v 0.05134218186140064 0.014989592134952556 0.03188585862517357
v 0.05134218186140064 0.014989592134952556 0.03188585862517357
v 0.04777545109391216 0.013765439391136178 0.03650748357176781
v 0.051030449569225346 0.012499999254941949 0.030851569026708603
v 0.05134218186140064 0.014989592134952556 0.03188585862517357
v 0.051030449569225346 0.012499999254941949 0.030851569026708603
v 0.05429974943399433 0.015120489522814761 0.02630927786231041
v 0.051030449569225346 0.012499999254941949 0.030851569026708603
v 0.05405813083052639 0.012499999254941949 0.026033010333776474
v 0.05429974943399433 0.015120489522814761 0.02630927786231041
v 0.05429974943399433 0.015120489522814761 0.02630927786231041
v 0.05405813083052639 0.012499999254941949 0.026033010333776474
v 0.05424328520894054 0.012499999254941949 0.02550389990210533
v 0.05429974943399433 0.015120489522814761 0.02630927786231041
v 0.05424328520894054 0.012499999254941949 0.02550389990210533
v 0.056628901511430775 0.015255371108651172 0.020559396594762802
v 0.056628901511430775 0.015255371108651172 0.020559396594762802
v 0.05424328520894054 0.012499999254941949 0.02550389990210533
v 0.05627295374870304 0.012499999254941949 0.019703444093465805
v 0.056628901511430775 0.015255371108651172 0.020559396594762802
v 0.05627295374870304 0.012499999254941949 0.019703444093465805
v 0.058328893035650295 0.015391876921057712 0.01473703607916832
v 0.058328893035650295 0.015391876921057712 0.01473703607916832
v 0.05627295374870304 0.012499999254941949 0.019703444093465805
v 0.05825643986463551 0.012499999254941949 0.014034952968358994
v 0.058495674282312435 0.012499999254941949 0.013351257890462875
v 0.017209554091095935 0.009862842038273818 0.07246812433004379
v 0.017209554091095935 0.013069916516542443 0.06463190168142319
v 0.02294983156025411 0.010545170865952976 0.07017316669225693
v 0.02294983156025411 0.010545170865952976 0.07017316669225693
v 0.017209554091095935 0.013069916516542443 0.06463190168142319
v 0.02294983156025411 0.013382018543779859 0.06246649846434593
v 0.02294983156025411 0.010545170865952976 0.07017316669225693
v 0.02294983156025411 0.013382018543779859 0.06246649846434593
v 0.028564581647515314 0.01143896114081145 0.06716709583997726
v 0.028564581647515314 0.01143896114081145 0.06716709583997726
v 0.02294983156025411 0.013382018543779859 0.06246649846434593
v 0.028564581647515314 0.013790814206004151 0.05962979421019554
v 0.028564581647515314 0.01143896114081145 0.06716709583997726
v 0.028564581647515314 0.013790814206004151 0.05962979421019554
v 0.03395087271928789 0.012539675459265718 0.06346520036458969
v 0.03395087271928789 0.012539675459265718 0.06346520036458969
v 0.028564581647515314 0.013790814206004151 0.05962979421019554
v 0.03395087271928789 0.014294227585196504 0.05613621696829796
v 0.03395087271928789 0.012539675459265718 0.06346520036458969
v 0.03395087271928789 0.014294227585196504 0.05613621696829796
v 0.039008203893899945 0.013837305828928956 0.0591011606156826
v 0.039008203893899945 0.013837305828928956 0.0591011606156826
v 0.03395087271928789 0.014294227585196504 0.05613621696829796
v 0.039008203893899945 0.014887677505612384 0.052017536014318466
v 0.039008203893899945 0.013837305828928956 0.0591011606156826
v 0.039008203893899945 0.014887677505612384 0.052017536014318466
v 0.04364354535937312 0.015312934294343005 0.054138537496328354
v 0.04364354535937312 0.015312934294343005 0.054138537496328354
v 0.039008203893899945 0.014887677505612384 0.052017536014318466
v 0.04364354535937312 0.015562515705823909 0.04733377322554588
v 0.04364354535937312 0.015312934294343005 0.054138537496328354
v 0.04364354535937312 0.015562515705823909 0.04733377322554588
v 0.04777545109391216 0.016942933201789866 0.048656877130270004
v 0.04777545109391216 0.016942933201789866 0.048656877130270004
v 0.04364354535937312 0.015562515705823909 0.04733377322554588
v 0.04777545109391216 0.016307935118675242 0.04215994104743004
v 0.04777545109391216 0.016942933201789866 0.048656877130270004
v 0.04777545109391216 0.016307935118675242 0.04215994104743004
v 0.05134218186140064 0.018697153776884093 0.04275750741362572
v 0.05134218186140064 0.018697153776884093 0.04275750741362572
v 0.04777545109391216 0.016307935118675242 0.04215994104743004
v 0.05134218186140064 0.017110148444771777 0.03659173473715782
v 0.05134218186140064 0.018697153776884093 0.04275750741362572
v 0.05134218186140064 0.017110148444771777 0.03659173473715782
v 0.05429974943399433 0.020543312653899207 0.03654899820685387
v 0.05429974943399433 0.020543312653899207 0.03654899820685387
v 0.05134218186140064 0.017110148444771777 0.03659173473715782
v 0.05429974943399433 0.01795439049601556 0.030731644481420517
v 0.05429974943399433 0.020543312653899207 0.03654899820685387
v 0.05429974943399433 0.01795439049601556 0.030731644481420517
v 0.056628901511430775 0.02244689874351026 0.030147459357976913
v 0.056628901511430775 0.02244689874351026 0.030147459357976913
v 0.05429974943399433 0.01795439049601556 0.030731644481420517
v 0.056628901511430775 0.018824884667992606 0.024689193814992905
v 0.056628901511430775 0.02244689874351026 0.030147459357976913
v 0.056628901511430775 0.018824884667992606 0.024689193814992905
v 0.058328893035650295 0.024374533444643038 0.023665066808462143
v 0.058328893035650295 0.024374533444643038 0.023665066808462143
v 0.056628901511430775 0.018824884667992606 0.024689193814992905
v 0.058328893035650295 0.019706364721059813 0.01857032999396324
v 0.058328893035650295 0.024374533444643038 0.023665066808462143
v 0.058328893035650295 0.019706364721059813 0.01857032999396324
v 0.05994019284844403 0.02496981807053091 0.008611496537923813
v 0.05994019284844403 0.02496981807053091 0.008611496537923813
v 0.058328893035650295 0.019706364721059813 0.01857032999396324
v 0.05994019284844403 0.02144432440400125 0.006505812983959913
v 0.05994019284844403 0.02496981807053091 0.008611496537923813
v 0.05994019284844403 0.02144432440400125 0.006505812983959913
v 0.05939660966396336 0.027702283114194887 -0.003621254349127412
v 0.05939660966396336 0.027702283114194887 -0.003621254349127412
v 0.05994019284844403 0.02144432440400125 0.006505812983959913
v 0.05939660966396336 0.02315234020352365 -0.005351279396563768
v 0.05939660966396336 0.027702283114194887 -0.003621254349127412
v 0.05939660966396336 0.02315234020352365 -0.005351279396563768
v 0.05828642845153813 0.02910730242729189 -0.009911272674798965
v 0.02294983156025411 0.014680091291666041 0.057573672384023666
v 0.028564581647515314 0.014708926901221286 0.05433758720755577
v 0.028564581647515314 0.014791704714298259 0.05485006794333458
v 0.028564581647515314 0.014791704714298259 0.05485006794333458
v 0.028564581647515314 0.014708926901221286 0.05433758720755577
v 0.03395087271928789 0.014814792200922976 0.050997402518987656
v 0.028564581647515314 0.014791704714298259 0.05485006794333458
v 0.03395087271928789 0.014814792200922976 0.050997402518987656
v 0.03395087271928789 0.014928905293345462 0.05149584636092186
v 0.03395087271928789 0.014928905293345462 0.05149584636092186
v 0.03395087271928789 0.014814792200922976 0.050997402518987656
v 0.039008203893899945 0.014939360320568095 0.0470598004758358
v 0.03395087271928789 0.014928905293345462 0.05149584636092186
v 0.039008203893899945 0.014939360320568095 0.0470598004758358
v 0.039008203893899945 0.015090439468622218 0.04754146561026573
v 0.039008203893899945 0.015090439468622218 0.04754146561026573
v 0.039008203893899945 0.014939360320568095 0.0470598004758358
v 0.04364354535937312 0.015080809593200694 0.042582180351018906
v 0.039008203893899945 0.015090439468622218 0.04754146561026573
v 0.04364354535937312 0.015080809593200694 0.042582180351018906
v 0.04364354535937312 0.015273947268724452 0.043044593185186386
v 0.04364354535937312 0.015273947268724452 0.043044593185186386
v 0.04364354535937312 0.015080809593200694 0.042582180351018906
v 0.04777545109391216 0.015236875042319308 0.03763624653220177
v 0.04364354535937312 0.015273947268724452 0.043044593185186386
v 0.04777545109391216 0.015236875042319308 0.03763624653220177
v 0.04777545109391216 0.015476489439606677 0.03807726129889488
v 0.04777545109391216 0.015476489439606677 0.03807726129889488
v 0.04777545109391216 0.015236875042319308 0.03763624653220177
v 0.05134218186140064 0.015694323927164088 0.0327313207089901
v 0.058328893035650295 0.01709958538413049 0.016048219054937363
v 0.056628901511430775 0.016735367476940165 0.021971043199300766
v 0.056628901511430775 0.015255371108651172 0.020559396594762802
v 0.056628901511430775 0.015255371108651172 0.020559396594762802
v 0.056628901511430775 0.016735367476940165 0.021971043199300766
v 0.05429974943399433 0.01592344418168069 0.027105148881673813
v 0.056628901511430775 0.015255371108651172 0.020559396594762802
v 0.05429974943399433 0.01592344418168069 0.027105148881673813
v 0.05429974943399433 0.015120489522814761 0.02630927786231041
v 0.05429974943399433 0.015120489522814761 0.02630927786231041
v 0.05429974943399433 0.01592344418168069 0.027105148881673813
v 0.05134218186140064 0.015694323927164088 0.0327313207089901
v 0.05429974943399433 0.015120489522814761 0.02630927786231041
v 0.05134218186140064 0.015694323927164088 0.0327313207089901
v 0.05134218186140064 0.014989592134952556 0.03188585862517357
v 0.05134218186140064 0.014989592134952556 0.03188585862517357
v 0.05134218186140064 0.015694323927164088 0.0327313207089901
v 0.04777545109391216 0.015236875042319308 0.03763624653220177
v 0.05134218186140064 0.014989592134952556 0.03188585862517357
v 0.04777545109391216 0.015236875042319308 0.03763624653220177
v 0.04777545109391216 0.014865122735500346 0.03718492016196251
v 0.04777545109391216 0.014865122735500346 0.03718492016196251
v 0.04777545109391216 0.015236875042319308 0.03763624653220177
v 0.04364354535937312 0.015080809593200694 0.042582180351018906
v 0.04777545109391216 0.014865122735500346 0.03718492016196251
v 0.04364354535937312 0.015080809593200694 0.042582180351018906
v 0.04364354535937312 0.014749366790056239 0.042108889669179916
v 0.04364354535937312 0.014749366790056239 0.042108889669179916
v 0.04364354535937312 0.015080809593200694 0.042582180351018906
v 0.039008203893899945 0.014939360320568095 0.0470598004758358
v 0.04364354535937312 0.014749366790056239 0.042108889669179916
v 0.039008203893899945 0.014939360320568095 0.0470598004758358
v 0.039008203893899945 0.0146444644778967 0.04656678065657616
v 0.039008203893899945 0.0146444644778967 0.04656678065657616
v 0.039008203893899945 0.014939360320568095 0.0470598004758358
v 0.03395087271928789 0.014814792200922976 0.050997402518987656
v 0.039008203893899945 0.0146444644778967 0.04656678065657616
v 0.03395087271928789 0.014814792200922976 0.050997402518987656
v 0.03395087271928789 0.014552097767591487 0.050487127155065536
v 0.03395087271928789 0.014552097767591487 0.050487127155065536
v 0.03395087271928789 0.014814792200922976 0.050997402518987656
v 0.028564581647515314 0.014708926901221286 0.05433758720755577
v 0.017209554091095935 0.014356596395373355 0.06063532456755638
v 0.02294983156025411 0.014680091291666041 0.057573672384023666
v 0.02294983156025411 0.014485714957118045 0.05853902921080589
v 0.02294983156025411 0.014485714957118045 0.05853902921080589
v 0.02294983156025411 0.014680091291666041 0.057573672384023666
v 0.028564581647515314 0.014791704714298259 0.05485006794333458
v 0.02294983156025411 0.014485714957118045 0.05853902921080589
v 0.028564581647515314 0.014791704714298259 0.05485006794333458
v 0.028564581647515314 0.014654774218797694 0.05579301342368126
v 0.028564581647515314 0.014654774218797694 0.05579301342368126
v 0.028564581647515314 0.014791704714298259 0.05485006794333458
v 0.03395087271928789 0.014928905293345462 0.05149584636092186
v 0.028564581647515314 0.014654774218797694 0.05579301342368126
v 0.03395087271928789 0.014928905293345462 0.05149584636092186
v 0.03395087271928789 0.014862917363643657 0.052411194890737534
v 0.03395087271928789 0.014862917363643657 0.052411194890737534
v 0.03395087271928789 0.014928905293345462 0.05149584636092186
v 0.039008203893899945 0.015090439468622218 0.04754146561026573
v 0.03395087271928789 0.014862917363643657 0.052411194890737534
v 0.039008203893899945 0.015090439468622218 0.04754146561026573
v 0.039008203893899945 0.015108246356248866 0.04842429980635643
v 0.039008203893899945 0.015108246356248866 0.04842429980635643
v 0.039008203893899945 0.015090439468622218 0.04754146561026573
v 0.04364354535937312 0.015273947268724452 0.043044593185186386
v 0.039008203893899945 0.015108246356248866 0.04842429980635643
v 0.04364354535937312 0.015273947268724452 0.043044593185186386
v 0.04364354535937312 0.015387184917926799 0.043890442699193954
v 0.04364354535937312 0.015387184917926799 0.043890442699193954
v 0.04364354535937312 0.015273947268724452 0.043044593185186386
v 0.04777545109391216 0.015476489439606677 0.03807726129889488
v 0.04364354535937312 0.015387184917926799 0.043890442699193954
v 0.04777545109391216 0.015476489439606677 0.03807726129889488
v 0.04777545109391216 0.015695268288254748 0.03888225182890892
v 0.04777545109391216 0.015695268288254748 0.03888225182890892
v 0.04777545109391216 0.015476489439606677 0.03807726129889488
v 0.05134218186140064 0.015694323927164088 0.0327313207089901
v 0.04777545109391216 0.015695268288254748 0.03888225182890892
v 0.05134218186140064 0.015694323927164088 0.0327313207089901
v 0.05134218186140064 0.016026796773076068 0.033492352813482285
v 0.05134218186140064 0.016026796773076068 0.033492352813482285
v 0.05134218186140064 0.015694323927164088 0.0327313207089901
v 0.05429974943399433 0.01592344418168069 0.027105148881673813
v 0.05134218186140064 0.016026796773076068 0.033492352813482285
v 0.05429974943399433 0.01592344418168069 0.027105148881673813
v 0.05429974943399433 0.016375670209527026 0.027819957584142685
v 0.05429974943399433 0.016375670209527026 0.027819957584142685
v 0.05429974943399433 0.01592344418168069 0.027105148881673813
v 0.056628901511430775 0.016735367476940165 0.021971043199300766
v 0.017209554091095935 0.013069916516542443 0.06463190168142319
v 0.017209554091095935 0.014356596395373355 0.06063532456755638
v 0.02294983156025411 0.013382018543779859 0.06246649846434593
v 0.02294983156025411 0.013382018543779859 0.06246649846434593
v 0.017209554091095935 0.014356596395373355 0.06063532456755638
v 0.02294983156025411 0.014485714957118045 0.05853902921080589
v 0.02294983156025411 0.013382018543779859 0.06246649846434593
v 0.02294983156025411 0.014485714957118045 0.05853902921080589
v 0.028564581647515314 0.013790814206004151 0.05962979421019554
v 0.028564581647515314 0.013790814206004151 0.05962979421019554
v 0.02294983156025411 0.014485714957118045 0.05853902921080589
v 0.028564581647515314 0.014654774218797694 0.05579301342368126
v 0.028564581647515314 0.013790814206004151 0.05962979421019554
v 0.028564581647515314 0.014654774218797694 0.05579301342368126
v 0.03395087271928789 0.014294227585196504 0.05613621696829796
v 0.03395087271928789 0.014294227585196504 0.05613621696829796
v 0.028564581647515314 0.014654774218797694 0.05579301342368126
v 0.03395087271928789 0.014862917363643657 0.052411194890737534
v 0.03395087271928789 0.014294227585196504 0.05613621696829796
v 0.03395087271928789 0.014862917363643657 0.052411194890737534
v 0.039008203893899945 0.014887677505612384 0.052017536014318466
v 0.039008203893899945 0.014887677505612384 0.052017536014318466
v 0.03395087271928789 0.014862917363643657 0.052411194890737534
v 0.039008203893899945 0.015108246356248866 0.04842429980635643
v 0.039008203893899945 0.014887677505612384 0.052017536014318466
v 0.039008203893899945 0.015108246356248866 0.04842429980635643
v 0.04364354535937312 0.015562515705823909 0.04733377322554588
v 0.04364354535937312 0.015562515705823909 0.04733377322554588
v 0.039008203893899945 0.015108246356248866 0.04842429980635643
v 0.04364354535937312 0.015387184917926799 0.043890442699193954
v 0.04364354535937312 0.015562515705823909 0.04733377322554588
v 0.04364354535937312 0.015387184917926799 0.043890442699193954
v 0.04777545109391216 0.016307935118675242 0.04215994104743004
v 0.04777545109391216 0.016307935118675242 0.04215994104743004
v 0.04364354535937312 0.015387184917926799 0.043890442699193954
v 0.04777545109391216 0.015695268288254748 0.03888225182890892
v 0.04777545109391216 0.016307935118675242 0.04215994104743004
v 0.04777545109391216 0.015695268288254748 0.03888225182890892
v 0.05134218186140064 0.017110148444771777 0.03659173473715782
v 0.05134218186140064 0.017110148444771777 0.03659173473715782
v 0.04777545109391216 0.015695268288254748 0.03888225182890892
v 0.05134218186140064 0.016026796773076068 0.033492352813482285
v 0.05134218186140064 0.017110148444771777 0.03659173473715782
v 0.05134218186140064 0.016026796773076068 0.033492352813482285
v 0.05429974943399433 0.01795439049601556 0.030731644481420517
v 0.05429974943399433 0.01795439049601556 0.030731644481420517
v 0.05134218186140064 0.016026796773076068 0.033492352813482285
v 0.05429974943399433 0.016375670209527026 0.027819957584142685
v 0.05429974943399433 0.01795439049601556 0.030731644481420517
v 0.05429974943399433 0.016375670209527026 0.027819957584142685
v 0.056628901511430775 0.018824884667992606 0.024689193814992905
v 0.056628901511430775 0.018824884667992606 0.024689193814992905
v 0.05429974943399433 0.016375670209527026 0.027819957584142685
v 0.056628901511430775 0.016735367476940165 0.021971043199300766
v 0.056628901511430775 0.018824884667992606 0.024689193814992905
v 0.056628901511430775 0.016735367476940165 0.021971043199300766
v 0.058328893035650295 0.019706364721059813 0.01857032999396324
v 0.058328893035650295 0.019706364721059813 0.01857032999396324
v 0.056628901511430775 0.016735367476940165 0.021971043199300766
v 0.058328893035650295 0.01709958538413049 0.016048219054937363
v 0.058328893035650295 0.019706364721059813 0.01857032999396324
v 0.058328893035650295 0.01709958538413049 0.016048219054937363
v 0.05994019284844403 0.02144432440400125 0.006505812983959913
v 0.05994019284844403 0.02144432440400125 0.006505812983959913
v 0.058328893035650295 0.01709958538413049 0.016048219054937363
v 0.05994019284844403 0.01781763695180417 0.004370297770947218
v 0.05994019284844403 0.02144432440400125 0.006505812983959913
v 0.05994019284844403 0.01781763695180417 0.004370297770947218
v 0.05939660966396336 0.02315234020352365 -0.005351279396563768
v 0.03395087271928789 0.013621265999972829 0.04971339926123619
v 0.03395087271928789 0.014137921854853639 0.05004125460982323
v 0.028564581647515314 0.014082474634051332 0.05335363373160362
v 0.028564581647515314 0.014082474634051332 0.05335363373160362
v 0.03395087271928789 0.014137921854853639 0.05004125460982323
v 0.028564581647515314 0.014473613351583491 0.05381282791495323
v 0.028564581647515314 0.014082474634051332 0.05335363373160362
v 0.028564581647515314 0.014473613351583491 0.05381282791495323
v 0.02294983156025411 0.014409733936190616 0.056513603776693344
v 0.02294983156025411 0.014409733936190616 0.056513603776693344
v 0.028564581647515314 0.014473613351583491 0.05381282791495323
v 0.02294983156025411 0.014622736722230922 0.05704992637038231
v 0.02294983156025411 0.014409733936190616 0.056513603776693344
v 0.02294983156025411 0.014622736722230922 0.05704992637038231
v 0.017209554091095935 0.014556670561432849 0.05912071093916893
v 0.017209554091095935 0.014556670561432849 0.05912071093916893
v 0.02294983156025411 0.014622736722230922 0.05704992637038231
v 0.017209554091095935 0.01459464430809022 0.05965283140540123
v 0.017209554091095935 0.014556670561432849 0.05912071093916893
v 0.017209554091095935 0.01459464430809022 0.05965283140540123
v 0.011440484784543521 0.014534873887896548 0.061100032180547714
v 0.011440484784543521 0.014534873887896548 0.061100032180547714
v 0.017209554091095935 0.01459464430809022 0.05965283140540123
v 0.011440484784543521 0.01426664926111699 0.06209447607398033
v 0.011440484784543521 0.014534873887896548 0.061100032180547714
v 0.011440484784543521 0.01426664926111699 0.06209447607398033
v 0.005738519132137302 0.014214254915714273 0.06294291466474533
v 0.005738519132137302 0.014214254915714273 0.06294291466474533
v 0.011440484784543521 0.01426664926111699 0.06209447607398033
v 0.011440484784543521 0.012852629646658906 0.06613912433385849
v 0.005738519132137302 0.014214254915714273 0.06294291466474533
v 0.011440484784543521 0.012852629646658906 0.06613912433385849
v 0.005738519132137302 0.012726234272122392 0.0670154020190239
v -0.016859784722328196 0.01305311731994153 0.0647415742278099
v -0.022604495286941542 0.014474805444478999 0.05868631228804588
v -0.016859784722328196 0.014348596334457408 0.06074291095137596
v -0.016859784722328196 0.014348596334457408 0.06074291095137596
v -0.022604495286941542 0.014474805444478999 0.05868631228804588
v -0.016859784722328196 0.014584640040993701 0.05975925549864769
v -0.016859784722328196 0.014348596334457408 0.06074291095137596
v -0.016859784722328196 0.014584640040993701 0.05975925549864769
v -0.011092000640928752 0.014528332278132449 0.06116857752203941
v -0.011092000640928752 0.014528332278132449 0.06116857752203941
v -0.016859784722328196 0.014584640040993701 0.05975925549864769
v -0.011092000640928752 0.014504045248031627 0.060633864253759384
v -0.011092000640928752 0.014528332278132449 0.06116857752203941
v -0.011092000640928752 0.014504045248031627 0.060633864253759384
v -0.005397376604378227 0.014479909092187892 0.06143515929579735
v -0.005397376604378227 0.014479909092187892 0.06143515929579735
v -0.011092000640928752 0.014504045248031627 0.060633864253759384
v -0.005397376604378227 0.014304153621196755 0.06088283285498619
v -0.005397376604378227 0.014479909092187892 0.06143515929579735
v -0.005397376604378227 0.014304153621196755 0.06088283285498619
v 0.005738519132137302 0.014306280761957177 0.06084718927741051
v 0.005738519132137302 0.014306280761957177 0.06084718927741051
v -0.005397376604378227 0.014304153621196755 0.06088283285498619
v 0.005738519132137302 0.013964947313070306 0.06036007031798363
v 0.005738519132137302 0.014306280761957177 0.06084718927741051
v 0.005738519132137302 0.013964947313070306 0.06036007031798363
v 0.011440484784543521 0.013978973031044015 0.05952778086066246
v 0.011440484784543521 0.013978973031044015 0.05952778086066246
v 0.005738519132137302 0.013964947313070306 0.06036007031798363
v 0.011440484784543521 0.01351781655102969 0.05916675552725792
v 0.011440484784543521 0.013978973031044015 0.05952778086066246
v 0.011440484784543521 0.01351781655102969 0.05916675552725792
v 0.017209554091095935 0.013533453457057485 0.05774202570319176
v 0.017209554091095935 0.013533453457057485 0.05774202570319176
v 0.011440484784543521 0.01351781655102969 0.05916675552725792
v 0.013351256027817735 0.012499999254941949 0.058495666831731796
v 0.013351256027817735 0.012499999254941949 0.058495666831731796
v 0.02294983156025411 0.01355586666613818 0.05569541081786156
v 0.02294983156025411 0.014037420973181733 0.05604365095496178
v 0.017209554091095935 0.01400298811495305 0.05809759721159935
v 0.017209554091095935 0.01400298811495305 0.05809759721159935
v 0.02294983156025411 0.014037420973181733 0.05604365095496178
v 0.017209554091095935 0.014360789209604274 0.058575745671987534
v 0.017209554091095935 0.01400298811495305 0.05809759721159935
v 0.017209554091095935 0.014360789209604274 0.058575745671987534
v 0.011440484784543521 0.01432650350034238 0.06001165136694908
v 0.011440484784543521 0.01432650350034238 0.06001165136694908
v 0.017209554091095935 0.014360789209604274 0.058575745671987534
v 0.011440484784543521 0.014510355889797221 0.0605623684823513
v 0.011440484784543521 0.01432650350034238 0.06001165136694908
v 0.011440484784543521 0.014510355889797221 0.0605623684823513
v 0.005738519132137302 0.014482993632555018 0.061400916427373886
v 0.005738519132137302 0.014482993632555018 0.061400916427373886
v 0.011440484784543521 0.014510355889797221 0.0605623684823513
v 0.005738519132137302 0.014499729499220858 0.06194150075316429
v 0.005738519132137302 0.014482993632555018 0.061400916427373886
v 0.005738519132137302 0.014499729499220858 0.06194150075316429
v -0.005397376604378227 0.014496540650725375 0.06197425350546837
v -0.005397376604378227 0.014496540650725375 0.06197425350546837
v 0.005738519132137302 0.014499729499220858 0.06194150075316429
v -0.005397376604378227 0.0142117664217949 0.06297602504491806
v -0.005397376604378227 0.014496540650725375 0.06197425350546837
v -0.005397376604378227 0.0142117664217949 0.06297602504491806
v -0.011092000640928752 0.014261472970247277 0.06216376647353172
v -0.011092000640928752 0.014261472970247277 0.06216376647353172
v -0.005397376604378227 0.0142117664217949 0.06297602504491806
v -0.005397376604378227 0.012721049599349507 0.06704910844564438
v -0.011092000640928752 0.014261472970247277 0.06216376647353172
v -0.005397376604378227 0.012721049599349507 0.06704910844564438
v -0.011092000640928752 0.012841798365116128 0.06620972603559494
v -0.022604495286941542 0.013359049335122117 0.06261663883924484
v -0.028229752555489557 0.01464097760617734 0.05597984418272972
v -0.022604495286941542 0.014474805444478999 0.05868631228804588
v -0.022604495286941542 0.014474805444478999 0.05868631228804588
v -0.028229752555489557 0.01464097760617734 0.05597984418272972
v -0.022604495286941542 0.014666575938463221 0.05771937593817711
v -0.022604495286941542 0.014474805444478999 0.05868631228804588
v -0.022604495286941542 0.014666575938463221 0.05771937593817711
v -0.016859784722328196 0.014584640040993701 0.05975925549864769
v -0.016859784722328196 0.014584640040993701 0.05975925549864769
v -0.022604495286941542 0.014666575938463221 0.05771937593817711
v -0.016859784722328196 0.014547038823366176 0.05923163518309593
v -0.016859784722328196 0.014584640040993701 0.05975925549864769
v -0.016859784722328196 0.014547038823366176 0.05923163518309593
v -0.011092000640928752 0.014504045248031627 0.060633864253759384
v -0.011092000640928752 0.014504045248031627 0.060633864253759384
v -0.016859784722328196 0.014547038823366176 0.05923163518309593
v -0.011092000640928752 0.014322146773338327 0.060085978358983994
v -0.011092000640928752 0.014504045248031627 0.060633864253759384
v -0.011092000640928752 0.014322146773338327 0.060085978358983994
v -0.005397376604378227 0.014304153621196755 0.06088283285498619
v -0.005397376604378227 0.014304153621196755 0.06088283285498619
v -0.011092000640928752 0.014322146773338327 0.060085978358983994
v -0.005397376604378227 0.01396411284804345 0.060395773500204086
v -0.005397376604378227 0.014304153621196755 0.06088283285498619
v -0.005397376604378227 0.01396411284804345 0.060395773500204086
v 0.005738519132137302 0.013964947313070306 0.06036007031798363
v 0.005738519132137302 0.013964947313070306 0.06036007031798363
v -0.005397376604378227 0.01396411284804345 0.060395773500204086
v 0.005738519132137302 0.01350867561995984 0.059995438903570175
v 0.005738519132137302 0.013964947313070306 0.06036007031798363
v 0.005738519132137302 0.01350867561995984 0.059995438903570175
v 0.011440484784543521 0.01351781655102969 0.05916675552725792
v -0.028229752555489557 0.013761701062321672 0.05982029065489769
v -0.0336328372359276 0.014846321195364009 0.05263638123869896
v -0.028229752555489557 0.01464097760617734 0.05597984418272972
v -0.028229752555489557 0.01464097760617734 0.05597984418272972
v -0.0336328372359276 0.014846321195364009 0.05263638123869896
v -0.028229752555489557 0.01477472484111787 0.055034901946783066
v -0.028229752555489557 0.01464097760617734 0.05597984418272972
v -0.028229752555489557 0.01477472484111787 0.055034901946783066
v -0.022604495286941542 0.014666575938463221 0.05771937593817711
v -0.022604495286941542 0.014666575938463221 0.05771937593817711
v -0.028229752555489557 0.01477472484111787 0.055034901946783066
v -0.022604495286941542 0.014609752222895633 0.05720162019133568
v -0.022604495286941542 0.014666575938463221 0.05771937593817711
v -0.022604495286941542 0.014609752222895633 0.05720162019133568
v -0.016859784722328196 0.014547038823366176 0.05923163518309593
v -0.016859784722328196 0.014547038823366176 0.05923163518309593
v -0.022604495286941542 0.014609752222895633 0.05720162019133568
v -0.016859784722328196 0.01435413584113122 0.058690931648015976
v -0.016859784722328196 0.014547038823366176 0.05923163518309593
v -0.016859784722328196 0.01435413584113122 0.058690931648015976
v -0.011092000640928752 0.014322146773338327 0.060085978358983994
v -0.011092000640928752 0.014322146773338327 0.060085978358983994
v -0.016859784722328196 0.01435413584113122 0.058690931648015976
v -0.011092000640928752 0.013977244496345529 0.05960225686430931
v -0.011092000640928752 0.014322146773338327 0.060085978358983994
v -0.011092000640928752 0.013977244496345529 0.05960225686430931
v -0.005397376604378227 0.01396411284804345 0.060395773500204086
v -0.005397376604378227 0.01396411284804345 0.060395773500204086
v -0.011092000640928752 0.013977244496345529 0.05960225686430931
v -0.005397376604378227 0.013508095405995854 0.06002887710928917
v -0.005397376604378227 0.01396411284804345 0.060395773500204086
v -0.005397376604378227 0.013508095405995854 0.06002887710928917
v 0.005738519132137302 0.01350867561995984 0.059995438903570175
v 0.005738519132137302 0.01350867561995984 0.059995438903570175
v -0.005397376604378227 0.013508095405995854 0.06002887710928917
v 0.005738519132137302 0.013000648468732843 0.05978962406516075
v 0.005738519132137302 0.01350867561995984 0.059995438903570175
v 0.005738519132137302 0.013000648468732843 0.05978962406516075
v 0.011440484784543521 0.01351781655102969 0.05916675552725792
v 0.011440484784543521 0.01351781655102969 0.05916675552725792
v 0.005738519132137302 0.013000648468732843 0.05978962406516075
v 0.011419542133808143 0.012499999254941949 0.058713313192129135
v 0.011440484784543521 0.01351781655102969 0.05916675552725792
v 0.011419542133808143 0.012499999254941949 0.058713313192129135
v 0.013351256027817735 0.012499999254941949 0.058495666831731796
v 0.03740938752889636 0.012499999254941949 0.04690989479422569
v 0.039008203893899945 0.013663774356246003 0.045821573585271835
v 0.03377642855048182 0.012499999254941949 0.0491926334798336
v 0.03377642855048182 0.012499999254941949 0.0491926334798336
v 0.039008203893899945 0.013663774356246003 0.045821573585271835
v 0.03395087271928789 0.013621265999972829 0.04971339926123619
v 0.03377642855048182 0.012499999254941949 0.0491926334798336
v 0.03395087271928789 0.013621265999972829 0.04971339926123619
v 0.028564581647515314 0.0135851874947548 0.053014691919088364
v 0.028564581647515314 0.0135851874947548 0.053014691919088364
v 0.03395087271928789 0.013621265999972829 0.04971339926123619
v 0.028564581647515314 0.014082474634051332 0.05335363373160362
v 0.028564581647515314 0.0135851874947548 0.053014691919088364
v 0.028564581647515314 0.014082474634051332 0.05335363373160362
v 0.02294983156025411 0.014037420973181733 0.05604365095496178
v 0.02294983156025411 0.014037420973181733 0.05604365095496178
v 0.028564581647515314 0.014082474634051332 0.05335363373160362
v 0.02294983156025411 0.014409733936190616 0.056513603776693344
v 0.02294983156025411 0.014037420973181733 0.05604365095496178
v 0.02294983156025411 0.014409733936190616 0.056513603776693344
v 0.017209554091095935 0.014360789209604274 0.058575745671987534
v 0.017209554091095935 0.014360789209604274 0.058575745671987534
v 0.02294983156025411 0.014409733936190616 0.056513603776693344
v 0.017209554091095935 0.014556670561432849 0.05912071093916893
v 0.017209554091095935 0.014360789209604274 0.058575745671987534
v 0.017209554091095935 0.014556670561432849 0.05912071093916893
v 0.011440484784543521 0.014510355889797221 0.0605623684823513
v 0.011440484784543521 0.014510355889797221 0.0605623684823513
v 0.017209554091095935 0.014556670561432849 0.05912071093916893
v 0.011440484784543521 0.014534873887896548 0.061100032180547714
v 0.011440484784543521 0.014510355889797221 0.0605623684823513
v 0.011440484784543521 0.014534873887896548 0.061100032180547714
v 0.005738519132137302 0.014499729499220858 0.06194150075316429
v 0.005738519132137302 0.014499729499220858 0.06194150075316429
v 0.011440484784543521 0.014534873887896548 0.061100032180547714
v 0.005738519132137302 0.014214254915714273 0.06294291466474533
v 0.005738519132137302 0.014499729499220858 0.06194150075316429
v 0.005738519132137302 0.014214254915714273 0.06294291466474533
v -0.005397376604378227 0.0142117664217949 0.06297602504491806
v -0.005397376604378227 0.0142117664217949 0.06297602504491806
v 0.005738519132137302 0.014214254915714273 0.06294291466474533
v 0.005738519132137302 0.012726234272122392 0.0670154020190239
v -0.005397376604378227 0.0142117664217949 0.06297602504491806
v 0.005738519132137302 0.012726234272122392 0.0670154020190239
v 0.00016779782890807848 0.012684114277362832 0.06730666011571884
v -0.011092000640928752 0.012841798365116128 0.06620972603559494
v -0.016859784722328196 0.014348596334457408 0.06074291095137596
v -0.011092000640928752 0.014261472970247277 0.06216376647353172
v -0.011092000640928752 0.014261472970247277 0.06216376647353172
v -0.016859784722328196 0.014348596334457408 0.06074291095137596
v -0.011092000640928752 0.014528332278132449 0.06116857752203941
v -0.011092000640928752 0.014261472970247277 0.06216376647353172
v -0.011092000640928752 0.014528332278132449 0.06116857752203941
v -0.005397376604378227 0.014496540650725375 0.06197425350546837
v -0.005397376604378227 0.014496540650725375 0.06197425350546837
v -0.011092000640928752 0.014528332278132449 0.06116857752203941
v -0.005397376604378227 0.014479909092187892 0.06143515929579735
v -0.005397376604378227 0.014496540650725375 0.06197425350546837
v -0.005397376604378227 0.014479909092187892 0.06143515929579735
v 0.005738519132137302 0.014482993632555018 0.061400916427373886
v 0.005738519132137302 0.014482993632555018 0.061400916427373886
v -0.005397376604378227 0.014479909092187892 0.06143515929579735
v 0.005738519132137302 0.014306280761957177 0.06084718927741051
v 0.005738519132137302 0.014482993632555018 0.061400916427373886
v 0.005738519132137302 0.014306280761957177 0.06084718927741051
v 0.011440484784543521 0.01432650350034238 0.06001165136694908
v 0.011440484784543521 0.01432650350034238 0.06001165136694908
v 0.005738519132137302 0.014306280761957177 0.06084718927741051
v 0.011440484784543521 0.013978973031044015 0.05952778086066246
v 0.011440484784543521 0.01432650350034238 0.06001165136694908
v 0.011440484784543521 0.013978973031044015 0.05952778086066246
v 0.017209554091095935 0.01400298811495305 0.05809759721159935
v 0.017209554091095935 0.01400298811495305 0.05809759721159935
v 0.011440484784543521 0.013978973031044015 0.05952778086066246
v 0.017209554091095935 0.013533453457057485 0.05774202570319176
v 0.017209554091095935 0.01400298811495305 0.05809759721159935
v 0.017209554091095935 0.013533453457057485 0.05774202570319176
v 0.02294983156025411 0.01355586666613818 0.05569541081786156
v 0.02294983156025411 0.01355586666613818 0.05569541081786156
v 0.017209554091095935 0.013533453457057485 0.05774202570319176
v 0.02285622060298921 0.012499999254941949 0.05516975745558739
v 0.02294983156025411 0.01355586666613818 0.05569541081786156
v 0.02285622060298921 0.012499999254941949 0.05516975745558739
v 0.028564581647515314 0.0135851874947548 0.053014691919088364
v 0.028564581647515314 0.0135851874947548 0.053014691919088364
v 0.02285622060298921 0.012499999254941949 0.05516975745558739
v 0.026033025234937685 0.012499999254941949 0.05405813083052635
v 0.026033025234937685 0.012499999254941949 0.05405813083052635
v -0.0336328372359276 0.012465366162359723 0.06372018903493881
v -0.0336328372359276 0.014259152114391336 0.056365903466939926
v -0.028229752555489557 0.011377306655049331 0.06737872213125229
v -0.028229752555489557 0.011377306655049331 0.06737872213125229
v -0.0336328372359276 0.014259152114391336 0.056365903466939926
v -0.028229752555489557 0.013761701062321672 0.05982029065489769
v -0.028229752555489557 0.011377306655049331 0.06737872213125229
v -0.028229752555489557 0.013761701062321672 0.05982029065489769
v -0.022604495286941542 0.010496553964912898 0.07034008949995041
v -0.022604495286941542 0.010496553964912898 0.07034008949995041
v -0.028229752555489557 0.013761701062321672 0.05982029065489769
v -0.022604495286941542 0.013359049335122117 0.06261663883924484
v -0.022604495286941542 0.010496553964912898 0.07034008949995041
v -0.022604495286941542 0.013359049335122117 0.06261663883924484
v -0.016859784722328196 0.009827311150729663 0.07259019464254379
v -0.016859784722328196 0.009827311150729663 0.07259019464254379
v -0.022604495286941542 0.013359049335122117 0.06261663883924484
v -0.016859784722328196 0.01305311731994153 0.0647415742278099
v -0.016859784722328196 0.009827311150729663 0.07259019464254379
v -0.016859784722328196 0.01305311731994153 0.0647415742278099
v -0.011092000640928752 0.00936497654765845 0.07414450496435165
v -0.011092000640928752 0.00936497654765845 0.07414450496435165
v -0.016859784722328196 0.01305311731994153 0.0647415742278099
v -0.011092000640928752 0.012841798365116128 0.06620972603559494
v -0.011092000640928752 0.00936497654765845 0.07414450496435165
v -0.011092000640928752 0.012841798365116128 0.06620972603559494
v -0.005397376604378227 0.009100710973143583 0.07503273338079453
v -0.005397376604378227 0.009100710973143583 0.07503273338079453
v -0.011092000640928752 0.012841798365116128 0.06620972603559494
v -0.005397376604378227 0.012721049599349507 0.06704910844564438
v -0.005397376604378227 0.009100710973143583 0.07503273338079453
v -0.005397376604378227 0.012721049599349507 0.06704910844564438
v 0.00016779782890807848 0.009019741788506513 0.07530459016561508
v 0.00016779782890807848 0.009019741788506513 0.07530459016561508
v -0.005397376604378227 0.012721049599349507 0.06704910844564438
v 0.00016779782890807848 0.012684114277362832 0.06730666011571884
v 0.00016779782890807848 0.009019741788506513 0.07530459016561508
v 0.00016779782890807848 0.012684114277362832 0.06730666011571884
v 0.005738519132137302 0.009111655876040464 0.07499509304761887
v 0.005738519132137302 0.009111655876040464 0.07499509304761887
v 0.00016779782890807848 0.012684114277362832 0.06730666011571884
v 0.005738519132137302 0.012726234272122392 0.0670154020190239
v 0.005738519132137302 0.009111655876040464 0.07499509304761887
v 0.005738519132137302 0.012726234272122392 0.0670154020190239
v 0.011440484784543521 0.00938786659389735 0.07406582683324814
v 0.011440484784543521 0.00938786659389735 0.07406582683324814
v 0.005738519132137302 0.012726234272122392 0.0670154020190239
v 0.011440484784543521 0.012852629646658906 0.06613912433385849
v 0.011440484784543521 0.00938786659389735 0.07406582683324814
v 0.011440484784543521 0.012852629646658906 0.06613912433385849
v 0.017209554091095935 0.009862842038273818 0.07246812433004379
v 0.017209554091095935 0.009862842038273818 0.07246812433004379
v 0.011440484784543521 0.012852629646658906 0.06613912433385849
v 0.017209554091095935 0.013069916516542443 0.06463190168142319
v 0.017209554091095935 0.013069916516542443 0.06463190168142319
v 0.011440484784543521 0.012852629646658906 0.06613912433385849
v 0.011440484784543521 0.01426664926111699 0.06209447607398033
v 0.017209554091095935 0.013069916516542443 0.06463190168142319
v 0.011440484784543521 0.01426664926111699 0.06209447607398033
v 0.017209554091095935 0.014356596395373355 0.06063532456755638
v 0.017209554091095935 0.014356596395373355 0.06063532456755638
v 0.011440484784543521 0.01426664926111699 0.06209447607398033
v 0.017209554091095935 0.01459464430809022 0.05965283140540123
v 0.017209554091095935 0.014356596395373355 0.06063532456755638
v 0.017209554091095935 0.01459464430809022 0.05965283140540123
v 0.02294983156025411 0.014680091291666041 0.057573672384023666
v 0.02294983156025411 0.014680091291666041 0.057573672384023666
v 0.017209554091095935 0.01459464430809022 0.05965283140540123
v 0.02294983156025411 0.014622736722230922 0.05704992637038231
v 0.02294983156025411 0.014680091291666041 0.057573672384023666
v 0.02294983156025411 0.014622736722230922 0.05704992637038231
v 0.028564581647515314 0.014708926901221286 0.05433758720755577
v 0.028564581647515314 0.014708926901221286 0.05433758720755577
v 0.02294983156025411 0.014622736722230922 0.05704992637038231
v 0.028564581647515314 0.014473613351583491 0.05381282791495323
v 0.028564581647515314 0.014708926901221286 0.05433758720755577
v 0.028564581647515314 0.014473613351583491 0.05381282791495323
v 0.03395087271928789 0.014552097767591487 0.050487127155065536
v 0.03395087271928789 0.014552097767591487 0.050487127155065536
v 0.028564581647515314 0.014473613351583491 0.05381282791495323
v 0.03395087271928789 0.014137921854853639 0.05004125460982323
v 0.03395087271928789 0.014552097767591487 0.050487127155065536
v 0.03395087271928789 0.014137921854853639 0.05004125460982323
v 0.039008203893899945 0.014203252270817765 0.046136584132909775
v 0.039008203893899945 0.014203252270817765 0.046136584132909775
v 0.03395087271928789 0.014137921854853639 0.05004125460982323
v 0.039008203893899945 0.013663774356246003 0.045821573585271835
v 0.039008203893899945 0.014203252270817765 0.046136584132909775
v 0.039008203893899945 0.013663774356246003 0.045821573585271835
v 0.04364354535937312 0.013712089508771905 0.04139598831534386
v 0.04364354535937312 0.013712089508771905 0.04139598831534386
v 0.039008203893899945 0.013663774356246003 0.045821573585271835
v 0.04339492321014407 0.012499999254941949 0.04092436656355858
v 0.04364354535937312 0.013712089508771905 0.04139598831534386
v 0.04339492321014407 0.012499999254941949 0.04092436656355858
v 0.04777545109391216 0.013765439391136178 0.03650748357176781
v 0.04777545109391216 0.013765439391136178 0.03650748357176781
v 0.04339492321014407 0.012499999254941949 0.04092436656355858
v 0.04690988734364513 0.012499999254941949 0.03740939125418663
v 0.04690988734364513 0.012499999254941949 0.03740939125418663
v -0.0336328372359276 0.009860819205641753 0.0712297186255455
v -0.0336328372359276 0.012465366162359723 0.06372018903493881
v -0.028229752555489557 0.008175177499651914 0.07493888586759567
v -0.028229752555489557 0.008175177499651914 0.07493888586759567
v -0.0336328372359276 0.012465366162359723 0.06372018903493881
v -0.028229752555489557 0.011377306655049331 0.06737872213125229
v -0.028229752555489557 0.008175177499651914 0.07493888586759567
v -0.028229752555489557 0.011377306655049331 0.06737872213125229
v -0.022604495286941542 0.006810745690017943 0.07794111222028732
v -0.022604495286941542 0.006810745690017943 0.07794111222028732
v -0.028229752555489557 0.011377306655049331 0.06737872213125229
v -0.022604495286941542 0.010496553964912898 0.07034008949995041
v -0.022604495286941542 0.006810745690017943 0.07794111222028732
v -0.022604495286941542 0.010496553964912898 0.07034008949995041
v -0.016859784722328196 0.005774031858891252 0.08022212237119675
v -0.016859784722328196 0.005774031858891252 0.08022212237119675
v -0.022604495286941542 0.010496553964912898 0.07034008949995041
v -0.016859784722328196 0.009827311150729663 0.07259019464254379
v -0.016859784722328196 0.005774031858891252 0.08022212237119675
v -0.016859784722328196 0.009827311150729663 0.07259019464254379
v -0.011092000640928752 0.005057903006672863 0.08179765194654465
v -0.011092000640928752 0.005057903006672863 0.08179765194654465
v -0.016859784722328196 0.009827311150729663 0.07259019464254379
v -0.011092000640928752 0.00936497654765845 0.07414450496435165
v -0.011092000640928752 0.005057903006672863 0.08179765194654465
v -0.011092000640928752 0.00936497654765845 0.07414450496435165
v -0.005397376604378227 0.0046486589126288926 0.0826978012919426
v -0.005397376604378227 0.0046486589126288926 0.0826978012919426
v -0.011092000640928752 0.00936497654765845 0.07414450496435165
v -0.005397376604378227 0.009100710973143583 0.07503273338079453
v -0.005397376604378227 0.0046486589126288926 0.0826978012919426
v -0.005397376604378227 0.009100710973143583 0.07503273338079453
v 0.00016779782890807848 0.004523410927504304 0.08297296613454819
v 0.00016779782890807848 0.004523410927504304 0.08297296613454819
v -0.005397376604378227 0.009100710973143583 0.07503273338079453
v 0.00016779782890807848 0.009019741788506513 0.07530459016561508
v 0.00016779782890807848 0.004523410927504304 0.08297296613454819
v 0.00016779782890807848 0.009019741788506513 0.07530459016561508
v 0.005738519132137302 0.004666027147322897 0.08265861123800278
v 0.005738519132137302 0.004666027147322897 0.08265861123800278
v 0.00016779782890807848 0.009019741788506513 0.07530459016561508
v 0.005738519132137302 0.009111655876040464 0.07499509304761887
v 0.005738519132137302 0.004666027147322897 0.08265861123800278
v 0.005738519132137302 0.009111655876040464 0.07499509304761887
v 0.011440484784543521 0.0050941975787282025 0.08171587437391281
v 0.011440484784543521 0.0050941975787282025 0.08171587437391281
v 0.005738519132137302 0.009111655876040464 0.07499509304761887
v 0.011440484784543521 0.00938786659389735 0.07406582683324814
v 0.011440484784543521 0.0050941975787282025 0.08171587437391281
v 0.011440484784543521 0.00938786659389735 0.07406582683324814
v 0.017209554091095935 0.00583033682778478 0.08009534329175949
v 0.017209554091095935 0.00583033682778478 0.08009534329175949
v 0.011440484784543521 0.00938786659389735 0.07406582683324814
v 0.017209554091095935 0.009862842038273818 0.07246812433004379
v 0.017209554091095935 0.00583033682778478 0.08009534329175949
v 0.017209554091095935 0.009862842038273818 0.07246812433004379
v 0.02294983156025411 0.0068877493031323 0.07776781171560287
v 0.02294983156025411 0.0068877493031323 0.07776781171560287
v 0.017209554091095935 0.009862842038273818 0.07246812433004379
v 0.02294983156025411 0.010545170865952976 0.07017316669225693
v 0.02294983156025411 0.0068877493031323 0.07776781171560287
v 0.02294983156025411 0.010545170865952976 0.07017316669225693
v 0.028564581647515314 0.00827279314398766 0.07471927255392075
v 0.028564581647515314 0.00827279314398766 0.07471927255392075
v 0.02294983156025411 0.010545170865952976 0.07017316669225693
v 0.028564581647515314 0.01143896114081145 0.06716709583997726
v 0.028564581647515314 0.00827279314398766 0.07471927255392075
v 0.028564581647515314 0.01143896114081145 0.06716709583997726
v 0.03395087271928789 0.009978438727557666 0.07096519321203232
v 0.03395087271928789 0.009978438727557666 0.07096519321203232
v 0.028564581647515314 0.01143896114081145 0.06716709583997726
v 0.03395087271928789 0.012539675459265718 0.06346520036458969
v 0.03395087271928789 0.009978438727557666 0.07096519321203232
v 0.03395087271928789 0.012539675459265718 0.06346520036458969
v 0.039008203893899945 0.011989174410700807 0.0665396973490715
v 0.039008203893899945 0.011989174410700807 0.0665396973490715
v 0.03395087271928789 0.012539675459265718 0.06346520036458969
v 0.039008203893899945 0.013837305828928956 0.0591011606156826
v 0.039008203893899945 0.011989174410700807 0.0665396973490715
v 0.039008203893899945 0.013837305828928956 0.0591011606156826
v 0.04364354535937312 0.01427568309009076 0.061507370322942734
v 0.04364354535937312 0.01427568309009076 0.061507370322942734
v 0.039008203893899945 0.013837305828928956 0.0591011606156826
v 0.04364354535937312 0.015312934294343005 0.054138537496328354
v 0.04364354535937312 0.01427568309009076 0.061507370322942734
v 0.04364354535937312 0.015312934294343005 0.054138537496328354
v 0.04777545109391216 0.01680135354399682 0.055948760360479355
v 0.04777545109391216 0.01680135354399682 0.055948760360479355
v 0.04364354535937312 0.015312934294343005 0.054138537496328354
v 0.04777545109391216 0.016942933201789866 0.048656877130270004
v 0.04777545109391216 0.01680135354399682 0.055948760360479355
v 0.04777545109391216 0.016942933201789866 0.048656877130270004
v 0.05134218186140064 0.019519476220011725 0.04996668919920921
v 0.05134218186140064 0.019519476220011725 0.04996668919920921
v 0.04777545109391216 0.016942933201789866 0.048656877130270004
v 0.05134218186140064 0.018697153776884093 0.04275750741362572
v 0.05134218186140064 0.019519476220011725 0.04996668919920921
v 0.05134218186140064 0.018697153776884093 0.04275750741362572
v 0.05429974943399433 0.02156387269496919 0.039894040673971176
v 0.05429974943399433 0.02156387269496919 0.039894040673971176
v 0.05134218186140064 0.018697153776884093 0.04275750741362572
v 0.05429974943399433 0.020543312653899207 0.03654899820685387
v 0.05429974943399433 0.02156387269496919 0.039894040673971176
v 0.05429974943399433 0.020543312653899207 0.03654899820685387
v 0.056628901511430775 0.0239909738302231 0.03340407833456993
v 0.056628901511430775 0.0239909738302231 0.03340407833456993
v 0.05429974943399433 0.020543312653899207 0.03654899820685387
v 0.056628901511430775 0.02244689874351026 0.030147459357976913
v 0.056628901511430775 0.0239909738302231 0.03340407833456993
v 0.056628901511430775 0.02244689874351026 0.030147459357976913
v 0.058328893035650295 0.026448762044310587 0.02683218941092491
v 0.058328893035650295 0.026448762044310587 0.02683218941092491
v 0.056628901511430775 0.02244689874351026 0.030147459357976913
v 0.058328893035650295 0.024374533444643038 0.023665066808462143
v 0.058328893035650295 0.026448762044310587 0.02683218941092491
v 0.058328893035650295 0.024374533444643038 0.023665066808462143
v 0.05994019284844403 0.031294774264097235 0.01387491449713707
v 0.05994019284844403 0.031294774264097235 0.01387491449713707
v 0.058328893035650295 0.024374533444643038 0.023665066808462143
v 0.05994019284844403 0.028175193816423433 0.010884072631597519
v 0.05994019284844403 0.031294774264097235 0.01387491449713707
v 0.05994019284844403 0.028175193816423433 0.010884072631597519
v 0.05939660966396336 0.03605746477842333 0.001140977838076651
v 0.05939660966396336 0.03605746477842333 0.001140977838076651
v 0.05994019284844403 0.028175193816423433 0.010884072631597519
v 0.05939660966396336 0.03191044554114344 -0.0016768317436799407
v 0.05939660966396336 0.03605746477842333 0.001140977838076651
v 0.05939660966396336 0.03191044554114344 -0.0016768317436799407
v 0.05828642845153813 0.03850641846656802 -0.005406562704592943
v 0.05828642845153813 0.03850641846656802 -0.005406562704592943
v 0.05939660966396336 0.03191044554114344 -0.0016768317436799407
v 0.05828642845153813 0.033831071108579656 -0.008135441690683365
v 0.05828642845153813 0.03850641846656802 -0.005406562704592943
v 0.05828642845153813 0.033831071108579656 -0.008135441690683365
v 0.05656765401363376 0.04096387699246409 -0.011976692825555801
v 0.05656765401363376 0.04096387699246409 -0.011976692825555801
v 0.05828642845153813 0.033831071108579656 -0.008135441690683365
v 0.05656765401363376 0.03575835004448893 -0.014616373926401138
v 0.05656765401363376 0.04096387699246409 -0.011976692825555801
v 0.05656765401363376 0.03575835004448893 -0.014616373926401138
v 0.054219275712966954 0.043389413505792646 -0.01846129074692726
v 0.059999998658895534 0.012499999254941949 -4.0531160649948106e-09
v 0.05994019284844403 0.015660807490348826 0.003257658099755645
v 0.059999998658895534 0.012499999254941949 -4.0531160649948106e-09
v 0.05939660966396336 0.01592485234141351 -0.008023682981729507
v 0.05994019284844403 0.015660807490348826 0.003257658099755645
v 0.05939660966396336 0.01592485234141351 -0.008023682981729507
v 0.05994019284844403 0.01781763695180417 0.004370297770947218
v 0.05994019284844403 0.01781763695180417 0.004370297770947218
v 0.05939660966396336 0.01592485234141351 -0.008023682981729507
v 0.05939660966396336 0.018523249775171294 -0.007106755394488573
v 0.05994019284844403 0.01781763695180417 0.004370297770947218
v 0.05939660966396336 0.018523249775171294 -0.007106755394488573
v 0.05939660966396336 0.02315234020352365 -0.005351279396563768
v 0.05939660966396336 0.02315234020352365 -0.005351279396563768
v 0.05939660966396336 0.018523249775171294 -0.007106755394488573
v 0.05828642845153813 0.024030569940805453 -0.011448148638010025
v 0.05939660966396336 0.02315234020352365 -0.005351279396563768
v 0.05828642845153813 0.024030569940805453 -0.011448148638010025
v 0.05828642845153813 0.02910730242729189 -0.009911272674798965
v 0.05828642845153813 0.02910730242729189 -0.009911272674798965
v 0.05828642845153813 0.024030569940805453 -0.011448148638010025
v 0.05656765401363376 0.03051719442009928 -0.016223136335611343
v 0.05828642845153813 0.02910730242729189 -0.009911272674798965
v 0.05656765401363376 0.03051719442009928 -0.016223136335611343
v 0.05656765401363376 0.03575835004448893 -0.014616373926401138
v 0.05656765401363376 0.03575835004448893 -0.014616373926401138
v 0.05656765401363376 0.03051719442009928 -0.016223136335611343
v 0.054219275712966954 0.03766057267785075 -0.02101299539208412
v 0.05656765401363376 0.03575835004448893 -0.014616373926401138
v 0.054219275712966954 0.03766057267785075 -0.02101299539208412
v 0.054219275712966954 0.043389413505792646 -0.01846129074692726
v 0.054219275712966954 0.043389413505792646 -0.01846129074692726
v 0.054219275712966954 0.03766057267785075 -0.02101299539208412
v 0.05124292895197872 0.04574036598205569 -0.0247463621199131
v 0.054219275712966954 0.043389413505792646 -0.01846129074692726
v 0.05124292895197872 0.04574036598205569 -0.0247463621199131
v 0.05124292895197872 0.051758054643869435 -0.020981017500162125
v 0.05124292895197872 0.051758054643869435 -0.020981017500162125
v 0.05124292895197872 0.04574036598205569 -0.0247463621199131
v 0.04765824973583225 0.054470486938953434 -0.02694997563958168
v 0.05124292895197872 0.051758054643869435 -0.020981017500162125
v 0.04765824973583225 0.054470486938953434 -0.02694997563958168
v 0.04765824973583225 0.060347776859998745 -0.02186325564980507
v 0.04765824973583225 0.060347776859998745 -0.02186325564980507
v 0.04765824973583225 0.054470486938953434 -0.02694997563958168
v 0.0435101427137852 0.0632903948426247 -0.027333948761224747
v 0.04765824973583225 0.060347776859998745 -0.02186325564980507
v 0.0435101427137852 0.0632903948426247 -0.027333948761224747
v 0.0435101427137852 0.06856061518192295 -0.020999912172555923
v 0.0435101427137852 0.06856061518192295 -0.020999912172555923
v 0.0435101427137852 0.0632903948426247 -0.027333948761224747
v 0.03886068984866145 0.07156907767057423 -0.02582705393433571
v -0.0336328372359276 0.0015883793821558367 0.08633371442556381
v -0.0336328372359276 0.006296610925346617 0.07887565344572067
v -0.028229752555489557 -0.001038732938468457 0.08964639157056808
v -0.028229752555489557 -0.001038732938468457 0.08964639157056808
v -0.0336328372359276 0.006296610925346617 0.07887565344572067
v -0.028229752555489557 0.004070580471307042 0.08244770020246506
v -0.028229752555489557 -0.001038732938468457 0.08964639157056808
v -0.028229752555489557 0.004070580471307042 0.08244770020246506
v -0.022604495286941542 -0.0031652320176363013 0.09232800453901291
v -0.022604495286941542 -0.0031652320176363013 0.09232800453901291
v -0.028229752555489557 0.004070580471307042 0.08244770020246506
v -0.022604495286941542 0.0022688845638185753 0.0853390321135521
v -0.022604495286941542 -0.0031652320176363013 0.09232800453901291
v -0.022604495286941542 0.0022688845638185753 0.0853390321135521
v -0.016859784722328196 -0.00478097423911095 0.09436573833227158
v -0.016859784722328196 -0.00478097423911095 0.09436573833227158
v -0.022604495286941542 0.0022688845638185753 0.0853390321135521
v -0.016859784722328196 0.0009001087164506323 0.08753588050603867
v -0.016859784722328196 -0.00478097423911095 0.09436573833227158
v -0.016859784722328196 0.0009001087164506323 0.08753588050603867
v -0.011092000640928752 -0.00589707819744945 0.09577357023954391
v -0.011092000640928752 -0.00589707819744945 0.09577357023954391
v -0.016859784722328196 0.0009001087164506323 0.08753588050603867
v -0.011092000640928752 -4.5182554458733675e-05 0.08905332535505295
v -0.011092000640928752 -0.00589707819744945 0.09577357023954391
v -0.011092000640928752 -4.5182554458733675e-05 0.08905332535505295
v -0.005397376604378227 -0.006534893997013573 0.0965784415602684
v -0.005397376604378227 -0.006534893997013573 0.0965784415602684
v -0.011092000640928752 -4.5182554458733675e-05 0.08905332535505295
v -0.005397376604378227 -0.0005850966554135088 0.08992045372724533
v -0.005397376604378227 -0.006534893997013573 0.0965784415602684
v -0.005397376604378227 -0.0005850966554135088 0.08992045372724533
v 0.00016779782890807848 -0.006730095483362679 0.09682532399892807
v 0.00016779782890807848 -0.006730095483362679 0.09682532399892807
v -0.005397376604378227 -0.0005850966554135088 0.08992045372724533
v 0.00016779782890807848 -0.0007498768391087657 0.0901857241988182
v 0.00016779782890807848 -0.006730095483362679 0.09682532399892807
v 0.00016779782890807848 -0.0007498768391087657 0.0901857241988182
v 0.005738519132137302 -0.0065078241750598 0.09654589742422104
v 0.005738519132137302 -0.0065078241750598 0.09654589742422104
v 0.00016779782890807848 -0.0007498768391087657 0.0901857241988182
v 0.005738519132137302 -0.0005608161445707086 0.08988334983587265
v 0.005738519132137302 -0.0065078241750598 0.09654589742422104
v 0.005738519132137302 -0.0005608161445707086 0.08988334983587265
v 0.011440484784543521 -0.00584051059558988 0.09570544213056564
v 0.011440484784543521 -0.00584051059558988 0.09570544213056564
v 0.005738519132137302 -0.0005608161445707086 0.08988334983587265
v 0.011440484784543521 5.467889877763813e-06 0.08897580951452255
v 0.011440484784543521 -0.00584051059558988 0.09570544213056564
v 0.011440484784543521 5.467889877763813e-06 0.08897580951452255
v 0.017209554091095935 -0.004693220369517807 0.09425991028547287
v 0.017209554091095935 -0.004693220369517807 0.09425991028547287
v 0.011440484784543521 5.467889877763813e-06 0.08897580951452255
v 0.017209554091095935 0.0009785770671442158 0.08741562813520432
v 0.017209554091095935 -0.004693220369517807 0.09425991028547287
v 0.017209554091095935 0.0009785770671442158 0.08741562813520432
v 0.02294983156025411 -0.0030452178325504086 0.09218313544988632
v 0.02294983156025411 -0.0030452178325504086 0.09218313544988632
v 0.017209554091095935 0.0009785770671442158 0.08741562813520432
v 0.02294983156025411 0.002376075135543944 0.08517461270093918
v 0.02294983156025411 -0.0030452178325504086 0.09218313544988632
v 0.02294983156025411 0.002376075135543944 0.08517461270093918
v 0.028564581647515314 -0.0008865924319252377 0.08946260064840317
v 0.028564581647515314 -0.0008865924319252377 0.08946260064840317
v 0.02294983156025411 0.002376075135543944 0.08517461270093918
v 0.028564581647515314 0.004206349607557061 0.0822392925620079
v 0.028564581647515314 -0.0008865924319252377 0.08946260064840317
v 0.028564581647515314 0.004206349607557061 0.0822392925620079
v 0.03395087271928789 0.0017716969596222054 0.0861121341586113
v 0.03395087271928789 0.0017716969596222054 0.0861121341586113
v 0.028564581647515314 0.004206349607557061 0.0822392925620079
v 0.03395087271928789 0.006460100878030066 0.07862456887960434
v 0.03395087271928789 0.0017716969596222054 0.0861121341586113
v 0.03395087271928789 0.006460100878030066 0.07862456887960434
v 0.039008203893899945 0.0071860835887491755 0.0782988891005516
v 0.039008203893899945 0.0071860835887491755 0.0782988891005516
v 0.03395087271928789 0.006460100878030066 0.07862456887960434
v 0.039008203893899945 0.009116824716329582 0.07436328381299973
v 0.039008203893899945 0.0071860835887491755 0.0782988891005516
v 0.039008203893899945 0.009116824716329582 0.07436328381299973
v 0.04364354535937312 0.0105062359943986 0.07361745089292526
v 0.04364354535937312 0.0105062359943986 0.07361745089292526
v 0.039008203893899945 0.009116824716329582 0.07436328381299973
v 0.04364354535937312 0.012137788347899922 0.0695176050066948
v 0.04364354535937312 0.0105062359943986 0.07361745089292526
v 0.04364354535937312 0.012137788347899922 0.0695176050066948
v 0.04777545109391216 0.014173552393913278 0.06844630092382431
v 0.04777545109391216 0.014173552393913278 0.06844630092382431
v 0.04364354535937312 0.012137788347899922 0.0695176050066948
v 0.04777545109391216 0.01547461561858655 0.0641651377081871
v 0.04777545109391216 0.014173552393913278 0.06844630092382431
v 0.04777545109391216 0.01547461561858655 0.0641651377081871
v 0.05134218186140064 0.018120212480425845 0.06288107484579086
v 0.05134218186140064 0.018120212480425845 0.06288107484579086
v 0.04777545109391216 0.01547461561858655 0.0641651377081871
v 0.05134218186140064 0.01906559802591802 0.05840479955077171
v 0.05134218186140064 0.018120212480425845 0.06288107484579086
v 0.05134218186140064 0.01906559802591802 0.05840479955077171
v 0.05429974943399433 0.02227357774972917 0.05702420696616173
v 0.05429974943399433 0.02227357774972917 0.05702420696616173
v 0.05134218186140064 0.01906559802591802 0.05840479955077171
v 0.05429974943399433 0.02284464612603189 0.05234267935156822
v 0.05429974943399433 0.02227357774972917 0.05702420696616173
v 0.05429974943399433 0.02284464612603189 0.05234267935156822
v 0.056628901511430775 0.026556020602583903 0.05098515376448631
v 0.056628901511430775 0.026556020602583903 0.05098515376448631
v 0.05429974943399433 0.02284464612603189 0.05234267935156822
v 0.056628901511430775 0.026741124689579027 0.04609205946326256
v 0.056628901511430775 0.026556020602583903 0.05098515376448631
v 0.056628901511430775 0.026741124689579027 0.04609205946326256
v 0.058328893035650295 0.030892454087734243 0.04486986622214317
v 0.058328893035650295 0.030892454087734243 0.04486986622214317
v 0.056628901511430775 0.026741124689579027 0.04609205946326256
v 0.058328893035650295 0.030686717480421087 0.039762552827596664
v 0.058328893035650295 0.030892454087734243 0.04486986622214317
v 0.058328893035650295 0.030686717480421087 0.039762552827596664
v 0.05994019284844403 0.039442185312509564 0.03281253203749657
v 0.05994019284844403 0.039442185312509564 0.03281253203749657
v 0.058328893035650295 0.030686717480421087 0.039762552827596664
v 0.05994019284844403 0.03846583515405658 0.02728300914168358
v 0.05994019284844403 0.039442185312509564 0.03281253203749657
v 0.05994019284844403 0.03846583515405658 0.02728300914168358
v 0.05939660966396336 0.047844413667917286 0.020962771028280258
v 0.05939660966396336 0.047844413667917286 0.020962771028280258
v 0.05994019284844403 0.03846583515405658 0.02728300914168358
v 0.05939660966396336 0.04611071571707728 0.015018459409475327
v 0.05939660966396336 0.047844413667917286 0.020962771028280258
v 0.05939660966396336 0.04611071571707728 0.015018459409475327
v 0.05828642845153813 0.052164614200592076 0.014869775623083115
v 0.05828642845153813 0.052164614200592076 0.014869775623083115
v 0.05939660966396336 0.04611071571707728 0.015018459409475327
v 0.05828642845153813 0.05004149302840236 0.008712228387594223
v 0.05828642845153813 0.052164614200592076 0.014869775623083115
v 0.05828642845153813 0.05004149302840236 0.008712228387594223
v 0.05656765401363376 0.05649967491626743 0.008755680173635483
v 0.05656765401363376 0.05649967491626743 0.008755680173635483
v 0.05828642845153813 0.05004149302840236 0.008712228387594223
v 0.05656765401363376 0.05398578196763996 0.0023842414375394583
v 0.05656765401363376 0.05649967491626743 0.008755680173635483
v 0.05656765401363376 0.05398578196763996 0.0023842414375394583
v 0.054219275712966954 0.060778271406889 0.0027210970874875784
v 0.054219275712966954 0.060778271406889 0.0027210970874875784
v 0.05656765401363376 0.05398578196763996 0.0023842414375394583
v 0.054219275712966954 0.05787868052721028 -0.0038614312652498484
v 0.054219275712966954 0.060778271406889 0.0027210970874875784
v 0.054219275712966954 0.05787868052721028 -0.0038614312652498484
v 0.05124292895197872 0.06492514908313755 -0.0031278470996767282
v 0.05124292895197872 0.06492514908313755 -0.0031278470996767282
v 0.054219275712966954 0.05787868052721028 -0.0038614312652498484
v 0.05124292895197872 0.061651725322008175 -0.009914908558130264
v 0.05124292895197872 0.06492514908313755 -0.0031278470996767282
v 0.05124292895197872 0.061651725322008175 -0.009914908558130264
v 0.04765824973583225 0.06886273622512822 -0.008681748062372208
v 0.04765824973583225 0.06886273622512822 -0.008681748062372208
v 0.05124292895197872 0.061651725322008175 -0.009914908558130264
v 0.04765824973583225 0.0652343407273293 -0.015662971884012222
v 0.04765824973583225 0.06886273622512822 -0.008681748062372208
v 0.04765824973583225 0.0652343407273293 -0.015662971884012222
v 0.0435101427137852 0.072518602013588 -0.013838503509759903
v 0.0435101427137852 0.072518602013588 -0.013838503509759903
v 0.04765824973583225 0.0652343407273293 -0.015662971884012222
v 0.0435101427137852 0.06856061518192295 -0.020999912172555923
v 0.0435101427137852 0.072518602013588 -0.013838503509759903
v 0.0435101427137852 0.06856061518192295 -0.020999912172555923
v 0.03886068984866145 0.075825184583664 -0.018502715975046158
v 0.03886068984866145 0.075825184583664 -0.018502715975046158
v 0.0435101427137852 0.06856061518192295 -0.020999912172555923
v 0.03886068984866145 0.07156907767057423 -0.02582705393433571
v 0.03886068984866145 0.075825184583664 -0.018502715975046158
v 0.03886068984866145 0.07156907767057423 -0.02582705393433571
v 0.033792003989219686 0.07872985303401953 -0.022600207477808
v 0.033792003989219686 0.07872985303401953 -0.022600207477808
v 0.03886068984866145 0.07156907767057423 -0.02582705393433571
v 0.033792003989219686 0.0742118507623673 -0.030067626386880875
v 0.033792003989219686 0.07872985303401953 -0.022600207477808
v 0.033792003989219686 0.0742118507623673 -0.030067626386880875
v 0.028397269546985644 0.08119041472673422 -0.026071462780237198
v 0.028397269546985644 0.08119041472673422 -0.026071462780237198
v 0.033792003989219686 0.0742118507623673 -0.030067626386880875
v 0.028397269546985644 0.0764505416154862 -0.03365999832749367
v 0.028397269546985644 0.08119041472673422 -0.026071462780237198
v 0.028397269546985644 0.0764505416154862 -0.03365999832749367
v 0.02277721837162973 0.08318502455949789 -0.02888563647866249
v 0.02277721837162973 0.08318502455949789 -0.02888563647866249
v 0.028397269546985644 0.0764505416154862 -0.03365999832749367
v 0.02277721837162973 0.07826527208089834 -0.036572251468896866
v 0.02277721837162973 0.08318502455949789 -0.02888563647866249
v 0.02277721837162973 0.07826527208089834 -0.036572251468896866
v 0.017091557383537303 0.0847002193331719 -0.03102368488907814
v 0.017091557383537303 0.0847002193331719 -0.03102368488907814
v 0.02277721837162973 0.07826527208089834 -0.036572251468896866
v 0.017091557383537303 0.07964380085468298 -0.03878471627831459
v 0.017091557383537303 0.0847002193331719 -0.03102368488907814
v 0.017091557383537303 0.07964380085468298 -0.03878471627831459
v 0.011821994557976731 0.0857211202383042 -0.03246456757187843
v 0.011821994557976731 0.0857211202383042 -0.03246456757187843
v 0.017091557383537303 0.07964380085468298 -0.03878471627831459
v 0.011821994557976731 0.0805725976824761 -0.040275637060403824
v 0.011821994557976731 0.0857211202383042 -0.03246456757187843
v 0.011821994557976731 0.0805725976824761 -0.040275637060403824
v 0.0073463190346956305 0.08626189082860952 -0.033228132873773575
v -0.05144087597727779 0.03564912825822832 0.12494467943906784
v -0.05144087597727779 0.03292963653802874 0.1409221887588501
v -0.04789213836193088 0.04091665521264079 0.12369140237569809
v -0.04789213836193088 0.04091665521264079 0.12369140237569809
v -0.05144087597727779 0.03292963653802874 0.1409221887588501
v -0.04789213836193088 0.03819264471530917 0.14009994268417358
v -0.04789213836193088 0.04091665521264079 0.12369140237569809
v -0.04789213836193088 0.03819264471530917 0.14009994268417358
v -0.043776482343673734 0.0458144545555115 0.12252592295408249
v -0.043776482343673734 0.0458144545555115 0.12252592295408249
v -0.04789213836193088 0.03819264471530917 0.14009994268417358
v -0.043776482343673734 0.043086223304271726 0.13933533430099487
v -0.043776482343673734 0.0458144545555115 0.12252592295408249
v -0.043776482343673734 0.043086223304271726 0.13933533430099487
v -0.0391553342342377 0.05025190487504009 0.12146978825330734
v -0.0391553342342377 0.05025190487504009 0.12146978825330734
v -0.043776482343673734 0.043086223304271726 0.13933533430099487
v -0.0391553342342377 0.0475198328495026 0.13864246010780334
v -0.0391553342342377 0.05025190487504009 0.12146978825330734
v -0.0391553342342377 0.0475198328495026 0.13864246010780334
v -0.034109439700841925 0.054157510399818455 0.12054001539945602
v -0.034109439700841925 0.054157510399818455 0.12054001539945602
v -0.0391553342342377 0.0475198328495026 0.13864246010780334
v -0.034109439700841925 0.05142203718423847 0.13803249597549438
v -0.034109439700841925 0.054157510399818455 0.12054001539945602
v -0.034109439700841925 0.05142203718423847 0.13803249597549438
v -0.028731683269143125 0.057474154978990596 0.11975022405385971
v -0.028731683269143125 0.057474154978990596 0.11975022405385971
v -0.034109439700841925 0.05142203718423847 0.13803249597549438
v -0.028731683269143125 0.054735772311687504 0.1375144124031067
v -0.028731683269143125 0.057474154978990596 0.11975022405385971
v -0.028731683269143125 0.054735772311687504 0.1375144124031067
v -0.02312232926487924 0.06017100065946583 0.11910774558782578
v -0.02312232926487924 0.06017100065946583 0.11910774558782578
v -0.028731683269143125 0.054735772311687504 0.1375144124031067
v -0.02312232926487924 0.057430226355791134 0.1370929777622223
v -0.02312232926487924 0.06017100065946583 0.11910774558782578
v -0.02312232926487924 0.057430226355791134 0.1370929777622223
v -0.017384400591254245 0.06223401799798016 0.11861594766378403
v -0.017384400591254245 0.06223401799798016 0.11861594766378403
v -0.02312232926487924 0.057430226355791134 0.1370929777622223
v -0.017384400591254245 0.05949138477444653 0.13677039742469788
v -0.017384400591254245 0.06223401799798016 0.11861594766378403
v -0.017384400591254245 0.05949138477444653 0.13677039742469788
v -0.011614818125963218 0.0636747777462006 0.11827211827039719
v -0.011614818125963218 0.0636747777462006 0.11827211827039719
v -0.017384400591254245 0.05949138477444653 0.13677039742469788
v -0.011614818125963218 0.060930807143449825 0.13654488325119019
v -0.011614818125963218 0.0636747777462006 0.11827211827039719
v -0.011614818125963218 0.060930807143449825 0.13654488325119019
v -0.003546169260516765 0.06480933725833897 0.1180005595088005
v -0.003546169260516765 0.06480933725833897 0.1180005595088005
v -0.011614818125963218 0.060930807143449825 0.13654488325119019
v -0.003546169260516765 0.062064241617918056 0.13636687397956848
v -0.003546169260516765 0.06480933725833897 0.1180005595088005
v -0.003546169260516765 0.062064241617918056 0.13636687397956848
v 0.00299041345715523 0.06470412015914921 0.11802416294813156
v 0.00299041345715523 0.06470412015914921 0.11802416294813156
v -0.003546169260516765 0.062064241617918056 0.13636687397956848
v 0.00299041345715523 0.061958979815244716 0.13638246059417725
v 0.00299041345715523 0.06470412015914921 0.11802416294813156
v 0.00299041345715523 0.061958979815244716 0.13638246059417725
v 0.011821994557976731 0.06369039416313176 0.11826326698064804
v 0.011821994557976731 0.06369039416313176 0.11826326698064804
v 0.00299041345715523 0.061958979815244716 0.13638246059417725
v 0.011821994557976731 0.06094593182206158 0.1365395188331604
v 0.011821994557976731 0.06369039416313176 0.11826326698064804
v 0.011821994557976731 0.06094593182206158 0.1365395188331604
v 0.017091557383537303 0.062327254563570064 0.11858626455068588
v 0.017091557383537303 0.062327254563570064 0.11858626455068588
v 0.011821994557976731 0.06094593182206158 0.1365395188331604
v 0.02277721837162973 0.05756337568163876 0.13706627488136292
v 0.017091557383537303 0.062327254563570064 0.11858626455068588
v 0.02277721837162973 0.05756337568163876 0.13706627488136292
v 0.02277721837162973 0.06030520051717762 0.11906581372022629
v 0.00299041345715523 0.09125062078237539 0.02957024797797203
v 0.00299041345715523 0.08912910521030432 0.03861099109053612
v 0.011821994557976731 0.08811520785093313 0.03925430402159691
v 0.011821994557976731 0.08811520785093313 0.03925430402159691
v 0.00299041345715523 0.08912910521030432 0.03861099109053612
v 0.011821994557976731 0.08536574989557272 0.04801946505904198
v 0.011821994557976731 0.08811520785093313 0.03925430402159691
v 0.011821994557976731 0.08536574989557272 0.04801946505904198
v 0.017091557383537303 0.08675001561641699 0.04012029990553856
v 0.017091557383537303 0.08675001561641699 0.04012029990553856
v 0.011821994557976731 0.08536574989557272 0.04801946505904198
v 0.017091557383537303 0.08399238437414175 0.04881596192717552
v 0.017091557383537303 0.08675001561641699 0.04012029990553856
v 0.017091557383537303 0.08399238437414175 0.04881596192717552
v 0.02277721837162973 0.08472432196140295 0.04140513762831688
v 0.02277721837162973 0.08472432196140295 0.04140513762831688
v 0.017091557383537303 0.08399238437414175 0.04881596192717552
v 0.02277721837162973 0.08195466548204428 0.049997683614492416
v 0.02277721837162973 0.08472432196140295 0.04140513762831688
v 0.02277721837162973 0.08195466548204428 0.049997683614492416
v 0.028397269546985644 0.08205810189247137 0.043096210807561874
v 0.028397269546985644 0.08205810189247137 0.043096210807561874
v 0.02277721837162973 0.08195466548204428 0.049997683614492416
v 0.028397269546985644 0.07927270978689199 0.05155300721526146
v 0.028397269546985644 0.08205810189247137 0.043096210807561874
v 0.028397269546985644 0.07927270978689199 0.05155300721526146
v 0.033792003989219686 0.0787693858146668 0.04518204554915428
v 0.033792003989219686 0.0787693858146668 0.04518204554915428
v 0.028397269546985644 0.07927270978689199 0.05155300721526146
v 0.033792003989219686 0.07596465945243841 0.05347138270735741
v 0.033792003989219686 0.0787693858146668 0.04518204554915428
v 0.033792003989219686 0.07596465945243841 0.05347138270735741
v 0.03886068984866145 0.0748873800039292 0.04764413461089134
v 0.03886068984866145 0.0748873800039292 0.04764413461089134
v 0.033792003989219686 0.07596465945243841 0.05347138270735741
v 0.03886068984866145 0.07205990701913838 0.055735763162374496
v 0.03886068984866145 0.0748873800039292 0.04764413461089134
v 0.03886068984866145 0.07205990701913838 0.055735763162374496
v 0.0435101427137852 0.07046848535537724 0.050446685403585434
v 0.0435101427137852 0.07046848535537724 0.050446685403585434
v 0.03886068984866145 0.07205990701913838 0.055735763162374496
v 0.0435101427137852 0.06761515885591511 0.0583132766187191
v 0.0435101427137852 0.07046848535537724 0.050446685403585434
v 0.0435101427137852 0.06761515885591511 0.0583132766187191
v 0.04765824973583225 0.06270117312669758 0.06116291508078575
v 0.02277721837162973 0.06030520051717762 0.11906581372022629
v 0.02277721837162973 0.05756337568163876 0.13706627488136292
v 0.028397269546985644 0.05764428898692135 0.11969729512929916
v 0.028397269546985644 0.05764428898692135 0.11969729512929916
v 0.02277721837162973 0.05756337568163876 0.13706627488136292
v 0.028397269546985644 0.0549045950174332 0.13748067617416382
v 0.028397269546985644 0.05764428898692135 0.11969729512929916
v 0.028397269546985644 0.0549045950174332 0.13748067617416382
v 0.033792003989219686 0.054362535476684605 0.12047644704580307
v 0.033792003989219686 0.054362535476684605 0.12047644704580307
v 0.028397269546985644 0.0549045950174332 0.13748067617416382
v 0.033792003989219686 0.05162550508975986 0.1379919946193695
v 0.033792003989219686 0.054362535476684605 0.12047644704580307
v 0.033792003989219686 0.05162550508975986 0.1379919946193695
v 0.03886068984866145 0.05048911646008495 0.12139635533094406
v 0.03886068984866145 0.05048911646008495 0.12139635533094406
v 0.033792003989219686 0.05162550508975986 0.1379919946193695
v 0.03886068984866145 0.0477552525699139 0.13859567046165466
v 0.03886068984866145 0.05048911646008495 0.12139635533094406
v 0.03886068984866145 0.0477552525699139 0.13859567046165466
v 0.0435101427137852 0.04608030244708064 0.12244366854429245
v 0.0435101427137852 0.04608030244708064 0.12244366854429245
v 0.03886068984866145 0.0477552525699139 0.13859567046165466
v 0.0435101427137852 0.04335006698966029 0.13928291201591492
v 0.0435101427137852 0.04608030244708064 0.12244366854429245
v 0.0435101427137852 0.04335006698966029 0.13928291201591492
v 0.04765824973583225 0.04120625555515292 0.12360169738531113
v 0.04765824973583225 0.04120625555515292 0.12360169738531113
v 0.0435101427137852 0.04335006698966029 0.13928291201591492
v 0.04765824973583225 0.038480054587125806 0.14004278182983398
v 0.04765824973583225 0.04120625555515292 0.12360169738531113
v 0.04765824973583225 0.038480054587125806 0.14004278182983398
v 0.05124292895197872 0.03595706820487978 0.12484907358884811
v 0.05124292895197872 0.03595706820487978 0.12484907358884811
v 0.04765824973583225 0.038480054587125806 0.14004278182983398
v 0.05124292895197872 0.03323522582650187 0.14086127281188965
v 0.05124292895197872 0.03595706820487978 0.12484907358884811
v 0.05124292895197872 0.03323522582650187 0.14086127281188965
v 0.054219275712966954 0.030429277569055578 0.1261627972126007
v 0.054219275712966954 0.030429277569055578 0.1261627972126007
v 0.05124292895197872 0.03323522582650187 0.14086127281188965
v 0.054219275712966954 0.02771203964948656 0.14172327518463135
v 0.054219275712966954 0.030429277569055578 0.1261627972126007
v 0.054219275712966954 0.02771203964948656 0.14172327518463135
v 0.05656765401363376 0.024726271629333513 0.12751835584640503
v 0.05656765401363376 0.024726271629333513 0.12751835584640503
v 0.054219275712966954 0.02771203964948656 0.14172327518463135
v 0.05656765401363376 0.022013800218701376 0.14261272549629211
v 0.05656765401363376 0.024726271629333513 0.12751835584640503
v 0.05656765401363376 0.022013800218701376 0.14261272549629211
v 0.05828642845153813 0.01894832588732244 0.12889185547828674
v 0.05828642845153813 0.01894832588732244 0.12889185547828674
v 0.05656765401363376 0.022013800218701376 0.14261272549629211
v 0.05828642845153813 0.016240699216723452 0.14351391792297363
v 0.05828642845153813 0.01894832588732244 0.12889185547828674
v 0.05828642845153813 0.016240699216723452 0.14351391792297363
v 0.05939660966396336 0.013190492056310186 0.1302606761455536
v 0.05939660966396336 0.013190492056310186 0.1302606761455536
v 0.05828642845153813 0.016240699216723452 0.14351391792297363
v 0.05939660966396336 0.010487703606486327 0.1444120705127716
v 0.05939660966396336 0.013190492056310186 0.1302606761455536
v 0.05939660966396336 0.010487703606486327 0.1444120705127716
v 0.05994019284844403 0.001993054756894709 0.13292306661605835
v 0.05994019284844403 0.001993054756894709 0.13292306661605835
v 0.05939660966396336 0.010487703606486327 0.1444120705127716
v 0.05994019284844403 -0.0007002896163612608 0.14615890383720398
v 0.05994019284844403 0.001993054756894709 0.13292306661605835
v 0.05994019284844403 -0.0007002896163612608 0.14615890383720398
v 0.058328893035650295 -0.009399865753948695 0.13563242554664612
v 0.058328893035650295 -0.009399865753948695 0.13563242554664612
v 0.05994019284844403 -0.0007002896163612608 0.14615890383720398
v 0.058328893035650295 -0.012083558365702638 0.14793652296066284
v 0.058328893035650295 -0.009399865753948695 0.13563242554664612
v 0.058328893035650295 -0.012083558365702638 0.14793652296066284
v 0.056628901511430775 -0.015177927911281596 0.1370067000389099
v 0.056628901511430775 -0.015177927911281596 0.1370067000389099
v 0.058328893035650295 -0.012083558365702638 0.14793652296066284
v 0.056628901511430775 -0.01785670593380929 0.14883819222450256
v 0.056628901511430775 -0.015177927911281596 0.1370067000389099
v 0.056628901511430775 -0.01785670593380929 0.14883819222450256
v 0.05429974943399433 -0.02088372409343721 0.13836392760276794
v 0.05429974943399433 -0.02088372409343721 0.13836392760276794
v 0.056628901511430775 -0.01785670593380929 0.14883819222450256
v 0.05429974943399433 -0.023557636886835116 0.14972862601280212
v 0.05429974943399433 -0.02088372409343721 0.13836392760276794
v 0.05429974943399433 -0.023557636886835116 0.14972862601280212
v 0.05134218186140064 -0.02641719207167627 0.13968029618263245
v 0.05134218186140064 -0.02641719207167627 0.13968029618263245
v 0.05429974943399433 -0.023557636886835116 0.14972862601280212
v 0.05134218186140064 -0.029086371883749983 0.15059229731559753
v 0.05134218186140064 -0.02641719207167627 0.13968029618263245
v 0.05134218186140064 -0.029086371883749983 0.15059229731559753
v 0.04777545109391216 -0.031674887984991094 0.14093124866485596
v 0.04777545109391216 -0.031674887984991094 0.14093124866485596
v 0.05134218186140064 -0.029086371883749983 0.15059229731559753
v 0.04777545109391216 -0.034339558333158514 0.1514129936695099
v 0.04777545109391216 -0.031674887984991094 0.14093124866485596
v 0.04777545109391216 -0.034339558333158514 0.1514129936695099
v 0.04364354535937312 -0.036560039967298535 0.1420937180519104
v 0.04364354535937312 -0.036560039967298535 0.1420937180519104
v 0.04777545109391216 -0.034339558333158514 0.1514129936695099
v 0.04364354535937312 -0.03922050073742869 0.152175635099411
v 0.04364354535937312 -0.036560039967298535 0.1420937180519104
v 0.04364354535937312 -0.03922050073742869 0.152175635099411
v 0.039008203893899945 -0.04098229482769969 0.14314624667167664
v 0.039008203893899945 -0.04098229482769969 0.14314624667167664
v 0.04364354535937312 -0.03922050073742869 0.152175635099411
v 0.039008203893899945 -0.04363892599940303 0.1528661549091339
v 0.039008203893899945 -0.04098229482769969 0.14314624667167664
v 0.039008203893899945 -0.04363892599940303 0.1528661549091339
v 0.03395087271928789 -0.0448708385229111 0.14407196640968323
v 0.03395087271928789 -0.0448708385229111 0.14407196640968323
v 0.039008203893899945 -0.04363892599940303 0.1528661549091339
v 0.03395087271928789 -0.04752408340573314 0.15347343683242798
v 0.03395087271928789 -0.0448708385229111 0.14407196640968323
v 0.03395087271928789 -0.04752408340573314 0.15347343683242798
v 0.028564581647515314 -0.048168994486331974 0.14485737681388855
v 0.028564581647515314 -0.048168994486331974 0.14485737681388855
v 0.03395087271928789 -0.04752408340573314 0.15347343683242798
v 0.028564581647515314 -0.05081934109330181 0.15398865938186646
v 0.028564581647515314 -0.048168994486331974 0.14485737681388855
v 0.028564581647515314 -0.05081934109330181 0.15398865938186646
v 0.02294983156025411 -0.05084677785634998 0.14549532532691956
v 0.02294983156025411 -0.05084677785634998 0.14549532532691956
v 0.028564581647515314 -0.05081934109330181 0.15398865938186646
v 0.02294983156025411 -0.05349475145339969 0.15440711379051208
v 0.02294983156025411 -0.05084677785634998 0.14549532532691956
v 0.02294983156025411 -0.05349475145339969 0.15440711379051208
v 0.017209554091095935 -0.05289062485098842 0.145982563495636
v 0.017209554091095935 -0.05289062485098842 0.145982563495636
v 0.02294983156025411 -0.05349475145339969 0.15440711379051208
v 0.017209554091095935 -0.055536758154630696 0.15472671389579773
v 0.017209554091095935 -0.05289062485098842 0.145982563495636
v 0.017209554091095935 -0.055536758154630696 0.15472671389579773
v 0.011440484784543521 -0.05431287363171581 0.14632198214530945
v 0.011440484784543521 -0.05431287363171581 0.14632198214530945
v 0.017209554091095935 -0.055536758154630696 0.15472671389579773
v 0.011440484784543521 -0.05695768445730213 0.15494930744171143
v 0.011440484784543521 -0.05431287363171581 0.14632198214530945
v 0.011440484784543521 -0.05695768445730213 0.15494930744171143
v 0.005738519132137302 -0.0551392957568169 0.1465197503566742
v 0.005738519132137302 -0.0551392957568169 0.1465197503566742
v 0.011440484784543521 -0.05695768445730213 0.15494930744171143
v 0.005738519132137302 -0.05778329446911816 0.1550789773464203
v 0.005738519132137302 -0.0551392957568169 0.1465197503566742
v 0.005738519132137302 -0.05778329446911816 0.1550789773464203
v -0.005397376604378227 -0.05516901612281803 0.14652922749519348
v -0.005397376604378227 -0.05516901612281803 0.14652922749519348
v 0.005738519132137302 -0.05778329446911816 0.1550789773464203
v 0.00016779782890807848 -0.05805693566799168 0.15512239933013916
v -0.005397376604378227 -0.05516901612281803 0.14652922749519348
v 0.00016779782890807848 -0.05805693566799168 0.15512239933013916
v -0.005397376604378227 -0.057812761515378994 0.1550849974155426
v -0.05437964573502544 0.025826640427112597 0.1574016511440277
v -0.05437964573502544 0.027394158765673655 0.14178690314292908
v -0.05668956786394123 0.02012654393911363 0.15782636404037476
v -0.05668956786394123 0.02012654393911363 0.15782636404037476
v -0.05437964573502544 0.027394158765673655 0.14178690314292908
v -0.05668956786394123 0.021689612418413176 0.142677903175354
v -0.05668956786394123 0.02012654393911363 0.15782636404037476
v -0.05668956786394123 0.021689612418413176 0.142677903175354
v -0.05837079882621769 0.014357108622789393 0.15825623273849487
v -0.05837079882621769 0.014357108622789393 0.15825623273849487
v -0.05668956786394123 0.021689612418413176 0.142677903175354
v -0.05837079882621769 0.015915758907794963 0.1435796618461609
v -0.05837079882621769 0.014357108622789393 0.15825623273849487
v -0.05837079882621769 0.015915758907794963 0.1435796618461609
v -0.059444963932037395 0.008613219484686857 0.15868422389030457
v -0.059444963932037395 0.008613219484686857 0.15868422389030457
v -0.05837079882621769 0.015915758907794963 0.1435796618461609
v -0.059444963932037395 0.010167550295591361 0.14447733759880066
v -0.059444963932037395 0.008613219484686857 0.15868422389030457
v -0.059444963932037395 0.010167550295591361 0.14447733759880066
v -0.05992415919899945 -0.002557913307100536 0.1595165729522705
v -0.05992415919899945 -0.002557913307100536 0.1595165729522705
v -0.059444963932037395 0.010167550295591361 0.14447733759880066
v -0.05992415919899945 -0.0010117718484252698 0.14622297883033752
v -0.05992415919899945 -0.002557913307100536 0.1595165729522705
v -0.05992415919899945 -0.0010117718484252698 0.14622297883033752
v -0.05824340507388119 -0.013946632854640493 0.16036510467529297
v -0.05824340507388119 -0.013946632854640493 0.16036510467529297
v -0.05992415919899945 -0.0010117718484252698 0.14622297883033752
v -0.05824340507388119 -0.012408554553985604 0.1480022668838501
v -0.05824340507388119 -0.013946632854640493 0.16036510467529297
v -0.05824340507388119 -0.012408554553985604 0.1480022668838501
v -0.05650582909584049 -0.01971489749848844 0.16079488396644592
v -0.05650582909584049 -0.01971489749848844 0.16079488396644592
v -0.05824340507388119 -0.012408554553985604 0.1480022668838501
v -0.05650582909584049 -0.018180787563323985 0.14890334010124207
v -0.05650582909584049 -0.01971489749848844 0.16079488396644592
v -0.05650582909584049 -0.018180787563323985 0.14890334010124207
v -0.05413822457194332 -0.02540551684796812 0.16121888160705566
v -0.05413822457194332 -0.02540551684796812 0.16121888160705566
v -0.05650582909584049 -0.018180787563323985 0.14890334010124207
v -0.05413822457194332 -0.023875234648585337 0.14979219436645508
v -0.05413822457194332 -0.02540551684796812 0.16121888160705566
v -0.05413822457194332 -0.023875234648585337 0.14979219436645508
v -0.05114311352372173 -0.03091815672814848 0.16162961721420288
v -0.05114311352372173 -0.03091815672814848 0.16162961721420288
v -0.05413822457194332 -0.023875234648585337 0.14979219436645508
v -0.05114311352372173 -0.029391491785645506 0.15065312385559082
v -0.05114311352372173 -0.03091815672814848 0.16162961721420288
v -0.05114311352372173 -0.029391491785645506 0.15065312385559082
v -0.047540526837110554 -0.03614966571331026 0.16201940178871155
v -0.047540526837110554 -0.03614966571331026 0.16201940178871155
v -0.05114311352372173 -0.029391491785645506 0.15065312385559082
v -0.047540526837110554 -0.03462633118033411 0.15147003531455994
v -0.047540526837110554 -0.03614966571331026 0.16201940178871155
v -0.047540526837110554 -0.03462633118033411 0.15147003531455994
v -0.04337627440690997 -0.04100389406085017 0.16238105297088623
v -0.04337627440690997 -0.04100389406085017 0.16238105297088623
v -0.047540526837110554 -0.03462633118033411 0.15147003531455994
v -0.04337627440690997 -0.03948354348540309 0.15222790837287903
v -0.04337627440690997 -0.04100389406085017 0.16238105297088623
v -0.04337627440690997 -0.03948354348540309 0.15222790837287903
v -0.038712788373231916 -0.04539119452238086 0.16270792484283447
v -0.038712788373231916 -0.04539119452238086 0.16270792484283447
v -0.04337627440690997 -0.03948354348540309 0.15222790837287903
v -0.038712788373231916 -0.04387342557311061 0.15291276574134827
v -0.038712788373231916 -0.04539119452238086 0.16270792484283447
v -0.038712788373231916 -0.04387342557311061 0.15291276574134827
v -0.0336328372359276 -0.04924216493964199 0.16299483180046082
v -0.0336328372359276 -0.04924216493964199 0.16299483180046082
v -0.038712788373231916 -0.04387342557311061 0.15291276574134827
v -0.0336328372359276 -0.04772653058171276 0.15351372957229614
v -0.0336328372359276 -0.04924216493964199 0.16299483180046082
v -0.0336328372359276 -0.04772653058171276 0.15351372957229614
v -0.028229752555489557 -0.05250107496976856 0.16323763132095337
v -0.028229752555489557 -0.05250107496976856 0.16323763132095337
v -0.0336328372359276 -0.04772653058171276 0.15351372957229614
v -0.028229752555489557 -0.050987098366022145 0.15402215719223022
v -0.028229752555489557 -0.05250107496976856 0.16323763132095337
v -0.028229752555489557 -0.050987098366022145 0.15402215719223022
v -0.022604495286941542 -0.05513960123062137 0.1634342074394226
v -0.022604495286941542 -0.05513960123062137 0.1634342074394226
v -0.028229752555489557 -0.050987098366022145 0.15402215719223022
v -0.022604495286941542 -0.05362680554389957 0.15443360805511475
v -0.022604495286941542 -0.05513960123062137 0.1634342074394226
v -0.022604495286941542 -0.05362680554389957 0.15443360805511475
v -0.016859784722328196 -0.05714512616395954 0.16358360648155212
v -0.016859784722328196 -0.05714512616395954 0.16358360648155212
v -0.022604495286941542 -0.05362680554389957 0.15443360805511475
v -0.016859784722328196 -0.055633034557104145 0.15474611520767212
v -0.016859784722328196 -0.05714512616395954 0.16358360648155212
v -0.016859784722328196 -0.055633034557104145 0.15474611520767212
v -0.011092000640928752 -0.058531377464532894 0.1636868715286255
v -0.011092000640928752 -0.058531377464532894 0.1636868715286255
v -0.016859784722328196 -0.055633034557104145 0.15474611520767212
v -0.011092000640928752 -0.05701953545212749 0.15496188402175903
v -0.011092000640928752 -0.058531377464532894 0.1636868715286255
v -0.011092000640928752 -0.05701953545212749 0.15496188402175903
v -0.005397376604378227 -0.05932477116584782 0.1637459695339203
v -0.005397376604378227 -0.05932477116584782 0.1637459695339203
v -0.011092000640928752 -0.05701953545212749 0.15496188402175903
v -0.005397376604378227 -0.057812761515378994 0.1550849974155426
v -0.005397376604378227 -0.05932477116584782 0.1637459695339203
v -0.005397376604378227 -0.057812761515378994 0.1550849974155426
v 0.00016779782890807848 -0.05956950038671498 0.16376417875289917
v 0.00016779782890807848 -0.05956950038671498 0.16376417875289917
v -0.005397376604378227 -0.057812761515378994 0.1550849974155426
v 0.00016779782890807848 -0.05805693566799168 0.15512239933013916
v 0.00016779782890807848 -0.05956950038671498 0.16376417875289917
v 0.00016779782890807848 -0.05805693566799168 0.15512239933013916
v 0.005738519132137302 -0.05929679051041607 0.16374385356903076
v 0.005738519132137302 -0.05929679051041607 0.16374385356903076
v 0.00016779782890807848 -0.05805693566799168 0.15512239933013916
v 0.005738519132137302 -0.05778329446911816 0.1550789773464203
v 0.005738519132137302 -0.05929679051041607 0.16374385356903076
v 0.005738519132137302 -0.05778329446911816 0.1550789773464203
v 0.011440484784543521 -0.05847252905368809 0.16368243098258972
v 0.011440484784543521 -0.05847252905368809 0.16368243098258972
v 0.005738519132137302 -0.05778329446911816 0.1550789773464203
v 0.011440484784543521 -0.05695768445730213 0.15494930744171143
v 0.011440484784543521 -0.05847252905368809 0.16368243098258972
v 0.011440484784543521 -0.05695768445730213 0.15494930744171143
v 0.017209554091095935 -0.05705339089035991 0.1635766625404358
v 0.017209554091095935 -0.05705339089035991 0.1635766625404358
v 0.011440484784543521 -0.05695768445730213 0.15494930744171143
v 0.017209554091095935 -0.055536758154630696 0.15472671389579773
v 0.017209554091095935 -0.05705339089035991 0.1635766625404358
v 0.017209554091095935 -0.055536758154630696 0.15472671389579773
v 0.02294983156025411 -0.055013623088598286 0.16342467069625854
v 0.02294983156025411 -0.055013623088598286 0.16342467069625854
v 0.017209554091095935 -0.055536758154630696 0.15472671389579773
v 0.02294983156025411 -0.05349475145339969 0.15440711379051208
v 0.02294983156025411 -0.055013623088598286 0.16342467069625854
v 0.02294983156025411 -0.05349475145339969 0.15440711379051208
v 0.028564581647515314 -0.05234089866280559 0.16322550177574158
v 0.028564581647515314 -0.05234089866280559 0.16322550177574158
v 0.02294983156025411 -0.05349475145339969 0.15440711379051208
v 0.028564581647515314 -0.05081934109330181 0.15398865938186646
v 0.028564581647515314 -0.05234089866280559 0.16322550177574158
v 0.028564581647515314 -0.05081934109330181 0.15398865938186646
v 0.03395087271928789 -0.04904874041676525 0.16298016905784607
v 0.03395087271928789 -0.04904874041676525 0.16298016905784607
v 0.028564581647515314 -0.05081934109330181 0.15398865938186646
v 0.03395087271928789 -0.04752408340573314 0.15347343683242798
v 0.03395087271928789 -0.04904874041676525 0.16298016905784607
v 0.03395087271928789 -0.04752408340573314 0.15347343683242798
v 0.039008203893899945 -0.04516706988215449 0.1626909375190735
v 0.039008203893899945 -0.04516706988215449 0.1626909375190735
v 0.03395087271928789 -0.04752408340573314 0.15347343683242798
v 0.039008203893899945 -0.04363892599940303 0.1528661549091339
v 0.039008203893899945 -0.04516706988215449 0.1626909375190735
v 0.039008203893899945 -0.04363892599940303 0.1528661549091339
v 0.04364354535937312 -0.04075246676802638 0.1623620092868805
v 0.04364354535937312 -0.04075246676802638 0.1623620092868805
v 0.039008203893899945 -0.04363892599940303 0.1528661549091339
v 0.04364354535937312 -0.03922050073742869 0.152175635099411
v 0.04364354535937312 -0.04075246676802638 0.1623620092868805
v 0.04364354535937312 -0.03922050073742869 0.152175635099411
v 0.04777545109391216 -0.03587561473250391 0.16199862957000732
v 0.04777545109391216 -0.03587561473250391 0.16199862957000732
v 0.04364354535937312 -0.03922050073742869 0.152175635099411
v 0.04777545109391216 -0.034339558333158514 0.1514129936695099
v 0.04777545109391216 -0.03587561473250391 0.16199862957000732
v 0.04777545109391216 -0.034339558333158514 0.1514129936695099
v 0.05134218186140064 -0.03062671609222891 0.1616075038909912
v 0.05134218186140064 -0.03062671609222891 0.1616075038909912
v 0.04777545109391216 -0.034339558333158514 0.1514129936695099
v 0.05134218186140064 -0.029086371883749983 0.15059229731559753
v 0.05134218186140064 -0.03062671609222891 0.1616075038909912
v 0.05134218186140064 -0.029086371883749983 0.15059229731559753
v 0.05429974943399433 -0.025102389976382273 0.16119590401649475
v 0.05429974943399433 -0.025102389976382273 0.16119590401649475
v 0.05134218186140064 -0.029086371883749983 0.15059229731559753
v 0.05429974943399433 -0.023557636886835116 0.14972862601280212
v 0.05429974943399433 -0.025102389976382273 0.16119590401649475
v 0.05429974943399433 -0.023557636886835116 0.14972862601280212
v 0.056628901511430775 -0.019405908882617964 0.1607714593410492
v 0.056628901511430775 -0.019405908882617964 0.1607714593410492
v 0.05429974943399433 -0.023557636886835116 0.14972862601280212
v 0.056628901511430775 -0.01785670593380929 0.14883819222450256
v 0.056628901511430775 -0.019405908882617964 0.1607714593410492
v 0.056628901511430775 -0.01785670593380929 0.14883819222450256
v 0.058328893035650295 -0.013637179508805284 0.16034162044525146
v 0.058328893035650295 -0.013637179508805284 0.16034162044525146
v 0.056628901511430775 -0.01785670593380929 0.14883819222450256
v 0.058328893035650295 -0.012083558365702638 0.14793652296066284
v 0.058328893035650295 -0.013637179508805284 0.16034162044525146
v 0.058328893035650295 -0.012083558365702638 0.14793652296066284
v 0.05994019284844403 -0.0022623979020863784 0.15949410200119019
v 0.05994019284844403 -0.0022623979020863784 0.15949410200119019
v 0.058328893035650295 -0.012083558365702638 0.14793652296066284
v 0.05994019284844403 -0.0007002896163612608 0.14615890383720398
v 0.05994019284844403 -0.0022623979020863784 0.15949410200119019
v 0.05994019284844403 -0.0007002896163612608 0.14615890383720398
v 0.05939660966396336 0.008917533792555337 0.1586610972881317
v 0.05939660966396336 0.008917533792555337 0.1586610972881317
v 0.05994019284844403 -0.0007002896163612608 0.14615890383720398
v 0.05939660966396336 0.010487703606486327 0.1444120705127716
v 0.05939660966396336 0.008917533792555337 0.1586610972881317
v 0.05939660966396336 0.010487703606486327 0.1444120705127716
v 0.05828642845153813 0.014666493982076655 0.15823274850845337
v 0.05828642845153813 0.014666493982076655 0.15823274850845337
v 0.05939660966396336 0.010487703606486327 0.1444120705127716
v 0.05828642845153813 0.016240699216723452 0.14351391792297363
v 0.05828642845153813 0.014666493982076655 0.15823274850845337
v 0.05828642845153813 0.016240699216723452 0.14351391792297363
v 0.05656765401363376 0.02043562382459642 0.15780290961265564
v 0.05656765401363376 0.02043562382459642 0.15780290961265564
v 0.05828642845153813 0.016240699216723452 0.14351391792297363
v 0.05656765401363376 0.022013800218701376 0.14261272549629211
v 0.05656765401363376 0.02043562382459642 0.15780290961265564
v 0.05656765401363376 0.022013800218701376 0.14261272549629211
v 0.054219275712966954 0.026130029931664484 0.1573786437511444
v 0.054219275712966954 0.026130029931664484 0.1573786437511444
v 0.05656765401363376 0.022013800218701376 0.14261272549629211
v 0.054219275712966954 0.02771203964948656 0.14172327518463135
v 0.054219275712966954 0.026130029931664484 0.1573786437511444
v 0.054219275712966954 0.02771203964948656 0.14172327518463135
v 0.05124292895197872 0.03164958953857424 0.1569674015045166
v 0.05124292895197872 0.03164958953857424 0.1569674015045166
v 0.054219275712966954 0.02771203964948656 0.14172327518463135
v 0.05124292895197872 0.03323522582650187 0.14086127281188965
v 0.05124292895197872 0.03164958953857424 0.1569674015045166
v 0.05124292895197872 0.03323522582650187 0.14086127281188965
v 0.04765824973583225 0.03689107671380046 0.15657687187194824
v 0.04765824973583225 0.03689107671380046 0.15657687187194824
v 0.05124292895197872 0.03323522582650187 0.14086127281188965
v 0.04765824973583225 0.038480054587125806 0.14004278182983398
v 0.04765824973583225 0.03689107671380046 0.15657687187194824
v 0.04765824973583225 0.038480054587125806 0.14004278182983398
v 0.0435101427137852 0.04175809398293498 0.15621423721313477
v 0.0435101427137852 0.04175809398293498 0.15621423721313477
v 0.04765824973583225 0.038480054587125806 0.14004278182983398
v 0.0435101427137852 0.04335006698966029 0.13928291201591492
v 0.0435101427137852 0.04175809398293498 0.15621423721313477
v 0.0435101427137852 0.04335006698966029 0.13928291201591492
v 0.03886068984866145 0.04616069048643115 0.1558862328529358
v 0.03886068984866145 0.04616069048643115 0.1558862328529358
v 0.0435101427137852 0.04335006698966029 0.13928291201591492
v 0.03886068984866145 0.0477552525699139 0.13859567046165466
v 0.03886068984866145 0.04616069048643115 0.1558862328529358
v 0.03886068984866145 0.0477552525699139 0.13859567046165466
v 0.033792003989219686 0.050028793513774907 0.15559804439544678
v 0.033792003989219686 0.050028793513774907 0.15559804439544678
v 0.03886068984866145 0.0477552525699139 0.13859567046165466
v 0.033792003989219686 0.05162550508975986 0.1379919946193695
v 0.033792003989219686 0.050028793513774907 0.15559804439544678
v 0.033792003989219686 0.05162550508975986 0.1379919946193695
v 0.028397269546985644 0.05330621078610424 0.1553538739681244
v 0.028397269546985644 0.05330621078610424 0.1553538739681244
v 0.033792003989219686 0.05162550508975986 0.1379919946193695
v 0.028397269546985644 0.0549045950174332 0.13748067617416382
v 0.028397269546985644 0.05330621078610424 0.1553538739681244
v 0.028397269546985644 0.0549045950174332 0.13748067617416382
v 0.02277721837162973 0.05596379563212398 0.15515586733818054
v 0.02277721837162973 0.05596379563212398 0.15515586733818054
v 0.028397269546985644 0.0549045950174332 0.13748067617416382
v 0.02277721837162973 0.05756337568163876 0.13706627488136292
v 0.02277721837162973 0.05596379563212398 0.15515586733818054
v 0.02277721837162973 0.05756337568163876 0.13706627488136292
v 0.011821994557976731 0.05934533104300503 0.15490397810935974
v 0.011821994557976731 0.05934533104300503 0.15490397810935974
v 0.02277721837162973 0.05756337568163876 0.13706627488136292
v 0.011821994557976731 0.06094593182206158 0.1365395188331604
v 0.011821994557976731 0.05934533104300503 0.15490397810935974
v 0.011821994557976731 0.06094593182206158 0.1365395188331604
v 0.00299041345715523 0.06035879999399189 0.1548284888267517
v 0.00299041345715523 0.06035879999399189 0.1548284888267517
v 0.011821994557976731 0.06094593182206158 0.1365395188331604
v 0.00299041345715523 0.061958979815244716 0.13638246059417725
v 0.00299041345715523 0.06035879999399189 0.1548284888267517
v 0.00299041345715523 0.061958979815244716 0.13638246059417725
v -0.003546169260516765 0.06046484783291821 0.15482062101364136
v -0.003546169260516765 0.06046484783291821 0.15482062101364136
v 0.00299041345715523 0.061958979815244716 0.13638246059417725
v -0.003546169260516765 0.062064241617918056 0.13636687397956848
v -0.003546169260516765 0.06046484783291821 0.15482062101364136
v -0.003546169260516765 0.062064241617918056 0.13636687397956848
v -0.011614818125963218 0.0593332946300507 0.15490496158599854
v -0.011614818125963218 0.0593332946300507 0.15490496158599854
v -0.003546169260516765 0.062064241617918056 0.13636687397956848
v -0.011614818125963218 0.060930807143449825 0.13654488325119019
v -0.011614818125963218 0.0593332946300507 0.15490496158599854
v -0.011614818125963218 0.060930807143449825 0.13654488325119019
v -0.017384400591254245 0.05789567530155186 0.1550120711326599
v -0.017384400591254245 0.05789567530155186 0.1550120711326599
v -0.011614818125963218 0.060930807143449825 0.13654488325119019
v -0.017384400591254245 0.05949138477444653 0.13677039742469788
v -0.017384400591254245 0.05789567530155186 0.1550120711326599
v -0.017384400591254245 0.05949138477444653 0.13677039742469788
v -0.02312232926487924 0.05583676695823673 0.15516552329063416
v -0.02312232926487924 0.05583676695823673 0.15516552329063416
v -0.017384400591254245 0.05949138477444653 0.13677039742469788
v -0.02312232926487924 0.057430226355791134 0.1370929777622223
v -0.02312232926487924 0.05583676695823673 0.15516552329063416
v -0.02312232926487924 0.057430226355791134 0.1370929777622223
v -0.028731683269143125 0.05314501002430919 0.15536609292030334
v -0.028731683269143125 0.05314501002430919 0.15536609292030334
v -0.02312232926487924 0.057430226355791134 0.1370929777622223
v -0.028731683269143125 0.054735772311687504 0.1375144124031067
v -0.028731683269143125 0.05314501002430919 0.15536609292030334
v -0.028731683269143125 0.054735772311687504 0.1375144124031067
v -0.034109439700841925 0.04983438923954967 0.1556127965450287
v -0.034109439700841925 0.04983438923954967 0.1556127965450287
v -0.028731683269143125 0.054735772311687504 0.1375144124031067
v -0.034109439700841925 0.05142203718423847 0.13803249597549438
v -0.034109439700841925 0.04983438923954967 0.1556127965450287
v -0.034109439700841925 0.05142203718423847 0.13803249597549438
v -0.0391553342342377 0.04593568667769435 0.15590327978134155
v -0.0391553342342377 0.04593568667769435 0.15590327978134155
v -0.034109439700841925 0.05142203718423847 0.13803249597549438
v -0.0391553342342377 0.0475198328495026 0.13864246010780334
v -0.0391553342342377 0.04593568667769435 0.15590327978134155
v -0.0391553342342377 0.0475198328495026 0.13864246010780334
v -0.043776482343673734 0.0415059030056 0.15623337030410767
v -0.043776482343673734 0.0415059030056 0.15623337030410767
v -0.0391553342342377 0.0475198328495026 0.13864246010780334
v -0.043776482343673734 0.043086223304271726 0.13933533430099487
v -0.043776482343673734 0.0415059030056 0.15623337030410767
v -0.043776482343673734 0.043086223304271726 0.13933533430099487
v -0.04789213836193088 0.036616422235965757 0.15659767389297485
v -0.04789213836193088 0.036616422235965757 0.15659767389297485
v -0.043776482343673734 0.043086223304271726 0.13933533430099487
v -0.04789213836193088 0.03819264471530917 0.14009994268417358
v -0.04789213836193088 0.036616422235965757 0.15659767389297485
v -0.04789213836193088 0.03819264471530917 0.14009994268417358
v -0.05144087597727779 0.03135770931839945 0.15698951482772827
v -0.05144087597727779 0.03135770931839945 0.15698951482772827
v -0.04789213836193088 0.03819264471530917 0.14009994268417358
v -0.05144087597727779 0.03292963653802874 0.1409221887588501
v -0.05437964573502544 0.03395382687449457 0.11096649616956711
v -0.05437964573502544 0.038884539157152204 0.09603654593229294
v -0.05668956786394123 0.02823841944336893 0.11279769986867905
v -0.05668956786394123 0.02823841944336893 0.11279769986867905
v -0.05437964573502544 0.038884539157152204 0.09603654593229294
v -0.05668956786394123 0.033159542828798315 0.09835224598646164
v -0.05668956786394123 0.02823841944336893 0.11279769986867905
v -0.05668956786394123 0.033159542828798315 0.09835224598646164
v -0.05837079882621769 0.02245353348553182 0.11465098708868027
v -0.05837079882621769 0.02245353348553182 0.11465098708868027
v -0.05668956786394123 0.033159542828798315 0.09835224598646164
v -0.05837079882621769 0.02736495807766916 0.10069587081670761
v -0.05837079882621769 0.02245353348553182 0.11465098708868027
v -0.05837079882621769 0.02736495807766916 0.10069587081670761
v -0.059444963932037395 0.01669430360198022 0.11649587005376816
v -0.059444963932037395 0.01669430360198022 0.11649587005376816
v -0.05837079882621769 0.02736495807766916 0.10069587081670761
v -0.059444963932037395 0.021596081554889693 0.10302897542715073
v -0.059444963932037395 0.01669430360198022 0.11649587005376816
v -0.059444963932037395 0.021596081554889693 0.10302897542715073
v -0.05992415919899945 0.005493449047207836 0.12008347362279892
v -0.05992415919899945 0.005493449047207836 0.12008347362279892
v -0.059444963932037395 0.021596081554889693 0.10302897542715073
v -0.05992415919899945 0.01037648972123862 0.1075659915804863
v -0.05992415919899945 0.005493449047207836 0.12008347362279892
v -0.05992415919899945 0.01037648972123862 0.1075659915804863
v -0.05824340507388119 -0.005925419274717574 0.12374027818441391
v -0.05824340507388119 -0.005925419274717574 0.12374027818441391
v -0.05992415919899945 0.01037648972123862 0.1075659915804863
v -0.05824340507388119 -0.0010614477796480066 0.11219068616628647
v -0.05824340507388119 -0.005925419274717574 0.12374027818441391
v -0.05824340507388119 -0.0010614477796480066 0.11219068616628647
v -0.05650582909584049 -0.011708891950547702 0.12559214234352112
v -0.05650582909584049 -0.011708891950547702 0.12559214234352112
v -0.05824340507388119 -0.0010614477796480066 0.11219068616628647
v -0.05650582909584049 -0.006854565814137463 0.11453279107809067
v -0.05650582909584049 -0.011708891950547702 0.12559214234352112
v -0.05650582909584049 -0.006854565814137463 0.11453279107809067
v -0.05413822457194332 -0.01741446927189828 0.1274189054965973
v -0.05413822457194332 -0.01741446927189828 0.1274189054965973
v -0.05650582909584049 -0.006854565814137463 0.11453279107809067
v -0.05413822457194332 -0.012569649145007142 0.11684312671422958
v -0.05413822457194332 -0.01741446927189828 0.1274189054965973
v -0.05413822457194332 -0.012569649145007142 0.11684312671422958
v -0.05114311352372173 -0.02294155023992063 0.12918829917907715
v -0.05114311352372173 -0.02294155023992063 0.12918829917907715
v -0.05413822457194332 -0.012569649145007142 0.11684312671422958
v -0.05114311352372173 -0.018105929717421542 0.11908098310232162
v -0.05114311352372173 -0.02294155023992063 0.12918829917907715
v -0.05114311352372173 -0.018105929717421542 0.11908098310232162
v -0.047540526837110554 -0.02818670868873598 0.13086721301078796
v -0.047540526837110554 -0.02818670868873598 0.13086721301078796
v -0.05114311352372173 -0.018105929717421542 0.11908098310232162
v -0.047540526837110554 -0.023359805345535292 0.12120445817708969
v -0.047540526837110554 -0.02818670868873598 0.13086721301078796
v -0.047540526837110554 -0.023359805345535292 0.12120445817708969
v -0.04337627440690997 -0.03305354341864588 0.13242483139038086
v -0.04337627440690997 -0.03305354341864588 0.13242483139038086
v -0.047540526837110554 -0.023359805345535292 0.12120445817708969
v -0.04337627440690997 -0.028234720230102556 0.12317454069852829
v -0.04337627440690997 -0.03305354341864588 0.13242483139038086
v -0.04337627440690997 -0.028234720230102556 0.12317454069852829
v -0.038712788373231916 -0.03745217993855479 0.13383233547210693
v -0.038712788373231916 -0.03745217993855479 0.13383233547210693
v -0.04337627440690997 -0.028234720230102556 0.12317454069852829
v -0.038712788373231916 -0.032640643417835256 0.12495484203100204
v -0.038712788373231916 -0.03745217993855479 0.13383233547210693
v -0.038712788373231916 -0.032640643417835256 0.12495484203100204
v -0.0336328372359276 -0.041313029825687436 0.13506746292114258
v -0.0336328372359276 -0.041313029825687436 0.13506746292114258
v -0.038712788373231916 -0.032640643417835256 0.12495484203100204
v -0.0336328372359276 -0.03650787472724917 0.1265171766281128
v -0.0336328372359276 -0.041313029825687436 0.13506746292114258
v -0.0336328372359276 -0.03650787472724917 0.1265171766281128
v -0.028229752555489557 -0.04458021745085719 0.13611239194869995
v -0.028229752555489557 -0.04458021745085719 0.13611239194869995
v -0.0336328372359276 -0.03650787472724917 0.1265171766281128
v -0.028229752555489557 -0.0397804491221905 0.12783896923065186
v -0.028229752555489557 -0.04458021745085719 0.13611239194869995
v -0.028229752555489557 -0.0397804491221905 0.12783896923065186
v -0.022604495286941542 -0.04722536355257038 0.13695800304412842
v -0.022604495286941542 -0.04722536355257038 0.13695800304412842
v -0.028229752555489557 -0.0397804491221905 0.12783896923065186
v -0.022604495286941542 -0.04242993518710139 0.12890872359275818
v -0.022604495286941542 -0.04722536355257038 0.13695800304412842
v -0.022604495286941542 -0.04242993518710139 0.12890872359275818
v -0.016859784722328196 -0.04923581331968311 0.13760030269622803
v -0.016859784722328196 -0.04923581331968311 0.13760030269622803
v -0.022604495286941542 -0.04242993518710139 0.12890872359275818
v -0.016859784722328196 -0.04444366320967677 0.12972137331962585
v -0.016859784722328196 -0.04923581331968311 0.13760030269622803
v -0.016859784722328196 -0.04444366320967677 0.12972137331962585
v -0.011092000640928752 -0.050625346601009404 0.13804373145103455
v -0.011092000640928752 -0.050625346601009404 0.13804373145103455
v -0.016859784722328196 -0.04444366320967677 0.12972137331962585
v -0.011092000640928752 -0.04583543539047244 0.13028252124786377
v -0.011092000640928752 -0.050625346601009404 0.13804373145103455
v -0.011092000640928752 -0.04583543539047244 0.13028252124786377
v -0.005397376604378227 -0.051420450210571324 0.13829678297042847
v -0.005397376604378227 -0.051420450210571324 0.13829678297042847
v -0.011092000640928752 -0.04583543539047244 0.13028252124786377
v -0.005397376604378227 -0.046631786972284345 0.1306028962135315
v -0.005397376604378227 -0.051420450210571324 0.13829678297042847
v -0.005397376604378227 -0.046631786972284345 0.1306028962135315
v 0.005738519132137302 -0.05139161273837093 0.13828444480895996
v -0.05144087597727779 0.04443982988595965 0.09378927201032639
v -0.05144087597727779 0.039499800652265576 0.10918938368558884
v -0.04789213836193088 0.04972163960337642 0.09165244549512863
v -0.04789213836193088 0.04972163960337642 0.09165244549512863
v -0.05144087597727779 0.039499800652265576 0.10918938368558884
v -0.04789213836193088 0.0447727404534817 0.10749956220388412
v -0.04789213836193088 0.04972163960337642 0.09165244549512863
v -0.04789213836193088 0.0447727404534817 0.10749956220388412
v -0.043776482343673734 0.05463266000151638 0.08966537564992905
v -0.043776482343673734 0.05463266000151638 0.08966537564992905
v -0.04789213836193088 0.0447727404534817 0.10749956220388412
v -0.043776482343673734 0.04967550560832027 0.10592814534902573
v -0.043776482343673734 0.05463266000151638 0.08966537564992905
v -0.043776482343673734 0.04967550560832027 0.10592814534902573
v -0.0391553342342377 0.05908203497529034 0.08786483854055405
v -0.0391553342342377 0.05908203497529034 0.08786483854055405
v -0.043776482343673734 0.04967550560832027 0.10592814534902573
v -0.0391553342342377 0.05411738157272342 0.10450416058301926
v -0.0391553342342377 0.05908203497529034 0.08786483854055405
v -0.0391553342342377 0.05411738157272342 0.10450416058301926
v -0.034109439700841925 0.0629980713129044 0.08627986162900925
v -0.034109439700841925 0.0629980713129044 0.08627986162900925
v -0.0391553342342377 0.05411738157272342 0.10450416058301926
v -0.034109439700841925 0.05802680179476742 0.1032506451010704
v -0.034109439700841925 0.0629980713129044 0.08627986162900925
v -0.034109439700841925 0.05802680179476742 0.1032506451010704
v -0.028731683269143125 0.06632349640131001 0.08493360131978989
v -0.028731683269143125 0.06632349640131001 0.08493360131978989
v -0.034109439700841925 0.05802680179476742 0.1032506451010704
v -0.028731683269143125 0.06134660169482235 0.10218583792448044
v -0.028731683269143125 0.06632349640131001 0.08493360131978989
v -0.028731683269143125 0.06134660169482235 0.10218583792448044
v -0.02312232926487924 0.06902739405632023 0.08383860439062119
v -0.02312232926487924 0.06902739405632023 0.08383860439062119
v -0.028731683269143125 0.06134660169482235 0.10218583792448044
v -0.02312232926487924 0.06404590606689457 0.10131972283124924
v -0.02312232926487924 0.06902739405632023 0.08383860439062119
v -0.02312232926487924 0.06404590606689457 0.10131972283124924
v -0.017384400591254245 0.07109571248292927 0.08300059288740158
v -0.017384400591254245 0.07109571248292927 0.08300059288740158
v -0.02312232926487924 0.06404590606689457 0.10131972283124924
v -0.017384400591254245 0.06611069291830067 0.10065679997205734
v -0.017384400591254245 0.07109571248292927 0.08300059288740158
v -0.017384400591254245 0.06611069291830067 0.10065679997205734
v -0.011614818125963218 0.07254005223512654 0.0824148878455162
v -0.011614818125963218 0.07254005223512654 0.0824148878455162
v -0.017384400591254245 0.06611069291830067 0.10065679997205734
v -0.011614818125963218 0.06755252927541737 0.10019340366125107
v -0.011614818125963218 0.07254005223512654 0.0824148878455162
v -0.011614818125963218 0.06755252927541737 0.10019340366125107
v -0.003546169260516765 0.07367718964815145 0.08195274323225021
v -0.003546169260516765 0.07367718964815145 0.08195274323225021
v -0.011614818125963218 0.06755252927541737 0.10019340366125107
v -0.003546169260516765 0.0686876624822617 0.09982755035161972
v -0.003546169260516765 0.07367718964815145 0.08195274323225021
v -0.003546169260516765 0.0686876624822617 0.09982755035161972
v 0.00299041345715523 0.0735712423920632 0.08199369162321091
v 0.00299041345715523 0.0735712423920632 0.08199369162321091
v -0.003546169260516765 0.0686876624822617 0.09982755035161972
v 0.00299041345715523 0.06858178973197941 0.09985964745283127
v 0.00299041345715523 0.0735712423920632 0.08199369162321091
v 0.00299041345715523 0.06858178973197941 0.09985964745283127
v 0.011821994557976731 0.07255412638187413 0.08240246027708054
v 0.011821994557976731 0.07255412638187413 0.08240246027708054
v 0.00299041345715523 0.06858178973197941 0.09985964745283127
v 0.011821994557976731 0.0675662457942963 0.1001824364066124
v 0.011821994557976731 0.07255412638187413 0.08240246027708054
v 0.011821994557976731 0.0675662457942963 0.1001824364066124
v 0.017091557383537303 0.07118687778711323 0.0829538032412529
v 0.017091557383537303 0.07118687778711323 0.0829538032412529
v 0.011821994557976731 0.0675662457942963 0.1001824364066124
v 0.017091557383537303 0.0662012025713921 0.1006181463599205
v 0.017091557383537303 0.07118687778711323 0.0829538032412529
v 0.017091557383537303 0.0662012025713921 0.1006181463599205
v 0.02277721837162973 0.06915886700153355 0.08377226442098618
v 0.02277721837162973 0.06915886700153355 0.08377226442098618
v 0.017091557383537303 0.0662012025713921 0.1006181463599205
v 0.02277721837162973 0.06417649239301686 0.10126503556966782
v 0.02277721837162973 0.06915886700153355 0.08377226442098618
v 0.02277721837162973 0.06417649239301686 0.10126503556966782
v 0.028397269546985644 0.06649023294448857 0.0848497673869133
v 0.028397269546985644 0.06649023294448857 0.0848497673869133
v 0.02277721837162973 0.06417649239301686 0.10126503556966782
v 0.028397269546985644 0.06151223555207257 0.10211678594350815
v 0.028397269546985644 0.06649023294448857 0.0848497673869133
v 0.028397269546985644 0.06151223555207257 0.10211678594350815
v 0.033792003989219686 0.06319907307624821 0.08617907017469406
v 0.033792003989219686 0.06319907307624821 0.08617907017469406
v 0.028397269546985644 0.06151223555207257 0.10211678594350815
v 0.033792003989219686 0.058226488530635875 0.10316764563322067
v 0.033792003989219686 0.06319907307624821 0.08617907017469406
v 0.033792003989219686 0.058226488530635875 0.10316764563322067
v 0.03886068984866145 0.05931463092565541 0.08774837106466293
v 0.03886068984866145 0.05931463092565541 0.08774837106466293
v 0.033792003989219686 0.058226488530635875 0.10316764563322067
v 0.03886068984866145 0.05434845760464672 0.10440828651189804
v 0.03886068984866145 0.05931463092565541 0.08774837106466293
v 0.03886068984866145 0.05434845760464672 0.10440828651189804
v 0.0435101427137852 0.054893344640731846 0.08953487128019333
v 0.0435101427137852 0.054893344640731846 0.08953487128019333
v 0.03886068984866145 0.05434845760464672 0.10440828651189804
v 0.0435101427137852 0.04993448778986934 0.10582070797681808
v 0.0435101427137852 0.054893344640731846 0.08953487128019333
v 0.0435101427137852 0.04993448778986934 0.10582070797681808
v 0.04765824973583225 0.05000558495521549 0.09151013940572739
v 0.04765824973583225 0.05000558495521549 0.09151013940572739
v 0.0435101427137852 0.04993448778986934 0.10582070797681808
v 0.04765824973583225 0.045054826885461835 0.1073824092745781
v 0.04765824973583225 0.05000558495521549 0.09151013940572739
v 0.04765824973583225 0.045054826885461835 0.1073824092745781
v 0.05124292895197872 0.04474168643355372 0.09363769739866257
v 0.05124292895197872 0.04474168643355372 0.09363769739866257
v 0.04765824973583225 0.045054826885461835 0.1073824092745781
v 0.05124292895197872 0.03979966044425967 0.10906457155942917
v 0.05124292895197872 0.04474168643355372 0.09363769739866257
v 0.05124292895197872 0.03979966044425967 0.10906457155942917
v 0.054219275712966954 0.039198454469442395 0.09587838500738144
v 0.054219275712966954 0.039198454469442395 0.09587838500738144
v 0.05124292895197872 0.03979966044425967 0.10906457155942917
v 0.054219275712966954 0.03426564112305643 0.11083617061376572
v 0.054219275712966954 0.039198454469442395 0.09587838500738144
v 0.054219275712966954 0.03426564112305643 0.11083617061376572
v 0.05656765401363376 0.033479567617177984 0.09819024056196213
v 0.05656765401363376 0.033479567617177984 0.09819024056196213
v 0.054219275712966954 0.03426564112305643 0.11083617061376572
v 0.05656765401363376 0.028556266799569147 0.11266415566205978
v 0.05656765401363376 0.033479567617177984 0.09819024056196213
v 0.05656765401363376 0.028556266799569147 0.11266415566205978
v 0.05828642845153813 0.027685577049851435 0.10053270310163498
v 0.05828642845153813 0.027685577049851435 0.10053270310163498
v 0.05656765401363376 0.028556266799569147 0.11266415566205978
v 0.05828642845153813 0.022771924734115614 0.11451631039381027
v 0.05828642845153813 0.027685577049851435 0.10053270310163498
v 0.05828642845153813 0.022771924734115614 0.11451631039381027
v 0.05939660966396336 0.021911794319748892 0.10286711901426315
v 0.05939660966396336 0.021911794319748892 0.10286711901426315
v 0.05828642845153813 0.022771924734115614 0.11451631039381027
v 0.05939660966396336 0.017007764428854 0.11636214703321457
v 0.05939660966396336 0.021911794319748892 0.10286711901426315
v 0.05939660966396336 0.017007764428854 0.11636214703321457
v 0.05994019284844403 0.010683452710509307 0.10740741342306137
v 0.05994019284844403 0.010683452710509307 0.10740741342306137
v 0.05939660966396336 0.017007764428854 0.11636214703321457
v 0.05994019284844403 0.005798158701509241 0.1199522539973259
v 0.05994019284844403 0.010683452710509307 0.10740741342306137
v 0.05994019284844403 0.005798158701509241 0.1199522539973259
v 0.058328893035650295 -0.0007407667580991989 0.11202751845121384
v 0.058328893035650295 -0.0007407667580991989 0.11202751845121384
v 0.05994019284844403 0.005798158701509241 0.1199522539973259
v 0.058328893035650295 -0.00560696562752128 0.12360560148954391
v 0.058328893035650295 -0.0007407667580991989 0.11202751845121384
v 0.058328893035650295 -0.00560696562752128 0.12360560148954391
v 0.056628901511430775 -0.006534642539918427 0.11437087506055832
v 0.056628901511430775 -0.006534642539918427 0.11437087506055832
v 0.058328893035650295 -0.00560696562752128 0.12360560148954391
v 0.056628901511430775 -0.011391145177185542 0.12545865774154663
v 0.056628901511430775 -0.006534642539918427 0.11437087506055832
v 0.056628901511430775 -0.011391145177185542 0.12545865774154663
v 0.05429974943399433 -0.012256011366844186 0.11668511480093002
v 0.05429974943399433 -0.012256011366844186 0.11668511480093002
v 0.056628901511430775 -0.011391145177185542 0.12545865774154663
v 0.05429974943399433 -0.017102928832173358 0.12728869915008545
v 0.05429974943399433 -0.012256011366844186 0.11668511480093002
v 0.05429974943399433 -0.017102928832173358 0.12728869915008545
v 0.05134218186140064 -0.01780453324317933 0.11892961710691452
v 0.05134218186140064 -0.01780453324317933 0.11892961710691452
v 0.05429974943399433 -0.017102928832173358 0.12728869915008545
v 0.05134218186140064 -0.022642144933342948 0.1290636658668518
v 0.05134218186140064 -0.01780453324317933 0.11892961710691452
v 0.05134218186140064 -0.022642144933342948 0.1290636658668518
v 0.04777545109391216 -0.023076485842466368 0.12106247991323471
v 0.04777545109391216 -0.023076485842466368 0.12106247991323471
v 0.05134218186140064 -0.022642144933342948 0.1290636658668518
v 0.04777545109391216 -0.02790524438023569 0.13075032830238342
v 0.04777545109391216 -0.023076485842466368 0.12106247991323471
v 0.04777545109391216 -0.02790524438023569 0.13075032830238342
v 0.04364354535937312 -0.027974823489785212 0.12304442375898361
v 0.04364354535937312 -0.027974823489785212 0.12304442375898361
v 0.04777545109391216 -0.02790524438023569 0.13075032830238342
v 0.04364354535937312 -0.032795343548059484 0.13231772184371948
v 0.04364354535937312 -0.027974823489785212 0.12304442375898361
v 0.04364354535937312 -0.032795343548059484 0.13231772184371948
v 0.039008203893899945 -0.032408952713012716 0.12483879178762436
v 0.039008203893899945 -0.032408952713012716 0.12483879178762436
v 0.04364354535937312 -0.032795343548059484 0.13231772184371948
v 0.039008203893899945 -0.037222009152174024 0.13373681902885437
v 0.039008203893899945 -0.032408952713012716 0.12483879178762436
v 0.039008203893899945 -0.037222009152174024 0.13373681902885437
v 0.03395087271928789 -0.03630787879228594 0.1264168918132782
v 0.03395087271928789 -0.03630787879228594 0.1264168918132782
v 0.039008203893899945 -0.037222009152174024 0.13373681902885437
v 0.03395087271928789 -0.04111434891819957 0.13498488068580627
v 0.03395087271928789 -0.03630787879228594 0.1264168918132782
v 0.03395087271928789 -0.04111434891819957 0.13498488068580627
v 0.028564581647515314 -0.03961475938558581 0.12775564193725586
v 0.028564581647515314 -0.03961475938558581 0.12775564193725586
v 0.03395087271928789 -0.04111434891819957 0.13498488068580627
v 0.028564581647515314 -0.04441563412547114 0.1360437273979187
v 0.028564581647515314 -0.03961475938558581 0.12775564193725586
v 0.028564581647515314 -0.04441563412547114 0.1360437273979187
v 0.02294983156025411 -0.042299550026655225 0.12884292006492615
v 0.02294983156025411 -0.042299550026655225 0.12884292006492615
v 0.028564581647515314 -0.04441563412547114 0.1360437273979187
v 0.02294983156025411 -0.04709585756063465 0.13690373301506042
v 0.02294983156025411 -0.042299550026655225 0.12884292006492615
v 0.02294983156025411 -0.04709585756063465 0.13690373301506042
v 0.017209554091095935 -0.0443486422300339 0.12967315316200256
v 0.017209554091095935 -0.0443486422300339 0.12967315316200256
v 0.02294983156025411 -0.04709585756063465 0.13690373301506042
v 0.017209554091095935 -0.04914144799113277 0.13756051659584045
v 0.017209554091095935 -0.0443486422300339 0.12967315316200256
v 0.017209554091095935 -0.04914144799113277 0.13756051659584045
v 0.011440484784543521 -0.04577442258596423 0.13025134801864624
v 0.011440484784543521 -0.04577442258596423 0.13025134801864624
v 0.017209554091095935 -0.04914144799113277 0.13756051659584045
v 0.011440484784543521 -0.05056476220488552 0.13801801204681396
v 0.011440484784543521 -0.04577442258596423 0.13025134801864624
v 0.011440484784543521 -0.05056476220488552 0.13801801204681396
v 0.005738519132137302 -0.04660273715853694 0.13058793544769287
v 0.005738519132137302 -0.04660273715853694 0.13058793544769287
v 0.011440484784543521 -0.05056476220488552 0.13801801204681396
v 0.005738519132137302 -0.05139161273837093 0.13828444480895996
v 0.005738519132137302 -0.04660273715853694 0.13058793544769287
v 0.005738519132137302 -0.05139161273837093 0.13828444480895996
v 0.00016779782890807848 -0.04687710106372837 0.1307004988193512
v 0.00016779782890807848 -0.04687710106372837 0.1307004988193512
v 0.005738519132137302 -0.05139161273837093 0.13828444480895996
v -0.005397376604378227 -0.046631786972284345 0.1306028962135315
v -0.05437964573502544 0.04483283683657649 0.08159258216619492
v -0.05437964573502544 0.05148733779788021 0.06766396015882492
v -0.05668956786394123 0.03909000381827357 0.08440785855054855
v -0.05668956786394123 0.03909000381827357 0.08440785855054855
v -0.05437964573502544 0.05148733779788021 0.06766396015882492
v -0.05668956786394123 0.04572949185967448 0.07100280374288559
v -0.05668956786394123 0.03909000381827357 0.08440785855054855
v -0.05668956786394123 0.04572949185967448 0.07100280374288559
v -0.05837079882621769 0.03327747806906702 0.08725722879171371
v -0.05837079882621769 0.03327747806906702 0.08725722879171371
v -0.05668956786394123 0.04572949185967448 0.07100280374288559
v -0.05837079882621769 0.03990185260772708 0.07438211888074875
v -0.05837079882621769 0.03327747806906702 0.08725722879171371
v -0.05837079882621769 0.03990185260772708 0.07438211888074875
v -0.059444963932037395 0.02749083563685419 0.09009381383657455
v -0.059444963932037395 0.02749083563685419 0.09009381383657455
v -0.05837079882621769 0.03990185260772708 0.07438211888074875
v -0.059444963932037395 0.03410024940967562 0.07774638384580612
v -0.059444963932037395 0.02749083563685419 0.09009381383657455
v -0.059444963932037395 0.03410024940967562 0.07774638384580612
v -0.05992415919899945 0.016236945986747752 0.09561019390821457
v -0.05992415919899945 0.016236945986747752 0.09561019390821457
v -0.059444963932037395 0.03410024940967562 0.07774638384580612
v -0.05992415919899945 0.022817479446530356 0.0842890664935112
v -0.05992415919899945 0.016236945986747752 0.09561019390821457
v -0.05992415919899945 0.022817479446530356 0.0842890664935112
v -0.05824340507388119 0.004764392971992496 0.10123344510793686
v -0.05824340507388119 0.004764392971992496 0.10123344510793686
v -0.05992415919899945 0.022817479446530356 0.0842890664935112
v -0.05824340507388119 0.011315781623125083 0.09095876663923264
v -0.05824340507388119 0.004764392971992496 0.10123344510793686
v -0.05824340507388119 0.011315781623125083 0.09095876663923264
v -0.05650582909584049 -0.0010461151832714683 0.10408132523298264
v -0.05650582909584049 -0.0010461151832714683 0.10408132523298264
v -0.05824340507388119 0.011315781623125083 0.09095876663923264
v -0.05650582909584049 0.005490633193403486 0.09433671087026596
v -0.05650582909584049 -0.0010461151832714683 0.10408132523298264
v -0.05650582909584049 0.005490633193403486 0.09433671087026596
v -0.05413822457194332 -0.006778249051421885 0.10689070075750351
v -0.05413822457194332 -0.006778249051421885 0.10689070075750351
v -0.05650582909584049 0.005490633193403486 0.09433671087026596
v -0.05413822457194332 -0.00025585494586266594 0.09766902774572372
v -0.05413822457194332 -0.006778249051421885 0.10689070075750351
v -0.05413822457194332 -0.00025585494586266594 0.09766902774572372
v -0.05114311352372173 -0.012330933474004277 0.10961204022169113
v -0.05114311352372173 -0.012330933474004277 0.10961204022169113
v -0.05413822457194332 -0.00025585494586266594 0.09766902774572372
v -0.05114311352372173 -0.005822348874062303 0.10089700669050217
v -0.05114311352372173 -0.012330933474004277 0.10961204022169113
v -0.05114311352372173 -0.005822348874062303 0.10089700669050217
v -0.047540526837110554 -0.017600255087018023 0.11219438165426254
v -0.047540526837110554 -0.017600255087018023 0.11219438165426254
v -0.05114311352372173 -0.005822348874062303 0.10089700669050217
v -0.047540526837110554 -0.011104673147201545 0.10396020859479904
v -0.047540526837110554 -0.017600255087018023 0.11219438165426254
v -0.047540526837110554 -0.011104673147201545 0.10396020859479904
v -0.04337627440690997 -0.022489370778203024 0.11459027975797653
v -0.04337627440690997 -0.022489370778203024 0.11459027975797653
v -0.047540526837110554 -0.011104673147201545 0.10396020859479904
v -0.04337627440690997 -0.016005737707018863 0.10680233687162399
v -0.04337627440690997 -0.022489370778203024 0.11459027975797653
v -0.04337627440690997 -0.016005737707018863 0.10680233687162399
v -0.038712788373231916 -0.026907982304692286 0.11675547808408737
v -0.038712788373231916 -0.026907982304692286 0.11675547808408737
v -0.04337627440690997 -0.016005737707018863 0.10680233687162399
v -0.038712788373231916 -0.020435029640793814 0.1093708798289299
v -0.038712788373231916 -0.026907982304692286 0.11675547808408737
v -0.038712788373231916 -0.020435029640793814 0.1093708798289299
v -0.0336328372359276 -0.030786192044615766 0.1186557337641716
v -0.0336328372359276 -0.030786192044615766 0.1186557337641716
v -0.038712788373231916 -0.020435029640793814 0.1093708798289299
v -0.0336328372359276 -0.02432247810065748 0.11162524670362473
v -0.0336328372359276 -0.030786192044615766 0.1186557337641716
v -0.0336328372359276 -0.02432247810065748 0.11162524670362473
v -0.028229752555489557 -0.03406788036227228 0.12026353925466537
v -0.028229752555489557 -0.03406788036227228 0.12026353925466537
v -0.0336328372359276 -0.02432247810065748 0.11162524670362473
v -0.028229752555489557 -0.027611833065748232 0.11353277415037155
v -0.028229752555489557 -0.03406788036227228 0.12026353925466537
v -0.028229752555489557 -0.027611833065748232 0.11353277415037155
v -0.022604495286941542 -0.036724545061588315 0.12156494706869125
v -0.022604495286941542 -0.036724545061588315 0.12156494706869125
v -0.028229752555489557 -0.027611833065748232 0.11353277415037155
v -0.022604495286941542 -0.030274534597992918 0.11507692188024521
v -0.022604495286941542 -0.036724545061588315 0.12156494706869125
v -0.022604495286941542 -0.030274534597992918 0.11507692188024521
v -0.016859784722328196 -0.03874349221587184 0.1225537583231926
v -0.016859784722328196 -0.03874349221587184 0.1225537583231926
v -0.022604495286941542 -0.030274534597992918 0.11507692188024521
v -0.016859784722328196 -0.03229786828160288 0.11625032871961594
v -0.016859784722328196 -0.03874349221587184 0.1225537583231926
v -0.016859784722328196 -0.03229786828160288 0.11625032871961594
v -0.011092000640928752 -0.04013857990503314 0.1232367679476738
v -0.011092000640928752 -0.04013857990503314 0.1232367679476738
v -0.016859784722328196 -0.03229786828160288 0.11625032871961594
v -0.011092000640928752 -0.03369574993848803 0.11706101149320602
v -0.011092000640928752 -0.04013857990503314 0.1232367679476738
v -0.011092000640928752 -0.03369574993848803 0.11706101149320602
v -0.005397376604378227 -0.04093644767999652 0.12362702935934067
v -0.005397376604378227 -0.04093644767999652 0.12362702935934067
v -0.011092000640928752 -0.03369574993848803 0.11706101149320602
v -0.005397376604378227 -0.034494880586862585 0.11752452701330185
v -0.005397376604378227 -0.04093644767999652 0.12362702935934067
v -0.005397376604378227 -0.034494880586862585 0.11752452701330185
v 0.00016779782890807848 -0.041181616485118894 0.12374641746282578
v 0.00016779782890807848 -0.041181616485118894 0.12374641746282578
v -0.005397376604378227 -0.034494880586862585 0.11752452701330185
v 0.00016779782890807848 -0.03473992273211481 0.11766671389341354
v 0.00016779782890807848 -0.041181616485118894 0.12374641746282578
v 0.00016779782890807848 -0.03473992273211481 0.11766671389341354
v 0.005738519132137302 -0.04090552031993869 0.12361028045415878
v 0.005738519132137302 -0.04090552031993869 0.12361028045415878
v 0.00016779782890807848 -0.03473992273211481 0.11766671389341354
v 0.005738519132137302 -0.03446236252784731 0.11750584095716476
v 0.005738519132137302 -0.04090552031993869 0.12361028045415878
v 0.005738519132137302 -0.03446236252784731 0.11750584095716476
v 0.011440484784543521 -0.0400737635791302 0.12320178002119064
v 0.011440484784543521 -0.0400737635791302 0.12320178002119064
v 0.005738519132137302 -0.03446236252784731 0.11750584095716476
v 0.011440484784543521 -0.033627700060606024 0.11702194064855576
v 0.011440484784543521 -0.0400737635791302 0.12320178002119064
v 0.011440484784543521 -0.033627700060606024 0.11702194064855576
v 0.017209554091095935 -0.03864270821213725 0.1224994882941246
v 0.017209554091095935 -0.03864270821213725 0.1224994882941246
v 0.011440484784543521 -0.033627700060606024 0.11702194064855576
v 0.017209554091095935 -0.03219219669699671 0.11618959158658981
v 0.017209554091095935 -0.03864270821213725 0.1224994882941246
v 0.017209554091095935 -0.03219219669699671 0.11618959158658981
v 0.02294983156025411 -0.036586441099643735 0.12149073928594589
v 0.02294983156025411 -0.036586441099643735 0.12149073928594589
v 0.017209554091095935 -0.03219219669699671 0.11618959158658981
v 0.02294983156025411 -0.03012988530099394 0.11499380320310593
v 0.02294983156025411 -0.036586441099643735 0.12149073928594589
v 0.02294983156025411 -0.03012988530099394 0.11499380320310593
v 0.028564581647515314 -0.03389256447553637 0.12016948312520981
v 0.028564581647515314 -0.03389256447553637 0.12016948312520981
v 0.02294983156025411 -0.03012988530099394 0.11499380320310593
v 0.028564581647515314 -0.02742834761738779 0.1134273037314415
v 0.028564581647515314 -0.03389256447553637 0.12016948312520981
v 0.028564581647515314 -0.02742834761738779 0.1134273037314415
v 0.03395087271928789 -0.030574731528759024 0.11854242533445358
v 0.03395087271928789 -0.030574731528759024 0.11854242533445358
v 0.028564581647515314 -0.02742834761738779 0.1134273037314415
v 0.03395087271928789 -0.024101287126541155 0.11149808019399643
v 0.03395087271928789 -0.030574731528759024 0.11854242533445358
v 0.03395087271928789 -0.024101287126541155 0.11149808019399643
v 0.039008203893899945 -0.02666310407221319 0.11662434786558151
v 0.039008203893899945 -0.02666310407221319 0.11662434786558151
v 0.03395087271928789 -0.024101287126541155 0.11149808019399643
v 0.039008203893899945 -0.02017895691096784 0.10922365635633469
v 0.039008203893899945 -0.02666310407221319 0.11662434786558151
v 0.039008203893899945 -0.02017895691096784 0.10922365635633469
v 0.04364354535937312 -0.022214705124497428 0.11444320529699326
v 0.04364354535937312 -0.022214705124497428 0.11444320529699326
v 0.039008203893899945 -0.02017895691096784 0.10922365635633469
v 0.04364354535937312 -0.01571853645145894 0.10663720220327377
v 0.04364354535937312 -0.022214705124497428 0.11444320529699326
v 0.04364354535937312 -0.01571853645145894 0.10663720220327377
v 0.04777545109391216 -0.017300762236118327 0.11203395575284958
v 0.04777545109391216 -0.017300762236118327 0.11203395575284958
v 0.04364354535937312 -0.01571853645145894 0.10663720220327377
v 0.04777545109391216 -0.010791452601552017 0.10378014296293259
v 0.04777545109391216 -0.017300762236118327 0.11203395575284958
v 0.04777545109391216 -0.010791452601552017 0.10378014296293259
v 0.05134218186140064 -0.012012158520519742 0.10944115370512009
v 0.05134218186140064 -0.012012158520519742 0.10944115370512009
v 0.04777545109391216 -0.010791452601552017 0.10378014296293259
v 0.05134218186140064 -0.005488822236657146 0.10070528835058212
v 0.05134218186140064 -0.012012158520519742 0.10944115370512009
v 0.05134218186140064 -0.005488822236657146 0.10070528835058212
v 0.05429974943399433 -0.006446237675845627 0.10671248286962509
v 0.05429974943399433 -0.006446237675845627 0.10671248286962509
v 0.05134218186140064 -0.005488822236657146 0.10070528835058212
v 0.05429974943399433 9.17509678401985e-05 0.09746923297643661
v 0.05429974943399433 -0.006446237675845627 0.10671248286962509
v 0.05429974943399433 9.17509678401985e-05 0.09746923297643661
v 0.056628901511430775 -0.0007070451974868779 0.10389896482229233
v 0.056628901511430775 -0.0007070451974868779 0.10389896482229233
v 0.05429974943399433 9.17509678401985e-05 0.09746923297643661
v 0.056628901511430775 0.005845955107361082 0.09413250535726547
v 0.056628901511430775 -0.0007070451974868779 0.10389896482229233
v 0.056628901511430775 0.005845955107361082 0.09413250535726547
v 0.058328893035650295 0.005104775074869398 0.10104995220899582
v 0.058328893035650295 0.005104775074869398 0.10104995220899582
v 0.056628901511430775 0.005845955107361082 0.09413250535726547
v 0.058328893035650295 0.011672886088490493 0.09075357764959335
v 0.058328893035650295 0.005104775074869398 0.10104995220899582
v 0.058328893035650295 0.011672886088490493 0.09075357764959335
v 0.05994019284844403 0.01656409725546838 0.09543272107839584
v 0.05994019284844403 0.01656409725546838 0.09543272107839584
v 0.058328893035650295 0.011672886088490493 0.09075357764959335
v 0.05994019284844403 0.023161767050623908 0.08409138768911362
v 0.05994019284844403 0.01656409725546838 0.09543272107839584
v 0.05994019284844403 0.023161767050623908 0.08409138768911362
v 0.05939660966396336 0.02782659791409971 0.0899122878909111
v 0.05939660966396336 0.02782659791409971 0.0899122878909111
v 0.05994019284844403 0.023161767050623908 0.08409138768911362
v 0.05939660966396336 0.034453030675649664 0.07754375785589218
v 0.05939660966396336 0.02782659791409971 0.0899122878909111
v 0.05939660966396336 0.034453030675649664 0.07754375785589218
v 0.05828642845153813 0.033617813140153906 0.08707376569509506
v 0.05828642845153813 0.033617813140153906 0.08707376569509506
v 0.05939660966396336 0.034453030675649664 0.07754375785589218
v 0.05828642845153813 0.04025892168283465 0.07417698949575424
v 0.05828642845153813 0.033617813140153906 0.08707376569509506
v 0.05828642845153813 0.04025892168283465 0.07417698949575424
v 0.05656765401363376 0.039429198950529126 0.08422543853521347
v 0.05656765401363376 0.039429198950529126 0.08422543853521347
v 0.05828642845153813 0.04025892168283465 0.07417698949575424
v 0.05656765401363376 0.04608495160937312 0.07079853862524033
v 0.05656765401363376 0.039429198950529126 0.08422543853521347
v 0.05656765401363376 0.04608495160937312 0.07079853862524033
v 0.054219275712966954 0.045165151357650785 0.08141418546438217
v 0.054219275712966954 0.045165151357650785 0.08141418546438217
v 0.05656765401363376 0.04608495160937312 0.07079853862524033
v 0.054219275712966954 0.05183527246117595 0.06746398657560349
v 0.054219275712966954 0.045165151357650785 0.08141418546438217
v 0.054219275712966954 0.05183527246117595 0.06746398657560349
v 0.05124292895197872 0.05072480812668804 0.07868944853544235
v 0.05124292895197872 0.05072480812668804 0.07868944853544235
v 0.054219275712966954 0.05183527246117595 0.06746398657560349
v 0.05124292895197872 0.057408761233091396 0.06423195451498032
v 0.05124292895197872 0.05072480812668804 0.07868944853544235
v 0.05124292895197872 0.057408761233091396 0.06423195451498032
v 0.04765824973583225 0.056004188954830204 0.07610215991735458
v 0.04765824973583225 0.056004188954830204 0.07610215991735458
v 0.05124292895197872 0.057408761233091396 0.06423195451498032
v 0.04765824973583225 0.06270117312669758 0.06116291508078575
v 0.04765824973583225 0.056004188954830204 0.07610215991735458
v 0.04765824973583225 0.06270117312669758 0.06116291508078575
v 0.0435101427137852 0.06090619042515759 0.0736999437212944
v 0.0435101427137852 0.06090619042515759 0.0736999437212944
v 0.04765824973583225 0.06270117312669758 0.06116291508078575
v 0.0435101427137852 0.06761515885591511 0.0583132766187191
v 0.0435101427137852 0.06090619042515759 0.0736999437212944
v 0.0435101427137852 0.06761515885591511 0.0583132766187191
v 0.03886068984866145 0.06534021347761158 0.07152720540761948
v 0.03886068984866145 0.06534021347761158 0.07152720540761948
v 0.0435101427137852 0.06761515885591511 0.0583132766187191
v 0.03886068984866145 0.07205990701913838 0.055735763162374496
v 0.03886068984866145 0.06534021347761158 0.07152720540761948
v 0.03886068984866145 0.07205990701913838 0.055735763162374496
v 0.033792003989219686 0.06923568993806843 0.06961848586797714
v 0.033792003989219686 0.06923568993806843 0.06961848586797714
v 0.03886068984866145 0.07205990701913838 0.055735763162374496
v 0.033792003989219686 0.07596465945243841 0.05347138270735741
v 0.033792003989219686 0.06923568993806843 0.06961848586797714
v 0.033792003989219686 0.07596465945243841 0.05347138270735741
v 0.028397269546985644 0.0725360214710236 0.06800153106451035
v 0.028397269546985644 0.0725360214710236 0.06800153106451035
v 0.033792003989219686 0.07596465945243841 0.05347138270735741
v 0.028397269546985644 0.07927270978689199 0.05155300721526146
v 0.028397269546985644 0.0725360214710236 0.06800153106451035
v 0.028397269546985644 0.07927270978689199 0.05155300721526146
v 0.02277721837162973 0.07521189004182821 0.06669070571660995
v 0.02277721837162973 0.07521189004182821 0.06669070571660995
v 0.028397269546985644 0.07927270978689199 0.05155300721526146
v 0.02277721837162973 0.08195466548204428 0.049997683614492416
v 0.02277721837162973 0.07521189004182821 0.06669070571660995
v 0.02277721837162973 0.08195466548204428 0.049997683614492416
v 0.017091557383537303 0.07724517583847051 0.06569486111402512
v 0.017091557383537303 0.07724517583847051 0.06569486111402512
v 0.02277721837162973 0.08195466548204428 0.049997683614492416
v 0.017091557383537303 0.08399238437414175 0.04881596192717552
v 0.017091557383537303 0.07724517583847051 0.06569486111402512
v 0.017091557383537303 0.08399238437414175 0.04881596192717552
v 0.011821994557976731 0.07861574739217764 0.06502380222082138
v 0.011821994557976731 0.07861574739217764 0.06502380222082138
v 0.017091557383537303 0.08399238437414175 0.04881596192717552
v 0.011821994557976731 0.08536574989557272 0.04801946505904198
v 0.011821994557976731 0.07861574739217764 0.06502380222082138
v 0.011821994557976731 0.08536574989557272 0.04801946505904198
v 0.00299041345715523 0.0796345472335816 0.06452568620443344
v 0.00299041345715523 0.0796345472335816 0.06452568620443344
v 0.011821994557976731 0.08536574989557272 0.04801946505904198
v 0.00299041345715523 0.0863859578967095 0.047427739948034286
v -0.05437964573502544 0.03010891377925875 0.12626266479492188
v -0.05437964573502544 0.03395382687449457 0.11096649616956711
v -0.05668956786394123 0.02439949847757818 0.12762075662612915
v -0.05668956786394123 0.02439949847757818 0.12762075662612915
v -0.05437964573502544 0.03395382687449457 0.11096649616956711
v -0.05668956786394123 0.02823841944336893 0.11279769986867905
v -0.05668956786394123 0.02439949847757818 0.12762075662612915
v -0.05668956786394123 0.02823841944336893 0.11279769986867905
v -0.05837079882621769 0.018620731309056296 0.12899518013000488
v -0.05837079882621769 0.018620731309056296 0.12899518013000488
v -0.05668956786394123 0.02823841944336893 0.11279769986867905
v -0.05837079882621769 0.02245353348553182 0.11465098708868027
v -0.05837079882621769 0.018620731309056296 0.12899518013000488
v -0.05837079882621769 0.02245353348553182 0.11465098708868027
v -0.059444963932037395 0.012867642566561708 0.1303633749485016
v -0.059444963932037395 0.012867642566561708 0.1303633749485016
v -0.05837079882621769 0.02245353348553182 0.11465098708868027
v -0.059444963932037395 0.01669430360198022 0.11649587005376816
v -0.059444963932037395 0.012867642566561708 0.1303633749485016
v -0.059444963932037395 0.01669430360198022 0.11649587005376816
v -0.05992415919899945 0.0016788634238764655 0.1330239474773407
v -0.05992415919899945 0.0016788634238764655 0.1330239474773407
v -0.059444963932037395 0.01669430360198022 0.11649587005376816
v -0.05992415919899945 0.005493449047207836 0.12008347362279892
v -0.05992415919899945 0.0016788634238764655 0.1330239474773407
v -0.05992415919899945 0.005493449047207836 0.12008347362279892
v -0.05824340507388119 -0.009727516211569316 0.13573575019836426
v -0.05824340507388119 -0.009727516211569316 0.13573575019836426
v -0.05992415919899945 0.005493449047207836 0.12008347362279892
v -0.05824340507388119 -0.005925419274717574 0.12374027818441391
v -0.05824340507388119 -0.009727516211569316 0.13573575019836426
v -0.05824340507388119 -0.005925419274717574 0.12374027818441391
v -0.05650582909584049 -0.015504591166973124 0.13710904121398926
v -0.05650582909584049 -0.015504591166973124 0.13710904121398926
v -0.05824340507388119 -0.005925419274717574 0.12374027818441391
v -0.05650582909584049 -0.011708891950547702 0.12559214234352112
v -0.05650582909584049 -0.015504591166973124 0.13710904121398926
v -0.05650582909584049 -0.011708891950547702 0.12559214234352112
v -0.05413822457194332 -0.021203802898526206 0.13846367597579956
v -0.05413822457194332 -0.021203802898526206 0.13846367597579956
v -0.05650582909584049 -0.011708891950547702 0.12559214234352112
v -0.05413822457194332 -0.01741446927189828 0.1274189054965973
v -0.05413822457194332 -0.021203802898526206 0.13846367597579956
v -0.05413822457194332 -0.01741446927189828 0.1274189054965973
v -0.05114311352372173 -0.026724660769104975 0.13977575302124023
v -0.05114311352372173 -0.026724660769104975 0.13977575302124023
v -0.05413822457194332 -0.01741446927189828 0.1274189054965973
v -0.05114311352372173 -0.02294155023992063 0.12918829917907715
v -0.05114311352372173 -0.026724660769104975 0.13977575302124023
v -0.05114311352372173 -0.02294155023992063 0.12918829917907715
v -0.047540526837110554 -0.03196385130286219 0.1410207450389862
v -0.047540526837110554 -0.03196385130286219 0.1410207450389862
v -0.05114311352372173 -0.02294155023992063 0.12918829917907715
v -0.047540526837110554 -0.02818670868873598 0.13086721301078796
v -0.047540526837110554 -0.03196385130286219 0.1410207450389862
v -0.047540526837110554 -0.02818670868873598 0.13086721301078796
v -0.04337627440690997 -0.036825083196163205 0.14217573404312134
v -0.04337627440690997 -0.036825083196163205 0.14217573404312134
v -0.047540526837110554 -0.02818670868873598 0.13086721301078796
v -0.04337627440690997 -0.03305354341864588 0.13242483139038086
v -0.04337627440690997 -0.036825083196163205 0.14217573404312134
v -0.04337627440690997 -0.03305354341864588 0.13242483139038086
v -0.038712788373231916 -0.04121857881546023 0.14321938157081604
v -0.038712788373231916 -0.04121857881546023 0.14321938157081604
v -0.04337627440690997 -0.03305354341864588 0.13242483139038086
v -0.038712788373231916 -0.03745217993855479 0.13383233547210693
v -0.038712788373231916 -0.04121857881546023 0.14321938157081604
v -0.038712788373231916 -0.03745217993855479 0.13383233547210693
v -0.0336328372359276 -0.045074835419654874 0.14413520693778992
v -0.0336328372359276 -0.045074835419654874 0.14413520693778992
v -0.038712788373231916 -0.03745217993855479 0.13383233547210693
v -0.0336328372359276 -0.041313029825687436 0.13506746292114258
v -0.0336328372359276 -0.045074835419654874 0.14413520693778992
v -0.0336328372359276 -0.041313029825687436 0.13506746292114258
v -0.028229752555489557 -0.048338048160076176 0.14490997791290283
v -0.028229752555489557 -0.048338048160076176 0.14490997791290283
v -0.0336328372359276 -0.041313029825687436 0.13506746292114258
v -0.028229752555489557 -0.04458021745085719 0.13611239194869995
v -0.028229752555489557 -0.048338048160076176 0.14490997791290283
v -0.028229752555489557 -0.04458021745085719 0.13611239194869995
v -0.022604495286941542 -0.05097987502813343 0.1455368995666504
v -0.022604495286941542 -0.05097987502813343 0.1455368995666504
v -0.028229752555489557 -0.04458021745085719 0.13611239194869995
v -0.022604495286941542 -0.04722536355257038 0.13695800304412842
v -0.022604495286941542 -0.05097987502813343 0.1455368995666504
v -0.022604495286941542 -0.04722536355257038 0.13695800304412842
v -0.016859784722328196 -0.05298767983913425 0.1460130512714386
v -0.016859784722328196 -0.05298767983913425 0.1460130512714386
v -0.022604495286941542 -0.04722536355257038 0.13695800304412842
v -0.016859784722328196 -0.04923581331968311 0.13760030269622803
v -0.016859784722328196 -0.05298767983913425 0.1460130512714386
v -0.016859784722328196 -0.04923581331968311 0.13760030269622803
v -0.011092000640928752 -0.05437523499131206 0.1463417410850525
v -0.011092000640928752 -0.05437523499131206 0.1463417410850525
v -0.016859784722328196 -0.04923581331968311 0.13760030269622803
v -0.011092000640928752 -0.050625346601009404 0.13804373145103455
v -0.011092000640928752 -0.05437523499131206 0.1463417410850525
v -0.011092000640928752 -0.050625346601009404 0.13804373145103455
v -0.005397376604378227 -0.05516901612281803 0.14652922749519348
v -0.005397376604378227 -0.05516901612281803 0.14652922749519348
v -0.011092000640928752 -0.050625346601009404 0.13804373145103455
v -0.005397376604378227 -0.051420450210571324 0.13829678297042847
v -0.005397376604378227 -0.05516901612281803 0.14652922749519348
v -0.005397376604378227 -0.051420450210571324 0.13829678297042847
v 0.005738519132137302 -0.0551392957568169 0.1465197503566742
v 0.005738519132137302 -0.0551392957568169 0.1465197503566742
v -0.005397376604378227 -0.051420450210571324 0.13829678297042847
v 0.005738519132137302 -0.05139161273837093 0.13828444480895996
v 0.005738519132137302 -0.0551392957568169 0.1465197503566742
v 0.005738519132137302 -0.05139161273837093 0.13828444480895996
v 0.011440484784543521 -0.05431287363171581 0.14632198214530945
v 0.011440484784543521 -0.05431287363171581 0.14632198214530945
v 0.005738519132137302 -0.05139161273837093 0.13828444480895996
v 0.011440484784543521 -0.05056476220488552 0.13801801204681396
v 0.011440484784543521 -0.05431287363171581 0.14632198214530945
v 0.011440484784543521 -0.05056476220488552 0.13801801204681396
v 0.017209554091095935 -0.05289062485098842 0.145982563495636
v 0.017209554091095935 -0.05289062485098842 0.145982563495636
v 0.011440484784543521 -0.05056476220488552 0.13801801204681396
v 0.017209554091095935 -0.04914144799113277 0.13756051659584045
v 0.017209554091095935 -0.05289062485098842 0.145982563495636
v 0.017209554091095935 -0.04914144799113277 0.13756051659584045
v 0.02294983156025411 -0.05084677785634998 0.14549532532691956
v 0.02294983156025411 -0.05084677785634998 0.14549532532691956
v 0.017209554091095935 -0.04914144799113277 0.13756051659584045
v 0.02294983156025411 -0.04709585756063465 0.13690373301506042
v 0.02294983156025411 -0.05084677785634998 0.14549532532691956
v 0.02294983156025411 -0.04709585756063465 0.13690373301506042
v 0.028564581647515314 -0.048168994486331974 0.14485737681388855
v 0.028564581647515314 -0.048168994486331974 0.14485737681388855
v 0.02294983156025411 -0.04709585756063465 0.13690373301506042
v 0.028564581647515314 -0.04441563412547114 0.1360437273979187
v 0.028564581647515314 -0.048168994486331974 0.14485737681388855
v 0.028564581647515314 -0.04441563412547114 0.1360437273979187
v 0.03395087271928789 -0.0448708385229111 0.14407196640968323
v 0.03395087271928789 -0.0448708385229111 0.14407196640968323
v 0.028564581647515314 -0.04441563412547114 0.1360437273979187
v 0.03395087271928789 -0.04111434891819957 0.13498488068580627
v 0.03395087271928789 -0.0448708385229111 0.14407196640968323
v 0.03395087271928789 -0.04111434891819957 0.13498488068580627
v 0.039008203893899945 -0.04098229482769969 0.14314624667167664
v 0.039008203893899945 -0.04098229482769969 0.14314624667167664
v 0.03395087271928789 -0.04111434891819957 0.13498488068580627
v 0.039008203893899945 -0.037222009152174024 0.13373681902885437
v 0.039008203893899945 -0.04098229482769969 0.14314624667167664
v 0.039008203893899945 -0.037222009152174024 0.13373681902885437
v 0.04364354535937312 -0.036560039967298535 0.1420937180519104
v 0.04364354535937312 -0.036560039967298535 0.1420937180519104
v 0.039008203893899945 -0.037222009152174024 0.13373681902885437
v 0.04364354535937312 -0.032795343548059484 0.13231772184371948
v 0.04364354535937312 -0.036560039967298535 0.1420937180519104
v 0.04364354535937312 -0.032795343548059484 0.13231772184371948
v 0.04777545109391216 -0.031674887984991094 0.14093124866485596
v 0.04777545109391216 -0.031674887984991094 0.14093124866485596
v 0.04364354535937312 -0.032795343548059484 0.13231772184371948
v 0.04777545109391216 -0.02790524438023569 0.13075032830238342
v 0.04777545109391216 -0.031674887984991094 0.14093124866485596
v 0.04777545109391216 -0.02790524438023569 0.13075032830238342
v 0.05134218186140064 -0.02641719207167627 0.13968029618263245
v 0.05134218186140064 -0.02641719207167627 0.13968029618263245
v 0.04777545109391216 -0.02790524438023569 0.13075032830238342
v 0.05134218186140064 -0.022642144933342948 0.1290636658668518
v 0.05134218186140064 -0.02641719207167627 0.13968029618263245
v 0.05134218186140064 -0.022642144933342948 0.1290636658668518
v 0.05429974943399433 -0.02088372409343721 0.13836392760276794
v 0.05429974943399433 -0.02088372409343721 0.13836392760276794
v 0.05134218186140064 -0.022642144933342948 0.1290636658668518
v 0.05429974943399433 -0.017102928832173358 0.12728869915008545
v 0.05429974943399433 -0.02088372409343721 0.13836392760276794
v 0.05429974943399433 -0.017102928832173358 0.12728869915008545
v 0.056628901511430775 -0.015177927911281596 0.1370067000389099
v 0.056628901511430775 -0.015177927911281596 0.1370067000389099
v 0.05429974943399433 -0.017102928832173358 0.12728869915008545
v 0.056628901511430775 -0.011391145177185542 0.12545865774154663
v 0.056628901511430775 -0.015177927911281596 0.1370067000389099
v 0.056628901511430775 -0.011391145177185542 0.12545865774154663
v 0.058328893035650295 -0.009399865753948695 0.13563242554664612
v 0.058328893035650295 -0.009399865753948695 0.13563242554664612
v 0.056628901511430775 -0.011391145177185542 0.12545865774154663
v 0.058328893035650295 -0.00560696562752128 0.12360560148954391
v 0.058328893035650295 -0.009399865753948695 0.13563242554664612
v 0.058328893035650295 -0.00560696562752128 0.12360560148954391
v 0.05994019284844403 0.001993054756894709 0.13292306661605835
v 0.05994019284844403 0.001993054756894709 0.13292306661605835
v 0.058328893035650295 -0.00560696562752128 0.12360560148954391
v 0.05994019284844403 0.005798158701509241 0.1199522539973259
v 0.05994019284844403 0.001993054756894709 0.13292306661605835
v 0.05994019284844403 0.005798158701509241 0.1199522539973259
v 0.05939660966396336 0.013190492056310186 0.1302606761455536
v 0.05939660966396336 0.013190492056310186 0.1302606761455536
v 0.05994019284844403 0.005798158701509241 0.1199522539973259
v 0.05939660966396336 0.017007764428854 0.11636214703321457
v 0.05939660966396336 0.013190492056310186 0.1302606761455536
v 0.05939660966396336 0.017007764428854 0.11636214703321457
v 0.05828642845153813 0.01894832588732244 0.12889185547828674
v 0.05828642845153813 0.01894832588732244 0.12889185547828674
v 0.05939660966396336 0.017007764428854 0.11636214703321457
v 0.05828642845153813 0.022771924734115614 0.11451631039381027
v 0.05828642845153813 0.01894832588732244 0.12889185547828674
v 0.05828642845153813 0.022771924734115614 0.11451631039381027
v 0.05656765401363376 0.024726271629333513 0.12751835584640503
v 0.05656765401363376 0.024726271629333513 0.12751835584640503
v 0.05828642845153813 0.022771924734115614 0.11451631039381027
v 0.05656765401363376 0.028556266799569147 0.11266415566205978
v 0.05656765401363376 0.024726271629333513 0.12751835584640503
v 0.05656765401363376 0.028556266799569147 0.11266415566205978
v 0.054219275712966954 0.030429277569055578 0.1261627972126007
v 0.054219275712966954 0.030429277569055578 0.1261627972126007
v 0.05656765401363376 0.028556266799569147 0.11266415566205978
v 0.054219275712966954 0.03426564112305643 0.11083617061376572
v 0.054219275712966954 0.030429277569055578 0.1261627972126007
v 0.054219275712966954 0.03426564112305643 0.11083617061376572
v 0.05124292895197872 0.03595706820487978 0.12484907358884811
v 0.05124292895197872 0.03595706820487978 0.12484907358884811
v 0.054219275712966954 0.03426564112305643 0.11083617061376572
v 0.05124292895197872 0.03979966044425967 0.10906457155942917
v 0.05124292895197872 0.03595706820487978 0.12484907358884811
v 0.05124292895197872 0.03979966044425967 0.10906457155942917
v 0.04765824973583225 0.04120625555515292 0.12360169738531113
v 0.04765824973583225 0.04120625555515292 0.12360169738531113
v 0.05124292895197872 0.03979966044425967 0.10906457155942917
v 0.04765824973583225 0.045054826885461835 0.1073824092745781
v 0.04765824973583225 0.04120625555515292 0.12360169738531113
v 0.04765824973583225 0.045054826885461835 0.1073824092745781
v 0.0435101427137852 0.04608030244708064 0.12244366854429245
v 0.0435101427137852 0.04608030244708064 0.12244366854429245
v 0.04765824973583225 0.045054826885461835 0.1073824092745781
v 0.0435101427137852 0.04993448778986934 0.10582070797681808
v 0.0435101427137852 0.04608030244708064 0.12244366854429245
v 0.0435101427137852 0.04993448778986934 0.10582070797681808
v 0.03886068984866145 0.05048911646008495 0.12139635533094406
v 0.03886068984866145 0.05048911646008495 0.12139635533094406
v 0.0435101427137852 0.04993448778986934 0.10582070797681808
v 0.03886068984866145 0.05434845760464672 0.10440828651189804
v 0.03886068984866145 0.05048911646008495 0.12139635533094406
v 0.03886068984866145 0.05434845760464672 0.10440828651189804
v 0.033792003989219686 0.054362535476684605 0.12047644704580307
v 0.033792003989219686 0.054362535476684605 0.12047644704580307
v 0.03886068984866145 0.05434845760464672 0.10440828651189804
v 0.033792003989219686 0.058226488530635875 0.10316764563322067
v 0.033792003989219686 0.054362535476684605 0.12047644704580307
v 0.033792003989219686 0.058226488530635875 0.10316764563322067
v 0.028397269546985644 0.05764428898692135 0.11969729512929916
v 0.028397269546985644 0.05764428898692135 0.11969729512929916
v 0.033792003989219686 0.058226488530635875 0.10316764563322067
v 0.028397269546985644 0.06151223555207257 0.10211678594350815
v 0.028397269546985644 0.05764428898692135 0.11969729512929916
v 0.028397269546985644 0.06151223555207257 0.10211678594350815
v 0.02277721837162973 0.06030520051717762 0.11906581372022629
v 0.02277721837162973 0.06030520051717762 0.11906581372022629
v 0.028397269546985644 0.06151223555207257 0.10211678594350815
v 0.02277721837162973 0.06417649239301686 0.10126503556966782
v 0.02277721837162973 0.06030520051717762 0.11906581372022629
v 0.02277721837162973 0.06417649239301686 0.10126503556966782
v 0.017091557383537303 0.062327254563570064 0.11858626455068588
v 0.017091557383537303 0.062327254563570064 0.11858626455068588
v 0.02277721837162973 0.06417649239301686 0.10126503556966782
v 0.017091557383537303 0.0662012025713921 0.1006181463599205
v 0.017091557383537303 0.062327254563570064 0.11858626455068588
v 0.017091557383537303 0.0662012025713921 0.1006181463599205
v 0.011821994557976731 0.06369039416313176 0.11826326698064804
v 0.011821994557976731 0.06369039416313176 0.11826326698064804
v 0.017091557383537303 0.0662012025713921 0.1006181463599205
v 0.011821994557976731 0.0675662457942963 0.1001824364066124
v 0.011821994557976731 0.06369039416313176 0.11826326698064804
v 0.011821994557976731 0.0675662457942963 0.1001824364066124
v 0.00299041345715523 0.06470412015914921 0.11802416294813156
v 0.00299041345715523 0.06470412015914921 0.11802416294813156
v 0.011821994557976731 0.0675662457942963 0.1001824364066124
v 0.00299041345715523 0.06858178973197941 0.09985964745283127
v 0.00299041345715523 0.06470412015914921 0.11802416294813156
v 0.00299041345715523 0.06858178973197941 0.09985964745283127
v -0.003546169260516765 0.06480933725833897 0.1180005595088005
v -0.003546169260516765 0.06480933725833897 0.1180005595088005
v 0.00299041345715523 0.06858178973197941 0.09985964745283127
v -0.003546169260516765 0.0686876624822617 0.09982755035161972
v -0.003546169260516765 0.06480933725833897 0.1180005595088005
v -0.003546169260516765 0.0686876624822617 0.09982755035161972
v -0.011614818125963218 0.0636747777462006 0.11827211827039719
v -0.011614818125963218 0.0636747777462006 0.11827211827039719
v -0.003546169260516765 0.0686876624822617 0.09982755035161972
v -0.011614818125963218 0.06755252927541737 0.10019340366125107
v -0.011614818125963218 0.0636747777462006 0.11827211827039719
v -0.011614818125963218 0.06755252927541737 0.10019340366125107
v -0.017384400591254245 0.06223401799798016 0.11861594766378403
v -0.017384400591254245 0.06223401799798016 0.11861594766378403
v -0.011614818125963218 0.06755252927541737 0.10019340366125107
v -0.017384400591254245 0.06611069291830067 0.10065679997205734
v -0.017384400591254245 0.06223401799798016 0.11861594766378403
v -0.017384400591254245 0.06611069291830067 0.10065679997205734
v -0.02312232926487924 0.06017100065946583 0.11910774558782578
v -0.02312232926487924 0.06017100065946583 0.11910774558782578
v -0.017384400591254245 0.06611069291830067 0.10065679997205734
v -0.02312232926487924 0.06404590606689457 0.10131972283124924
v -0.02312232926487924 0.06017100065946583 0.11910774558782578
v -0.02312232926487924 0.06404590606689457 0.10131972283124924
v -0.028731683269143125 0.057474154978990596 0.11975022405385971
v -0.028731683269143125 0.057474154978990596 0.11975022405385971
v -0.02312232926487924 0.06404590606689457 0.10131972283124924
v -0.028731683269143125 0.06134660169482235 0.10218583792448044
v -0.028731683269143125 0.057474154978990596 0.11975022405385971
v -0.028731683269143125 0.06134660169482235 0.10218583792448044
v -0.034109439700841925 0.054157510399818455 0.12054001539945602
v -0.034109439700841925 0.054157510399818455 0.12054001539945602
v -0.028731683269143125 0.06134660169482235 0.10218583792448044
v -0.034109439700841925 0.05802680179476742 0.1032506451010704
v -0.034109439700841925 0.054157510399818455 0.12054001539945602
v -0.034109439700841925 0.05802680179476742 0.1032506451010704
v -0.0391553342342377 0.05025190487504009 0.12146978825330734
v -0.0391553342342377 0.05025190487504009 0.12146978825330734
v -0.034109439700841925 0.05802680179476742 0.1032506451010704
v -0.0391553342342377 0.05411738157272342 0.10450416058301926
v -0.0391553342342377 0.05025190487504009 0.12146978825330734
v -0.0391553342342377 0.05411738157272342 0.10450416058301926
v -0.043776482343673734 0.0458144545555115 0.12252592295408249
v -0.043776482343673734 0.0458144545555115 0.12252592295408249
v -0.0391553342342377 0.05411738157272342 0.10450416058301926
v -0.043776482343673734 0.04967550560832027 0.10592814534902573
v -0.043776482343673734 0.0458144545555115 0.12252592295408249
v -0.043776482343673734 0.04967550560832027 0.10592814534902573
v -0.04789213836193088 0.04091665521264079 0.12369140237569809
v -0.04789213836193088 0.04091665521264079 0.12369140237569809
v -0.043776482343673734 0.04967550560832027 0.10592814534902573
v -0.04789213836193088 0.0447727404534817 0.10749956220388412
v -0.04789213836193088 0.04091665521264079 0.12369140237569809
v -0.04789213836193088 0.0447727404534817 0.10749956220388412
v -0.05144087597727779 0.03564912825822832 0.12494467943906784
v -0.05144087597727779 0.03564912825822832 0.12494467943906784
v -0.04789213836193088 0.0447727404534817 0.10749956220388412
v -0.05144087597727779 0.039499800652265576 0.10918938368558884
v -9.466975404370389e-18 0.012499999254941949 -0.06000000610947609
v 0.00299041345715523 0.0310068801045418 -0.05988869443535805
v -9.466975404370389e-18 0.012499999254941949 -0.06000000610947609
v -0.003546169260516765 0.03102254495024683 -0.059998784214258194
v 0.00299041345715523 0.0310068801045418 -0.05988869443535805
v -0.003546169260516765 0.03102254495024683 -0.059998784214258194
v -0.0015107626095414173 0.04029280692338946 -0.05998793616890907
v -0.0015107626095414173 0.04029280692338946 -0.05998793616890907
v -0.003546169260516765 0.03102254495024683 -0.059998784214258194
v -0.003546169260516765 0.04029548168182376 -0.0599999763071537
v -0.0015107626095414173 0.04029280692338946 -0.05998793616890907
v -0.003546169260516765 0.04029548168182376 -0.0599999763071537
v -0.0015107626095414173 0.04474166780710223 -0.05993634834885597
v -0.0015107626095414173 0.04474166780710223 -0.05993634834885597
v -0.003546169260516765 0.04029548168182376 -0.0599999763071537
v -0.003546169260516765 0.04912390932440761 -0.05955759063363075
v -0.0015107626095414173 0.04474166780710223 -0.05993634834885597
v -0.003546169260516765 0.04912390932440761 -0.05955759063363075
v -0.0015107626095414173 0.049120295792818104 -0.05954558029770851
v -0.0015107626095414173 0.049120295792818104 -0.05954558029770851
v -0.003546169260516765 0.04912390932440761 -0.05955759063363075
v -0.0015107626095414173 0.05356621369719509 -0.058745358139276505
v -0.0015107626095414173 0.049120295792818104 -0.05954558029770851
v -0.0015107626095414173 0.05356621369719509 -0.058745358139276505
v 0.00299041345715523 0.05353071913123134 -0.0586412288248539
v 0.00299041345715523 0.05353071913123134 -0.0586412288248539
v -0.0015107626095414173 0.05356621369719509 -0.058745358139276505
v 0.00299041345715523 0.057963725179433864 -0.05741611495614052
v 0.00299041345715523 0.05353071913123134 -0.0586412288248539
v 0.00299041345715523 0.057963725179433864 -0.05741611495614052
v 0.0073463190346956305 0.05784038081765179 -0.05708739534020424
v 0.0073463190346956305 0.05784038081765179 -0.05708739534020424
v 0.00299041345715523 0.057963725179433864 -0.05741611495614052
v 0.00299041345715523 0.06234380975365643 -0.05575314536690712
v 0.0073463190346956305 0.05784038081765179 -0.05708739534020424
v 0.00299041345715523 0.06234380975365643 -0.05575314536690712
v 0.0073463190346956305 0.0664579495787621 -0.05332747474312782
v 0.0073463190346956305 0.0664579495787621 -0.05332747474312782
v 0.00299041345715523 0.06234380975365643 -0.05575314536690712
v 0.00299041345715523 0.06660748273134236 -0.0536561943590641
v 0.0073463190346956305 0.0664579495787621 -0.05332747474312782
v 0.00299041345715523 0.06660748273134236 -0.0536561943590641
v 0.00299041345715523 0.07068889588117604 -0.051137689501047134
v 0.00299041345715523 0.07068889588117604 -0.051137689501047134
v 0.00299041345715523 0.06660748273134236 -0.0536561943590641
v -0.0015107626095414173 0.06665516644716267 -0.05376074090600014
v 0.00299041345715523 0.07068889588117604 -0.051137689501047134
v -0.0015107626095414173 0.06665516644716267 -0.05376074090600014
v -0.0015107626095414173 0.07074053585529332 -0.051241759210824966
v -0.0015107626095414173 0.07074053585529332 -0.051241759210824966
v -0.0015107626095414173 0.06665516644716267 -0.05376074090600014
v -0.003546169260516765 0.06666068732738499 -0.05377272143959999
v -0.0015107626095414173 0.07074053585529332 -0.051241759210824966
v -0.003546169260516765 0.06666068732738499 -0.05377272143959999
v -0.0015107626095414173 0.07458283752202993 -0.048329535871744156
v -0.0015107626095414173 0.07458283752202993 -0.048329535871744156
v -0.003546169260516765 0.06666068732738499 -0.05377272143959999
v -0.003546169260516765 0.07458916306495672 -0.04834139719605446
v -0.0015107626095414173 0.07458283752202993 -0.048329535871744156
v -0.003546169260516765 0.07458916306495672 -0.04834139719605446
v -0.0015107626095414173 0.07812583446502691 -0.04506025090813637
v -0.0015107626095414173 0.07812583446502691 -0.04506025090813637
v -0.003546169260516765 0.07458916306495672 -0.04834139719605446
v -0.003546169260516765 0.08133105188608175 -0.0414949394762516
v -0.0015107626095414173 0.07812583446502691 -0.04506025090813637
v -0.003546169260516765 0.08133105188608175 -0.0414949394762516
v -0.0015107626095414173 0.08132400363683706 -0.04148328676819801
v -0.0015107626095414173 0.08132400363683706 -0.04148328676819801
v -0.003546169260516765 0.08133105188608175 -0.0414949394762516
v -0.0015107626095414173 0.08413890004158026 -0.037653181701898575
v -0.0015107626095414173 0.08132400363683706 -0.04148328676819801
v -0.0015107626095414173 0.08413890004158026 -0.037653181701898575
v 0.00299041345715523 0.08407324552536016 -0.037553731352090836
v -0.05437964573502544 0.038884539157152204 0.09603654593229294
v -0.05437964573502544 0.04483283683657649 0.08159258216619492
v -0.05668956786394123 0.033159542828798315 0.09835224598646164
v -0.05668956786394123 0.033159542828798315 0.09835224598646164
v -0.05437964573502544 0.04483283683657649 0.08159258216619492
v -0.05668956786394123 0.03909000381827357 0.08440785855054855
v -0.05668956786394123 0.033159542828798315 0.09835224598646164
v -0.05668956786394123 0.03909000381827357 0.08440785855054855
v -0.05837079882621769 0.02736495807766916 0.10069587081670761
v -0.05837079882621769 0.02736495807766916 0.10069587081670761
v -0.05668956786394123 0.03909000381827357 0.08440785855054855
v -0.05837079882621769 0.03327747806906702 0.08725722879171371
v -0.05837079882621769 0.02736495807766916 0.10069587081670761
v -0.05837079882621769 0.03327747806906702 0.08725722879171371
v -0.059444963932037395 0.021596081554889693 0.10302897542715073
v -0.059444963932037395 0.021596081554889693 0.10302897542715073
v -0.05837079882621769 0.03327747806906702 0.08725722879171371
v -0.059444963932037395 0.02749083563685419 0.09009381383657455
v -0.059444963932037395 0.021596081554889693 0.10302897542715073
v -0.059444963932037395 0.02749083563685419 0.09009381383657455
v -0.05992415919899945 0.01037648972123862 0.1075659915804863
v -0.05992415919899945 0.01037648972123862 0.1075659915804863
v -0.059444963932037395 0.02749083563685419 0.09009381383657455
v -0.05992415919899945 0.016236945986747752 0.09561019390821457
v -0.05992415919899945 0.01037648972123862 0.1075659915804863
v -0.05992415919899945 0.016236945986747752 0.09561019390821457
v -0.05824340507388119 -0.0010614477796480066 0.11219068616628647
v -0.05824340507388119 -0.0010614477796480066 0.11219068616628647
v -0.05992415919899945 0.016236945986747752 0.09561019390821457
v -0.05824340507388119 0.004764392971992496 0.10123344510793686
v -0.05824340507388119 -0.0010614477796480066 0.11219068616628647
v -0.05824340507388119 0.004764392971992496 0.10123344510793686
v -0.05650582909584049 -0.006854565814137463 0.11453279107809067
v -0.05650582909584049 -0.006854565814137463 0.11453279107809067
v -0.05824340507388119 0.004764392971992496 0.10123344510793686
v -0.05650582909584049 -0.0010461151832714683 0.10408132523298264
v -0.05650582909584049 -0.006854565814137463 0.11453279107809067
v -0.05650582909584049 -0.0010461151832714683 0.10408132523298264
v -0.05413822457194332 -0.012569649145007142 0.11684312671422958
v -0.05413822457194332 -0.012569649145007142 0.11684312671422958
v -0.05650582909584049 -0.0010461151832714683 0.10408132523298264
v -0.05413822457194332 -0.006778249051421885 0.10689070075750351
v -0.05413822457194332 -0.012569649145007142 0.11684312671422958
v -0.05413822457194332 -0.006778249051421885 0.10689070075750351
v -0.05114311352372173 -0.018105929717421542 0.11908098310232162
v -0.05114311352372173 -0.018105929717421542 0.11908098310232162
v -0.05413822457194332 -0.006778249051421885 0.10689070075750351
v -0.05114311352372173 -0.012330933474004277 0.10961204022169113
v -0.05114311352372173 -0.018105929717421542 0.11908098310232162
v -0.05114311352372173 -0.012330933474004277 0.10961204022169113
v -0.047540526837110554 -0.023359805345535292 0.12120445817708969
v -0.047540526837110554 -0.023359805345535292 0.12120445817708969
v -0.05114311352372173 -0.012330933474004277 0.10961204022169113
v -0.047540526837110554 -0.017600255087018023 0.11219438165426254
v -0.047540526837110554 -0.023359805345535292 0.12120445817708969
v -0.047540526837110554 -0.017600255087018023 0.11219438165426254
v -0.04337627440690997 -0.028234720230102556 0.12317454069852829
v -0.04337627440690997 -0.028234720230102556 0.12317454069852829
v -0.047540526837110554 -0.017600255087018023 0.11219438165426254
v -0.04337627440690997 -0.022489370778203024 0.11459027975797653
v -0.04337627440690997 -0.028234720230102556 0.12317454069852829
v -0.04337627440690997 -0.022489370778203024 0.11459027975797653
v -0.038712788373231916 -0.032640643417835256 0.12495484203100204
v -0.038712788373231916 -0.032640643417835256 0.12495484203100204
v -0.04337627440690997 -0.022489370778203024 0.11459027975797653
v -0.038712788373231916 -0.026907982304692286 0.11675547808408737
v -0.038712788373231916 -0.032640643417835256 0.12495484203100204
v -0.038712788373231916 -0.026907982304692286 0.11675547808408737
v -0.0336328372359276 -0.03650787472724917 0.1265171766281128
v -0.0336328372359276 -0.03650787472724917 0.1265171766281128
v -0.038712788373231916 -0.026907982304692286 0.11675547808408737
v -0.0336328372359276 -0.030786192044615766 0.1186557337641716
v -0.0336328372359276 -0.03650787472724917 0.1265171766281128
v -0.0336328372359276 -0.030786192044615766 0.1186557337641716
v -0.028229752555489557 -0.0397804491221905 0.12783896923065186
v -0.028229752555489557 -0.0397804491221905 0.12783896923065186
v -0.0336328372359276 -0.030786192044615766 0.1186557337641716
v -0.028229752555489557 -0.03406788036227228 0.12026353925466537
v -0.028229752555489557 -0.0397804491221905 0.12783896923065186
v -0.028229752555489557 -0.03406788036227228 0.12026353925466537
v -0.022604495286941542 -0.04242993518710139 0.12890872359275818
v -0.022604495286941542 -0.04242993518710139 0.12890872359275818
v -0.028229752555489557 -0.03406788036227228 0.12026353925466537
v -0.022604495286941542 -0.036724545061588315 0.12156494706869125
v -0.022604495286941542 -0.04242993518710139 0.12890872359275818
v -0.022604495286941542 -0.036724545061588315 0.12156494706869125
v -0.016859784722328196 -0.04444366320967677 0.12972137331962585
v -0.016859784722328196 -0.04444366320967677 0.12972137331962585
v -0.022604495286941542 -0.036724545061588315 0.12156494706869125
v -0.016859784722328196 -0.03874349221587184 0.1225537583231926
v -0.016859784722328196 -0.04444366320967677 0.12972137331962585
v -0.016859784722328196 -0.03874349221587184 0.1225537583231926
v -0.011092000640928752 -0.04583543539047244 0.13028252124786377
v -0.011092000640928752 -0.04583543539047244 0.13028252124786377
v -0.016859784722328196 -0.03874349221587184 0.1225537583231926
v -0.011092000640928752 -0.04013857990503314 0.1232367679476738
v -0.011092000640928752 -0.04583543539047244 0.13028252124786377
v -0.011092000640928752 -0.04013857990503314 0.1232367679476738
v -0.005397376604378227 -0.046631786972284345 0.1306028962135315
v -0.005397376604378227 -0.046631786972284345 0.1306028962135315
v -0.011092000640928752 -0.04013857990503314 0.1232367679476738
v -0.005397376604378227 -0.04093644767999652 0.12362702935934067
v -0.005397376604378227 -0.046631786972284345 0.1306028962135315
v -0.005397376604378227 -0.04093644767999652 0.12362702935934067
v 0.00016779782890807848 -0.04687710106372837 0.1307004988193512
v 0.00016779782890807848 -0.04687710106372837 0.1307004988193512
v -0.005397376604378227 -0.04093644767999652 0.12362702935934067
v 0.00016779782890807848 -0.041181616485118894 0.12374641746282578
v 0.00016779782890807848 -0.04687710106372837 0.1307004988193512
v 0.00016779782890807848 -0.041181616485118894 0.12374641746282578
v 0.005738519132137302 -0.04660273715853694 0.13058793544769287
v 0.005738519132137302 -0.04660273715853694 0.13058793544769287
v 0.00016779782890807848 -0.041181616485118894 0.12374641746282578
v 0.005738519132137302 -0.04090552031993869 0.12361028045415878
v 0.005738519132137302 -0.04660273715853694 0.13058793544769287
v 0.005738519132137302 -0.04090552031993869 0.12361028045415878
v 0.011440484784543521 -0.04577442258596423 0.13025134801864624
v 0.011440484784543521 -0.04577442258596423 0.13025134801864624
v 0.005738519132137302 -0.04090552031993869 0.12361028045415878
v 0.011440484784543521 -0.0400737635791302 0.12320178002119064
v 0.011440484784543521 -0.04577442258596423 0.13025134801864624
v 0.011440484784543521 -0.0400737635791302 0.12320178002119064
v 0.017209554091095935 -0.0443486422300339 0.12967315316200256
v 0.017209554091095935 -0.0443486422300339 0.12967315316200256
v 0.011440484784543521 -0.0400737635791302 0.12320178002119064
v 0.017209554091095935 -0.03864270821213725 0.1224994882941246
v 0.017209554091095935 -0.0443486422300339 0.12967315316200256
v 0.017209554091095935 -0.03864270821213725 0.1224994882941246
v 0.02294983156025411 -0.042299550026655225 0.12884292006492615
v 0.02294983156025411 -0.042299550026655225 0.12884292006492615
v 0.017209554091095935 -0.03864270821213725 0.1224994882941246
v 0.02294983156025411 -0.036586441099643735 0.12149073928594589
v 0.02294983156025411 -0.042299550026655225 0.12884292006492615
v 0.02294983156025411 -0.036586441099643735 0.12149073928594589
v 0.028564581647515314 -0.03961475938558581 0.12775564193725586
v 0.028564581647515314 -0.03961475938558581 0.12775564193725586
v 0.02294983156025411 -0.036586441099643735 0.12149073928594589
v 0.028564581647515314 -0.03389256447553637 0.12016948312520981
v 0.028564581647515314 -0.03961475938558581 0.12775564193725586
v 0.028564581647515314 -0.03389256447553637 0.12016948312520981
v 0.03395087271928789 -0.03630787879228594 0.1264168918132782
v 0.03395087271928789 -0.03630787879228594 0.1264168918132782
v 0.028564581647515314 -0.03389256447553637 0.12016948312520981
v 0.03395087271928789 -0.030574731528759024 0.11854242533445358
v 0.03395087271928789 -0.03630787879228594 0.1264168918132782
v 0.03395087271928789 -0.030574731528759024 0.11854242533445358
v 0.039008203893899945 -0.032408952713012716 0.12483879178762436
v 0.039008203893899945 -0.032408952713012716 0.12483879178762436
v 0.03395087271928789 -0.030574731528759024 0.11854242533445358
v 0.039008203893899945 -0.02666310407221319 0.11662434786558151
v 0.039008203893899945 -0.032408952713012716 0.12483879178762436
v 0.039008203893899945 -0.02666310407221319 0.11662434786558151
v 0.04364354535937312 -0.027974823489785212 0.12304442375898361
v 0.04364354535937312 -0.027974823489785212 0.12304442375898361
v 0.039008203893899945 -0.02666310407221319 0.11662434786558151
v 0.04364354535937312 -0.022214705124497428 0.11444320529699326
v 0.04364354535937312 -0.027974823489785212 0.12304442375898361
v 0.04364354535937312 -0.022214705124497428 0.11444320529699326
v 0.04777545109391216 -0.023076485842466368 0.12106247991323471
v 0.04777545109391216 -0.023076485842466368 0.12106247991323471
v 0.04364354535937312 -0.022214705124497428 0.11444320529699326
v 0.04777545109391216 -0.017300762236118327 0.11203395575284958
v 0.04777545109391216 -0.023076485842466368 0.12106247991323471
v 0.04777545109391216 -0.017300762236118327 0.11203395575284958
v 0.05134218186140064 -0.01780453324317933 0.11892961710691452
v 0.05134218186140064 -0.01780453324317933 0.11892961710691452
v 0.04777545109391216 -0.017300762236118327 0.11203395575284958
v 0.05134218186140064 -0.012012158520519742 0.10944115370512009
v 0.05134218186140064 -0.01780453324317933 0.11892961710691452
v 0.05134218186140064 -0.012012158520519742 0.10944115370512009
v 0.05429974943399433 -0.012256011366844186 0.11668511480093002
v 0.05429974943399433 -0.012256011366844186 0.11668511480093002
v 0.05134218186140064 -0.012012158520519742 0.10944115370512009
v 0.05429974943399433 -0.006446237675845627 0.10671248286962509
v 0.05429974943399433 -0.012256011366844186 0.11668511480093002
v 0.05429974943399433 -0.006446237675845627 0.10671248286962509
v 0.056628901511430775 -0.006534642539918427 0.11437087506055832
v 0.056628901511430775 -0.006534642539918427 0.11437087506055832
v 0.05429974943399433 -0.006446237675845627 0.10671248286962509
v 0.056628901511430775 -0.0007070451974868779 0.10389896482229233
v 0.056628901511430775 -0.006534642539918427 0.11437087506055832
v 0.056628901511430775 -0.0007070451974868779 0.10389896482229233
v 0.058328893035650295 -0.0007407667580991989 0.11202751845121384
v 0.058328893035650295 -0.0007407667580991989 0.11202751845121384
v 0.056628901511430775 -0.0007070451974868779 0.10389896482229233
v 0.058328893035650295 0.005104775074869398 0.10104995220899582
v 0.058328893035650295 -0.0007407667580991989 0.11202751845121384
v 0.058328893035650295 0.005104775074869398 0.10104995220899582
v 0.05994019284844403 0.010683452710509307 0.10740741342306137
v 0.05994019284844403 0.010683452710509307 0.10740741342306137
v 0.058328893035650295 0.005104775074869398 0.10104995220899582
v 0.05994019284844403 0.01656409725546838 0.09543272107839584
v 0.05994019284844403 0.010683452710509307 0.10740741342306137
v 0.05994019284844403 0.01656409725546838 0.09543272107839584
v 0.05939660966396336 0.021911794319748892 0.10286711901426315
v 0.05939660966396336 0.021911794319748892 0.10286711901426315
v 0.05994019284844403 0.01656409725546838 0.09543272107839584
v 0.05939660966396336 0.02782659791409971 0.0899122878909111
v 0.05939660966396336 0.021911794319748892 0.10286711901426315
v 0.05939660966396336 0.02782659791409971 0.0899122878909111
v 0.05828642845153813 0.027685577049851435 0.10053270310163498
v 0.05828642845153813 0.027685577049851435 0.10053270310163498
v 0.05939660966396336 0.02782659791409971 0.0899122878909111
v 0.05828642845153813 0.033617813140153906 0.08707376569509506
v 0.05828642845153813 0.027685577049851435 0.10053270310163498
v 0.05828642845153813 0.033617813140153906 0.08707376569509506
v 0.05656765401363376 0.033479567617177984 0.09819024056196213
v 0.05656765401363376 0.033479567617177984 0.09819024056196213
v 0.05828642845153813 0.033617813140153906 0.08707376569509506
v 0.05656765401363376 0.039429198950529126 0.08422543853521347
v 0.05656765401363376 0.033479567617177984 0.09819024056196213
v 0.05656765401363376 0.039429198950529126 0.08422543853521347
v 0.054219275712966954 0.039198454469442395 0.09587838500738144
v 0.054219275712966954 0.039198454469442395 0.09587838500738144
v 0.05656765401363376 0.039429198950529126 0.08422543853521347
v 0.054219275712966954 0.045165151357650785 0.08141418546438217
v 0.054219275712966954 0.039198454469442395 0.09587838500738144
v 0.054219275712966954 0.045165151357650785 0.08141418546438217
v 0.05124292895197872 0.04474168643355372 0.09363769739866257
v 0.05124292895197872 0.04474168643355372 0.09363769739866257
v 0.054219275712966954 0.045165151357650785 0.08141418546438217
v 0.05124292895197872 0.05072480812668804 0.07868944853544235
v 0.05124292895197872 0.04474168643355372 0.09363769739866257
v 0.05124292895197872 0.05072480812668804 0.07868944853544235
v 0.04765824973583225 0.05000558495521549 0.09151013940572739
v 0.04765824973583225 0.05000558495521549 0.09151013940572739
v 0.05124292895197872 0.05072480812668804 0.07868944853544235
v 0.04765824973583225 0.056004188954830204 0.07610215991735458
v 0.04765824973583225 0.05000558495521549 0.09151013940572739
v 0.04765824973583225 0.056004188954830204 0.07610215991735458
v 0.0435101427137852 0.054893344640731846 0.08953487128019333
v 0.0435101427137852 0.054893344640731846 0.08953487128019333
v 0.04765824973583225 0.056004188954830204 0.07610215991735458
v 0.0435101427137852 0.06090619042515759 0.0736999437212944
v 0.0435101427137852 0.054893344640731846 0.08953487128019333
v 0.0435101427137852 0.06090619042515759 0.0736999437212944
v 0.03886068984866145 0.05931463092565541 0.08774837106466293
v 0.03886068984866145 0.05931463092565541 0.08774837106466293
v 0.0435101427137852 0.06090619042515759 0.0736999437212944
v 0.03886068984866145 0.06534021347761158 0.07152720540761948
v 0.03886068984866145 0.05931463092565541 0.08774837106466293
v 0.03886068984866145 0.06534021347761158 0.07152720540761948
v 0.033792003989219686 0.06319907307624821 0.08617907017469406
v 0.033792003989219686 0.06319907307624821 0.08617907017469406
v 0.03886068984866145 0.06534021347761158 0.07152720540761948
v 0.033792003989219686 0.06923568993806843 0.06961848586797714
v 0.033792003989219686 0.06319907307624821 0.08617907017469406
v 0.033792003989219686 0.06923568993806843 0.06961848586797714
v 0.028397269546985644 0.06649023294448857 0.0848497673869133
v 0.028397269546985644 0.06649023294448857 0.0848497673869133
v 0.033792003989219686 0.06923568993806843 0.06961848586797714
v 0.028397269546985644 0.0725360214710236 0.06800153106451035
v 0.028397269546985644 0.06649023294448857 0.0848497673869133
v 0.028397269546985644 0.0725360214710236 0.06800153106451035
v 0.02277721837162973 0.06915886700153355 0.08377226442098618
v 0.02277721837162973 0.06915886700153355 0.08377226442098618
v 0.028397269546985644 0.0725360214710236 0.06800153106451035
v 0.02277721837162973 0.07521189004182821 0.06669070571660995
v 0.02277721837162973 0.06915886700153355 0.08377226442098618
v 0.02277721837162973 0.07521189004182821 0.06669070571660995
v 0.017091557383537303 0.07118687778711323 0.0829538032412529
v 0.017091557383537303 0.07118687778711323 0.0829538032412529
v 0.02277721837162973 0.07521189004182821 0.06669070571660995
v 0.017091557383537303 0.07724517583847051 0.06569486111402512
v 0.017091557383537303 0.07118687778711323 0.0829538032412529
v 0.017091557383537303 0.07724517583847051 0.06569486111402512
v 0.011821994557976731 0.07255412638187413 0.08240246027708054
v 0.011821994557976731 0.07255412638187413 0.08240246027708054
v 0.017091557383537303 0.07724517583847051 0.06569486111402512
v 0.011821994557976731 0.07861574739217764 0.06502380222082138
v 0.011821994557976731 0.07255412638187413 0.08240246027708054
v 0.011821994557976731 0.07861574739217764 0.06502380222082138
v 0.00299041345715523 0.0735712423920632 0.08199369162321091
v 0.00299041345715523 0.0735712423920632 0.08199369162321091
v 0.011821994557976731 0.07861574739217764 0.06502380222082138
v 0.00299041345715523 0.0796345472335816 0.06452568620443344
v 0.00299041345715523 0.0735712423920632 0.08199369162321091
v 0.00299041345715523 0.0796345472335816 0.06452568620443344
v -0.0015107626095414173 0.07972849905490881 0.0644802674651146
v -0.0015107626095414173 0.07972849905490881 0.0644802674651146
v 0.00299041345715523 0.0796345472335816 0.06452568620443344
v 0.00299041345715523 0.0863859578967095 0.047427739948034286
v -0.0015107626095414173 0.07972849905490881 0.0644802674651146
v 0.00299041345715523 0.0863859578967095 0.047427739948034286
v -0.0015107626095414173 0.08647953718900686 0.04737338051199913
v -0.0015107626095414173 0.08647953718900686 0.04737338051199913
v 0.00299041345715523 0.0863859578967095 0.047427739948034286
v 0.00299041345715523 0.08912910521030432 0.03861099109053612
v -0.0015107626095414173 0.08647953718900686 0.04737338051199913
v 0.00299041345715523 0.08912910521030432 0.03861099109053612
v -0.0015107626095414173 0.08922193199396139 0.03855198249220848
v -0.0015107626095414173 0.08922193199396139 0.03855198249220848
v 0.00299041345715523 0.08912910521030432 0.03861099109053612
v 0.00299041345715523 0.09125062078237539 0.02957024797797203
v -0.0015107626095414173 0.08922193199396139 0.03855198249220848
v 0.00299041345715523 0.09125062078237539 0.02957024797797203
v -0.0015107626095414173 0.09134234488010412 0.029506053775548935
v -0.0015107626095414173 0.09134234488010412 0.029506053775548935
v 0.00299041345715523 0.09125062078237539 0.02957024797797203
v 0.00299041345715523 0.09272376447916036 0.020373519510030746
v -0.0015107626095414173 0.09134234488010412 0.029506053775548935
v 0.00299041345715523 0.09272376447916036 0.020373519510030746
v -0.0015107626095414173 0.09281399846076971 0.020303841680288315
v -0.0015107626095414173 0.09281399846076971 0.020303841680288315
v 0.00299041345715523 0.09272376447916036 0.020373519510030746
v 0.00299041345715523 0.09353633224964147 0.01109134778380394
v -0.0015107626095414173 0.09281399846076971 0.020303841680288315
v 0.00299041345715523 0.09353633224964147 0.01109134778380394
v -0.0015107626095414173 0.09362411499023443 0.011016305536031723
v -0.0015107626095414173 0.09362411499023443 0.011016305536031723
v 0.00299041345715523 0.09353633224964147 0.01109134778380394
v 0.00299041345715523 0.09368186444044119 0.001794870593585074
v -0.0015107626095414173 0.09362411499023443 0.011016305536031723
v 0.00299041345715523 0.09368186444044119 0.001794870593585074
v -0.0015107626095414173 0.09376671910285957 0.0017147023463621736
v -0.0015107626095414173 0.09376671910285957 0.0017147023463621736
v 0.00299041345715523 0.09368186444044119 0.001794870593585074
v 0.00299041345715523 0.09316320717334753 -0.007448200602084398
v -0.0015107626095414173 0.09376671910285957 0.0017147023463621736
v 0.00299041345715523 0.09316320717334753 -0.007448200602084398
v -0.0015107626095414173 0.09324484318494802 -0.007532898802310228
v -0.0015107626095414173 0.09324484318494802 -0.007532898802310228
v 0.00299041345715523 0.09316320717334753 -0.007448200602084398
v 0.00299041345715523 0.09199903160333639 -0.016564790159463882
v -0.0015107626095414173 0.09324484318494802 -0.007532898802310228
v 0.00299041345715523 0.09199903160333639 -0.016564790159463882
v -0.0015107626095414173 0.09207741916179663 -0.016654077917337418
v -0.0015107626095414173 0.09207741916179663 -0.016654077917337418
v 0.00299041345715523 0.09199903160333639 -0.016564790159463882
v -0.0015107626095414173 0.09125703573226934 -0.021023843437433243
v -0.0015107626095414173 0.09207741916179663 -0.016654077917337418
v -0.0015107626095414173 0.09125703573226934 -0.021023843437433243
v -0.003546169260516765 0.09011231362819677 -0.02526143565773964
v -0.038712788373231916 -0.013695834204554566 0.10274945944547653
v -0.04337627440690997 -0.0027812614571303147 0.09303265064954758
v -0.038712788373231916 -0.006947429850697522 0.09657751768827438
v -0.038712788373231916 -0.006947429850697522 0.09657751768827438
v -0.04337627440690997 -0.0027812614571303147 0.09303265064954758
v -0.04337627440690997 0.0031445769127458356 0.0857524499297142
v -0.038712788373231916 -0.006947429850697522 0.09657751768827438
v -0.04337627440690997 0.0031445769127458356 0.0857524499297142
v -0.038712788373231916 -0.0007485455134883528 0.0897834524512291
v -0.038712788373231916 -0.0007485455134883528 0.0897834524512291
v -0.04337627440690997 0.0031445769127458356 0.0857524499297142
v -0.04337627440690997 0.00823110062628985 0.07795806974172592
v -0.038712788373231916 -0.0007485455134883528 0.0897834524512291
v -0.04337627440690997 0.00823110062628985 0.07795806974172592
v -0.038712788373231916 0.004693299066275362 0.08241870254278183
v -0.038712788373231916 0.004693299066275362 0.08241870254278183
v -0.04337627440690997 0.00823110062628985 0.07795806974172592
v -0.04337627440690997 0.011925657279789456 0.06984352320432663
v -0.038712788373231916 0.004693299066275362 0.08241870254278183
v -0.04337627440690997 0.011925657279789456 0.06984352320432663
v -0.038712788373231916 0.008927658200263982 0.07465388625860214
v -0.038712788373231916 0.008927658200263982 0.07465388625860214
v -0.04337627440690997 0.011925657279789456 0.06984352320432663
v -0.04337627440690997 0.014123007655143746 0.06185072287917137
v -0.038712788373231916 0.008927658200263982 0.07465388625860214
v -0.04337627440690997 0.014123007655143746 0.06185072287917137
v -0.038712788373231916 0.011853037402033815 0.0668458566069603
v -0.038712788373231916 0.011853037402033815 0.0668458566069603
v -0.04337627440690997 0.014123007655143746 0.06185072287917137
v -0.04337627440690997 0.015216460451483737 0.0544695220887661
v -0.038712788373231916 0.011853037402033815 0.0668458566069603
v -0.04337627440690997 0.015216460451483737 0.0544695220887661
v -0.038712788373231916 0.013751287013292321 0.05939626321196556
v -0.038712788373231916 0.013751287013292321 0.05939626321196556
v -0.04337627440690997 0.015216460451483737 0.0544695220887661
v -0.04337627440690997 0.015516992658376704 0.04763203486800194
v -0.038712788373231916 0.013751287013292321 0.05939626321196556
v -0.04337627440690997 0.015516992658376704 0.04763203486800194
v -0.038712788373231916 0.014847084879875194 0.05228346213698387
v -0.038712788373231916 0.014847084879875194 0.05228346213698387
v -0.04337627440690997 0.015516992658376704 0.04763203486800194
v -0.04337627440690997 0.015365667641162883 0.04418286308646202
v -0.038712788373231916 0.014847084879875194 0.05228346213698387
v -0.04337627440690997 0.015365667641162883 0.04418286308646202
v -0.038712788373231916 0.01508905552327634 0.04868501052260399
v -0.038712788373231916 0.01508905552327634 0.04868501052260399
v -0.04337627440690997 0.015365667641162883 0.04418286308646202
v -0.038712788373231916 0.015066999942064296 0.04779943451285362
v -0.038712788373231916 0.01508905552327634 0.04868501052260399
v -0.038712788373231916 0.015066999942064296 0.04779943451285362
v -0.0336328372359276 0.014908583834767352 0.05171864852309227
v -0.0336328372359276 0.014908583834767352 0.05171864852309227
v -0.038712788373231916 0.015066999942064296 0.04779943451285362
v -0.0336328372359276 0.014795321971178065 0.05122905597090721
v -0.0336328372359276 0.014908583834767352 0.05171864852309227
v -0.0336328372359276 0.014795321971178065 0.05122905597090721
v -0.028229752555489557 0.01469263993203641 0.05452984198927879
v -0.028229752555489557 0.01469263993203641 0.05452984198927879
v -0.0336328372359276 0.014795321971178065 0.05122905597090721
v -0.028229752555489557 0.014462349936366092 0.054012175649404526
v -0.028229752555489557 0.01469263993203641 0.05452984198927879
v -0.028229752555489557 0.014462349936366092 0.054012175649404526
v -0.022604495286941542 0.014400757849216472 0.05667098984122276
v -0.022604495286941542 0.014400757849216472 0.05667098984122276
v -0.028229752555489557 0.014462349936366092 0.054012175649404526
v -0.022604495286941542 0.014033807441592225 0.05620124563574791
v -0.022604495286941542 0.014400757849216472 0.05667098984122276
v -0.022604495286941542 0.014033807441592225 0.05620124563574791
v -0.016859784722328196 0.014000328257679948 0.05821296200156212
v -0.016859784722328196 0.014000328257679948 0.05821296200156212
v -0.022604495286941542 0.014033807441592225 0.05620124563574791
v -0.016859784722328196 0.013531611301004895 0.05785047635436058
v -0.016859784722328196 0.014000328257679948 0.05821296200156212
v -0.016859784722328196 0.013531611301004895 0.05785047635436058
v -0.011092000640928752 0.01351661793887616 0.05923667177557945
v -0.011092000640928752 0.01351661793887616 0.05923667177557945
v -0.016859784722328196 0.013531611301004895 0.05785047635436058
v -0.011092000640928752 0.01300238724797965 0.059026505798101425
v -0.011092000640928752 0.01351661793887616 0.05923667177557945
v -0.011092000640928752 0.01300238724797965 0.059026505798101425
v -0.005397376604378227 0.01299886405467988 0.05981927737593651
v -0.005397376604378227 0.01299886405467988 0.05981927737593651
v -0.011092000640928752 0.01300238724797965 0.059026505798101425
v -0.005356745794415477 0.012499999254941949 0.05939644202589989
v -0.005397376604378227 0.01299886405467988 0.05981927737593651
v -0.005356745794415477 0.012499999254941949 0.05939644202589989
v 5.228781532695715e-18 0.012499999254941949 0.05999999865889549
v -0.0336328372359276 -0.017514748498797427 0.10541274398565292
v -0.038712788373231916 -0.006947429850697522 0.09657751768827438
v -0.0336328372359276 -0.010603889822959907 0.09968876093626022
v -0.0336328372359276 -0.010603889822959907 0.09968876093626022
v -0.038712788373231916 -0.006947429850697522 0.09657751768827438
v -0.038712788373231916 -0.0007485455134883528 0.0897834524512291
v -0.0336328372359276 -0.010603889822959907 0.09968876093626022
v -0.038712788373231916 -0.0007485455134883528 0.0897834524512291
v -0.0336328372359276 -0.004165277350693944 0.09332122653722763
v -0.0336328372359276 -0.004165277350693944 0.09332122653722763
v -0.038712788373231916 -0.0007485455134883528 0.0897834524512291
v -0.038712788373231916 0.004693299066275362 0.08241870254278183
v -0.0336328372359276 -0.004165277350693944 0.09332122653722763
v -0.038712788373231916 0.004693299066275362 0.08241870254278183
v -0.0336328372359276 0.0015883793821558367 0.08633371442556381
v -0.0336328372359276 0.0015883793821558367 0.08633371442556381
v -0.038712788373231916 0.004693299066275362 0.08241870254278183
v -0.038712788373231916 0.008927658200263982 0.07465388625860214
v -0.0336328372359276 0.0015883793821558367 0.08633371442556381
v -0.038712788373231916 0.008927658200263982 0.07465388625860214
v -0.0336328372359276 0.006296610925346617 0.07887565344572067
v -0.0336328372359276 0.006296610925346617 0.07887565344572067
v -0.038712788373231916 0.008927658200263982 0.07465388625860214
v -0.038712788373231916 0.011853037402033815 0.0668458566069603
v -0.0336328372359276 0.006296610925346617 0.07887565344572067
v -0.038712788373231916 0.011853037402033815 0.0668458566069603
v -0.0336328372359276 0.009860819205641753 0.0712297186255455
v -0.0336328372359276 0.009860819205641753 0.0712297186255455
v -0.038712788373231916 0.011853037402033815 0.0668458566069603
v -0.038712788373231916 0.013751287013292321 0.05939626321196556
v -0.0336328372359276 0.009860819205641753 0.0712297186255455
v -0.038712788373231916 0.013751287013292321 0.05939626321196556
v -0.0336328372359276 0.012465366162359723 0.06372018903493881
v -0.0336328372359276 0.012465366162359723 0.06372018903493881
v -0.038712788373231916 0.013751287013292321 0.05939626321196556
v -0.038712788373231916 0.014847084879875194 0.05228346213698387
v -0.0336328372359276 0.012465366162359723 0.06372018903493881
v -0.038712788373231916 0.014847084879875194 0.05228346213698387
v -0.0336328372359276 0.014259152114391336 0.056365903466939926
v -0.0336328372359276 0.014259152114391336 0.056365903466939926
v -0.038712788373231916 0.014847084879875194 0.05228346213698387
v -0.038712788373231916 0.01508905552327634 0.04868501052260399
v -0.0336328372359276 0.014259152114391336 0.056365903466939926
v -0.038712788373231916 0.01508905552327634 0.04868501052260399
v -0.0336328372359276 0.014846321195364009 0.05263638123869896
v -0.0336328372359276 0.014846321195364009 0.05263638123869896
v -0.038712788373231916 0.01508905552327634 0.04868501052260399
v -0.0336328372359276 0.014908583834767352 0.05171864852309227
v -0.0336328372359276 0.014846321195364009 0.05263638123869896
v -0.0336328372359276 0.014908583834767352 0.05171864852309227
v -0.028229752555489557 0.01477472484111787 0.055034901946783066
v -0.028229752555489557 0.01477472484111787 0.055034901946783066
v -0.0336328372359276 0.014908583834767352 0.05171864852309227
v -0.028229752555489557 0.01469263993203641 0.05452984198927879
v -0.028229752555489557 0.01477472484111787 0.055034901946783066
v -0.028229752555489557 0.01469263993203641 0.05452984198927879
v -0.022604495286941542 0.014609752222895633 0.05720162019133568
v -0.022604495286941542 0.014609752222895633 0.05720162019133568
v -0.028229752555489557 0.01469263993203641 0.05452984198927879
v -0.022604495286941542 0.014400757849216472 0.05667098984122276
v -0.022604495286941542 0.014609752222895633 0.05720162019133568
v -0.022604495286941542 0.014400757849216472 0.05667098984122276
v -0.016859784722328196 0.01435413584113122 0.058690931648015976
v -0.016859784722328196 0.01435413584113122 0.058690931648015976
v -0.022604495286941542 0.014400757849216472 0.05667098984122276
v -0.016859784722328196 0.014000328257679948 0.05821296200156212
v -0.016859784722328196 0.01435413584113122 0.058690931648015976
v -0.016859784722328196 0.014000328257679948 0.05821296200156212
v -0.011092000640928752 0.013977244496345529 0.05960225686430931
v -0.011092000640928752 0.013977244496345529 0.05960225686430931
v -0.016859784722328196 0.014000328257679948 0.05821296200156212
v -0.011092000640928752 0.01351661793887616 0.05923667177557945
v -0.011092000640928752 0.013977244496345529 0.05960225686430931
v -0.011092000640928752 0.01351661793887616 0.05923667177557945
v -0.005397376604378227 0.013508095405995854 0.06002887710928917
v -0.005397376604378227 0.013508095405995854 0.06002887710928917
v -0.011092000640928752 0.01351661793887616 0.05923667177557945
v -0.005397376604378227 0.01299886405467988 0.05981927737593651
v -0.005397376604378227 0.013508095405995854 0.06002887710928917
v -0.005397376604378227 0.01299886405467988 0.05981927737593651
v 0.005738519132137302 0.013000648468732843 0.05978962406516075
v 0.005738519132137302 0.013000648468732843 0.05978962406516075
v -0.005397376604378227 0.01299886405467988 0.05981927737593651
v 5.228781532695715e-18 0.012499999254941949 0.05999999865889549
v 5.228781532695715e-18 0.012499999254941949 0.05999999865889549
v 0.0475539825856686 0.012499999254941949 -0.03638431802392006
v 0.04690988734364513 0.012499999254941949 -0.03740939870476723
v 0.04765824973583225 0.020288106054067626 -0.035819653421640396
v 0.04765824973583225 0.020288106054067626 -0.035819653421640396
v 0.04690988734364513 0.012499999254941949 -0.03740939870476723
v 0.0435101427137852 0.020595030859112753 -0.04081449285149574
v 0.04765824973583225 0.020288106054067626 -0.035819653421640396
v 0.0435101427137852 0.020595030859112753 -0.04081449285149574
v 0.0435101427137852 0.028168391436338442 -0.04017576947808266
v 0.0435101427137852 0.028168391436338442 -0.04017576947808266
v 0.0435101427137852 0.020595030859112753 -0.04081449285149574
v 0.03886068984866145 0.028840634971857092 -0.0448434092104435
v 0.0435101427137852 0.028168391436338442 -0.04017576947808266
v 0.03886068984866145 0.028840634971857092 -0.0448434092104435
v 0.03886068984866145 0.03680314496159556 -0.04436448588967323
v 0.03886068984866145 0.03680314496159556 -0.04436448588967323
v 0.03886068984866145 0.028840634971857092 -0.0448434092104435
v 0.033792003989219686 0.03774810582399371 -0.048595014959573746
v 0.03886068984866145 0.03680314496159556 -0.04436448588967323
v 0.033792003989219686 0.03774810582399371 -0.048595014959573746
v 0.033792003989219686 0.04564246907830241 -0.04785299673676491
v 0.033792003989219686 0.04564246907830241 -0.04785299673676491
v 0.033792003989219686 0.03774810582399371 -0.048595014959573746
v 0.028397269546985644 0.04673671349883082 -0.051532331854104996
v 0.033792003989219686 0.04564246907830241 -0.04785299673676491
v 0.028397269546985644 0.04673671349883082 -0.051532331854104996
v 0.028397269546985644 0.0549629703164101 -0.04939929023385048
v 0.028397269546985644 0.0549629703164101 -0.04939929023385048
v 0.028397269546985644 0.04673671349883082 -0.051532331854104996
v 0.02277721837162973 0.05609430372715 -0.05242273584008217
v 0.028397269546985644 0.0549629703164101 -0.04939929023385048
v 0.02277721837162973 0.05609430372715 -0.05242273584008217
v 0.02277721837162973 0.06433743238449101 -0.04866215959191322
v 0.02277721837162973 0.06433743238449101 -0.04866215959191322
v 0.02277721837162973 0.05609430372715 -0.05242273584008217
v 0.017091557383537303 0.06538152694702153 -0.05095941200852394
v 0.02277721837162973 0.06433743238449101 -0.04866215959191322
v 0.017091557383537303 0.06538152694702153 -0.05095941200852394
v 0.017091557383537303 0.07309573143720632 -0.04556399956345558
v 0.017091557383537303 0.07309573143720632 -0.04556399956345558
v 0.017091557383537303 0.06538152694702153 -0.05095941200852394
v 0.011821994557976731 0.0739175751805306 -0.04709211364388466
v 0.017091557383537303 0.07309573143720632 -0.04556399956345558
v 0.011821994557976731 0.0739175751805306 -0.04709211364388466
v 0.011821994557976731 0.0805725976824761 -0.040275637060403824
v 0.011821994557976731 0.0805725976824761 -0.040275637060403824
v 0.011821994557976731 0.0739175751805306 -0.04709211364388466
v 0.0073463190346956305 0.08106455206871038 -0.041065607219934464
v 0.011821994557976731 0.0805725976824761 -0.040275637060403824
v 0.0073463190346956305 0.08106455206871038 -0.041065607219934464
v 0.0073463190346956305 0.08626189082860952 -0.033228132873773575
v 0.0073463190346956305 0.08626189082860952 -0.033228132873773575
v 0.0073463190346956305 0.08106455206871038 -0.041065607219934464
v 0.00299041345715523 0.08407324552536016 -0.037553731352090836
v 0.0073463190346956305 0.08626189082860952 -0.033228132873773575
v 0.00299041345715523 0.08407324552536016 -0.037553731352090836
v 0.00299041345715523 0.0864784866571427 -0.03353450074791908
v 0.00299041345715523 0.0864784866571427 -0.03353450074791908
v 0.00299041345715523 0.08407324552536016 -0.037553731352090836
v -0.0015107626095414173 0.08413890004158026 -0.037653181701898575
v 0.00299041345715523 0.0864784866571427 -0.03353450074791908
v -0.0015107626095414173 0.08413890004158026 -0.037653181701898575
v -0.0015107626095414173 0.08654720336198812 -0.033632341772317886
v -0.0015107626095414173 0.08654720336198812 -0.033632341772317886
v -0.0015107626095414173 0.08413890004158026 -0.037653181701898575
v -0.003546169260516765 0.08655498921871191 -0.033643756061792374
v -0.0015107626095414173 0.08654720336198812 -0.033632341772317886
v -0.003546169260516765 0.08655498921871191 -0.033643756061792374
v -0.0015107626095414173 0.08853443711996084 -0.029481206089258194
v -0.0015107626095414173 0.08853443711996084 -0.029481206089258194
v -0.003546169260516765 0.08655498921871191 -0.033643756061792374
v -0.003546169260516765 0.09011231362819677 -0.02526143565773964
v -0.0015107626095414173 0.08853443711996084 -0.029481206089258194
v -0.003546169260516765 0.09011231362819677 -0.02526143565773964
v -0.0015107626095414173 0.09010370820760732 -0.02525028958916664
v -0.0015107626095414173 0.09010370820760732 -0.02525028958916664
v -0.003546169260516765 0.09011231362819677 -0.02526143565773964
v -0.0015107626095414173 0.09125703573226934 -0.021023843437433243
v -0.0015107626095414173 0.09010370820760732 -0.02525028958916664
v -0.0015107626095414173 0.09125703573226934 -0.021023843437433243
v 0.00299041345715523 0.09118039906024938 -0.020931456238031387
v 0.00299041345715523 0.09118039906024938 -0.020931456238031387
v -0.0015107626095414173 0.09125703573226934 -0.021023843437433243
v 0.00299041345715523 0.09199903160333639 -0.016564790159463882
v 0.00299041345715523 0.09118039906024938 -0.020931456238031387
v 0.00299041345715523 0.09199903160333639 -0.016564790159463882
v 0.0073463190346956305 0.09175339341163641 -0.016284439712762833
v 0.0073463190346956305 0.09175339341163641 -0.016284439712762833
v 0.00299041345715523 0.09199903160333639 -0.016564790159463882
v 0.00299041345715523 0.09316320717334753 -0.007448200602084398
v 0.0073463190346956305 0.09175339341163641 -0.016284439712762833
v 0.00299041345715523 0.09316320717334753 -0.007448200602084398
v 0.0073463190346956305 0.09290687739849096 -0.007182632107287645
v 0.0073463190346956305 0.09290687739849096 -0.007182632107287645
v 0.00299041345715523 0.09316320717334753 -0.007448200602084398
v 0.00299041345715523 0.09368186444044119 0.001794870593585074
v 0.0073463190346956305 0.09290687739849096 -0.007182632107287645
v 0.00299041345715523 0.09368186444044119 0.001794870593585074
v 0.0073463190346956305 0.09341576695442205 0.0020451804157346487
v 0.0073463190346956305 0.09341576695442205 0.0020451804157346487
v 0.00299041345715523 0.09368186444044119 0.001794870593585074
v 0.00299041345715523 0.09353633224964147 0.01109134778380394
v 0.0073463190346956305 0.09341576695442205 0.0020451804157346487
v 0.00299041345715523 0.09353633224964147 0.01109134778380394
v 0.0073463190346956305 0.09326164424419409 0.011325415223836899
v 0.0073463190346956305 0.09326164424419409 0.011325415223836899
v 0.00299041345715523 0.09353633224964147 0.01109134778380394
v 0.00299041345715523 0.09272376447916036 0.020373519510030746
v 0.0073463190346956305 0.09326164424419409 0.011325415223836899
v 0.00299041345715523 0.09272376447916036 0.020373519510030746
v 0.0073463190346956305 0.09244191646575933 0.020590778440237045
v 0.0073463190346956305 0.09244191646575933 0.020590778440237045
v 0.00299041345715523 0.09272376447916036 0.020373519510030746
v 0.00299041345715523 0.09125062078237539 0.02957024797797203
v 0.0073463190346956305 0.09244191646575933 0.020590778440237045
v 0.00299041345715523 0.09125062078237539 0.02957024797797203
v 0.011821994557976731 0.09024876356124883 0.0302693210542202
v 0.011821994557976731 0.09024876356124883 0.0302693210542202
v 0.00299041345715523 0.09125062078237539 0.02957024797797203
v 0.011821994557976731 0.08811520785093313 0.03925430402159691
v 0.011821994557976731 0.09024876356124883 0.0302693210542202
v 0.011821994557976731 0.08811520785093313 0.03925430402159691
v 0.017091557383537303 0.088899776339531 0.03121029958128929
v 0.017091557383537303 0.088899776339531 0.03121029958128929
v 0.011821994557976731 0.08811520785093313 0.03925430402159691
v 0.017091557383537303 0.08675001561641699 0.04012029990553856
v 0.017091557383537303 0.088899776339531 0.03121029958128929
v 0.017091557383537303 0.08675001561641699 0.04012029990553856
v 0.02277721837162973 0.08689812570810324 0.03260638937354088
v 0.02277721837162973 0.08689812570810324 0.03260638937354088
v 0.017091557383537303 0.08675001561641699 0.04012029990553856
v 0.02277721837162973 0.08472432196140295 0.04140513762831688
v 0.02277721837162973 0.08689812570810324 0.03260638937354088
v 0.02277721837162973 0.08472432196140295 0.04140513762831688
v 0.028397269546985644 0.08426355570554739 0.034443821758031845
v 0.028397269546985644 0.08426355570554739 0.034443821758031845
v 0.02277721837162973 0.08472432196140295 0.04140513762831688
v 0.028397269546985644 0.08205810189247137 0.043096210807561874
v 0.028397269546985644 0.08426355570554739 0.034443821758031845
v 0.028397269546985644 0.08205810189247137 0.043096210807561874
v 0.033792003989219686 0.0810138732194901 0.03671016916632652
v 0.033792003989219686 0.0810138732194901 0.03671016916632652
v 0.028397269546985644 0.08205810189247137 0.043096210807561874
v 0.033792003989219686 0.0787693858146668 0.04518204554915428
v 0.033792003989219686 0.0810138732194901 0.03671016916632652
v 0.033792003989219686 0.0787693858146668 0.04518204554915428
v 0.03886068984866145 0.07717794924974447 0.03938531503081322
v 0.03886068984866145 0.07717794924974447 0.03938531503081322
v 0.033792003989219686 0.0787693858146668 0.04518204554915428
v 0.03886068984866145 0.0748873800039292 0.04764413461089134
v 0.03886068984866145 0.07717794924974447 0.03938531503081322
v 0.03886068984866145 0.0748873800039292 0.04764413461089134
v 0.0435101427137852 0.07281151413917546 0.042430367320775986
v 0.0435101427137852 0.07281151413917546 0.042430367320775986
v 0.03886068984866145 0.0748873800039292 0.04764413461089134
v 0.0435101427137852 0.07046848535537724 0.050446685403585434
v 0.0435101427137852 0.07281151413917546 0.042430367320775986
v 0.0435101427137852 0.07046848535537724 0.050446685403585434
v 0.04765824973583225 0.0679840445518494 0.045796897262334824
v 0.04765824973583225 0.0679840445518494 0.045796897262334824
v 0.0435101427137852 0.07046848535537724 0.050446685403585434
v 0.04765824973583225 0.06270117312669758 0.06116291508078575
v 0.04765824973583225 0.0679840445518494 0.045796897262334824
v 0.04765824973583225 0.06270117312669758 0.06116291508078575
v 0.05124292895197872 0.06278478354215626 0.049422647804021835
v 0.05124292895197872 0.06278478354215626 0.049422647804021835
v 0.04765824973583225 0.06270117312669758 0.06116291508078575
v 0.05124292895197872 0.057408761233091396 0.06423195451498032
v 0.05124292895197872 0.06278478354215626 0.049422647804021835
v 0.05124292895197872 0.057408761233091396 0.06423195451498032
v 0.054219275712966954 0.057309340685606044 0.053240951150655746
v 0.054219275712966954 0.057309340685606044 0.053240951150655746
v 0.05124292895197872 0.057408761233091396 0.06423195451498032
v 0.054219275712966954 0.05183527246117595 0.06746398657560349
v 0.054219275712966954 0.057309340685606044 0.053240951150655746
v 0.054219275712966954 0.05183527246117595 0.06746398657560349
v 0.05656765401363376 0.05166014656424526 0.05718037113547325
v 0.05656765401363376 0.05166014656424526 0.05718037113547325
v 0.054219275712966954 0.05183527246117595 0.06746398657560349
v 0.05656765401363376 0.04608495160937312 0.07079853862524033
v 0.05656765401363376 0.05166014656424526 0.05718037113547325
v 0.05656765401363376 0.04608495160937312 0.07079853862524033
v 0.05828642845153813 0.04593654721975329 0.061171647161245346
v 0.05828642845153813 0.04593654721975329 0.061171647161245346
v 0.05656765401363376 0.04608495160937312 0.07079853862524033
v 0.05828642845153813 0.04025892168283465 0.07417698949575424
v 0.05828642845153813 0.04593654721975329 0.061171647161245346
v 0.05828642845153813 0.04025892168283465 0.07417698949575424
v 0.05939660966396336 0.04023269936442378 0.06514912098646164
v 0.05939660966396336 0.04023269936442378 0.06514912098646164
v 0.05828642845153813 0.04025892168283465 0.07417698949575424
v 0.05939660966396336 0.034453030675649664 0.07754375785589218
v 0.05939660966396336 0.04023269936442378 0.06514912098646164
v 0.05939660966396336 0.034453030675649664 0.07754375785589218
v 0.05994019284844403 0.029139814898371717 0.0728844627737999
v 0.05994019284844403 0.029139814898371717 0.0728844627737999
v 0.05939660966396336 0.034453030675649664 0.07754375785589218
v 0.05994019284844403 0.023161767050623908 0.08409138768911362
v 0.05994019284844403 0.029139814898371717 0.0728844627737999
v 0.05994019284844403 0.023161767050623908 0.08409138768911362
v 0.058328893035650295 0.017852682620286952 0.08075513690710068
v 0.058328893035650295 0.017852682620286952 0.08075513690710068
v 0.05994019284844403 0.023161767050623908 0.08409138768911362
v 0.058328893035650295 0.011672886088490493 0.09075357764959335
v 0.058328893035650295 0.017852682620286952 0.08075513690710068
v 0.058328893035650295 0.011672886088490493 0.09075357764959335
v 0.056628901511430775 0.012128030881285676 0.08474697917699814
v 0.056628901511430775 0.012128030881285676 0.08474697917699814
v 0.058328893035650295 0.011672886088490493 0.09075357764959335
v 0.056628901511430775 0.005845955107361082 0.09413250535726547
v 0.056628901511430775 0.012128030881285676 0.08474697917699814
v 0.056628901511430775 0.005845955107361082 0.09413250535726547
v 0.05429974943399433 0.006474799942225222 0.08868896216154099
v 0.05429974943399433 0.006474799942225222 0.08868896216154099
v 0.056628901511430775 0.005845955107361082 0.09413250535726547
v 0.05429974943399433 9.17509678401985e-05 0.09746923297643661
v 0.05429974943399433 0.006474799942225222 0.08868896216154099
v 0.05429974943399433 9.17509678401985e-05 0.09746923297643661
v 0.05134218186140064 0.0009921194287016994 0.09251200407743454
v 0.05134218186140064 0.0009921194287016994 0.09251200407743454
v 0.05429974943399433 9.17509678401985e-05 0.09746923297643661
v 0.05134218186140064 -0.005488822236657146 0.10070528835058212
v 0.05134218186140064 0.0009921194287016994 0.09251200407743454
v 0.05134218186140064 -0.005488822236657146 0.10070528835058212
v 0.04777545109391216 -0.0042175296694040324 0.09614460915327072
v 0.04777545109391216 -0.0042175296694040324 0.09614460915327072
v 0.05134218186140064 -0.005488822236657146 0.10070528835058212
v 0.04777545109391216 -0.010791452601552017 0.10378014296293259
v 0.04777545109391216 -0.0042175296694040324 0.09614460915327072
v 0.04777545109391216 -0.010791452601552017 0.10378014296293259
v 0.04364354535937312 -0.009058258496224885 0.09951993077993393
v 0.04364354535937312 -0.009058258496224885 0.09951993077993393
v 0.04777545109391216 -0.010791452601552017 0.10378014296293259
v 0.04364354535937312 -0.01571853645145894 0.10663720220327377
v 0.04364354535937312 -0.009058258496224885 0.09951993077993393
v 0.04364354535937312 -0.01571853645145894 0.10663720220327377
v 0.039008203893899945 -0.01344054378569127 0.10257556289434433
v 0.039008203893899945 -0.01344054378569127 0.10257556289434433
v 0.04364354535937312 -0.01571853645145894 0.10663720220327377
v 0.039008203893899945 -0.02017895691096784 0.10922365635633469
v 0.039008203893899945 -0.01344054378569127 0.10257556289434433
v 0.039008203893899945 -0.02017895691096784 0.10922365635633469
v 0.03395087271928789 -0.01729421317577363 0.10526254028081894
v 0.03395087271928789 -0.01729421317577363 0.10526254028081894
v 0.039008203893899945 -0.02017895691096784 0.10922365635633469
v 0.03395087271928789 -0.024101287126541155 0.11149808019399643
v 0.03395087271928789 -0.01729421317577363 0.10526254028081894
v 0.03395087271928789 -0.024101287126541155 0.11149808019399643
v 0.028564581647515314 -0.020563084632158293 0.10754170268774033
v 0.028564581647515314 -0.020563084632158293 0.10754170268774033
v 0.03395087271928789 -0.024101287126541155 0.11149808019399643
v 0.028564581647515314 -0.02742834761738779 0.1134273037314415
v 0.028564581647515314 -0.020563084632158293 0.10754170268774033
v 0.028564581647515314 -0.02742834761738779 0.1134273037314415
v 0.02294983156025411 -0.023217432200908675 0.10939233750104904
v 0.02294983156025411 -0.023217432200908675 0.10939233750104904
v 0.028564581647515314 -0.02742834761738779 0.1134273037314415
v 0.02294983156025411 -0.03012988530099394 0.11499380320310593
v 0.02294983156025411 -0.023217432200908675 0.10939233750104904
v 0.02294983156025411 -0.03012988530099394 0.11499380320310593
v 0.017209554091095935 -0.025243790820240992 0.11080505698919296
v 0.017209554091095935 -0.025243790820240992 0.11080505698919296
v 0.02294983156025411 -0.03012988530099394 0.11499380320310593
v 0.017209554091095935 -0.03219219669699671 0.11618959158658981
v 0.017209554091095935 -0.025243790820240992 0.11080505698919296
v 0.017209554091095935 -0.03219219669699671 0.11618959158658981
v 0.011440484784543521 -0.026654351502656954 0.11178838461637497
v 0.011440484784543521 -0.026654351502656954 0.11178838461637497
v 0.017209554091095935 -0.03219219669699671 0.11618959158658981
v 0.011440484784543521 -0.033627700060606024 0.11702194064855576
v 0.011440484784543521 -0.026654351502656954 0.11178838461637497
v 0.011440484784543521 -0.033627700060606024 0.11702194064855576
v 0.005738519132137302 -0.027474623173475283 0.11236005276441574
v 0.005738519132137302 -0.027474623173475283 0.11236005276441574
v 0.011440484784543521 -0.033627700060606024 0.11702194064855576
v 0.005738519132137302 -0.03446236252784731 0.11750584095716476
v 0.005738519132137302 -0.027474623173475283 0.11236005276441574
v 0.005738519132137302 -0.03446236252784731 0.11750584095716476
v 0.00016779782890807848 -0.027747575193643587 0.11255010217428207
v 0.00016779782890807848 -0.027747575193643587 0.11255010217428207
v 0.005738519132137302 -0.03446236252784731 0.11750584095716476
v 0.00016779782890807848 -0.03473992273211481 0.11766671389341354
v 0.00016779782890807848 -0.027747575193643587 0.11255010217428207
v 0.00016779782890807848 -0.03473992273211481 0.11766671389341354
v -0.005397376604378227 -0.027507103979587572 0.11238213628530502
v -0.005397376604378227 -0.027507103979587572 0.11238213628530502
v 0.00016779782890807848 -0.03473992273211481 0.11766671389341354
v -0.005397376604378227 -0.034494880586862585 0.11752452701330185
v -0.005397376604378227 -0.027507103979587572 0.11238213628530502
v -0.005397376604378227 -0.034494880586862585 0.11752452701330185
v -0.011092000640928752 -0.026722280308604258 0.11183454841375351
v -0.011092000640928752 -0.026722280308604258 0.11183454841375351
v -0.005397376604378227 -0.034494880586862585 0.11752452701330185
v -0.011092000640928752 -0.03369574993848803 0.11706101149320602
v -0.011092000640928752 -0.026722280308604258 0.11183454841375351
v -0.011092000640928752 -0.03369574993848803 0.11706101149320602
v -0.016859784722328196 -0.025349235162138956 0.11087679117918015
v -0.016859784722328196 -0.025349235162138956 0.11087679117918015
v -0.011092000640928752 -0.03369574993848803 0.11706101149320602
v -0.016859784722328196 -0.03229786828160288 0.11625032871961594
v -0.016859784722328196 -0.025349235162138956 0.11087679117918015
v -0.016859784722328196 -0.03229786828160288 0.11625032871961594
v -0.022604495286941542 -0.023361718282103552 0.1094905361533165
v -0.022604495286941542 -0.023361718282103552 0.1094905361533165
v -0.016859784722328196 -0.03229786828160288 0.11625032871961594
v -0.022604495286941542 -0.030274534597992918 0.11507692188024521
v -0.022604495286941542 -0.023361718282103552 0.1094905361533165
v -0.022604495286941542 -0.030274534597992918 0.11507692188024521
v -0.028229752555489557 -0.020746061578392996 0.10766630619764328
v -0.028229752555489557 -0.020746061578392996 0.10766630619764328
v -0.022604495286941542 -0.030274534597992918 0.11507692188024521
v -0.028229752555489557 -0.027611833065748232 0.11353277415037155
v -0.028229752555489557 -0.020746061578392996 0.10766630619764328
v -0.028229752555489557 -0.027611833065748232 0.11353277415037155
v -0.0336328372359276 -0.017514748498797427 0.10541274398565292
v -0.0336328372359276 -0.017514748498797427 0.10541274398565292
v -0.028229752555489557 -0.027611833065748232 0.11353277415037155
v -0.0336328372359276 -0.02432247810065748 0.11162524670362473
v -0.0336328372359276 -0.017514748498797427 0.10541274398565292
v -0.0336328372359276 -0.02432247810065748 0.11162524670362473
v -0.038712788373231916 -0.013695834204554566 0.10274945944547653
v -0.038712788373231916 -0.013695834204554566 0.10274945944547653
v -0.0336328372359276 -0.02432247810065748 0.11162524670362473
v -0.038712788373231916 -0.020435029640793814 0.1093708798289299
v -0.038712788373231916 -0.013695834204554566 0.10274945944547653
v -0.038712788373231916 -0.020435029640793814 0.1093708798289299
v -0.04337627440690997 -0.009344574064016349 0.0997149869799614
v -0.04337627440690997 -0.009344574064016349 0.0997149869799614
v -0.038712788373231916 -0.020435029640793814 0.1093708798289299
v -0.04337627440690997 -0.016005737707018863 0.10680233687162399
v -0.04337627440690997 -0.009344574064016349 0.0997149869799614
v -0.04337627440690997 -0.016005737707018863 0.10680233687162399
v -0.047540526837110554 -0.004529804456979039 0.09635733813047409
v -0.047540526837110554 -0.004529804456979039 0.09635733813047409
v -0.04337627440690997 -0.016005737707018863 0.10680233687162399
v -0.047540526837110554 -0.011104673147201545 0.10396020859479904
v -0.047540526837110554 -0.004529804456979039 0.09635733813047409
v -0.047540526837110554 -0.011104673147201545 0.10396020859479904
v -0.05114311352372173 0.0006595522863790397 0.09273850172758102
v -0.05114311352372173 0.0006595522863790397 0.09273850172758102
v -0.047540526837110554 -0.011104673147201545 0.10396020859479904
v -0.05114311352372173 -0.005822348874062303 0.10089700669050217
v -0.05114311352372173 0.0006595522863790397 0.09273850172758102
v -0.05114311352372173 -0.005822348874062303 0.10089700669050217
v -0.05413822457194332 0.0061281169764697595 0.08892499655485153
v -0.05413822457194332 0.0061281169764697595 0.08892499655485153
v -0.05114311352372173 -0.005822348874062303 0.10089700669050217
v -0.05413822457194332 -0.00025585494586266594 0.09766902774572372
v -0.05413822457194332 0.0061281169764697595 0.08892499655485153
v -0.05413822457194332 -0.00025585494586266594 0.09766902774572372
v -0.05650582909584049 0.011773542501032361 0.08498816937208176
v -0.05650582909584049 0.011773542501032361 0.08498816937208176
v -0.05413822457194332 -0.00025585494586266594 0.09766902774572372
v -0.05650582909584049 0.005490633193403486 0.09433671087026596
v -0.05650582909584049 0.011773542501032361 0.08498816937208176
v -0.05650582909584049 0.005490633193403486 0.09433671087026596
v -0.05824340507388119 0.017496278509497653 0.08099748939275742
v -0.05824340507388119 0.017496278509497653 0.08099748939275742
v -0.05650582909584049 0.005490633193403486 0.09433671087026596
v -0.05824340507388119 0.011315781623125083 0.09095876663923264
v -0.05824340507388119 0.017496278509497653 0.08099748939275742
v -0.05824340507388119 0.011315781623125083 0.09095876663923264
v -0.05992415919899945 0.028795845806598684 0.07311799377202988
v -0.05992415919899945 0.028795845806598684 0.07311799377202988
v -0.05824340507388119 0.011315781623125083 0.09095876663923264
v -0.05992415919899945 0.022817479446530356 0.0842890664935112
v -0.05992415919899945 0.028795845806598684 0.07311799377202988
v -0.05992415919899945 0.022817479446530356 0.0842890664935112
v -0.059444963932037395 0.03988043218851092 0.06538849323987961
v -0.059444963932037395 0.03988043218851092 0.06538849323987961
v -0.05992415919899945 0.022817479446530356 0.0842890664935112
v -0.059444963932037395 0.03410024940967562 0.07774638384580612
v -0.059444963932037395 0.03988043218851092 0.06538849323987961
v -0.059444963932037395 0.03410024940967562 0.07774638384580612
v -0.05837079882621769 0.04558017477393153 0.061413999646902084
v -0.05837079882621769 0.04558017477393153 0.061413999646902084
v -0.059444963932037395 0.03410024940967562 0.07774638384580612
v -0.05837079882621769 0.03990185260772708 0.07438211888074875
v -0.05837079882621769 0.04558017477393153 0.061413999646902084
v -0.05837079882621769 0.03990185260772708 0.07438211888074875
v -0.05668956786394123 0.05130551755428318 0.05742168053984642
v -0.05668956786394123 0.05130551755428318 0.05742168053984642
v -0.05837079882621769 0.03990185260772708 0.07438211888074875
v -0.05668956786394123 0.04572949185967448 0.07100280374288559
v -0.05668956786394123 0.05130551755428318 0.05742168053984642
v -0.05668956786394123 0.04572949185967448 0.07100280374288559
v -0.05437964573502544 0.05696232616901401 0.05347716435790062
v -0.05437964573502544 0.05696232616901401 0.05347716435790062
v -0.05668956786394123 0.04572949185967448 0.07100280374288559
v -0.05437964573502544 0.05148733779788021 0.06766396015882492
v -0.05437964573502544 0.05696232616901401 0.05347716435790062
v -0.05437964573502544 0.05148733779788021 0.06766396015882492
v -0.05144087597727779 0.05707471445202831 0.06442397087812424
v -0.05144087597727779 0.05707471445202831 0.06442397087812424
v -0.05437964573502544 0.05148733779788021 0.06766396015882492
v -0.05437964573502544 0.04483283683657649 0.08159258216619492
v -0.05144087597727779 0.05707471445202831 0.06442397087812424
v -0.05437964573502544 0.04483283683657649 0.08159258216619492
v -0.05144087597727779 0.050405543297529255 0.07886060327291489
v -0.05144087597727779 0.050405543297529255 0.07886060327291489
v -0.05437964573502544 0.04483283683657649 0.08159258216619492
v -0.05437964573502544 0.038884539157152204 0.09603654593229294
v -0.05144087597727779 0.050405543297529255 0.07886060327291489
v -0.05437964573502544 0.038884539157152204 0.09603654593229294
v -0.05144087597727779 0.04443982988595965 0.09378927201032639
v -0.05144087597727779 0.04443982988595965 0.09378927201032639
v -0.05437964573502544 0.038884539157152204 0.09603654593229294
v -0.05437964573502544 0.03395382687449457 0.11096649616956711
v -0.05144087597727779 0.04443982988595965 0.09378927201032639
v -0.05437964573502544 0.03395382687449457 0.11096649616956711
v -0.05144087597727779 0.039499800652265576 0.10918938368558884
v -0.05144087597727779 0.039499800652265576 0.10918938368558884
v -0.05437964573502544 0.03395382687449457 0.11096649616956711
v -0.05437964573502544 0.03010891377925875 0.12626266479492188
v -0.05144087597727779 0.039499800652265576 0.10918938368558884
v -0.05437964573502544 0.03010891377925875 0.12626266479492188
v -0.05144087597727779 0.03564912825822832 0.12494467943906784
v -0.05144087597727779 0.03564912825822832 0.12494467943906784
v -0.05437964573502544 0.03010891377925875 0.12626266479492188
v -0.05437964573502544 0.027394158765673655 0.14178690314292908
v -0.05144087597727779 0.03564912825822832 0.12494467943906784
v -0.05437964573502544 0.027394158765673655 0.14178690314292908
v -0.05144087597727779 0.03292963653802874 0.1409221887588501
v -0.05144087597727779 0.03292963653802874 0.1409221887588501
v -0.05437964573502544 0.027394158765673655 0.14178690314292908
v -0.05437964573502544 0.025826640427112597 0.1574016511440277
v -0.05144087597727779 0.03292963653802874 0.1409221887588501
v -0.05437964573502544 0.025826640427112597 0.1574016511440277
v -0.05144087597727779 0.03135770931839945 0.15698951482772827
v -0.05144087597727779 0.03135770931839945 0.15698951482772827
v -0.05437964573502544 0.025826640427112597 0.1574016511440277
v -0.05405813083052639 0.026033023372292536 0.17149999737739563
v -0.05405813083052639 0.026033023372292536 0.17149999737739563
v 0.05418136343359951 0.025680845603346842 0.17149999737739563
v 0.05405813083052639 0.026033023372292536 0.17149999737739563
v 0.05405813083052639 0.026033023372292536 0.1914999783039093
v 0.05904802307486538 0.008449044078588491 0.17149999737739563
v 0.058495674282312435 0.013351256027817735 0.1914999783039093
v 0.059999998658895534 9.499508124566354e-11 0.1914999783039093
v 0.058495674282312435 0.013351256027817735 0.17149999737739563
v 0.058495674282312435 0.013351256027817735 0.1914999783039093
v 0.058495674282312435 0.013351256027817735 0.17149999737739563
v 0.05819726735353474 0.014204056933522233 0.17149999737739563
v 0.05621197819709781 0.019877688959240927 0.17149999737739563
v 0.04690988734364513 0.03740938752889636 0.17149999737739563
v 0.04690988734364513 0.03740938752889636 0.1914999783039093
v 0.047553990036249195 0.036384303122758886 0.17149999737739563
v 0.05405813083052639 0.026033023372292536 0.1914999783039093
v 0.05092863738536838 0.031013581901788732 0.17149999737739563
v 0.05405813083052639 0.026033023372292536 0.17149999737739563
v 0.03740938752889636 0.04690988734364513 0.17149999737739563
v 0.03740938752889636 0.04690988734364513 0.1914999783039093
v 0.03873312100768092 0.04558615759015086 0.17149999737739563
v 0.04690988734364513 0.03740938752889636 0.1914999783039093
v 0.04325770959258082 0.04106156900525096 0.17149999737739563
v 0.04690988734364513 0.03740938752889636 0.17149999737739563
v 0.03740938752889636 0.04690988734364513 0.17149999737739563
v 0.033613555133342764 0.049294967204332386 0.17149999737739563
v 0.03740938752889636 0.04690988734364513 0.1914999783039093
v 0.028270684182643908 0.0526521168649197 0.17149999737739563
v 0.026033025234937685 0.05405813083052639 0.1914999783039093
v 0.013351256027817735 0.058495674282312435 0.17149999737739563
v 0.013351256027817735 0.058495674282312435 0.1914999783039093
v 0.022680245339870467 0.0552313216030598 0.17149999737739563
v 0.026033025234937685 0.05405813083052639 0.1914999783039093
v 0.026033025234937685 0.05405813083052639 0.17149999737739563
v 0.026033025234937685 0.05405813083052639 0.17149999737739563
v 4.8672174127902135e-17 0.059999998658895534 0.17149999737739563
v 4.8672174127902135e-17 0.059999998658895534 0.1914999783039093
v 0.0029645706526935122 0.059665974229574245 0.17149999737739563
v 0.013351256027817735 0.058495674282312435 0.1914999783039093
v 0.01179782487452031 0.05867070332169537 0.17149999737739563
v 0.013351256027817735 0.058495674282312435 0.17149999737739563
v -0.013351256027817735 0.058495674282312435 0.17149999737739563
v -0.013351256027817735 0.058495674282312435 0.1914999783039093
v -0.011595489457249648 0.058693502098321956 0.17149999737739563
v 4.8672174127902135e-17 0.059999998658895534 0.1914999783039093
v -0.003501816885545852 0.05960543826222424 0.17149999737739563
v 4.8672174127902135e-17 0.059999998658895534 0.17149999737739563
v -0.026033025234937685 0.05405813083052639 0.17149999737739563
v -0.026033025234937685 0.05405813083052639 0.1914999783039093
v -0.023032270371913924 0.05510814115405086 0.17149999737739563
v -0.013351256027817735 0.058495674282312435 0.1914999783039093
v -0.01727796718478204 0.057121660560369526 0.17149999737739563
v -0.013351256027817735 0.058495674282312435 0.17149999737739563
v -0.03740938752889636 0.04690988734364513 0.17149999737739563
v -0.03740938752889636 0.04690988734364513 0.1914999783039093
v -0.033939313143491766 0.049090281128883397 0.17149999737739563
v -0.026033025234937685 0.05405813083052639 0.1914999783039093
v -0.028591975569725054 0.05245023593306545 0.17149999737739563
v -0.026033025234937685 0.05405813083052639 0.17149999737739563
v -0.04690988734364513 0.03740938752889636 0.17149999737739563
v -0.04690988734364513 0.03740938752889636 0.1914999783039093
v -0.043532099574804334 0.04078717902302745 0.17149999737739563
v -0.03740938752889636 0.04690988734364513 0.1914999783039093
v -0.039006460458040265 0.04531281441450122 0.17149999737739563
v -0.03740938752889636 0.04690988734364513 0.17149999737739563
v -0.04690988734364513 0.03740938752889636 0.17149999737739563
v -0.04775884002447132 0.03605828806757929 0.17149999737739563
v -0.04690988734364513 0.03740938752889636 0.1914999783039093
v -0.05113218724727634 0.030689634382724783 0.17149999737739563
v -0.05405813083052639 0.026033023372292536 0.1914999783039093
v -0.05405813083052639 0.026033023372292536 0.17149999737739563
v -0.05405813083052639 0.026033023372292536 0.1914999783039093
v -0.05405813083052639 0.026033023372292536 0.17149999737739563
v -0.05430517345666889 0.025327024981379526 0.17149999737739563
v -0.058495674282312435 0.013351256027817735 0.1914999783039093
v -0.05633386969566349 0.01952934451401235 0.17149999737739563
v -0.058315526694059414 0.01386609300971032 0.17149999737739563
v -0.058495674282312435 0.013351256027817735 0.17149999737739563
v -0.058495674282312435 0.013351256027817735 0.1914999783039093
v -0.058495674282312435 0.013351256027817735 0.17149999737739563
v -0.05908706784248356 0.008102484047412878 0.17149999737739563
v -0.059999998658895534 9.49951992068599e-11 0.1914999783039093
v -0.058495674282312435 -0.013351256027817735 0.17149999737739563
v -0.058495674282312435 -0.013351256027817735 0.1914999783039093
v -0.0596624538302422 -0.0029958190862089417 0.17149999737739563
v -0.059999998658895534 9.49951992068599e-11 0.1914999783039093
v -0.059999998658895534 9.49951992068599e-11 0.17149999737739563
v -0.059999998658895534 9.49951992068599e-11 0.17149999737739563
v -0.05405813083052639 -0.026033025234937685 0.17149999737739563
v -0.05405813083052639 -0.026033025234937685 0.1914999783039093
v -0.0561509691178799 -0.02005204185843469 0.17149999737739563
v -0.058495674282312435 -0.013351256027817735 0.1914999783039093
v -0.058138035237789196 -0.014373326674103747 0.17149999737739563
v -0.058495674282312435 -0.013351256027817735 0.17149999737739563
v -0.04690988734364513 -0.03740938752889636 0.17149999737739563
v -0.04690988734364513 -0.03740938752889636 0.1914999783039093
v -0.04745157808065418 -0.0365472920238972 0.17149999737739563
v -0.05405813083052639 -0.026033025234937685 0.1914999783039093
v -0.05082679912447933 -0.031175661832094213 0.17149999737739563
v -0.05405813083052639 -0.026033025234937685 0.17149999737739563
v -0.03740938752889636 -0.04690989106893543 0.17149999737739563
v -0.03740938752889636 -0.04690989106893543 0.1914999783039093
v -0.03859652578830722 -0.045722752809524564 0.17149999737739563
v -0.04690988734364513 -0.03740938752889636 0.1914999783039093
v -0.04312048479914668 -0.0411987900733948 0.17149999737739563
v -0.04690988734364513 -0.03740938752889636 0.17149999737739563
v -0.026033025234937685 -0.05405813083052639 0.17149999737739563
v -0.026033025234937685 -0.05405813083052639 0.1914999783039093
v -0.02811019867658617 -0.05275295674800876 0.17149999737739563
v -0.03740938752889636 -0.04690989106893543 0.1914999783039093
v -0.033450722694396993 -0.04939728602766994 0.17149999737739563
v -0.03740938752889636 -0.04690989106893543 0.17149999737739563
v -0.013351256027817735 -0.058495674282312435 0.17149999737739563
v -0.013351256027817735 -0.058495674282312435 0.1914999783039093
v -0.016761891543865214 -0.057302240282297176 0.17149999737739563
v -0.026033025234937685 -0.05405813083052639 0.1914999783039093
v -0.022504357621073737 -0.05529286712408069 0.17149999737739563
v -0.026033025234937685 -0.05405813083052639 0.17149999737739563
v -5.72151631454518e-17 -0.059999998658895534 0.17149999737739563
v -5.72151631454518e-17 -0.059999998658895534 0.1914999783039093
v -0.005356745794415477 -0.05939643830060963 0.17149999737739563
v -0.013351256027817735 -0.058495674282312435 0.1914999783039093
v -0.011068009771406657 -0.05875293537974362 0.17149999737739563
v -0.013351256027817735 -0.058495674282312435 0.17149999737739563
v 0.013351256027817735 -0.058495674282312435 0.17149999737739563
v 0.013351256027817735 -0.058495674282312435 0.1914999783039093
v 0.011419542133808143 -0.05871332809329037 0.17149999737739563
v -5.72151631454518e-17 -0.059999998658895534 0.1914999783039093
v 0.00569715537130833 -0.059358086436986965 0.17149999737739563
v -5.72151631454518e-17 -0.059999998658895534 0.17149999737739563
v 0.026033025234937685 -0.05405813083052639 0.17149999737739563
v 0.026033025234937685 -0.05405813083052639 0.1914999783039093
v 0.022856216877698912 -0.055169746279716526 0.17149999737739563
v 0.013351256027817735 -0.058495674282312435 0.1914999783039093
v 0.017105786129832278 -0.05718190968036655 0.17149999737739563
v 0.013351256027817735 -0.058495674282312435 0.17149999737739563
v 0.03740938752889636 -0.04690989106893543 0.17149999737739563
v 0.03740938752889636 -0.04690989106893543 0.1914999783039093
v 0.03377642109990122 -0.04919263347983364 0.17149999737739563
v 0.026033025234937685 -0.05405813083052639 0.1914999783039093
v 0.028431277722120302 -0.05255120992660526 0.17149999737739563
v 0.026033025234937685 -0.05405813083052639 0.17149999737739563
v 0.04690988734364513 -0.03740938752889636 0.17149999737739563
v 0.04690988734364513 -0.03740938752889636 0.1914999783039093
v 0.043394912034273175 -0.040924366563558606 0.17149999737739563
v 0.03740938752889636 -0.04690989106893543 0.1914999783039093
v 0.038869764655828504 -0.04544951021671298 0.17149999737739563
v 0.03740938752889636 -0.04690989106893543 0.17149999737739563
v 0.04690988734364513 -0.03740938752889636 0.17149999737739563
v 0.04765641316771511 -0.036221303045749685 0.17149999737739563
v 0.04690988734364513 -0.03740938752889636 0.1914999783039093
v 0.05103043466806415 -0.03085157461464407 0.17149999737739563
v 0.05405813083052639 -0.026033025234937685 0.1914999783039093
v 0.05405813083052639 -0.026033025234937685 0.17149999737739563
v 0.05405813083052639 -0.026033025234937685 0.1914999783039093
v 0.05405813083052639 -0.026033025234937685 0.17149999737739563
v 0.054243274033069645 -0.025503916665911692 0.17149999737739563
v 0.05627294257283214 -0.019703455269336714 0.17149999737739563
v 0.058256428688764614 -0.014034979976713666 0.17149999737739563
v 0.058495674282312435 -0.013351256027817735 0.1914999783039093
v 0.058495674282312435 -0.013351256027817735 0.17149999737739563
v 0.058495674282312435 -0.013351256027817735 0.1914999783039093
v 0.058495674282312435 -0.013351256027817735 0.17149999737739563
v 0.05970015749335293 -0.0026611902285367268 0.17149999737739563
v 0.059999998658895534 9.499508124566354e-11 0.1914999783039093
v 0.059999998658895534 9.499508124566354e-11 0.17149999737739563
v 0.059999998658895534 9.499508124566354e-11 0.17149999737739563
v 0.05405813083052639 0.026033023372292536 0.1914999783039093
v 0.04690988734364513 0.03740938752889636 0.1914999783039093
v -0.04690988734364513 -0.03740938752889636 0.1914999783039093
v -0.058495674282312435 -0.013351256027817735 0.1914999783039093
v -0.05405813083052639 -0.026033025234937685 0.1914999783039093
v -0.026033025234937685 -0.05405813083052639 0.1914999783039093
v -0.013351256027817735 -0.058495674282312435 0.1914999783039093
v 0.04690988734364513 -0.03740938752889636 0.1914999783039093
v 0.03740938752889636 0.04690988734364513 0.1914999783039093
v 0.026033025234937685 0.05405813083052639 0.1914999783039093
v 0.013351256027817735 0.058495674282312435 0.1914999783039093
v -0.03740938752889636 -0.04690989106893543 0.1914999783039093
v -5.72151631454518e-17 -0.059999998658895534 0.1914999783039093
v 0.013351256027817735 -0.058495674282312435 0.1914999783039093
v 0.03740938752889636 -0.04690989106893543 0.1914999783039093
v 0.026033025234937685 -0.05405813083052639 0.1914999783039093
v 0.05405813083052639 -0.026033025234937685 0.1914999783039093
v 0.058495674282312435 -0.013351256027817735 0.1914999783039093
v 0.059999998658895534 9.499508124566354e-11 0.1914999783039093
v 0.058495674282312435 0.013351256027817735 0.1914999783039093
v 4.8672174127902135e-17 0.059999998658895534 0.1914999783039093
v -0.013351256027817735 0.058495674282312435 0.1914999783039093
v -0.026033025234937685 0.05405813083052639 0.1914999783039093
v -0.05405813083052639 0.026033023372292536 0.1914999783039093
v -0.058495674282312435 0.013351256027817735 0.1914999783039093
v -0.059999998658895534 9.49951992068599e-11 0.1914999783039093
v -0.03740938752889636 0.04690988734364513 0.1914999783039093
v -0.04690988734364513 0.03740938752889636 0.1914999783039093
v -0.04854708909988407 -0.009499999694526202 0.011965777724981308
v -0.050000000745058094 0.007499999832361942 -4.0531160649948106e-09
v -0.050000000745058094 -0.009499999694526202 -4.0531160649948106e-09
v -0.050000000745058094 -0.009499999694526202 -4.0531160649948106e-09
v -0.050000000745058094 0.007499999832361942 -4.0531160649948106e-09
v -0.04854708909988407 0.007499999832361942 -0.011965785175561905
v -0.04854708909988407 -0.009499999694526202 -0.011965785175561905
v -0.04854708909988407 -0.009499999694526202 -0.011965785175561905
v -0.04854708909988407 0.007499999832361942 -0.011965785175561905
v -0.044272802770137815 0.007499999832361942 -0.02323615923523903
v -0.044272802770137815 -0.009499999694526202 -0.02323615923523903
v -0.044272802770137815 -0.009499999694526202 -0.02323615923523903
v -0.044272802770137815 0.007499999832361942 -0.02323615923523903
v -0.03742553666234019 0.007499999832361942 -0.0331561304628849
v -0.03742553666234019 -0.009499999694526202 -0.0331561304628849
v -0.03742553666234019 -0.009499999694526202 -0.0331561304628849
v -0.03742553666234019 0.007499999832361942 -0.0331561304628849
v -0.02840323746204378 0.007499999832361942 -0.04114920273423195
v -0.02840323746204378 -0.009499999694526202 -0.04114920273423195
v -0.02840323746204378 -0.009499999694526202 -0.04114920273423195
v -0.02840323746204378 0.007499999832361942 -0.04114920273423195
v -0.017730243504047404 0.007499999832361942 -0.04675081744790077
v -0.017730243504047404 -0.009499999694526202 -0.04675081744790077
v -0.017730243504047404 -0.009499999694526202 -0.04675081744790077
v -0.017730243504047404 0.007499999832361942 -0.04675081744790077
v -0.006026833783835177 0.007499999832361942 -0.04963544383645058
v -0.006026833783835177 -0.009499999694526202 -0.04963544383645058
v -0.006026833783835177 -0.009499999694526202 -0.04963544383645058
v -0.006026833783835177 0.007499999832361942 -0.04963544383645058
v 0.006026833783835177 0.007499999832361942 -0.04963544383645058
v 0.006026833783835177 -0.009499999694526202 -0.04963544383645058
v 0.006026833783835177 -0.009499999694526202 -0.04963544383645058
v 0.006026833783835177 0.007499999832361942 -0.04963544383645058
v 0.017730243504047404 0.007499999832361942 -0.04675081744790077
v 0.017730243504047404 -0.009499999694526202 -0.04675081744790077
v 0.017730243504047404 -0.009499999694526202 -0.04675081744790077
v 0.017730243504047404 0.007499999832361942 -0.04675081744790077
v 0.02840323746204378 0.007499999832361942 -0.04114920273423195
v 0.02840323746204378 -0.009499999694526202 -0.04114920273423195
v 0.02840323746204378 -0.009499999694526202 -0.04114920273423195
v 0.02840323746204378 0.007499999832361942 -0.04114920273423195
v 0.03742553666234019 0.007499999832361942 -0.0331561304628849
v 0.03742553666234019 -0.009499999694526202 -0.0331561304628849
v 0.03742553666234019 -0.009499999694526202 -0.0331561304628849
v 0.03742553666234019 0.007499999832361942 -0.0331561304628849
v 0.044272802770137815 0.007499999832361942 -0.02323615923523903
v 0.044272802770137815 -0.009499999694526202 -0.02323615923523903
v 0.044272802770137815 -0.009499999694526202 -0.02323615923523903
v 0.044272802770137815 0.007499999832361942 -0.02323615923523903
v 0.04854708909988407 0.007499999832361942 -0.011965785175561905
v 0.04854708909988407 -0.009499999694526202 -0.011965785175561905
v 0.04854708909988407 -0.009499999694526202 -0.011965785175561905
v 0.04854708909988407 0.007499999832361942 -0.011965785175561905
v 0.050000000745058094 0.007499999832361942 -4.0531160649948106e-09
v 0.050000000745058094 -0.009499999694526202 -4.0531160649948106e-09
v 0.050000000745058094 -0.009499999694526202 -4.0531160649948106e-09
v 0.050000000745058094 0.007499999832361942 -4.0531160649948106e-09
v 0.04854708909988407 0.007499999832361942 0.011965777724981308
v 0.04854708909988407 -0.009499999694526202 0.011965777724981308
v 0.04854708909988407 -0.009499999694526202 0.011965777724981308
v 0.04854708909988407 0.007499999832361942 0.011965777724981308
v 0.044272802770137815 0.007499999832361942 0.023236151784658432
v 0.044272802770137815 -0.009499999694526202 0.023236151784658432
v 0.044272802770137815 -0.009499999694526202 0.023236151784658432
v 0.044272802770137815 0.007499999832361942 0.023236151784658432
v 0.03742553666234019 0.007499999832361942 0.033156123012304306
v 0.03742553666234019 -0.009499999694526202 0.033156123012304306
v 0.03742553666234019 -0.009499999694526202 0.033156123012304306
v 0.03742553666234019 0.007499999832361942 0.033156123012304306
v 0.02840323746204378 0.007499999832361942 0.04114919528365135
v 0.02840323746204378 -0.009499999694526202 0.04114919528365135
v 0.02840323746204378 -0.009499999694526202 0.04114919528365135
v 0.02840323746204378 0.007499999832361942 0.04114919528365135
v 0.017730243504047404 0.007499999832361942 0.046750809997320175
v 0.017730243504047404 -0.009499999694526202 0.046750809997320175
v 0.017730243504047404 -0.009499999694526202 0.046750809997320175
v 0.017730243504047404 0.007499999832361942 0.046750809997320175
v 0.006026833783835177 0.007499999832361942 0.04963543638586998
v 0.006026833783835177 -0.009499999694526202 0.04963543638586998
v 0.006026833783835177 -0.009499999694526202 0.04963543638586998
v 0.006026833783835177 0.007499999832361942 0.04963543638586998
v -0.006026833783835177 0.007499999832361942 0.04963543638586998
v -0.006026833783835177 -0.009499999694526202 0.04963543638586998
v -0.006026833783835177 -0.009499999694526202 0.04963543638586998
v -0.006026833783835177 0.007499999832361942 0.04963543638586998
v -0.017730243504047404 0.007499999832361942 0.046750809997320175
v -0.017730243504047404 -0.009499999694526202 0.046750809997320175
v -0.017730243504047404 -0.009499999694526202 0.046750809997320175
v -0.017730243504047404 0.007499999832361942 0.046750809997320175
v -0.02840323746204378 0.007499999832361942 0.04114919528365135
v -0.02840323746204378 -0.009499999694526202 0.04114919528365135
v -0.02840323746204378 -0.009499999694526202 0.04114919528365135
v -0.02840323746204378 0.007499999832361942 0.04114919528365135
v -0.03742553666234019 0.007499999832361942 0.033156123012304306
v -0.03742553666234019 -0.009499999694526202 0.033156123012304306
v -0.03742553666234019 -0.009499999694526202 0.033156123012304306
v -0.03742553666234019 0.007499999832361942 0.033156123012304306
v -0.044272802770137815 0.007499999832361942 0.023236151784658432
v -0.044272802770137815 -0.009499999694526202 0.023236151784658432
v -0.044272802770137815 -0.009499999694526202 0.023236151784658432
v -0.044272802770137815 0.007499999832361942 0.023236151784658432
v -0.04854708909988407 0.007499999832361942 0.011965777724981308
v -0.04854708909988407 -0.009499999694526202 0.011965777724981308
v -0.04854708909988407 0.007499999832361942 0.011965777724981308
v 0.02840323746204378 -0.009499999694526202 0.04114919528365135
v 0.017730243504047404 -0.009499999694526202 0.046750809997320175
v -0.02840323746204378 -0.009499999694526202 -0.04114920273423195
v 0.006026833783835177 -0.009499999694526202 0.04963543638586998
v -0.006026833783835177 -0.009499999694526202 0.04963543638586998
v -0.017730243504047404 -0.009499999694526202 0.046750809997320175
v -0.02840323746204378 -0.009499999694526202 0.04114919528365135
v -0.03742553666234019 -0.009499999694526202 -0.0331561304628849
v -0.03742553666234019 -0.009499999694526202 0.033156123012304306
v -0.044272802770137815 -0.009499999694526202 0.023236151784658432
v -0.04854708909988407 -0.009499999694526202 -0.011965785175561905
v -0.04854708909988407 -0.009499999694526202 0.011965777724981308
v -0.050000000745058094 -0.009499999694526202 -4.0531160649948106e-09
v -0.044272802770137815 -0.009499999694526202 -0.02323615923523903
v -0.017730243504047404 -0.009499999694526202 -0.04675081744790077
v -0.006026833783835177 -0.009499999694526202 -0.04963544383645058
v 0.006026833783835177 -0.009499999694526202 -0.04963544383645058
v 0.017730243504047404 -0.009499999694526202 -0.04675081744790077
v 0.02840323746204378 -0.009499999694526202 -0.04114920273423195
v 0.03742553666234019 -0.009499999694526202 -0.0331561304628849
v 0.044272802770137815 -0.009499999694526202 -0.02323615923523903
v 0.04854708909988407 -0.009499999694526202 -0.011965785175561905
v 0.050000000745058094 -0.009499999694526202 -4.0531160649948106e-09
v 0.04854708909988407 -0.009499999694526202 0.011965777724981308
v 0.044272802770137815 -0.009499999694526202 0.023236151784658432
v 0.03742553666234019 -0.009499999694526202 0.033156123012304306
usemtl material_DefaultMaterial
f 1 2 3
f 3 2 4
f 3 4 5
f 5 4 6
f 5 6 7
f 7 6 8
f 7 8 9
f 9 8 10
f 9 10 11
f 11 10 12
f 11 12 13
f 13 12 14
f 13 14 15
f 15 14 16
f 15 16 17
f 17 16 18
f 17 18 19
f 19 18 20
f 19 20 21
f 21 20 22
f 21 22 23
f 23 22 24
f 23 24 25
f 24 26 25
f 25 26 27
f 25 27 28
f 28 27 29
f 28 29 30
f 30 29 31
f 30 31 32
f 32 31 33
f 32 33 34
f 34 33 35
f 34 35 36
f 36 35 37
f 36 37 38
f 38 37 39
f 38 39 40
f 40 39 41
f 40 41 42
f 42 41 43
f 42 43 44
f 44 43 45
f 44 45 46
f 46 45 47
f 46 47 48
f 48 47 49
f 48 49 50
f 50 49 51
f 50 51 52
f 52 51 53
f 52 53 1
f 1 53 54
f 1 54 2
f 55 56 57
f 58 59 60
f 58 60 61
f 62 63 64
f 65 66 67
f 65 67 68
f 68 67 69
f 68 69 70
f 71 72 73
f 74 75 76
f 74 76 77
f 77 76 78
f 77 78 79
f 71 73 80
f 80 73 81
f 80 81 82
f 83 84 85
f 83 85 86
f 86 85 87
f 86 87 88
f 89 90 91
f 89 91 92
f 92 91 93
f 92 93 94
f 95 96 97
f 95 97 98
f 98 97 99
f 98 99 100
f 101 102 103
f 101 103 104
f 104 103 105
f 104 105 106
f 107 108 109
f 107 109 110
f 110 109 111
f 110 111 112
f 113 114 115
f 113 115 116
f 116 115 117
f 116 117 118
f 119 120 121
f 119 121 122
f 122 121 123
f 122 123 124
f 125 126 127
f 125 127 128
f 128 127 129
f 128 129 130
f 131 132 133
f 133 132 134
f 133 134 135
f 135 134 136
f 135 136 137
f 55 57 138
f 139 140 141
f 142 143 144
f 145 146 147
f 147 146 148
f 147 148 149
f 150 151 152
f 153 154 155
f 153 155 156
f 156 155 157
f 156 157 158
f 159 160 161
f 162 163 164
f 162 164 165
f 165 164 166
f 165 166 167
f 159 161 168
f 168 161 169
f 170 169 171
f 172 173 174
f 172 174 175
f 175 174 176
f 175 176 177
f 178 179 180
f 178 180 181
f 181 180 182
f 181 182 183
f 184 185 186
f 184 186 187
f 187 186 188
f 187 188 189
f 190 191 192
f 193 194 195
f 193 195 196
f 196 195 197
f 196 197 198
f 190 192 199
f 199 192 200
f 199 200 201
f 202 203 204
f 202 204 205
f 205 204 206
f 205 206 207
f 208 209 210
f 208 210 211
f 211 210 212
f 211 212 213
f 214 215 216
f 216 215 217
f 216 217 218
f 219 220 221
f 221 220 222
f 222 223 221
f 224 225 226
f 214 227 215
f 60 228 61
f 229 230 231
f 229 231 232
f 232 231 233
f 219 234 220
f 235 236 237
f 238 239 240
f 241 242 243
f 244 245 246
f 247 248 249
f 250 251 252
f 253 254 255
f 256 257 258
f 242 241 259
f 260 261 262
f 263 264 265
f 266 267 268
f 269 270 271
f 272 273 274
f 275 276 277
f 278 279 280
f 281 282 283
f 284 285 286
f 287 288 289
f 290 291 292
f 293 294 295
f 296 297 298
f 299 300 301
f 302 303 304
f 305 306 307
f 308 309 310
f 311 312 313
f 314 315 316
f 317 318 319
f 320 321 322
f 323 324 325
f 326 327 328
f 329 330 331
f 332 333 334
f 335 336 337
f 338 339 340
f 341 342 343
f 344 345 346
f 347 348 349
f 350 351 352
f 353 354 355
f 356 357 358
f 359 360 361
f 362 363 364
f 365 366 367
f 368 369 370
f 371 372 373
f 374 375 376
f 376 375 377
f 378 379 380
f 381 382 383
f 384 385 386
f 387 388 389
f 389 388 390
f 391 392 393
f 394 395 396
f 397 398 399
f 400 401 402
f 402 401 403
f 404 405 406
f 407 408 409
f 410 411 412
f 413 414 415
f 415 414 416
f 417 418 419
f 420 421 422
f 423 424 425
f 426 427 428
f 429 430 431
f 432 433 434
f 435 436 437
f 438 439 440
f 441 442 443
f 444 445 446
f 446 445 447
f 448 449 450
f 451 452 453
f 454 455 456
f 457 458 459
f 459 458 460
f 461 462 463
f 464 465 466
f 467 468 469
f 470 471 472
f 472 471 473
f 474 475 476
f 477 478 479
f 480 481 482
f 483 484 485
f 485 484 486
f 487 488 489
f 490 491 492
f 493 494 495
f 496 497 498
f 498 497 499
f 500 501 502
f 503 504 505
f 506 507 508
f 509 510 511
f 512 513 514
f 515 516 517
f 517 516 518
f 519 520 521
f 522 523 524
f 525 526 527
f 528 529 530
f 531 532 533
f 534 535 536
f 537 538 539
f 540 541 542
f 543 544 545
f 546 547 548
f 523 549 524
f 550 551 552
f 553 554 555
f 553 555 556
f 557 558 559
f 560 561 562
f 563 564 565
f 566 567 568
f 569 570 571
f 564 572 565
f 573 574 575
f 576 577 578
f 576 578 579
f 580 581 582
f 582 581 583
f 584 585 586
f 587 588 589
f 590 591 592
f 593 594 595
f 596 597 598
f 599 600 601
f 602 603 604
f 605 606 607
f 608 609 610
f 611 612 613
f 614 615 616
f 609 617 610
f 618 619 620
f 621 622 623
f 621 623 624
f 625 626 627
f 628 629 630
f 631 632 633
f 633 632 634
f 635 636 637
f 638 639 640
f 641 642 643
f 644 645 646
f 646 645 647
f 648 649 650
f 651 652 653
f 654 655 656
f 657 658 659
f 659 658 660
f 661 662 663
f 664 665 666
f 667 668 669
f 670 671 672
f 673 674 675
f 676 677 678
f 679 680 681
f 682 683 684
f 685 686 687
f 688 689 690
f 690 689 691
f 692 693 694
f 695 696 697
f 698 699 700
f 701 702 703
f 686 704 687
f 705 706 707
f 708 709 710
f 711 712 713
f 714 715 716
f 717 718 719
f 720 721 722
f 723 724 725
f 726 727 728
f 729 730 731
f 732 733 734
f 735 736 737
f 738 739 740
f 741 742 743
f 744 745 746
f 747 748 749
f 750 751 752
f 753 754 755
f 756 757 758
f 759 760 761
f 762 763 764
f 765 766 767
f 768 769 770
f 771 772 773
f 774 775 776
f 777 778 779
f 780 781 782
f 783 784 785
f 786 787 788
f 789 790 791
f 792 793 794
f 795 796 797
f 798 799 800
f 801 802 803
f 804 805 806
f 807 808 809
f 810 811 812
f 813 814 815
f 816 817 818
f 819 820 821
f 822 823 824
f 825 826 827
f 828 829 830
f 831 832 833
f 834 835 836
f 837 838 839
f 840 841 842
f 843 844 845
f 846 847 848
f 849 850 851
f 852 853 854
f 855 856 857
f 858 859 860
f 861 862 863
f 864 865 866
f 867 868 869
f 870 871 872
f 873 874 875
f 876 877 878
f 879 880 881
f 882 883 884
f 885 886 887
f 888 889 890
f 891 892 893
f 894 895 896
f 897 898 899
f 900 901 902
f 903 904 905
f 906 907 908
f 909 910 911
f 912 913 914
f 915 916 917
f 918 919 920
f 921 922 923
f 924 925 926
f 927 928 929
f 930 931 932
f 933 934 935
f 936 937 938
f 939 940 941
f 942 943 944
f 945 946 947
f 948 949 950
f 951 952 953
f 954 955 956
f 957 958 959
f 960 961 962
f 963 964 965
f 966 967 968
f 969 970 971
f 972 973 974
f 975 976 977
f 978 979 980
f 981 982 983
f 984 985 986
f 987 988 989
f 990 991 992
f 993 994 995
f 996 997 998
f 999 1000 1001
f 1002 1003 1004
f 1005 1006 1007
f 1008 1009 1010
f 1011 1012 1013
f 1014 1015 1016
f 1017 1018 1019
f 1020 1021 1022
f 1023 1024 1025
f 1026 1027 1028
f 1029 1030 1031
f 1032 1033 1034
f 1035 1036 1037
f 1038 1039 1040
f 1041 1042 1043
f 1044 1045 1046
f 1047 1048 1049
f 1050 1051 1052
f 1053 1054 1055
f 1056 1057 1058
f 1059 1060 1061
f 1062 1063 1064
f 1065 1066 1067
f 1068 1069 1070
f 1071 1072 1073
f 326 1074 327
f 1075 1076 1077
f 1078 1079 1080
f 1081 1082 1083
f 1084 1085 1086
f 1087 1088 1089
f 1090 1091 1092
f 1093 1094 1095
f 1096 1097 1098
f 1099 1100 1101
f 1102 1103 1104
f 1105 1106 1107
f 1108 1109 1110
f 1111 1112 1113
f 1114 1115 1116
f 1117 1118 1119
f 1120 1121 1122
f 1123 1124 1125
f 1126 1127 1128
f 1129 1130 1131
f 1132 1133 1134
f 1135 1136 1137
f 1138 1139 1140
f 1141 1142 1143
f 1144 1145 1146
f 1147 1148 1149
f 1150 1151 1152
f 1153 1154 1155
f 1156 1157 1158
f 1159 1160 1161
f 1162 1163 1164
f 1165 1166 1167
f 1168 1169 1170
f 1171 1172 1173
f 1174 1175 1176
f 1177 1178 1179
f 1180 1181 1182
f 1183 1184 1185
f 1186 1187 1188
f 1189 1190 1191
f 1192 1193 1194
f 1195 1196 1197
f 1198 1199 1200
f 1201 1202 1203
f 1204 1205 1206
f 1207 1208 1209
f 1210 1211 1212
f 1213 1214 1215
f 1216 1217 1218
f 1219 1220 1221
f 1222 1223 1224
f 1225 1226 1227
f 1228 1229 1230
f 988 1231 989
f 1232 1233 1234
f 1235 1236 1237
f 1238 1239 1240
f 1241 1242 1243
f 1244 1245 1246
f 1247 1248 1249
f 1250 1251 1252
f 1253 1254 1255
f 1256 1257 1258
f 1259 1260 1261
f 1262 1263 1264
f 1265 1266 1267
f 1268 1269 1270
f 1271 1272 1273
f 1274 1275 1276
f 1277 1278 1279
f 1280 1281 1282
f 1283 1284 1285
f 1286 1287 1288
f 1289 1290 1291
f 317 1292 318
f 1293 1294 1295
f 1296 1297 1298
f 1299 1300 1301
f 1302 1303 1304
f 1305 1306 1307
f 1308 1309 1310
f 1311 1312 1313
f 1314 1315 1316
f 1317 1318 1319
f 1320 1321 1322
f 1323 1324 1325
f 1326 1327 1328
f 1329 1330 1331
f 1332 1333 1334
f 1335 1336 1337
f 1338 1339 1340
f 1341 1342 1343
f 1344 1345 1346
f 1347 1348 1349
f 1350 1351 1352
f 1353 1354 1355
f 1356 1357 1358
f 1359 1360 1361
f 1362 1363 1364
f 1365 1366 1367
f 1368 1369 1370
f 1371 1372 1373
f 1374 1375 1376
f 1377 1378 1379
f 1379 1378 1380
f 1381 1382 1383
f 1384 1385 1386
f 1387 1388 1389
f 1390 1391 1392
f 1393 1394 1395
f 1396 1397 1398
f 1396 1398 1399
f 1400 1401 1402
f 1403 1404 1405
f 1406 1407 1408
f 1409 1410 1411
f 1412 1413 1414
f 1415 1416 1417
f 1418 1419 1420
f 1421 1422 1423
f 1424 1425 1426
f 1427 1428 1429
f 1430 1431 1432
f 1433 1434 1435
f 1436 1437 1438
f 1439 1440 1441
f 1442 1443 1444
f 1445 1446 1447
f 1448 1449 1450
f 1451 1452 1453
f 1454 1455 1456
f 1457 1458 1459
f 1460 1461 1462
f 314 1463 315
f 1464 1465 1466
f 1467 1468 1469
f 1470 1471 1472
f 1473 1474 1475
f 1476 1477 1478
f 1479 1480 1481
f 1482 1483 1484
f 1485 1486 1487
f 1488 1489 1490
f 1491 1492 1493
f 1494 1495 1496
f 1497 1498 1499
f 1500 1501 1502
f 1503 1504 1505
f 1506 1507 1508
f 1509 1510 1511
f 1512 1513 1514
f 1515 1516 1517
f 1518 1519 1520
f 1521 1522 1523
f 1524 1525 1526
f 1527 1528 1529
f 1530 1531 1532
f 1533 1534 1535
f 1536 1537 1538
f 1539 1540 1541
f 1542 1543 1544
f 1545 1546 1547
f 1548 1549 1550
f 1551 1552 1553
f 1554 1555 1556
f 1557 1558 1559
f 1560 1561 1562
f 1563 1564 1565
f 1566 1567 1568
f 1569 1570 1571
f 1572 1573 1574
f 1575 1576 1577
f 1578 1579 1580
f 1581 1582 1583
f 1584 1585 1586
f 1587 1588 1589
f 1590 1591 1592
f 1593 1594 1595
f 1596 1597 1598
f 1599 1600 1601
f 1602 1603 1604
f 1605 1606 1607
f 1608 1609 1610
f 1611 1612 1613
f 1614 1615 1616
f 1617 1618 1619
f 1620 1621 1622
f 1623 1624 1625
f 1626 1627 1628
f 1629 1630 1631
f 1632 1633 1634
f 1635 1636 1637
f 1638 1639 1640
f 1641 1642 1643
f 1644 1645 1646
f 1647 1648 1649
f 1650 1651 1652
f 1653 1654 1655
f 1656 1657 1658
f 1659 1660 1661
f 1662 1663 1664
f 1665 1666 1667
f 1668 1669 1670
f 1671 1672 1673
f 1674 1675 1676
f 1677 1678 1679
f 1680 1681 1682
f 1683 1684 1685
f 1686 1687 1688
f 1689 1690 1691
f 1692 1693 1694
f 1695 1696 1697
f 1698 1699 1700
f 1701 1702 1703
f 1704 1705 1706
f 1707 1708 1709
f 1710 1711 1712
f 1713 1714 1715
f 1716 1717 1718
f 1719 1720 1721
f 1722 1723 1724
f 1725 1726 1727
f 1728 1729 1730
f 1731 1732 1733
f 1734 1735 1736
f 1737 1738 1739
f 1740 1741 1742
f 1743 1744 1745
f 1746 1747 1748
f 1749 1750 1751
f 1752 1753 1754
f 1755 1756 1757
f 1758 1759 1760
f 1761 1762 1763
f 1764 1765 1766
f 1767 1768 1769
f 1770 1771 1772
f 1773 1774 1775
f 1776 1777 1778
f 1779 1780 1781
f 1782 1783 1784
f 1785 1786 1787
f 1788 1789 1790
f 1791 1792 1793
f 1794 1795 1796
f 1797 1798 1799
f 1800 1801 1802
f 1803 1804 1805
f 1806 1807 1808
f 1809 1810 1811
f 1812 1813 1814
f 1815 1816 1817
f 1818 1819 1820
f 1821 1822 1823
f 1824 1825 1826
f 1827 1828 1829
f 1830 1831 1832
f 1833 1834 1835
f 1836 1837 1838
f 1839 1840 1841
f 1842 1843 1844
f 1845 1846 1847
f 1848 1849 1850
f 1851 1852 1853
f 1854 1855 1856
f 1857 1858 1859
f 1860 1861 1862
f 1863 1864 1865
f 1866 1867 1868
f 1869 1870 1871
f 1872 1873 1874
f 1875 1876 1877
f 1878 1879 1880
f 1881 1882 1883
f 1884 1885 1886
f 1887 1888 1889
f 1890 1891 1892
f 1893 1894 1895
f 1896 1897 1898
f 1899 1900 1901
f 1902 1903 1904
f 1905 1906 1907
f 1908 1909 1910
f 1911 1912 1913
f 1914 1915 1916
f 1917 1918 1919
f 1920 1921 1922
f 1923 1924 1925
f 1926 1927 1928
f 1929 1930 1931
f 1932 1933 1934
f 1935 1936 1937
f 1938 1939 1940
f 1941 1942 1943
f 1944 1945 1946
f 1947 1948 1949
f 1950 1951 1952
f 1953 1954 1955
f 1956 1957 1958
f 1959 1960 1961
f 1962 1963 1964
f 1965 1966 1967
f 1968 1969 1970
f 1971 1972 1973
f 1974 1975 1976
f 300 1977 301
f 1978 1979 1980
f 1981 1982 1983
f 1984 1985 1986
f 1987 1988 1989
f 1990 1991 1992
f 1993 1994 1995
f 1996 1997 1998
f 1999 2000 2001
f 2002 2003 2004
f 2005 2006 2007
f 2008 2009 2010
f 2011 2012 2013
f 2014 2015 2016
f 2017 2018 2019
f 2020 2021 2022
f 2023 2024 2025
f 2026 2027 2028
f 2029 2030 2031
f 2032 2033 2034
f 2035 2036 2037
f 2038 2039 2040
f 2041 2042 2043
f 2044 2045 2046
f 2047 2048 2049
f 2050 2051 2052
f 2053 2054 2055
f 2056 2057 2058
f 2059 2060 2061
f 2062 2063 2064
f 2065 2066 2067
f 2068 2069 2070
f 2071 2072 2073
f 2074 2075 2076
f 2077 2078 2079
f 2080 2081 2082
f 2083 2084 2085
f 2086 2087 2088
f 2089 2090 2091
f 2092 2093 2094
f 2095 2096 2097
f 2098 2099 2100
f 2101 2102 2103
f 2104 2105 2106
f 2107 2108 2109
f 2110 2111 2112
f 2113 2114 2115
f 2116 2117 2118
f 2119 2120 2121
f 2122 2123 2124
f 2125 2126 2127
f 2128 2129 2130
f 2131 2132 2133
f 2134 2135 2136
f 2137 2138 2139
f 2140 2141 2142
f 2143 2144 2145
f 2146 2147 2148
f 2149 2150 2151
f 2152 2153 2154
f 2155 2156 2157
f 2158 2159 2160
f 2161 2162 2163
f 2164 2165 2166
f 2167 2168 2169
f 2170 2171 2172
f 2173 2174 2175
f 2176 2177 2178
f 2179 2180 2181
f 2182 2183 2184
f 2185 2186 2187
f 2188 2189 2190
f 2191 2192 2193
f 2194 2195 2196
f 2197 2198 2199
f 2200 2201 2202
f 2203 2204 2205
f 2206 2207 2208
f 2209 2210 2211
f 2212 2213 2214
f 2215 2216 2217
f 2218 2219 2220
f 2221 2222 2223
f 2224 2225 2226
f 2227 2228 2229
f 2230 2231 2232
f 2233 2234 2235
f 2236 2237 2238
f 2239 2240 2241
f 2242 2243 2244
f 2245 2246 2247
f 2248 2249 2250
f 2251 2252 2253
f 2254 2255 2256
f 2257 2258 2259
f 2260 2261 2262
f 2263 2264 2265
f 2266 2267 2268
f 2269 2270 2271
f 2272 2273 2274
f 2275 2276 2277
f 2278 2279 2280
f 2281 2282 2283
f 2284 2285 2286
f 2287 2288 2289
f 2290 2291 2292
f 2293 2294 2295
f 2296 2297 2298
f 2299 2300 2301
f 2302 2303 2304
f 2305 2306 2307
f 2308 2309 2310
f 2311 2312 2313
f 2314 2315 2316
f 2317 2318 2319
f 2320 2321 2322
f 2323 2324 2325
f 2326 2327 2328
f 2329 2330 2331
f 2332 2333 2334
f 2335 2336 2337
f 2338 2339 2340
f 2341 2342 2343
f 2344 2345 2346
f 2347 2348 2349
f 2350 2351 2352
f 2353 2354 2355
f 2356 2357 2358
f 2359 2360 2361
f 2362 2363 2364
f 2365 2366 2367
f 2368 2369 2370
f 2371 2372 2373
f 2374 2375 2376
f 2377 2378 2379
f 2380 2381 2382
f 2383 2384 2385
f 2386 2387 2388
f 2389 2390 2391
f 2392 2393 2394
f 2395 2396 2397
f 2398 2399 2400
f 2401 2402 2403
f 2404 2405 2406
f 2407 2408 2409
f 2410 2411 2412
f 2413 2414 2415
f 2416 2417 2418
f 2419 2420 2421
f 2422 2423 2424
f 2425 2426 2427
f 2428 2429 2430
f 2431 2432 2433
f 2434 2435 2436
f 2437 2438 2439
f 2440 2441 2442
f 2443 2444 2445
f 2446 2447 2448
f 2449 2450 2451
f 2452 2453 2454
f 2455 2456 2457
f 2458 2459 2460
f 2461 2462 2463
f 2464 2465 2466
f 2467 2468 2469
f 2470 2471 2472
f 2473 2474 2475
f 2476 2477 2478
f 2479 2480 2481
f 2482 2483 2484
f 2485 2486 2487
f 2488 2489 2490
f 2491 2492 2493
f 2494 2495 2496
f 2497 2498 2499
f 2500 2501 2502
f 2503 2504 2505
f 2506 2507 2508
f 2509 2510 2511
f 2512 2513 2514
f 2515 2516 2517
f 2518 2519 2520
f 2521 2522 2523
f 2524 2525 2526
f 2527 2528 2529
f 2530 2531 2532
f 2533 2534 2535
f 2536 2537 2538
f 2539 2540 2541
f 2542 2543 2544
f 2545 2546 2547
f 2548 2549 2550
f 2551 2552 2553
f 2554 2555 2556
f 2557 2558 2559
f 2560 2561 2562
f 2563 2564 2565
f 2566 2567 2568
f 2569 2570 2571
f 2572 2573 2574
f 2575 2576 2577
f 2578 2579 2580
f 2581 2582 2583
f 2584 2585 2586
f 2587 2588 2589
f 2590 2591 2592
f 2593 2594 2595
f 2596 2597 2598
f 2599 2600 2601
f 2602 2603 2604
f 2605 2606 2607
f 2608 2609 2610
f 2611 2612 2613
f 2614 2615 2616
f 2617 2618 2619
f 2620 2621 2622
f 2623 2624 2625
f 2626 2627 2628
f 2629 2630 2631
f 2632 2633 2634
f 2635 2636 2637
f 2638 2639 2640
f 2641 2642 2643
f 2644 2645 2646
f 2647 2648 2649
f 2650 2651 2652
f 2653 2654 2655
f 2656 2657 2658
f 2659 2660 2661
f 2662 2663 2664
f 2665 2666 2667
f 2668 2669 2670
f 2671 2672 2673
f 2674 2675 2676
f 2677 2678 2679
f 2680 2681 2682
f 2683 2684 2685
f 2686 2687 2688
f 2689 2690 2691
f 2692 2693 2694
f 2695 2696 2697
f 2698 2699 2700
f 2701 2702 2703
f 2704 2705 2706
f 2707 2708 2709
f 2710 2711 2712
f 2713 2714 2715
f 2716 2717 2718
f 2719 2720 2721
f 2722 2723 2724
f 2725 2726 2727
f 2728 2729 2730
f 2731 2732 2733
f 2734 2735 2736
f 2737 2738 2739
f 2740 2741 2742
f 2743 2744 2745
f 2746 2747 2748
f 2749 2750 2751
f 2752 2753 2754
f 2755 2756 2757
f 2758 2759 2760
f 2758 2760 2761
f 2762 2763 2764
f 2765 2766 2767
f 2768 2769 2770
f 2771 2772 2773
f 2774 2775 2776
f 2777 2778 2779
f 2780 2781 2782
f 2783 2784 2785
f 2786 2787 2788
f 2789 2790 2791
f 2792 2793 2794
f 2795 2796 2797
f 2798 2799 2800
f 2801 2802 2803
f 2804 2805 2806
f 2807 2808 2809
f 2810 2811 2812
f 2813 2814 2815
f 2816 2817 2818
f 2819 2820 2821
f 2822 2823 2824
f 2825 2826 2827
f 2828 2829 2830
f 2831 2832 2833
f 2834 2835 2836
f 2837 2838 2839
f 2840 2841 2842
f 2843 2844 2845
f 2846 2847 2848
f 2849 2850 2851
f 2852 2853 2854
f 2855 2856 2857
f 2858 2859 2860
f 2861 2862 2863
f 2864 2865 2866
f 2867 2868 2869
f 2870 2871 2872
f 2873 2874 2875
f 2875 2874 2876
f 2877 2878 2879
f 2880 2881 2882
f 2883 2884 2885
f 2886 2887 2888
f 2886 2888 2889
f 2890 2891 2892
f 2893 2894 2895
f 2896 2897 2898
f 2899 2900 2901
f 2902 2903 2904
f 2905 2906 2907
f 2908 2909 2910
f 2911 2912 2913
f 2914 2915 2916
f 2917 2918 2919
f 2920 2921 2922
f 2923 2924 2925
f 2926 2927 2928
f 2929 2930 2931
f 2010 2932 2008
f 2933 2934 2935
f 2935 2934 2936
f 2937 2938 2939
f 2940 2941 2942
f 2943 2944 2945
f 2946 2947 2948
f 2949 2950 2951
f 2952 2953 2954
f 2952 2954 2955
f 2956 2957 2958
f 2959 2960 2961
f 2962 2963 2964
f 2965 2966 2967
f 2968 2969 2970
f 2971 2972 2973
f 2974 2975 2976
f 2977 2978 2979
f 2980 2981 2982
f 2983 2984 2985
f 2986 2987 2988
f 2989 2990 2991
f 2992 2993 2994
f 2995 2996 2997
f 2998 2999 3000
f 3001 3002 3003
f 3004 3005 3006
f 3007 3008 3009
f 3010 3011 3012
f 3013 3014 3015
f 3016 3017 3018
f 3019 3020 3021
f 3022 3023 3024
f 3025 3026 3027
f 3028 3029 3030
f 3031 3032 3033
f 3034 3035 3036
f 3037 3038 3039
f 3040 3041 3042
f 3043 3044 3045
f 3046 3047 3048
f 3049 3050 3051
f 3052 3053 3054
f 3055 3056 3057
f 3058 3059 3060
f 3061 3062 3063
f 3064 3065 3066
f 3067 3068 3069
f 3070 3071 3072
f 3073 3074 3075
f 3076 3077 3078
f 3079 3080 3081
f 3082 3083 3084
f 3085 3086 3087
f 3088 3089 3090
f 3091 3092 3093
f 3094 3095 3096
f 3097 3098 3099
f 3100 3101 3102
f 3103 3104 3105
f 3106 3107 3108
f 3109 3110 3111
f 3112 3113 3114
f 3115 3116 3117
f 3118 3119 3120
f 3121 3122 3123
f 3124 3125 3126
f 3127 3128 3129
f 3130 3131 3132
f 3133 3134 3135
f 3136 3137 3138
f 3139 3140 3141
f 3142 3143 3144
f 3145 3146 3147
f 3148 3149 3150
f 3151 3152 3153
f 3154 3155 3156
f 3157 3158 3159
f 3160 3161 3162
f 3163 3164 3165
f 3166 3167 3168
f 3169 3170 3171
f 3172 3173 3174
f 3175 3176 3177
f 3178 3179 3180
f 3181 3182 3183
f 3184 3185 3186
f 3187 3188 3189
f 3190 3191 3192
f 3193 3194 3195
f 3196 3197 3198
f 3199 3200 3201
f 3202 3203 3204
f 3205 3206 3207
f 3208 3209 3210
f 3211 3212 3213
f 3214 3215 3216
f 3217 3218 3219
f 3220 3221 3222
f 3223 3224 3225
f 3226 3227 3228
f 3229 3230 3231
f 3232 3233 3234
f 3235 3236 3237
f 3238 3239 3240
f 3241 3242 3243
f 3244 3245 3246
f 3247 3248 3249
f 3250 3251 3252
f 3253 3254 3255
f 3256 3257 3258
f 3259 3260 3261
f 3262 3263 3264
f 3265 3266 3267
f 3268 3269 3270
f 3271 3272 3273
f 3274 3275 3276
f 3277 3278 3279
f 3280 3281 3282
f 3283 3284 3285
f 3286 3287 3288
f 3289 3290 3291
f 3292 3293 3294
f 3295 3296 3297
f 3298 3299 3300
f 3301 3302 3303
f 3304 3305 3306
f 3307 3308 3309
f 3310 3311 3312
f 3313 3314 3315
f 3316 3317 3318
f 3319 3320 3321
f 3322 3323 3324
f 3325 3326 3327
f 3328 3329 3330
f 3331 3332 3333
f 3334 3335 3336
f 3337 3338 3339
f 3340 3341 3342
f 3343 3344 3345
f 3346 3347 3348
f 3349 3350 3351
f 3352 3353 3354
f 3355 3356 3357
f 3358 3359 3360
f 3361 3362 3363
f 3364 3365 3366
f 3367 3368 3369
f 3370 3371 3372
f 3373 3374 3375
f 3376 3377 3378
f 3379 3380 3381
f 3382 3383 3384
f 3385 3386 3387
f 3388 3389 3390
f 3391 3392 3393
f 3394 3395 3396
f 3397 3398 3399
f 3400 3401 3402
f 3403 3404 3405
f 3406 3407 3408
f 3409 3410 3411
f 3412 3413 3414
f 3415 3416 3417
f 3418 3419 3420
f 3421 3422 3423
f 3424 3425 3426
f 3427 3428 3429
f 3430 3431 3432
f 3433 3434 3435
f 3436 3437 3438
f 3439 3440 3441
f 3442 3443 3444
f 3445 3446 3447
f 3448 3449 3450
f 3451 3452 3453
f 3454 3455 3456
f 3457 3458 3459
f 3460 3461 3462
f 3463 3464 3465
f 3466 3467 3468
f 3469 3470 3471
f 3472 3473 3474
f 3475 3476 3477
f 3478 3479 3480
f 3481 3482 3483
f 3484 3485 3486
f 3487 3488 3489
f 3490 3491 3492
f 3493 3494 3495
f 3496 3497 3498
f 3499 3500 3501
f 3502 3503 3504
f 3505 3506 3507
f 3508 3509 3510
f 3511 3512 3513
f 3514 3515 3516
f 3517 3518 3519
f 3520 3521 3522
f 3523 3524 3525
f 3526 3527 3528
f 3529 3530 3531
f 3532 3533 3534
f 3535 3536 3537
f 3538 3539 3540
f 3541 3542 3543
f 3544 3545 3546
f 3547 3548 3549
f 3550 3551 3552
f 3553 3554 3555
f 3556 3557 3558
f 3559 3560 3561
f 3562 3563 3564
f 3565 3566 3567
f 3568 3569 3570
f 3571 3572 3573
f 3574 3575 3576
f 3577 3578 3579
f 3580 3581 3582
f 3583 3584 3585
f 3586 3587 3588
f 3589 3590 3591
f 3592 3593 3594
f 3595 3596 3597
f 3598 3599 3600
f 3601 3602 3603
f 3604 3605 3606
f 3607 3608 3609
f 3610 3611 3612
f 3613 3614 3615
f 3616 3617 3618
f 3619 3620 3621
f 3622 3623 3624
f 3625 3626 3627
f 3628 3629 3630
f 3631 3632 3633
f 3634 3635 3636
f 3637 3638 3639
f 3640 3641 3642
f 3643 3644 3645
f 3646 3647 3648
f 3649 3650 3651
f 3652 3653 3654
f 3655 3656 3657
f 3658 3659 3660
f 3661 3662 3663
f 3664 3665 3666
f 3667 3668 3669
f 3670 3671 3672
f 3673 3674 3675
f 3676 3677 3678
f 3679 3680 3681
f 3682 3683 3684
f 3685 3686 3687
f 3688 3689 3690
f 3691 3692 3693
f 3694 3695 3696
f 3697 3698 3699
f 3700 3701 3702
f 3703 3704 3705
f 3706 3707 3708
f 3709 3710 3711
f 3712 3713 3714
f 3715 3716 3717
f 3718 3719 3720
f 3721 3722 3723
f 3724 3725 3726
f 3727 3728 3729
f 3730 3731 3732
f 3733 3734 3735
f 3736 3737 3738
f 3739 3740 3741
f 3742 3743 3744
f 3745 3746 3747
f 3748 3749 3750
f 3751 3752 3753
f 3754 3755 3756
f 3757 3758 3759
f 3760 3761 3762
f 3763 3764 3765
f 3766 3767 3768
f 3769 3770 3771
f 3772 3773 3774
f 3775 3776 3777
f 3778 3779 3780
f 3781 3782 3783
f 3784 3785 3786
f 3787 3788 3789
f 3790 3791 3792
f 3793 3794 3795
f 3796 3797 3798
f 3799 3800 3801
f 3802 3803 3804
f 3805 3806 3807
f 3808 3809 3810
f 3811 3812 3813
f 3814 3815 3816
f 3817 3818 3819
f 3820 3821 3822
f 3823 3824 3825
f 3826 3827 3828
f 3829 3830 3831
f 3832 3833 3834
f 3835 3836 3837
f 3838 3839 3840
f 3841 3842 3843
f 3844 3845 3846
f 3847 3848 3849
f 3850 3851 3852
f 3853 3854 3855
f 3856 3857 3858
f 3859 3860 3861
f 3862 3863 3864
f 3865 3866 3867
f 3868 3869 3870
f 3871 3872 3873
f 3874 3875 3876
f 3877 3878 3879
f 3880 3881 3882
f 3883 3884 3885
f 3886 3887 3888
f 3889 3890 3891
f 3892 3893 3894
f 3895 3896 3897
f 3898 3899 3900
f 3901 3902 3903
f 3904 3905 3906
f 3907 3908 3909
f 3910 3911 3912
f 3913 3914 3915
f 3916 3917 3918
f 3919 3920 3921
f 3922 3923 3924
f 3925 3926 3927
f 3928 3929 3930
f 3931 3932 3933
f 3934 3935 3936
f 3937 3938 3939
f 3940 3941 3942
f 3943 3944 3945
f 3946 3947 3948
f 3949 3950 3951
f 3952 3953 3954
f 3955 3956 3957
f 3958 3959 3960
f 3961 3962 3963
f 3964 3965 3966
f 3967 3968 3969
f 3970 3971 3972
f 3973 3974 3975
f 3976 3977 3978
f 3979 3980 3981
f 3982 3983 3984
f 3985 3986 3987
f 3988 3989 3990
f 3991 3992 3993
f 3994 3995 3996
f 3997 3998 3999
f 4000 4001 4002
f 4003 4004 4005
f 4006 4007 4008
f 4009 4010 4011
f 4012 4013 4014
f 4015 4016 4017
f 4018 4019 4020
f 4021 4022 4023
f 4024 4025 4026
f 4027 4028 4029
f 4030 4031 4032
f 4033 4034 4035
f 4036 4037 4038
f 4039 4040 4041
f 4042 4043 4044
f 4045 4046 4047
f 4048 4049 4050
f 4051 4052 4053
f 4054 4055 4056
f 4057 4058 4059
f 4060 4061 4062
f 4063 4064 4065
f 4066 4067 4068
f 4069 4070 4071
f 4072 4073 4074
f 4075 4076 4077
f 4078 4079 4080
f 4081 4082 4083
f 4084 4085 4086
f 4087 4088 4089
f 4090 4091 4092
f 4093 4094 4095
f 4096 4097 4098
f 4099 4100 4101
f 4102 4103 4104
f 4105 4106 4107
f 4108 4109 4110
f 4111 4112 4113
f 4114 4115 4116
f 4117 4118 4119
f 4120 4121 4122
f 4123 4124 4125
f 4126 4127 4128
f 4129 4130 4131
f 4132 4133 4134
f 4135 4136 4137
f 4138 4139 4140
f 4141 4142 4143
f 4144 4145 4146
f 4147 4148 4149
f 4150 4151 4152
f 4153 4154 4155
f 4156 4157 4158
f 4159 4160 4161
f 4162 4163 4164
f 4165 4166 4167
f 4168 4169 4170
f 4171 4172 4173
f 4174 4175 4176
f 4177 4178 4179
f 4180 4181 4182
f 4183 4184 4185
f 4186 4187 4188
f 4189 4190 4191
f 4192 4193 4194
f 4195 4196 4197
f 4198 4199 4200
f 4201 4202 4203
f 4204 4205 4206
f 4207 4208 4209
f 4210 4211 4212
f 4099 4213 4100
f 4214 4215 4216
f 4217 4218 4219
f 4220 4221 4222
f 4223 4224 4225
f 4226 4227 4228
f 4229 4230 4231
f 4232 4233 4234
f 4235 4236 4237
f 4238 4239 4240
f 4241 4242 4243
f 4244 4245 4246
f 4247 4248 4249
f 4250 4251 4252
f 4253 4254 4255
f 4256 4257 4258
f 4259 4260 4261
f 4262 4263 4264
f 4265 4266 4267
f 4268 4269 4270
f 4271 4272 4273
f 4274 4275 4276
f 4277 4278 4279
f 4280 4281 4282
f 4283 4284 4285
f 4286 4287 4288
f 4289 4290 4291
f 4292 4293 4294
f 4295 4296 4297
f 4298 4299 4300
f 4301 4302 4303
f 4304 4305 4306
f 4307 4308 4309
f 4310 4311 4312
f 4313 4314 4315
f 4301 4316 4302
f 4317 4318 4319
f 4320 4321 4322
f 4323 4324 4325
f 4326 4327 4328
f 4329 4330 4331
f 4332 4333 4334
f 4335 4336 4337
f 4338 4339 4340
f 4341 4342 4343
f 4344 4345 4346
f 4347 4348 4349
f 4350 4351 4352
f 4353 4354 4355
f 4356 4357 4358
f 4359 4360 4361
f 4362 4363 4364
f 4365 4366 4367
f 4368 4369 4370
f 4371 4372 4373
f 4374 4375 4376
f 4377 4378 4379
f 4380 4381 4382
f 4383 4384 4385
f 4386 4387 4388
f 4389 4390 4391
f 4392 4393 4394
f 4395 4396 4397
f 4398 4399 4400
f 4401 4402 4403
f 4404 4405 4406
f 4407 4408 4409
f 4410 4411 4412
f 4413 4414 4415
f 4416 4417 4418
f 4419 4420 4421
f 4422 4423 4424
f 4425 4426 4427
f 4428 4429 4430
f 4431 4432 4433
f 4434 4435 4436
f 4437 4438 4439
f 4440 4441 4442
f 4443 4444 4445
f 4446 4447 4448
f 4449 4450 4451
f 4452 4453 4454
f 4455 4456 4457
f 4458 4459 4460
f 4461 4462 4463
f 4464 4465 4466
f 4467 4468 4469
f 4470 4471 4472
f 4473 4474 4475
f 4475 4474 4476
f 4477 4478 4479
f 4480 4481 4482
f 4483 4484 4485
f 4486 4487 4488
f 4489 4490 4491
f 4492 4493 4494
f 4495 4496 4497
f 4498 4499 4500
f 4500 4499 4501
f 4502 4503 4504
f 4505 4506 4507
f 4508 4509 4510
f 4511 4512 4513
f 4514 4515 4516
f 4517 4518 4519
f 4517 4519 4520
f 4521 4522 4523
f 4524 4525 4526
f 4527 4528 4529
f 4530 4531 4532
f 4533 4534 4535
f 4536 4537 4538
f 4539 4540 4541
f 4542 4543 4544
f 4545 4546 4547
f 4548 4549 4550
f 4551 4552 4553
f 4554 4555 4556
f 4557 4558 4559
f 4560 4561 4562
f 4563 4564 4565
f 4566 4567 4568
f 4569 4570 4571
f 4572 4573 4574
f 4575 4576 4577
f 4578 4579 4580
f 4581 4582 4583
f 4584 4585 4586
f 4587 4588 4589
f 4590 4591 4592
f 4593 4594 4595
f 4596 4597 4598
f 4599 4600 4601
f 4602 4603 4604
f 4605 4606 4607
f 4608 4609 4610
f 4611 4612 4613
f 4614 4615 4616
f 4617 4618 4619
f 4620 4621 4622
f 4623 4624 4625
f 4626 4627 4628
f 4629 4630 4631
f 4632 4633 4634
f 4635 4636 4637
f 4638 4639 4640
f 4641 4642 4643
f 4644 4645 4646
f 4647 4648 4649
f 4650 4651 4652
f 4653 4654 4655
f 4656 4657 4658
f 4659 4660 4661
f 4662 4663 4664
f 4665 4666 4667
f 4668 4669 4670
f 4671 4672 4673
f 4674 4675 4676
f 4677 4678 4679
f 4680 4681 4682
f 4683 4684 4685
f 4686 4687 4688
f 4689 4690 4691
f 4692 4693 4694
f 4695 4696 4697
f 4698 4699 4700
f 4701 4702 4703
f 4704 4705 4706
f 4707 4708 4709
f 4710 4711 4712
f 4713 4714 4715
f 4716 4717 4718
f 4719 4720 4721
f 4722 4723 4724
f 4725 4726 4727
f 4728 4729 4730
f 4731 4732 4733
f 4734 4735 4736
f 4737 4738 4739
f 4740 4741 4742
f 4743 4744 4745
f 4746 4747 4748
f 4749 4750 4751
f 4752 4753 4754
f 4755 4756 4757
f 4758 4759 4760
f 4761 4762 4763
f 4764 4765 4766
f 4767 4768 4769
f 4770 4771 4772
f 4773 4774 4775
f 4776 4777 4778
f 4779 4780 4781
f 4782 4783 4784
f 4785 4786 4787
f 4788 4789 4790
f 4791 4792 4793
f 4794 4795 4796
f 4797 4798 4799
f 4800 4801 4802
f 4803 4804 4805
f 4806 4807 4808
f 4809 4810 4811
f 4812 4813 4814
f 4815 4816 4817
f 4818 4819 4820
f 4818 4820 4821
f 4822 4823 4824
f 4825 4826 4827
f 4828 4829 4830
f 4831 4832 4833
f 4834 4835 4836
f 4837 4838 4839
f 4840 4841 4842
f 4843 4844 4845
f 4846 4847 4848
f 4849 4850 4851
f 4852 4853 4854
f 4855 4856 4857
f 4858 4859 4860
f 4861 4862 4863
f 4864 4865 4866
f 4867 4868 4869
f 4870 4871 4872
f 4873 4874 4875
f 4876 4877 4878
f 4879 4880 4881
f 4882 4883 4884
f 4885 4886 4887
f 4888 4889 4890
f 4891 4892 4893
f 4894 4895 4896
f 4897 4898 4899
f 4900 4901 4902
f 4903 4904 4905
f 4906 4907 4908
f 4909 4910 4911
f 4912 4913 4914
f 4915 4916 4917
f 4918 4919 4920
f 4921 4922 4923
f 4924 4925 4926
f 4927 4928 4929
f 4930 4931 4932
f 4933 4934 4935
f 4936 4937 4938
f 4939 4940 4941
f 4942 4943 4944
f 4945 4946 4947
f 4948 4949 4950
f 4951 4952 4953
f 4954 4955 4956
f 4957 4958 4959
f 4960 4961 4962
f 4963 4964 4965
f 4966 4967 4968
f 4969 4970 4971
f 4972 4973 4974
f 4975 4976 4977
f 4978 4979 4980
f 4981 4982 4983
f 4984 4985 4986
f 4987 4988 4989
f 4990 4991 4992
f 4993 4994 4995
f 4996 4997 4998
f 4999 5000 5001
f 5002 5003 5004
f 5005 5006 5007
f 5008 5009 5010
f 5011 5012 5013
f 5014 5015 5016
f 5017 5018 5019
f 5020 5021 5022
f 5023 5024 5025
f 5026 5027 5028
f 5029 5030 5031
f 5032 5033 5034
f 5035 5036 5037
f 5038 5039 5040
f 5041 5042 5043
f 5044 5045 5046
f 5047 5048 5049
f 5050 5051 5052
f 5053 5054 5055
f 5056 5057 5058
f 5059 5060 5061
f 5062 5063 5064
f 5065 5066 5067
f 5068 5069 5070
f 5071 5072 5073
f 5074 5075 5076
f 5077 5078 5079
f 5080 5081 5082
f 5083 5084 5085
f 5086 5087 5088
f 5089 5090 5091
f 5092 5093 5094
f 5095 5096 5097
f 5098 5099 5100
f 5101 5102 5103
f 5104 5105 5106
f 5107 5108 5109
f 5110 5111 5112
f 5113 5114 5115
f 5116 5117 5118
f 5119 5120 5121
f 5122 5123 5124
f 5125 5126 5127
f 5128 5129 5130
f 5131 5132 5133
f 5134 5135 5136
f 5137 5138 5139
f 5140 5141 5142
f 5143 5144 5145
f 5146 5147 5148
f 5149 5150 5151
f 5152 5153 5154
f 244 5155 245
f 5156 5157 5158
f 5159 5160 5161
f 5162 5163 5164
f 5165 5166 5167
f 5168 5169 5170
f 5171 5172 5173
f 5174 5175 5176
f 5177 5178 5179
f 5180 5181 5182
f 5183 5184 5185
f 5186 5187 5188
f 5189 5190 5191
f 5192 5193 5194
f 5195 5196 5197
f 5198 5199 5200
f 5201 5202 5203
f 5204 5205 5206
f 5207 5208 5209
f 5210 5211 5212
f 5213 5214 5215
f 5216 5217 5218
f 5219 5220 5221
f 5222 5223 5224
f 5225 5226 5227
f 5228 5229 5230
f 5231 5232 5233
f 5234 5235 5236
f 5237 5238 5239
f 5240 5241 5242
f 5243 5244 5245
f 5246 5247 5248
f 5249 5250 5251
f 5252 5253 5254
f 5255 5256 5257
f 5258 5259 5260
f 5261 5262 5263
f 5264 5265 5266
f 5267 5268 5269
f 5270 5271 5272
f 5273 5274 5275
f 5276 5277 5278
f 5279 5280 5281
f 5282 5283 5284
f 5285 5286 5287
f 5288 5289 5290
f 5291 5292 5293
f 5294 5295 5296
f 5297 5298 5299
f 5300 5301 5302
f 5303 5304 5305
f 5306 5307 5308
f 5309 5310 5311
f 5312 5313 5314
f 5315 5316 5317
f 5318 5319 5320
f 5321 5322 5323
f 5324 5325 5326
f 5327 5328 5329
f 5330 5331 5332
f 5333 5334 5335
f 5336 5337 5338
f 5339 5340 5341
f 5342 5343 5344
f 5345 5346 5347
f 5348 5349 5350
f 5351 5352 5353
f 253 5354 254
f 5355 5356 5357
f 5358 5359 5360
f 5361 5362 5363
f 5364 5365 5366
f 5367 5368 5369
f 5370 5371 5372
f 5373 5374 5375
f 5376 5377 5378
f 5379 5380 5381
f 5382 5383 5384
f 5385 5386 5387
f 5388 5389 5390
f 5391 5392 5393
f 5394 5395 5396
f 5397 5398 5399
f 5400 5401 5402
f 5403 5404 5405
f 5406 5407 5408
f 5409 5410 5411
f 5412 5413 5414
f 5415 5416 5417
f 5418 5419 5420
f 5421 5422 5423
f 5424 5425 5426
f 5427 5428 5429
f 5430 5431 5432
f 5433 5434 5435
f 5436 5437 5438
f 5439 5440 5441
f 5442 5443 5444
f 5445 5446 5447
f 5448 5449 5450
f 5451 5452 5453
f 266 5454 267
f 5455 5456 5457
f 5458 5459 5460
f 5461 5462 5463
f 5464 5465 5466
f 5467 5468 5469
f 5470 5471 5472
f 5473 5474 5475
f 5476 5477 5478
f 5479 5480 5481
f 5482 5483 5484
f 5485 5486 5487
f 5488 5489 5490
f 5491 5492 5493
f 5494 5495 5496
f 5497 5498 5499
f 5500 5501 5502
f 5503 5504 5505
f 5506 5507 5508
f 5509 5510 5511
f 5512 5513 5514
f 5515 5516 5517
f 5518 5519 5520
f 5521 5522 5523
f 5524 5525 5526
f 5527 5528 5529
f 5530 5531 5532
f 5533 5534 5535
f 5536 5537 5538
f 5539 5540 5541
f 5542 5543 5544
f 5545 5546 5547
f 5548 5549 5550
f 5551 5552 5553
f 5554 5555 5556
f 5557 5558 5559
f 5560 5561 5562
f 5563 5564 5565
f 5566 5567 5568
f 5569 5570 5571
f 5572 5573 5574
f 5575 5576 5577
f 5578 5579 5580
f 5581 5582 5583
f 5584 5585 5586
f 5587 5588 5589
f 5590 5591 5592
f 5593 5594 5595
f 4784 5596 4782
f 5597 5598 5599
f 5600 5601 5602
f 5603 5604 5605
f 5606 5607 5608
f 5609 5610 5611
f 5612 5613 5614
f 5615 5616 5617
f 5618 5619 5620
f 5621 5622 5623
f 5624 5625 5626
f 5627 5628 5629
f 5630 5631 5632
f 5633 5634 5635
f 5636 5637 5638
f 5639 5640 5641
f 5642 5643 5644
f 5645 5646 5647
f 5648 5649 5650
f 5651 5652 5653
f 5654 5655 5656
f 5657 5658 5659
f 5660 5661 5662
f 5663 5664 5665
f 5666 5667 5668
f 5669 5670 5671
f 5672 5673 5674
f 5675 5676 5677
f 5678 5679 5680
f 5681 5682 5683
f 5684 5685 5686
f 5687 5688 5689
f 5690 5691 5692
f 5693 5694 5695
f 5696 5697 5698
f 5699 5700 5701
f 5702 5703 5704
f 5705 5706 5707
f 5708 5709 5710
f 5711 5712 5713
f 5714 5715 5716
f 5717 5718 5719
f 5720 5721 5722
f 5723 5724 5725
f 5726 5727 5728
f 5729 5730 5731
f 5732 5733 5734
f 5735 5736 5737
f 5738 5739 5740
f 5741 5742 5743
f 5744 5745 5746
f 5747 5748 5749
f 5750 5751 5752
f 5753 5754 5755
f 5756 5757 5758
f 5759 5760 5761
f 5762 5763 5764
f 5765 5766 5767
f 5768 5769 5770
f 5771 5772 5773
f 5774 5775 5776
f 5777 5778 5779
f 5780 5781 5782
f 5783 5784 5785
f 5786 5787 5788
f 5789 5790 5791
f 5792 5793 5794
f 5795 5796 5797
f 5798 5799 5800
f 5801 5802 5803
f 5804 5805 5806
f 5807 5808 5809
f 5810 5811 5812
f 5813 5814 5815
f 5816 5817 5818
f 5819 5820 5821
f 5822 5823 5824
f 5825 5826 5827
f 5828 5829 5830
f 5831 5832 5833
f 5834 5835 5836
f 5837 5838 5839
f 5840 5841 5842
f 5843 5844 5845
f 5846 5847 5848
f 5849 5850 5851
f 5852 5853 5854
f 5855 5856 5857
f 5858 5859 5860
f 5861 5862 5863
f 5864 5865 5866
f 5867 5868 5869
f 5870 5871 5872
f 5873 5874 5875
f 5876 5877 5878
f 5879 5880 5881
f 5882 5883 5884
f 5885 5886 5887
f 5888 5889 5890
f 5891 5892 5893
f 5894 5895 5896
f 5897 5898 5899
f 5900 5901 5902
f 5903 5904 5905
f 5906 5907 5908
f 5909 5910 5911
f 5912 5913 5914
f 5915 5916 5917
f 5918 5919 5920
f 5921 5922 5923
f 5924 5925 5926
f 5927 5928 5929
f 5930 5931 5932
f 5933 5934 5935
f 5936 5937 5938
f 5939 5940 5941
f 5942 5943 5944
f 5945 5946 5947
f 5948 5949 5950
f 5951 5952 5953
f 5954 5955 5956
f 5957 5958 5959
f 5960 5961 5962
f 5963 5964 5965
f 5966 5967 5968
f 5969 5970 5971
f 5972 5973 5974
f 5975 5976 5977
f 5978 5979 5980
f 5981 5982 5983
f 5984 5985 5986
f 5987 5988 5989
f 5990 5991 5992
f 5993 5994 5995
f 5996 5997 5998
f 5999 6000 6001
f 6002 6003 6004
f 6005 6006 6007
f 6008 6009 6010
f 6011 6012 6013
f 6014 6015 6016
f 6017 6018 6019
f 6020 6021 6022
f 6023 6024 6025
f 6026 6027 6028
f 6029 6030 6031
f 6032 6033 6034
f 6035 6036 6037
f 6038 6039 6040
f 6041 6042 6043
f 6044 6045 6046
f 6047 6048 6049
f 6050 6051 6052
f 6053 6054 6055
f 6056 6057 6058
f 6059 6060 6061
f 6062 6063 6064
f 6065 6066 6067
f 6068 6069 6070
f 6071 6072 6073
f 6074 6075 6076
f 6077 6078 6079
f 6080 6081 6082
f 6083 6084 6085
f 6086 6087 6088
f 6089 6090 6091
f 6092 6093 6094
f 6095 6096 6097
f 6098 6099 6100
f 6101 6102 6103
f 6104 6105 6106
f 6107 6108 6109
f 6110 6111 6112
f 6113 6114 6115
f 6116 6117 6118
f 6119 6120 6121
f 6122 6123 6124
f 6125 6126 6127
f 6128 6129 6130
f 6131 6132 6133
f 6134 6135 6136
f 6137 6138 6139
f 6140 6141 6142
f 6143 6144 6145
f 6146 6147 6148
f 6149 6150 6151
f 6152 6153 6154
f 6155 6156 6157
f 6158 6159 6160
f 6161 6162 6163
f 6164 6165 6166
f 6167 6168 6169
f 6170 6171 6172
f 6173 6174 6175
f 6176 6177 6178
f 6179 6180 6181
f 6182 6183 6184
f 6185 6186 6187
f 6188 6189 6190
f 6191 6192 6193
f 6194 6195 6196
f 6197 6198 6199
f 6200 6201 6202
f 6203 6204 6205
f 6206 6207 6208
f 6209 6210 6211
f 6212 6213 6214
f 6215 6216 6217
f 6218 6219 6220
f 6221 6222 6223
f 6224 6225 6226
f 6227 6228 6229
f 6230 6231 6232
f 6233 6234 6235
f 6236 6237 6238
f 6239 6240 6241
f 6242 6243 6244
f 6245 6246 6247
f 6248 6249 6250
f 6251 6252 6253
f 6254 6255 6256
f 6257 6258 6259
f 6260 6261 6262
f 6263 6264 6265
f 6266 6267 6268
f 6269 6270 6271
f 6272 6273 6274
f 6275 6276 6277
f 6278 6279 6280
f 6281 6282 6283
f 6284 6285 6286
f 6287 6288 6289
f 6290 6291 6292
f 6293 6294 6295
f 6296 6297 6298
f 6299 6300 6301
f 6302 6303 6304
f 6305 6306 6307
f 6308 6309 6310
f 6311 6312 6313
f 6314 6315 6316
f 6317 6318 6319
f 6320 6321 6322
f 6323 6324 6325
f 6326 6327 6328
f 6329 6330 6331
f 6332 6333 6334
f 6335 6336 6337
f 6338 6339 6340
f 6341 6342 6343
f 6344 6345 6346
f 6347 6348 6349
f 6350 6351 6352
f 6353 6354 6355
f 6356 6357 6358
f 6359 6360 6361
f 6362 6363 6364
f 6365 6366 6367
f 6368 6369 6370
f 6371 6372 6373
f 6374 6375 6376
f 6377 6378 6379
f 6380 6381 6382
f 6383 6384 6385
f 6386 6387 6388
f 6389 6390 6391
f 6392 6393 6394
f 6395 6396 6397
f 6398 6399 6400
f 6401 6402 6403
f 6404 6405 6406
f 6407 6408 6409
f 6410 6411 6412
f 6413 6414 6415
f 6416 6417 6418
f 6419 6420 6421
f 6422 6423 6424
f 6425 6426 6427
f 6428 6429 6430
f 6431 6432 6433
f 6434 6435 6436
f 6437 6438 6439
f 6440 6441 6442
f 6443 6444 6445
f 6446 6447 6448
f 6449 6450 6451
f 6452 6453 6454
f 6455 6456 6457
f 6458 6459 6460
f 6461 6462 6463
f 6464 6465 6466
f 6467 6468 6469
f 6470 6471 6472
f 6473 6474 6475
f 6476 6477 6478
f 6479 6480 6481
f 6482 6483 6484
f 6485 6486 6487
f 6488 6489 6490
f 6491 6492 6493
f 6494 6495 6496
f 6497 6498 6499
f 6500 6501 6502
f 6503 6504 6505
f 6506 6507 6508
f 6509 6510 6511
f 6512 6513 6514
f 6515 6516 6517
f 6518 6519 6520
f 6521 6522 6523
f 6524 6525 6526
f 6527 6528 6529
f 6530 6531 6532
f 6533 6534 6535
f 6536 6537 6538
f 6539 6540 6541
f 6542 6543 6544
f 6545 6546 6547
f 6548 6549 6550
f 6551 6552 6553
f 6554 6555 6556
f 6557 6558 6559
f 6560 6561 6562
f 6563 6564 6565
f 6566 6567 6568
f 6569 6570 6571
f 6572 6573 6574
f 6575 6576 6577
f 6578 6579 6580
f 6581 6582 6583
f 6584 6585 6586
f 6587 6588 6589
f 6590 6591 6592
f 6593 6594 6595
f 6596 6597 6598
f 6599 6600 6601
f 6602 6603 6604
f 6605 6606 6607
f 6608 6609 6610
f 6611 6612 6613
f 6614 6615 6616
f 6617 6618 6619
f 6620 6621 6622
f 6623 6624 6625
f 6626 6627 6628
f 6629 6630 6631
f 6632 6633 6634
f 6635 6636 6637
f 6638 6639 6640
f 6641 6642 6643
f 6644 6645 6646
f 6647 6648 6649
f 6650 6651 6652
f 6653 6654 6655
f 6656 6657 6658
f 6659 6660 6661
f 6662 6663 6664
f 6665 6666 6667
f 6668 6669 6670
f 6671 6672 6673
f 6674 6675 6676
f 6677 6678 6679
f 6680 6681 6682
f 6683 6684 6685
f 6686 6687 6688
f 6689 6690 6691
f 6692 6693 6694
f 6695 6696 6697
f 6698 6699 6700
f 6701 6702 6703
f 6704 6705 6706
f 6707 6708 6709
f 6710 6711 6712
f 6713 6714 6715
f 6716 6717 6718
f 6719 6720 6721
f 6722 6723 6724
f 6725 6726 6727
f 6728 6729 6730
f 6731 6732 6733
f 6734 6735 6736
f 6737 6738 6739
f 6740 6741 6742
f 6743 6744 6745
f 6746 6747 6748
f 6749 6750 6751
f 6752 6753 6754
f 6755 6756 6757
f 6758 6759 6760
f 6761 6762 6763
f 6764 6765 6766
f 6767 6768 6769
f 6770 6771 6772
f 6773 6774 6775
f 6776 6777 6778
f 6779 6780 6781
f 6782 6783 6784
f 6785 6786 6787
f 6788 6789 6790
f 6791 6792 6793
f 6794 6795 6796
f 6797 6798 6799
f 6800 6801 6802
f 6803 6804 6805
f 6806 6807 6808
f 6809 6810 6811
f 6812 6813 6814
f 6815 6816 6817
f 6818 6819 6820
f 6821 6822 6823
f 6824 6825 6826
f 6827 6828 6829
f 6830 6831 6832
f 6833 6834 6835
f 6836 6837 6838
f 6839 6840 6841
f 6842 6843 6844
f 6845 6846 6847
f 6848 6849 6850
f 6851 6852 6853
f 6854 6855 6856
f 6857 6858 6859
f 6860 6861 6862
f 6863 6864 6865
f 6866 6867 6868
f 6869 6870 6871
f 6872 6873 6874
f 6875 6876 6877
f 6878 6879 6880
f 6881 6882 6883
f 6884 6885 6886
f 6887 6888 6889
f 6890 6891 6892
f 6893 6894 6895
f 6896 6897 6898
f 6899 6900 6901
f 6902 6903 6904
f 6905 6906 6907
f 6908 6909 6910
f 6911 6912 6913
f 6914 6915 6916
f 6917 6918 6919
f 6920 6921 6922
f 6923 6924 6925
f 6926 6927 6928
f 6929 6930 6931
f 6932 6933 6934
f 6935 6936 6937
f 6938 6939 6940
f 6941 6942 6943
f 6944 6945 6946
f 6947 6948 6949
f 6950 6951 6952
f 6953 6954 6955
f 6956 6957 6958
f 6959 6960 6961
f 6962 6963 6964
f 6965 6966 6967
f 6968 6969 6970
f 6971 6972 6973
f 6974 6975 6976
f 6977 6978 6979
f 6980 6981 6982
f 6983 6984 6985
f 6986 6987 6988
f 6989 6990 6991
f 6992 6993 6994
f 6995 6996 6997
f 6998 6999 7000
f 7001 7002 7003
f 7004 7005 7006
f 7007 7008 7009
f 7010 7011 7012
f 7013 7014 7015
f 7016 7017 7018
f 7019 7020 7021
f 7022 7023 7024
f 7025 7026 7027
f 7028 7029 7030
f 7031 7032 7033
f 7034 7035 7036
f 7037 7038 7039
f 7040 7041 7042
f 7043 7044 7045
f 7046 7047 7048
f 7049 7050 7051
f 7052 7053 7054
f 7055 7056 7057
f 7058 7059 7060
f 7061 7062 7063
f 7064 7065 7066
f 7067 7068 7069
f 7070 7071 7072
f 7073 7074 7075
f 7076 7077 7078
f 7079 7080 7081
f 7082 7083 7084
f 7085 7086 7087
f 7088 7089 7090
f 7091 7092 7093
f 7094 7095 7096
f 7097 7098 7099
f 7100 7101 7102
f 7103 7104 7105
f 7106 7107 7108
f 7109 7110 7111
f 7112 7113 7114
f 7115 7116 7117
f 7118 7119 7120
f 7121 7122 7123
f 7124 7125 7126
f 7127 7128 7129
f 7130 7131 7132
f 7133 7134 7135
f 7136 7137 7138
f 7139 7140 7141
f 7142 7143 7144
f 7145 7146 7147
f 7148 7149 7150
f 7151 7152 7153
f 7154 7155 7156
f 7157 7158 7159
f 7160 7161 7162
f 7163 7164 7165
f 7166 7167 7168
f 7169 7170 7171
f 7172 7173 7174
f 7175 7176 7177
f 7178 7179 7180
f 7181 7182 7183
f 7184 7185 7186
f 7187 7188 7189
f 7190 7191 7192
f 7193 7194 7195
f 7196 7197 7198
f 7199 7200 7201
f 7202 7203 7204
f 7205 7206 7207
f 7208 7209 7210
f 7211 7212 7213
f 7214 7215 7216
f 7217 7218 7219
f 7220 7221 7222
f 7223 7224 7225
f 7226 7227 7228
f 7229 7230 7231
f 7232 7233 7234
f 7235 7236 7237
f 7238 7239 7240
f 7241 7242 7243
f 7244 7245 7246
f 7247 7248 7249
f 7250 7251 7252
f 7253 7254 7255
f 7256 7257 7258
f 7259 7260 7261
f 7262 7263 7264
f 7265 7266 7267
f 7268 7269 7270
f 7271 7272 7273
f 7274 7275 7276
f 7277 7278 7279
f 7280 7281 7282
f 7283 7284 7285
f 7286 7287 7288
f 7289 7290 7291
f 7292 7293 7294
f 7295 7296 7297
f 7298 7299 7300
f 7301 7302 7303
f 7304 7305 7306
f 7307 7308 7309
f 7310 7311 7312
f 7313 7314 7315
f 7316 7317 7318
f 7319 7320 7321
f 7322 7323 7324
f 7325 7326 7327
f 7328 7329 7330
f 7331 7332 7333
f 7334 7335 7336
f 7337 7338 7339
f 7340 7341 7342
f 7343 7344 7345
f 7346 7347 7348
f 7349 7350 7351
f 7352 7353 7354
f 7355 7356 7357
f 7358 7359 7360
f 7361 7362 7363
f 7364 7365 7366
f 7367 7368 7369
f 7370 7371 7372
f 7373 7374 7375
f 7376 7377 7378
f 7379 7380 7381
f 7382 7383 7384
f 7385 7386 7387
f 7388 7389 7390
f 4167 7391 4165
f 7392 7393 7394
f 7395 7396 7397
f 7398 7399 7400
f 7401 7402 7403
f 7404 7405 7406
f 7407 7408 7409
f 7410 7411 7412
f 7413 7414 7415
f 7416 7417 7418
f 7419 7420 7421
f 7422 7423 7424
f 7425 7426 7427
f 7428 7429 7430
f 7431 7432 7433
f 7434 7435 7436
f 7437 7438 7439
f 7440 7441 7442
f 7443 7444 7445
f 7446 7447 7448
f 7449 7450 7451
f 7452 7453 7454
f 7455 7456 7457
f 7458 7459 7460
f 7461 7462 7463
f 7464 7465 7466
f 7467 7468 7469
f 7470 7471 7472
f 7473 7474 7475
f 7476 7477 7478
f 7479 7480 7481
f 7482 7483 7484
f 7485 7486 7487
f 7488 7489 7490
f 7491 7492 7493
f 7494 7495 7496
f 7497 7498 7499
f 7500 7501 7502
f 7503 7504 7505
f 7506 7507 7508
f 7509 7510 7511
f 7512 7513 7514
f 7515 7516 7517
f 7518 7519 7520
f 7521 7522 7523
f 7524 7525 7526
f 7527 7528 7529
f 7530 7531 7532
f 7533 7534 7535
f 7536 7537 7538
f 7539 7540 7541
f 7542 7543 7544
f 7545 7546 7547
f 7548 7549 7550
f 7551 7552 7553
f 7554 7555 7556
f 7557 7558 7559
f 7560 7561 7562
f 7563 7564 7565
f 7566 7567 7568
f 7569 7570 7571
f 7572 7573 7574
f 7575 7576 7577
f 7578 7579 7580
f 7581 7582 7583
f 7584 7585 7586
f 7587 7588 7589
f 7590 7591 7592
f 7593 7594 7595
f 7596 7597 7598
f 7599 7600 7601
f 7602 7603 7604
f 7605 7606 7607
f 7608 7609 7610
f 7611 7612 7613
f 7614 7615 7616
f 7617 7618 7619
f 7620 7621 7622
f 7623 7624 7625
f 7626 7627 7628
f 7629 7630 7631
f 7632 7633 7634
f 7635 7636 7637
f 7638 7639 7640
f 7641 7642 7643
f 7644 7645 7646
f 7647 7648 7649
f 7650 7651 7652
f 7653 7654 7655
f 7656 7657 7658
f 7659 7660 7661
f 7662 7663 7664
f 7665 7666 7667
f 7668 7669 7670
f 7671 7672 7673
f 7674 7675 7676
f 7677 7678 7679
f 7680 7681 7682
f 7683 7684 7685
f 7686 7687 7688
f 7689 7690 7691
f 7692 7693 7694
f 7695 7696 7697
f 7698 7699 7700
f 7701 7702 7703
f 7704 7705 7706
f 7707 7708 7709
f 7710 7711 7712
f 7713 7714 7715
f 7716 7717 7718
f 7719 7720 7721
f 7722 7723 7724
f 7725 7726 7727
f 7728 7729 7730
f 7731 7732 7733
f 7734 7735 7736
f 7737 7738 7739
f 7740 7741 7742
f 7743 7744 7745
f 7746 7747 7748
f 7749 7750 7751
f 7752 7753 7754
f 7755 7756 7757
f 7758 7759 7760
f 7761 7762 7763
f 7764 7765 7766
f 7767 7768 7769
f 7770 7771 7772
f 7773 7774 7775
f 7776 7777 7778
f 7779 7780 7781
f 7782 7783 7784
f 7785 7786 7787
f 7788 7789 7790
f 7791 7792 7793
f 7794 7795 7796
f 7797 7798 7799
f 7800 7801 7802
f 7803 7804 7805
f 7806 7807 7808
f 7809 7810 7811
f 7812 7813 7814
f 7815 7816 7817
f 7818 7819 7820
f 7821 7822 7823
f 7824 7825 7826
f 7827 7828 7829
f 7830 7831 7832
f 7833 7834 7835
f 7836 7837 7838
f 7839 7840 7841
f 7842 7843 7844
f 7845 7846 7847
f 7848 7849 7850
f 7851 7852 7853
f 7854 7855 7856
f 7857 7858 7859
f 7860 7861 7862
f 7863 7864 7865
f 7866 7867 7868
f 7869 7870 7871
f 7872 7873 7874
f 7875 7876 7877
f 7878 7879 7880
f 7881 7882 7883
f 7884 7885 7886
f 7887 7888 7889
f 7890 7891 7892
f 7893 7894 7895
f 7896 7897 7898
f 7899 7900 7901
f 7902 7903 7904
f 7905 7906 7907
f 7908 7909 7910
f 7911 7912 7913
f 7914 7915 7916
f 7917 7918 7919
f 7920 7921 7922
f 7923 7924 7925
f 7926 7927 7928
f 7929 7930 7931
f 7932 7933 7934
f 7935 7936 7937
f 7938 7939 7940
f 7941 7942 7943
f 7944 7945 7946
f 7947 7948 7949
f 7950 7951 7952
f 7953 7954 7955
f 7956 7957 7958
f 7959 7960 7961
f 7962 7963 7964
f 7965 7966 7967
f 250 7968 251
f 7969 7970 7971
f 7972 7973 7974
f 7975 7976 7977
f 7978 7979 7980
f 7981 7982 7983
f 7984 7985 7986
f 7987 7988 7989
f 7990 7991 7992
f 7993 7994 7995
f 7996 7997 7998
f 7999 8000 8001
f 8002 8003 8004
f 8005 8006 8007
f 8008 8009 8010
f 8011 8012 8013
f 8014 8015 8016
f 8017 8018 8019
f 8020 8021 8022
f 8023 8024 8025
f 8026 8027 8028
f 8029 8030 8031
f 8032 8033 8034
f 8035 8036 8037
f 8038 8039 8040
f 8041 8042 8043
f 8044 8045 8046
f 8047 8048 8049
f 8050 8051 8052
f 8053 8054 8055
f 8056 8057 8058
f 8059 8060 8061
f 8062 8063 8064
f 8065 8066 8067
f 8068 8069 8070
f 8071 8072 8073
f 8074 8075 8076
f 8077 8078 8079
f 8080 8081 8082
f 8083 8084 8085
f 8086 8087 8088
f 8089 8090 8091
f 8092 8093 8094
f 8095 8096 8097
f 8098 8099 8100
f 8101 8102 8103
f 8104 8105 8106
f 8107 8108 8109
f 8110 8111 8112
f 8113 8114 8115
f 8116 8117 8118
f 8119 8120 8121
f 8122 8123 8124
f 8125 8126 8127
f 8128 8129 8130
f 8131 8132 8133
f 8134 8135 8136
f 8137 8138 8139
f 8140 8141 8142
f 8143 8144 8145
f 8146 8147 8148
f 8149 8150 8151
f 8152 8153 8154
f 8155 8156 8157
f 8158 8159 8160
f 8161 8162 8163
f 8164 8165 8166
f 8167 8168 8169
f 8170 8171 8172
f 8173 8174 8175
f 8176 8177 8178
f 8179 8180 8181
f 8182 8183 8184
f 8185 8186 8187
f 8188 8189 8190
f 8191 8192 8193
f 8194 8195 8196
f 8197 8198 8199
f 8200 8201 8202
f 8203 8204 8205
f 8206 8207 8208
f 8209 8210 8211
f 8212 8213 8214
f 8215 8216 8217
f 8218 8219 8220
f 8221 8222 8223
f 8224 8225 8226
f 8227 8228 8229
f 8230 8231 8232
f 8233 8234 8235
f 8236 8237 8238
f 8239 8240 8241
f 8242 8243 8244
f 8245 8246 8247
f 8248 8249 8250
f 8251 8252 8253
f 8254 8255 8256
f 8257 8258 8259
f 8260 8261 8262
f 8263 8264 8265
f 8266 8267 8268
f 8269 8270 8271
f 8272 8273 8274
f 8275 8276 8277
f 8278 8279 8280
f 8281 8282 8283
f 8284 8285 8286
f 8287 8288 8289
f 8290 8291 8292
f 8293 8294 8295
f 8296 8297 8298
f 8299 8300 8301
f 8302 8303 8304
f 8305 8306 8307
f 8308 8309 8310
f 8311 8312 8313
f 8314 8315 8316
f 8317 8318 8319
f 8320 8321 8322
f 8323 8324 8325
f 8326 8327 8328
f 8329 8330 8331
f 8332 8333 8334
f 8335 8336 8337
f 8338 8339 8340
f 8341 8342 8343
f 8344 8345 8346
f 8347 8348 8349
f 8350 8351 8352
f 8353 8354 8355
f 8356 8357 8358
f 8359 8360 8361
f 8362 8363 8364
f 8365 8366 8367
f 8368 8369 8370
f 8371 8372 8373
f 8374 8375 8376
f 8377 8378 8379
f 8380 8381 8382
f 8383 8384 8385
f 8386 8387 8388
f 8389 8390 8391
f 8392 8393 8394
f 8395 8396 8397
f 8398 8399 8400
f 671 8401 672
f 8402 8403 8404
f 8405 8406 8407
f 8405 8408 8406
f 8409 8410 8411
f 8409 8411 8404
f 8404 8411 8412
f 8404 8412 8402
f 8413 8414 8415
f 8415 8414 8416
f 8415 8416 8417
f 8417 8416 8418
f 8419 8420 8421
f 8421 8420 8422
f 8421 8422 8423
f 8423 8422 8424
f 8425 8426 8427
f 8427 8426 8428
f 8427 8428 8429
f 8430 8431 8432
f 8432 8431 8433
f 8432 8433 8434
f 8435 8429 8428
f 8436 8437 8438
f 8438 8437 8439
f 8438 8439 8440
f 8440 8439 8441
f 8442 8443 8444
f 8444 8443 8445
f 8444 8445 8446
f 8446 8445 8447
f 8448 8449 8450
f 8450 8449 8451
f 8450 8451 8452
f 8452 8451 8453
f 8454 8455 8456
f 8456 8455 8457
f 8456 8457 8458
f 8458 8457 8459
f 8460 8461 8462
f 8462 8461 8463
f 8462 8463 8464
f 8464 8463 8465
f 8466 8467 8468
f 8468 8467 8469
f 8468 8469 8470
f 8469 8471 8470
f 8472 8473 8474
f 8472 8474 8475
f 8475 8474 8476
f 8475 8476 8477
f 8477 8478 8475
f 8479 8480 8481
f 8479 8481 8482
f 8483 8484 8485
f 8485 8484 8486
f 8485 8486 8487
f 8488 8482 8481
f 8489 8490 8491
f 8491 8490 8492
f 8491 8492 8493
f 8493 8492 8494
f 8495 8496 8497
f 8497 8496 8498
f 8497 8498 8499
f 8499 8498 8500
f 8501 8502 8503
f 8503 8502 8504
f 8503 8504 8505
f 8505 8504 8506
f 8507 8508 8509
f 8509 8508 8510
f 8509 8510 8511
f 8511 8510 8512
f 8513 8514 8515
f 8515 8514 8516
f 8515 8516 8517
f 8517 8516 8518
f 8519 8520 8521
f 8521 8520 8522
f 8521 8522 8523
f 8523 8522 8524
f 8525 8526 8527
f 8527 8526 8528
f 8527 8528 8529
f 8529 8528 8530
f 8531 8532 8533
f 8533 8532 8534
f 8533 8534 8535
f 8535 8534 8536
f 8537 8538 8539
f 8539 8538 8540
f 8539 8540 8541
f 8541 8540 8542
f 8543 8544 8545
f 8545 8544 8546
f 8545 8546 8547
f 8547 8546 8548
f 8549 8550 8551
f 8551 8550 8552
f 8551 8552 8553
f 8553 8552 8554
f 8555 8556 8557
f 8557 8558 8555
f 8555 8558 8559
f 8555 8559 8560
f 8559 8561 8560
f 8562 8563 8564
f 8562 8564 8565
f 8565 8564 8566
f 8407 8567 8405
f 8568 8569 8570
f 8571 8572 8570
f 8573 8574 8575
f 8569 8576 8570
f 8570 8576 8577
f 8570 8577 8578
f 8573 8575 8579
f 8574 8580 8575
f 8575 8580 8581
f 8575 8581 8582
f 8582 8581 8583
f 8579 8575 8570
f 8570 8575 8584
f 8570 8584 8585
f 8585 8586 8570
f 8570 8586 8587
f 8570 8587 8568
f 8578 8588 8570
f 8570 8588 8589
f 8570 8589 8590
f 8591 8592 8570
f 8570 8592 8593
f 8570 8593 8571
f 8590 8594 8570
f 8570 8594 8595
f 8570 8595 8591
f 8596 8597 8598
f 8599 8600 8601
f 8599 8601 8602
f 8603 8604 8605
f 8603 8605 8606
f 8607 8608 8609
f 8607 8609 8610
f 8611 8612 8613
f 8611 8613 8614
f 8615 8616 8617
f 8615 8617 8618
f 8619 8620 8621
f 8619 8621 8622
f 8623 8624 8625
f 8623 8625 8626
f 8627 8628 8629
f 8627 8629 8630
f 8631 8632 8633
f 8631 8633 8634
f 8635 8636 8637
f 8635 8637 8638
f 8639 8640 8641
f 8639 8641 8642
f 8643 8644 8645
f 8643 8645 8646
f 8647 8648 8649
f 8647 8649 8650
f 8651 8652 8653
f 8651 8653 8654
f 8655 8656 8657
f 8655 8657 8658
f 8659 8660 8661
f 8659 8661 8662
f 8663 8664 8665
f 8663 8665 8666
f 8667 8668 8669
f 8667 8669 8670
f 8671 8672 8673
f 8671 8673 8674
f 8675 8676 8677
f 8675 8677 8678
f 8679 8680 8681
f 8679 8681 8682
f 8683 8684 8685
f 8683 8685 8686
f 8687 8688 8689
f 8687 8689 8690
f 8691 8692 8693
f 8691 8693 8694
f 8695 8696 8697
f 8695 8697 8698
f 8596 8699 8597
f 8700 8701 8702
f 8702 8701 8703
f 8702 8703 8704
f 8704 8705 8702
f 8702 8705 8706
f 8702 8706 8707
f 8708 8709 8710
f 8710 8709 8711
f 8710 8711 8712
f 8708 8710 8706
f 8706 8710 8713
f 8706 8713 8707
f 8702 8714 8700
f 8700 8714 8715
f 8700 8715 8716
f 8716 8717 8700
f 8700 8717 8718
f 8700 8718 8719
f 8719 8720 8700
f 8700 8720 8721
f 8700 8721 8722
f 8722 8723 8700
f 8700 8723 8724
f 8700 8724 8725
