mtllib kuka_link_3_visuals.mtl
v 0.042216397821903257 0.026791339740157145 0.016999993473291397
v 0.05405813083052639 0.026033023372292536 0.016999993473291397
v 0.04755282402038578 0.015450850129127513 0.016999993473291397
v 0.058495674282312435 0.013351256027817735 0.016999993473291397
v 0.04990133643150333 0.0031395258847624085 0.016999993473291397
v 0.059999998658895534 9.499485226216471e-11 0.016999993473291397
v 0.049114361405372654 -0.009369065985083587 0.016999993473291397
v 0.058495674282312435 -0.013351256027817735 0.016999993473291397
v 0.04524135217070582 -0.021288964897394194 0.016999993473291397
v 0.05405813083052639 -0.026033025234937685 0.016999993473291397
v 0.038525663316249875 -0.03187119960784914 0.016999993473291397
v 0.04690988734364513 -0.03740938752889636 0.016999993473291397
v 0.029389262199401876 -0.04045084863901141 0.016999993473291397
v 0.03740938752889636 -0.04690989106893543 0.016999993473291397
v 0.01840622723102571 -0.04648882523179057 0.016999993473291397
v 0.026033025234937685 -0.05405813083052639 0.016999993473291397
v 0.006266661453992133 -0.04960573464632038 0.016999993473291397
v 0.013351256027817735 -0.058495674282312435 0.016999993473291397
v -6.123244189093194e-18 -0.050000000745058094 0.016999993473291397
v 3.469456878120967e-18 -0.059999998658895534 0.016999993473291397
v -0.006266661453992133 -0.04960573464632038 0.016999993473291397
v -0.013351256027817735 -0.058495674282312435 0.016999993473291397
v -0.01840622723102571 -0.04648882523179057 0.016999993473291397
v -0.026033025234937685 -0.05405813083052639 0.016999993473291397
v -0.029389262199401876 -0.04045084863901141 0.016999993473291397
v -0.03740938752889636 -0.04690989106893543 0.016999993473291397
v -0.038525663316249875 -0.03187119960784914 0.016999993473291397
v -0.04690988734364513 -0.03740938752889636 0.016999993473291397
v -0.04524135217070582 -0.021288964897394194 0.016999993473291397
v -0.05405813083052639 -0.026033025234937685 0.016999993473291397
v -0.049114361405372654 -0.009369065985083587 0.016999993473291397
v -0.058495674282312435 -0.013351256027817735 0.016999993473291397
v -0.04990133643150333 0.0031395258847624085 0.016999993473291397
v -0.059999998658895534 9.499485226216471e-11 0.016999993473291397
v -0.04755282402038578 0.015450850129127513 0.016999993473291397
v -0.058495674282312435 0.013351256027817735 0.016999993473291397
v -0.042216397821903257 0.026791339740157145 0.016999993473291397
v -0.05405813083052639 0.026033023372292536 0.016999993473291397
v -0.04690988734364513 0.03740938752889636 0.016999993473291397
v -0.03422735631465914 0.03644843026995661 0.016999993473291397
v -0.03740938752889636 0.04690988734364513 0.016999993473291397
v -0.02408768422901632 0.04381533339619639 0.016999993473291397
v -0.026033025234937685 0.05405813083052639 0.016999993473291397
v -0.01243449468165637 0.04842915758490566 0.016999993473291397
v -0.013351256027817735 0.058495674282312435 0.016999993473291397
v 9.95263757831103e-24 0.050000000745058094 0.016999993473291397
v -3.8784215904120844e-18 0.059999998658895534 0.016999993473291397
v 0.01243449468165637 0.04842915758490566 0.016999993473291397
v 0.013351256027817735 0.058495674282312435 0.016999993473291397
v 0.02408768422901632 0.04381533339619639 0.016999993473291397
v 0.026033025234937685 0.05405813083052639 0.016999993473291397
v 0.03422735631465914 0.03644843026995661 0.016999993473291397
v 0.03740938752889636 0.04690988734364513 0.016999993473291397
v 0.04690988734364513 0.03740938752889636 0.016999993473291397
v 1.816521381518707e-17 -0.059999998658895534 0.03699997439980507
v 3.469456878120967e-18 -0.059999998658895534 0.016999993473291397
v 0.005356745794415477 -0.05939643830060963 0.03699997439980507
v 0.013351256027817735 -0.058495674282312435 0.016999993473291397
v 0.011068009771406657 -0.05875293537974362 0.03699997439980507
v 0.013351256027817735 -0.058495674282312435 0.03699997439980507
v 0.013351256027817735 -0.058495674282312435 0.03699997439980507
v 0.013351256027817735 -0.058495674282312435 0.016999993473291397
v 0.016761891543865214 -0.057302240282297176 0.03699997439980507
v 0.026033025234937685 -0.05405813083052639 0.016999993473291397
v 0.022504357621073737 -0.05529286712408069 0.03699997439980507
v 0.03740938752889636 -0.04690989106893543 0.03699997439980507
v 0.033450722694396993 -0.04939728602766994 0.03699997439980507
v 0.03740938752889636 -0.04690989106893543 0.016999993473291397
v 0.02811019867658617 -0.05275295674800876 0.03699997439980507
v 0.026033025234937685 -0.05405813083052639 0.016999993473291397
v 0.026033025234937685 -0.05405813083052639 0.03699997439980507
v 0.026033025234937685 -0.05405813083052639 0.03699997439980507
v 0.03740938752889636 -0.04690989106893543 0.03699997439980507
v 0.03740938752889636 -0.04690989106893543 0.016999993473291397
v 0.03859652578830722 -0.045722752809524564 0.03699997439980507
v 0.04690988734364513 -0.03740938752889636 0.016999993473291397
v 0.04312048479914668 -0.0411987900733948 0.03699997439980507
v 0.05405813083052639 -0.026033025234937685 0.03699997439980507
v 0.05082679912447933 -0.031175661832094213 0.03699997439980507
v 0.05405813083052639 -0.026033025234937685 0.016999993473291397
v 0.04745157808065418 -0.0365472920238972 0.03699997439980507
v 0.04690988734364513 -0.03740938752889636 0.016999993473291397
v 0.04690988734364513 -0.03740938752889636 0.03699997439980507
v 0.04690988734364513 -0.03740938752889636 0.03699997439980507
v 0.05405813083052639 -0.026033025234937685 0.03699997439980507
v 0.05405813083052639 -0.026033025234937685 0.016999993473291397
v 0.0561509691178799 -0.02005204185843469 0.03699997439980507
v 0.058495674282312435 -0.013351256027817735 0.016999993473291397
v 0.058138035237789196 -0.014373326674103747 0.03699997439980507
v 0.059999998658895534 9.499485226216471e-11 0.016999993473291397
v 0.0596624538302422 -0.0029958190862089417 0.03699997439980507
v 0.058495674282312435 -0.013351256027817735 0.016999993473291397
v 0.058495674282312435 -0.013351256027817735 0.03699997439980507
v 0.058495674282312435 -0.013351256027817735 0.03699997439980507
v 0.058315526694059414 0.01386609300971032 0.03699997439980507
v 0.058495674282312435 0.013351256027817735 0.03699997439980507
v 0.058495674282312435 0.013351256027817735 0.016999993473291397
v 0.058495674282312435 0.013351256027817735 0.016999993473291397
v 0.058495674282312435 0.013351256027817735 0.03699997439980507
v 0.05908706784248356 0.008102484047412878 0.03699997439980507
v 0.059999998658895534 9.499485226216471e-11 0.016999993473291397
v 0.059999998658895534 9.499485226216471e-11 0.03699997439980507
v 0.059999998658895534 9.499485226216471e-11 0.03699997439980507
v 0.05405813083052639 0.026033023372292536 0.016999993473291397
v 0.05405813083052639 0.026033023372292536 0.03699997439980507
v 0.05430517345666889 0.025327024981379526 0.03699997439980507
v 0.05633386969566349 0.01952934451401235 0.03699997439980507
v 0.05405813083052639 0.026033023372292536 0.03699997439980507
v 0.05405813083052639 0.026033023372292536 0.016999993473291397
v 0.05113218724727634 0.030689634382724783 0.03699997439980507
v 0.04690988734364513 0.03740938752889636 0.016999993473291397
v 0.04775884002447132 0.03605828806757929 0.03699997439980507
v 0.03740938752889636 0.04690988734364513 0.03699997439980507
v 0.039006460458040265 0.04531281441450122 0.03699997439980507
v 0.03740938752889636 0.04690988734364513 0.016999993473291397
v 0.043532099574804334 0.04078717902302745 0.03699997439980507
v 0.04690988734364513 0.03740938752889636 0.016999993473291397
v 0.04690988734364513 0.03740938752889636 0.03699997439980507
v 0.04690988734364513 0.03740938752889636 0.03699997439980507
v 0.03740938752889636 0.04690988734364513 0.03699997439980507
v 0.03740938752889636 0.04690988734364513 0.016999993473291397
v 0.033939313143491766 0.049090281128883397 0.03699997439980507
v 0.026033025234937685 0.05405813083052639 0.016999993473291397
v 0.028591975569725054 0.05245023593306545 0.03699997439980507
v 0.013351256027817735 0.058495674282312435 0.03699997439980507
v 0.01727796718478204 0.057121660560369526 0.03699997439980507
v 0.013351256027817735 0.058495674282312435 0.016999993473291397
v 0.023032270371913924 0.05510814115405086 0.03699997439980507
v 0.026033025234937685 0.05405813083052639 0.016999993473291397
v 0.026033025234937685 0.05405813083052639 0.03699997439980507
v 0.026033025234937685 0.05405813083052639 0.03699997439980507
v 0.013351256027817735 0.058495674282312435 0.03699997439980507
v 0.013351256027817735 0.058495674282312435 0.016999993473291397
v 0.011595489457249648 0.058693502098321956 0.03699997439980507
v -3.8784215904120844e-18 0.059999998658895534 0.016999993473291397
v 0.003501816885545852 0.05960543826222424 0.03699997439980507
v -0.013351256027817735 0.058495674282312435 0.03699997439980507
v -0.01179782487452031 0.05867070332169537 0.03699997439980507
v -0.013351256027817735 0.058495674282312435 0.016999993473291397
v -0.0029645706526935122 0.059665974229574245 0.03699997439980507
v -3.8784215904120844e-18 0.059999998658895534 0.016999993473291397
v -3.8784215904120844e-18 0.059999998658895534 0.03699997439980507
v -3.8784215904120844e-18 0.059999998658895534 0.03699997439980507
v -0.013351256027817735 0.058495674282312435 0.03699997439980507
v -0.013351256027817735 0.058495674282312435 0.016999993473291397
v -0.022680245339870467 0.0552313216030598 0.03699997439980507
v -0.026033025234937685 0.05405813083052639 0.016999993473291397
v -0.026033025234937685 0.05405813083052639 0.03699997439980507
v -0.026033025234937685 0.05405813083052639 0.03699997439980507
v -0.026033025234937685 0.05405813083052639 0.016999993473291397
v -0.028270684182643908 0.0526521168649197 0.03699997439980507
v -0.03740938752889636 0.04690988734364513 0.016999993473291397
v -0.033613555133342764 0.049294967204332386 0.03699997439980507
v -0.04690988734364513 0.03740938752889636 0.03699997439980507
v -0.04325770959258082 0.04106156900525096 0.03699997439980507
v -0.04690988734364513 0.03740938752889636 0.016999993473291397
v -0.03873312100768092 0.04558615759015086 0.03699997439980507
v -0.03740938752889636 0.04690988734364513 0.016999993473291397
v -0.03740938752889636 0.04690988734364513 0.03699997439980507
v -0.03740938752889636 0.04690988734364513 0.03699997439980507
v -0.04690988734364513 0.03740938752889636 0.03699997439980507
v -0.04690988734364513 0.03740938752889636 0.016999993473291397
v -0.047553990036249195 0.036384303122758886 0.03699997439980507
v -0.05405813083052639 0.026033023372292536 0.016999993473291397
v -0.05092863738536838 0.031013581901788732 0.03699997439980507
v -0.058495674282312435 0.013351256027817735 0.016999993473291397
v -0.05819726735353474 0.014204056933522233 0.03699997439980507
v -0.05405813083052639 0.026033023372292536 0.016999993473291397
v -0.05621197819709781 0.019877688959240927 0.03699997439980507
v -0.05418136343359951 0.025680845603346842 0.03699997439980507
v -0.05405813083052639 0.026033023372292536 0.03699997439980507
v -0.05405813083052639 0.026033023372292536 0.03699997439980507
v -0.059999998658895534 9.499485226216471e-11 0.016999993473291397
v -0.05904802307486538 0.008449044078588491 0.03699997439980507
v -0.058495674282312435 0.013351256027817735 0.016999993473291397
v -0.058495674282312435 0.013351256027817735 0.03699997439980507
v -0.058495674282312435 0.013351256027817735 0.03699997439980507
v -0.058495674282312435 -0.013351256027817735 0.016999993473291397
v -0.05970015749335293 -0.0026611902285367268 0.03699997439980507
v -0.059999998658895534 9.499485226216471e-11 0.016999993473291397
v -0.059999998658895534 9.499485226216471e-11 0.03699997439980507
v -0.059999998658895534 9.499485226216471e-11 0.03699997439980507
v -0.054243274033069645 -0.025503916665911692 0.03699997439980507
v -0.05627294257283214 -0.019703455269336714 0.03699997439980507
v -0.05405813083052639 -0.026033025234937685 0.016999993473291397
v -0.058256428688764614 -0.014034979976713666 0.03699997439980507
v -0.058495674282312435 -0.013351256027817735 0.016999993473291397
v -0.058495674282312435 -0.013351256027817735 0.03699997439980507
v -0.058495674282312435 -0.013351256027817735 0.03699997439980507
v -0.04690988734364513 -0.03740938752889636 0.03699997439980507
v -0.04765641316771511 -0.036221303045749685 0.03699997439980507
v -0.04690988734364513 -0.03740938752889636 0.016999993473291397
v -0.05103043466806415 -0.03085157461464407 0.03699997439980507
v -0.05405813083052639 -0.026033025234937685 0.016999993473291397
v -0.05405813083052639 -0.026033025234937685 0.03699997439980507
v -0.05405813083052639 -0.026033025234937685 0.03699997439980507
v -0.04690988734364513 -0.03740938752889636 0.03699997439980507
v -0.04690988734364513 -0.03740938752889636 0.016999993473291397
v -0.043394912034273175 -0.040924366563558606 0.03699997439980507
v -0.03740938752889636 -0.04690989106893543 0.016999993473291397
v -0.038869764655828504 -0.04544951021671298 0.03699997439980507
v -0.026033025234937685 -0.05405813083052639 0.03699997439980507
v -0.028431277722120302 -0.05255120992660526 0.03699997439980507
v -0.026033025234937685 -0.05405813083052639 0.016999993473291397
v -0.03377642109990122 -0.04919263347983364 0.03699997439980507
v -0.03740938752889636 -0.04690989106893543 0.016999993473291397
v -0.03740938752889636 -0.04690989106893543 0.03699997439980507
v -0.03740938752889636 -0.04690989106893543 0.03699997439980507
v -0.026033025234937685 -0.05405813083052639 0.03699997439980507
v -0.026033025234937685 -0.05405813083052639 0.016999993473291397
v -0.022856216877698912 -0.055169746279716526 0.03699997439980507
v -0.013351256027817735 -0.058495674282312435 0.016999993473291397
v -0.017105786129832278 -0.05718190968036655 0.03699997439980507
v 1.816521381518707e-17 -0.059999998658895534 0.03699997439980507
v -0.005899561103433375 -0.059709254652261776 0.03699997439980507
v 3.469456878120967e-18 -0.059999998658895534 0.016999993473291397
v 3.469456878120967e-18 -0.059999998658895534 0.016999993473291397
v -0.005899561103433375 -0.059709254652261776 0.03699997439980507
v -0.01142583508044482 -0.05880924686789517 0.03699997439980507
v 3.469456878120967e-18 -0.059999998658895534 0.016999993473291397
v -0.01142583508044482 -0.05880924686789517 0.03699997439980507
v -0.013351256027817735 -0.058495674282312435 0.016999993473291397
v -0.013351256027817735 -0.058495674282312435 0.016999993473291397
v -0.01142583508044482 -0.05880924686789517 0.03699997439980507
v -0.013351256027817735 -0.058495674282312435 0.03699997439980507
v -0.013351256027817735 -0.058495674282312435 0.03699997439980507
v -0.00299041345715523 0.08783338218927389 0.165448397397995
v -0.00299041345715523 0.0863859578967095 0.1610722839832306
v -0.011821994557976731 0.08536574989557272 0.1604805290699005
v -0.028397269546985644 0.05330621078610424 0.053146157413721085
v -0.033792003989219686 0.050028793513774907 0.05290195718407631
v -0.033792003989219686 0.05162550508975986 0.07050798088312149
v -0.039008203893899945 0.013663774356246003 0.16267839074134827
v -0.0388697758316994 0.012499999254941949 0.16305050253868103
v -0.04339492321014407 0.012499999254941949 0.1675756275653839
v -0.017209554091095935 0.013533453457057485 0.15075799822807312
v -0.017105789855122577 0.012499999254941949 0.15131810307502747
v -0.02285622060298921 0.012499999254941949 0.1533302366733551
v -0.00016779782890807848 0.012684114277362832 0.14119336009025574
v 0.005397376604378227 0.012721049599349507 0.14145085215568542
v 0.005397376604378227 0.0142117664217949 0.14552399516105652
v -0.017105789855122577 0.012499999254941949 0.15131810307502747
v -0.017209554091095935 0.013533453457057485 0.15075799822807312
v -0.013351256027817735 0.012499999254941949 0.1500042974948883
v -0.028564581647515314 0.0135851874947548 0.15548530220985413
v -0.02843128331005575 0.012499999254941949 0.15594878792762756
v -0.03377642855048182 0.012499999254941949 0.15930739045143127
v -0.02294983156025411 0.014037420973181733 0.1524563729763031
v -0.02294983156025411 0.01355586666613818 0.15280458331108093
v -0.028564581647515314 0.0135851874947548 0.15548530220985413
v -0.03740938752889636 0.012499999254941949 0.16159012913703918
v -0.03395087271928789 0.014137921854853639 0.15845873951911926
v -0.03395087271928789 0.013621265999972829 0.1587866246700287
v -0.039008203893899945 0.013663774356246003 0.16267839074134827
v -0.039008203893899945 0.014203252270817765 0.16236338019371033
v -0.039008203893899945 0.0146444644778967 0.16193321347236633
v -0.03395087271928789 0.014552097767591487 0.15801283717155457
v -0.04777545109391216 0.013765439391136178 0.17199251055717468
v -0.047656424343586 0.012499999254941949 0.1722787320613861
v -0.051030449569225346 0.012499999254941949 0.17764845490455627
v -0.04777545109391216 0.013765439391136178 0.17199251055717468
v -0.04777545109391216 0.014865122735500346 0.17131510376930237
v -0.04364354535937312 0.014749366790056239 0.16639110445976257
v -0.056628901511430775 0.015255371108651172 0.1879405677318573
v -0.058328893035650295 0.015391876921057712 0.19376292824745178
v -0.058328893035650295 0.01709958538413049 0.19245174527168274
v -0.05994019284844403 0.015660807490348826 0.2052423655986786
v -0.05994019284844403 0.01781763695180417 0.20412972569465637
v -0.058328893035650295 0.01709958538413049 0.19245174527168274
v -0.05994019284844403 0.02496981807053091 0.19988849759101868
v -0.05994019284844403 0.028175193816423433 0.19761595129966736
v -0.058328893035650295 0.024374533444643038 0.18483492732048035
v -0.05429974943399433 0.02156387269496919 0.1686059534549713
v -0.05429974943399433 0.02238002419471742 0.1648288071155548
v -0.05134218186140064 0.019519476220011725 0.15853330492973328
v -0.05429974943399433 0.022849457338452353 0.1606510579586029
v -0.05429974943399433 0.02284464612603189 0.15615728497505188
v -0.05134218186140064 0.01906559802591802 0.15009519457817078
v -0.05828642845153813 0.024030569940805453 0.21994814276695251
v -0.05656765401363376 0.0249118320643902 0.2260662019252777
v -0.05656765401363376 0.03051719442009928 0.22472313046455383
v -0.011797823943197736 0.012499999254941949 0.2671706974506378
v -0.0029645704198628686 0.012499999254941949 0.2681659758090973
v -0.00299041345715523 0.0310068801045418 0.2683887183666229
v -0.0073463190346956305 0.08106455206871038 0.24956557154655457
v -0.011821994557976731 0.0805725976824761 0.2487756311893463
v -0.011821994557976731 0.0739175751805306 0.25559213757514954
v -0.011821994557976731 0.0739175751805306 0.25559213757514954
v -0.011821994557976731 0.0805725976824761 0.2487756311893463
v -0.017091557383537303 0.07309573143720632 0.25406399369239807
v -0.05429974943399433 0.01936810836195947 0.14209893345832825
v -0.05429974943399433 0.017309457063674937 0.13740959763526917
v -0.05134218186140064 0.012403182685375222 0.13232991099357605
v 0.0035018171183764956 0.012499999254941949 0.2681054174900055
v 0.011595490388572223 0.012499999254941949 0.2671935260295868
v 0.011614818125963218 0.03084900975227358 0.2672957479953766
v 0.02859198302030565 0.012499999254941949 0.2609502375125885
v 0.03393932059407236 0.012499999254941949 0.25759026408195496
v 0.034109439700841925 0.021099746227264418 0.25757500529289246
v 0.003546169260516765 0.05800794437527661 0.2660326659679413
v 0.003546169260516765 0.04912390932440761 0.26805755496025085
v 0.011614818125963218 0.04874468967318538 0.2667817175388336
v 0.04690988734364513 0.012499999254941949 0.24590936303138733
v 0.04775885120034221 0.012499999254941949 0.24455824494361877
v 0.04789213836193088 0.016565082594752322 0.24440351128578186
v 0.003546169260516765 0.08655498921871191 0.24214377999305725
v 0.003546169260516765 0.08133105188608175 0.24999496340751648
v 0.011614818125963218 0.08055353164672857 0.24874892830848694
v 0.017384400591254245 0.09096658974885946 0.21367469429969788
v 0.02312232926487924 0.08913581818342214 0.21177938580513
v 0.02312232926487924 0.08950372785329824 0.2027861773967743
v 0.04789213836193088 0.07095908373594288 0.1782045066356659
v 0.05144087597727779 0.06596162915229802 0.17395302653312683
v 0.05144087597727779 0.06245168671011929 0.1588505208492279
v 0.05271804332733158 0.015033438801765452 0.17900338768959045
v 0.05413822457194332 0.015099044889211665 0.1818128526210785
v 0.05114311352372173 0.013817125931382188 0.17691174149513245
v 0.04337627440690997 0.013707196339964875 0.1668098270893097
v 0.04312047734856608 0.012499999254941949 0.167301207780838
v 0.03859651833772662 0.012499999254941949 0.16277721524238586
v 0.011092000640928752 0.012841798365116128 0.14229026436805725
v 0.016859784722328196 0.01305311731994153 0.1437583863735199
v 0.016859784722328196 0.014348596334457408 0.14775708317756653
v 0.013351256027817735 0.012499999254941949 0.1500042974948883
v 0.011068009771406657 0.012499999254941949 0.14974704384803772
v 0.011092000640928752 0.01300238724797965 0.14947345852851868
v 0.005356745794415477 0.012499999254941949 0.1491035521030426
v 0.0336328372359276 -0.017514748498797427 0.10308722406625748
v 0.038712788373231916 -0.013695834204554566 0.10575053840875626
v 0.038712788373231916 -0.006947429850697522 0.1119224801659584
v 0.003501816885545852 0.05960543826222424 0.03699997439980507
v 0.003546169260516765 0.06046484783291821 0.05367938056588173
v 0.011614818125963218 0.0593332946300507 0.05359503999352455
v -0.033792003989219686 0.050028793513774907 0.05290195718407631
v -0.028397269546985644 0.05330621078610424 0.053146157413721085
v -0.033613555133342764 0.049294967204332386 0.03699997439980507
v -0.05092863738536838 0.031013581901788732 0.03699997439980507
v -0.05124292895197872 0.03164958953857424 0.051532600075006485
v -0.04765824973583225 0.03689107671380046 0.051923129707574844
v -0.005899561103433375 -0.059709254652261776 0.03699997439980507
v -0.005738519132137302 -0.05929679051041607 0.044756148010492325
v -0.011440484784543521 -0.05847252905368809 0.04481760039925575
v -0.02294983156025411 -0.055013623088598286 0.04507533088326454
v -0.017105786129832278 -0.05718190968036655 0.03699997439980507
v -0.017209554091095935 -0.05705339089035991 0.044923339039087296
v -0.017209554091095935 -0.05705339089035991 0.044923339039087296
v -0.017105786129832278 -0.05718190968036655 0.03699997439980507
v -0.013351256027817735 -0.058495674282312435 0.03699997439980507
v -0.017209554091095935 -0.05705339089035991 0.044923339039087296
v -0.013351256027817735 -0.058495674282312435 0.03699997439980507
v -0.011440484784543521 -0.05847252905368809 0.04481760039925575
v -0.011440484784543521 -0.05847252905368809 0.04481760039925575
v -0.013351256027817735 -0.058495674282312435 0.03699997439980507
v -0.01142583508044482 -0.05880924686789517 0.03699997439980507
v -0.005899561103433375 -0.059709254652261776 0.03699997439980507
v -0.03395087271928789 -0.04904874041676525 0.04551980271935463
v -0.028431277722120302 -0.05255120992660526 0.03699997439980507
v -0.028564581647515314 -0.05234089866280559 0.0452745296061039
v -0.028564581647515314 -0.05234089866280559 0.0452745296061039
v -0.028431277722120302 -0.05255120992660526 0.03699997439980507
v -0.026033025234937685 -0.05405813083052639 0.03699997439980507
v -0.028564581647515314 -0.05234089866280559 0.0452745296061039
v -0.026033025234937685 -0.05405813083052639 0.03699997439980507
v -0.02294983156025411 -0.055013623088598286 0.04507533088326454
v -0.02294983156025411 -0.055013623088598286 0.04507533088326454
v -0.026033025234937685 -0.05405813083052639 0.03699997439980507
v -0.022856216877698912 -0.055169746279716526 0.03699997439980507
v -0.017105786129832278 -0.05718190968036655 0.03699997439980507
v -0.04364354535937312 -0.04075246676802638 0.04613802209496498
v -0.038869764655828504 -0.04544951021671298 0.03699997439980507
v -0.039008203893899945 -0.04516706988215449 0.0458090640604496
v -0.039008203893899945 -0.04516706988215449 0.0458090640604496
v -0.038869764655828504 -0.04544951021671298 0.03699997439980507
v -0.03740938752889636 -0.04690989106893543 0.03699997439980507
v -0.039008203893899945 -0.04516706988215449 0.0458090640604496
v -0.03740938752889636 -0.04690989106893543 0.03699997439980507
v -0.03395087271928789 -0.04904874041676525 0.04551980271935463
v -0.03395087271928789 -0.04904874041676525 0.04551980271935463
v -0.03740938752889636 -0.04690989106893543 0.03699997439980507
v -0.03377642109990122 -0.04919263347983364 0.03699997439980507
v -0.028431277722120302 -0.05255120992660526 0.03699997439980507
v -0.05134218186140064 -0.03062671609222891 0.046892497688531876
v -0.04765641316771511 -0.036221303045749685 0.03699997439980507
v -0.04777545109391216 -0.03587561473250391 0.04650137200951576
v -0.04777545109391216 -0.03587561473250391 0.04650137200951576
v -0.04765641316771511 -0.036221303045749685 0.03699997439980507
v -0.04690988734364513 -0.03740938752889636 0.03699997439980507
v -0.04777545109391216 -0.03587561473250391 0.04650137200951576
v -0.04690988734364513 -0.03740938752889636 0.03699997439980507
v -0.04364354535937312 -0.04075246676802638 0.04613802209496498
v -0.04364354535937312 -0.04075246676802638 0.04613802209496498
v -0.04690988734364513 -0.03740938752889636 0.03699997439980507
v -0.043394912034273175 -0.040924366563558606 0.03699997439980507
v -0.038869764655828504 -0.04544951021671298 0.03699997439980507
v -0.058328893035650295 -0.013637179508805284 0.04815838113427162
v -0.05627294257283214 -0.019703455269336714 0.03699997439980507
v -0.056628901511430775 -0.019405908882617964 0.04772857204079628
v -0.056628901511430775 -0.019405908882617964 0.04772857204079628
v -0.05627294257283214 -0.019703455269336714 0.03699997439980507
v -0.054243274033069645 -0.025503916665911692 0.03699997439980507
v -0.056628901511430775 -0.019405908882617964 0.04772857204079628
v -0.054243274033069645 -0.025503916665911692 0.03699997439980507
v -0.05429974943399433 -0.025102389976382273 0.04730412736535072
v -0.05429974943399433 -0.025102389976382273 0.04730412736535072
v -0.054243274033069645 -0.025503916665911692 0.03699997439980507
v -0.05405813083052639 -0.026033025234937685 0.03699997439980507
v -0.05429974943399433 -0.025102389976382273 0.04730412736535072
v -0.05405813083052639 -0.026033025234937685 0.03699997439980507
v -0.05134218186140064 -0.03062671609222891 0.046892497688531876
v -0.05134218186140064 -0.03062671609222891 0.046892497688531876
v -0.05405813083052639 -0.026033025234937685 0.03699997439980507
v -0.05103043466806415 -0.03085157461464407 0.03699997439980507
v -0.04765641316771511 -0.036221303045749685 0.03699997439980507
v -0.059999998658895534 9.499485226216471e-11 0.03699997439980507
v -0.05970015749335293 -0.0026611902285367268 0.03699997439980507
v -0.05994019284844403 -0.0022623979020863784 0.0490058995783329
v -0.058495674282312435 -0.013351256027817735 0.03699997439980507
v -0.05994019284844403 -0.0022623979020863784 0.0490058995783329
v -0.058495674282312435 -0.013351256027817735 0.03699997439980507
v -0.058328893035650295 -0.013637179508805284 0.04815838113427162
v -0.058328893035650295 -0.013637179508805284 0.04815838113427162
v -0.058495674282312435 -0.013351256027817735 0.03699997439980507
v -0.058256428688764614 -0.014034979976713666 0.03699997439980507
v -0.05627294257283214 -0.019703455269336714 0.03699997439980507
v -0.059999998658895534 9.499485226216471e-11 0.03699997439980507
v -0.05994019284844403 -0.0022623979020863784 0.0490058995783329
v -0.05904802307486538 0.008449044078588491 0.03699997439980507
v -0.05904802307486538 0.008449044078588491 0.03699997439980507
v -0.05994019284844403 -0.0022623979020863784 0.0490058995783329
v -0.05939660966396336 0.008917533792555337 0.04983893409371376
v -0.05904802307486538 0.008449044078588491 0.03699997439980507
v -0.05939660966396336 0.008917533792555337 0.04983893409371376
v -0.058495674282312435 0.013351256027817735 0.03699997439980507
v -0.058495674282312435 0.013351256027817735 0.03699997439980507
v -0.05939660966396336 0.008917533792555337 0.04983893409371376
v -0.05828642845153813 0.014666493982076655 0.05026725307106972
v -0.058495674282312435 0.013351256027817735 0.03699997439980507
v -0.05828642845153813 0.014666493982076655 0.05026725307106972
v -0.05819726735353474 0.014204056933522233 0.03699997439980507
v -0.05819726735353474 0.014204056933522233 0.03699997439980507
v -0.05828642845153813 0.014666493982076655 0.05026725307106972
v -0.05656765401363376 0.02043562382459642 0.050697121769189835
v -0.05819726735353474 0.014204056933522233 0.03699997439980507
v -0.05656765401363376 0.02043562382459642 0.050697121769189835
v -0.05621197819709781 0.019877688959240927 0.03699997439980507
v -0.05621197819709781 0.019877688959240927 0.03699997439980507
v -0.05656765401363376 0.02043562382459642 0.050697121769189835
v -0.054219275712966954 0.026130029931664484 0.051121387630701065
v -0.05621197819709781 0.019877688959240927 0.03699997439980507
v -0.054219275712966954 0.026130029931664484 0.051121387630701065
v -0.05418136343359951 0.025680845603346842 0.03699997439980507
v -0.05124292895197872 0.03164958953857424 0.051532600075006485
v -0.05092863738536838 0.031013581901788732 0.03699997439980507
v -0.054219275712966954 0.026130029931664484 0.051121387630701065
v -0.054219275712966954 0.026130029931664484 0.051121387630701065
v -0.05092863738536838 0.031013581901788732 0.03699997439980507
v -0.05405813083052639 0.026033023372292536 0.03699997439980507
v -0.05405813083052639 0.026033023372292536 0.03699997439980507
v -0.04325770959258082 0.04106156900525096 0.03699997439980507
v -0.04690988734364513 0.03740938752889636 0.03699997439980507
v -0.04765824973583225 0.03689107671380046 0.051923129707574844
v -0.04765824973583225 0.03689107671380046 0.051923129707574844
v -0.04690988734364513 0.03740938752889636 0.03699997439980507
v -0.047553990036249195 0.036384303122758886 0.03699997439980507
v -0.05092863738536838 0.031013581901788732 0.03699997439980507
v -0.03740938752889636 0.04690988734364513 0.03699997439980507
v -0.03873312100768092 0.04558615759015086 0.03699997439980507
v -0.03886068984866145 0.04616069048643115 0.052613768726587296
v -0.04325770959258082 0.04106156900525096 0.03699997439980507
v -0.03886068984866145 0.04616069048643115 0.052613768726587296
v -0.04325770959258082 0.04106156900525096 0.03699997439980507
v -0.0435101427137852 0.04175809398293498 0.05228576436638832
v -0.0435101427137852 0.04175809398293498 0.05228576436638832
v -0.04325770959258082 0.04106156900525096 0.03699997439980507
v -0.04765824973583225 0.03689107671380046 0.051923129707574844
v -0.022680245339870467 0.0552313216030598 0.03699997439980507
v -0.026033025234937685 0.05405813083052639 0.03699997439980507
v -0.028397269546985644 0.05330621078610424 0.053146157413721085
v -0.028397269546985644 0.05330621078610424 0.053146157413721085
v -0.026033025234937685 0.05405813083052639 0.03699997439980507
v -0.028270684182643908 0.0526521168649197 0.03699997439980507
v -0.033613555133342764 0.049294967204332386 0.03699997439980507
v 0.003546169260516765 0.06046484783291821 0.05367938056588173
v 0.003501816885545852 0.05960543826222424 0.03699997439980507
v -0.00299041345715523 0.06035879999399189 0.05367151275277138
v -0.00299041345715523 0.06035879999399189 0.05367151275277138
v 0.003501816885545852 0.05960543826222424 0.03699997439980507
v -3.8784215904120844e-18 0.059999998658895534 0.03699997439980507
v -0.00299041345715523 0.06035879999399189 0.05367151275277138
v -3.8784215904120844e-18 0.059999998658895534 0.03699997439980507
v -0.0029645706526935122 0.059665974229574245 0.03699997439980507
v 0.01727796718478204 0.057121660560369526 0.03699997439980507
v 0.013351256027817735 0.058495674282312435 0.03699997439980507
v 0.011614818125963218 0.0593332946300507 0.05359503999352455
v 0.011614818125963218 0.0593332946300507 0.05359503999352455
v 0.013351256027817735 0.058495674282312435 0.03699997439980507
v 0.011595489457249648 0.058693502098321956 0.03699997439980507
v 0.003501816885545852 0.05960543826222424 0.03699997439980507
v 0.011614818125963218 0.0593332946300507 0.05359503999352455
v 0.017384400591254245 0.05789567530155186 0.053487930446863174
v 0.01727796718478204 0.057121660560369526 0.03699997439980507
v 0.01727796718478204 0.057121660560369526 0.03699997439980507
v 0.017384400591254245 0.05789567530155186 0.053487930446863174
v 0.02312232926487924 0.05583676695823673 0.05333450809121132
v 0.01727796718478204 0.057121660560369526 0.03699997439980507
v 0.02312232926487924 0.05583676695823673 0.05333450809121132
v 0.023032270371913924 0.05510814115405086 0.03699997439980507
v 0.026033025234937685 0.05405813083052639 0.03699997439980507
v 0.026033025234937685 0.05405813083052639 0.03699997439980507
v 0.02312232926487924 0.05583676695823673 0.05333450809121132
v 0.028731683269143125 0.05314501002430919 0.05313393846154213
v 0.026033025234937685 0.05405813083052639 0.03699997439980507
v 0.028731683269143125 0.05314501002430919 0.05313393846154213
v 0.028591975569725054 0.05245023593306545 0.03699997439980507
v 0.028591975569725054 0.05245023593306545 0.03699997439980507
v 0.028731683269143125 0.05314501002430919 0.05313393846154213
v 0.034109439700841925 0.04983438923954967 0.05288723483681679
v 0.028591975569725054 0.05245023593306545 0.03699997439980507
v 0.034109439700841925 0.04983438923954967 0.05288723483681679
v 0.033939313143491766 0.049090281128883397 0.03699997439980507
v 0.043776482343673734 0.0415059030056 0.05226663127541542
v 0.039006460458040265 0.04531281441450122 0.03699997439980507
v 0.0391553342342377 0.04593568667769435 0.052596721798181534
v 0.0391553342342377 0.04593568667769435 0.052596721798181534
v 0.039006460458040265 0.04531281441450122 0.03699997439980507
v 0.03740938752889636 0.04690988734364513 0.03699997439980507
v 0.05144087597727779 0.03135770931839945 0.051510486751794815
v 0.04775884002447132 0.03605828806757929 0.03699997439980507
v 0.04789213836193088 0.036616422235965757 0.05190232768654823
v 0.04789213836193088 0.036616422235965757 0.05190232768654823
v 0.04775884002447132 0.03605828806757929 0.03699997439980507
v 0.04690988734364513 0.03740938752889636 0.03699997439980507
v 0.04789213836193088 0.036616422235965757 0.05190232768654823
v 0.04690988734364513 0.03740938752889636 0.03699997439980507
v 0.043776482343673734 0.0415059030056 0.05226663127541542
v 0.043776482343673734 0.0415059030056 0.05226663127541542
v 0.04690988734364513 0.03740938752889636 0.03699997439980507
v 0.043532099574804334 0.04078717902302745 0.03699997439980507
v 0.039006460458040265 0.04531281441450122 0.03699997439980507
v 0.058495674282312435 0.013351256027817735 0.03699997439980507
v 0.058315526694059414 0.01386609300971032 0.03699997439980507
v 0.05837079882621769 0.014357108622789393 0.050243768841028214
v 0.05633386969566349 0.01952934451401235 0.03699997439980507
v 0.05837079882621769 0.014357108622789393 0.050243768841028214
v 0.05633386969566349 0.01952934451401235 0.03699997439980507
v 0.05668956786394123 0.02012654393911363 0.05067363753914833
v 0.05668956786394123 0.02012654393911363 0.05067363753914833
v 0.05633386969566349 0.01952934451401235 0.03699997439980507
v 0.05430517345666889 0.025327024981379526 0.03699997439980507
v 0.05668956786394123 0.02012654393911363 0.05067363753914833
v 0.05430517345666889 0.025327024981379526 0.03699997439980507
v 0.05437964573502544 0.025826640427112597 0.051098380237817764
v 0.05437964573502544 0.025826640427112597 0.051098380237817764
v 0.05430517345666889 0.025327024981379526 0.03699997439980507
v 0.05405813083052639 0.026033023372292536 0.03699997439980507
v 0.05437964573502544 0.025826640427112597 0.051098380237817764
v 0.05405813083052639 0.026033023372292536 0.03699997439980507
v 0.05144087597727779 0.03135770931839945 0.051510486751794815
v 0.05144087597727779 0.03135770931839945 0.051510486751794815
v 0.05405813083052639 0.026033023372292536 0.03699997439980507
v 0.05113218724727634 0.030689634382724783 0.03699997439980507
v 0.04775884002447132 0.03605828806757929 0.03699997439980507
v 0.058495674282312435 0.013351256027817735 0.03699997439980507
v 0.05837079882621769 0.014357108622789393 0.050243768841028214
v 0.05908706784248356 0.008102484047412878 0.03699997439980507
v 0.05908706784248356 0.008102484047412878 0.03699997439980507
v 0.05837079882621769 0.014357108622789393 0.050243768841028214
v 0.059444963932037395 0.008613219484686857 0.04981580749154091
v 0.05908706784248356 0.008102484047412878 0.03699997439980507
v 0.059444963932037395 0.008613219484686857 0.04981580749154091
v 0.059999998658895534 9.499485226216471e-11 0.03699997439980507
v 0.059999998658895534 9.499485226216471e-11 0.03699997439980507
v 0.059444963932037395 0.008613219484686857 0.04981580749154091
v 0.05992415919899945 -0.002557913307100536 0.04898342862725258
v 0.059999998658895534 9.499485226216471e-11 0.03699997439980507
v 0.05992415919899945 -0.002557913307100536 0.04898342862725258
v 0.0596624538302422 -0.0029958190862089417 0.03699997439980507
v 0.058495674282312435 -0.013351256027817735 0.03699997439980507
v 0.058495674282312435 -0.013351256027817735 0.03699997439980507
v 0.05992415919899945 -0.002557913307100536 0.04898342862725258
v 0.05824340507388119 -0.013946632854640493 0.04813489690423012
v 0.058495674282312435 -0.013351256027817735 0.03699997439980507
v 0.05824340507388119 -0.013946632854640493 0.04813489690423012
v 0.058138035237789196 -0.014373326674103747 0.03699997439980507
v 0.058138035237789196 -0.014373326674103747 0.03699997439980507
v 0.05824340507388119 -0.013946632854640493 0.04813489690423012
v 0.05650582909584049 -0.01971489749848844 0.047705087810754776
v 0.058138035237789196 -0.014373326674103747 0.03699997439980507
v 0.05650582909584049 -0.01971489749848844 0.047705087810754776
v 0.0561509691178799 -0.02005204185843469 0.03699997439980507
v 0.0561509691178799 -0.02005204185843469 0.03699997439980507
v 0.05650582909584049 -0.01971489749848844 0.047705087810754776
v 0.05413822457194332 -0.02540551684796812 0.04728111997246742
v 0.0561509691178799 -0.02005204185843469 0.03699997439980507
v 0.05413822457194332 -0.02540551684796812 0.04728111997246742
v 0.05405813083052639 -0.026033025234937685 0.03699997439980507
v 0.05405813083052639 -0.026033025234937685 0.03699997439980507
v 0.05413822457194332 -0.02540551684796812 0.04728111997246742
v 0.05114311352372173 -0.03091815672814848 0.046870384365320206
v 0.05405813083052639 -0.026033025234937685 0.03699997439980507
v 0.05114311352372173 -0.03091815672814848 0.046870384365320206
v 0.05082679912447933 -0.031175661832094213 0.03699997439980507
v 0.05082679912447933 -0.031175661832094213 0.03699997439980507
v 0.05114311352372173 -0.03091815672814848 0.046870384365320206
v 0.047540526837110554 -0.03614966571331026 0.046480629593133926
v 0.05082679912447933 -0.031175661832094213 0.03699997439980507
v 0.047540526837110554 -0.03614966571331026 0.046480629593133926
v 0.04745157808065418 -0.0365472920238972 0.03699997439980507
v 0.04690988734364513 -0.03740938752889636 0.03699997439980507
v 0.04690988734364513 -0.03740938752889636 0.03699997439980507
v 0.047540526837110554 -0.03614966571331026 0.046480629593133926
v 0.04337627440690997 -0.04100389406085017 0.046118948608636856
v 0.04690988734364513 -0.03740938752889636 0.03699997439980507
v 0.04337627440690997 -0.04100389406085017 0.046118948608636856
v 0.04312048479914668 -0.0411987900733948 0.03699997439980507
v 0.04312048479914668 -0.0411987900733948 0.03699997439980507
v 0.04337627440690997 -0.04100389406085017 0.046118948608636856
v 0.038712788373231916 -0.04539119452238086 0.045792076736688614
v 0.04312048479914668 -0.0411987900733948 0.03699997439980507
v 0.038712788373231916 -0.04539119452238086 0.045792076736688614
v 0.03859652578830722 -0.045722752809524564 0.03699997439980507
v 0.03740938752889636 -0.04690989106893543 0.03699997439980507
v 0.03740938752889636 -0.04690989106893543 0.03699997439980507
v 0.038712788373231916 -0.04539119452238086 0.045792076736688614
v 0.0336328372359276 -0.04924216493964199 0.04550513997673988
v 0.03740938752889636 -0.04690989106893543 0.03699997439980507
v 0.0336328372359276 -0.04924216493964199 0.04550513997673988
v 0.033450722694396993 -0.04939728602766994 0.03699997439980507
v 0.033450722694396993 -0.04939728602766994 0.03699997439980507
v 0.0336328372359276 -0.04924216493964199 0.04550513997673988
v 0.028229752555489557 -0.05250107496976856 0.04526237025856972
v 0.033450722694396993 -0.04939728602766994 0.03699997439980507
v 0.028229752555489557 -0.05250107496976856 0.04526237025856972
v 0.02811019867658617 -0.05275295674800876 0.03699997439980507
v 0.026033025234937685 -0.05405813083052639 0.03699997439980507
v 0.026033025234937685 -0.05405813083052639 0.03699997439980507
v 0.028229752555489557 -0.05250107496976856 0.04526237025856972
v 0.022604495286941542 -0.05513960123062137 0.04506579414010048
v 0.026033025234937685 -0.05405813083052639 0.03699997439980507
v 0.022604495286941542 -0.05513960123062137 0.04506579414010048
v 0.022504357621073737 -0.05529286712408069 0.03699997439980507
v 0.022504357621073737 -0.05529286712408069 0.03699997439980507
v 0.022604495286941542 -0.05513960123062137 0.04506579414010048
v 0.016859784722328196 -0.05714512616395954 0.044916365295648575
v 0.022504357621073737 -0.05529286712408069 0.03699997439980507
v 0.016859784722328196 -0.05714512616395954 0.044916365295648575
v 0.016761891543865214 -0.057302240282297176 0.03699997439980507
v 0.013351256027817735 -0.058495674282312435 0.03699997439980507
v 0.013351256027817735 -0.058495674282312435 0.03699997439980507
v 0.016859784722328196 -0.05714512616395954 0.044916365295648575
v 0.011092000640928752 -0.058531377464532894 0.0448131300508976
v 0.013351256027817735 -0.058495674282312435 0.03699997439980507
v 0.011092000640928752 -0.058531377464532894 0.0448131300508976
v 0.011068009771406657 -0.05875293537974362 0.03699997439980507
v 0.011068009771406657 -0.05875293537974362 0.03699997439980507
v 0.011092000640928752 -0.058531377464532894 0.0448131300508976
v 0.005397376604378227 -0.05932477116584782 0.04475400224328041
v 0.011068009771406657 -0.05875293537974362 0.03699997439980507
v 0.005397376604378227 -0.05932477116584782 0.04475400224328041
v 0.005356745794415477 -0.05939643830060963 0.03699997439980507
v -0.005738519132137302 -0.05929679051041607 0.044756148010492325
v -0.005899561103433375 -0.059709254652261776 0.03699997439980507
v 0.005397376604378227 -0.05932477116584782 0.04475400224328041
v 0.005397376604378227 -0.05932477116584782 0.04475400224328041
v -0.005899561103433375 -0.059709254652261776 0.03699997439980507
v 1.816521381518707e-17 -0.059999998658895534 0.03699997439980507
v 1.816521381518707e-17 -0.059999998658895534 0.03699997439980507
v 0.034109439700841925 0.05142203718423847 0.070467509329319
v 0.034109439700841925 0.04983438923954967 0.05288723483681679
v 0.028731683269143125 0.054735772311687504 0.0709855929017067
v 0.028731683269143125 0.054735772311687504 0.0709855929017067
v 0.034109439700841925 0.04983438923954967 0.05288723483681679
v 0.028731683269143125 0.05314501002430919 0.05313393846154213
v 0.028731683269143125 0.054735772311687504 0.0709855929017067
v 0.028731683269143125 0.05314501002430919 0.05313393846154213
v 0.02312232926487924 0.057430226355791134 0.07140705734491348
v 0.02312232926487924 0.057430226355791134 0.07140705734491348
v 0.028731683269143125 0.05314501002430919 0.05313393846154213
v 0.02312232926487924 0.05583676695823673 0.05333450809121132
v 0.02312232926487924 0.057430226355791134 0.07140705734491348
v 0.02312232926487924 0.05583676695823673 0.05333450809121132
v 0.017384400591254245 0.05949138477444653 0.0717296376824379
v 0.017384400591254245 0.05949138477444653 0.0717296376824379
v 0.02312232926487924 0.05583676695823673 0.05333450809121132
v 0.017384400591254245 0.05789567530155186 0.053487930446863174
v 0.017384400591254245 0.05949138477444653 0.0717296376824379
v 0.017384400591254245 0.05789567530155186 0.053487930446863174
v 0.011614818125963218 0.060930807143449825 0.0719551220536232
v 0.011614818125963218 0.060930807143449825 0.0719551220536232
v 0.017384400591254245 0.05789567530155186 0.053487930446863174
v 0.011614818125963218 0.0593332946300507 0.05359503999352455
v 0.011614818125963218 0.060930807143449825 0.0719551220536232
v 0.011614818125963218 0.0593332946300507 0.05359503999352455
v 0.003546169260516765 0.062064241617918056 0.07213310152292252
v 0.003546169260516765 0.062064241617918056 0.07213310152292252
v 0.011614818125963218 0.0593332946300507 0.05359503999352455
v 0.003546169260516765 0.06046484783291821 0.05367938056588173
v 0.003546169260516765 0.062064241617918056 0.07213310152292252
v 0.003546169260516765 0.06046484783291821 0.05367938056588173
v -0.00299041345715523 0.061958979815244716 0.07211754471063614
v -0.00299041345715523 0.061958979815244716 0.07211754471063614
v 0.003546169260516765 0.06046484783291821 0.05367938056588173
v -0.00299041345715523 0.06035879999399189 0.05367151275277138
v -0.00299041345715523 0.061958979815244716 0.07211754471063614
v -0.00299041345715523 0.06035879999399189 0.05367151275277138
v -0.011821994557976731 0.06094593182206158 0.07196048647165298
v -0.011821994557976731 0.07861574739217764 0.1434762179851532
v -0.00299041345715523 0.0830571204423905 0.15252968668937683
v -0.00299041345715523 0.0796345472335816 0.14397433400154114
v -0.00299041345715523 0.0796345472335816 0.14397433400154114
v -0.00299041345715523 0.0830571204423905 0.15252968668937683
v 0.0015107626095414173 0.08315070718526846 0.1525796353816986
v -0.00299041345715523 0.0796345472335816 0.14397433400154114
v 0.0015107626095414173 0.08315070718526846 0.1525796353816986
v 0.003546169260516765 0.07973977178335195 0.14402493834495544
v 0.003546169260516765 0.07973977178335195 0.14402493834495544
v 0.0015107626095414173 0.08315070718526846 0.1525796353816986
v 0.003546169260516765 0.0831617340445519 0.15258553624153137
v 0.003546169260516765 0.07973977178335195 0.14402493834495544
v 0.003546169260516765 0.0831617340445519 0.15258553624153137
v 0.011614818125963218 0.08534463495016104 0.1604686677455902
v 0.034109439700841925 0.07574236392974859 0.15490081906318665
v 0.034109439700841925 0.06902316212654118 0.13876762986183167
v 0.028731683269143125 0.07908806949853903 0.15684083104133606
v 0.028731683269143125 0.07908806949853903 0.15684083104133606
v 0.034109439700841925 0.06902316212654118 0.13876762986183167
v 0.028731683269143125 0.07235959917306904 0.1404038369655609
v 0.028731683269143125 0.07908806949853903 0.15684083104133606
v 0.028731683269143125 0.07235959917306904 0.1404038369655609
v 0.02312232926487924 0.08180882781744009 0.15841850638389587
v 0.02312232926487924 0.08180882781744009 0.15841850638389587
v 0.028731683269143125 0.07235959917306904 0.1404038369655609
v 0.02312232926487924 0.0750726461410523 0.1417345106601715
v 0.02312232926487924 0.08180882781744009 0.15841850638389587
v 0.02312232926487924 0.0750726461410523 0.1417345106601715
v 0.017384400591254245 0.08389046788215643 0.15962550044059753
v 0.017384400591254245 0.08389046788215643 0.15962550044059753
v 0.02312232926487924 0.0750726461410523 0.1417345106601715
v 0.017384400591254245 0.07714819163084036 0.14275267720222473
v 0.017384400591254245 0.08389046788215643 0.15962550044059753
v 0.017384400591254245 0.07714819163084036 0.14275267720222473
v 0.011614818125963218 0.08534463495016104 0.1604686677455902
v 0.011614818125963218 0.08534463495016104 0.1604686677455902
v 0.017384400591254245 0.07714819163084036 0.14275267720222473
v 0.011614818125963218 0.07859786599874502 0.14346405863761902
v 0.011614818125963218 0.08534463495016104 0.1604686677455902
v 0.011614818125963218 0.07859786599874502 0.14346405863761902
v 0.003546169260516765 0.07973977178335195 0.14402493834495544
v 0.003546169260516765 0.08793760091066366 0.16551169753074646
v 0.003546169260516765 0.08649055659770971 0.1611330211162567
v 0.0015107626095414173 0.08647953718900686 0.16112658381462097
v 0.0015107626095414173 0.09134234488010412 0.17899397015571594
v 0.003546169260516765 0.0892327949404717 0.16995498538017273
v 0.0015107626095414173 0.08922193199396139 0.169948011636734
v 0.0015107626095414173 0.08922193199396139 0.169948011636734
v 0.003546169260516765 0.0892327949404717 0.16995498538017273
v 0.003546169260516765 0.08793760091066366 0.16551169753074646
v 0.0015107626095414173 0.08922193199396139 0.169948011636734
v 0.003546169260516765 0.08793760091066366 0.16551169753074646
v -0.00299041345715523 0.08783338218927389 0.165448397397995
v -0.00299041345715523 0.08783338218927389 0.165448397397995
v 0.003546169260516765 0.08793760091066366 0.16551169753074646
v 0.0015107626095414173 0.08647953718900686 0.16112658381462097
v -0.00299041345715523 0.08783338218927389 0.165448397397995
v 0.0015107626095414173 0.08647953718900686 0.16112658381462097
v -0.00299041345715523 0.0863859578967095 0.1610722839832306
v 0.04337627440690997 0.00823110062628985 0.13054195046424866
v 0.04337627440690997 0.0031445769127458356 0.1227475181221962
v 0.047540526837110554 0.012145820073783406 0.1354776918888092
v 0.047540526837110554 0.012145820073783406 0.1354776918888092
v 0.04337627440690997 0.0031445769127458356 0.1227475181221962
v 0.047540526837110554 0.007452504243701702 0.12720796465873718
v 0.047540526837110554 0.012145820073783406 0.1354776918888092
v 0.047540526837110554 0.007452504243701702 0.12720796465873718
v 0.05114311352372173 0.016365155577659617 0.14079740643501282
v 0.05114311352372173 0.016365155577659617 0.14079740643501282
v 0.047540526837110554 0.007452504243701702 0.12720796465873718
v 0.05114311352372173 0.012095672078430661 0.13201549649238586
v 0.05413822457194332 0.020811554044485106 0.1464032232761383
v 0.05413822457194332 0.016988737508654605 0.13708177208900452
v 0.05650582909584049 0.025401800870895403 0.15219035744667053
v 0.05650582909584049 0.025401800870895403 0.15219035744667053
v 0.05413822457194332 0.016988737508654605 0.13708177208900452
v 0.05650582909584049 0.02204012311995031 0.14231190085411072
v 0.059444963932037395 0.047190319746732746 0.16835173964500427
v 0.05992415919899945 0.038487080484628705 0.1639324128627777
v 0.05992415919899945 0.037271611392498044 0.1580822765827179
v 0.05992415919899945 0.037271611392498044 0.1580822765827179
v 0.05992415919899945 0.038487080484628705 0.1639324128627777
v 0.05824340507388119 0.02880605496466162 0.15287348628044128
v 0.05992415919899945 0.037271611392498044 0.1580822765827179
v 0.05824340507388119 0.02880605496466162 0.15287348628044128
v 0.05824340507388119 0.027160746976733225 0.1476137340068817
v 0.05650582909584049 0.02204012311995031 0.14231190085411072
v 0.05824340507388119 0.027160746976733225 0.1476137340068817
v 0.05650582909584049 0.025401800870895403 0.15219035744667053
v 0.05650582909584049 0.025401800870895403 0.15219035744667053
v 0.05824340507388119 0.027160746976733225 0.1476137340068817
v 0.05824340507388119 0.02880605496466162 0.15287348628044128
v 0.05650582909584049 0.025401800870895403 0.15219035744667053
v 0.05824340507388119 0.02880605496466162 0.15287348628044128
v 0.05824340507388119 0.03005494549870493 0.15805670619010925
v 0.05824340507388119 0.03005494549870493 0.15805670619010925
v 0.05824340507388119 0.02880605496466162 0.15287348628044128
v 0.05992415919899945 0.038487080484628705 0.1639324128627777
v 0.04337627440690997 0.011925657279789456 0.13865646719932556
v 0.04337627440690997 0.00823110062628985 0.13054195046424866
v 0.047540526837110554 0.015243181958794604 0.14397940039634705
v 0.047540526837110554 0.015243181958794604 0.14397940039634705
v 0.04337627440690997 0.00823110062628985 0.13054195046424866
v 0.047540526837110554 0.012145820073783406 0.1354776918888092
v 0.047540526837110554 0.015243181958794604 0.14397940039634705
v 0.047540526837110554 0.012145820073783406 0.1354776918888092
v 0.05114311352372173 0.018818959593772902 0.14971652626991272
v 0.05114311352372173 0.018818959593772902 0.14971652626991272
v 0.047540526837110554 0.012145820073783406 0.1354776918888092
v 0.05114311352372173 0.016365155577659617 0.14079740643501282
v 0.05114311352372173 0.018818959593772902 0.14971652626991272
v 0.05114311352372173 0.016365155577659617 0.14079740643501282
v 0.05413822457194332 0.020811554044485106 0.1464032232761383
v 0.05413822457194332 0.020811554044485106 0.1464032232761383
v 0.05114311352372173 0.016365155577659617 0.14079740643501282
v 0.05114311352372173 0.012095672078430661 0.13201549649238586
v 0.05413822457194332 0.020811554044485106 0.1464032232761383
v 0.05114311352372173 0.012095672078430661 0.13201549649238586
v 0.05413822457194332 0.016988737508654605 0.13708177208900452
v -0.005738519132137302 0.013964947313070306 0.14813992381095886
v -0.005738519132137302 0.014306280761957177 0.1476527750492096
v 0.005397376604378227 0.014304153621196755 0.1476171910762787
v 0.005397376604378227 0.014304153621196755 0.1476171910762787
v -0.005738519132137302 0.014306280761957177 0.1476527750492096
v 0.005397376604378227 0.014479909092187892 0.14706483483314514
v 0.005397376604378227 0.014304153621196755 0.1476171910762787
v 0.005397376604378227 0.014479909092187892 0.14706483483314514
v 0.011092000640928752 0.014504045248031627 0.14786610007286072
v 0.011092000640928752 0.014504045248031627 0.14786610007286072
v 0.005397376604378227 0.014479909092187892 0.14706483483314514
v 0.011092000640928752 0.014528332278132449 0.1473313868045807
v 0.011092000640928752 0.014504045248031627 0.14786610007286072
v 0.011092000640928752 0.014528332278132449 0.1473313868045807
v 0.016859784722328196 0.014584640040993701 0.1487407386302948
v 0.016859784722328196 0.014584640040993701 0.1487407386302948
v 0.011092000640928752 0.014528332278132449 0.1473313868045807
v 0.016859784722328196 0.014348596334457408 0.14775708317756653
v 0.016859784722328196 0.014584640040993701 0.1487407386302948
v 0.016859784722328196 0.014348596334457408 0.14775708317756653
v 0.022604495286941542 0.014474805444478999 0.1498136818408966
v 0.022604495286941542 0.014474805444478999 0.1498136818408966
v 0.016859784722328196 0.014348596334457408 0.14775708317756653
v 0.016859784722328196 0.01305311731994153 0.1437583863735199
v 0.022604495286941542 0.014474805444478999 0.1498136818408966
v 0.016859784722328196 0.01305311731994153 0.1437583863735199
v 0.022604495286941542 0.013359049335122117 0.14588335156440735
v 0.013351256027817735 0.012499999254941949 0.1500042974948883
v 0.016859784722328196 0.01300915516912938 0.15085920691490173
v 0.016761889681220065 0.012499999254941949 0.15119776129722595
v 0.016761889681220065 0.012499999254941949 0.15119776129722595
v 0.016859784722328196 0.01300915516912938 0.15085920691490173
v 0.022604495286941542 0.013553366996347913 0.15265622735023499
v 0.016761889681220065 0.012499999254941949 0.15119776129722595
v 0.022604495286941542 0.013553366996347913 0.15265622735023499
v 0.022504353895783438 0.012499999254941949 0.15320715308189392
v -0.005738519132137302 0.013000648468732843 0.14871034026145935
v -0.005738519132137302 0.01350867561995984 0.1485045850276947
v 0.005397376604378227 0.013508095405995854 0.14847108721733093
v 0.005397376604378227 0.013508095405995854 0.14847108721733093
v -0.005738519132137302 0.01350867561995984 0.1485045850276947
v 0.005397376604378227 0.01396411284804345 0.1481042206287384
v 0.005397376604378227 0.013508095405995854 0.14847108721733093
v 0.005397376604378227 0.01396411284804345 0.1481042206287384
v 0.011092000640928752 0.013977244496345529 0.14889773726463318
v 0.011092000640928752 0.013977244496345529 0.14889773726463318
v 0.005397376604378227 0.01396411284804345 0.1481042206287384
v 0.011092000640928752 0.014322146773338327 0.1484139859676361
v 0.011092000640928752 0.013977244496345529 0.14889773726463318
v 0.011092000640928752 0.014322146773338327 0.1484139859676361
v 0.016859784722328196 0.01435413584113122 0.14980903267860413
v 0.016859784722328196 0.01435413584113122 0.14980903267860413
v 0.011092000640928752 0.014322146773338327 0.1484139859676361
v 0.016859784722328196 0.014547038823366176 0.14926835894584656
v 0.016859784722328196 0.01435413584113122 0.14980903267860413
v 0.016859784722328196 0.014547038823366176 0.14926835894584656
v 0.022604495286941542 0.014609752222895633 0.1512983739376068
v 0.022604495286941542 0.014609752222895633 0.1512983739376068
v 0.016859784722328196 0.014547038823366176 0.14926835894584656
v 0.022604495286941542 0.014666575938463221 0.15078064799308777
v 0.022604495286941542 0.014609752222895633 0.1512983739376068
v 0.022604495286941542 0.014666575938463221 0.15078064799308777
v 0.028229752555489557 0.01477472484111787 0.1534651219844818
v 0.028229752555489557 0.01477472484111787 0.1534651219844818
v 0.022604495286941542 0.014666575938463221 0.15078064799308777
v 0.028229752555489557 0.01464097760617734 0.15252014994621277
v 0.028229752555489557 0.01477472484111787 0.1534651219844818
v 0.028229752555489557 0.01464097760617734 0.15252014994621277
v 0.0336328372359276 0.014846321195364009 0.15586361289024353
v 0.0336328372359276 0.014846321195364009 0.15586361289024353
v 0.028229752555489557 0.01464097760617734 0.15252014994621277
v 0.028229752555489557 0.013761701062321672 0.1486797034740448
v 0.0336328372359276 0.014846321195364009 0.15586361289024353
v 0.028229752555489557 0.013761701062321672 0.1486797034740448
v 0.0336328372359276 0.014259152114391336 0.15213409066200256
v 0.028229752555489557 0.013582036830484876 0.15529724955558777
v 0.0336328372359276 0.014132451266050347 0.1582183539867401
v 0.0336328372359276 0.013617485761642465 0.15855994820594788
v 0.0336328372359276 0.013617485761642465 0.15855994820594788
v 0.0336328372359276 0.014132451266050347 0.1582183539867401
v 0.038712788373231916 0.014628933742642413 0.161655455827713
v 0.038712788373231916 0.013659408316016206 0.16241607069969177
v 0.03859651833772662 0.012499999254941949 0.16277721524238586
v 0.03740938752889636 0.012499999254941949 0.16159012913703918
v 0.03740938752889636 0.012499999254941949 0.16159012913703918
v 0.0334507152438164 0.012499999254941949 0.15910270810127258
v 0.0336328372359276 0.013617485761642465 0.15855994820594788
v 0.02811019308865072 0.012499999254941949 0.15574702620506287
v 0.0336328372359276 0.013617485761642465 0.15855994820594788
v 0.02811019308865072 0.012499999254941949 0.15574702620506287
v 0.028229752555489557 0.013582036830484876 0.15529724955558777
v 0.028229752555489557 0.013582036830484876 0.15529724955558777
v 0.02811019308865072 0.012499999254941949 0.15574702620506287
v 0.026033025234937685 0.012499999254941949 0.15444186329841614
v 0.013351256027817735 0.012499999254941949 0.1500042974948883
v 0.011092000640928752 0.01300238724797965 0.14947345852851868
v 0.016859784722328196 0.01300915516912938 0.15085920691490173
v 0.016859784722328196 0.01300915516912938 0.15085920691490173
v 0.011092000640928752 0.01300238724797965 0.14947345852851868
v 0.016859784722328196 0.013531611301004895 0.1506495177745819
v 0.016859784722328196 0.01300915516912938 0.15085920691490173
v 0.016859784722328196 0.013531611301004895 0.1506495177745819
v 0.022604495286941542 0.013553366996347913 0.15265622735023499
v 0.022604495286941542 0.013553366996347913 0.15265622735023499
v 0.016859784722328196 0.013531611301004895 0.1506495177745819
v 0.022604495286941542 0.014033807441592225 0.15229877829551697
v 0.022604495286941542 0.013553366996347913 0.15265622735023499
v 0.022604495286941542 0.014033807441592225 0.15229877829551697
v 0.028229752555489557 0.014077918604016313 0.1549467146396637
v 0.028229752555489557 0.014077918604016313 0.1549467146396637
v 0.022604495286941542 0.014033807441592225 0.15229877829551697
v 0.028229752555489557 0.014462349936366092 0.15448781847953796
v 0.028229752555489557 0.014077918604016313 0.1549467146396637
v 0.028229752555489557 0.014462349936366092 0.15448781847953796
v 0.0336328372359276 0.014538627117872249 0.15777280926704407
v 0.0336328372359276 0.014538627117872249 0.15777280926704407
v 0.028229752555489557 0.014462349936366092 0.15448781847953796
v 0.0336328372359276 0.014795321971178065 0.15727093815803528
v 0.0336328372359276 0.014538627117872249 0.15777280926704407
v 0.0336328372359276 0.014795321971178065 0.15727093815803528
v 0.038712788373231916 0.014916915446519862 0.1611720621585846
v 0.038712788373231916 0.014916915446519862 0.1611720621585846
v 0.0336328372359276 0.014795321971178065 0.15727093815803528
v 0.038712788373231916 0.015066999942064296 0.16070058941841125
v 0.038712788373231916 0.014916915446519862 0.1611720621585846
v 0.038712788373231916 0.015066999942064296 0.16070058941841125
v 0.04337627440690997 0.015247683972120295 0.16516605019569397
v 0.04337627440690997 0.015247683972120295 0.16516605019569397
v 0.038712788373231916 0.015066999942064296 0.16070058941841125
v 0.04337627440690997 0.015365667641162883 0.16431716084480286
v 0.04337627440690997 0.015247683972120295 0.16516605019569397
v 0.04337627440690997 0.015365667641162883 0.16431716084480286
v 0.047540526837110554 0.015671784058213244 0.16929885745048523
v 0.047540526837110554 0.015671784058213244 0.16929885745048523
v 0.04337627440690997 0.015365667641162883 0.16431716084480286
v 0.04337627440690997 0.015516992658376704 0.16086795926094055
v 0.047540526837110554 0.015671784058213244 0.16929885745048523
v 0.04337627440690997 0.015516992658376704 0.16086795926094055
v 0.047540526837110554 0.016258276998996745 0.16601476073265076
v 0.047540526837110554 0.016258276998996745 0.16601476073265076
v 0.04337627440690997 0.015516992658376704 0.16086795926094055
v 0.04337627440690997 0.015216460451483737 0.1540304720401764
v 0.047540526837110554 0.016258276998996745 0.16601476073265076
v 0.04337627440690997 0.015216460451483737 0.1540304720401764
v 0.047540526837110554 0.01683771237730981 0.15948209166526794
v 0.047540526837110554 0.01683771237730981 0.15948209166526794
v 0.04337627440690997 0.015216460451483737 0.1540304720401764
v 0.04337627440690997 0.014123007655143746 0.14664927124977112
v 0.047540526837110554 0.01683771237730981 0.15948209166526794
v 0.04337627440690997 0.014123007655143746 0.14664927124977112
v 0.047540526837110554 0.01663482002913953 0.15217670798301697
v 0.047540526837110554 0.01663482002913953 0.15217670798301697
v 0.05114311352372173 0.019342085346579566 0.1581343114376068
v 0.05114311352372173 0.01858509518206121 0.16535791754722595
v 0.05413822457194332 0.022195041179656996 0.16441258788108826
v 0.05650582909584049 0.025140292942523974 0.17089399695396423
v 0.05650582909584049 0.022327451035380377 0.17794236540794373
v 0.05650582909584049 0.022327451035380377 0.17794236540794373
v 0.05650582909584049 0.025140292942523974 0.17089399695396423
v 0.05824340507388119 0.028125904500484484 0.1774643361568451
v 0.059444963932037395 0.04584771767258647 0.19307932257652283
v 0.059444963932037395 0.043202895671129254 0.19849494099617004
v 0.05992415919899945 0.03644513711333277 0.18593183159828186
v 0.05992415919899945 0.03644513711333277 0.18593183159828186
v 0.059444963932037395 0.043202895671129254 0.19849494099617004
v 0.05992415919899945 0.03402107208967211 0.1904377043247223
v 0.05992415919899945 0.03644513711333277 0.18593183159828186
v 0.05992415919899945 0.03402107208967211 0.1904377043247223
v 0.05824340507388119 0.028125904500484484 0.1774643361568451
v 0.05824340507388119 0.028125904500484484 0.1774643361568451
v 0.05992415919899945 0.03402107208967211 0.1904377043247223
v 0.05824340507388119 0.026299856603145617 0.18124046921730042
v 0.05824340507388119 0.028125904500484484 0.1774643361568451
v 0.05824340507388119 0.026299856603145617 0.18124046921730042
v 0.05650582909584049 0.022327451035380377 0.17794236540794373
v 0.05413822457194332 0.022195041179656996 0.16441258788108826
v 0.05650582909584049 0.022327451035380377 0.17794236540794373
v 0.05413822457194332 0.020426495000720038 0.17155000567436218
v 0.05413822457194332 0.020426495000720038 0.17155000567436218
v 0.05650582909584049 0.022327451035380377 0.17794236540794373
v 0.05650582909584049 0.018768431618809714 0.18344202637672424
v 0.05413822457194332 0.020426495000720038 0.17155000567436218
v 0.05650582909584049 0.018768431618809714 0.18344202637672424
v 0.05413822457194332 0.017899218946695338 0.17740747332572937
v 0.047540526837110554 0.01663482002913953 0.15217670798301697
v 0.05114311352372173 0.01858509518206121 0.16535791754722595
v 0.047540526837110554 0.01683771237730981 0.15948209166526794
v 0.047540526837110554 0.01683771237730981 0.15948209166526794
v 0.05114311352372173 0.01858509518206121 0.16535791754722595
v 0.05114311352372173 0.01705724745988847 0.17156192660331726
v 0.047540526837110554 0.01683771237730981 0.15948209166526794
v 0.05114311352372173 0.01705724745988847 0.17156192660331726
v 0.047540526837110554 0.016258276998996745 0.16601476073265076
v 0.047540526837110554 0.016258276998996745 0.16601476073265076
v 0.05114311352372173 0.01705724745988847 0.17156192660331726
v 0.05114311352372173 0.01600174792110921 0.17466804385185242
v 0.047540526837110554 0.016258276998996745 0.16601476073265076
v 0.05114311352372173 0.01600174792110921 0.17466804385185242
v 0.047540526837110554 0.015671784058213244 0.16929885745048523
v 0.047540526837110554 0.015671784058213244 0.16929885745048523
v 0.05114311352372173 0.01600174792110921 0.17466804385185242
v 0.047540526837110554 0.015447778627276431 0.17010721564292908
v 0.047540526837110554 0.015671784058213244 0.16929885745048523
v 0.047540526837110554 0.015447778627276431 0.17010721564292908
v 0.04337627440690997 0.015247683972120295 0.16516605019569397
v 0.04337627440690997 0.015247683972120295 0.16516605019569397
v 0.047540526837110554 0.015447778627276431 0.17010721564292908
v 0.04337627440690997 0.015055663883686076 0.16561713814735413
v 0.04337627440690997 0.015247683972120295 0.16516605019569397
v 0.04337627440690997 0.015055663883686076 0.16561713814735413
v 0.038712788373231916 0.014916915446519862 0.1611720621585846
v 0.038712788373231916 0.014916915446519862 0.1611720621585846
v 0.04337627440690997 0.015055663883686076 0.16561713814735413
v 0.038712788373231916 0.014628933742642413 0.161655455827713
v 0.038712788373231916 0.014916915446519862 0.1611720621585846
v 0.038712788373231916 0.014628933742642413 0.161655455827713
v 0.0336328372359276 0.014538627117872249 0.15777280926704407
v 0.0336328372359276 0.014538627117872249 0.15777280926704407
v 0.038712788373231916 0.014628933742642413 0.161655455827713
v 0.0336328372359276 0.014132451266050347 0.1582183539867401
v 0.0336328372359276 0.014538627117872249 0.15777280926704407
v 0.0336328372359276 0.014132451266050347 0.1582183539867401
v 0.028229752555489557 0.014077918604016313 0.1549467146396637
v 0.028229752555489557 0.014077918604016313 0.1549467146396637
v 0.0336328372359276 0.014132451266050347 0.1582183539867401
v 0.028229752555489557 0.013582036830484876 0.15529724955558777
v 0.028229752555489557 0.014077918604016313 0.1549467146396637
v 0.028229752555489557 0.013582036830484876 0.15529724955558777
v 0.022604495286941542 0.013553366996347913 0.15265622735023499
v 0.022604495286941542 0.013553366996347913 0.15265622735023499
v 0.028229752555489557 0.013582036830484876 0.15529724955558777
v 0.026033025234937685 0.012499999254941949 0.15444186329841614
v 0.026033025234937685 0.012499999254941949 0.15444186329841614
v 0.03859651833772662 0.012499999254941949 0.16277721524238586
v 0.038712788373231916 0.013659408316016206 0.16241607069969177
v 0.04337627440690997 0.013707196339964875 0.1668098270893097
v 0.04337627440690997 0.013707196339964875 0.1668098270893097
v 0.038712788373231916 0.013659408316016206 0.16241607069969177
v 0.04337627440690997 0.014731964096426974 0.16607961058616638
v 0.04337627440690997 0.013707196339964875 0.1668098270893097
v 0.04337627440690997 0.014731964096426974 0.16607961058616638
v 0.047540526837110554 0.014846093952655803 0.1709752380847931
v 0.047540526837110554 0.014846093952655803 0.1709752380847931
v 0.04337627440690997 0.014731964096426974 0.16607961058616638
v 0.047540526837110554 0.015209374949336062 0.17053577303886414
v 0.047540526837110554 0.014846093952655803 0.1709752380847931
v 0.047540526837110554 0.015209374949336062 0.17053577303886414
v 0.05114311352372173 0.01566358655691148 0.1754327118396759
v 0.05271804332733158 0.015033438801765452 0.17900338768959045
v 0.05271804332733158 0.0157761573791504 0.17820939421653748
v 0.05413822457194332 0.016349498182535182 0.18032613396644592
v 0.05271804332733158 0.015033438801765452 0.17900338768959045
v 0.05413822457194332 0.016349498182535182 0.18032613396644592
v 0.05413822457194332 0.015099044889211665 0.1818128526210785
v 0.05413822457194332 0.015099044889211665 0.1818128526210785
v 0.05413822457194332 0.016349498182535182 0.18032613396644592
v 0.05650582909584049 0.0167085211724043 0.1861671507358551
v 0.05413822457194332 0.015099044889211665 0.1818128526210785
v 0.05650582909584049 0.0167085211724043 0.1861671507358551
v 0.05650582909584049 0.015233170241117488 0.18755367398262024
v 0.05650582909584049 0.015233170241117488 0.18755367398262024
v 0.05650582909584049 0.0167085211724043 0.1861671507358551
v 0.05824340507388119 0.017072485759854327 0.19208815693855286
v 0.05650582909584049 0.015233170241117488 0.18755367398262024
v 0.05824340507388119 0.017072485759854327 0.19208815693855286
v 0.05824340507388119 0.01536921039223672 0.19337329268455505
v 0.059444963932037395 0.043202895671129254 0.19849494099617004
v 0.059444963932037395 0.03980416059494021 0.20316466689109802
v 0.05992415919899945 0.03402107208967211 0.1904377043247223
v 0.05992415919899945 0.03402107208967211 0.1904377043247223
v 0.059444963932037395 0.03980416059494021 0.20316466689109802
v 0.05992415919899945 0.03115132451057436 0.19421151280403137
v 0.05992415919899945 0.03402107208967211 0.1904377043247223
v 0.05992415919899945 0.03115132451057436 0.19421151280403137
v 0.05824340507388119 0.026299856603145617 0.18124046921730042
v 0.05824340507388119 0.026299856603145617 0.18124046921730042
v 0.05992415919899945 0.03115132451057436 0.19421151280403137
v 0.05824340507388119 0.024254437536001223 0.18442228436470032
v 0.05824340507388119 0.026299856603145617 0.18124046921730042
v 0.05824340507388119 0.024254437536001223 0.18442228436470032
v 0.05650582909584049 0.022327451035380377 0.17794236540794373
v 0.05650582909584049 0.022327451035380377 0.17794236540794373
v 0.05824340507388119 0.024254437536001223 0.18442228436470032
v 0.05824340507388119 0.019649559631943717 0.18955913186073303
v 0.05650582909584049 0.022327451035380377 0.17794236540794373
v 0.05824340507388119 0.019649559631943717 0.18955913186073303
v 0.05650582909584049 0.018768431618809714 0.18344202637672424
v 0.05992415919899945 0.015638038516044627 0.20486459136009216
v 0.05824340507388119 0.01536921039223672 0.19337329268455505
v 0.05992415919899945 0.017791204154491435 0.20377907156944275
v 0.05992415919899945 0.017791204154491435 0.20377907156944275
v 0.05824340507388119 0.01536921039223672 0.19337329268455505
v 0.05824340507388119 0.017072485759854327 0.19208815693855286
v 0.05992415919899945 0.017791204154491435 0.20377907156944275
v 0.05824340507388119 0.017072485759854327 0.19208815693855286
v 0.05992415919899945 0.021389380097389235 0.20163723826408386
v 0.058495674282312435 0.012499999254941949 0.19514873623847961
v 0.05824340507388119 0.01536921039223672 0.19337329268455505
v 0.0596624501049519 0.012499999254941949 0.2055041491985321
v 0.0596624501049519 0.012499999254941949 0.2055041491985321
v 0.05824340507388119 0.01536921039223672 0.19337329268455505
v 0.05992415919899945 0.015638038516044627 0.20486459136009216
v 0.0596624501049519 0.012499999254941949 0.2055041491985321
v 0.05992415919899945 0.015638038516044627 0.20486459136009216
v 0.059999998658895534 0.012499999254941949 0.2084999978542328
v 0.059444963932037395 0.03591041639447214 0.2069360911846161
v 0.059444963932037395 0.03179174289107325 0.20976868271827698
v 0.05992415919899945 0.02805928327143194 0.19721713662147522
v 0.05992415919899945 0.02805928327143194 0.19721713662147522
v 0.059444963932037395 0.03179174289107325 0.20976868271827698
v 0.059444963932037395 0.027617329731583613 0.21174356341362
v 0.05992415919899945 0.02805928327143194 0.19721713662147522
v 0.059444963932037395 0.027617329731583613 0.21174356341362
v 0.05992415919899945 0.021389380097389235 0.20163723826408386
v 0.05992415919899945 0.021389380097389235 0.20163723826408386
v 0.059444963932037395 0.027617329731583613 0.21174356341362
v 0.059444963932037395 0.023096134886145606 0.21348533034324646
v 0.05992415919899945 0.021389380097389235 0.20163723826408386
v 0.059444963932037395 0.023096134886145606 0.21348533034324646
v 0.05992415919899945 0.017791204154491435 0.20377907156944275
v 0.05992415919899945 0.017791204154491435 0.20377907156944275
v 0.059444963932037395 0.023096134886145606 0.21348533034324646
v 0.059444963932037395 0.01849632896482946 0.21524754166603088
v 0.05992415919899945 0.017791204154491435 0.20377907156944275
v 0.059444963932037395 0.01849632896482946 0.21524754166603088
v 0.05992415919899945 0.015638038516044627 0.20486459136009216
v 0.058495674282312435 0.012499999254941949 0.19514873623847961
v 0.0581380277872086 0.012499999254941949 0.19412663578987122
v 0.05824340507388119 0.01536921039223672 0.19337329268455505
v 0.05615095794200901 0.012499999254941949 0.18844792246818542
v 0.05824340507388119 0.01536921039223672 0.19337329268455505
v 0.05615095794200901 0.012499999254941949 0.18844792246818542
v 0.05650582909584049 0.015233170241117488 0.18755367398262024
v 0.05650582909584049 0.015233170241117488 0.18755367398262024
v 0.05615095794200901 0.012499999254941949 0.18844792246818542
v 0.054119434207677876 0.012499999254941949 0.1826421320438385
v 0.05650582909584049 0.015233170241117488 0.18755367398262024
v 0.054119434207677876 0.012499999254941949 0.1826421320438385
v 0.05413822457194332 0.015099044889211665 0.1818128526210785
v 0.05413822457194332 0.015099044889211665 0.1818128526210785
v 0.054119434207677876 0.012499999254941949 0.1826421320438385
v 0.05405813083052639 0.012499999254941949 0.18246695399284363
v 0.05413822457194332 0.015099044889211665 0.1818128526210785
v 0.05405813083052639 0.012499999254941949 0.18246695399284363
v 0.05114311352372173 0.013817125931382188 0.17691174149513245
v 0.05114311352372173 0.013817125931382188 0.17691174149513245
v 0.05405813083052639 0.012499999254941949 0.18246695399284363
v 0.05082678794860843 0.012499999254941949 0.1773243248462677
v 0.04745157063007358 0.012499999254941949 0.17195269465446472
v 0.05271804332733158 0.0157761573791504 0.17820939421653748
v 0.05271804332733158 0.015033438801765452 0.17900338768959045
v 0.05114311352372173 0.014969209209084521 0.17625197768211365
v 0.05114311352372173 0.014969209209084521 0.17625197768211365
v 0.05271804332733158 0.015033438801765452 0.17900338768959045
v 0.05114311352372173 0.013817125931382188 0.17691174149513245
v 0.05114311352372173 0.014969209209084521 0.17625197768211365
v 0.05114311352372173 0.013817125931382188 0.17691174149513245
v 0.047540526837110554 0.013760093599557885 0.17167159914970398
v 0.047540526837110554 0.013760093599557885 0.17167159914970398
v 0.05114311352372173 0.013817125931382188 0.17691174149513245
v 0.04745157063007358 0.012499999254941949 0.17195269465446472
v 0.047540526837110554 0.013760093599557885 0.17167159914970398
v 0.04745157063007358 0.012499999254941949 0.17195269465446472
v 0.04690988734364513 0.012499999254941949 0.17109063267707825
v 0.059444963932037395 0.03980416059494021 0.20316466689109802
v 0.059444963932037395 0.03591041639447214 0.2069360911846161
v 0.05992415919899945 0.03115132451057436 0.19421151280403137
v 0.05992415919899945 0.03115132451057436 0.19421151280403137
v 0.059444963932037395 0.03591041639447214 0.2069360911846161
v 0.05992415919899945 0.02805928327143194 0.19721713662147522
v 0.05992415919899945 0.03115132451057436 0.19421151280403137
v 0.05992415919899945 0.02805928327143194 0.19721713662147522
v 0.05824340507388119 0.024254437536001223 0.18442228436470032
v 0.05824340507388119 0.024254437536001223 0.18442228436470032
v 0.05992415919899945 0.02805928327143194 0.19721713662147522
v 0.05992415919899945 0.021389380097389235 0.20163723826408386
v 0.05824340507388119 0.024254437536001223 0.18442228436470032
v 0.05992415919899945 0.021389380097389235 0.20163723826408386
v 0.05824340507388119 0.019649559631943717 0.18955913186073303
v 0.05824340507388119 0.019649559631943717 0.18955913186073303
v 0.05992415919899945 0.021389380097389235 0.20163723826408386
v 0.05824340507388119 0.017072485759854327 0.19208815693855286
v 0.05824340507388119 0.019649559631943717 0.18955913186073303
v 0.05824340507388119 0.017072485759854327 0.19208815693855286
v 0.05650582909584049 0.018768431618809714 0.18344202637672424
v 0.05650582909584049 0.018768431618809714 0.18344202637672424
v 0.05824340507388119 0.017072485759854327 0.19208815693855286
v 0.05650582909584049 0.0167085211724043 0.1861671507358551
v 0.05650582909584049 0.018768431618809714 0.18344202637672424
v 0.05650582909584049 0.0167085211724043 0.1861671507358551
v 0.05413822457194332 0.017899218946695338 0.17740747332572937
v 0.05413822457194332 0.017899218946695338 0.17740747332572937
v 0.05650582909584049 0.0167085211724043 0.1861671507358551
v 0.05413822457194332 0.016349498182535182 0.18032613396644592
v 0.05413822457194332 0.017899218946695338 0.17740747332572937
v 0.05413822457194332 0.016349498182535182 0.18032613396644592
v 0.05271804332733158 0.016173804178833972 0.17746755480766296
v 0.05271804332733158 0.016173804178833972 0.17746755480766296
v 0.05413822457194332 0.016349498182535182 0.18032613396644592
v 0.05271804332733158 0.0157761573791504 0.17820939421653748
v 0.05271804332733158 0.016173804178833972 0.17746755480766296
v 0.05271804332733158 0.0157761573791504 0.17820939421653748
v 0.05114311352372173 0.01566358655691148 0.1754327118396759
v 0.05114311352372173 0.01566358655691148 0.1754327118396759
v 0.05271804332733158 0.0157761573791504 0.17820939421653748
v 0.05114311352372173 0.014969209209084521 0.17625197768211365
v 0.05114311352372173 0.01566358655691148 0.1754327118396759
v 0.05114311352372173 0.014969209209084521 0.17625197768211365
v 0.047540526837110554 0.014846093952655803 0.1709752380847931
v 0.047540526837110554 0.014846093952655803 0.1709752380847931
v 0.05114311352372173 0.014969209209084521 0.17625197768211365
v 0.047540526837110554 0.013760093599557885 0.17167159914970398
v 0.047540526837110554 0.014846093952655803 0.1709752380847931
v 0.047540526837110554 0.013760093599557885 0.17167159914970398
v 0.04337627440690997 0.013707196339964875 0.1668098270893097
v 0.04337627440690997 0.013707196339964875 0.1668098270893097
v 0.047540526837110554 0.013760093599557885 0.17167159914970398
v 0.04690988734364513 0.012499999254941949 0.17109063267707825
v 0.04690988734364513 0.012499999254941949 0.17109063267707825
v 0.05144087597727779 0.06245168671011929 0.1588505208492279
v 0.05144087597727779 0.06596162915229802 0.17395302653312683
v 0.05437964573502544 0.05696232616901401 0.15502282977104187
v 0.05437964573502544 0.05696232616901401 0.15502282977104187
v 0.05144087597727779 0.06596162915229802 0.17395302653312683
v 0.05437964573502544 0.06070568785071377 0.16948160529136658
v 0.05437964573502544 0.05696232616901401 0.15502282977104187
v 0.05437964573502544 0.06070568785071377 0.16948160529136658
v 0.05668956786394123 0.05130551755428318 0.15107831358909607
v 0.05668956786394123 0.05130551755428318 0.15107831358909607
v 0.05437964573502544 0.06070568785071377 0.16948160529136658
v 0.05668956786394123 0.055289424955844914 0.16487374901771545
v 0.05668956786394123 0.05130551755428318 0.15107831358909607
v 0.05668956786394123 0.055289424955844914 0.16487374901771545
v 0.05837079882621769 0.04558017477393153 0.1470859944820404
v 0.05837079882621769 0.04558017477393153 0.1470859944820404
v 0.05668956786394123 0.055289424955844914 0.16487374901771545
v 0.05837079882621769 0.04980754852294925 0.1602100431919098
v 0.05837079882621769 0.04558017477393153 0.1470859944820404
v 0.05837079882621769 0.04980754852294925 0.1602100431919098
v 0.059444963932037395 0.03988043218851092 0.14311149716377258
v 0.059444963932037395 0.03988043218851092 0.14311149716377258
v 0.05837079882621769 0.04980754852294925 0.1602100431919098
v 0.059444963932037395 0.04435019195079806 0.15556713938713074
v 0.059444963932037395 0.03988043218851092 0.14311149716377258
v 0.059444963932037395 0.04435019195079806 0.15556713938713074
v 0.05992415919899945 0.028795845806598684 0.1353820264339447
v 0.05992415919899945 0.028795845806598684 0.1353820264339447
v 0.059444963932037395 0.04435019195079806 0.15556713938713074
v 0.05992415919899945 0.0337369963526726 0.1465376913547516
v 0.05992415919899945 0.028795845806598684 0.1353820264339447
v 0.05992415919899945 0.0337369963526726 0.1465376913547516
v 0.05824340507388119 0.017496278509497653 0.1275024712085724
v 0.05824340507388119 0.017496278509497653 0.1275024712085724
v 0.05992415919899945 0.0337369963526726 0.1465376913547516
v 0.05824340507388119 0.02291798405349256 0.137332946062088
v 0.05824340507388119 0.017496278509497653 0.1275024712085724
v 0.05824340507388119 0.02291798405349256 0.137332946062088
v 0.05650582909584049 0.011773542501032361 0.12351182848215103
v 0.05650582909584049 0.011773542501032361 0.12351182848215103
v 0.05824340507388119 0.02291798405349256 0.137332946062088
v 0.05650582909584049 0.01743863709270955 0.13267108798027039
v 0.05650582909584049 0.011773542501032361 0.12351182848215103
v 0.05650582909584049 0.01743863709270955 0.13267108798027039
v 0.05413822457194332 0.0061281169764697595 0.11957500129938126
v 0.05413822457194332 0.0061281169764697595 0.11957500129938126
v 0.05650582909584049 0.01743863709270955 0.13267108798027039
v 0.05413822457194332 0.012033318169415006 0.12807217240333557
v 0.05413822457194332 0.0061281169764697595 0.11957500129938126
v 0.05413822457194332 0.012033318169415006 0.12807217240333557
v 0.05114311352372173 0.0006595522863790397 0.11576149612665176
v 0.05114311352372173 0.0006595522863790397 0.11576149612665176
v 0.05413822457194332 0.012033318169415006 0.12807217240333557
v 0.05114311352372173 0.006797344889491801 0.1236172690987587
v 0.05114311352372173 0.0006595522863790397 0.11576149612665176
v 0.05114311352372173 0.006797344889491801 0.1236172690987587
v 0.047540526837110554 -0.004529804456979039 0.1121426597237587
v 0.047540526837110554 -0.004529804456979039 0.1121426597237587
v 0.05114311352372173 0.006797344889491801 0.1236172690987587
v 0.047540526837110554 0.0018287104321643723 0.11938975006341934
v 0.047540526837110554 -0.004529804456979039 0.1121426597237587
v 0.047540526837110554 0.0018287104321643723 0.11938975006341934
v 0.04337627440690997 -0.009344574064016349 0.10878501087427139
v 0.04337627440690997 -0.009344574064016349 0.10878501087427139
v 0.047540526837110554 0.0018287104321643723 0.11938975006341934
v 0.04337627440690997 -0.0027812614571303147 0.11546734720468521
v 0.04337627440690997 -0.009344574064016349 0.10878501087427139
v 0.04337627440690997 -0.0027812614571303147 0.11546734720468521
v 0.038712788373231916 -0.013695834204554566 0.10575053840875626
v 0.043776482343673734 0.07252433151006703 0.16587397456169128
v 0.0391553342342377 0.07692166417837148 0.16894009709358215
v 0.0391553342342377 0.07865946739912039 0.1772957146167755
v 0.0391553342342377 0.07865946739912039 0.1772957146167755
v 0.0391553342342377 0.07692166417837148 0.16894009709358215
v 0.034109439700841925 0.08245880901813513 0.1802217662334442
v 0.0391553342342377 0.07865946739912039 0.1772957146167755
v 0.043776482343673734 0.07434299588203436 0.1739712655544281
v 0.043776482343673734 0.07252433151006703 0.16587397456169128
v 0.043776482343673734 0.07252433151006703 0.16587397456169128
v 0.043776482343673734 0.07434299588203436 0.1739712655544281
v 0.04789213836193088 0.07095908373594288 0.1782045066356659
v 0.043776482343673734 0.07252433151006703 0.16587397456169128
v 0.04789213836193088 0.07095908373594288 0.1782045066356659
v 0.04789213836193088 0.06767107546329502 0.16248992085456848
v 0.04789213836193088 0.06767107546329502 0.16248992085456848
v 0.04789213836193088 0.07095908373594288 0.1782045066356659
v 0.05144087597727779 0.06245168671011929 0.1588505208492279
v 0.043776482343673734 0.0756059810519219 0.18215760588645935
v 0.043776482343673734 0.07629145681858068 0.19038620591163635
v 0.04789213836193088 0.07205893099308018 0.19409945607185364
v 0.04337627440690997 0.0031445769127458356 0.1227475181221962
v 0.04337627440690997 -0.0027812614571303147 0.11546734720468521
v 0.047540526837110554 0.007452504243701702 0.12720796465873718
v 0.047540526837110554 0.007452504243701702 0.12720796465873718
v 0.04337627440690997 -0.0027812614571303147 0.11546734720468521
v 0.047540526837110554 0.0018287104321643723 0.11938975006341934
v 0.047540526837110554 0.007452504243701702 0.12720796465873718
v 0.047540526837110554 0.0018287104321643723 0.11938975006341934
v 0.05114311352372173 0.012095672078430661 0.13201549649238586
v 0.05114311352372173 0.012095672078430661 0.13201549649238586
v 0.047540526837110554 0.0018287104321643723 0.11938975006341934
v 0.05114311352372173 0.006797344889491801 0.1236172690987587
v 0.05114311352372173 0.012095672078430661 0.13201549649238586
v 0.05114311352372173 0.006797344889491801 0.1236172690987587
v 0.05413822457194332 0.016988737508654605 0.13708177208900452
v 0.05413822457194332 0.016988737508654605 0.13708177208900452
v 0.05114311352372173 0.006797344889491801 0.1236172690987587
v 0.05413822457194332 0.012033318169415006 0.12807217240333557
v 0.05413822457194332 0.016988737508654605 0.13708177208900452
v 0.05413822457194332 0.012033318169415006 0.12807217240333557
v 0.05650582909584049 0.02204012311995031 0.14231190085411072
v 0.05650582909584049 0.02204012311995031 0.14231190085411072
v 0.05413822457194332 0.012033318169415006 0.12807217240333557
v 0.05650582909584049 0.01743863709270955 0.13267108798027039
v 0.05650582909584049 0.02204012311995031 0.14231190085411072
v 0.05650582909584049 0.01743863709270955 0.13267108798027039
v 0.05824340507388119 0.027160746976733225 0.1476137340068817
v 0.05824340507388119 0.027160746976733225 0.1476137340068817
v 0.05650582909584049 0.01743863709270955 0.13267108798027039
v 0.05824340507388119 0.02291798405349256 0.137332946062088
v 0.05824340507388119 0.027160746976733225 0.1476137340068817
v 0.05824340507388119 0.02291798405349256 0.137332946062088
v 0.05992415919899945 0.037271611392498044 0.1580822765827179
v 0.05992415919899945 0.037271611392498044 0.1580822765827179
v 0.05824340507388119 0.02291798405349256 0.137332946062088
v 0.05992415919899945 0.0337369963526726 0.1465376913547516
v 0.05992415919899945 0.037271611392498044 0.1580822765827179
v 0.05992415919899945 0.0337369963526726 0.1465376913547516
v 0.059444963932037395 0.047190319746732746 0.16835173964500427
v 0.059444963932037395 0.047190319746732746 0.16835173964500427
v 0.05992415919899945 0.0337369963526726 0.1465376913547516
v 0.059444963932037395 0.04435019195079806 0.15556713938713074
v 0.059444963932037395 0.047190319746732746 0.16835173964500427
v 0.059444963932037395 0.04435019195079806 0.15556713938713074
v 0.05837079882621769 0.052290637046098744 0.17363241314888
v 0.05837079882621769 0.052290637046098744 0.17363241314888
v 0.059444963932037395 0.04435019195079806 0.15556713938713074
v 0.05837079882621769 0.04980754852294925 0.1602100431919098
v 0.05837079882621769 0.052290637046098744 0.17363241314888
v 0.05837079882621769 0.04980754852294925 0.1602100431919098
v 0.05668956786394123 0.05741392821073536 0.17893686890602112
v 0.05668956786394123 0.05741392821073536 0.17893686890602112
v 0.05837079882621769 0.04980754852294925 0.1602100431919098
v 0.05668956786394123 0.055289424955844914 0.16487374901771545
v 0.05668956786394123 0.05741392821073536 0.17893686890602112
v 0.05668956786394123 0.055289424955844914 0.16487374901771545
v 0.05437964573502544 0.06247595325112347 0.18417784571647644
v 0.05437964573502544 0.06247595325112347 0.18417784571647644
v 0.05668956786394123 0.055289424955844914 0.16487374901771545
v 0.05437964573502544 0.06070568785071377 0.16948160529136658
v 0.05437964573502544 0.06247595325112347 0.18417784571647644
v 0.05437964573502544 0.06070568785071377 0.16948160529136658
v 0.05144087597727779 0.06738820672035221 0.18926367163658142
v 0.05144087597727779 0.06738820672035221 0.18926367163658142
v 0.05437964573502544 0.06070568785071377 0.16948160529136658
v 0.05144087597727779 0.06596162915229802 0.17395302653312683
v 0.05144087597727779 0.06738820672035221 0.18926367163658142
v 0.05144087597727779 0.06596162915229802 0.17395302653312683
v 0.04789213836193088 0.07205893099308018 0.19409945607185364
v 0.04789213836193088 0.07205893099308018 0.19409945607185364
v 0.05144087597727779 0.06596162915229802 0.17395302653312683
v 0.04789213836193088 0.07095908373594288 0.1782045066356659
v 0.04789213836193088 0.07205893099308018 0.19409945607185364
v 0.04789213836193088 0.07095908373594288 0.1782045066356659
v 0.043776482343673734 0.0756059810519219 0.18215760588645935
v 0.043776482343673734 0.0756059810519219 0.18215760588645935
v 0.04789213836193088 0.07095908373594288 0.1782045066356659
v 0.043776482343673734 0.07434299588203436 0.1739712655544281
v 0.043776482343673734 0.0756059810519219 0.18215760588645935
v 0.043776482343673734 0.07434299588203436 0.1739712655544281
v 0.0391553342342377 0.07981634885072714 0.18573936820030212
v 0.0391553342342377 0.07981634885072714 0.18573936820030212
v 0.043776482343673734 0.07434299588203436 0.1739712655544281
v 0.0391553342342377 0.07865946739912039 0.1772957146167755
v 0.0391553342342377 0.07981634885072714 0.18573936820030212
v 0.0391553342342377 0.07865946739912039 0.1772957146167755
v 0.034109439700841925 0.08352235704660421 0.18889197707176208
v 0.034109439700841925 0.08352235704660421 0.18889197707176208
v 0.0391553342342377 0.07865946739912039 0.1772957146167755
v 0.034109439700841925 0.08245880901813513 0.1802217662334442
v 0.034109439700841925 0.08352235704660421 0.18889197707176208
v 0.034109439700841925 0.08245880901813513 0.1802217662334442
v 0.028731683269143125 0.0866698026657105 0.19156929850578308
v 0.028731683269143125 0.08568546921014791 0.1827068030834198
v 0.034109439700841925 0.08079223334789282 0.1716388761997223
v 0.028731683269143125 0.08407942205667501 0.1739307940006256
v 0.028731683269143125 0.08407942205667501 0.1739307940006256
v 0.034109439700841925 0.08079223334789282 0.1716388761997223
v 0.034109439700841925 0.07854508608579641 0.16317811608314514
v 0.028731683269143125 0.08407942205667501 0.1739307940006256
v 0.034109439700841925 0.07854508608579641 0.16317811608314514
v 0.028731683269143125 0.0818717628717423 0.16528764367103577
v 0.02312232926487924 0.08922939747571951 0.19374647736549377
v 0.028731683269143125 0.08568546921014791 0.1827068030834198
v 0.02312232926487924 0.08830941468477255 0.1847275197505951
v 0.02312232926487924 0.08830941468477255 0.1847275197505951
v 0.028731683269143125 0.08568546921014791 0.1827068030834198
v 0.028731683269143125 0.08407942205667501 0.1739307940006256
v 0.02312232926487924 0.08830941468477255 0.1847275197505951
v 0.028731683269143125 0.08407942205667501 0.1739307940006256
v 0.02312232926487924 0.0867526531219483 0.1757945716381073
v 0.02312232926487924 0.0867526531219483 0.1757945716381073
v 0.028731683269143125 0.08407942205667501 0.1739307940006256
v 0.028731683269143125 0.0818717628717423 0.16528764367103577
v 0.02312232926487924 0.0867526531219483 0.1757945716381073
v 0.028731683269143125 0.0818717628717423 0.16528764367103577
v 0.02312232926487924 0.08457710593938833 0.16700312495231628
v 0.043776482343673734 0.07629145681858068 0.19038620591163635
v 0.043776482343673734 0.0756059810519219 0.18215760588645935
v 0.0391553342342377 0.08037465810775762 0.19421854615211487
v 0.0391553342342377 0.08037465810775762 0.19421854615211487
v 0.043776482343673734 0.0756059810519219 0.18215760588645935
v 0.0391553342342377 0.07981634885072714 0.18573936820030212
v 0.0391553342342377 0.08037465810775762 0.19421854615211487
v 0.0391553342342377 0.07981634885072714 0.18573936820030212
v 0.034109439700841925 0.0839687809348107 0.19759181141853333
v 0.034109439700841925 0.0839687809348107 0.19759181141853333
v 0.0391553342342377 0.07981634885072714 0.18573936820030212
v 0.034109439700841925 0.08352235704660421 0.18889197707176208
v 0.034109439700841925 0.0839687809348107 0.19759181141853333
v 0.034109439700841925 0.08352235704660421 0.18889197707176208
v 0.028731683269143125 0.08702127635478979 0.20045652985572815
v 0.028731683269143125 0.08702127635478979 0.20045652985572815
v 0.034109439700841925 0.08352235704660421 0.18889197707176208
v 0.028731683269143125 0.0866698026657105 0.19156929850578308
v 0.028731683269143125 0.08702127635478979 0.20045652985572815
v 0.028731683269143125 0.0866698026657105 0.19156929850578308
v 0.02312232926487924 0.08950372785329824 0.2027861773967743
v 0.017384400591254245 0.09140320867300039 0.2045685350894928
v 0.02312232926487924 0.08922939747571951 0.19374647736549377
v 0.017384400591254245 0.09118781983852392 0.19541218876838684
v 0.017384400591254245 0.09118781983852392 0.19541218876838684
v 0.02312232926487924 0.08922939747571951 0.19374647736549377
v 0.02312232926487924 0.08830941468477255 0.1847275197505951
v 0.017384400591254245 0.09118781983852392 0.19541218876838684
v 0.02312232926487924 0.08830941468477255 0.1847275197505951
v 0.017384400591254245 0.09031700342893606 0.18627360463142395
v 0.017384400591254245 0.09031700342893606 0.18627360463142395
v 0.02312232926487924 0.08830941468477255 0.1847275197505951
v 0.02312232926487924 0.0867526531219483 0.1757945716381073
v 0.017384400591254245 0.09031700342893606 0.18627360463142395
v 0.02312232926487924 0.0867526531219483 0.1757945716381073
v 0.017384400591254245 0.08879800140857702 0.17722055315971375
v 0.017384400591254245 0.08879800140857702 0.17722055315971375
v 0.02312232926487924 0.0867526531219483 0.1757945716381073
v 0.02312232926487924 0.08457710593938833 0.16700312495231628
v 0.017384400591254245 0.08879800140857702 0.17722055315971375
v 0.02312232926487924 0.08457710593938833 0.16700312495231628
v 0.017384400591254245 0.08664701879024511 0.16831561923027039
v 0.02312232926487924 0.08950372785329824 0.2027861773967743
v 0.02312232926487924 0.08913581818342214 0.21177938580513
v 0.028731683269143125 0.08702127635478979 0.20045652985572815
v 0.028731683269143125 0.08702127635478979 0.20045652985572815
v 0.02312232926487924 0.08913581818342214 0.21177938580513
v 0.028731683269143125 0.08674322813749319 0.2093023955821991
v 0.028731683269143125 0.08702127635478979 0.20045652985572815
v 0.028731683269143125 0.08674322813749319 0.2093023955821991
v 0.034109439700841925 0.0839687809348107 0.19759181141853333
v 0.034109439700841925 0.0839687809348107 0.19759181141853333
v 0.028731683269143125 0.08674322813749319 0.2093023955821991
v 0.034109439700841925 0.08380128443241125 0.20625659823417664
v 0.034109439700841925 0.0839687809348107 0.19759181141853333
v 0.034109439700841925 0.08380128443241125 0.20625659823417664
v 0.0391553342342377 0.08037465810775762 0.19421854615211487
v 0.0391553342342377 0.08037465810775762 0.19421854615211487
v 0.034109439700841925 0.08380128443241125 0.20625659823417664
v 0.0391553342342377 0.08033735305070883 0.2026703655719757
v 0.0391553342342377 0.08037465810775762 0.19421854615211487
v 0.0391553342342377 0.08033735305070883 0.2026703655719757
v 0.043776482343673734 0.07629145681858068 0.19038620591163635
v 0.043776482343673734 0.07629145681858068 0.19038620591163635
v 0.0391553342342377 0.08033735305070883 0.2026703655719757
v 0.043776482343673734 0.076402097940445 0.19859609007835388
v 0.043776482343673734 0.07629145681858068 0.19038620591163635
v 0.043776482343673734 0.076402097940445 0.19859609007835388
v 0.04789213836193088 0.07205893099308018 0.19409945607185364
v 0.011614818125963218 0.09224574267864233 0.21499887108802795
v 0.017384400591254245 0.09140320867300039 0.2045685350894928
v 0.011614818125963218 0.09273032844066625 0.20581361651420593
v 0.011614818125963218 0.09273032844066625 0.20581361651420593
v 0.017384400591254245 0.09140320867300039 0.2045685350894928
v 0.017384400591254245 0.09118781983852392 0.19541218876838684
v 0.011614818125963218 0.09273032844066625 0.20581361651420593
v 0.017384400591254245 0.09118781983852392 0.19541218876838684
v 0.011614818125963218 0.09255599975585943 0.19657579064369202
v 0.011614818125963218 0.09255599975585943 0.19657579064369202
v 0.017384400591254245 0.09118781983852392 0.19541218876838684
v 0.017384400591254245 0.09031700342893606 0.18627360463142395
v 0.011614818125963218 0.09255599975585943 0.19657579064369202
v 0.017384400591254245 0.09031700342893606 0.18627360463142395
v 0.011614818125963218 0.09171944111585623 0.18735352158546448
v 0.011614818125963218 0.09171944111585623 0.18735352158546448
v 0.017384400591254245 0.09031700342893606 0.18627360463142395
v 0.017384400591254245 0.08879800140857702 0.17722055315971375
v 0.011614818125963218 0.09171944111585623 0.18735352158546448
v 0.017384400591254245 0.08879800140857702 0.17722055315971375
v 0.011614818125963218 0.09022689610719686 0.17821666598320007
v 0.011614818125963218 0.09022689610719686 0.17821666598320007
v 0.017384400591254245 0.08879800140857702 0.17722055315971375
v 0.017384400591254245 0.08664701879024511 0.16831561923027039
v 0.003546169260516765 0.09135308116674429 0.17900153994560242
v 0.0015107626095414173 0.09281399846076971 0.18819615244865417
v 0.003546169260516765 0.09282462298870092 0.18820443749427795
v 0.003546169260516765 0.09282462298870092 0.18820443749427795
v 0.0015107626095414173 0.09281399846076971 0.18819615244865417
v 0.0015107626095414173 0.09362411499023443 0.19748368859291077
v 0.003546169260516765 0.09282462298870092 0.18820443749427795
v 0.0015107626095414173 0.09362411499023443 0.19748368859291077
v 0.003546169260516765 0.0936343669891358 0.1974925696849823
v 0.003546169260516765 0.0936343669891358 0.1974925696849823
v 0.0015107626095414173 0.09362411499023443 0.19748368859291077
v 0.0015107626095414173 0.09376671910285957 0.20678529143333435
v 0.003546169260516765 0.0936343669891358 0.1974925696849823
v 0.0015107626095414173 0.09376671910285957 0.20678529143333435
v 0.003546169260516765 0.09377653896808631 0.20679476857185364
v 0.017384400591254245 0.08664701879024511 0.16831561923027039
v 0.011614818125963218 0.08809307962656027 0.16923251748085022
v 0.011614818125963218 0.09022689610719686 0.17821666598320007
v 0.011614818125963218 0.09022689610719686 0.17821666598320007
v 0.011614818125963218 0.08809307962656027 0.16923251748085022
v 0.003546169260516765 0.09135308116674429 0.17900153994560242
v 0.011614818125963218 0.09022689610719686 0.17821666598320007
v 0.003546169260516765 0.09135308116674429 0.17900153994560242
v 0.011614818125963218 0.09171944111585623 0.18735352158546448
v 0.011614818125963218 0.09171944111585623 0.18735352158546448
v 0.003546169260516765 0.09135308116674429 0.17900153994560242
v 0.003546169260516765 0.09282462298870092 0.18820443749427795
v 0.011614818125963218 0.09171944111585623 0.18735352158546448
v 0.003546169260516765 0.09282462298870092 0.18820443749427795
v 0.011614818125963218 0.09255599975585943 0.19657579064369202
v 0.011614818125963218 0.09255599975585943 0.19657579064369202
v 0.003546169260516765 0.09282462298870092 0.18820443749427795
v 0.003546169260516765 0.0936343669891358 0.1974925696849823
v 0.011614818125963218 0.09255599975585943 0.19657579064369202
v 0.003546169260516765 0.0936343669891358 0.1974925696849823
v 0.011614818125963218 0.09273032844066625 0.20581361651420593
v 0.011614818125963218 0.09273032844066625 0.20581361651420593
v 0.003546169260516765 0.0936343669891358 0.1974925696849823
v 0.003546169260516765 0.09377653896808631 0.20679476857185364
v 0.011614818125963218 0.09273032844066625 0.20581361651420593
v 0.003546169260516765 0.09377653896808631 0.20679476857185364
v 0.011614818125963218 0.09224574267864233 0.21499887108802795
v 0.011614818125963218 0.08534463495016104 0.1604686677455902
v 0.011614818125963218 0.08809307962656027 0.16923251748085022
v 0.017384400591254245 0.08389046788215643 0.15962550044059753
v 0.017384400591254245 0.08389046788215643 0.15962550044059753
v 0.011614818125963218 0.08809307962656027 0.16923251748085022
v 0.017384400591254245 0.08664701879024511 0.16831561923027039
v 0.017384400591254245 0.08389046788215643 0.15962550044059753
v 0.017384400591254245 0.08664701879024511 0.16831561923027039
v 0.02312232926487924 0.08180882781744009 0.15841850638389587
v 0.02312232926487924 0.08180882781744009 0.15841850638389587
v 0.017384400591254245 0.08664701879024511 0.16831561923027039
v 0.02312232926487924 0.08457710593938833 0.16700312495231628
v 0.02312232926487924 0.08180882781744009 0.15841850638389587
v 0.02312232926487924 0.08457710593938833 0.16700312495231628
v 0.028731683269143125 0.07908806949853903 0.15684083104133606
v 0.028731683269143125 0.07908806949853903 0.15684083104133606
v 0.02312232926487924 0.08457710593938833 0.16700312495231628
v 0.028731683269143125 0.0818717628717423 0.16528764367103577
v 0.028731683269143125 0.07908806949853903 0.15684083104133606
v 0.028731683269143125 0.0818717628717423 0.16528764367103577
v 0.034109439700841925 0.07574236392974859 0.15490081906318665
v 0.034109439700841925 0.07574236392974859 0.15490081906318665
v 0.028731683269143125 0.0818717628717423 0.16528764367103577
v 0.034109439700841925 0.07854508608579641 0.16317811608314514
v 0.034109439700841925 0.07574236392974859 0.15490081906318665
v 0.034109439700841925 0.07854508608579641 0.16317811608314514
v 0.0391553342342377 0.07692166417837148 0.16894009709358215
v 0.0391553342342377 0.07692166417837148 0.16894009709358215
v 0.034109439700841925 0.07854508608579641 0.16317811608314514
v 0.034109439700841925 0.08079223334789282 0.1716388761997223
v 0.0391553342342377 0.07692166417837148 0.16894009709358215
v 0.034109439700841925 0.08079223334789282 0.1716388761997223
v 0.034109439700841925 0.08245880901813513 0.1802217662334442
v 0.034109439700841925 0.08245880901813513 0.1802217662334442
v 0.034109439700841925 0.08079223334789282 0.1716388761997223
v 0.028731683269143125 0.08568546921014791 0.1827068030834198
v 0.034109439700841925 0.08245880901813513 0.1802217662334442
v 0.028731683269143125 0.08568546921014791 0.1827068030834198
v 0.028731683269143125 0.0866698026657105 0.19156929850578308
v 0.028731683269143125 0.0866698026657105 0.19156929850578308
v 0.028731683269143125 0.08568546921014791 0.1827068030834198
v 0.02312232926487924 0.08922939747571951 0.19374647736549377
v 0.028731683269143125 0.0866698026657105 0.19156929850578308
v 0.02312232926487924 0.08922939747571951 0.19374647736549377
v 0.02312232926487924 0.08950372785329824 0.2027861773967743
v 0.02312232926487924 0.08950372785329824 0.2027861773967743
v 0.02312232926487924 0.08922939747571951 0.19374647736549377
v 0.017384400591254245 0.09140320867300039 0.2045685350894928
v 0.02312232926487924 0.08950372785329824 0.2027861773967743
v 0.017384400591254245 0.09140320867300039 0.2045685350894928
v 0.017384400591254245 0.09096658974885946 0.21367469429969788
v 0.017384400591254245 0.09096658974885946 0.21367469429969788
v 0.017384400591254245 0.09140320867300039 0.2045685350894928
v 0.011614818125963218 0.09224574267864233 0.21499887108802795
v 0.0015107626095414173 0.09376671910285957 0.20678529143333435
v 0.0015107626095414173 0.09324484318494802 0.21603289246559143
v 0.003546169260516765 0.09377653896808631 0.20679476857185364
v 0.003546169260516765 0.09377653896808631 0.20679476857185364
v 0.0015107626095414173 0.09324484318494802 0.21603289246559143
v 0.003546169260516765 0.09325425326824194 0.21604272723197937
v 0.003546169260516765 0.09377653896808631 0.20679476857185364
v 0.003546169260516765 0.09325425326824194 0.21604272723197937
v 0.011614818125963218 0.09224574267864233 0.21499887108802795
v 0.011614818125963218 0.09224574267864233 0.21499887108802795
v 0.003546169260516765 0.09325425326824194 0.21604272723197937
v 0.011614818125963218 0.09112130105495458 0.22406122088432312
v 0.011614818125963218 0.09224574267864233 0.21499887108802795
v 0.011614818125963218 0.09112130105495458 0.22406122088432312
v 0.017384400591254245 0.09096658974885946 0.21367469429969788
v 0.017384400591254245 0.09096658974885946 0.21367469429969788
v 0.011614818125963218 0.09112130105495458 0.22406122088432312
v 0.017384400591254245 0.08989682048559194 0.22266212105751038
v 0.017384400591254245 0.09096658974885946 0.21367469429969788
v 0.017384400591254245 0.08989682048559194 0.22266212105751038
v 0.02312232926487924 0.08913581818342214 0.21177938580513
v 0.02312232926487924 0.08913581818342214 0.21177938580513
v 0.017384400591254245 0.08989682048559194 0.22266212105751038
v 0.02312232926487924 0.08814418315887457 0.22065970301628113
v 0.02312232926487924 0.08913581818342214 0.21177938580513
v 0.02312232926487924 0.08814418315887457 0.22065970301628113
v 0.028731683269143125 0.08674322813749319 0.2093023955821991
v 0.028731683269143125 0.08674322813749319 0.2093023955821991
v 0.02312232926487924 0.08814418315887457 0.22065970301628113
v 0.028731683269143125 0.0858535990118981 0.2180427610874176
v 0.028731683269143125 0.08674322813749319 0.2093023955821991
v 0.028731683269143125 0.0858535990118981 0.2180427610874176
v 0.034109439700841925 0.08380128443241125 0.20625659823417664
v 0.034109439700841925 0.08380128443241125 0.20625659823417664
v 0.028731683269143125 0.0858535990118981 0.2180427610874176
v 0.034109439700841925 0.0830370113253594 0.21482494473457336
v 0.034109439700841925 0.08380128443241125 0.20625659823417664
v 0.034109439700841925 0.0830370113253594 0.21482494473457336
v 0.0391553342342377 0.08033735305070883 0.2026703655719757
v 0.0391553342342377 0.08033735305070883 0.2026703655719757
v 0.034109439700841925 0.0830370113253594 0.21482494473457336
v 0.0391553342342377 0.07972061634063726 0.21103617548942566
v 0.0391553342342377 0.08033735305070883 0.2026703655719757
v 0.0391553342342377 0.07972061634063726 0.21103617548942566
v 0.043776482343673734 0.076402097940445 0.19859609007835388
v 0.043776482343673734 0.076402097940445 0.19859609007835388
v 0.0391553342342377 0.07972061634063726 0.21103617548942566
v 0.043776482343673734 0.07595291733741766 0.20673194527626038
v 0.043776482343673734 0.076402097940445 0.19859609007835388
v 0.043776482343673734 0.07595291733741766 0.20673194527626038
v 0.04789213836193088 0.07205893099308018 0.19409945607185364
v 0.04789213836193088 0.07205893099308018 0.19409945607185364
v 0.043776482343673734 0.07595291733741766 0.20673194527626038
v 0.04789213836193088 0.0717946290969849 0.20198151469230652
v 0.04789213836193088 0.07205893099308018 0.19409945607185364
v 0.04789213836193088 0.0717946290969849 0.20198151469230652
v 0.05144087597727779 0.06738820672035221 0.18926367163658142
v 0.05144087597727779 0.06738820672035221 0.18926367163658142
v 0.04789213836193088 0.0717946290969849 0.20198151469230652
v 0.05144087597727779 0.06732267886400227 0.19687286019325256
v 0.05144087597727779 0.06738820672035221 0.18926367163658142
v 0.05144087597727779 0.06732267886400227 0.19687286019325256
v 0.05437964573502544 0.06247595325112347 0.18417784571647644
v 0.05437964573502544 0.06247595325112347 0.18417784571647644
v 0.05144087597727779 0.06732267886400227 0.19687286019325256
v 0.05437964573502544 0.06261944770812992 0.1914999783039093
v 0.05437964573502544 0.06247595325112347 0.18417784571647644
v 0.05437964573502544 0.06261944770812992 0.1914999783039093
v 0.05668956786394123 0.05741392821073536 0.17893686890602112
v 0.05668956786394123 0.05741392821073536 0.17893686890602112
v 0.05437964573502544 0.06261944770812992 0.1914999783039093
v 0.05668956786394123 0.057772774249315303 0.18596330285072327
v 0.05668956786394123 0.05741392821073536 0.17893686890602112
v 0.05668956786394123 0.057772774249315303 0.18596330285072327
v 0.05837079882621769 0.052290637046098744 0.17363241314888
v 0.05837079882621769 0.052290637046098744 0.17363241314888
v 0.05668956786394123 0.057772774249315303 0.18596330285072327
v 0.05837079882621769 0.05286741256713871 0.1803596317768097
v 0.05837079882621769 0.052290637046098744 0.17363241314888
v 0.05837079882621769 0.05286741256713871 0.1803596317768097
v 0.059444963932037395 0.047190319746732746 0.16835173964500427
v 0.059444963932037395 0.047190319746732746 0.16835173964500427
v 0.05837079882621769 0.05286741256713871 0.1803596317768097
v 0.059444963932037395 0.04798401519656185 0.17478111386299133
v 0.059444963932037395 0.047190319746732746 0.16835173964500427
v 0.059444963932037395 0.04798401519656185 0.17478111386299133
v 0.05992415919899945 0.038487080484628705 0.1639324128627777
v 0.05992415919899945 0.038487080484628705 0.1639324128627777
v 0.059444963932037395 0.04798401519656185 0.17478111386299133
v 0.05992415919899945 0.039242703467607526 0.16963961720466614
v 0.05992415919899945 0.038487080484628705 0.1639324128627777
v 0.05992415919899945 0.039242703467607526 0.16963961720466614
v 0.05824340507388119 0.03005494549870493 0.15805670619010925
v 0.05824340507388119 0.03005494549870493 0.15805670619010925
v 0.05992415919899945 0.039242703467607526 0.16963961720466614
v 0.05824340507388119 0.03060278668999674 0.16324588656425476
v 0.05824340507388119 0.03005494549870493 0.15805670619010925
v 0.05824340507388119 0.03060278668999674 0.16324588656425476
v 0.05650582909584049 0.025401800870895403 0.15219035744667053
v 0.05650582909584049 0.025401800870895403 0.15219035744667053
v 0.05824340507388119 0.03060278668999674 0.16324588656425476
v 0.05650582909584049 0.02626838535070421 0.15713271498680115
v 0.05650582909584049 0.025401800870895403 0.15219035744667053
v 0.05650582909584049 0.02626838535070421 0.15713271498680115
v 0.05413822457194332 0.020811554044485106 0.1464032232761383
v 0.05413822457194332 0.020811554044485106 0.1464032232761383
v 0.05650582909584049 0.02626838535070421 0.15713271498680115
v 0.05413822457194332 0.02199264988303186 0.15110215544700623
v 0.05413822457194332 0.020811554044485106 0.1464032232761383
v 0.05413822457194332 0.02199264988303186 0.15110215544700623
v 0.05114311352372173 0.018818959593772902 0.14971652626991272
v 0.0015107626095414173 0.09207741916179663 0.2251540720462799
v 0.0015107626095414173 0.09010370820760732 0.23375031352043152
v 0.003546169260516765 0.09208652377128607 0.22516432404518127
v 0.003546169260516765 0.09208652377128607 0.22516432404518127
v 0.0015107626095414173 0.09010370820760732 0.23375031352043152
v 0.003546169260516765 0.09011231362819677 0.23376139998435974
v 0.003546169260516765 0.09208652377128607 0.22516432404518127
v 0.003546169260516765 0.09011231362819677 0.23376139998435974
v 0.011614818125963218 0.08919611573219305 0.23260751366615295
v 0.011614818125963218 0.08919611573219305 0.23260751366615295
v 0.003546169260516765 0.09011231362819677 0.23376139998435974
v 0.011614818125963218 0.08570059388875967 0.24094048142433167
v 0.011614818125963218 0.08919611573219305 0.23260751366615295
v 0.011614818125963218 0.08570059388875967 0.24094048142433167
v 0.017384400591254245 0.08803392201662069 0.23114320635795593
v 0.017384400591254245 0.08803392201662069 0.23114320635795593
v 0.011614818125963218 0.08570059388875967 0.24094048142433167
v 0.017384400591254245 0.08461730182170873 0.23941388726234436
v 0.017384400591254245 0.08803392201662069 0.23114320635795593
v 0.017384400591254245 0.08461730182170873 0.23941388726234436
v 0.02312232926487924 0.08637047559022909 0.22904697060585022
v 0.02312232926487924 0.08637047559022909 0.22904697060585022
v 0.017384400591254245 0.08461730182170873 0.23941388726234436
v 0.02312232926487924 0.08306707441806799 0.23722884058952332
v 0.02312232926487924 0.08637047559022909 0.22904697060585022
v 0.02312232926487924 0.08306707441806799 0.23722884058952332
v 0.028731683269143125 0.08419650048017507 0.22630706429481506
v 0.028731683269143125 0.08419650048017507 0.22630706429481506
v 0.02312232926487924 0.08306707441806799 0.23722884058952332
v 0.028731683269143125 0.08104128390550619 0.23437300324440002
v 0.028731683269143125 0.08419650048017507 0.22630706429481506
v 0.028731683269143125 0.08104128390550619 0.23437300324440002
v 0.034109439700841925 0.08152331411838537 0.22293785214424133
v 0.034109439700841925 0.08152331411838537 0.22293785214424133
v 0.028731683269143125 0.08104128390550619 0.23437300324440002
v 0.034109439700841925 0.07855048775672918 0.23086139559745789
v 0.034109439700841925 0.08152331411838537 0.22293785214424133
v 0.034109439700841925 0.07855048775672918 0.23086139559745789
v 0.0391553342342377 0.07837579399347311 0.21897056698799133
v 0.0391553342342377 0.07837579399347311 0.21897056698799133
v 0.034109439700841925 0.07855048775672918 0.23086139559745789
v 0.0391553342342377 0.07561787217855459 0.22672656178474426
v 0.0391553342342377 0.07837579399347311 0.21897056698799133
v 0.0391553342342377 0.07561787217855459 0.22672656178474426
v 0.043776482343673734 0.07479997724294668 0.21446332335472107
v 0.043776482343673734 0.07479997724294668 0.21446332335472107
v 0.0391553342342377 0.07561787217855459 0.22672656178474426
v 0.043776482343673734 0.0722863227128983 0.22202906012535095
v 0.043776482343673734 0.07479997724294668 0.21446332335472107
v 0.043776482343673734 0.0722863227128983 0.22202906012535095
v 0.04789213836193088 0.07085347920656208 0.2094886600971222
v 0.04789213836193088 0.07085347920656208 0.2094886600971222
v 0.043776482343673734 0.0722863227128983 0.22202906012535095
v 0.04789213836193088 0.06860952079296116 0.21684452891349792
v 0.04789213836193088 0.07085347920656208 0.2094886600971222
v 0.04789213836193088 0.06860952079296116 0.21684452891349792
v 0.05144087597727779 0.0666093081235886 0.20413866639137268
v 0.05144087597727779 0.0666093081235886 0.20413866639137268
v 0.04789213836193088 0.06860952079296116 0.21684452891349792
v 0.05144087597727779 0.06465549021959309 0.21126887202262878
v 0.05144087597727779 0.0666093081235886 0.20413866639137268
v 0.05144087597727779 0.06465549021959309 0.21126887202262878
v 0.05437964573502544 0.06214563921093945 0.19851186871528625
v 0.05437964573502544 0.06214563921093945 0.19851186871528625
v 0.05144087597727779 0.06465549021959309 0.21126887202262878
v 0.05437964573502544 0.06049706414341931 0.20540490746498108
v 0.05437964573502544 0.06214563921093945 0.19851186871528625
v 0.05437964573502544 0.06049706414341931 0.20540490746498108
v 0.05668956786394123 0.05754586309194569 0.1927134096622467
v 0.05668956786394123 0.05754586309194569 0.1927134096622467
v 0.05437964573502544 0.06049706414341931 0.20540490746498108
v 0.05668956786394123 0.05621191486716274 0.19936200976371765
v 0.05668956786394123 0.05754586309194569 0.1927134096622467
v 0.05668956786394123 0.05621191486716274 0.19936200976371765
v 0.05837079882621769 0.05289039760828022 0.1868446171283722
v 0.05837079882621769 0.05289039760828022 0.1868446171283722
v 0.05668956786394123 0.05621191486716274 0.19936200976371765
v 0.05837079882621769 0.05187495797872547 0.19324597716331482
v 0.05837079882621769 0.05289039760828022 0.1868446171283722
v 0.05837079882621769 0.05187495797872547 0.19324597716331482
v 0.059444963932037395 0.04825578257441524 0.18100211024284363
v 0.059444963932037395 0.04825578257441524 0.18100211024284363
v 0.05837079882621769 0.05187495797872547 0.19324597716331482
v 0.059444963932037395 0.04755749925971035 0.1871573030948639
v 0.059444963932037395 0.04825578257441524 0.18100211024284363
v 0.059444963932037395 0.04755749925971035 0.1871573030948639
v 0.05992415919899945 0.0391613803803921 0.17531636357307434
v 0.05992415919899945 0.0391613803803921 0.17531636357307434
v 0.059444963932037395 0.04755749925971035 0.1871573030948639
v 0.05992415919899945 0.03820838406682017 0.18082383275032043
v 0.05992415919899945 0.0391613803803921 0.17531636357307434
v 0.05992415919899945 0.03820838406682017 0.18082383275032043
v 0.05824340507388119 0.03042125329375269 0.16833087801933289
v 0.05824340507388119 0.03042125329375269 0.16833087801933289
v 0.05992415919899945 0.03820838406682017 0.18082383275032043
v 0.05824340507388119 0.029556550085544607 0.17312541604042053
v 0.05824340507388119 0.03042125329375269 0.16833087801933289
v 0.05824340507388119 0.029556550085544607 0.17312541604042053
v 0.05650582909584049 0.026477565988898295 0.16200384497642517
v 0.05650582909584049 0.026477565988898295 0.16200384497642517
v 0.05824340507388119 0.029556550085544607 0.17312541604042053
v 0.05650582909584049 0.026067879050970095 0.16663965582847595
v 0.05650582909584049 0.026477565988898295 0.16200384497642517
v 0.05650582909584049 0.026067879050970095 0.16663965582847595
v 0.05413822457194332 0.022587263956666007 0.15576240420341492
v 0.05413822457194332 0.022587263956666007 0.15576240420341492
v 0.05650582909584049 0.026067879050970095 0.16663965582847595
v 0.05413822457194332 0.022626407444477095 0.16024163365364075
v 0.05413822457194332 0.022587263956666007 0.15576240420341492
v 0.05413822457194332 0.022626407444477095 0.16024163365364075
v 0.05114311352372173 0.019342085346579566 0.1581343114376068
v 0.0015107626095414173 0.09324484318494802 0.21603289246559143
v 0.0015107626095414173 0.09207741916179663 0.2251540720462799
v 0.003546169260516765 0.09325425326824194 0.21604272723197937
v 0.003546169260516765 0.09325425326824194 0.21604272723197937
v 0.0015107626095414173 0.09207741916179663 0.2251540720462799
v 0.003546169260516765 0.09208652377128607 0.22516432404518127
v 0.003546169260516765 0.09325425326824194 0.21604272723197937
v 0.003546169260516765 0.09208652377128607 0.22516432404518127
v 0.011614818125963218 0.09112130105495458 0.22406122088432312
v 0.011614818125963218 0.09112130105495458 0.22406122088432312
v 0.003546169260516765 0.09208652377128607 0.22516432404518127
v 0.011614818125963218 0.08919611573219305 0.23260751366615295
v 0.011614818125963218 0.09112130105495458 0.22406122088432312
v 0.011614818125963218 0.08919611573219305 0.23260751366615295
v 0.017384400591254245 0.08989682048559194 0.22266212105751038
v 0.017384400591254245 0.08989682048559194 0.22266212105751038
v 0.011614818125963218 0.08919611573219305 0.23260751366615295
v 0.017384400591254245 0.08803392201662069 0.23114320635795593
v 0.017384400591254245 0.08989682048559194 0.22266212105751038
v 0.017384400591254245 0.08803392201662069 0.23114320635795593
v 0.02312232926487924 0.08814418315887457 0.22065970301628113
v 0.02312232926487924 0.08814418315887457 0.22065970301628113
v 0.017384400591254245 0.08803392201662069 0.23114320635795593
v 0.02312232926487924 0.08637047559022909 0.22904697060585022
v 0.02312232926487924 0.08814418315887457 0.22065970301628113
v 0.02312232926487924 0.08637047559022909 0.22904697060585022
v 0.028731683269143125 0.0858535990118981 0.2180427610874176
v 0.028731683269143125 0.0858535990118981 0.2180427610874176
v 0.02312232926487924 0.08637047559022909 0.22904697060585022
v 0.028731683269143125 0.08419650048017507 0.22630706429481506
v 0.028731683269143125 0.0858535990118981 0.2180427610874176
v 0.028731683269143125 0.08419650048017507 0.22630706429481506
v 0.034109439700841925 0.0830370113253594 0.21482494473457336
v 0.034109439700841925 0.0830370113253594 0.21482494473457336
v 0.028731683269143125 0.08419650048017507 0.22630706429481506
v 0.034109439700841925 0.08152331411838537 0.22293785214424133
v 0.034109439700841925 0.0830370113253594 0.21482494473457336
v 0.034109439700841925 0.08152331411838537 0.22293785214424133
v 0.0391553342342377 0.07972061634063726 0.21103617548942566
v 0.0391553342342377 0.07972061634063726 0.21103617548942566
v 0.034109439700841925 0.08152331411838537 0.22293785214424133
v 0.0391553342342377 0.07837579399347311 0.21897056698799133
v 0.0391553342342377 0.07972061634063726 0.21103617548942566
v 0.0391553342342377 0.07837579399347311 0.21897056698799133
v 0.043776482343673734 0.07595291733741766 0.20673194527626038
v 0.043776482343673734 0.07595291733741766 0.20673194527626038
v 0.0391553342342377 0.07837579399347311 0.21897056698799133
v 0.043776482343673734 0.07479997724294668 0.21446332335472107
v 0.043776482343673734 0.07595291733741766 0.20673194527626038
v 0.043776482343673734 0.07479997724294668 0.21446332335472107
v 0.04789213836193088 0.0717946290969849 0.20198151469230652
v 0.04789213836193088 0.0717946290969849 0.20198151469230652
v 0.043776482343673734 0.07479997724294668 0.21446332335472107
v 0.04789213836193088 0.07085347920656208 0.2094886600971222
v 0.04789213836193088 0.0717946290969849 0.20198151469230652
v 0.04789213836193088 0.07085347920656208 0.2094886600971222
v 0.05144087597727779 0.06732267886400227 0.19687286019325256
v 0.05144087597727779 0.06732267886400227 0.19687286019325256
v 0.04789213836193088 0.07085347920656208 0.2094886600971222
v 0.05144087597727779 0.0666093081235886 0.20413866639137268
v 0.05144087597727779 0.06732267886400227 0.19687286019325256
v 0.05144087597727779 0.0666093081235886 0.20413866639137268
v 0.05437964573502544 0.06261944770812992 0.1914999783039093
v 0.05437964573502544 0.06261944770812992 0.1914999783039093
v 0.05144087597727779 0.0666093081235886 0.20413866639137268
v 0.05437964573502544 0.06214563921093945 0.19851186871528625
v 0.05437964573502544 0.06261944770812992 0.1914999783039093
v 0.05437964573502544 0.06214563921093945 0.19851186871528625
v 0.05668956786394123 0.057772774249315303 0.18596330285072327
v 0.05668956786394123 0.057772774249315303 0.18596330285072327
v 0.05437964573502544 0.06214563921093945 0.19851186871528625
v 0.05668956786394123 0.05754586309194569 0.1927134096622467
v 0.05668956786394123 0.057772774249315303 0.18596330285072327
v 0.05668956786394123 0.05754586309194569 0.1927134096622467
v 0.05837079882621769 0.05286741256713871 0.1803596317768097
v 0.05837079882621769 0.05286741256713871 0.1803596317768097
v 0.05668956786394123 0.05754586309194569 0.1927134096622467
v 0.05837079882621769 0.05289039760828022 0.1868446171283722
v 0.05837079882621769 0.05286741256713871 0.1803596317768097
v 0.05837079882621769 0.05289039760828022 0.1868446171283722
v 0.059444963932037395 0.04798401519656185 0.17478111386299133
v 0.059444963932037395 0.04798401519656185 0.17478111386299133
v 0.05837079882621769 0.05289039760828022 0.1868446171283722
v 0.059444963932037395 0.04825578257441524 0.18100211024284363
v 0.059444963932037395 0.04798401519656185 0.17478111386299133
v 0.059444963932037395 0.04825578257441524 0.18100211024284363
v 0.05992415919899945 0.039242703467607526 0.16963961720466614
v 0.05992415919899945 0.039242703467607526 0.16963961720466614
v 0.059444963932037395 0.04825578257441524 0.18100211024284363
v 0.05992415919899945 0.0391613803803921 0.17531636357307434
v 0.05992415919899945 0.039242703467607526 0.16963961720466614
v 0.05992415919899945 0.0391613803803921 0.17531636357307434
v 0.05824340507388119 0.03060278668999674 0.16324588656425476
v 0.05824340507388119 0.03060278668999674 0.16324588656425476
v 0.05992415919899945 0.0391613803803921 0.17531636357307434
v 0.05824340507388119 0.03042125329375269 0.16833087801933289
v 0.05824340507388119 0.03060278668999674 0.16324588656425476
v 0.05824340507388119 0.03042125329375269 0.16833087801933289
v 0.05650582909584049 0.02626838535070421 0.15713271498680115
v 0.05650582909584049 0.02626838535070421 0.15713271498680115
v 0.05824340507388119 0.03042125329375269 0.16833087801933289
v 0.05650582909584049 0.026477565988898295 0.16200384497642517
v 0.05650582909584049 0.02626838535070421 0.15713271498680115
v 0.05650582909584049 0.026477565988898295 0.16200384497642517
v 0.05413822457194332 0.02199264988303186 0.15110215544700623
v 0.05413822457194332 0.02199264988303186 0.15110215544700623
v 0.05650582909584049 0.026477565988898295 0.16200384497642517
v 0.05413822457194332 0.022587263956666007 0.15576240420341492
v 0.05413822457194332 0.02199264988303186 0.15110215544700623
v 0.05413822457194332 0.022587263956666007 0.15576240420341492
v 0.05114311352372173 0.018818959593772902 0.14971652626991272
v 0.05114311352372173 0.018818959593772902 0.14971652626991272
v 0.05413822457194332 0.022587263956666007 0.15576240420341492
v 0.05114311352372173 0.019342085346579566 0.1581343114376068
v 0.05114311352372173 0.018818959593772902 0.14971652626991272
v 0.05114311352372173 0.019342085346579566 0.1581343114376068
v 0.047540526837110554 0.015243181958794604 0.14397940039634705
v 0.047540526837110554 0.015243181958794604 0.14397940039634705
v 0.05114311352372173 0.019342085346579566 0.1581343114376068
v 0.047540526837110554 0.01663482002913953 0.15217670798301697
v 0.047540526837110554 0.015243181958794604 0.14397940039634705
v 0.047540526837110554 0.01663482002913953 0.15217670798301697
v 0.04337627440690997 0.011925657279789456 0.13865646719932556
v 0.04337627440690997 0.011925657279789456 0.13865646719932556
v 0.047540526837110554 0.01663482002913953 0.15217670798301697
v 0.04337627440690997 0.014123007655143746 0.14664927124977112
v 0.05668956786394123 0.0192231982946396 0.22706815600395203
v 0.05668956786394123 0.01617436483502389 0.22775766253471375
v 0.05837079882621769 0.016037845984101306 0.22193458676338196
v 0.05837079882621769 0.023973768576979654 0.2195776402950287
v 0.05668956786394123 0.0192231982946396 0.22706815600395203
v 0.05837079882621769 0.018858937546610846 0.22114458680152893
v 0.05837079882621769 0.018858937546610846 0.22114458680152893
v 0.05668956786394123 0.0192231982946396 0.22706815600395203
v 0.05837079882621769 0.016037845984101306 0.22193458676338196
v 0.05837079882621769 0.018858937546610846 0.22114458680152893
v 0.05837079882621769 0.016037845984101306 0.22193458676338196
v 0.059444963932037395 0.01590200886130334 0.21613773703575134
v 0.05437964573502544 0.016309328377246867 0.23351117968559265
v 0.05668956786394123 0.01617436483502389 0.22775766253471375
v 0.05437964573502544 0.019583122804760947 0.23292073607444763
v 0.05437964573502544 0.019583122804760947 0.23292073607444763
v 0.05668956786394123 0.01617436483502389 0.22775766253471375
v 0.05668956786394123 0.0192231982946396 0.22706815600395203
v 0.05437964573502544 0.019583122804760947 0.23292073607444763
v 0.05668956786394123 0.0192231982946396 0.22706815600395203
v 0.05668956786394123 0.024855354800820368 0.22569724917411804
v 0.05668956786394123 0.024855354800820368 0.22569724917411804
v 0.05668956786394123 0.0192231982946396 0.22706815600395203
v 0.05837079882621769 0.023973768576979654 0.2195776402950287
v 0.05668956786394123 0.024855354800820368 0.22569724917411804
v 0.05837079882621769 0.023973768576979654 0.2195776402950287
v 0.05837079882621769 0.02902130223810675 0.21802887320518494
v 0.05908707156777386 0.012499999254941949 0.21660247445106506
v 0.059444963932037395 0.01590200886130334 0.21613773703575134
v 0.058495674282312435 0.012499999254941949 0.22185125946998596
v 0.058495674282312435 0.012499999254941949 0.22185125946998596
v 0.059444963932037395 0.01590200886130334 0.21613773703575134
v 0.05837079882621769 0.016037845984101306 0.22193458676338196
v 0.058495674282312435 0.012499999254941949 0.22185125946998596
v 0.05837079882621769 0.016037845984101306 0.22193458676338196
v 0.05831553414464001 0.012499999254941949 0.222366064786911
v 0.05831553414464001 0.012499999254941949 0.222366064786911
v 0.05837079882621769 0.016037845984101306 0.22193458676338196
v 0.05668956786394123 0.01617436483502389 0.22775766253471375
v 0.05831553414464001 0.012499999254941949 0.222366064786911
v 0.05668956786394123 0.01617436483502389 0.22775766253471375
v 0.056333877146244084 0.012499999254941949 0.22802934050559998
v 0.056333877146244084 0.012499999254941949 0.22802934050559998
v 0.05668956786394123 0.01617436483502389 0.22775766253471375
v 0.05437964573502544 0.016309328377246867 0.23351117968559265
v 0.056333877146244084 0.012499999254941949 0.22802934050559998
v 0.05437964573502544 0.016309328377246867 0.23351117968559265
v 0.054305180907249485 0.012499999254941949 0.23382702469825745
v 0.05405813083052639 0.012499999254941949 0.23453304171562195
v 0.051132198423147236 0.012499999254941949 0.23918959498405457
v 0.04789213836193088 0.016565082594752322 0.24440351128578186
v 0.051132198423147236 0.012499999254941949 0.23918959498405457
v 0.05144087597727779 0.016440382227301608 0.2390945851802826
v 0.04789213836193088 0.016565082594752322 0.24440351128578186
v 0.05144087597727779 0.016440382227301608 0.2390945851802826
v 0.04789213836193088 0.020264567807316794 0.24400004744529724
v 0.04789213836193088 0.020264567807316794 0.24400004744529724
v 0.05144087597727779 0.016440382227301608 0.2390945851802826
v 0.05144087597727779 0.01993242092430593 0.23860004544258118
v 0.04789213836193088 0.020264567807316794 0.24400004744529724
v 0.05144087597727779 0.01993242092430593 0.23860004544258118
v 0.05144087597727779 0.02657167054712774 0.23761078715324402
v 0.05144087597727779 0.02657167054712774 0.23761078715324402
v 0.05144087597727779 0.01993242092430593 0.23860004544258118
v 0.05437964573502544 0.025726398453116434 0.23174354434013367
v 0.05144087597727779 0.02657167054712774 0.23761078715324402
v 0.05437964573502544 0.025726398453116434 0.23174354434013367
v 0.05437964573502544 0.031824953854084036 0.2305801808834076
v 0.05437964573502544 0.031824953854084036 0.2305801808834076
v 0.05437964573502544 0.025726398453116434 0.23174354434013367
v 0.05668956786394123 0.03043157234787943 0.22434231638908386
v 0.05437964573502544 0.031824953854084036 0.2305801808834076
v 0.05668956786394123 0.03043157234787943 0.22434231638908386
v 0.05668956786394123 0.035638853907585165 0.22270599007606506
v 0.05668956786394123 0.035638853907585165 0.22270599007606506
v 0.05668956786394123 0.03043157234787943 0.22434231638908386
v 0.05837079882621769 0.03371098637580874 0.21622279286384583
v 0.05668956786394123 0.035638853907585165 0.22270599007606506
v 0.05837079882621769 0.03371098637580874 0.21622279286384583
v 0.05837079882621769 0.038357529789209394 0.21347925066947937
v 0.03740938752889636 0.012499999254941949 0.2554098665714264
v 0.03900647163391116 0.012499999254941949 0.2538128197193146
v 0.0391553342342377 0.020853342488408103 0.2535705864429474
v 0.0391553342342377 0.020853342488408103 0.2535705864429474
v 0.03900647163391116 0.012499999254941949 0.2538128197193146
v 0.04353211075067523 0.012499999254941949 0.24928715825080872
v 0.04353211075067523 0.012499999254941949 0.24928715825080872
v 0.043776482343673734 0.016681134700775157 0.2493402063846588
v 0.0391553342342377 0.020853342488408103 0.2535705864429474
v 0.0391553342342377 0.020853342488408103 0.2535705864429474
v 0.043776482343673734 0.016681134700775157 0.2493402063846588
v 0.043776482343673734 0.020573446527123465 0.24902120232582092
v 0.0391553342342377 0.020853342488408103 0.2535705864429474
v 0.043776482343673734 0.020573446527123465 0.24902120232582092
v 0.043776482343673734 0.028122728690505045 0.24837657809257507
v 0.043776482343673734 0.028122728690505045 0.24837657809257507
v 0.043776482343673734 0.020573446527123465 0.24902120232582092
v 0.04789213836193088 0.027375383302569407 0.24318936467170715
v 0.043776482343673734 0.028122728690505045 0.24837657809257507
v 0.04789213836193088 0.027375383302569407 0.24318936467170715
v 0.04789213836193088 0.03446268662810328 0.24238863587379456
v 0.04789213836193088 0.03446268662810328 0.24238863587379456
v 0.04789213836193088 0.027375383302569407 0.24318936467170715
v 0.05144087597727779 0.033177077770233175 0.2366332709789276
v 0.04789213836193088 0.03446268662810328 0.24238863587379456
v 0.05144087597727779 0.033177077770233175 0.2366332709789276
v 0.05144087597727779 0.03939205408096316 0.23532763123512268
v 0.05144087597727779 0.03939205408096316 0.23532763123512268
v 0.05144087597727779 0.033177077770233175 0.2366332709789276
v 0.05437964573502544 0.03754364699125293 0.22911158204078674
v 0.05144087597727779 0.03939205408096316 0.23532763123512268
v 0.05437964573502544 0.03754364699125293 0.22911158204078674
v 0.05437964573502544 0.04324425756931308 0.2265460193157196
v 0.05437964573502544 0.04324425756931308 0.2265460193157196
v 0.05437964573502544 0.03754364699125293 0.22911158204078674
v 0.05668956786394123 0.040815617889165906 0.22005191445350647
v 0.05437964573502544 0.04324425756931308 0.2265460193157196
v 0.05668956786394123 0.040815617889165906 0.22005191445350647
v 0.05668956786394123 0.04576498270034793 0.21628287434577942
v 0.05668956786394123 0.04576498270034793 0.21628287434577942
v 0.05668956786394123 0.040815617889165906 0.22005191445350647
v 0.05837079882621769 0.04277788102626803 0.2097090184688568
v 0.05668956786394123 0.04576498270034793 0.21628287434577942
v 0.05837079882621769 0.04277788102626803 0.2097090184688568
v 0.05837079882621769 0.046677850186824826 0.2049550712108612
v 0.04353211075067523 0.012499999254941949 0.24928715825080872
v 0.04690988734364513 0.012499999254941949 0.24590936303138733
v 0.043776482343673734 0.016681134700775157 0.2493402063846588
v 0.043776482343673734 0.016681134700775157 0.2493402063846588
v 0.04690988734364513 0.012499999254941949 0.24590936303138733
v 0.04789213836193088 0.016565082594752322 0.24440351128578186
v 0.043776482343673734 0.016681134700775157 0.2493402063846588
v 0.04789213836193088 0.016565082594752322 0.24440351128578186
v 0.043776482343673734 0.020573446527123465 0.24902120232582092
v 0.043776482343673734 0.020573446527123465 0.24902120232582092
v 0.04789213836193088 0.016565082594752322 0.24440351128578186
v 0.04789213836193088 0.020264567807316794 0.24400004744529724
v 0.043776482343673734 0.020573446527123465 0.24902120232582092
v 0.04789213836193088 0.020264567807316794 0.24400004744529724
v 0.04789213836193088 0.027375383302569407 0.24318936467170715
v 0.04789213836193088 0.027375383302569407 0.24318936467170715
v 0.04789213836193088 0.020264567807316794 0.24400004744529724
v 0.05144087597727779 0.02657167054712774 0.23761078715324402
v 0.04789213836193088 0.027375383302569407 0.24318936467170715
v 0.05144087597727779 0.02657167054712774 0.23761078715324402
v 0.05144087597727779 0.033177077770233175 0.2366332709789276
v 0.05144087597727779 0.033177077770233175 0.2366332709789276
v 0.05144087597727779 0.02657167054712774 0.23761078715324402
v 0.05437964573502544 0.031824953854084036 0.2305801808834076
v 0.05144087597727779 0.033177077770233175 0.2366332709789276
v 0.05437964573502544 0.031824953854084036 0.2305801808834076
v 0.05437964573502544 0.03754364699125293 0.22911158204078674
v 0.05437964573502544 0.03754364699125293 0.22911158204078674
v 0.05437964573502544 0.031824953854084036 0.2305801808834076
v 0.05668956786394123 0.035638853907585165 0.22270599007606506
v 0.05437964573502544 0.03754364699125293 0.22911158204078674
v 0.05668956786394123 0.035638853907585165 0.22270599007606506
v 0.05668956786394123 0.040815617889165906 0.22005191445350647
v 0.05668956786394123 0.040815617889165906 0.22005191445350647
v 0.05668956786394123 0.035638853907585165 0.22270599007606506
v 0.05837079882621769 0.038357529789209394 0.21347925066947937
v 0.05668956786394123 0.040815617889165906 0.22005191445350647
v 0.05837079882621769 0.038357529789209394 0.21347925066947937
v 0.05837079882621769 0.04277788102626803 0.2097090184688568
v 0.051132198423147236 0.012499999254941949 0.23918959498405457
v 0.05405813083052639 0.012499999254941949 0.23453304171562195
v 0.05144087597727779 0.016440382227301608 0.2390945851802826
v 0.05144087597727779 0.016440382227301608 0.2390945851802826
v 0.05405813083052639 0.012499999254941949 0.23453304171562195
v 0.05437964573502544 0.016309328377246867 0.23351117968559265
v 0.05144087597727779 0.016440382227301608 0.2390945851802826
v 0.05437964573502544 0.016309328377246867 0.23351117968559265
v 0.05144087597727779 0.01993242092430593 0.23860004544258118
v 0.05144087597727779 0.01993242092430593 0.23860004544258118
v 0.05437964573502544 0.016309328377246867 0.23351117968559265
v 0.05437964573502544 0.019583122804760947 0.23292073607444763
v 0.05144087597727779 0.01993242092430593 0.23860004544258118
v 0.05437964573502544 0.019583122804760947 0.23292073607444763
v 0.05437964573502544 0.025726398453116434 0.23174354434013367
v 0.05437964573502544 0.025726398453116434 0.23174354434013367
v 0.05437964573502544 0.019583122804760947 0.23292073607444763
v 0.05668956786394123 0.024855354800820368 0.22569724917411804
v 0.05437964573502544 0.025726398453116434 0.23174354434013367
v 0.05668956786394123 0.024855354800820368 0.22569724917411804
v 0.05668956786394123 0.03043157234787943 0.22434231638908386
v 0.05668956786394123 0.03043157234787943 0.22434231638908386
v 0.05668956786394123 0.024855354800820368 0.22569724917411804
v 0.05837079882621769 0.02902130223810675 0.21802887320518494
v 0.05668956786394123 0.03043157234787943 0.22434231638908386
v 0.05837079882621769 0.02902130223810675 0.21802887320518494
v 0.05837079882621769 0.03371098637580874 0.21622279286384583
v 0.034109439700841925 0.07404754310846334 0.23831531405448914
v 0.028731683269143125 0.07631392031908041 0.24195030331611633
v 0.028731683269143125 0.07015206664800648 0.2485937774181366
v 0.028731683269143125 0.07015206664800648 0.2485937774181366
v 0.028731683269143125 0.07631392031908041 0.24195030331611633
v 0.02312232926487924 0.07178240269422535 0.25162437558174133
v 0.028731683269143125 0.07015206664800648 0.2485937774181366
v 0.02312232926487924 0.07178240269422535 0.25162437558174133
v 0.02312232926487924 0.06425979733467106 0.25698742270469666
v 0.02312232926487924 0.06425979733467106 0.25698742270469666
v 0.02312232926487924 0.07178240269422535 0.25162437558174133
v 0.017384400591254245 0.06532712280750279 0.2593367397785187
v 0.02312232926487924 0.06425979733467106 0.25698742270469666
v 0.017384400591254245 0.06532712280750279 0.2593367397785187
v 0.017384400591254245 0.05691142380237583 0.2630974352359772
v 0.017384400591254245 0.05691142380237583 0.2630974352359772
v 0.017384400591254245 0.06532712280750279 0.2593367397785187
v 0.011614818125963218 0.057524707168340725 0.26473864912986755
v 0.017384400591254245 0.05691142380237583 0.2630974352359772
v 0.011614818125963218 0.057524707168340725 0.26473864912986755
v 0.011614818125963218 0.04874468967318538 0.2667817175388336
v 0.028731683269143125 0.07631392031908041 0.24195030331611633
v 0.02312232926487924 0.07815720140933996 0.2449064552783966
v 0.02312232926487924 0.07178240269422535 0.25162437558174133
v 0.02312232926487924 0.07178240269422535 0.25162437558174133
v 0.02312232926487924 0.07815720140933996 0.2449064552783966
v 0.017384400591254245 0.07302996516227728 0.25394341349601746
v 0.02312232926487924 0.07178240269422535 0.25162437558174133
v 0.017384400591254245 0.07302996516227728 0.25394341349601746
v 0.017384400591254245 0.06532712280750279 0.2593367397785187
v 0.017384400591254245 0.06532712280750279 0.2593367397785187
v 0.017384400591254245 0.07302996516227728 0.25394341349601746
v 0.011614818125963218 0.0660728216171265 0.2609783113002777
v 0.017384400591254245 0.06532712280750279 0.2593367397785187
v 0.011614818125963218 0.0660728216171265 0.2609783113002777
v 0.011614818125963218 0.057524707168340725 0.26473864912986755
v 0.011614818125963218 0.057524707168340725 0.26473864912986755
v 0.011614818125963218 0.0660728216171265 0.2609783113002777
v 0.003546169260516765 0.06666068732738499 0.2622726857662201
v -0.00299041345715523 0.05353071913123134 0.2671412527561188
v 0.0015107626095414173 0.05356621369719509 0.2672453224658966
v -0.00299041345715523 0.057963725179433864 0.2659160792827606
v -0.00299041345715523 0.057963725179433864 0.2659160792827606
v 0.0015107626095414173 0.05356621369719509 0.2672453224658966
v 0.0015107626095414173 0.05800326541066174 0.26602068543434143
v -0.00299041345715523 0.057963725179433864 0.2659160792827606
v 0.0015107626095414173 0.05800326541066174 0.26602068543434143
v -0.00299041345715523 0.06234380975365643 0.2642531096935272
v -0.00299041345715523 0.06234380975365643 0.2642531096935272
v 0.0015107626095414173 0.05800326541066174 0.26602068543434143
v 0.0015107626095414173 0.062387418001890224 0.26435789465904236
v -0.00299041345715523 0.06234380975365643 0.2642531096935272
v 0.0015107626095414173 0.062387418001890224 0.26435789465904236
v -0.00299041345715523 0.06660748273134236 0.2621561586856842
v 0.011614818125963218 0.04874468967318538 0.2667817175388336
v 0.011614818125963218 0.057524707168340725 0.26473864912986755
v 0.003546169260516765 0.05800794437527661 0.2660326659679413
v 0.003546169260516765 0.05800794437527661 0.2660326659679413
v 0.011614818125963218 0.057524707168340725 0.26473864912986755
v 0.003546169260516765 0.06666068732738499 0.2622726857662201
v 0.003546169260516765 0.05800794437527661 0.2660326659679413
v 0.003546169260516765 0.06666068732738499 0.2622726857662201
v 0.0015107626095414173 0.06665516644716267 0.262260764837265
v 0.0015107626095414173 0.06665516644716267 0.262260764837265
v 0.003546169260516765 0.06666068732738499 0.2622726857662201
v 0.0015107626095414173 0.07074053585529332 0.25974175333976746
v 0.0015107626095414173 0.06665516644716267 0.262260764837265
v 0.0015107626095414173 0.07074053585529332 0.25974175333976746
v -0.00299041345715523 0.07068889588117604 0.2596376836299896
v 0.05144087597727779 0.06140469387173657 0.21803560853004456
v 0.04789213836193088 0.06500238180160527 0.2238067090511322
v 0.04789213836193088 0.06014666706323628 0.22999396920204163
v 0.04789213836193088 0.06014666706323628 0.22999396920204163
v 0.04789213836193088 0.06500238180160527 0.2238067090511322
v 0.043776482343673734 0.06310589611530308 0.2354951798915863
v 0.04789213836193088 0.06014666706323628 0.22999396920204163
v 0.043776482343673734 0.06310589611530308 0.2354951798915863
v 0.043776482343673734 0.05683578550815586 0.2406475841999054
v 0.043776482343673734 0.05683578550815586 0.2406475841999054
v 0.043776482343673734 0.06310589611530308 0.2354951798915863
v 0.0391553342342377 0.059130147099494976 0.2456972301006317
v 0.043776482343673734 0.05683578550815586 0.2406475841999054
v 0.0391553342342377 0.059130147099494976 0.2456972301006317
v 0.0391553342342377 0.051813151687383686 0.24946066737174988
v 0.0391553342342377 0.051813151687383686 0.24946066737174988
v 0.0391553342342377 0.059130147099494976 0.2456972301006317
v 0.034109439700841925 0.05347478017210964 0.2539046108722687
v 0.0391553342342377 0.051813151687383686 0.24946066737174988
v 0.034109439700841925 0.05347478017210964 0.2539046108722687
v 0.034109439700841925 0.04556778445839885 0.256096750497818
v 0.034109439700841925 0.04556778445839885 0.256096750497818
v 0.034109439700841925 0.05347478017210964 0.2539046108722687
v 0.028731683269143125 0.04667466878890994 0.259819358587265
v 0.034109439700841925 0.04556778445839885 0.256096750497818
v 0.028731683269143125 0.04667466878890994 0.259819358587265
v 0.028731683269143125 0.038504183292388944 0.26048120856285095
v 0.028731683269143125 0.038504183292388944 0.26048120856285095
v 0.028731683269143125 0.04667466878890994 0.259819358587265
v 0.02312232926487924 0.03916257992386821 0.26342859864234924
v 0.028731683269143125 0.038504183292388944 0.26048120856285095
v 0.02312232926487924 0.03916257992386821 0.26342859864234924
v 0.02312232926487924 0.030313871800899526 0.2635832130908966
v 0.02312232926487924 0.030313871800899526 0.2635832130908966
v 0.02312232926487924 0.03916257992386821 0.26342859864234924
v 0.017384400591254245 0.030628900974988958 0.2657689154148102
v 0.043776482343673734 0.068347841501236 0.22917303442955017
v 0.0391553342342377 0.07137917727231984 0.23403534293174744
v 0.0391553342342377 0.06578722596168522 0.2404797375202179
v 0.0391553342342377 0.06578722596168522 0.2404797375202179
v 0.0391553342342377 0.07137917727231984 0.23403534293174744
v 0.034109439700841925 0.06814745813608174 0.24486729502677917
v 0.0391553342342377 0.06578722596168522 0.2404797375202179
v 0.034109439700841925 0.06814745813608174 0.24486729502677917
v 0.034109439700841925 0.06114969775080685 0.25014206767082214
v 0.034109439700841925 0.06114969775080685 0.25014206767082214
v 0.034109439700841925 0.06814745813608174 0.24486729502677917
v 0.028731683269143125 0.06286490708589558 0.2539171874523163
v 0.034109439700841925 0.06114969775080685 0.25014206767082214
v 0.028731683269143125 0.06286490708589558 0.2539171874523163
v 0.028731683269143125 0.05488592758774761 0.2576790153980255
v 0.028731683269143125 0.05488592758774761 0.2576790153980255
v 0.028731683269143125 0.06286490708589558 0.2539171874523163
v 0.02312232926487924 0.05603346601128582 0.26074859499931335
v 0.028731683269143125 0.05488592758774761 0.2576790153980255
v 0.02312232926487924 0.05603346601128582 0.26074859499931335
v 0.02312232926487924 0.0475748144090176 0.26284679770469666
v 0.02312232926487924 0.0475748144090176 0.26284679770469666
v 0.02312232926487924 0.05603346601128582 0.26074859499931335
v 0.017384400591254245 0.04826353862881664 0.26516327261924744
v 0.02312232926487924 0.0475748144090176 0.26284679770469666
v 0.017384400591254245 0.04826353862881664 0.26516327261924744
v 0.017384400591254245 0.03966631367802623 0.2656836211681366
v 0.017384400591254245 0.03966631367802623 0.2656836211681366
v 0.017384400591254245 0.04826353862881664 0.26516327261924744
v 0.011614818125963218 0.04001820087432864 0.26725879311561584
v 0.017384400591254245 0.03966631367802623 0.2656836211681366
v 0.011614818125963218 0.04001820087432864 0.26725879311561584
v 0.011614818125963218 0.03084900975227358 0.2672957479953766
v 0.026033025234937685 0.012499999254941949 0.26255813241004944
v 0.02859198302030565 0.012499999254941949 0.2609502375125885
v 0.028731683269143125 0.02130905352532865 0.26097574830055237
v 0.028731683269143125 0.02130905352532865 0.26097574830055237
v 0.02859198302030565 0.012499999254941949 0.2609502375125885
v 0.034109439700841925 0.021099746227264418 0.25757500529289246
v 0.028731683269143125 0.02130905352532865 0.26097574830055237
v 0.034109439700841925 0.021099746227264418 0.25757500529289246
v 0.034109439700841925 0.02939593791961672 0.25721314549446106
v 0.034109439700841925 0.02939593791961672 0.25721314549446106
v 0.034109439700841925 0.021099746227264418 0.25757500529289246
v 0.0391553342342377 0.028799884021282217 0.2530764043331146
v 0.034109439700841925 0.02939593791961672 0.25721314549446106
v 0.0391553342342377 0.028799884021282217 0.2530764043331146
v 0.0391553342342377 0.036741208285093335 0.2525889575481415
v 0.0391553342342377 0.036741208285093335 0.2525889575481415
v 0.0391553342342377 0.028799884021282217 0.2530764043331146
v 0.043776482343673734 0.03565810248255732 0.24774017930030823
v 0.0391553342342377 0.036741208285093335 0.2525889575481415
v 0.043776482343673734 0.03565810248255732 0.24774017930030823
v 0.043776482343673734 0.0427837669849396 0.2467338740825653
v 0.043776482343673734 0.0427837669849396 0.2467338740825653
v 0.043776482343673734 0.03565810248255732 0.24774017930030823
v 0.04789213836193088 0.04114955291152003 0.24123802781105042
v 0.043776482343673734 0.0427837669849396 0.2467338740825653
v 0.04789213836193088 0.04114955291152003 0.24123802781105042
v 0.04789213836193088 0.04784176871180538 0.23884007334709167
v 0.04789213836193088 0.04784176871180538 0.23884007334709167
v 0.04789213836193088 0.04114955291152003 0.24123802781105042
v 0.05144087597727779 0.04560098052024844 0.23284795880317688
v 0.04789213836193088 0.04784176871180538 0.23884007334709167
v 0.05144087597727779 0.04560098052024844 0.23284795880317688
v 0.05144087597727779 0.05158038064837459 0.22908136248588562
v 0.05144087597727779 0.05158038064837459 0.22908136248588562
v 0.05144087597727779 0.04560098052024844 0.23284795880317688
v 0.05437964573502544 0.04871635138988498 0.22277817130088806
v 0.05144087597727779 0.05158038064837459 0.22908136248588562
v 0.05437964573502544 0.04871635138988498 0.22277817130088806
v 0.05437964573502544 0.053617395460605656 0.21785596013069153
v 0.05437964573502544 0.053617395460605656 0.21785596013069153
v 0.05437964573502544 0.04871635138988498 0.22277817130088806
v 0.05668956786394123 0.05016848072409633 0.21144428849220276
v 0.05437964573502544 0.053617395460605656 0.21785596013069153
v 0.05668956786394123 0.05016848072409633 0.21144428849220276
v 0.05668956786394123 0.053722102195024525 0.2057115137577057
v 0.05668956786394123 0.053722102195024525 0.2057115137577057
v 0.05668956786394123 0.05016848072409633 0.21144428849220276
v 0.05837079882621769 0.049776036292314564 0.1993812620639801
v 0.017277969047427188 0.012499999254941949 0.2656216323375702
v 0.023032274097204222 0.012499999254941949 0.2636081278324127
v 0.02312232926487924 0.021479314193129553 0.2637413442134857
v 0.013351256027817735 0.012499999254941949 0.26699569821357727
v 0.017277969047427188 0.012499999254941949 0.2656216323375702
v 0.017384400591254245 0.030628900974988958 0.2657689154148102
v 0.017384400591254245 0.030628900974988958 0.2657689154148102
v 0.017277969047427188 0.012499999254941949 0.2656216323375702
v 0.02312232926487924 0.021479314193129553 0.2637413442134857
v 0.017384400591254245 0.030628900974988958 0.2657689154148102
v 0.02312232926487924 0.021479314193129553 0.2637413442134857
v 0.02312232926487924 0.030313871800899526 0.2635832130908966
v 0.02312232926487924 0.030313871800899526 0.2635832130908966
v 0.02312232926487924 0.021479314193129553 0.2637413442134857
v 0.028731683269143125 0.029902171343565008 0.26072630286216736
v 0.02312232926487924 0.030313871800899526 0.2635832130908966
v 0.028731683269143125 0.029902171343565008 0.26072630286216736
v 0.028731683269143125 0.038504183292388944 0.26048120856285095
v 0.028731683269143125 0.038504183292388944 0.26048120856285095
v 0.028731683269143125 0.029902171343565008 0.26072630286216736
v 0.034109439700841925 0.037694547325372724 0.256856769323349
v 0.028731683269143125 0.038504183292388944 0.26048120856285095
v 0.034109439700841925 0.037694547325372724 0.256856769323349
v 0.034109439700841925 0.04556778445839885 0.256096750497818
v 0.034109439700841925 0.04556778445839885 0.256096750497818
v 0.034109439700841925 0.037694547325372724 0.256856769323349
v 0.0391553342342377 0.04426446557044986 0.2517135441303253
v 0.034109439700841925 0.04556778445839885 0.256096750497818
v 0.0391553342342377 0.04426446557044986 0.2517135441303253
v 0.0391553342342377 0.051813151687383686 0.24946066737174988
v 0.0391553342342377 0.051813151687383686 0.24946066737174988
v 0.0391553342342377 0.04426446557044986 0.2517135441303253
v 0.043776482343673734 0.04992534220218662 0.24441203474998474
v 0.0391553342342377 0.051813151687383686 0.24946066737174988
v 0.043776482343673734 0.04992534220218662 0.24441203474998474
v 0.043776482343673734 0.05683578550815586 0.2406475841999054
v 0.043776482343673734 0.05683578550815586 0.2406475841999054
v 0.043776482343673734 0.04992534220218662 0.24441203474998474
v 0.04789213836193088 0.054303582757711445 0.23507460951805115
v 0.043776482343673734 0.05683578550815586 0.2406475841999054
v 0.04789213836193088 0.054303582757711445 0.23507460951805115
v 0.04789213836193088 0.06014666706323628 0.22999396920204163
v 0.04789213836193088 0.06014666706323628 0.22999396920204163
v 0.04789213836193088 0.054303582757711445 0.23507460951805115
v 0.05144087597727779 0.0569642968475819 0.22407791018486023
v 0.04789213836193088 0.06014666706323628 0.22999396920204163
v 0.05144087597727779 0.0569642968475819 0.22407791018486023
v 0.05144087597727779 0.06140469387173657 0.21803560853004456
v 0.05144087597727779 0.06140469387173657 0.21803560853004456
v 0.05144087597727779 0.0569642968475819 0.22407791018486023
v 0.05437964573502544 0.05762104690074925 0.2119661271572113
v 0.026033025234937685 0.012499999254941949 0.26255813241004944
v 0.02312232926487924 0.021479314193129553 0.2637413442134857
v 0.026033025234937685 0.012499999254941949 0.26255813241004944
v 0.028731683269143125 0.02130905352532865 0.26097574830055237
v 0.02312232926487924 0.021479314193129553 0.2637413442134857
v 0.028731683269143125 0.02130905352532865 0.26097574830055237
v 0.028731683269143125 0.029902171343565008 0.26072630286216736
v 0.028731683269143125 0.029902171343565008 0.26072630286216736
v 0.028731683269143125 0.02130905352532865 0.26097574830055237
v 0.034109439700841925 0.02939593791961672 0.25721314549446106
v 0.028731683269143125 0.029902171343565008 0.26072630286216736
v 0.034109439700841925 0.02939593791961672 0.25721314549446106
v 0.034109439700841925 0.037694547325372724 0.256856769323349
v 0.034109439700841925 0.037694547325372724 0.256856769323349
v 0.034109439700841925 0.02939593791961672 0.25721314549446106
v 0.0391553342342377 0.036741208285093335 0.2525889575481415
v 0.034109439700841925 0.037694547325372724 0.256856769323349
v 0.0391553342342377 0.036741208285093335 0.2525889575481415
v 0.0391553342342377 0.04426446557044986 0.2517135441303253
v 0.0391553342342377 0.04426446557044986 0.2517135441303253
v 0.0391553342342377 0.036741208285093335 0.2525889575481415
v 0.043776482343673734 0.0427837669849396 0.2467338740825653
v 0.0391553342342377 0.04426446557044986 0.2517135441303253
v 0.043776482343673734 0.0427837669849396 0.2467338740825653
v 0.043776482343673734 0.04992534220218662 0.24441203474998474
v 0.043776482343673734 0.04992534220218662 0.24441203474998474
v 0.043776482343673734 0.0427837669849396 0.2467338740825653
v 0.04789213836193088 0.04784176871180538 0.23884007334709167
v 0.043776482343673734 0.04992534220218662 0.24441203474998474
v 0.04789213836193088 0.04784176871180538 0.23884007334709167
v 0.04789213836193088 0.054303582757711445 0.23507460951805115
v 0.04789213836193088 0.054303582757711445 0.23507460951805115
v 0.04789213836193088 0.04784176871180538 0.23884007334709167
v 0.05144087597727779 0.05158038064837459 0.22908136248588562
v 0.04789213836193088 0.054303582757711445 0.23507460951805115
v 0.05144087597727779 0.05158038064837459 0.22908136248588562
v 0.05144087597727779 0.0569642968475819 0.22407791018486023
v 0.05144087597727779 0.0569642968475819 0.22407791018486023
v 0.05144087597727779 0.05158038064837459 0.22908136248588562
v 0.05437964573502544 0.053617395460605656 0.21785596013069153
v 0.05144087597727779 0.0569642968475819 0.22407791018486023
v 0.05437964573502544 0.053617395460605656 0.21785596013069153
v 0.05437964573502544 0.05762104690074925 0.2119661271572113
v 0.05437964573502544 0.05762104690074925 0.2119661271572113
v 0.05437964573502544 0.053617395460605656 0.21785596013069153
v 0.05668956786394123 0.053722102195024525 0.2057115137577057
v 0.003546169260516765 0.04912390932440761 0.26805755496025085
v 0.0015107626095414173 0.049120295792818104 0.268045574426651
v 0.0015107626095414173 0.04029280692338946 0.26848796010017395
v 0.0015107626095414173 0.04029280692338946 0.26848796010017395
v 0.0015107626095414173 0.049120295792818104 0.268045574426651
v -0.00299041345715523 0.04027014598250392 0.2683863937854767
v 0.0015107626095414173 0.04029280692338946 0.26848796010017395
v -0.00299041345715523 0.04027014598250392 0.2683863937854767
v -0.00299041345715523 0.0310068801045418 0.2683887183666229
v 1.0203845264825489e-17 0.012499999254941949 0.2685000002384186
v 0.0035018171183764956 0.012499999254941949 0.2681054174900055
v 0.003546169260516765 0.03102254495024683 0.26849880814552307
v 0.003546169260516765 0.03102254495024683 0.26849880814552307
v 0.0035018171183764956 0.012499999254941949 0.2681054174900055
v 0.011614818125963218 0.03084900975227358 0.2672957479953766
v 0.003546169260516765 0.03102254495024683 0.26849880814552307
v 0.011614818125963218 0.03084900975227358 0.2672957479953766
v 0.003546169260516765 0.04029548168182376 0.2684999406337738
v 0.003546169260516765 0.04029548168182376 0.2684999406337738
v 0.011614818125963218 0.03084900975227358 0.2672957479953766
v 0.011614818125963218 0.04001820087432864 0.26725879311561584
v 0.013351256027817735 0.012499999254941949 0.26699569821357727
v 0.011614818125963218 0.03084900975227358 0.2672957479953766
v 0.013351256027817735 0.012499999254941949 0.26699569821357727
v 0.017384400591254245 0.030628900974988958 0.2657689154148102
v 0.011614818125963218 0.03084900975227358 0.2672957479953766
v 0.017384400591254245 0.030628900974988958 0.2657689154148102
v 0.017384400591254245 0.03966631367802623 0.2656836211681366
v 0.017384400591254245 0.03966631367802623 0.2656836211681366
v 0.017384400591254245 0.030628900974988958 0.2657689154148102
v 0.02312232926487924 0.03916257992386821 0.26342859864234924
v 0.017384400591254245 0.03966631367802623 0.2656836211681366
v 0.02312232926487924 0.03916257992386821 0.26342859864234924
v 0.02312232926487924 0.0475748144090176 0.26284679770469666
v 0.02312232926487924 0.0475748144090176 0.26284679770469666
v 0.02312232926487924 0.03916257992386821 0.26342859864234924
v 0.028731683269143125 0.04667466878890994 0.259819358587265
v 0.02312232926487924 0.0475748144090176 0.26284679770469666
v 0.028731683269143125 0.04667466878890994 0.259819358587265
v 0.028731683269143125 0.05488592758774761 0.2576790153980255
v 0.028731683269143125 0.05488592758774761 0.2576790153980255
v 0.028731683269143125 0.04667466878890994 0.259819358587265
v 0.034109439700841925 0.05347478017210964 0.2539046108722687
v 0.028731683269143125 0.05488592758774761 0.2576790153980255
v 0.034109439700841925 0.05347478017210964 0.2539046108722687
v 0.034109439700841925 0.06114969775080685 0.25014206767082214
v 0.034109439700841925 0.06114969775080685 0.25014206767082214
v 0.034109439700841925 0.05347478017210964 0.2539046108722687
v 0.0391553342342377 0.059130147099494976 0.2456972301006317
v 0.034109439700841925 0.06114969775080685 0.25014206767082214
v 0.0391553342342377 0.059130147099494976 0.2456972301006317
v 0.0391553342342377 0.06578722596168522 0.2404797375202179
v 0.0391553342342377 0.06578722596168522 0.2404797375202179
v 0.0391553342342377 0.059130147099494976 0.2456972301006317
v 0.043776482343673734 0.06310589611530308 0.2354951798915863
v 0.0391553342342377 0.06578722596168522 0.2404797375202179
v 0.043776482343673734 0.06310589611530308 0.2354951798915863
v 0.043776482343673734 0.068347841501236 0.22917303442955017
v 0.043776482343673734 0.068347841501236 0.22917303442955017
v 0.043776482343673734 0.06310589611530308 0.2354951798915863
v 0.04789213836193088 0.06500238180160527 0.2238067090511322
v 0.03740938752889636 0.012499999254941949 0.2554098665714264
v 0.034109439700841925 0.021099746227264418 0.25757500529289246
v 0.03740938752889636 0.012499999254941949 0.2554098665714264
v 0.0391553342342377 0.020853342488408103 0.2535705864429474
v 0.034109439700841925 0.021099746227264418 0.25757500529289246
v 0.0391553342342377 0.020853342488408103 0.2535705864429474
v 0.0391553342342377 0.028799884021282217 0.2530764043331146
v 0.0391553342342377 0.028799884021282217 0.2530764043331146
v 0.0391553342342377 0.020853342488408103 0.2535705864429474
v 0.043776482343673734 0.028122728690505045 0.24837657809257507
v 0.0391553342342377 0.028799884021282217 0.2530764043331146
v 0.043776482343673734 0.028122728690505045 0.24837657809257507
v 0.043776482343673734 0.03565810248255732 0.24774017930030823
v 0.043776482343673734 0.03565810248255732 0.24774017930030823
v 0.043776482343673734 0.028122728690505045 0.24837657809257507
v 0.04789213836193088 0.03446268662810328 0.24238863587379456
v 0.043776482343673734 0.03565810248255732 0.24774017930030823
v 0.04789213836193088 0.03446268662810328 0.24238863587379456
v 0.04789213836193088 0.04114955291152003 0.24123802781105042
v 0.04789213836193088 0.04114955291152003 0.24123802781105042
v 0.04789213836193088 0.03446268662810328 0.24238863587379456
v 0.05144087597727779 0.03939205408096316 0.23532763123512268
v 0.04789213836193088 0.04114955291152003 0.24123802781105042
v 0.05144087597727779 0.03939205408096316 0.23532763123512268
v 0.05144087597727779 0.04560098052024844 0.23284795880317688
v 0.05144087597727779 0.04560098052024844 0.23284795880317688
v 0.05144087597727779 0.03939205408096316 0.23532763123512268
v 0.05437964573502544 0.04324425756931308 0.2265460193157196
v 0.05144087597727779 0.04560098052024844 0.23284795880317688
v 0.05437964573502544 0.04324425756931308 0.2265460193157196
v 0.05437964573502544 0.04871635138988498 0.22277817130088806
v 0.05437964573502544 0.04871635138988498 0.22277817130088806
v 0.05437964573502544 0.04324425756931308 0.2265460193157196
v 0.05668956786394123 0.04576498270034793 0.21628287434577942
v 0.05437964573502544 0.04871635138988498 0.22277817130088806
v 0.05668956786394123 0.04576498270034793 0.21628287434577942
v 0.05668956786394123 0.05016848072409633 0.21144428849220276
v 0.05668956786394123 0.05016848072409633 0.21144428849220276
v 0.05668956786394123 0.04576498270034793 0.21628287434577942
v 0.05837079882621769 0.046677850186824826 0.2049550712108612
v 0.05668956786394123 0.05016848072409633 0.21144428849220276
v 0.05837079882621769 0.046677850186824826 0.2049550712108612
v 0.05837079882621769 0.049776036292314564 0.1993812620639801
v 0.05837079882621769 0.049776036292314564 0.1993812620639801
v 0.05837079882621769 0.046677850186824826 0.2049550712108612
v 0.059444963932037395 0.04584771767258647 0.19307932257652283
v 0.0015107626095414173 0.08132400363683706 0.2499832808971405
v 0.0015107626095414173 0.08413890004158026 0.24615320563316345
v -0.00299041345715523 0.08407324552536016 0.24605372548103333
v -0.00299041345715523 0.08407324552536016 0.24605372548103333
v 0.0015107626095414173 0.08413890004158026 0.24615320563316345
v -0.00299041345715523 0.0864784866571427 0.24203452467918396
v -0.00299041345715523 0.08407324552536016 0.24605372548103333
v -0.00299041345715523 0.0864784866571427 0.24203452467918396
v -0.0073463190346956305 0.08626189082860952 0.24172815680503845
v 0.059444963932037395 0.04584771767258647 0.19307932257652283
v 0.05837079882621769 0.046677850186824826 0.2049550712108612
v 0.059444963932037395 0.043202895671129254 0.19849494099617004
v 0.059444963932037395 0.043202895671129254 0.19849494099617004
v 0.05837079882621769 0.046677850186824826 0.2049550712108612
v 0.05837079882621769 0.04277788102626803 0.2097090184688568
v 0.059444963932037395 0.043202895671129254 0.19849494099617004
v 0.05837079882621769 0.04277788102626803 0.2097090184688568
v 0.059444963932037395 0.03980416059494021 0.20316466689109802
v 0.059444963932037395 0.03980416059494021 0.20316466689109802
v 0.05837079882621769 0.04277788102626803 0.2097090184688568
v 0.05837079882621769 0.038357529789209394 0.21347925066947937
v 0.059444963932037395 0.03980416059494021 0.20316466689109802
v 0.05837079882621769 0.038357529789209394 0.21347925066947937
v 0.059444963932037395 0.03591041639447214 0.2069360911846161
v 0.059444963932037395 0.03591041639447214 0.2069360911846161
v 0.05837079882621769 0.038357529789209394 0.21347925066947937
v 0.05837079882621769 0.03371098637580874 0.21622279286384583
v 0.059444963932037395 0.03591041639447214 0.2069360911846161
v 0.05837079882621769 0.03371098637580874 0.21622279286384583
v 0.059444963932037395 0.03179174289107325 0.20976868271827698
v 0.059444963932037395 0.03179174289107325 0.20976868271827698
v 0.05837079882621769 0.03371098637580874 0.21622279286384583
v 0.05837079882621769 0.02902130223810675 0.21802887320518494
v 0.059444963932037395 0.03179174289107325 0.20976868271827698
v 0.05837079882621769 0.02902130223810675 0.21802887320518494
v 0.059444963932037395 0.027617329731583613 0.21174356341362
v 0.059444963932037395 0.027617329731583613 0.21174356341362
v 0.05837079882621769 0.02902130223810675 0.21802887320518494
v 0.05837079882621769 0.023973768576979654 0.2195776402950287
v 0.059444963932037395 0.027617329731583613 0.21174356341362
v 0.05837079882621769 0.023973768576979654 0.2195776402950287
v 0.059444963932037395 0.023096134886145606 0.21348533034324646
v 0.059444963932037395 0.023096134886145606 0.21348533034324646
v 0.05837079882621769 0.023973768576979654 0.2195776402950287
v 0.05837079882621769 0.018858937546610846 0.22114458680152893
v 0.059444963932037395 0.023096134886145606 0.21348533034324646
v 0.05837079882621769 0.018858937546610846 0.22114458680152893
v 0.059444963932037395 0.01849632896482946 0.21524754166603088
v 0.059444963932037395 0.01849632896482946 0.21524754166603088
v 0.05837079882621769 0.018858937546610846 0.22114458680152893
v 0.059444963932037395 0.01590200886130334 0.21613773703575134
v 0.059444963932037395 0.01849632896482946 0.21524754166603088
v 0.059444963932037395 0.01590200886130334 0.21613773703575134
v 0.05992415919899945 0.015638038516044627 0.20486459136009216
v 0.05992415919899945 0.015638038516044627 0.20486459136009216
v 0.059444963932037395 0.01590200886130334 0.21613773703575134
v 0.05908707156777386 0.012499999254941949 0.21660247445106506
v 0.05992415919899945 0.015638038516044627 0.20486459136009216
v 0.05908707156777386 0.012499999254941949 0.21660247445106506
v 0.059999998658895534 0.012499999254941949 0.2084999978542328
v -0.011821994557976731 0.09173991531133657 0.18736836314201355
v -0.011821994557976731 0.09024876356124883 0.1782306730747223
v -0.017091557383537303 0.09041544795036321 0.1863480508327484
v -0.017091557383537303 0.09041544795036321 0.1863480508327484
v -0.011821994557976731 0.09024876356124883 0.1782306730747223
v -0.017091557383537303 0.088899776339531 0.1772896945476532
v -0.017091557383537303 0.09041544795036321 0.1863480508327484
v -0.017091557383537303 0.088899776339531 0.1772896945476532
v -0.02277721837162973 0.08845027536153799 0.18483421206474304
v -0.02277721837162973 0.08845027536153799 0.18483421206474304
v -0.017091557383537303 0.088899776339531 0.1772896945476532
v -0.02277721837162973 0.08689812570810324 0.175893634557724
v -0.02277721837162973 0.08845027536153799 0.18483421206474304
v -0.02277721837162973 0.08689812570810324 0.175893634557724
v -0.028397269546985644 0.08586380630731588 0.18284186720848083
v -0.028397269546985644 0.08586380630731588 0.18284186720848083
v -0.02277721837162973 0.08689812570810324 0.175893634557724
v -0.028397269546985644 0.08426355570554739 0.17405620217323303
v -0.028397269546985644 0.08586380630731588 0.18284186720848083
v -0.028397269546985644 0.08426355570554739 0.17405620217323303
v -0.033792003989219686 0.08267351239919668 0.18038442730903625
v -0.033792003989219686 0.08267351239919668 0.18038442730903625
v -0.028397269546985644 0.08426355570554739 0.17405620217323303
v -0.033792003989219686 0.0810138732194901 0.17178979516029358
v -0.033792003989219686 0.08267351239919668 0.18038442730903625
v -0.033792003989219686 0.0810138732194901 0.17178979516029358
v -0.03886068984866145 0.07890774309635168 0.17748382687568665
v -0.03886068984866145 0.07890774309635168 0.17748382687568665
v -0.033792003989219686 0.0810138732194901 0.17178979516029358
v -0.03886068984866145 0.07717794924974447 0.16911467909812927
v -0.03886068984866145 0.07890774309635168 0.17748382687568665
v -0.03886068984866145 0.07717794924974447 0.16911467909812927
v -0.0435101427137852 0.07462121546268469 0.17418208718299866
v -0.0435101427137852 0.07462121546268469 0.17418208718299866
v -0.03886068984866145 0.07717794924974447 0.16911467909812927
v -0.0435101427137852 0.07281151413917546 0.16606959700584412
v -0.0435101427137852 0.07462121546268469 0.17418208718299866
v -0.0435101427137852 0.07281151413917546 0.16606959700584412
v -0.04765824973583225 0.0679840445518494 0.16270312666893005
v -0.011821994557976731 0.0927522704005242 0.20583143830299377
v -0.011821994557976731 0.0925771594047547 0.19659188389778137
v -0.017091557383537303 0.09150012582540518 0.20465543866157532
v -0.017091557383537303 0.09150012582540518 0.20465543866157532
v -0.011821994557976731 0.0925771594047547 0.19659188389778137
v -0.017091557383537303 0.09128558635711675 0.19549259543418884
v -0.017091557383537303 0.09150012582540518 0.20465543866157532
v -0.017091557383537303 0.09128558635711675 0.19549259543418884
v -0.02277721837162973 0.08964201062917715 0.20291051268577576
v -0.02277721837162973 0.08964201062917715 0.20291051268577576
v -0.017091557383537303 0.09128558635711675 0.19549259543418884
v -0.02277721837162973 0.08936911821365362 0.19386163353919983
v -0.02277721837162973 0.08964201062917715 0.20291051268577576
v -0.02277721837162973 0.08936911821365362 0.19386163353919983
v -0.028397269546985644 0.08719624578952795 0.20061400532722473
v -0.028397269546985644 0.08719624578952795 0.20061400532722473
v -0.02277721837162973 0.08936911821365362 0.19386163353919983
v -0.028397269546985644 0.08684664219617849 0.19171515107154846
v -0.028397269546985644 0.08719624578952795 0.20061400532722473
v -0.028397269546985644 0.08684664219617849 0.19171515107154846
v -0.033792003989219686 0.08417933434247976 0.19778135418891907
v -0.033792003989219686 0.08417933434247976 0.19778135418891907
v -0.028397269546985644 0.08684664219617849 0.19171515107154846
v -0.033792003989219686 0.08373521268367773 0.18906757235527039
v -0.033792003989219686 0.08417933434247976 0.19778135418891907
v -0.033792003989219686 0.08373521268367773 0.18906757235527039
v -0.03886068984866145 0.08061808347702032 0.19443777203559875
v -0.03886068984866145 0.08061808347702032 0.19443777203559875
v -0.033792003989219686 0.08373521268367773 0.18906757235527039
v -0.03886068984866145 0.08006246387958532 0.18594244122505188
v -0.03886068984866145 0.08061808347702032 0.19443777203559875
v -0.03886068984866145 0.08006246387958532 0.18594244122505188
v -0.0435101427137852 0.07656422257423406 0.19063183665275574
v -0.0435101427137852 0.07656422257423406 0.19063183665275574
v -0.03886068984866145 0.08006246387958532 0.18594244122505188
v -0.0435101427137852 0.07588176429271704 0.18238523602485657
v -0.0435101427137852 0.07656422257423406 0.19063183665275574
v -0.0435101427137852 0.07588176429271704 0.18238523602485657
v -0.04765824973583225 0.07125963270664219 0.17845246195793152
v 0.0336328372359276 -0.017514748498797427 0.10308722406625748
v 0.0336328372359276 -0.010603889822959907 0.10881123691797256
v 0.028229752555489557 -0.020746061578392996 0.10083369165658951
v 0.028229752555489557 -0.020746061578392996 0.10083369165658951
v 0.0336328372359276 -0.010603889822959907 0.10881123691797256
v 0.028229752555489557 -0.013697733171284207 0.10617861896753311
v 0.028229752555489557 -0.020746061578392996 0.10083369165658951
v 0.028229752555489557 -0.013697733171284207 0.10617861896753311
v 0.022604495286941542 -0.023361718282103552 0.0990094318985939
v 0.022604495286941542 -0.023361718282103552 0.0990094318985939
v 0.028229752555489557 -0.013697733171284207 0.10617861896753311
v 0.022604495286941542 -0.01620209962129594 0.1040475144982338
v 0.022604495286941542 -0.023361718282103552 0.0990094318985939
v 0.022604495286941542 -0.01620209962129594 0.1040475144982338
v 0.016859784722328196 -0.025349235162138956 0.09762320667505264
v 0.016859784722328196 -0.025349235162138956 0.09762320667505264
v 0.022604495286941542 -0.01620209962129594 0.1040475144982338
v 0.016859784722328196 -0.01810504123568536 0.10242805629968643
v 0.016859784722328196 -0.025349235162138956 0.09762320667505264
v 0.016859784722328196 -0.01810504123568536 0.10242805629968643
v 0.011092000640928752 -0.026722280308604258 0.09666547924280167
v 0.011092000640928752 -0.026722280308604258 0.09666547924280167
v 0.016859784722328196 -0.01810504123568536 0.10242805629968643
v 0.011092000640928752 -0.019419640302658095 0.1013091579079628
v 0.011092000640928752 -0.026722280308604258 0.09666547924280167
v 0.011092000640928752 -0.019419640302658095 0.1013091579079628
v 0.005397376604378227 -0.027507103979587572 0.09611789137125015
v 0.005397376604378227 -0.027507103979587572 0.09611789137125015
v 0.011092000640928752 -0.019419640302658095 0.1013091579079628
v 0.005397376604378227 -0.02017103508114816 0.10066942125558853
v 0.005397376604378227 -0.027507103979587572 0.09611789137125015
v 0.005397376604378227 -0.02017103508114816 0.10066942125558853
v -0.00016779782890807848 -0.027747575193643587 0.09594986587762833
v -0.00016779782890807848 -0.027747575193643587 0.09594986587762833
v 0.005397376604378227 -0.02017103508114816 0.10066942125558853
v -0.00016779782890807848 -0.02040122821927072 0.10047314316034317
v -0.00016779782890807848 -0.027747575193643587 0.09594986587762833
v -0.00016779782890807848 -0.02040122821927072 0.10047314316034317
v -0.005738519132137302 -0.027474623173475283 0.09613994508981705
v -0.005738519132137302 -0.027474623173475283 0.09613994508981705
v -0.00016779782890807848 -0.02040122821927072 0.10047314316034317
v -0.005738519132137302 -0.020139830186963095 0.10069505125284195
v -0.005738519132137302 -0.027474623173475283 0.09613994508981705
v -0.005738519132137302 -0.020139830186963095 0.10069505125284195
v -0.011440484784543521 -0.026654351502656954 0.09671161323785782
v -0.011440484784543521 -0.026654351502656954 0.09671161323785782
v -0.005738519132137302 -0.020139830186963095 0.10069505125284195
v -0.011440484784543521 -0.019354389980435385 0.10136286169290543
v -0.011440484784543521 -0.026654351502656954 0.09671161323785782
v -0.011440484784543521 -0.019354389980435385 0.10136286169290543
v -0.017209554091095935 -0.025243790820240992 0.09769491106271744
v -0.017209554091095935 -0.025243790820240992 0.09769491106271744
v -0.011440484784543521 -0.019354389980435385 0.10136286169290543
v -0.017209554091095935 -0.018003761768341075 0.10251150280237198
v -0.017209554091095935 -0.025243790820240992 0.09769491106271744
v -0.017209554091095935 -0.018003761768341075 0.10251150280237198
v -0.02294983156025411 -0.023217432200908675 0.09910766035318375
v -0.02294983156025411 -0.023217432200908675 0.09910766035318375
v -0.017209554091095935 -0.018003761768341075 0.10251150280237198
v -0.02294983156025411 -0.016063526272773753 0.10416171699762344
v -0.02294983156025411 -0.023217432200908675 0.09910766035318375
v -0.02294983156025411 -0.016063526272773753 0.10416171699762344
v -0.028564581647515314 -0.020563084632158293 0.10095832496881485
v -0.028564581647515314 -0.020563084632158293 0.10095832496881485
v -0.02294983156025411 -0.016063526272773753 0.10416171699762344
v -0.028564581647515314 -0.01352200750261546 0.10632351785898209
v -0.028564581647515314 -0.020563084632158293 0.10095832496881485
v -0.028564581647515314 -0.01352200750261546 0.10632351785898209
v -0.03395087271928789 -0.01729421317577363 0.10323748737573624
v -0.03395087271928789 -0.01729421317577363 0.10323748737573624
v -0.028564581647515314 -0.01352200750261546 0.10632351785898209
v -0.03395087271928789 -0.010392102412879474 0.10898593813180923
v -0.03395087271928789 -0.01729421317577363 0.10323748737573624
v -0.03395087271928789 -0.010392102412879474 0.10898593813180923
v -0.039008203893899945 -0.01344054378569127 0.10592446476221085
v -0.039008203893899945 -0.01344054378569127 0.10592446476221085
v -0.03395087271928789 -0.010392102412879474 0.10898593813180923
v -0.039008203893899945 -0.006702271755784754 0.11212477833032608
v -0.039008203893899945 -0.01344054378569127 0.10592446476221085
v -0.039008203893899945 -0.006702271755784754 0.11212477833032608
v -0.04364354535937312 -0.009058258496224885 0.10898003727197647
v -0.04364354535937312 -0.009058258496224885 0.10898003727197647
v -0.039008203893899945 -0.006702271755784754 0.11212477833032608
v -0.04364354535937312 -0.0025063098873943108 0.11569426208734512
v -0.04364354535937312 -0.009058258496224885 0.10898003727197647
v -0.04364354535937312 -0.0025063098873943108 0.11569426208734512
v -0.04777545109391216 -0.0042175296694040324 0.11235538870096207
v -0.04777545109391216 -0.0042175296694040324 0.11235538870096207
v -0.04364354535937312 -0.0025063098873943108 0.11569426208734512
v -0.04777545109391216 0.002128593856468798 0.11963722854852676
v -0.04777545109391216 -0.0042175296694040324 0.11235538870096207
v -0.04777545109391216 0.002128593856468798 0.11963722854852676
v -0.05134218186140064 0.0009921194287016994 0.11598799377679825
v -0.05134218186140064 0.0009921194287016994 0.11598799377679825
v -0.04777545109391216 0.002128593856468798 0.11963722854852676
v -0.05134218186140064 0.0071167242713272615 0.12388072162866592
v -0.05134218186140064 0.0009921194287016994 0.11598799377679825
v -0.05134218186140064 0.0071167242713272615 0.12388072162866592
v -0.05429974943399433 0.006474799942225222 0.1198110356926918
v -0.05429974943399433 0.006474799942225222 0.1198110356926918
v -0.05134218186140064 0.0071167242713272615 0.12388072162866592
v -0.05429974943399433 0.012366268783807763 0.12834665179252625
v -0.05429974943399433 0.006474799942225222 0.1198110356926918
v -0.05429974943399433 0.012366268783807763 0.12834665179252625
v -0.056628901511430775 0.012128030881285676 0.12375304847955704
v -0.056628901511430775 0.012128030881285676 0.12375304847955704
v -0.05429974943399433 0.012366268783807763 0.12834665179252625
v -0.056628901511430775 0.01777910627424718 0.13295158743858337
v -0.056628901511430775 0.012128030881285676 0.12375304847955704
v -0.056628901511430775 0.01777910627424718 0.13295158743858337
v -0.058328893035650295 0.017852682620286952 0.1277448832988739
v -0.058328893035650295 0.017852682620286952 0.1277448832988739
v -0.056628901511430775 0.01777910627424718 0.13295158743858337
v -0.058328893035650295 0.023260319605469718 0.13761475682258606
v -0.058328893035650295 0.017852682620286952 0.1277448832988739
v -0.058328893035650295 0.023260319605469718 0.13761475682258606
v -0.05994019284844403 0.029139814898371717 0.13561555743217468
v -0.05994019284844403 0.029139814898371717 0.13561555743217468
v -0.058328893035650295 0.023260319605469718 0.13761475682258606
v -0.05994019284844403 0.03406745567917826 0.14680913090705872
v -0.05994019284844403 0.029139814898371717 0.13561555743217468
v -0.05994019284844403 0.03406745567917826 0.14680913090705872
v -0.05939660966396336 0.04023269936442378 0.14335086941719055
v -0.05939660966396336 0.04023269936442378 0.14335086941719055
v -0.05994019284844403 0.03406745567917826 0.14680913090705872
v -0.05939660966396336 0.04468858614563945 0.15584543347358704
v -0.05939660966396336 0.04023269936442378 0.14335086941719055
v -0.05939660966396336 0.04468858614563945 0.15584543347358704
v -0.05828642845153813 0.04593654721975329 0.14732834696769714
v -0.05828642845153813 0.04593654721975329 0.14732834696769714
v -0.05939660966396336 0.04468858614563945 0.15584543347358704
v -0.05828642845153813 0.050149850547313725 0.16049185395240784
v -0.05828642845153813 0.04593654721975329 0.14732834696769714
v -0.05828642845153813 0.050149850547313725 0.16049185395240784
v -0.05656765401363376 0.05166014656424526 0.15131965279579163
v -0.05656765401363376 0.05166014656424526 0.15131965279579163
v -0.05828642845153813 0.050149850547313725 0.16049185395240784
v -0.05656765401363376 0.05563002824783329 0.16515442728996277
v -0.05656765401363376 0.05166014656424526 0.15131965279579163
v -0.05656765401363376 0.05563002824783329 0.16515442728996277
v -0.054219275712966954 0.057309340685606044 0.15525904297828674
v -0.054219275712966954 0.057309340685606044 0.15525904297828674
v -0.05656765401363376 0.05563002824783329 0.16515442728996277
v -0.054219275712966954 0.061038952320814174 0.16975638270378113
v -0.054219275712966954 0.057309340685606044 0.15525904297828674
v -0.054219275712966954 0.061038952320814174 0.16975638270378113
v -0.05124292895197872 0.06278478354215626 0.15907737612724304
v -0.05124292895197872 0.06278478354215626 0.15907737612724304
v -0.054219275712966954 0.061038952320814174 0.16975638270378113
v -0.05124292895197872 0.06628151237964634 0.17421689629554749
v -0.05124292895197872 0.06278478354215626 0.15907737612724304
v -0.05124292895197872 0.06628151237964634 0.17421689629554749
v -0.04765824973583225 0.0679840445518494 0.16270312666893005
v -0.04765824973583225 0.0679840445518494 0.16270312666893005
v -0.05124292895197872 0.06628151237964634 0.17421689629554749
v -0.04765824973583225 0.07125963270664219 0.17845246195793152
v -0.04765824973583225 0.0679840445518494 0.16270312666893005
v -0.04765824973583225 0.07125963270664219 0.17845246195793152
v -0.0435101427137852 0.07462121546268469 0.17418208718299866
v -0.0435101427137852 0.07462121546268469 0.17418208718299866
v -0.04765824973583225 0.07125963270664219 0.17845246195793152
v -0.0435101427137852 0.07588176429271704 0.18238523602485657
v -0.0435101427137852 0.07462121546268469 0.17418208718299866
v -0.0435101427137852 0.07588176429271704 0.18238523602485657
v -0.03886068984866145 0.07890774309635168 0.17748382687568665
v -0.03886068984866145 0.07890774309635168 0.17748382687568665
v -0.0435101427137852 0.07588176429271704 0.18238523602485657
v -0.03886068984866145 0.08006246387958532 0.18594244122505188
v -0.03886068984866145 0.07890774309635168 0.17748382687568665
v -0.03886068984866145 0.08006246387958532 0.18594244122505188
v -0.033792003989219686 0.08267351239919668 0.18038442730903625
v -0.033792003989219686 0.08267351239919668 0.18038442730903625
v -0.03886068984866145 0.08006246387958532 0.18594244122505188
v -0.033792003989219686 0.08373521268367773 0.18906757235527039
v -0.033792003989219686 0.08267351239919668 0.18038442730903625
v -0.033792003989219686 0.08373521268367773 0.18906757235527039
v -0.028397269546985644 0.08586380630731588 0.18284186720848083
v -0.028397269546985644 0.08586380630731588 0.18284186720848083
v -0.033792003989219686 0.08373521268367773 0.18906757235527039
v -0.028397269546985644 0.08684664219617849 0.19171515107154846
v -0.028397269546985644 0.08586380630731588 0.18284186720848083
v -0.028397269546985644 0.08684664219617849 0.19171515107154846
v -0.02277721837162973 0.08845027536153799 0.18483421206474304
v -0.02277721837162973 0.08845027536153799 0.18483421206474304
v -0.028397269546985644 0.08684664219617849 0.19171515107154846
v -0.02277721837162973 0.08936911821365362 0.19386163353919983
v -0.02277721837162973 0.08845027536153799 0.18483421206474304
v -0.02277721837162973 0.08936911821365362 0.19386163353919983
v -0.017091557383537303 0.09041544795036321 0.1863480508327484
v -0.017091557383537303 0.09041544795036321 0.1863480508327484
v -0.02277721837162973 0.08936911821365362 0.19386163353919983
v -0.017091557383537303 0.09128558635711675 0.19549259543418884
v -0.017091557383537303 0.09041544795036321 0.1863480508327484
v -0.017091557383537303 0.09128558635711675 0.19549259543418884
v -0.011821994557976731 0.09173991531133657 0.18736836314201355
v -0.011821994557976731 0.09173991531133657 0.18736836314201355
v -0.017091557383537303 0.09128558635711675 0.19549259543418884
v -0.011821994557976731 0.0925771594047547 0.19659188389778137
v -0.05429974943399433 0.017309457063674937 0.13740959763526917
v -0.05429974943399433 0.01936810836195947 0.14209893345832825
v -0.056628901511430775 0.02236828021705152 0.14264723658561707
v -0.056628901511430775 0.02236828021705152 0.14264723658561707
v -0.05429974943399433 0.01936810836195947 0.14209893345832825
v -0.056628901511430775 0.024211712181568163 0.14763209223747253
v -0.056628901511430775 0.02236828021705152 0.14264723658561707
v -0.056628901511430775 0.024211712181568163 0.14763209223747253
v -0.058328893035650295 0.02749095112085344 0.14795103669166565
v -0.058328893035650295 0.02749095112085344 0.14795103669166565
v -0.056628901511430775 0.024211712181568163 0.14763209223747253
v -0.058328893035650295 0.0291164815425873 0.15323510766029358
v -0.058328893035650295 0.02749095112085344 0.14795103669166565
v -0.058328893035650295 0.0291164815425873 0.15323510766029358
v -0.05994019284844403 0.03759101033210757 0.1584082543849945
v -0.05994019284844403 0.03759101033210757 0.1584082543849945
v -0.058328893035650295 0.0291164815425873 0.15323510766029358
v -0.05994019284844403 0.03878699615597728 0.1642821729183197
v -0.05994019284844403 0.03759101033210757 0.1584082543849945
v -0.05994019284844403 0.03878699615597728 0.1642821729183197
v -0.05939660966396336 0.04751703888177875 0.16868534684181213
v -0.05939660966396336 0.04751703888177875 0.16868534684181213
v -0.05994019284844403 0.03878699615597728 0.1642821729183197
v -0.05939660966396336 0.048290994018316304 0.175138920545578
v -0.05939660966396336 0.04751703888177875 0.16868534684181213
v -0.05939660966396336 0.048290994018316304 0.175138920545578
v -0.05828642845153813 0.05262082442641262 0.17396971583366394
v -0.05828642845153813 0.05262082442641262 0.17396971583366394
v -0.05939660966396336 0.048290994018316304 0.175138920545578
v -0.05828642845153813 0.05317781493067745 0.180721253156662
v -0.05828642845153813 0.05262082442641262 0.17396971583366394
v -0.05828642845153813 0.05317781493067745 0.180721253156662
v -0.05656765401363376 0.05774222314357762 0.17927232384681702
v -0.05656765401363376 0.05774222314357762 0.17927232384681702
v -0.05828642845153813 0.05317781493067745 0.180721253156662
v -0.05656765401363376 0.05808153748512272 0.18632283806800842
v -0.05656765401363376 0.05774222314357762 0.17927232384681702
v -0.05656765401363376 0.05808153748512272 0.18632283806800842
v -0.054219275712966954 0.06279698759317402 0.18450596928596497
v -0.054219275712966954 0.06279698759317402 0.18450596928596497
v -0.05656765401363376 0.05808153748512272 0.18632283806800842
v -0.054219275712966954 0.06292147934436802 0.19185152649879456
v -0.054219275712966954 0.06279698759317402 0.18450596928596497
v -0.054219275712966954 0.06292147934436802 0.19185152649879456
v -0.05124292895197872 0.06769619882106785 0.1895785629749298
v -0.05124292895197872 0.06769619882106785 0.1895785629749298
v -0.054219275712966954 0.06292147934436802 0.19185152649879456
v -0.05124292895197872 0.0676125288009644 0.19721010327339172
v -0.05124292895197872 0.06769619882106785 0.1895785629749298
v -0.05124292895197872 0.0676125288009644 0.19721010327339172
v -0.04765824973583225 0.07234823703765873 0.1943952739238739
v -0.04765824973583225 0.07234823703765873 0.1943952739238739
v -0.05124292895197872 0.0676125288009644 0.19721010327339172
v -0.04765824973583225 0.07206693291664128 0.20229831337928772
v -0.04765824973583225 0.07234823703765873 0.1943952739238739
v -0.04765824973583225 0.07206693291664128 0.20229831337928772
v -0.0435101427137852 0.07666753232479101 0.19886747002601624
v -0.0435101427137852 0.07666753232479101 0.19886747002601624
v -0.04765824973583225 0.07206693291664128 0.20229831337928772
v -0.0435101427137852 0.0762027651071549 0.20702257752418518
v -0.0435101427137852 0.07666753232479101 0.19886747002601624
v -0.0435101427137852 0.0762027651071549 0.20702257752418518
v -0.03886068984866145 0.08057423681020742 0.20291253924369812
v -0.03886068984866145 0.08057423681020742 0.20291253924369812
v -0.0435101427137852 0.0762027651071549 0.20702257752418518
v -0.03886068984866145 0.0799435898661614 0.21129557490348816
v -0.03886068984866145 0.08057423681020742 0.20291253924369812
v -0.03886068984866145 0.0799435898661614 0.21129557490348816
v -0.033792003989219686 0.08400619029998785 0.20646610856056213
v -0.033792003989219686 0.08400619029998785 0.20646610856056213
v -0.03886068984866145 0.0799435898661614 0.21129557490348816
v -0.033792003989219686 0.08322986215353018 0.21504929661750793
v -0.033792003989219686 0.08400619029998785 0.20646610856056213
v -0.033792003989219686 0.08322986215353018 0.21504929661750793
v -0.028397269546985644 0.08691352605819708 0.209476500749588
v -0.028397269546985644 0.08691352605819708 0.209476500749588
v -0.033792003989219686 0.08322986215353018 0.21504929661750793
v -0.028397269546985644 0.08601384609937673 0.21822920441627502
v -0.028397269546985644 0.08691352605819708 0.209476500749588
v -0.028397269546985644 0.08601384609937673 0.21822920441627502
v -0.02277721837162973 0.08927043527364736 0.2119169533252716
v -0.02277721837162973 0.08927043527364736 0.2119169533252716
v -0.028397269546985644 0.08601384609937673 0.21822920441627502
v -0.02277721837162973 0.08827081322669988 0.22080710530281067
v -0.02277721837162973 0.08927043527364736 0.2119169533252716
v -0.02277721837162973 0.08827081322669988 0.22080710530281067
v -0.017091557383537303 0.09106099605560308 0.21377107501029968
v -0.017091557383537303 0.09106099605560308 0.21377107501029968
v -0.02277721837162973 0.08827081322669988 0.22080710530281067
v -0.017091557383537303 0.08998551219701773 0.22276553511619568
v -0.017091557383537303 0.09106099605560308 0.21377107501029968
v -0.017091557383537303 0.08998551219701773 0.22276553511619568
v -0.011821994557976731 0.09226758033037191 0.2150205671787262
v -0.011821994557976731 0.09226758033037191 0.2150205671787262
v -0.017091557383537303 0.08998551219701773 0.22276553511619568
v -0.011821994557976731 0.09114105254411703 0.2240852415561676
v -0.011821994557976731 0.09226758033037191 0.2150205671787262
v -0.011821994557976731 0.09114105254411703 0.2240852415561676
v -0.0073463190346956305 0.09175339341163641 0.2247844636440277
v 0.0015107626095414173 0.08413890004158026 0.24615320563316345
v 0.0015107626095414173 0.08654720336198812 0.24213233590126038
v -0.00299041345715523 0.0864784866571427 0.24203452467918396
v -0.00299041345715523 0.0864784866571427 0.24203452467918396
v 0.0015107626095414173 0.08654720336198812 0.24213233590126038
v -0.00299041345715523 0.08846280723810201 0.23788508772850037
v -0.00299041345715523 0.0864784866571427 0.24203452467918396
v -0.00299041345715523 0.08846280723810201 0.23788508772850037
v -0.0073463190346956305 0.08626189082860952 0.24172815680503845
v -0.0073463190346956305 0.08626189082860952 0.24172815680503845
v -0.00299041345715523 0.08846280723810201 0.23788508772850037
v -0.0073463190346956305 0.08979634195566183 0.23336157202720642
v -0.0073463190346956305 0.08626189082860952 0.24172815680503845
v -0.0073463190346956305 0.08979634195566183 0.23336157202720642
v -0.011821994557976731 0.0857211202383042 0.24096456170082092
v -0.011821994557976731 0.0857211202383042 0.24096456170082092
v -0.0073463190346956305 0.08979634195566183 0.23336157202720642
v -0.011821994557976731 0.08921528607606893 0.23262837529182434
v -0.011821994557976731 0.0857211202383042 0.24096456170082092
v -0.011821994557976731 0.08921528607606893 0.23262837529182434
v -0.017091557383537303 0.0847002193331719 0.23952367901802063
v -0.017091557383537303 0.0847002193331719 0.23952367901802063
v -0.011821994557976731 0.08921528607606893 0.23262837529182434
v -0.017091557383537303 0.08811870962381368 0.2312452495098114
v -0.017091557383537303 0.0847002193331719 0.23952367901802063
v -0.017091557383537303 0.08811870962381368 0.2312452495098114
v -0.02277721837162973 0.08318502455949789 0.2373856008052826
v -0.02277721837162973 0.08318502455949789 0.2373856008052826
v -0.017091557383537303 0.08811870962381368 0.2312452495098114
v -0.02277721837162973 0.08649147301912313 0.22919300198554993
v -0.02277721837162973 0.08318502455949789 0.2373856008052826
v -0.02277721837162973 0.08649147301912313 0.22919300198554993
v -0.028397269546985644 0.08119041472673422 0.23457148671150208
v -0.028397269546985644 0.08119041472673422 0.23457148671150208
v -0.02277721837162973 0.08649147301912313 0.22919300198554993
v -0.028397269546985644 0.08434959501028066 0.2264920175075531
v -0.028397269546985644 0.08119041472673422 0.23457148671150208
v -0.028397269546985644 0.08434959501028066 0.2264920175075531
v -0.033792003989219686 0.07872985303401953 0.23110023140907288
v -0.033792003989219686 0.07872985303401953 0.23110023140907288
v -0.028397269546985644 0.08434959501028066 0.2264920175075531
v -0.033792003989219686 0.0817075520753861 0.2231605350971222
v -0.033792003989219686 0.07872985303401953 0.23110023140907288
v -0.033792003989219686 0.0817075520753861 0.2231605350971222
v -0.03886068984866145 0.075825184583664 0.22700271010398865
v -0.03886068984866145 0.075825184583664 0.22700271010398865
v -0.033792003989219686 0.0817075520753861 0.2231605350971222
v -0.03886068984866145 0.07858879864215856 0.2192281186580658
v -0.03886068984866145 0.075825184583664 0.22700271010398865
v -0.03886068984866145 0.07858879864215856 0.2192281186580658
v -0.0435101427137852 0.072518602013588 0.22233846783638
v -0.0435101427137852 0.072518602013588 0.22233846783638
v -0.03886068984866145 0.07858879864215856 0.2192281186580658
v -0.0435101427137852 0.07503865659236914 0.21475186944007874
v -0.0435101427137852 0.072518602013588 0.22233846783638
v -0.0435101427137852 0.07503865659236914 0.21475186944007874
v -0.04765824973583225 0.06886273622512822 0.21718177199363708
v -0.04765824973583225 0.06886273622512822 0.21718177199363708
v -0.0435101427137852 0.07503865659236914 0.21475186944007874
v -0.04765824973583225 0.07111360877752308 0.20980313420295715
v -0.04765824973583225 0.06886273622512822 0.21718177199363708
v -0.04765824973583225 0.07111360877752308 0.20980313420295715
v -0.05124292895197872 0.06492514908313755 0.2116278111934662
v -0.05124292895197872 0.06492514908313755 0.2116278111934662
v -0.04765824973583225 0.07111360877752308 0.20980313420295715
v -0.05124292895197872 0.06688621640205387 0.20447328686714172
v -0.05124292895197872 0.06492514908313755 0.2116278111934662
v -0.05124292895197872 0.06688621640205387 0.20447328686714172
v -0.054219275712966954 0.060778271406889 0.20577886700630188
v -0.054219275712966954 0.060778271406889 0.20577886700630188
v -0.05124292895197872 0.06688621640205387 0.20447328686714172
v -0.054219275712966954 0.0624342225492001 0.19886037707328796
v -0.054219275712966954 0.060778271406889 0.20577886700630188
v -0.054219275712966954 0.0624342225492001 0.19886037707328796
v -0.05656765401363376 0.05649967491626743 0.199744313955307
v -0.05656765401363376 0.05649967491626743 0.199744313955307
v -0.054219275712966954 0.0624342225492001 0.19886037707328796
v -0.05656765401363376 0.05784091725945477 0.19306936860084534
v -0.05656765401363376 0.05649967491626743 0.199744313955307
v -0.05656765401363376 0.05784091725945477 0.19306936860084534
v -0.05828642845153813 0.052164614200592076 0.19363024830818176
v -0.05828642845153813 0.052164614200592076 0.19363024830818176
v -0.05656765401363376 0.05784091725945477 0.19306936860084534
v -0.05828642845153813 0.05318706482648853 0.18720218539237976
v -0.05828642845153813 0.052164614200592076 0.19363024830818176
v -0.05828642845153813 0.05318706482648853 0.18720218539237976
v -0.05939660966396336 0.047844413667917286 0.18753722310066223
v -0.05939660966396336 0.047844413667917286 0.18753722310066223
v -0.05828642845153813 0.05318706482648853 0.18720218539237976
v -0.05939660966396336 0.04854924604296688 0.18135526776313782
v -0.05939660966396336 0.047844413667917286 0.18753722310066223
v -0.05939660966396336 0.04854924604296688 0.18135526776313782
v -0.05994019284844403 0.039442185312509564 0.17568746209144592
v -0.05994019284844403 0.039442185312509564 0.17568746209144592
v -0.05939660966396336 0.04854924604296688 0.18135526776313782
v -0.05994019284844403 0.039529476314783124 0.16998425126075745
v -0.05994019284844403 0.039442185312509564 0.17568746209144592
v -0.05994019284844403 0.039529476314783124 0.16998425126075745
v -0.058328893035650295 0.030892454087734243 0.1636301577091217
v -0.058328893035650295 0.030892454087734243 0.1636301577091217
v -0.05994019284844403 0.039529476314783124 0.16998425126075745
v -0.058328893035650295 0.030351635068655035 0.15841427445411682
v -0.058328893035650295 0.030892454087734243 0.1636301577091217
v -0.058328893035650295 0.030351635068655035 0.15841427445411682
v -0.056628901511430775 0.026556020602583903 0.15751484036445618
v -0.056628901511430775 0.026556020602583903 0.15751484036445618
v -0.058328893035650295 0.030351635068655035 0.15841427445411682
v -0.056628901511430775 0.025696730241179484 0.15254619717597961
v -0.056628901511430775 0.026556020602583903 0.15751484036445618
v -0.056628901511430775 0.025696730241179484 0.15254619717597961
v -0.05429974943399433 0.02227357774972917 0.15147581696510315
v -0.05429974943399433 0.02227357774972917 0.15147581696510315
v -0.056628901511430775 0.025696730241179484 0.15254619717597961
v -0.05429974943399433 0.02109985984861852 0.14675137400627136
v -0.05429974943399433 0.02227357774972917 0.15147581696510315
v -0.05429974943399433 0.02109985984861852 0.14675137400627136
v -0.05134218186140064 0.016641631722450267 0.1411314308643341
v 0.0336328372359276 -0.004165277350693944 0.11517874151468277
v 0.0336328372359276 0.0015883793821558367 0.12216631323099136
v 0.028229752555489557 -0.007056182716041808 0.11218539625406265
v 0.028229752555489557 -0.007056182716041808 0.11218539625406265
v 0.0336328372359276 0.0015883793821558367 0.12216631323099136
v 0.028229752555489557 -0.001038732938468457 0.1188536062836647
v 0.028229752555489557 -0.007056182716041808 0.11218539625406265
v 0.028229752555489557 -0.001038732938468457 0.1188536062836647
v 0.022604495286941542 -0.009396168403327472 0.10976240783929825
v 0.022604495286941542 -0.009396168403327472 0.10976240783929825
v 0.028229752555489557 -0.001038732938468457 0.1188536062836647
v 0.022604495286941542 -0.0031652320176363013 0.11617199331521988
v 0.022604495286941542 -0.009396168403327472 0.10976240783929825
v 0.022604495286941542 -0.0031652320176363013 0.11617199331521988
v 0.016859784722328196 -0.011174073442816741 0.10792139917612076
v 0.016859784722328196 -0.011174073442816741 0.10792139917612076
v 0.022604495286941542 -0.0031652320176363013 0.11617199331521988
v 0.016859784722328196 -0.00478097423911095 0.1141342893242836
v 0.016859784722328196 -0.011174073442816741 0.10792139917612076
v 0.016859784722328196 -0.00478097423911095 0.1141342893242836
v 0.011092000640928752 -0.012402136810123929 0.10664967447519302
v 0.011092000640928752 -0.012402136810123929 0.10664967447519302
v 0.016859784722328196 -0.00478097423911095 0.1141342893242836
v 0.011092000640928752 -0.00589707819744945 0.11272642761468887
v 0.011092000640928752 -0.012402136810123929 0.10664967447519302
v 0.011092000640928752 -0.00589707819744945 0.11272642761468887
v 0.005397376604378227 -0.01310385763645173 0.10592291504144669
v 0.005397376604378227 -0.01310385763645173 0.10592291504144669
v 0.011092000640928752 -0.00589707819744945 0.11272642761468887
v 0.005397376604378227 -0.006534893997013573 0.111921526491642
v 0.005397376604378227 -0.01310385763645173 0.10592291504144669
v 0.005397376604378227 -0.006534893997013573 0.111921526491642
v -0.00016779782890807848 -0.01331849582493306 0.10570047050714493
v -0.00016779782890807848 -0.01331849582493306 0.10570047050714493
v 0.005397376604378227 -0.006534893997013573 0.111921526491642
v -0.00016779782890807848 -0.006730095483362679 0.1116747036576271
v -0.00016779782890807848 -0.01331849582493306 0.10570047050714493
v -0.00016779782890807848 -0.006730095483362679 0.1116747036576271
v -0.005738519132137302 -0.013073714450001725 0.10595367103815079
v -0.005738519132137302 -0.013073714450001725 0.10595367103815079
v -0.00016779782890807848 -0.006730095483362679 0.1116747036576271
v -0.005738519132137302 -0.0065078241750598 0.11195407062768936
v -0.005738519132137302 -0.013073714450001725 0.10595367103815079
v -0.005738519132137302 -0.0065078241750598 0.11195407062768936
v -0.011440484784543521 -0.012339170090854177 0.10671398788690567
v -0.011440484784543521 -0.012339170090854177 0.10671398788690567
v -0.005738519132137302 -0.0065078241750598 0.11195407062768936
v -0.011440484784543521 -0.00584051059558988 0.11279455572366714
v -0.011440484784543521 -0.012339170090854177 0.10671398788690567
v -0.011440484784543521 -0.00584051059558988 0.11279455572366714
v -0.017209554091095935 -0.011076419614255435 0.10802117735147476
v -0.017209554091095935 -0.011076419614255435 0.10802117735147476
v -0.011440484784543521 -0.00584051059558988 0.11279455572366714
v -0.017209554091095935 -0.004693220369517807 0.11424008756875992
v -0.017209554091095935 -0.011076419614255435 0.10802117735147476
v -0.017209554091095935 -0.004693220369517807 0.11424008756875992
v -0.02294983156025411 -0.00926264841109515 0.10989890247583389
v -0.02294983156025411 -0.00926264841109515 0.10989890247583389
v -0.017209554091095935 -0.004693220369517807 0.11424008756875992
v -0.02294983156025411 -0.0030452178325504086 0.11631689220666885
v -0.02294983156025411 -0.00926264841109515 0.10989890247583389
v -0.02294983156025411 -0.0030452178325504086 0.11631689220666885
v -0.028564581647515314 -0.006886951625347142 0.11235836893320084
v -0.028564581647515314 -0.006886951625347142 0.11235836893320084
v -0.02294983156025411 -0.0030452178325504086 0.11631689220666885
v -0.028564581647515314 -0.0008865924319252377 0.11903736740350723
v -0.028564581647515314 -0.006886951625347142 0.11235836893320084
v -0.028564581647515314 -0.0008865924319252377 0.11903736740350723
v -0.03395087271928789 -0.003961393609642985 0.11538717895746231
v -0.03395087271928789 -0.003961393609642985 0.11538717895746231
v -0.028564581647515314 -0.0008865924319252377 0.11903736740350723
v -0.03395087271928789 0.0017716969596222054 0.12238786369562149
v -0.03395087271928789 -0.003961393609642985 0.11538717895746231
v -0.03395087271928789 0.0017716969596222054 0.12238786369562149
v -0.039008203893899945 -0.0005125810857862237 0.11895779520273209
v -0.039008203893899945 -0.0005125810857862237 0.11895779520273209
v -0.03395087271928789 0.0017716969596222054 0.12238786369562149
v -0.039008203893899945 0.004905475769191984 0.12633779644966125
v -0.039008203893899945 -0.0005125810857862237 0.11895779520273209
v -0.039008203893899945 0.004905475769191984 0.12633779644966125
v -0.04364354535937312 0.0034092043060809396 0.12301812320947647
v -0.04364354535937312 0.0034092043060809396 0.12301812320947647
v -0.039008203893899945 0.004905475769191984 0.12633779644966125
v -0.04364354535937312 0.008469054475426679 0.1308296024799347
v -0.04364354535937312 0.0034092043060809396 0.12301812320947647
v -0.04364354535937312 0.008469054475426679 0.1308296024799347
v -0.04777545109391216 0.007741163019090896 0.12750312685966492
v -0.04777545109391216 0.007741163019090896 0.12750312685966492
v -0.04364354535937312 0.008469054475426679 0.1308296024799347
v -0.04777545109391216 0.012405372224748143 0.13579145073890686
v -0.04777545109391216 0.007741163019090896 0.12750312685966492
v -0.04777545109391216 0.012405372224748143 0.13579145073890686
v -0.05134218186140064 0.012403182685375222 0.13232991099357605
v -0.05134218186140064 0.012403182685375222 0.13232991099357605
v -0.04777545109391216 0.012405372224748143 0.13579145073890686
v -0.05134218186140064 0.016641631722450267 0.1411314308643341
v -0.05134218186140064 0.012403182685375222 0.13232991099357605
v -0.05134218186140064 0.016641631722450267 0.1411314308643341
v -0.05429974943399433 0.01936810836195947 0.14209893345832825
v -0.05429974943399433 0.01936810836195947 0.14209893345832825
v -0.05134218186140064 0.016641631722450267 0.1411314308643341
v -0.05429974943399433 0.02109985984861852 0.14675137400627136
v -0.05429974943399433 0.01936810836195947 0.14209893345832825
v -0.05429974943399433 0.02109985984861852 0.14675137400627136
v -0.056628901511430775 0.024211712181568163 0.14763209223747253
v -0.056628901511430775 0.024211712181568163 0.14763209223747253
v -0.05429974943399433 0.02109985984861852 0.14675137400627136
v -0.056628901511430775 0.025696730241179484 0.15254619717597961
v -0.056628901511430775 0.024211712181568163 0.14763209223747253
v -0.056628901511430775 0.025696730241179484 0.15254619717597961
v -0.058328893035650295 0.0291164815425873 0.15323510766029358
v -0.058328893035650295 0.0291164815425873 0.15323510766029358
v -0.056628901511430775 0.025696730241179484 0.15254619717597961
v -0.058328893035650295 0.030351635068655035 0.15841427445411682
v -0.058328893035650295 0.0291164815425873 0.15323510766029358
v -0.058328893035650295 0.030351635068655035 0.15841427445411682
v -0.05994019284844403 0.03878699615597728 0.1642821729183197
v -0.05994019284844403 0.03878699615597728 0.1642821729183197
v -0.058328893035650295 0.030351635068655035 0.15841427445411682
v -0.05994019284844403 0.039529476314783124 0.16998425126075745
v -0.05994019284844403 0.03878699615597728 0.1642821729183197
v -0.05994019284844403 0.039529476314783124 0.16998425126075745
v -0.05939660966396336 0.048290994018316304 0.175138920545578
v -0.05939660966396336 0.048290994018316304 0.175138920545578
v -0.05994019284844403 0.039529476314783124 0.16998425126075745
v -0.05939660966396336 0.04854924604296688 0.18135526776313782
v -0.05939660966396336 0.048290994018316304 0.175138920545578
v -0.05939660966396336 0.04854924604296688 0.18135526776313782
v -0.05828642845153813 0.05317781493067745 0.180721253156662
v -0.05828642845153813 0.05317781493067745 0.180721253156662
v -0.05939660966396336 0.04854924604296688 0.18135526776313782
v -0.05828642845153813 0.05318706482648853 0.18720218539237976
v -0.05828642845153813 0.05317781493067745 0.180721253156662
v -0.05828642845153813 0.05318706482648853 0.18720218539237976
v -0.05656765401363376 0.05808153748512272 0.18632283806800842
v -0.05656765401363376 0.05808153748512272 0.18632283806800842
v -0.05828642845153813 0.05318706482648853 0.18720218539237976
v -0.05656765401363376 0.05784091725945477 0.19306936860084534
v -0.05656765401363376 0.05808153748512272 0.18632283806800842
v -0.05656765401363376 0.05784091725945477 0.19306936860084534
v -0.054219275712966954 0.06292147934436802 0.19185152649879456
v -0.054219275712966954 0.06292147934436802 0.19185152649879456
v -0.05656765401363376 0.05784091725945477 0.19306936860084534
v -0.054219275712966954 0.0624342225492001 0.19886037707328796
v -0.054219275712966954 0.06292147934436802 0.19185152649879456
v -0.054219275712966954 0.0624342225492001 0.19886037707328796
v -0.05124292895197872 0.0676125288009644 0.19721010327339172
v -0.05124292895197872 0.0676125288009644 0.19721010327339172
v -0.054219275712966954 0.0624342225492001 0.19886037707328796
v -0.05124292895197872 0.06688621640205387 0.20447328686714172
v -0.05124292895197872 0.0676125288009644 0.19721010327339172
v -0.05124292895197872 0.06688621640205387 0.20447328686714172
v -0.04765824973583225 0.07206693291664128 0.20229831337928772
v -0.04765824973583225 0.07206693291664128 0.20229831337928772
v -0.05124292895197872 0.06688621640205387 0.20447328686714172
v -0.04765824973583225 0.07111360877752308 0.20980313420295715
v -0.04765824973583225 0.07206693291664128 0.20229831337928772
v -0.04765824973583225 0.07111360877752308 0.20980313420295715
v -0.0435101427137852 0.0762027651071549 0.20702257752418518
v -0.0435101427137852 0.0762027651071549 0.20702257752418518
v -0.04765824973583225 0.07111360877752308 0.20980313420295715
v -0.0435101427137852 0.07503865659236914 0.21475186944007874
v -0.0435101427137852 0.0762027651071549 0.20702257752418518
v -0.0435101427137852 0.07503865659236914 0.21475186944007874
v -0.03886068984866145 0.0799435898661614 0.21129557490348816
v -0.03886068984866145 0.0799435898661614 0.21129557490348816
v -0.0435101427137852 0.07503865659236914 0.21475186944007874
v -0.03886068984866145 0.07858879864215856 0.2192281186580658
v -0.03886068984866145 0.0799435898661614 0.21129557490348816
v -0.03886068984866145 0.07858879864215856 0.2192281186580658
v -0.033792003989219686 0.08322986215353018 0.21504929661750793
v -0.033792003989219686 0.08322986215353018 0.21504929661750793
v -0.03886068984866145 0.07858879864215856 0.2192281186580658
v -0.033792003989219686 0.0817075520753861 0.2231605350971222
v -0.033792003989219686 0.08322986215353018 0.21504929661750793
v -0.033792003989219686 0.0817075520753861 0.2231605350971222
v -0.028397269546985644 0.08601384609937673 0.21822920441627502
v -0.028397269546985644 0.08601384609937673 0.21822920441627502
v -0.033792003989219686 0.0817075520753861 0.2231605350971222
v -0.028397269546985644 0.08434959501028066 0.2264920175075531
v -0.028397269546985644 0.08601384609937673 0.21822920441627502
v -0.028397269546985644 0.08434959501028066 0.2264920175075531
v -0.02277721837162973 0.08827081322669988 0.22080710530281067
v -0.02277721837162973 0.08827081322669988 0.22080710530281067
v -0.028397269546985644 0.08434959501028066 0.2264920175075531
v -0.02277721837162973 0.08649147301912313 0.22919300198554993
v -0.02277721837162973 0.08827081322669988 0.22080710530281067
v -0.02277721837162973 0.08649147301912313 0.22919300198554993
v -0.017091557383537303 0.08998551219701773 0.22276553511619568
v -0.017091557383537303 0.08998551219701773 0.22276553511619568
v -0.02277721837162973 0.08649147301912313 0.22919300198554993
v -0.017091557383537303 0.08811870962381368 0.2312452495098114
v -0.017091557383537303 0.08998551219701773 0.22276553511619568
v -0.017091557383537303 0.08811870962381368 0.2312452495098114
v -0.011821994557976731 0.09114105254411703 0.2240852415561676
v -0.011821994557976731 0.09114105254411703 0.2240852415561676
v -0.017091557383537303 0.08811870962381368 0.2312452495098114
v -0.011821994557976731 0.08921528607606893 0.23262837529182434
v -0.011821994557976731 0.09114105254411703 0.2240852415561676
v -0.011821994557976731 0.08921528607606893 0.23262837529182434
v -0.0073463190346956305 0.09175339341163641 0.2247844636440277
v -0.0073463190346956305 0.09175339341163641 0.2247844636440277
v -0.011821994557976731 0.08921528607606893 0.23262837529182434
v -0.0073463190346956305 0.08979634195566183 0.23336157202720642
v 0.0336328372359276 -0.010603889822959907 0.10881123691797256
v 0.0336328372359276 -0.004165277350693944 0.11517874151468277
v 0.028229752555489557 -0.013697733171284207 0.10617861896753311
v 0.028229752555489557 -0.013697733171284207 0.10617861896753311
v 0.0336328372359276 -0.004165277350693944 0.11517874151468277
v 0.028229752555489557 -0.007056182716041808 0.11218539625406265
v 0.028229752555489557 -0.013697733171284207 0.10617861896753311
v 0.028229752555489557 -0.007056182716041808 0.11218539625406265
v 0.022604495286941542 -0.01620209962129594 0.1040475144982338
v 0.022604495286941542 -0.01620209962129594 0.1040475144982338
v 0.028229752555489557 -0.007056182716041808 0.11218539625406265
v 0.022604495286941542 -0.009396168403327472 0.10976240783929825
v 0.022604495286941542 -0.01620209962129594 0.1040475144982338
v 0.022604495286941542 -0.009396168403327472 0.10976240783929825
v 0.016859784722328196 -0.01810504123568536 0.10242805629968643
v 0.016859784722328196 -0.01810504123568536 0.10242805629968643
v 0.022604495286941542 -0.009396168403327472 0.10976240783929825
v 0.016859784722328196 -0.011174073442816741 0.10792139917612076
v 0.016859784722328196 -0.01810504123568536 0.10242805629968643
v 0.016859784722328196 -0.011174073442816741 0.10792139917612076
v 0.011092000640928752 -0.019419640302658095 0.1013091579079628
v 0.011092000640928752 -0.019419640302658095 0.1013091579079628
v 0.016859784722328196 -0.011174073442816741 0.10792139917612076
v 0.011092000640928752 -0.012402136810123929 0.10664967447519302
v 0.011092000640928752 -0.019419640302658095 0.1013091579079628
v 0.011092000640928752 -0.012402136810123929 0.10664967447519302
v 0.005397376604378227 -0.02017103508114816 0.10066942125558853
v 0.005397376604378227 -0.02017103508114816 0.10066942125558853
v 0.011092000640928752 -0.012402136810123929 0.10664967447519302
v 0.005397376604378227 -0.01310385763645173 0.10592291504144669
v 0.005397376604378227 -0.02017103508114816 0.10066942125558853
v 0.005397376604378227 -0.01310385763645173 0.10592291504144669
v -0.00016779782890807848 -0.02040122821927072 0.10047314316034317
v -0.00016779782890807848 -0.02040122821927072 0.10047314316034317
v 0.005397376604378227 -0.01310385763645173 0.10592291504144669
v -0.00016779782890807848 -0.01331849582493306 0.10570047050714493
v -0.00016779782890807848 -0.02040122821927072 0.10047314316034317
v -0.00016779782890807848 -0.01331849582493306 0.10570047050714493
v -0.005738519132137302 -0.020139830186963095 0.10069505125284195
v -0.005738519132137302 -0.020139830186963095 0.10069505125284195
v -0.00016779782890807848 -0.01331849582493306 0.10570047050714493
v -0.005738519132137302 -0.013073714450001725 0.10595367103815079
v -0.005738519132137302 -0.020139830186963095 0.10069505125284195
v -0.005738519132137302 -0.013073714450001725 0.10595367103815079
v -0.011440484784543521 -0.019354389980435385 0.10136286169290543
v -0.011440484784543521 -0.019354389980435385 0.10136286169290543
v -0.005738519132137302 -0.013073714450001725 0.10595367103815079
v -0.011440484784543521 -0.012339170090854177 0.10671398788690567
v -0.011440484784543521 -0.019354389980435385 0.10136286169290543
v -0.011440484784543521 -0.012339170090854177 0.10671398788690567
v -0.017209554091095935 -0.018003761768341075 0.10251150280237198
v -0.017209554091095935 -0.018003761768341075 0.10251150280237198
v -0.011440484784543521 -0.012339170090854177 0.10671398788690567
v -0.017209554091095935 -0.011076419614255435 0.10802117735147476
v -0.017209554091095935 -0.018003761768341075 0.10251150280237198
v -0.017209554091095935 -0.011076419614255435 0.10802117735147476
v -0.02294983156025411 -0.016063526272773753 0.10416171699762344
v -0.02294983156025411 -0.016063526272773753 0.10416171699762344
v -0.017209554091095935 -0.011076419614255435 0.10802117735147476
v -0.02294983156025411 -0.00926264841109515 0.10989890247583389
v -0.02294983156025411 -0.016063526272773753 0.10416171699762344
v -0.02294983156025411 -0.00926264841109515 0.10989890247583389
v -0.028564581647515314 -0.01352200750261546 0.10632351785898209
v -0.028564581647515314 -0.01352200750261546 0.10632351785898209
v -0.02294983156025411 -0.00926264841109515 0.10989890247583389
v -0.028564581647515314 -0.006886951625347142 0.11235836893320084
v -0.028564581647515314 -0.01352200750261546 0.10632351785898209
v -0.028564581647515314 -0.006886951625347142 0.11235836893320084
v -0.03395087271928789 -0.010392102412879474 0.10898593813180923
v -0.03395087271928789 -0.010392102412879474 0.10898593813180923
v -0.028564581647515314 -0.006886951625347142 0.11235836893320084
v -0.03395087271928789 -0.003961393609642985 0.11538717895746231
v -0.03395087271928789 -0.010392102412879474 0.10898593813180923
v -0.03395087271928789 -0.003961393609642985 0.11538717895746231
v -0.039008203893899945 -0.006702271755784754 0.11212477833032608
v -0.039008203893899945 -0.006702271755784754 0.11212477833032608
v -0.03395087271928789 -0.003961393609642985 0.11538717895746231
v -0.039008203893899945 -0.0005125810857862237 0.11895779520273209
v -0.039008203893899945 -0.006702271755784754 0.11212477833032608
v -0.039008203893899945 -0.0005125810857862237 0.11895779520273209
v -0.04364354535937312 -0.0025063098873943108 0.11569426208734512
v -0.04364354535937312 -0.0025063098873943108 0.11569426208734512
v -0.039008203893899945 -0.0005125810857862237 0.11895779520273209
v -0.04364354535937312 0.0034092043060809396 0.12301812320947647
v -0.04364354535937312 -0.0025063098873943108 0.11569426208734512
v -0.04364354535937312 0.0034092043060809396 0.12301812320947647
v -0.04777545109391216 0.002128593856468798 0.11963722854852676
v -0.04777545109391216 0.002128593856468798 0.11963722854852676
v -0.04364354535937312 0.0034092043060809396 0.12301812320947647
v -0.04777545109391216 0.007741163019090896 0.12750312685966492
v -0.04777545109391216 0.002128593856468798 0.11963722854852676
v -0.04777545109391216 0.007741163019090896 0.12750312685966492
v -0.05134218186140064 0.0071167242713272615 0.12388072162866592
v -0.05134218186140064 0.0071167242713272615 0.12388072162866592
v -0.04777545109391216 0.007741163019090896 0.12750312685966492
v -0.05134218186140064 0.012403182685375222 0.13232991099357605
v -0.05134218186140064 0.0071167242713272615 0.12388072162866592
v -0.05134218186140064 0.012403182685375222 0.13232991099357605
v -0.05429974943399433 0.012366268783807763 0.12834665179252625
v -0.05429974943399433 0.012366268783807763 0.12834665179252625
v -0.05134218186140064 0.012403182685375222 0.13232991099357605
v -0.05429974943399433 0.017309457063674937 0.13740959763526917
v -0.05429974943399433 0.012366268783807763 0.12834665179252625
v -0.05429974943399433 0.017309457063674937 0.13740959763526917
v -0.056628901511430775 0.01777910627424718 0.13295158743858337
v -0.056628901511430775 0.01777910627424718 0.13295158743858337
v -0.05429974943399433 0.017309457063674937 0.13740959763526917
v -0.056628901511430775 0.02236828021705152 0.14264723658561707
v -0.056628901511430775 0.01777910627424718 0.13295158743858337
v -0.056628901511430775 0.02236828021705152 0.14264723658561707
v -0.058328893035650295 0.023260319605469718 0.13761475682258606
v -0.058328893035650295 0.023260319605469718 0.13761475682258606
v -0.056628901511430775 0.02236828021705152 0.14264723658561707
v -0.058328893035650295 0.02749095112085344 0.14795103669166565
v -0.058328893035650295 0.023260319605469718 0.13761475682258606
v -0.058328893035650295 0.02749095112085344 0.14795103669166565
v -0.05994019284844403 0.03406745567917826 0.14680913090705872
v -0.05994019284844403 0.03406745567917826 0.14680913090705872
v -0.058328893035650295 0.02749095112085344 0.14795103669166565
v -0.05994019284844403 0.03759101033210757 0.1584082543849945
v -0.05994019284844403 0.03406745567917826 0.14680913090705872
v -0.05994019284844403 0.03759101033210757 0.1584082543849945
v -0.05939660966396336 0.04468858614563945 0.15584543347358704
v -0.05939660966396336 0.04468858614563945 0.15584543347358704
v -0.05994019284844403 0.03759101033210757 0.1584082543849945
v -0.05939660966396336 0.04751703888177875 0.16868534684181213
v -0.05939660966396336 0.04468858614563945 0.15584543347358704
v -0.05939660966396336 0.04751703888177875 0.16868534684181213
v -0.05828642845153813 0.050149850547313725 0.16049185395240784
v -0.05828642845153813 0.050149850547313725 0.16049185395240784
v -0.05939660966396336 0.04751703888177875 0.16868534684181213
v -0.05828642845153813 0.05262082442641262 0.17396971583366394
v -0.05828642845153813 0.050149850547313725 0.16049185395240784
v -0.05828642845153813 0.05262082442641262 0.17396971583366394
v -0.05656765401363376 0.05563002824783329 0.16515442728996277
v -0.05656765401363376 0.05563002824783329 0.16515442728996277
v -0.05828642845153813 0.05262082442641262 0.17396971583366394
v -0.05656765401363376 0.05774222314357762 0.17927232384681702
v -0.05656765401363376 0.05563002824783329 0.16515442728996277
v -0.05656765401363376 0.05774222314357762 0.17927232384681702
v -0.054219275712966954 0.061038952320814174 0.16975638270378113
v -0.054219275712966954 0.061038952320814174 0.16975638270378113
v -0.05656765401363376 0.05774222314357762 0.17927232384681702
v -0.054219275712966954 0.06279698759317402 0.18450596928596497
v -0.054219275712966954 0.061038952320814174 0.16975638270378113
v -0.054219275712966954 0.06279698759317402 0.18450596928596497
v -0.05124292895197872 0.06628151237964634 0.17421689629554749
v -0.05124292895197872 0.06628151237964634 0.17421689629554749
v -0.054219275712966954 0.06279698759317402 0.18450596928596497
v -0.05124292895197872 0.06769619882106785 0.1895785629749298
v -0.05124292895197872 0.06628151237964634 0.17421689629554749
v -0.05124292895197872 0.06769619882106785 0.1895785629749298
v -0.04765824973583225 0.07125963270664219 0.17845246195793152
v -0.04765824973583225 0.07125963270664219 0.17845246195793152
v -0.05124292895197872 0.06769619882106785 0.1895785629749298
v -0.04765824973583225 0.07234823703765873 0.1943952739238739
v -0.04765824973583225 0.07125963270664219 0.17845246195793152
v -0.04765824973583225 0.07234823703765873 0.1943952739238739
v -0.0435101427137852 0.07656422257423406 0.19063183665275574
v -0.0435101427137852 0.07656422257423406 0.19063183665275574
v -0.04765824973583225 0.07234823703765873 0.1943952739238739
v -0.0435101427137852 0.07666753232479101 0.19886747002601624
v -0.0435101427137852 0.07656422257423406 0.19063183665275574
v -0.0435101427137852 0.07666753232479101 0.19886747002601624
v -0.03886068984866145 0.08061808347702032 0.19443777203559875
v -0.03886068984866145 0.08061808347702032 0.19443777203559875
v -0.0435101427137852 0.07666753232479101 0.19886747002601624
v -0.03886068984866145 0.08057423681020742 0.20291253924369812
v -0.03886068984866145 0.08061808347702032 0.19443777203559875
v -0.03886068984866145 0.08057423681020742 0.20291253924369812
v -0.033792003989219686 0.08417933434247976 0.19778135418891907
v -0.033792003989219686 0.08417933434247976 0.19778135418891907
v -0.03886068984866145 0.08057423681020742 0.20291253924369812
v -0.033792003989219686 0.08400619029998785 0.20646610856056213
v -0.033792003989219686 0.08417933434247976 0.19778135418891907
v -0.033792003989219686 0.08400619029998785 0.20646610856056213
v -0.028397269546985644 0.08719624578952795 0.20061400532722473
v -0.028397269546985644 0.08719624578952795 0.20061400532722473
v -0.033792003989219686 0.08400619029998785 0.20646610856056213
v -0.028397269546985644 0.08691352605819708 0.209476500749588
v -0.028397269546985644 0.08719624578952795 0.20061400532722473
v -0.028397269546985644 0.08691352605819708 0.209476500749588
v -0.02277721837162973 0.08964201062917715 0.20291051268577576
v -0.02277721837162973 0.08964201062917715 0.20291051268577576
v -0.028397269546985644 0.08691352605819708 0.209476500749588
v -0.02277721837162973 0.08927043527364736 0.2119169533252716
v -0.02277721837162973 0.08964201062917715 0.20291051268577576
v -0.02277721837162973 0.08927043527364736 0.2119169533252716
v -0.017091557383537303 0.09150012582540518 0.20465543866157532
v -0.017091557383537303 0.09150012582540518 0.20465543866157532
v -0.02277721837162973 0.08927043527364736 0.2119169533252716
v -0.017091557383537303 0.09106099605560308 0.21377107501029968
v -0.017091557383537303 0.09150012582540518 0.20465543866157532
v -0.017091557383537303 0.09106099605560308 0.21377107501029968
v -0.011821994557976731 0.0927522704005242 0.20583143830299377
v -0.011821994557976731 0.0927522704005242 0.20583143830299377
v -0.017091557383537303 0.09106099605560308 0.21377107501029968
v -0.011821994557976731 0.09226758033037191 0.2150205671787262
v 0.017384400591254245 0.07956779003143316 0.24716851115226746
v 0.011614818125963218 0.08055353164672857 0.24874892830848694
v 0.011614818125963218 0.07390171289443975 0.25556376576423645
v 0.011614818125963218 0.07390171289443975 0.25556376576423645
v 0.011614818125963218 0.08055353164672857 0.24874892830848694
v 0.003546169260516765 0.08133105188608175 0.24999496340751648
v 0.011614818125963218 0.07390171289443975 0.25556376576423645
v 0.003546169260516765 0.08133105188608175 0.24999496340751648
v 0.003546169260516765 0.07458916306495672 0.25684139132499695
v 0.003546169260516765 0.07458916306495672 0.25684139132499695
v 0.003546169260516765 0.08133105188608175 0.24999496340751648
v 0.0015107626095414173 0.07812583446502691 0.25356027483940125
v 0.003546169260516765 0.07458916306495672 0.25684139132499695
v 0.0015107626095414173 0.07812583446502691 0.25356027483940125
v 0.0015107626095414173 0.07458283752202993 0.25682953000068665
v 0.0015107626095414173 0.07458283752202993 0.25682953000068665
v 0.0015107626095414173 0.07812583446502691 0.25356027483940125
v -0.00299041345715523 0.07806678861379629 0.25345805287361145
v 0.0015107626095414173 0.07458283752202993 0.25682953000068665
v -0.00299041345715523 0.07806678861379629 0.25345805287361145
v -0.00299041345715523 0.07452740520238882 0.25672629475593567
v -0.00299041345715523 0.07452740520238882 0.25672629475593567
v -0.00299041345715523 0.07806678861379629 0.25345805287361145
v -0.0073463190346956305 0.07435294985771185 0.25640174746513367
v 0.02312232926487924 0.07815720140933996 0.2449064552783966
v 0.017384400591254245 0.07956779003143316 0.24716851115226746
v 0.017384400591254245 0.07302996516227728 0.25394341349601746
v 0.017384400591254245 0.07302996516227728 0.25394341349601746
v 0.017384400591254245 0.07956779003143316 0.24716851115226746
v 0.011614818125963218 0.07390171289443975 0.25556376576423645
v 0.017384400591254245 0.07302996516227728 0.25394341349601746
v 0.011614818125963218 0.07390171289443975 0.25556376576423645
v 0.011614818125963218 0.0660728216171265 0.2609783113002777
v 0.011614818125963218 0.0660728216171265 0.2609783113002777
v 0.011614818125963218 0.07390171289443975 0.25556376576423645
v 0.003546169260516765 0.07458916306495672 0.25684139132499695
v 0.011614818125963218 0.0660728216171265 0.2609783113002777
v 0.003546169260516765 0.07458916306495672 0.25684139132499695
v 0.003546169260516765 0.06666068732738499 0.2622726857662201
v 0.003546169260516765 0.06666068732738499 0.2622726857662201
v 0.003546169260516765 0.07458916306495672 0.25684139132499695
v 0.0015107626095414173 0.07458283752202993 0.25682953000068665
v 0.003546169260516765 0.06666068732738499 0.2622726857662201
v 0.0015107626095414173 0.07458283752202993 0.25682953000068665
v 0.0015107626095414173 0.07074053585529332 0.25974175333976746
v 0.0015107626095414173 0.07074053585529332 0.25974175333976746
v 0.0015107626095414173 0.07458283752202993 0.25682953000068665
v -0.00299041345715523 0.07452740520238882 0.25672629475593567
v 0.0015107626095414173 0.07074053585529332 0.25974175333976746
v -0.00299041345715523 0.07452740520238882 0.25672629475593567
v -0.00299041345715523 0.07068889588117604 0.2596376836299896
v -0.00299041345715523 0.07068889588117604 0.2596376836299896
v -0.00299041345715523 0.07452740520238882 0.25672629475593567
v -0.0073463190346956305 0.07435294985771185 0.25640174746513367
v -0.00299041345715523 0.06660748273134236 0.2621561586856842
v -0.011821994557976731 0.06608512252569203 0.2610073387622833
v -0.00299041345715523 0.06234380975365643 0.2642531096935272
v -0.00299041345715523 0.06234380975365643 0.2642531096935272
v -0.011821994557976731 0.06608512252569203 0.2610073387622833
v -0.011821994557976731 0.06186717376112942 0.2631024420261383
v -0.00299041345715523 0.06234380975365643 0.2642531096935272
v -0.011821994557976731 0.06186717376112942 0.2631024420261383
v -0.00299041345715523 0.057963725179433864 0.2659160792827606
v -0.00299041345715523 0.057963725179433864 0.2659160792827606
v -0.011821994557976731 0.06186717376112942 0.2631024420261383
v -0.011821994557976731 0.05753327161073689 0.2647673785686493
v -0.00299041345715523 0.057963725179433864 0.2659160792827606
v -0.011821994557976731 0.05753327161073689 0.2647673785686493
v -0.00299041345715523 0.05353071913123134 0.2671412527561188
v -0.011821994557976731 0.048752069473266636 0.26680830121040344
v -0.011821994557976731 0.053146407008171116 0.26599833369255066
v -0.017091557383537303 0.05695390328764919 0.2632196247577667
v -0.011821994557976731 0.040023226290941266 0.26728078722953796
v -0.0073463190346956305 0.048992801457643544 0.26761749386787415
v -0.011821994557976731 0.048752069473266636 0.26680830121040344
v -0.011821994557976731 0.048752069473266636 0.26680830121040344
v -0.0073463190346956305 0.048992801457643544 0.26761749386787415
v -0.00299041345715523 0.05353071913123134 0.2671412527561188
v -0.011821994557976731 0.048752069473266636 0.26680830121040344
v -0.00299041345715523 0.05353071913123134 0.2671412527561188
v -0.011821994557976731 0.053146407008171116 0.26599833369255066
v -0.011821994557976731 0.053146407008171116 0.26599833369255066
v -0.00299041345715523 0.05353071913123134 0.2671412527561188
v -0.011821994557976731 0.05753327161073689 0.2647673785686493
v -0.011821994557976731 0.053146407008171116 0.26599833369255066
v -0.011821994557976731 0.05753327161073689 0.2647673785686493
v -0.017091557383537303 0.05695390328764919 0.2632196247577667
v -0.017091557383537303 0.05695390328764919 0.2632196247577667
v -0.011821994557976731 0.05753327161073689 0.2647673785686493
v -0.011821994557976731 0.06186717376112942 0.2631024420261383
v -0.017091557383537303 0.05695390328764919 0.2632196247577667
v -0.011821994557976731 0.06186717376112942 0.2631024420261383
v -0.017091557383537303 0.06538152694702153 0.25945940613746643
v -0.017091557383537303 0.06538152694702153 0.25945940613746643
v -0.011821994557976731 0.06186717376112942 0.2631024420261383
v -0.011821994557976731 0.06608512252569203 0.2610073387622833
v -0.017091557383537303 0.06538152694702153 0.25945940613746643
v -0.011821994557976731 0.06608512252569203 0.2610073387622833
v -0.011821994557976731 0.0701219737529755 0.25849446654319763
v -0.011821994557976731 0.0701219737529755 0.25849446654319763
v -0.011821994557976731 0.06608512252569203 0.2610073387622833
v -0.00299041345715523 0.06660748273134236 0.2621561586856842
v -0.033792003989219686 0.0742118507623673 0.23856762051582336
v -0.03886068984866145 0.07156907767057423 0.2343270480632782
v -0.03886068984866145 0.06595188379287724 0.24078205227851868
v -0.03886068984866145 0.06595188379287724 0.24078205227851868
v -0.03886068984866145 0.07156907767057423 0.2343270480632782
v -0.0435101427137852 0.0632903948426247 0.23583397269248962
v -0.03886068984866145 0.06595188379287724 0.24078205227851868
v -0.0435101427137852 0.0632903948426247 0.23583397269248962
v -0.0435101427137852 0.05698892474174503 0.2409919798374176
v -0.0435101427137852 0.05698892474174503 0.2409919798374176
v -0.0435101427137852 0.0632903948426247 0.23583397269248962
v -0.04765824973583225 0.054470486938953434 0.23544999957084656
v -0.0435101427137852 0.05698892474174503 0.2409919798374176
v -0.04765824973583225 0.054470486938953434 0.23544999957084656
v -0.04765824973583225 0.04797276854515079 0.23921427130699158
v -0.028397269546985644 0.0764505416154862 0.24215999245643616
v -0.033792003989219686 0.0742118507623673 0.23856762051582336
v -0.033792003989219686 0.06828990578651432 0.2451288402080536
v -0.033792003989219686 0.06828990578651432 0.2451288402080536
v -0.033792003989219686 0.0742118507623673 0.23856762051582336
v -0.03886068984866145 0.06595188379287724 0.24078205227851868
v -0.033792003989219686 0.06828990578651432 0.2451288402080536
v -0.03886068984866145 0.06595188379287724 0.24078205227851868
v -0.03886068984866145 0.05926681682467465 0.24600455164909363
v -0.03886068984866145 0.05926681682467465 0.24600455164909363
v -0.03886068984866145 0.06595188379287724 0.24078205227851868
v -0.0435101427137852 0.05698892474174503 0.2409919798374176
v -0.03886068984866145 0.05926681682467465 0.24600455164909363
v -0.0435101427137852 0.05698892474174503 0.2409919798374176
v -0.0435101427137852 0.05004556477069858 0.24475529789924622
v -0.0435101427137852 0.05004556477069858 0.24475529789924622
v -0.0435101427137852 0.05698892474174503 0.2409919798374176
v -0.04765824973583225 0.04797276854515079 0.23921427130699158
v -0.0435101427137852 0.05004556477069858 0.24475529789924622
v -0.04765824973583225 0.04797276854515079 0.23921427130699158
v -0.04765824973583225 0.04125500842928889 0.2415998876094818
v -0.017091557383537303 0.05695390328764919 0.2632196247577667
v -0.017091557383537303 0.04829783737659458 0.26528123021125793
v -0.011821994557976731 0.048752069473266636 0.26680830121040344
v -0.011821994557976731 0.048752069473266636 0.26680830121040344
v -0.017091557383537303 0.04829783737659458 0.26528123021125793
v -0.017091557383537303 0.039690855890512494 0.26579269766807556
v -0.011821994557976731 0.048752069473266636 0.26680830121040344
v -0.017091557383537303 0.039690855890512494 0.26579269766807556
v -0.011821994557976731 0.040023226290941266 0.26728078722953796
v -0.011821994557976731 0.040023226290941266 0.26728078722953796
v -0.017091557383537303 0.039690855890512494 0.26579269766807556
v -0.017091557383537303 0.030645139515399954 0.2658746540546417
v -0.033792003989219686 0.03774810582399371 0.25709500908851624
v -0.028397269546985644 0.03854866698384288 0.26067909598350525
v -0.028397269546985644 0.04673671349883082 0.2600323259830475
v -0.028397269546985644 0.029931467026472112 0.2609180510044098
v -0.028397269546985644 0.03854866698384288 0.26067909598350525
v -0.033792003989219686 0.029431186616420767 0.25744399428367615
v -0.033792003989219686 0.029431186616420767 0.25744399428367615
v -0.028397269546985644 0.03854866698384288 0.26067909598350525
v -0.033792003989219686 0.03774810582399371 0.25709500908851624
v -0.033792003989219686 0.029431186616420767 0.25744399428367615
v -0.033792003989219686 0.03774810582399371 0.25709500908851624
v -0.03886068984866145 0.028840634971857092 0.2533433735370636
v -0.013351256027817735 0.012499999254941949 0.26699569821357727
v -0.011797823943197736 0.012499999254941949 0.2671706974506378
v -0.011821994557976731 0.03085276484489443 0.2673170268535614
v -0.011821994557976731 0.03085276484489443 0.2673170268535614
v -0.011797823943197736 0.012499999254941949 0.2671706974506378
v -0.00299041345715523 0.0310068801045418 0.2683887183666229
v -0.011821994557976731 0.03085276484489443 0.2673170268535614
v -0.00299041345715523 0.0310068801045418 0.2683887183666229
v -0.0073463190346956305 0.04019940271973613 0.2680695950984955
v -0.0073463190346956305 0.04019940271973613 0.2680695950984955
v -0.00299041345715523 0.0310068801045418 0.2683887183666229
v -0.00299041345715523 0.04027014598250392 0.2683863937854767
v -0.0073463190346956305 0.04019940271973613 0.2680695950984955
v -0.00299041345715523 0.04027014598250392 0.2683863937854767
v -0.00299041345715523 0.04908941686153415 0.2679421007633209
v -0.00299041345715523 0.04908941686153415 0.2679421007633209
v -0.00299041345715523 0.04027014598250392 0.2683863937854767
v 0.0015107626095414173 0.049120295792818104 0.268045574426651
v -0.02277721837162973 0.05609430372715 0.26092275977134705
v -0.028397269546985644 0.04673671349883082 0.2600323259830475
v -0.02277721837162973 0.04762383550405506 0.26301512122154236
v -0.02277721837162973 0.04762383550405506 0.26301512122154236
v -0.028397269546985644 0.04673671349883082 0.2600323259830475
v -0.028397269546985644 0.03854866698384288 0.26067909598350525
v -0.02277721837162973 0.04762383550405506 0.26301512122154236
v -0.028397269546985644 0.03854866698384288 0.26067909598350525
v -0.02277721837162973 0.039197713136673 0.2635848820209503
v -0.02277721837162973 0.039197713136673 0.2635848820209503
v -0.028397269546985644 0.03854866698384288 0.26067909598350525
v -0.028397269546985644 0.029931467026472112 0.2609180510044098
v -0.02277721837162973 0.039197713136673 0.2635848820209503
v -0.028397269546985644 0.029931467026472112 0.2609180510044098
v -0.02277721837162973 0.030337031930685064 0.2637346088886261
v -0.02277721837162973 0.030337031930685064 0.2637346088886261
v -0.028397269546985644 0.029931467026472112 0.2609180510044098
v -0.026033025234937685 0.012499999254941949 0.26255813241004944
v -0.02277721837162973 0.030337031930685064 0.2637346088886261
v -0.026033025234937685 0.012499999254941949 0.26255813241004944
v -0.02268024161458017 0.012499999254941949 0.26373133063316345
v -0.017091557383537303 0.06538152694702153 0.25945940613746643
v -0.02277721837162973 0.05609430372715 0.26092275977134705
v -0.017091557383537303 0.05695390328764919 0.2632196247577667
v -0.017091557383537303 0.05695390328764919 0.2632196247577667
v -0.02277721837162973 0.05609430372715 0.26092275977134705
v -0.02277721837162973 0.04762383550405506 0.26301512122154236
v -0.017091557383537303 0.05695390328764919 0.2632196247577667
v -0.02277721837162973 0.04762383550405506 0.26301512122154236
v -0.017091557383537303 0.04829783737659458 0.26528123021125793
v -0.017091557383537303 0.04829783737659458 0.26528123021125793
v -0.02277721837162973 0.04762383550405506 0.26301512122154236
v -0.02277721837162973 0.039197713136673 0.2635848820209503
v -0.017091557383537303 0.04829783737659458 0.26528123021125793
v -0.02277721837162973 0.039197713136673 0.2635848820209503
v -0.017091557383537303 0.039690855890512494 0.26579269766807556
v -0.017091557383537303 0.039690855890512494 0.26579269766807556
v -0.02277721837162973 0.039197713136673 0.2635848820209503
v -0.02277721837162973 0.030337031930685064 0.2637346088886261
v -0.017091557383537303 0.039690855890512494 0.26579269766807556
v -0.02277721837162973 0.030337031930685064 0.2637346088886261
v -0.017091557383537303 0.030645139515399954 0.2658746540546417
v -0.017091557383537303 0.030645139515399954 0.2658746540546417
v -0.02277721837162973 0.030337031930685064 0.2637346088886261
v -0.02268024161458017 0.012499999254941949 0.26373133063316345
v -0.0073463190346956305 0.07435294985771185 0.25640174746513367
v -0.011821994557976731 0.0701219737529755 0.25849446654319763
v -0.00299041345715523 0.07068889588117604 0.2596376836299896
v -0.00299041345715523 0.07068889588117604 0.2596376836299896
v -0.011821994557976731 0.0701219737529755 0.25849446654319763
v -0.00299041345715523 0.06660748273134236 0.2621561586856842
v -0.00299041345715523 0.07068889588117604 0.2596376836299896
v -0.00299041345715523 0.06660748273134236 0.2621561586856842
v 0.0015107626095414173 0.06665516644716267 0.262260764837265
v 0.0015107626095414173 0.06665516644716267 0.262260764837265
v -0.00299041345715523 0.06660748273134236 0.2621561586856842
v 0.0015107626095414173 0.062387418001890224 0.26435789465904236
v 0.0015107626095414173 0.06665516644716267 0.262260764837265
v 0.0015107626095414173 0.062387418001890224 0.26435789465904236
v 0.003546169260516765 0.05800794437527661 0.2660326659679413
v 0.003546169260516765 0.05800794437527661 0.2660326659679413
v 0.0015107626095414173 0.062387418001890224 0.26435789465904236
v 0.0015107626095414173 0.05800326541066174 0.26602068543434143
v 0.003546169260516765 0.05800794437527661 0.2660326659679413
v 0.0015107626095414173 0.05800326541066174 0.26602068543434143
v 0.003546169260516765 0.04912390932440761 0.26805755496025085
v 0.003546169260516765 0.04912390932440761 0.26805755496025085
v 0.0015107626095414173 0.05800326541066174 0.26602068543434143
v 0.0015107626095414173 0.05356621369719509 0.2672453224658966
v 0.003546169260516765 0.04912390932440761 0.26805755496025085
v 0.0015107626095414173 0.05356621369719509 0.2672453224658966
v 0.0015107626095414173 0.049120295792818104 0.268045574426651
v 0.0015107626095414173 0.049120295792818104 0.268045574426651
v 0.0015107626095414173 0.05356621369719509 0.2672453224658966
v -0.00299041345715523 0.05353071913123134 0.2671412527561188
v 0.0015107626095414173 0.049120295792818104 0.268045574426651
v -0.00299041345715523 0.05353071913123134 0.2671412527561188
v -0.00299041345715523 0.04908941686153415 0.2679421007633209
v -0.00299041345715523 0.04908941686153415 0.2679421007633209
v -0.00299041345715523 0.05353071913123134 0.2671412527561188
v -0.0073463190346956305 0.048992801457643544 0.26761749386787415
v -0.00299041345715523 0.04908941686153415 0.2679421007633209
v -0.0073463190346956305 0.048992801457643544 0.26761749386787415
v -0.0073463190346956305 0.04019940271973613 0.2680695950984955
v -0.0073463190346956305 0.04019940271973613 0.2680695950984955
v -0.0073463190346956305 0.048992801457643544 0.26761749386787415
v -0.011821994557976731 0.040023226290941266 0.26728078722953796
v -0.0073463190346956305 0.04019940271973613 0.2680695950984955
v -0.011821994557976731 0.040023226290941266 0.26728078722953796
v -0.011821994557976731 0.03085276484489443 0.2673170268535614
v -0.011821994557976731 0.03085276484489443 0.2673170268535614
v -0.011821994557976731 0.040023226290941266 0.26728078722953796
v -0.017091557383537303 0.030645139515399954 0.2658746540546417
v -0.011821994557976731 0.03085276484489443 0.2673170268535614
v -0.017091557383537303 0.030645139515399954 0.2658746540546417
v -0.013351256027817735 0.012499999254941949 0.26699569821357727
v -0.013351256027817735 0.012499999254941949 0.26699569821357727
v -0.017091557383537303 0.030645139515399954 0.2658746540546417
v -0.02268024161458017 0.012499999254941949 0.26373133063316345
v -0.02277721837162973 0.07826527208089834 0.24507221579551697
v -0.028397269546985644 0.0764505416154862 0.24215999245643616
v -0.028397269546985644 0.07027048617601399 0.24881115555763245
v -0.028397269546985644 0.07027048617601399 0.24881115555763245
v -0.028397269546985644 0.0764505416154862 0.24215999245643616
v -0.033792003989219686 0.06828990578651432 0.2451288402080536
v -0.028397269546985644 0.07027048617601399 0.24881115555763245
v -0.033792003989219686 0.06828990578651432 0.2451288402080536
v -0.033792003989219686 0.061267908662557644 0.25040796399116516
v -0.033792003989219686 0.061267908662557644 0.25040796399116516
v -0.033792003989219686 0.06828990578651432 0.2451288402080536
v -0.03886068984866145 0.05926681682467465 0.24600455164909363
v -0.033792003989219686 0.061267908662557644 0.25040796399116516
v -0.03886068984866145 0.05926681682467465 0.24600455164909363
v -0.03886068984866145 0.05192043259739879 0.24976703524589539
v -0.03886068984866145 0.05192043259739879 0.24976703524589539
v -0.03886068984866145 0.05926681682467465 0.24600455164909363
v -0.0435101427137852 0.05004556477069858 0.24475529789924622
v -0.03886068984866145 0.05192043259739879 0.24976703524589539
v -0.0435101427137852 0.05004556477069858 0.24475529789924622
v -0.0435101427137852 0.04288053512573245 0.24706587195396423
v -0.0435101427137852 0.04288053512573245 0.24706587195396423
v -0.0435101427137852 0.05004556477069858 0.24475529789924622
v -0.04765824973583225 0.04125500842928889 0.2415998876094818
v -0.0435101427137852 0.04288053512573245 0.24706587195396423
v -0.04765824973583225 0.04125500842928889 0.2415998876094818
v -0.04765824973583225 0.03453831747174265 0.24272510409355164
v -0.017091557383537303 0.07964380085468298 0.2472846806049347
v -0.02277721837162973 0.07826527208089834 0.24507221579551697
v -0.02277721837162973 0.07187604159116749 0.25179627537727356
v -0.02277721837162973 0.07187604159116749 0.25179627537727356
v -0.02277721837162973 0.07826527208089834 0.24507221579551697
v -0.028397269546985644 0.07027048617601399 0.24881115555763245
v -0.02277721837162973 0.07187604159116749 0.25179627537727356
v -0.028397269546985644 0.07027048617601399 0.24881115555763245
v -0.028397269546985644 0.06296313554048542 0.25413820147514343
v -0.028397269546985644 0.06296313554048542 0.25413820147514343
v -0.028397269546985644 0.07027048617601399 0.24881115555763245
v -0.033792003989219686 0.061267908662557644 0.25040796399116516
v -0.028397269546985644 0.06296313554048542 0.25413820147514343
v -0.033792003989219686 0.061267908662557644 0.25040796399116516
v -0.033792003989219686 0.05356754735112194 0.25416967272758484
v -0.033792003989219686 0.05356754735112194 0.25416967272758484
v -0.033792003989219686 0.061267908662557644 0.25040796399116516
v -0.03886068984866145 0.05192043259739879 0.24976703524589539
v -0.033792003989219686 0.05356754735112194 0.25416967272758484
v -0.03886068984866145 0.05192043259739879 0.24976703524589539
v -0.03886068984866145 0.0443508215248585 0.2520098388195038
v -0.03886068984866145 0.0443508215248585 0.2520098388195038
v -0.03886068984866145 0.05192043259739879 0.24976703524589539
v -0.0435101427137852 0.04288053512573245 0.24706587195396423
v -0.03886068984866145 0.0443508215248585 0.2520098388195038
v -0.0435101427137852 0.04288053512573245 0.24706587195396423
v -0.0435101427137852 0.03572750836610796 0.24804899096488953
v -0.0435101427137852 0.03572750836610796 0.24804899096488953
v -0.0435101427137852 0.04288053512573245 0.24706587195396423
v -0.04765824973583225 0.03453831747174265 0.24272510409355164
v -0.0435101427137852 0.03572750836610796 0.24804899096488953
v -0.04765824973583225 0.03453831747174265 0.24272510409355164
v -0.04765824973583225 0.02742515131831171 0.24351534247398376
v -0.05994019284844403 0.028175193816423433 0.19761595129966736
v -0.05994019284844403 0.02496981807053091 0.19988849759101868
v -0.05939660966396336 0.03191044554114344 0.21017679572105408
v -0.05939660966396336 0.03191044554114344 0.21017679572105408
v -0.05994019284844403 0.02496981807053091 0.19988849759101868
v -0.05939660966396336 0.027702283114194887 0.21212121844291687
v -0.05939660966396336 0.03191044554114344 0.21017679572105408
v -0.05939660966396336 0.027702283114194887 0.21212121844291687
v -0.05828642845153813 0.033831071108579656 0.21663543581962585
v -0.05828642845153813 0.033831071108579656 0.21663543581962585
v -0.05939660966396336 0.027702283114194887 0.21212121844291687
v -0.05828642845153813 0.02910730242729189 0.21841123700141907
v -0.05828642845153813 0.033831071108579656 0.21663543581962585
v -0.05828642845153813 0.02910730242729189 0.21841123700141907
v -0.05656765401363376 0.03575835004448893 0.22311636805534363
v -0.011821994557976731 0.0805725976824761 0.2487756311893463
v -0.017091557383537303 0.07964380085468298 0.2472846806049347
v -0.017091557383537303 0.07309573143720632 0.25406399369239807
v -0.017091557383537303 0.07309573143720632 0.25406399369239807
v -0.017091557383537303 0.07964380085468298 0.2472846806049347
v -0.02277721837162973 0.07187604159116749 0.25179627537727356
v -0.017091557383537303 0.07309573143720632 0.25406399369239807
v -0.02277721837162973 0.07187604159116749 0.25179627537727356
v -0.02277721837162973 0.06433743238449101 0.2571621239185333
v -0.02277721837162973 0.06433743238449101 0.2571621239185333
v -0.02277721837162973 0.07187604159116749 0.25179627537727356
v -0.028397269546985644 0.06296313554048542 0.25413820147514343
v -0.02277721837162973 0.06433743238449101 0.2571621239185333
v -0.028397269546985644 0.06296313554048542 0.25413820147514343
v -0.028397269546985644 0.0549629703164101 0.2578992545604706
v -0.028397269546985644 0.0549629703164101 0.2578992545604706
v -0.028397269546985644 0.06296313554048542 0.25413820147514343
v -0.033792003989219686 0.05356754735112194 0.25416967272758484
v -0.028397269546985644 0.0549629703164101 0.2578992545604706
v -0.033792003989219686 0.05356754735112194 0.25416967272758484
v -0.033792003989219686 0.04564246907830241 0.2563529908657074
v -0.033792003989219686 0.04564246907830241 0.2563529908657074
v -0.033792003989219686 0.05356754735112194 0.25416967272758484
v -0.03886068984866145 0.0443508215248585 0.2520098388195038
v -0.033792003989219686 0.04564246907830241 0.2563529908657074
v -0.03886068984866145 0.0443508215248585 0.2520098388195038
v -0.03886068984866145 0.03680314496159556 0.2528645098209381
v -0.03886068984866145 0.03680314496159556 0.2528645098209381
v -0.03886068984866145 0.0443508215248585 0.2520098388195038
v -0.0435101427137852 0.03572750836610796 0.24804899096488953
v -0.03886068984866145 0.03680314496159556 0.2528645098209381
v -0.0435101427137852 0.03572750836610796 0.24804899096488953
v -0.0435101427137852 0.028168391436338442 0.24867573380470276
v -0.0435101427137852 0.028168391436338442 0.24867573380470276
v -0.0435101427137852 0.03572750836610796 0.24804899096488953
v -0.04765824973583225 0.02742515131831171 0.24351534247398376
v -0.0435101427137852 0.028168391436338442 0.24867573380470276
v -0.04765824973583225 0.02742515131831171 0.24351534247398376
v -0.04765824973583225 0.020288106054067626 0.24431964755058289
v -0.054219275712966954 0.01960932277143003 0.23327502608299255
v -0.05418135598301891 0.012499999254941949 0.23418083786964417
v -0.05405813083052639 0.012499999254941949 0.23453304171562195
v -0.05124292895197872 0.04574036598205569 0.2332463562488556
v -0.054219275712966954 0.03766057267785075 0.22951295971870422
v -0.05124292895197872 0.03950428962707522 0.23571279644966125
v -0.05124292895197872 0.03950428962707522 0.23571279644966125
v -0.054219275712966954 0.03766057267785075 0.22951295971870422
v -0.054219275712966954 0.03190876916050913 0.23095300793647766
v -0.05124292895197872 0.03950428962707522 0.23571279644966125
v -0.054219275712966954 0.03190876916050913 0.23095300793647766
v -0.05124292895197872 0.03325755521655085 0.23699131608009338
v -0.05124292895197872 0.03325755521655085 0.23699131608009338
v -0.054219275712966954 0.03190876916050913 0.23095300793647766
v -0.054219275712966954 0.025781625881791132 0.23210474848747253
v -0.05124292895197872 0.03325755521655085 0.23699131608009338
v -0.054219275712966954 0.025781625881791132 0.23210474848747253
v -0.05124292895197872 0.026624655351042765 0.23795762658119202
v -0.05124292895197872 0.026624655351042765 0.23795762658119202
v -0.054219275712966954 0.025781625881791132 0.23210474848747253
v -0.054219275712966954 0.01960932277143003 0.23327502608299255
v -0.05124292895197872 0.026624655351042765 0.23795762658119202
v -0.054219275712966954 0.01960932277143003 0.23327502608299255
v -0.05124292895197872 0.01995750889182092 0.23894020915031433
v -0.05124292895197872 0.01995750889182092 0.23894020915031433
v -0.054219275712966954 0.01960932277143003 0.23327502608299255
v -0.05405813083052639 0.012499999254941949 0.23453304171562195
v -0.05124292895197872 0.01995750889182092 0.23894020915031433
v -0.05405813083052639 0.012499999254941949 0.23453304171562195
v -0.050928626209497486 0.012499999254941949 0.2395136058330536
v -0.04765824973583225 0.054470486938953434 0.23544999957084656
v -0.05124292895197872 0.04574036598205569 0.2332463562488556
v -0.04765824973583225 0.04797276854515079 0.23921427130699158
v -0.04765824973583225 0.04797276854515079 0.23921427130699158
v -0.05124292895197872 0.04574036598205569 0.2332463562488556
v -0.05124292895197872 0.03950428962707522 0.23571279644966125
v -0.04765824973583225 0.04797276854515079 0.23921427130699158
v -0.05124292895197872 0.03950428962707522 0.23571279644966125
v -0.04765824973583225 0.04125500842928889 0.2415998876094818
v -0.04765824973583225 0.04125500842928889 0.2415998876094818
v -0.05124292895197872 0.03950428962707522 0.23571279644966125
v -0.05124292895197872 0.03325755521655085 0.23699131608009338
v -0.04765824973583225 0.04125500842928889 0.2415998876094818
v -0.05124292895197872 0.03325755521655085 0.23699131608009338
v -0.04765824973583225 0.03453831747174265 0.24272510409355164
v -0.04765824973583225 0.03453831747174265 0.24272510409355164
v -0.05124292895197872 0.03325755521655085 0.23699131608009338
v -0.05124292895197872 0.026624655351042765 0.23795762658119202
v -0.04765824973583225 0.03453831747174265 0.24272510409355164
v -0.05124292895197872 0.026624655351042765 0.23795762658119202
v -0.04765824973583225 0.02742515131831171 0.24351534247398376
v -0.04765824973583225 0.02742515131831171 0.24351534247398376
v -0.05124292895197872 0.026624655351042765 0.23795762658119202
v -0.05124292895197872 0.01995750889182092 0.23894020915031433
v -0.04765824973583225 0.02742515131831171 0.24351534247398376
v -0.05124292895197872 0.01995750889182092 0.23894020915031433
v -0.04765824973583225 0.020288106054067626 0.24431964755058289
v -0.04765824973583225 0.020288106054067626 0.24431964755058289
v -0.05124292895197872 0.01995750889182092 0.23894020915031433
v -0.050928626209497486 0.012499999254941949 0.2395136058330536
v -0.04765824973583225 0.020288106054067626 0.24431964755058289
v -0.050928626209497486 0.012499999254941949 0.2395136058330536
v -0.0475539825856686 0.012499999254941949 0.24488434195518494
v -0.05656765401363376 0.01925005763769151 0.2274300754070282
v -0.05656765401363376 0.0249118320643902 0.2260662019252777
v -0.05828642845153813 0.018886037170887007 0.2215081751346588
v -0.05828642845153813 0.018886037170887007 0.2215081751346588
v -0.05656765401363376 0.0249118320643902 0.2260662019252777
v -0.05828642845153813 0.024030569940805453 0.21994814276695251
v -0.05828642845153813 0.018886037170887007 0.2215081751346588
v -0.05828642845153813 0.024030569940805453 0.21994814276695251
v -0.05939660966396336 0.018523249775171294 0.21560677886009216
v -0.05939660966396336 0.018523249775171294 0.21560677886009216
v -0.05939660966396336 0.01592485234141351 0.216523677110672
v -0.05828642845153813 0.018886037170887007 0.2215081751346588
v -0.05828642845153813 0.018886037170887007 0.2215081751346588
v -0.05939660966396336 0.01592485234141351 0.216523677110672
v -0.05828642845153813 0.016060519963502894 0.2223242223262787
v -0.05828642845153813 0.018886037170887007 0.2215081751346588
v -0.05828642845153813 0.016060519963502894 0.2223242223262787
v -0.05656765401363376 0.01925005763769151 0.2274300754070282
v -0.05656765401363376 0.01925005763769151 0.2274300754070282
v -0.05828642845153813 0.016060519963502894 0.2223242223262787
v -0.05656765401363376 0.016196584329009066 0.22814473509788513
v -0.05621196702122692 0.012499999254941949 0.22837772965431213
v -0.05656765401363376 0.016196584329009066 0.22814473509788513
v -0.058197256177663845 0.012499999254941949 0.22270408272743225
v -0.058197256177663845 0.012499999254941949 0.22270408272743225
v -0.05656765401363376 0.016196584329009066 0.22814473509788513
v -0.05828642845153813 0.016060519963502894 0.2223242223262787
v -0.058197256177663845 0.012499999254941949 0.22270408272743225
v -0.05828642845153813 0.016060519963502894 0.2223242223262787
v -0.058495674282312435 0.012499999254941949 0.22185125946998596
v -0.058495674282312435 0.012499999254941949 0.22185125946998596
v -0.05828642845153813 0.016060519963502894 0.2223242223262787
v -0.05939660966396336 0.01592485234141351 0.216523677110672
v -0.058495674282312435 0.012499999254941949 0.22185125946998596
v -0.05939660966396336 0.01592485234141351 0.216523677110672
v -0.059048019349575084 0.012499999254941949 0.21694907546043396
v -0.059999998658895534 0.012499999254941949 0.2084999978542328
v -0.05418135598301891 0.012499999254941949 0.23418083786964417
v -0.05656765401363376 0.016196584329009066 0.22814473509788513
v -0.05418135598301891 0.012499999254941949 0.23418083786964417
v -0.054219275712966954 0.01960932277143003 0.23327502608299255
v -0.05656765401363376 0.016196584329009066 0.22814473509788513
v -0.054219275712966954 0.01960932277143003 0.23327502608299255
v -0.05656765401363376 0.01925005763769151 0.2274300754070282
v -0.05656765401363376 0.01925005763769151 0.2274300754070282
v -0.054219275712966954 0.01960932277143003 0.23327502608299255
v -0.054219275712966954 0.025781625881791132 0.23210474848747253
v -0.05656765401363376 0.01925005763769151 0.2274300754070282
v -0.054219275712966954 0.025781625881791132 0.23210474848747253
v -0.05656765401363376 0.0249118320643902 0.2260662019252777
v -0.05656765401363376 0.0249118320643902 0.2260662019252777
v -0.054219275712966954 0.025781625881791132 0.23210474848747253
v -0.054219275712966954 0.03190876916050913 0.23095300793647766
v -0.05656765401363376 0.0249118320643902 0.2260662019252777
v -0.054219275712966954 0.03190876916050913 0.23095300793647766
v -0.05656765401363376 0.03051719442009928 0.22472313046455383
v -0.05656765401363376 0.03051719442009928 0.22472313046455383
v -0.054219275712966954 0.03190876916050913 0.23095300793647766
v -0.054219275712966954 0.03766057267785075 0.22951295971870422
v -0.04690988734364513 0.012499999254941949 0.24590936303138733
v -0.04325769841670993 0.012499999254941949 0.24956157803535461
v -0.0435101427137852 0.020595030859112753 0.24931445717811584
v -0.038733109831810025 0.012499999254941949 0.2540861666202545
v -0.0435101427137852 0.020595030859112753 0.24931445717811584
v -0.038733109831810025 0.012499999254941949 0.2540861666202545
v -0.03886068984866145 0.028840634971857092 0.2533433735370636
v -0.03886068984866145 0.028840634971857092 0.2533433735370636
v -0.038733109831810025 0.012499999254941949 0.2540861666202545
v -0.03740938752889636 0.012499999254941949 0.2554098665714264
v -0.03886068984866145 0.028840634971857092 0.2533433735370636
v -0.03740938752889636 0.012499999254941949 0.2554098665714264
v -0.033792003989219686 0.029431186616420767 0.25744399428367615
v -0.033792003989219686 0.029431186616420767 0.25744399428367615
v -0.03740938752889636 0.012499999254941949 0.2554098665714264
v -0.03361354768276217 0.012499999254941949 0.25779494643211365
v -0.033792003989219686 0.029431186616420767 0.25744399428367615
v -0.03361354768276217 0.012499999254941949 0.25779494643211365
v -0.028397269546985644 0.029931467026472112 0.2609180510044098
v -0.028397269546985644 0.029931467026472112 0.2609180510044098
v -0.03361354768276217 0.012499999254941949 0.25779494643211365
v -0.02827067859470846 0.012499999254941949 0.26115211844444275
v -0.026033025234937685 0.012499999254941949 0.26255813241004944
v -0.05429974943399433 0.02284464612603189 0.15615728497505188
v -0.05429974943399433 0.022849457338452353 0.1606510579586029
v -0.056628901511430775 0.026741124689579027 0.16240790486335754
v -0.056628901511430775 0.026741124689579027 0.16240790486335754
v -0.05429974943399433 0.022849457338452353 0.1606510579586029
v -0.056628901511430775 0.02629619278013708 0.16705861687660217
v -0.056628901511430775 0.026741124689579027 0.16240790486335754
v -0.056628901511430775 0.02629619278013708 0.16705861687660217
v -0.058328893035650295 0.030686717480421087 0.16873744130134583
v -0.058328893035650295 0.030686717480421087 0.16873744130134583
v -0.056628901511430775 0.02629619278013708 0.16705861687660217
v -0.058328893035650295 0.029786404222250006 0.17354711890220642
v -0.058328893035650295 0.030686717480421087 0.16873744130134583
v -0.058328893035650295 0.029786404222250006 0.17354711890220642
v -0.05994019284844403 0.03846583515405658 0.1812169849872589
v -0.05994019284844403 0.03846583515405658 0.1812169849872589
v -0.058328893035650295 0.029786404222250006 0.17354711890220642
v -0.05994019284844403 0.03666776418685916 0.18633994460105896
v -0.05994019284844403 0.03846583515405658 0.1812169849872589
v -0.05994019284844403 0.03666776418685916 0.18633994460105896
v -0.05939660966396336 0.04611071571707728 0.19348153471946716
v -0.05939660966396336 0.04611071571707728 0.19348153471946716
v -0.05994019284844403 0.03666776418685916 0.18633994460105896
v -0.05939660966396336 0.043430469930171994 0.19891229271888733
v -0.05939660966396336 0.04611071571707728 0.19348153471946716
v -0.05939660966396336 0.043430469930171994 0.19891229271888733
v -0.05828642845153813 0.05004149302840236 0.19978776574134827
v -0.05828642845153813 0.05004149302840236 0.19978776574134827
v -0.05939660966396336 0.043430469930171994 0.19891229271888733
v -0.05828642845153813 0.046907693147659336 0.20537671446800232
v -0.05828642845153813 0.05004149302840236 0.19978776574134827
v -0.05828642845153813 0.046907693147659336 0.20537671446800232
v -0.05656765401363376 0.05398578196763996 0.2061157524585724
v -0.05656765401363376 0.05398578196763996 0.2061157524585724
v -0.05828642845153813 0.046907693147659336 0.20537671446800232
v -0.05656765401363376 0.05039689317345623 0.2118634283542633
v -0.05656765401363376 0.05398578196763996 0.2061157524585724
v -0.05656765401363376 0.05039689317345623 0.2118634283542633
v -0.054219275712966954 0.05787868052721028 0.2123614251613617
v -0.054219275712966954 0.05787868052721028 0.2123614251613617
v -0.05656765401363376 0.05039689317345623 0.2118634283542633
v -0.054219275712966954 0.053840663284063374 0.21826574206352234
v -0.054219275712966954 0.05787868052721028 0.2123614251613617
v -0.054219275712966954 0.053840663284063374 0.21826574206352234
v -0.05124292895197872 0.061651725322008175 0.21841487288475037
v -0.05124292895197872 0.061651725322008175 0.21841487288475037
v -0.054219275712966954 0.053840663284063374 0.21826574206352234
v -0.05124292895197872 0.057178437709808384 0.2244710624217987
v -0.05124292895197872 0.061651725322008175 0.21841487288475037
v -0.05124292895197872 0.057178437709808384 0.2244710624217987
v -0.04765824973583225 0.0652343407273293 0.2241629660129547
v -0.04765824973583225 0.0652343407273293 0.2241629660129547
v -0.05124292895197872 0.057178437709808384 0.2244710624217987
v -0.04765824973583225 0.060347776859998745 0.23036321997642517
v -0.04765824973583225 0.0652343407273293 0.2241629660129547
v -0.04765824973583225 0.060347776859998745 0.23036321997642517
v -0.0435101427137852 0.06856061518192295 0.2294999063014984
v -0.05429974943399433 0.02238002419471742 0.1648288071155548
v -0.05429974943399433 0.02156387269496919 0.1686059534549713
v -0.056628901511430775 0.025329526513814943 0.17131999135017395
v -0.056628901511430775 0.025329526513814943 0.17131999135017395
v -0.05429974943399433 0.02156387269496919 0.1686059534549713
v -0.056628901511430775 0.0239909738302231 0.17509594559669495
v -0.056628901511430775 0.025329526513814943 0.17131999135017395
v -0.056628901511430775 0.0239909738302231 0.17509594559669495
v -0.058328893035650295 0.028316266834735888 0.17789307236671448
v -0.058328893035650295 0.028316266834735888 0.17789307236671448
v -0.056628901511430775 0.0239909738302231 0.17509594559669495
v -0.058328893035650295 0.026448762044310587 0.1816677749156952
v -0.058328893035650295 0.028316266834735888 0.17789307236671448
v -0.058328893035650295 0.026448762044310587 0.1816677749156952
v -0.05994019284844403 0.03420507162809374 0.19085273146629333
v -0.05994019284844403 0.03420507162809374 0.19085273146629333
v -0.058328893035650295 0.026448762044310587 0.1816677749156952
v -0.05994019284844403 0.031294774264097235 0.19462504982948303
v -0.05994019284844403 0.03420507162809374 0.19085273146629333
v -0.05994019284844403 0.031294774264097235 0.19462504982948303
v -0.05939660966396336 0.03999245166778567 0.2035890519618988
v -0.05939660966396336 0.03999245166778567 0.2035890519618988
v -0.05994019284844403 0.031294774264097235 0.19462504982948303
v -0.05939660966396336 0.03605746477842333 0.20735904574394226
v -0.05939660966396336 0.03999245166778567 0.2035890519618988
v -0.05939660966396336 0.03605746477842333 0.20735904574394226
v -0.05828642845153813 0.04296822845935824 0.2101377546787262
v -0.05828642845153813 0.04296822845935824 0.2101377546787262
v -0.05939660966396336 0.03605746477842333 0.20735904574394226
v -0.05828642845153813 0.03850641846656802 0.21390655636787415
v -0.05828642845153813 0.04296822845935824 0.2101377546787262
v -0.05828642845153813 0.03850641846656802 0.21390655636787415
v -0.05656765401363376 0.045954294502735166 0.21670904755592346
v -0.05656765401363376 0.045954294502735166 0.21670904755592346
v -0.05828642845153813 0.03850641846656802 0.21390655636787415
v -0.05656765401363376 0.04096387699246409 0.22047671675682068
v -0.05656765401363376 0.045954294502735166 0.21670904755592346
v -0.05656765401363376 0.04096387699246409 0.22047671675682068
v -0.054219275712966954 0.048901509493589436 0.22319486737251282
v -0.054219275712966954 0.048901509493589436 0.22319486737251282
v -0.05656765401363376 0.04096387699246409 0.22047671675682068
v -0.054219275712966954 0.043389413505792646 0.22696128487586975
v -0.054219275712966954 0.048901509493589436 0.22319486737251282
v -0.054219275712966954 0.043389413505792646 0.22696128487586975
v -0.05124292895197872 0.051758054643869435 0.22948101162910461
v 0.0336328372359276 0.006296610925346617 0.12962433695793152
v 0.0336328372359276 0.009860819205641753 0.1372702419757843
v 0.028229752555489557 0.004070580471307042 0.12605229020118713
v 0.028229752555489557 0.004070580471307042 0.12605229020118713
v 0.0336328372359276 0.009860819205641753 0.1372702419757843
v 0.028229752555489557 0.008175177499651914 0.13356110453605652
v 0.028229752555489557 0.004070580471307042 0.12605229020118713
v 0.028229752555489557 0.008175177499651914 0.13356110453605652
v 0.022604495286941542 0.0022688845638185753 0.12316099554300308
v 0.022604495286941542 0.0022688845638185753 0.12316099554300308
v 0.028229752555489557 0.008175177499651914 0.13356110453605652
v 0.022604495286941542 0.006810745690017943 0.13055887818336487
v 0.022604495286941542 0.0022688845638185753 0.12316099554300308
v 0.022604495286941542 0.006810745690017943 0.13055887818336487
v 0.016859784722328196 0.0009001087164506323 0.12096414715051651
v 0.016859784722328196 0.0009001087164506323 0.12096414715051651
v 0.022604495286941542 0.006810745690017943 0.13055887818336487
v 0.016859784722328196 0.005774031858891252 0.12827786803245544
v 0.016859784722328196 0.0009001087164506323 0.12096414715051651
v 0.016859784722328196 0.005774031858891252 0.12827786803245544
v 0.011092000640928752 -4.5182554458733675e-05 0.11944667249917984
v 0.011092000640928752 -4.5182554458733675e-05 0.11944667249917984
v 0.016859784722328196 0.005774031858891252 0.12827786803245544
v 0.011092000640928752 0.005057903006672863 0.12670233845710754
v 0.011092000640928752 -4.5182554458733675e-05 0.11944667249917984
v 0.011092000640928752 0.005057903006672863 0.12670233845710754
v 0.005397376604378227 -0.0005850966554135088 0.11857954412698746
v 0.005397376604378227 -0.0005850966554135088 0.11857954412698746
v 0.011092000640928752 0.005057903006672863 0.12670233845710754
v 0.005397376604378227 0.0046486589126288926 0.1258021891117096
v 0.005397376604378227 -0.0005850966554135088 0.11857954412698746
v 0.005397376604378227 0.0046486589126288926 0.1258021891117096
v -0.00016779782890807848 -0.0007498768391087657 0.11831430345773697
v -0.00016779782890807848 -0.0007498768391087657 0.11831430345773697
v 0.005397376604378227 0.0046486589126288926 0.1258021891117096
v -0.00016779782890807848 0.004523410927504304 0.1255270540714264
v -0.00016779782890807848 -0.0007498768391087657 0.11831430345773697
v -0.00016779782890807848 0.004523410927504304 0.1255270540714264
v -0.005738519132137302 -0.0005608161445707086 0.11861667782068253
v -0.005738519132137302 -0.0005608161445707086 0.11861667782068253
v -0.00016779782890807848 0.004523410927504304 0.1255270540714264
v -0.005738519132137302 0.004666027147322897 0.12584134936332703
v -0.005738519132137302 -0.0005608161445707086 0.11861667782068253
v -0.005738519132137302 0.004666027147322897 0.12584134936332703
v -0.011440484784543521 5.467889877763813e-06 0.11952421814203262
v -0.011440484784543521 5.467889877763813e-06 0.11952421814203262
v -0.005738519132137302 0.004666027147322897 0.12584134936332703
v -0.011440484784543521 0.0050941975787282025 0.12678411602973938
v -0.011440484784543521 5.467889877763813e-06 0.11952421814203262
v -0.011440484784543521 0.0050941975787282025 0.12678411602973938
v -0.017209554091095935 0.0009785770671442158 0.12108436971902847
v -0.017209554091095935 0.0009785770671442158 0.12108436971902847
v -0.011440484784543521 0.0050941975787282025 0.12678411602973938
v -0.017209554091095935 0.00583033682778478 0.1284046471118927
v -0.017209554091095935 0.0009785770671442158 0.12108436971902847
v -0.017209554091095935 0.00583033682778478 0.1284046471118927
v -0.02294983156025411 0.002376075135543944 0.12332538515329361
v -0.02294983156025411 0.002376075135543944 0.12332538515329361
v -0.017209554091095935 0.00583033682778478 0.1284046471118927
v -0.02294983156025411 0.0068877493031323 0.1307322084903717
v -0.02294983156025411 0.002376075135543944 0.12332538515329361
v -0.02294983156025411 0.0068877493031323 0.1307322084903717
v -0.028564581647515314 0.004206349607557061 0.1262606680393219
v -0.028564581647515314 0.004206349607557061 0.1262606680393219
v -0.02294983156025411 0.0068877493031323 0.1307322084903717
v -0.028564581647515314 0.00827279314398766 0.13378074765205383
v -0.028564581647515314 0.004206349607557061 0.1262606680393219
v -0.028564581647515314 0.00827279314398766 0.13378074765205383
v -0.03395087271928789 0.006460100878030066 0.12987545132637024
v -0.03395087271928789 0.006460100878030066 0.12987545132637024
v -0.028564581647515314 0.00827279314398766 0.13378074765205383
v -0.03395087271928789 0.009978438727557666 0.13753482699394226
v -0.03395087271928789 0.006460100878030066 0.12987545132637024
v -0.03395087271928789 0.009978438727557666 0.13753482699394226
v -0.039008203893899945 0.009116824716329582 0.13413670659065247
v -0.039008203893899945 0.009116824716329582 0.13413670659065247
v -0.03395087271928789 0.009978438727557666 0.13753482699394226
v -0.039008203893899945 0.011989174410700807 0.1419602930545807
v -0.039008203893899945 0.009116824716329582 0.13413670659065247
v -0.039008203893899945 0.011989174410700807 0.1419602930545807
v -0.04364354535937312 0.012137788347899922 0.1389823853969574
v -0.04364354535937312 0.012137788347899922 0.1389823853969574
v -0.039008203893899945 0.011989174410700807 0.1419602930545807
v -0.04364354535937312 0.01427568309009076 0.14699259400367737
v -0.04364354535937312 0.012137788347899922 0.1389823853969574
v -0.04364354535937312 0.01427568309009076 0.14699259400367737
v -0.04777545109391216 0.01547461561858655 0.14433488249778748
v -0.04777545109391216 0.01547461561858655 0.14433488249778748
v -0.04364354535937312 0.01427568309009076 0.14699259400367737
v -0.04777545109391216 0.01680135354399682 0.15255120396614075
v -0.04777545109391216 0.01547461561858655 0.14433488249778748
v -0.04777545109391216 0.01680135354399682 0.15255120396614075
v -0.05134218186140064 0.01906559802591802 0.15009519457817078
v -0.05134218186140064 0.01906559802591802 0.15009519457817078
v -0.04777545109391216 0.01680135354399682 0.15255120396614075
v -0.05134218186140064 0.019519476220011725 0.15853330492973328
v -0.05134218186140064 0.01906559802591802 0.15009519457817078
v -0.05134218186140064 0.019519476220011725 0.15853330492973328
v -0.05429974943399433 0.022849457338452353 0.1606510579586029
v -0.05429974943399433 0.022849457338452353 0.1606510579586029
v -0.05134218186140064 0.019519476220011725 0.15853330492973328
v -0.05429974943399433 0.02238002419471742 0.1648288071155548
v -0.05429974943399433 0.022849457338452353 0.1606510579586029
v -0.05429974943399433 0.02238002419471742 0.1648288071155548
v -0.056628901511430775 0.02629619278013708 0.16705861687660217
v -0.056628901511430775 0.02629619278013708 0.16705861687660217
v -0.05429974943399433 0.02238002419471742 0.1648288071155548
v -0.056628901511430775 0.025329526513814943 0.17131999135017395
v -0.056628901511430775 0.02629619278013708 0.16705861687660217
v -0.056628901511430775 0.025329526513814943 0.17131999135017395
v -0.058328893035650295 0.029786404222250006 0.17354711890220642
v -0.058328893035650295 0.029786404222250006 0.17354711890220642
v -0.056628901511430775 0.025329526513814943 0.17131999135017395
v -0.058328893035650295 0.028316266834735888 0.17789307236671448
v -0.058328893035650295 0.029786404222250006 0.17354711890220642
v -0.058328893035650295 0.028316266834735888 0.17789307236671448
v -0.05994019284844403 0.03666776418685916 0.18633994460105896
v -0.05994019284844403 0.03666776418685916 0.18633994460105896
v -0.058328893035650295 0.028316266834735888 0.17789307236671448
v -0.05994019284844403 0.03420507162809374 0.19085273146629333
v -0.05994019284844403 0.03666776418685916 0.18633994460105896
v -0.05994019284844403 0.03420507162809374 0.19085273146629333
v -0.05939660966396336 0.043430469930171994 0.19891229271888733
v -0.05939660966396336 0.043430469930171994 0.19891229271888733
v -0.05994019284844403 0.03420507162809374 0.19085273146629333
v -0.05939660966396336 0.03999245166778567 0.2035890519618988
v -0.05939660966396336 0.043430469930171994 0.19891229271888733
v -0.05939660966396336 0.03999245166778567 0.2035890519618988
v -0.05828642845153813 0.046907693147659336 0.20537671446800232
v -0.05828642845153813 0.046907693147659336 0.20537671446800232
v -0.05939660966396336 0.03999245166778567 0.2035890519618988
v -0.05828642845153813 0.04296822845935824 0.2101377546787262
v -0.05828642845153813 0.046907693147659336 0.20537671446800232
v -0.05828642845153813 0.04296822845935824 0.2101377546787262
v -0.05656765401363376 0.05039689317345623 0.2118634283542633
v -0.05656765401363376 0.05039689317345623 0.2118634283542633
v -0.05828642845153813 0.04296822845935824 0.2101377546787262
v -0.05656765401363376 0.045954294502735166 0.21670904755592346
v -0.05656765401363376 0.05039689317345623 0.2118634283542633
v -0.05656765401363376 0.045954294502735166 0.21670904755592346
v -0.054219275712966954 0.053840663284063374 0.21826574206352234
v -0.054219275712966954 0.053840663284063374 0.21826574206352234
v -0.05656765401363376 0.045954294502735166 0.21670904755592346
v -0.054219275712966954 0.048901509493589436 0.22319486737251282
v -0.054219275712966954 0.053840663284063374 0.21826574206352234
v -0.054219275712966954 0.048901509493589436 0.22319486737251282
v -0.05124292895197872 0.057178437709808384 0.2244710624217987
v -0.05124292895197872 0.057178437709808384 0.2244710624217987
v -0.054219275712966954 0.048901509493589436 0.22319486737251282
v -0.05124292895197872 0.051758054643869435 0.22948101162910461
v -0.05124292895197872 0.057178437709808384 0.2244710624217987
v -0.05124292895197872 0.051758054643869435 0.22948101162910461
v -0.04765824973583225 0.060347776859998745 0.23036321997642517
v -0.058328893035650295 0.01709958538413049 0.19245174527168274
v -0.058328893035650295 0.015391876921057712 0.19376292824745178
v -0.05994019284844403 0.015660807490348826 0.2052423655986786
v -0.05994019284844403 0.015660807490348826 0.2052423655986786
v -0.058328893035650295 0.015391876921057712 0.19376292824745178
v -0.058495674282312435 0.012499999254941949 0.19514873623847961
v -0.05994019284844403 0.015660807490348826 0.2052423655986786
v -0.058495674282312435 0.012499999254941949 0.19514873623847961
v -0.05970015749335293 0.012499999254941949 0.20583882927894592
v -0.039008203893899945 0.0146444644778967 0.16193321347236633
v -0.039008203893899945 0.014203252270817765 0.16236338019371033
v -0.04364354535937312 0.014749366790056239 0.16639110445976257
v -0.04364354535937312 0.014749366790056239 0.16639110445976257
v -0.039008203893899945 0.014203252270817765 0.16236338019371033
v -0.04364354535937312 0.013712089508771905 0.16710403561592102
v -0.04364354535937312 0.014749366790056239 0.16639110445976257
v -0.04364354535937312 0.013712089508771905 0.16710403561592102
v -0.04777545109391216 0.013765439391136178 0.17199251055717468
v -0.04777545109391216 0.014865122735500346 0.17131510376930237
v -0.04777545109391216 0.013765439391136178 0.17199251055717468
v -0.05134218186140064 0.014989592134952556 0.17661413550376892
v -0.05134218186140064 0.014989592134952556 0.17661413550376892
v -0.04777545109391216 0.013765439391136178 0.17199251055717468
v -0.051030449569225346 0.012499999254941949 0.17764845490455627
v -0.05134218186140064 0.014989592134952556 0.17661413550376892
v -0.051030449569225346 0.012499999254941949 0.17764845490455627
v -0.05429974943399433 0.015120489522814761 0.1821906864643097
v -0.051030449569225346 0.012499999254941949 0.17764845490455627
v -0.05405813083052639 0.012499999254941949 0.18246695399284363
v -0.05429974943399433 0.015120489522814761 0.1821906864643097
v -0.05429974943399433 0.015120489522814761 0.1821906864643097
v -0.05405813083052639 0.012499999254941949 0.18246695399284363
v -0.05424328520894054 0.012499999254941949 0.18299612402915955
v -0.05429974943399433 0.015120489522814761 0.1821906864643097
v -0.05424328520894054 0.012499999254941949 0.18299612402915955
v -0.056628901511430775 0.015255371108651172 0.1879405677318573
v -0.056628901511430775 0.015255371108651172 0.1879405677318573
v -0.05424328520894054 0.012499999254941949 0.18299612402915955
v -0.05627295374870304 0.012499999254941949 0.18879655003547668
v -0.056628901511430775 0.015255371108651172 0.1879405677318573
v -0.05627295374870304 0.012499999254941949 0.18879655003547668
v -0.058328893035650295 0.015391876921057712 0.19376292824745178
v -0.058328893035650295 0.015391876921057712 0.19376292824745178
v -0.05627295374870304 0.012499999254941949 0.18879655003547668
v -0.05825643986463551 0.012499999254941949 0.19446507096290588
v -0.058328893035650295 0.015391876921057712 0.19376292824745178
v -0.05825643986463551 0.012499999254941949 0.19446507096290588
v -0.058495674282312435 0.012499999254941949 0.19514873623847961
v -0.017209554091095935 0.009862842038273818 0.136031836271286
v -0.017209554091095935 0.013069916516542443 0.14386805891990662
v -0.02294983156025411 0.010545170865952976 0.13832685351371765
v -0.02294983156025411 0.010545170865952976 0.13832685351371765
v -0.017209554091095935 0.013069916516542443 0.14386805891990662
v -0.02294983156025411 0.013382018543779859 0.14603349566459656
v -0.02294983156025411 0.010545170865952976 0.13832685351371765
v -0.02294983156025411 0.013382018543779859 0.14603349566459656
v -0.028564581647515314 0.01143896114081145 0.14133289456367493
v -0.028564581647515314 0.01143896114081145 0.14133289456367493
v -0.02294983156025411 0.013382018543779859 0.14603349566459656
v -0.028564581647515314 0.013790814206004151 0.14887019991874695
v -0.028564581647515314 0.01143896114081145 0.14133289456367493
v -0.028564581647515314 0.013790814206004151 0.14887019991874695
v -0.03395087271928789 0.012539675459265718 0.1450347602367401
v -0.03395087271928789 0.012539675459265718 0.1450347602367401
v -0.028564581647515314 0.013790814206004151 0.14887019991874695
v -0.03395087271928789 0.014294227585196504 0.15236380696296692
v -0.03395087271928789 0.012539675459265718 0.1450347602367401
v -0.03395087271928789 0.014294227585196504 0.15236380696296692
v -0.039008203893899945 0.013837305828928956 0.1493988335132599
v -0.039008203893899945 0.013837305828928956 0.1493988335132599
v -0.03395087271928789 0.014294227585196504 0.15236380696296692
v -0.039008203893899945 0.014887677505612384 0.1564824879169464
v -0.039008203893899945 0.013837305828928956 0.1493988335132599
v -0.039008203893899945 0.014887677505612384 0.1564824879169464
v -0.04364354535937312 0.015312934294343005 0.15436145663261414
v -0.04364354535937312 0.015312934294343005 0.15436145663261414
v -0.039008203893899945 0.014887677505612384 0.1564824879169464
v -0.04364354535937312 0.015562515705823909 0.1611662209033966
v -0.04364354535937312 0.015312934294343005 0.15436145663261414
v -0.04364354535937312 0.015562515705823909 0.1611662209033966
v -0.04777545109391216 0.016942933201789866 0.15984311699867249
v -0.04777545109391216 0.016942933201789866 0.15984311699867249
v -0.04364354535937312 0.015562515705823909 0.1611662209033966
v -0.04777545109391216 0.016307935118675242 0.16634002327919006
v -0.04777545109391216 0.016942933201789866 0.15984311699867249
v -0.04777545109391216 0.016307935118675242 0.16634002327919006
v -0.05134218186140064 0.018697153776884093 0.16574248671531677
v -0.05134218186140064 0.018697153776884093 0.16574248671531677
v -0.04777545109391216 0.016307935118675242 0.16634002327919006
v -0.05134218186140064 0.017110148444771777 0.17190822958946228
v -0.05134218186140064 0.018697153776884093 0.16574248671531677
v -0.05134218186140064 0.017110148444771777 0.17190822958946228
v -0.05429974943399433 0.020543312653899207 0.17195096611976624
v -0.05429974943399433 0.020543312653899207 0.17195096611976624
v -0.05134218186140064 0.017110148444771777 0.17190822958946228
v -0.05429974943399433 0.01795439049601556 0.17776831984519958
v -0.05429974943399433 0.020543312653899207 0.17195096611976624
v -0.05429974943399433 0.01795439049601556 0.17776831984519958
v -0.056628901511430775 0.02244689874351026 0.17835256457328796
v -0.056628901511430775 0.02244689874351026 0.17835256457328796
v -0.05429974943399433 0.01795439049601556 0.17776831984519958
v -0.056628901511430775 0.018824884667992606 0.18381080031394958
v -0.056628901511430775 0.02244689874351026 0.17835256457328796
v -0.056628901511430775 0.018824884667992606 0.18381080031394958
v -0.058328893035650295 0.024374533444643038 0.18483492732048035
v -0.058328893035650295 0.024374533444643038 0.18483492732048035
v -0.056628901511430775 0.018824884667992606 0.18381080031394958
v -0.058328893035650295 0.019706364721059813 0.18992963433265686
v -0.058328893035650295 0.024374533444643038 0.18483492732048035
v -0.058328893035650295 0.019706364721059813 0.18992963433265686
v -0.05994019284844403 0.02496981807053091 0.19988849759101868
v -0.05994019284844403 0.02496981807053091 0.19988849759101868
v -0.058328893035650295 0.019706364721059813 0.18992963433265686
v -0.05994019284844403 0.02144432440400125 0.20199421048164368
v -0.05994019284844403 0.02496981807053091 0.19988849759101868
v -0.05994019284844403 0.02144432440400125 0.20199421048164368
v -0.05939660966396336 0.027702283114194887 0.21212121844291687
v -0.05939660966396336 0.027702283114194887 0.21212121844291687
v -0.05994019284844403 0.02144432440400125 0.20199421048164368
v -0.05939660966396336 0.02315234020352365 0.21385124325752258
v -0.05939660966396336 0.027702283114194887 0.21212121844291687
v -0.05939660966396336 0.02315234020352365 0.21385124325752258
v -0.05828642845153813 0.02910730242729189 0.21841123700141907
v -0.02294983156025411 0.014680091291666041 0.15092632174491882
v -0.028564581647515314 0.014708926901221286 0.1541624367237091
v -0.028564581647515314 0.014791704714298259 0.1536499559879303
v -0.028564581647515314 0.014791704714298259 0.1536499559879303
v -0.028564581647515314 0.014708926901221286 0.1541624367237091
v -0.03395087271928789 0.014814792200922976 0.15750256180763245
v -0.028564581647515314 0.014791704714298259 0.1536499559879303
v -0.03395087271928789 0.014814792200922976 0.15750256180763245
v -0.03395087271928789 0.014928905293345462 0.15700414776802063
v -0.03395087271928789 0.014928905293345462 0.15700414776802063
v -0.03395087271928789 0.014814792200922976 0.15750256180763245
v -0.039008203893899945 0.014939360320568095 0.1614401638507843
v -0.03395087271928789 0.014928905293345462 0.15700414776802063
v -0.039008203893899945 0.014939360320568095 0.1614401638507843
v -0.039008203893899945 0.015090439468622218 0.16095855832099915
v -0.039008203893899945 0.015090439468622218 0.16095855832099915
v -0.039008203893899945 0.014939360320568095 0.1614401638507843
v -0.04364354535937312 0.015080809593200694 0.1659177839756012
v -0.039008203893899945 0.015090439468622218 0.16095855832099915
v -0.04364354535937312 0.015080809593200694 0.1659177839756012
v -0.04364354535937312 0.015273947268724452 0.16545537114143372
v -0.04364354535937312 0.015273947268724452 0.16545537114143372
v -0.04364354535937312 0.015080809593200694 0.1659177839756012
v -0.04777545109391216 0.015236875042319308 0.17086371779441833
v -0.04364354535937312 0.015273947268724452 0.16545537114143372
v -0.04777545109391216 0.015236875042319308 0.17086371779441833
v -0.04777545109391216 0.015476489439606677 0.17042270302772522
v -0.04777545109391216 0.015476489439606677 0.17042270302772522
v -0.04777545109391216 0.015236875042319308 0.17086371779441833
v -0.05134218186140064 0.015694323927164088 0.17576870322227478
v -0.058328893035650295 0.01709958538413049 0.19245174527168274
v -0.056628901511430775 0.016735367476940165 0.18652895092964172
v -0.056628901511430775 0.015255371108651172 0.1879405677318573
v -0.056628901511430775 0.015255371108651172 0.1879405677318573
v -0.056628901511430775 0.016735367476940165 0.18652895092964172
v -0.05429974943399433 0.01592344418168069 0.18139484524726868
v -0.056628901511430775 0.015255371108651172 0.1879405677318573
v -0.05429974943399433 0.01592344418168069 0.18139484524726868
v -0.05429974943399433 0.015120489522814761 0.1821906864643097
v -0.05429974943399433 0.015120489522814761 0.1821906864643097
v -0.05429974943399433 0.01592344418168069 0.18139484524726868
v -0.05134218186140064 0.015694323927164088 0.17576870322227478
v -0.05429974943399433 0.015120489522814761 0.1821906864643097
v -0.05134218186140064 0.015694323927164088 0.17576870322227478
v -0.05134218186140064 0.014989592134952556 0.17661413550376892
v -0.05134218186140064 0.014989592134952556 0.17661413550376892
v -0.05134218186140064 0.015694323927164088 0.17576870322227478
v -0.04777545109391216 0.015236875042319308 0.17086371779441833
v -0.05134218186140064 0.014989592134952556 0.17661413550376892
v -0.04777545109391216 0.015236875042319308 0.17086371779441833
v -0.04777545109391216 0.014865122735500346 0.17131510376930237
v -0.04777545109391216 0.014865122735500346 0.17131510376930237
v -0.04777545109391216 0.015236875042319308 0.17086371779441833
v -0.04364354535937312 0.015080809593200694 0.1659177839756012
v -0.04777545109391216 0.014865122735500346 0.17131510376930237
v -0.04364354535937312 0.015080809593200694 0.1659177839756012
v -0.04364354535937312 0.014749366790056239 0.16639110445976257
v -0.04364354535937312 0.014749366790056239 0.16639110445976257
v -0.04364354535937312 0.015080809593200694 0.1659177839756012
v -0.039008203893899945 0.014939360320568095 0.1614401638507843
v -0.04364354535937312 0.014749366790056239 0.16639110445976257
v -0.039008203893899945 0.014939360320568095 0.1614401638507843
v -0.039008203893899945 0.0146444644778967 0.16193321347236633
v -0.039008203893899945 0.0146444644778967 0.16193321347236633
v -0.039008203893899945 0.014939360320568095 0.1614401638507843
v -0.03395087271928789 0.014814792200922976 0.15750256180763245
v -0.039008203893899945 0.0146444644778967 0.16193321347236633
v -0.03395087271928789 0.014814792200922976 0.15750256180763245
v -0.03395087271928789 0.014552097767591487 0.15801283717155457
v -0.03395087271928789 0.014552097767591487 0.15801283717155457
v -0.03395087271928789 0.014814792200922976 0.15750256180763245
v -0.028564581647515314 0.014708926901221286 0.1541624367237091
v -0.017209554091095935 0.014356596395373355 0.1478646695613861
v -0.02294983156025411 0.014680091291666041 0.15092632174491882
v -0.02294983156025411 0.014485714957118045 0.1499609649181366
v -0.02294983156025411 0.014485714957118045 0.1499609649181366
v -0.02294983156025411 0.014680091291666041 0.15092632174491882
v -0.028564581647515314 0.014791704714298259 0.1536499559879303
v -0.02294983156025411 0.014485714957118045 0.1499609649181366
v -0.028564581647515314 0.014791704714298259 0.1536499559879303
v -0.028564581647515314 0.014654774218797694 0.15270695090293884
v -0.028564581647515314 0.014654774218797694 0.15270695090293884
v -0.028564581647515314 0.014791704714298259 0.1536499559879303
v -0.03395087271928789 0.014928905293345462 0.15700414776802063
v -0.028564581647515314 0.014654774218797694 0.15270695090293884
v -0.03395087271928789 0.014928905293345462 0.15700414776802063
v -0.03395087271928789 0.014862917363643657 0.15608879923820496
v -0.03395087271928789 0.014862917363643657 0.15608879923820496
v -0.03395087271928789 0.014928905293345462 0.15700414776802063
v -0.039008203893899945 0.015090439468622218 0.16095855832099915
v -0.03395087271928789 0.014862917363643657 0.15608879923820496
v -0.039008203893899945 0.015090439468622218 0.16095855832099915
v -0.039008203893899945 0.015108246356248866 0.16007569432258606
v -0.039008203893899945 0.015108246356248866 0.16007569432258606
v -0.039008203893899945 0.015090439468622218 0.16095855832099915
v -0.04364354535937312 0.015273947268724452 0.16545537114143372
v -0.039008203893899945 0.015108246356248866 0.16007569432258606
v -0.04364354535937312 0.015273947268724452 0.16545537114143372
v -0.04364354535937312 0.015387184917926799 0.16460952162742615
v -0.04364354535937312 0.015387184917926799 0.16460952162742615
v -0.04364354535937312 0.015273947268724452 0.16545537114143372
v -0.04777545109391216 0.015476489439606677 0.17042270302772522
v -0.04364354535937312 0.015387184917926799 0.16460952162742615
v -0.04777545109391216 0.015476489439606677 0.17042270302772522
v -0.04777545109391216 0.015695268288254748 0.16961774230003357
v -0.04777545109391216 0.015695268288254748 0.16961774230003357
v -0.04777545109391216 0.015476489439606677 0.17042270302772522
v -0.05134218186140064 0.015694323927164088 0.17576870322227478
v -0.04777545109391216 0.015695268288254748 0.16961774230003357
v -0.05134218186140064 0.015694323927164088 0.17576870322227478
v -0.05134218186140064 0.016026796773076068 0.17500761151313782
v -0.05134218186140064 0.016026796773076068 0.17500761151313782
v -0.05134218186140064 0.015694323927164088 0.17576870322227478
v -0.05429974943399433 0.01592344418168069 0.18139484524726868
v -0.05134218186140064 0.016026796773076068 0.17500761151313782
v -0.05429974943399433 0.01592344418168069 0.18139484524726868
v -0.05429974943399433 0.016375670209527026 0.1806800663471222
v -0.05429974943399433 0.016375670209527026 0.1806800663471222
v -0.05429974943399433 0.01592344418168069 0.18139484524726868
v -0.056628901511430775 0.016735367476940165 0.18652895092964172
v -0.017209554091095935 0.013069916516542443 0.14386805891990662
v -0.017209554091095935 0.014356596395373355 0.1478646695613861
v -0.02294983156025411 0.013382018543779859 0.14603349566459656
v -0.02294983156025411 0.013382018543779859 0.14603349566459656
v -0.017209554091095935 0.014356596395373355 0.1478646695613861
v -0.02294983156025411 0.014485714957118045 0.1499609649181366
v -0.02294983156025411 0.013382018543779859 0.14603349566459656
v -0.02294983156025411 0.014485714957118045 0.1499609649181366
v -0.028564581647515314 0.013790814206004151 0.14887019991874695
v -0.028564581647515314 0.013790814206004151 0.14887019991874695
v -0.02294983156025411 0.014485714957118045 0.1499609649181366
v -0.028564581647515314 0.014654774218797694 0.15270695090293884
v -0.028564581647515314 0.013790814206004151 0.14887019991874695
v -0.028564581647515314 0.014654774218797694 0.15270695090293884
v -0.03395087271928789 0.014294227585196504 0.15236380696296692
v -0.03395087271928789 0.014294227585196504 0.15236380696296692
v -0.028564581647515314 0.014654774218797694 0.15270695090293884
v -0.03395087271928789 0.014862917363643657 0.15608879923820496
v -0.03395087271928789 0.014294227585196504 0.15236380696296692
v -0.03395087271928789 0.014862917363643657 0.15608879923820496
v -0.039008203893899945 0.014887677505612384 0.1564824879169464
v -0.039008203893899945 0.014887677505612384 0.1564824879169464
v -0.03395087271928789 0.014862917363643657 0.15608879923820496
v -0.039008203893899945 0.015108246356248866 0.16007569432258606
v -0.039008203893899945 0.014887677505612384 0.1564824879169464
v -0.039008203893899945 0.015108246356248866 0.16007569432258606
v -0.04364354535937312 0.015562515705823909 0.1611662209033966
v -0.04364354535937312 0.015562515705823909 0.1611662209033966
v -0.039008203893899945 0.015108246356248866 0.16007569432258606
v -0.04364354535937312 0.015387184917926799 0.16460952162742615
v -0.04364354535937312 0.015562515705823909 0.1611662209033966
v -0.04364354535937312 0.015387184917926799 0.16460952162742615
v -0.04777545109391216 0.016307935118675242 0.16634002327919006
v -0.04777545109391216 0.016307935118675242 0.16634002327919006
v -0.04364354535937312 0.015387184917926799 0.16460952162742615
v -0.04777545109391216 0.015695268288254748 0.16961774230003357
v -0.04777545109391216 0.016307935118675242 0.16634002327919006
v -0.04777545109391216 0.015695268288254748 0.16961774230003357
v -0.05134218186140064 0.017110148444771777 0.17190822958946228
v -0.05134218186140064 0.017110148444771777 0.17190822958946228
v -0.04777545109391216 0.015695268288254748 0.16961774230003357
v -0.05134218186140064 0.016026796773076068 0.17500761151313782
v -0.05134218186140064 0.017110148444771777 0.17190822958946228
v -0.05134218186140064 0.016026796773076068 0.17500761151313782
v -0.05429974943399433 0.01795439049601556 0.17776831984519958
v -0.05429974943399433 0.01795439049601556 0.17776831984519958
v -0.05134218186140064 0.016026796773076068 0.17500761151313782
v -0.05429974943399433 0.016375670209527026 0.1806800663471222
v -0.05429974943399433 0.01795439049601556 0.17776831984519958
v -0.05429974943399433 0.016375670209527026 0.1806800663471222
v -0.056628901511430775 0.018824884667992606 0.18381080031394958
v -0.056628901511430775 0.018824884667992606 0.18381080031394958
v -0.05429974943399433 0.016375670209527026 0.1806800663471222
v -0.056628901511430775 0.016735367476940165 0.18652895092964172
v -0.056628901511430775 0.018824884667992606 0.18381080031394958
v -0.056628901511430775 0.016735367476940165 0.18652895092964172
v -0.058328893035650295 0.019706364721059813 0.18992963433265686
v -0.058328893035650295 0.019706364721059813 0.18992963433265686
v -0.056628901511430775 0.016735367476940165 0.18652895092964172
v -0.058328893035650295 0.01709958538413049 0.19245174527168274
v -0.058328893035650295 0.019706364721059813 0.18992963433265686
v -0.058328893035650295 0.01709958538413049 0.19245174527168274
v -0.05994019284844403 0.02144432440400125 0.20199421048164368
v -0.05994019284844403 0.02144432440400125 0.20199421048164368
v -0.058328893035650295 0.01709958538413049 0.19245174527168274
v -0.05994019284844403 0.01781763695180417 0.20412972569465637
v -0.05994019284844403 0.02144432440400125 0.20199421048164368
v -0.05994019284844403 0.01781763695180417 0.20412972569465637
v -0.05939660966396336 0.02315234020352365 0.21385124325752258
v -0.03395087271928789 0.013621265999972829 0.1587866246700287
v -0.03395087271928789 0.014137921854853639 0.15845873951911926
v -0.028564581647515314 0.014082474634051332 0.15514633059501648
v -0.028564581647515314 0.014082474634051332 0.15514633059501648
v -0.03395087271928789 0.014137921854853639 0.15845873951911926
v -0.028564581647515314 0.014473613351583491 0.15468713641166687
v -0.028564581647515314 0.014082474634051332 0.15514633059501648
v -0.028564581647515314 0.014473613351583491 0.15468713641166687
v -0.02294983156025411 0.014409733936190616 0.15198639035224915
v -0.02294983156025411 0.014409733936190616 0.15198639035224915
v -0.028564581647515314 0.014473613351583491 0.15468713641166687
v -0.02294983156025411 0.014622736722230922 0.15145006775856018
v -0.02294983156025411 0.014409733936190616 0.15198639035224915
v -0.02294983156025411 0.014622736722230922 0.15145006775856018
v -0.017209554091095935 0.014556670561432849 0.14937928318977356
v -0.017209554091095935 0.014556670561432849 0.14937928318977356
v -0.02294983156025411 0.014622736722230922 0.15145006775856018
v -0.017209554091095935 0.01459464430809022 0.14884719252586365
v -0.017209554091095935 0.014556670561432849 0.14937928318977356
v -0.017209554091095935 0.01459464430809022 0.14884719252586365
v -0.011440484784543521 0.014534873887896548 0.1473999321460724
v -0.011440484784543521 0.014534873887896548 0.1473999321460724
v -0.017209554091095935 0.01459464430809022 0.14884719252586365
v -0.011440484784543521 0.01426664926111699 0.14640554785728455
v -0.011440484784543521 0.014534873887896548 0.1473999321460724
v -0.011440484784543521 0.01426664926111699 0.14640554785728455
v -0.005738519132137302 0.014214254915714273 0.14555707573890686
v -0.005738519132137302 0.014214254915714273 0.14555707573890686
v -0.011440484784543521 0.01426664926111699 0.14640554785728455
v -0.011440484784543521 0.012852629646658906 0.1423608362674713
v -0.005738519132137302 0.014214254915714273 0.14555707573890686
v -0.011440484784543521 0.012852629646658906 0.1423608362674713
v -0.005738519132137302 0.012726234272122392 0.1414845883846283
v -0.02294983156025411 0.01355586666613818 0.15280458331108093
v -0.02294983156025411 0.014037420973181733 0.1524563729763031
v -0.017209554091095935 0.01400298811495305 0.15040239691734314
v -0.017209554091095935 0.01400298811495305 0.15040239691734314
v -0.02294983156025411 0.014037420973181733 0.1524563729763031
v -0.017209554091095935 0.014360789209604274 0.14992424845695496
v -0.017209554091095935 0.01400298811495305 0.15040239691734314
v -0.017209554091095935 0.014360789209604274 0.14992424845695496
v -0.011440484784543521 0.01432650350034238 0.1484883725643158
v -0.011440484784543521 0.01432650350034238 0.1484883725643158
v -0.017209554091095935 0.014360789209604274 0.14992424845695496
v -0.011440484784543521 0.014510355889797221 0.1479376256465912
v -0.011440484784543521 0.01432650350034238 0.1484883725643158
v -0.011440484784543521 0.014510355889797221 0.1479376256465912
v -0.005738519132137302 0.014482993632555018 0.14709904789924622
v -0.005738519132137302 0.014482993632555018 0.14709904789924622
v -0.011440484784543521 0.014510355889797221 0.1479376256465912
v -0.005738519132137302 0.014499729499220858 0.1465584933757782
v -0.005738519132137302 0.014482993632555018 0.14709904789924622
v -0.005738519132137302 0.014499729499220858 0.1465584933757782
v 0.005397376604378227 0.014496540650725375 0.14652571082115173
v 0.005397376604378227 0.014496540650725375 0.14652571082115173
v -0.005738519132137302 0.014499729499220858 0.1465584933757782
v 0.005397376604378227 0.0142117664217949 0.14552399516105652
v 0.005397376604378227 0.014496540650725375 0.14652571082115173
v 0.005397376604378227 0.0142117664217949 0.14552399516105652
v 0.011092000640928752 0.014261472970247277 0.14633622765541077
v 0.011092000640928752 0.014261472970247277 0.14633622765541077
v 0.005397376604378227 0.0142117664217949 0.14552399516105652
v 0.005397376604378227 0.012721049599349507 0.14145085215568542
v 0.011092000640928752 0.014261472970247277 0.14633622765541077
v 0.005397376604378227 0.012721049599349507 0.14145085215568542
v 0.011092000640928752 0.012841798365116128 0.14229026436805725
v -0.00569715537130833 0.012499999254941949 0.14914193749427795
v -0.013351256027817735 0.012499999254941949 0.1500042974948883
v -0.005738519132137302 0.013000648468732843 0.14871034026145935
v -0.005738519132137302 0.013000648468732843 0.14871034026145935
v -0.013351256027817735 0.012499999254941949 0.1500042974948883
v -0.017209554091095935 0.013533453457057485 0.15075799822807312
v -0.005738519132137302 0.013000648468732843 0.14871034026145935
v -0.017209554091095935 0.013533453457057485 0.15075799822807312
v -0.005738519132137302 0.01350867561995984 0.1485045850276947
v -0.005738519132137302 0.01350867561995984 0.1485045850276947
v -0.017209554091095935 0.013533453457057485 0.15075799822807312
v -0.005738519132137302 0.013964947313070306 0.14813992381095886
v -0.005738519132137302 0.01350867561995984 0.1485045850276947
v -0.005738519132137302 0.013964947313070306 0.14813992381095886
v 0.005397376604378227 0.01396411284804345 0.1481042206287384
v 0.005397376604378227 0.01396411284804345 0.1481042206287384
v -0.005738519132137302 0.013964947313070306 0.14813992381095886
v 0.005397376604378227 0.014304153621196755 0.1476171910762787
v 0.005397376604378227 0.01396411284804345 0.1481042206287384
v 0.005397376604378227 0.014304153621196755 0.1476171910762787
v 0.011092000640928752 0.014322146773338327 0.1484139859676361
v 0.011092000640928752 0.014322146773338327 0.1484139859676361
v 0.005397376604378227 0.014304153621196755 0.1476171910762787
v 0.011092000640928752 0.014504045248031627 0.14786610007286072
v 0.011092000640928752 0.014322146773338327 0.1484139859676361
v 0.011092000640928752 0.014504045248031627 0.14786610007286072
v 0.016859784722328196 0.014547038823366176 0.14926835894584656
v 0.016859784722328196 0.014547038823366176 0.14926835894584656
v 0.011092000640928752 0.014504045248031627 0.14786610007286072
v 0.016859784722328196 0.014584640040993701 0.1487407386302948
v 0.016859784722328196 0.014547038823366176 0.14926835894584656
v 0.016859784722328196 0.014584640040993701 0.1487407386302948
v 0.022604495286941542 0.014666575938463221 0.15078064799308777
v 0.022604495286941542 0.014666575938463221 0.15078064799308777
v 0.016859784722328196 0.014584640040993701 0.1487407386302948
v 0.022604495286941542 0.014474805444478999 0.1498136818408966
v 0.022604495286941542 0.014666575938463221 0.15078064799308777
v 0.022604495286941542 0.014474805444478999 0.1498136818408966
v 0.028229752555489557 0.01464097760617734 0.15252014994621277
v 0.028229752555489557 0.01464097760617734 0.15252014994621277
v 0.022604495286941542 0.014474805444478999 0.1498136818408966
v 0.022604495286941542 0.013359049335122117 0.14588335156440735
v 0.028229752555489557 0.01464097760617734 0.15252014994621277
v 0.022604495286941542 0.013359049335122117 0.14588335156440735
v 0.028229752555489557 0.013761701062321672 0.1486797034740448
v -0.03740938752889636 0.012499999254941949 0.16159012913703918
v -0.039008203893899945 0.013663774356246003 0.16267839074134827
v -0.03377642855048182 0.012499999254941949 0.15930739045143127
v -0.03377642855048182 0.012499999254941949 0.15930739045143127
v -0.039008203893899945 0.013663774356246003 0.16267839074134827
v -0.03395087271928789 0.013621265999972829 0.1587866246700287
v -0.03377642855048182 0.012499999254941949 0.15930739045143127
v -0.03395087271928789 0.013621265999972829 0.1587866246700287
v -0.028564581647515314 0.0135851874947548 0.15548530220985413
v -0.028564581647515314 0.0135851874947548 0.15548530220985413
v -0.03395087271928789 0.013621265999972829 0.1587866246700287
v -0.028564581647515314 0.014082474634051332 0.15514633059501648
v -0.028564581647515314 0.0135851874947548 0.15548530220985413
v -0.028564581647515314 0.014082474634051332 0.15514633059501648
v -0.02294983156025411 0.014037420973181733 0.1524563729763031
v -0.02294983156025411 0.014037420973181733 0.1524563729763031
v -0.028564581647515314 0.014082474634051332 0.15514633059501648
v -0.02294983156025411 0.014409733936190616 0.15198639035224915
v -0.02294983156025411 0.014037420973181733 0.1524563729763031
v -0.02294983156025411 0.014409733936190616 0.15198639035224915
v -0.017209554091095935 0.014360789209604274 0.14992424845695496
v -0.017209554091095935 0.014360789209604274 0.14992424845695496
v -0.02294983156025411 0.014409733936190616 0.15198639035224915
v -0.017209554091095935 0.014556670561432849 0.14937928318977356
v -0.017209554091095935 0.014360789209604274 0.14992424845695496
v -0.017209554091095935 0.014556670561432849 0.14937928318977356
v -0.011440484784543521 0.014510355889797221 0.1479376256465912
v -0.011440484784543521 0.014510355889797221 0.1479376256465912
v -0.017209554091095935 0.014556670561432849 0.14937928318977356
v -0.011440484784543521 0.014534873887896548 0.1473999321460724
v -0.011440484784543521 0.014510355889797221 0.1479376256465912
v -0.011440484784543521 0.014534873887896548 0.1473999321460724
v -0.005738519132137302 0.014499729499220858 0.1465584933757782
v -0.005738519132137302 0.014499729499220858 0.1465584933757782
v -0.011440484784543521 0.014534873887896548 0.1473999321460724
v -0.005738519132137302 0.014214254915714273 0.14555707573890686
v -0.005738519132137302 0.014499729499220858 0.1465584933757782
v -0.005738519132137302 0.014214254915714273 0.14555707573890686
v 0.005397376604378227 0.0142117664217949 0.14552399516105652
v 0.005397376604378227 0.0142117664217949 0.14552399516105652
v -0.005738519132137302 0.014214254915714273 0.14555707573890686
v -0.005738519132137302 0.012726234272122392 0.1414845883846283
v 0.005397376604378227 0.0142117664217949 0.14552399516105652
v -0.005738519132137302 0.012726234272122392 0.1414845883846283
v -0.00016779782890807848 0.012684114277362832 0.14119336009025574
v 0.011092000640928752 0.012841798365116128 0.14229026436805725
v 0.016859784722328196 0.014348596334457408 0.14775708317756653
v 0.011092000640928752 0.014261472970247277 0.14633622765541077
v 0.011092000640928752 0.014261472970247277 0.14633622765541077
v 0.016859784722328196 0.014348596334457408 0.14775708317756653
v 0.011092000640928752 0.014528332278132449 0.1473313868045807
v 0.011092000640928752 0.014261472970247277 0.14633622765541077
v 0.011092000640928752 0.014528332278132449 0.1473313868045807
v 0.005397376604378227 0.014496540650725375 0.14652571082115173
v 0.005397376604378227 0.014496540650725375 0.14652571082115173
v 0.011092000640928752 0.014528332278132449 0.1473313868045807
v 0.005397376604378227 0.014479909092187892 0.14706483483314514
v 0.005397376604378227 0.014496540650725375 0.14652571082115173
v 0.005397376604378227 0.014479909092187892 0.14706483483314514
v -0.005738519132137302 0.014482993632555018 0.14709904789924622
v -0.005738519132137302 0.014482993632555018 0.14709904789924622
v 0.005397376604378227 0.014479909092187892 0.14706483483314514
v -0.005738519132137302 0.014306280761957177 0.1476527750492096
v -0.005738519132137302 0.014482993632555018 0.14709904789924622
v -0.005738519132137302 0.014306280761957177 0.1476527750492096
v -0.011440484784543521 0.01432650350034238 0.1484883725643158
v -0.011440484784543521 0.01432650350034238 0.1484883725643158
v -0.005738519132137302 0.014306280761957177 0.1476527750492096
v -0.005738519132137302 0.013964947313070306 0.14813992381095886
v -0.011440484784543521 0.01432650350034238 0.1484883725643158
v -0.005738519132137302 0.013964947313070306 0.14813992381095886
v -0.017209554091095935 0.01400298811495305 0.15040239691734314
v -0.017209554091095935 0.01400298811495305 0.15040239691734314
v -0.005738519132137302 0.013964947313070306 0.14813992381095886
v -0.017209554091095935 0.013533453457057485 0.15075799822807312
v -0.017209554091095935 0.01400298811495305 0.15040239691734314
v -0.017209554091095935 0.013533453457057485 0.15075799822807312
v -0.02294983156025411 0.01355586666613818 0.15280458331108093
v -0.02294983156025411 0.01355586666613818 0.15280458331108093
v -0.017209554091095935 0.013533453457057485 0.15075799822807312
v -0.02285622060298921 0.012499999254941949 0.1533302366733551
v -0.02294983156025411 0.01355586666613818 0.15280458331108093
v -0.02285622060298921 0.012499999254941949 0.1533302366733551
v -0.028564581647515314 0.0135851874947548 0.15548530220985413
v -0.028564581647515314 0.0135851874947548 0.15548530220985413
v -0.02285622060298921 0.012499999254941949 0.1533302366733551
v -0.026033025234937685 0.012499999254941949 0.15444186329841614
v -0.026033025234937685 0.012499999254941949 0.15444186329841614
v 0.0336328372359276 0.012465366162359723 0.14477983117103577
v 0.0336328372359276 0.014259152114391336 0.15213409066200256
v 0.028229752555489557 0.011377306655049331 0.1411212980747223
v 0.028229752555489557 0.011377306655049331 0.1411212980747223
v 0.0336328372359276 0.014259152114391336 0.15213409066200256
v 0.028229752555489557 0.013761701062321672 0.1486797034740448
v 0.028229752555489557 0.011377306655049331 0.1411212980747223
v 0.028229752555489557 0.013761701062321672 0.1486797034740448
v 0.022604495286941542 0.010496553964912898 0.13815990090370178
v 0.022604495286941542 0.010496553964912898 0.13815990090370178
v 0.028229752555489557 0.013761701062321672 0.1486797034740448
v 0.022604495286941542 0.013359049335122117 0.14588335156440735
v 0.022604495286941542 0.010496553964912898 0.13815990090370178
v 0.022604495286941542 0.013359049335122117 0.14588335156440735
v 0.016859784722328196 0.009827311150729663 0.1359098255634308
v 0.016859784722328196 0.009827311150729663 0.1359098255634308
v 0.022604495286941542 0.013359049335122117 0.14588335156440735
v 0.016859784722328196 0.01305311731994153 0.1437583863735199
v 0.016859784722328196 0.009827311150729663 0.1359098255634308
v 0.016859784722328196 0.01305311731994153 0.1437583863735199
v 0.011092000640928752 0.00936497654765845 0.13435551524162292
v 0.011092000640928752 0.00936497654765845 0.13435551524162292
v 0.016859784722328196 0.01305311731994153 0.1437583863735199
v 0.011092000640928752 0.012841798365116128 0.14229026436805725
v 0.011092000640928752 0.00936497654765845 0.13435551524162292
v 0.011092000640928752 0.012841798365116128 0.14229026436805725
v 0.005397376604378227 0.009100710973143583 0.13346722722053528
v 0.005397376604378227 0.009100710973143583 0.13346722722053528
v 0.011092000640928752 0.012841798365116128 0.14229026436805725
v 0.005397376604378227 0.012721049599349507 0.14145085215568542
v 0.005397376604378227 0.009100710973143583 0.13346722722053528
v 0.005397376604378227 0.012721049599349507 0.14145085215568542
v -0.00016779782890807848 0.009019741788506513 0.13319537043571472
v -0.00016779782890807848 0.009019741788506513 0.13319537043571472
v 0.005397376604378227 0.012721049599349507 0.14145085215568542
v -0.00016779782890807848 0.012684114277362832 0.14119336009025574
v -0.00016779782890807848 0.009019741788506513 0.13319537043571472
v -0.00016779782890807848 0.012684114277362832 0.14119336009025574
v -0.005738519132137302 0.009111655876040464 0.13350489735603333
v -0.005738519132137302 0.009111655876040464 0.13350489735603333
v -0.00016779782890807848 0.012684114277362832 0.14119336009025574
v -0.005738519132137302 0.012726234272122392 0.1414845883846283
v -0.005738519132137302 0.009111655876040464 0.13350489735603333
v -0.005738519132137302 0.012726234272122392 0.1414845883846283
v -0.011440484784543521 0.00938786659389735 0.13443419337272644
v -0.011440484784543521 0.00938786659389735 0.13443419337272644
v -0.005738519132137302 0.012726234272122392 0.1414845883846283
v -0.011440484784543521 0.012852629646658906 0.1423608362674713
v -0.011440484784543521 0.00938786659389735 0.13443419337272644
v -0.011440484784543521 0.012852629646658906 0.1423608362674713
v -0.017209554091095935 0.009862842038273818 0.136031836271286
v -0.017209554091095935 0.009862842038273818 0.136031836271286
v -0.011440484784543521 0.012852629646658906 0.1423608362674713
v -0.017209554091095935 0.013069916516542443 0.14386805891990662
v -0.017209554091095935 0.013069916516542443 0.14386805891990662
v -0.011440484784543521 0.012852629646658906 0.1423608362674713
v -0.011440484784543521 0.01426664926111699 0.14640554785728455
v -0.017209554091095935 0.013069916516542443 0.14386805891990662
v -0.011440484784543521 0.01426664926111699 0.14640554785728455
v -0.017209554091095935 0.014356596395373355 0.1478646695613861
v -0.017209554091095935 0.014356596395373355 0.1478646695613861
v -0.011440484784543521 0.01426664926111699 0.14640554785728455
v -0.017209554091095935 0.01459464430809022 0.14884719252586365
v -0.017209554091095935 0.014356596395373355 0.1478646695613861
v -0.017209554091095935 0.01459464430809022 0.14884719252586365
v -0.02294983156025411 0.014680091291666041 0.15092632174491882
v -0.02294983156025411 0.014680091291666041 0.15092632174491882
v -0.017209554091095935 0.01459464430809022 0.14884719252586365
v -0.02294983156025411 0.014622736722230922 0.15145006775856018
v -0.02294983156025411 0.014680091291666041 0.15092632174491882
v -0.02294983156025411 0.014622736722230922 0.15145006775856018
v -0.028564581647515314 0.014708926901221286 0.1541624367237091
v -0.028564581647515314 0.014708926901221286 0.1541624367237091
v -0.02294983156025411 0.014622736722230922 0.15145006775856018
v -0.028564581647515314 0.014473613351583491 0.15468713641166687
v -0.028564581647515314 0.014708926901221286 0.1541624367237091
v -0.028564581647515314 0.014473613351583491 0.15468713641166687
v -0.03395087271928789 0.014552097767591487 0.15801283717155457
v -0.03395087271928789 0.014552097767591487 0.15801283717155457
v -0.028564581647515314 0.014473613351583491 0.15468713641166687
v -0.03395087271928789 0.014137921854853639 0.15845873951911926
v -0.03395087271928789 0.014552097767591487 0.15801283717155457
v -0.03395087271928789 0.014137921854853639 0.15845873951911926
v -0.039008203893899945 0.014203252270817765 0.16236338019371033
v -0.039008203893899945 0.014203252270817765 0.16236338019371033
v -0.03395087271928789 0.014137921854853639 0.15845873951911926
v -0.039008203893899945 0.013663774356246003 0.16267839074134827
v -0.039008203893899945 0.014203252270817765 0.16236338019371033
v -0.039008203893899945 0.013663774356246003 0.16267839074134827
v -0.04364354535937312 0.013712089508771905 0.16710403561592102
v -0.04364354535937312 0.013712089508771905 0.16710403561592102
v -0.039008203893899945 0.013663774356246003 0.16267839074134827
v -0.04339492321014407 0.012499999254941949 0.1675756275653839
v -0.04364354535937312 0.013712089508771905 0.16710403561592102
v -0.04339492321014407 0.012499999254941949 0.1675756275653839
v -0.04777545109391216 0.013765439391136178 0.17199251055717468
v -0.04777545109391216 0.013765439391136178 0.17199251055717468
v -0.04339492321014407 0.012499999254941949 0.1675756275653839
v -0.04690988734364513 0.012499999254941949 0.17109063267707825
v -0.04690988734364513 0.012499999254941949 0.17109063267707825
v 0.0336328372359276 0.009860819205641753 0.1372702419757843
v 0.0336328372359276 0.012465366162359723 0.14477983117103577
v 0.028229752555489557 0.008175177499651914 0.13356110453605652
v 0.028229752555489557 0.008175177499651914 0.13356110453605652
v 0.0336328372359276 0.012465366162359723 0.14477983117103577
v 0.028229752555489557 0.011377306655049331 0.1411212980747223
v 0.028229752555489557 0.008175177499651914 0.13356110453605652
v 0.028229752555489557 0.011377306655049331 0.1411212980747223
v 0.022604495286941542 0.006810745690017943 0.13055887818336487
v 0.022604495286941542 0.006810745690017943 0.13055887818336487
v 0.028229752555489557 0.011377306655049331 0.1411212980747223
v 0.022604495286941542 0.010496553964912898 0.13815990090370178
v 0.022604495286941542 0.006810745690017943 0.13055887818336487
v 0.022604495286941542 0.010496553964912898 0.13815990090370178
v 0.016859784722328196 0.005774031858891252 0.12827786803245544
v 0.016859784722328196 0.005774031858891252 0.12827786803245544
v 0.022604495286941542 0.010496553964912898 0.13815990090370178
v 0.016859784722328196 0.009827311150729663 0.1359098255634308
v 0.016859784722328196 0.005774031858891252 0.12827786803245544
v 0.016859784722328196 0.009827311150729663 0.1359098255634308
v 0.011092000640928752 0.005057903006672863 0.12670233845710754
v 0.011092000640928752 0.005057903006672863 0.12670233845710754
v 0.016859784722328196 0.009827311150729663 0.1359098255634308
v 0.011092000640928752 0.00936497654765845 0.13435551524162292
v 0.011092000640928752 0.005057903006672863 0.12670233845710754
v 0.011092000640928752 0.00936497654765845 0.13435551524162292
v 0.005397376604378227 0.0046486589126288926 0.1258021891117096
v 0.005397376604378227 0.0046486589126288926 0.1258021891117096
v 0.011092000640928752 0.00936497654765845 0.13435551524162292
v 0.005397376604378227 0.009100710973143583 0.13346722722053528
v 0.005397376604378227 0.0046486589126288926 0.1258021891117096
v 0.005397376604378227 0.009100710973143583 0.13346722722053528
v -0.00016779782890807848 0.004523410927504304 0.1255270540714264
v -0.00016779782890807848 0.004523410927504304 0.1255270540714264
v 0.005397376604378227 0.009100710973143583 0.13346722722053528
v -0.00016779782890807848 0.009019741788506513 0.13319537043571472
v -0.00016779782890807848 0.004523410927504304 0.1255270540714264
v -0.00016779782890807848 0.009019741788506513 0.13319537043571472
v -0.005738519132137302 0.004666027147322897 0.12584134936332703
v -0.005738519132137302 0.004666027147322897 0.12584134936332703
v -0.00016779782890807848 0.009019741788506513 0.13319537043571472
v -0.005738519132137302 0.009111655876040464 0.13350489735603333
v -0.005738519132137302 0.004666027147322897 0.12584134936332703
v -0.005738519132137302 0.009111655876040464 0.13350489735603333
v -0.011440484784543521 0.0050941975787282025 0.12678411602973938
v -0.011440484784543521 0.0050941975787282025 0.12678411602973938
v -0.005738519132137302 0.009111655876040464 0.13350489735603333
v -0.011440484784543521 0.00938786659389735 0.13443419337272644
v -0.011440484784543521 0.0050941975787282025 0.12678411602973938
v -0.011440484784543521 0.00938786659389735 0.13443419337272644
v -0.017209554091095935 0.00583033682778478 0.1284046471118927
v -0.017209554091095935 0.00583033682778478 0.1284046471118927
v -0.011440484784543521 0.00938786659389735 0.13443419337272644
v -0.017209554091095935 0.009862842038273818 0.136031836271286
v -0.017209554091095935 0.00583033682778478 0.1284046471118927
v -0.017209554091095935 0.009862842038273818 0.136031836271286
v -0.02294983156025411 0.0068877493031323 0.1307322084903717
v -0.02294983156025411 0.0068877493031323 0.1307322084903717
v -0.017209554091095935 0.009862842038273818 0.136031836271286
v -0.02294983156025411 0.010545170865952976 0.13832685351371765
v -0.02294983156025411 0.0068877493031323 0.1307322084903717
v -0.02294983156025411 0.010545170865952976 0.13832685351371765
v -0.028564581647515314 0.00827279314398766 0.13378074765205383
v -0.028564581647515314 0.00827279314398766 0.13378074765205383
v -0.02294983156025411 0.010545170865952976 0.13832685351371765
v -0.028564581647515314 0.01143896114081145 0.14133289456367493
v -0.028564581647515314 0.00827279314398766 0.13378074765205383
v -0.028564581647515314 0.01143896114081145 0.14133289456367493
v -0.03395087271928789 0.009978438727557666 0.13753482699394226
v -0.03395087271928789 0.009978438727557666 0.13753482699394226
v -0.028564581647515314 0.01143896114081145 0.14133289456367493
v -0.03395087271928789 0.012539675459265718 0.1450347602367401
v -0.03395087271928789 0.009978438727557666 0.13753482699394226
v -0.03395087271928789 0.012539675459265718 0.1450347602367401
v -0.039008203893899945 0.011989174410700807 0.1419602930545807
v -0.039008203893899945 0.011989174410700807 0.1419602930545807
v -0.03395087271928789 0.012539675459265718 0.1450347602367401
v -0.039008203893899945 0.013837305828928956 0.1493988335132599
v -0.039008203893899945 0.011989174410700807 0.1419602930545807
v -0.039008203893899945 0.013837305828928956 0.1493988335132599
v -0.04364354535937312 0.01427568309009076 0.14699259400367737
v -0.04364354535937312 0.01427568309009076 0.14699259400367737
v -0.039008203893899945 0.013837305828928956 0.1493988335132599
v -0.04364354535937312 0.015312934294343005 0.15436145663261414
v -0.04364354535937312 0.01427568309009076 0.14699259400367737
v -0.04364354535937312 0.015312934294343005 0.15436145663261414
v -0.04777545109391216 0.01680135354399682 0.15255120396614075
v -0.04777545109391216 0.01680135354399682 0.15255120396614075
v -0.04364354535937312 0.015312934294343005 0.15436145663261414
v -0.04777545109391216 0.016942933201789866 0.15984311699867249
v -0.04777545109391216 0.01680135354399682 0.15255120396614075
v -0.04777545109391216 0.016942933201789866 0.15984311699867249
v -0.05134218186140064 0.019519476220011725 0.15853330492973328
v -0.05134218186140064 0.019519476220011725 0.15853330492973328
v -0.04777545109391216 0.016942933201789866 0.15984311699867249
v -0.05134218186140064 0.018697153776884093 0.16574248671531677
v -0.05134218186140064 0.019519476220011725 0.15853330492973328
v -0.05134218186140064 0.018697153776884093 0.16574248671531677
v -0.05429974943399433 0.02156387269496919 0.1686059534549713
v -0.05429974943399433 0.02156387269496919 0.1686059534549713
v -0.05134218186140064 0.018697153776884093 0.16574248671531677
v -0.05429974943399433 0.020543312653899207 0.17195096611976624
v -0.05429974943399433 0.02156387269496919 0.1686059534549713
v -0.05429974943399433 0.020543312653899207 0.17195096611976624
v -0.056628901511430775 0.0239909738302231 0.17509594559669495
v -0.056628901511430775 0.0239909738302231 0.17509594559669495
v -0.05429974943399433 0.020543312653899207 0.17195096611976624
v -0.056628901511430775 0.02244689874351026 0.17835256457328796
v -0.056628901511430775 0.0239909738302231 0.17509594559669495
v -0.056628901511430775 0.02244689874351026 0.17835256457328796
v -0.058328893035650295 0.026448762044310587 0.1816677749156952
v -0.058328893035650295 0.026448762044310587 0.1816677749156952
v -0.056628901511430775 0.02244689874351026 0.17835256457328796
v -0.058328893035650295 0.024374533444643038 0.18483492732048035
v -0.058328893035650295 0.026448762044310587 0.1816677749156952
v -0.058328893035650295 0.024374533444643038 0.18483492732048035
v -0.05994019284844403 0.031294774264097235 0.19462504982948303
v -0.05994019284844403 0.031294774264097235 0.19462504982948303
v -0.058328893035650295 0.024374533444643038 0.18483492732048035
v -0.05994019284844403 0.028175193816423433 0.19761595129966736
v -0.05994019284844403 0.031294774264097235 0.19462504982948303
v -0.05994019284844403 0.028175193816423433 0.19761595129966736
v -0.05939660966396336 0.03605746477842333 0.20735904574394226
v -0.05939660966396336 0.03605746477842333 0.20735904574394226
v -0.05994019284844403 0.028175193816423433 0.19761595129966736
v -0.05939660966396336 0.03191044554114344 0.21017679572105408
v -0.05939660966396336 0.03605746477842333 0.20735904574394226
v -0.05939660966396336 0.03191044554114344 0.21017679572105408
v -0.05828642845153813 0.03850641846656802 0.21390655636787415
v -0.05828642845153813 0.03850641846656802 0.21390655636787415
v -0.05939660966396336 0.03191044554114344 0.21017679572105408
v -0.05828642845153813 0.033831071108579656 0.21663543581962585
v -0.05828642845153813 0.03850641846656802 0.21390655636787415
v -0.05828642845153813 0.033831071108579656 0.21663543581962585
v -0.05656765401363376 0.04096387699246409 0.22047671675682068
v -0.05656765401363376 0.04096387699246409 0.22047671675682068
v -0.05828642845153813 0.033831071108579656 0.21663543581962585
v -0.05656765401363376 0.03575835004448893 0.22311636805534363
v -0.05656765401363376 0.04096387699246409 0.22047671675682068
v -0.05656765401363376 0.03575835004448893 0.22311636805534363
v -0.054219275712966954 0.043389413505792646 0.22696128487586975
v -0.059999998658895534 0.012499999254941949 0.2084999978542328
v -0.05994019284844403 0.015660807490348826 0.2052423655986786
v -0.059999998658895534 0.012499999254941949 0.2084999978542328
v -0.05939660966396336 0.01592485234141351 0.216523677110672
v -0.05994019284844403 0.015660807490348826 0.2052423655986786
v -0.05939660966396336 0.01592485234141351 0.216523677110672
v -0.05994019284844403 0.01781763695180417 0.20412972569465637
v -0.05994019284844403 0.01781763695180417 0.20412972569465637
v -0.05939660966396336 0.01592485234141351 0.216523677110672
v -0.05939660966396336 0.018523249775171294 0.21560677886009216
v -0.05994019284844403 0.01781763695180417 0.20412972569465637
v -0.05939660966396336 0.018523249775171294 0.21560677886009216
v -0.05939660966396336 0.02315234020352365 0.21385124325752258
v -0.05939660966396336 0.02315234020352365 0.21385124325752258
v -0.05939660966396336 0.018523249775171294 0.21560677886009216
v -0.05828642845153813 0.024030569940805453 0.21994814276695251
v -0.05939660966396336 0.02315234020352365 0.21385124325752258
v -0.05828642845153813 0.024030569940805453 0.21994814276695251
v -0.05828642845153813 0.02910730242729189 0.21841123700141907
v -0.05828642845153813 0.02910730242729189 0.21841123700141907
v -0.05828642845153813 0.024030569940805453 0.21994814276695251
v -0.05656765401363376 0.03051719442009928 0.22472313046455383
v -0.05828642845153813 0.02910730242729189 0.21841123700141907
v -0.05656765401363376 0.03051719442009928 0.22472313046455383
v -0.05656765401363376 0.03575835004448893 0.22311636805534363
v -0.05656765401363376 0.03575835004448893 0.22311636805534363
v -0.05656765401363376 0.03051719442009928 0.22472313046455383
v -0.054219275712966954 0.03766057267785075 0.22951295971870422
v -0.05656765401363376 0.03575835004448893 0.22311636805534363
v -0.054219275712966954 0.03766057267785075 0.22951295971870422
v -0.054219275712966954 0.043389413505792646 0.22696128487586975
v -0.054219275712966954 0.043389413505792646 0.22696128487586975
v -0.054219275712966954 0.03766057267785075 0.22951295971870422
v -0.05124292895197872 0.04574036598205569 0.2332463562488556
v -0.054219275712966954 0.043389413505792646 0.22696128487586975
v -0.05124292895197872 0.04574036598205569 0.2332463562488556
v -0.05124292895197872 0.051758054643869435 0.22948101162910461
v -0.05124292895197872 0.051758054643869435 0.22948101162910461
v -0.05124292895197872 0.04574036598205569 0.2332463562488556
v -0.04765824973583225 0.054470486938953434 0.23544999957084656
v -0.05124292895197872 0.051758054643869435 0.22948101162910461
v -0.04765824973583225 0.054470486938953434 0.23544999957084656
v -0.04765824973583225 0.060347776859998745 0.23036321997642517
v -0.04765824973583225 0.060347776859998745 0.23036321997642517
v -0.04765824973583225 0.054470486938953434 0.23544999957084656
v -0.0435101427137852 0.0632903948426247 0.23583397269248962
v -0.04765824973583225 0.060347776859998745 0.23036321997642517
v -0.0435101427137852 0.0632903948426247 0.23583397269248962
v -0.0435101427137852 0.06856061518192295 0.2294999063014984
v -0.0435101427137852 0.06856061518192295 0.2294999063014984
v -0.0435101427137852 0.0632903948426247 0.23583397269248962
v -0.03886068984866145 0.07156907767057423 0.2343270480632782
v 0.0336328372359276 0.0015883793821558367 0.12216631323099136
v 0.0336328372359276 0.006296610925346617 0.12962433695793152
v 0.028229752555489557 -0.001038732938468457 0.1188536062836647
v 0.028229752555489557 -0.001038732938468457 0.1188536062836647
v 0.0336328372359276 0.006296610925346617 0.12962433695793152
v 0.028229752555489557 0.004070580471307042 0.12605229020118713
v 0.028229752555489557 -0.001038732938468457 0.1188536062836647
v 0.028229752555489557 0.004070580471307042 0.12605229020118713
v 0.022604495286941542 -0.0031652320176363013 0.11617199331521988
v 0.022604495286941542 -0.0031652320176363013 0.11617199331521988
v 0.028229752555489557 0.004070580471307042 0.12605229020118713
v 0.022604495286941542 0.0022688845638185753 0.12316099554300308
v 0.022604495286941542 -0.0031652320176363013 0.11617199331521988
v 0.022604495286941542 0.0022688845638185753 0.12316099554300308
v 0.016859784722328196 -0.00478097423911095 0.1141342893242836
v 0.016859784722328196 -0.00478097423911095 0.1141342893242836
v 0.022604495286941542 0.0022688845638185753 0.12316099554300308
v 0.016859784722328196 0.0009001087164506323 0.12096414715051651
v 0.016859784722328196 -0.00478097423911095 0.1141342893242836
v 0.016859784722328196 0.0009001087164506323 0.12096414715051651
v 0.011092000640928752 -0.00589707819744945 0.11272642761468887
v 0.011092000640928752 -0.00589707819744945 0.11272642761468887
v 0.016859784722328196 0.0009001087164506323 0.12096414715051651
v 0.011092000640928752 -4.5182554458733675e-05 0.11944667249917984
v 0.011092000640928752 -0.00589707819744945 0.11272642761468887
v 0.011092000640928752 -4.5182554458733675e-05 0.11944667249917984
v 0.005397376604378227 -0.006534893997013573 0.111921526491642
v 0.005397376604378227 -0.006534893997013573 0.111921526491642
v 0.011092000640928752 -4.5182554458733675e-05 0.11944667249917984
v 0.005397376604378227 -0.0005850966554135088 0.11857954412698746
v 0.005397376604378227 -0.006534893997013573 0.111921526491642
v 0.005397376604378227 -0.0005850966554135088 0.11857954412698746
v -0.00016779782890807848 -0.006730095483362679 0.1116747036576271
v -0.00016779782890807848 -0.006730095483362679 0.1116747036576271
v 0.005397376604378227 -0.0005850966554135088 0.11857954412698746
v -0.00016779782890807848 -0.0007498768391087657 0.11831430345773697
v -0.00016779782890807848 -0.006730095483362679 0.1116747036576271
v -0.00016779782890807848 -0.0007498768391087657 0.11831430345773697
v -0.005738519132137302 -0.0065078241750598 0.11195407062768936
v -0.005738519132137302 -0.0065078241750598 0.11195407062768936
v -0.00016779782890807848 -0.0007498768391087657 0.11831430345773697
v -0.005738519132137302 -0.0005608161445707086 0.11861667782068253
v -0.005738519132137302 -0.0065078241750598 0.11195407062768936
v -0.005738519132137302 -0.0005608161445707086 0.11861667782068253
v -0.011440484784543521 -0.00584051059558988 0.11279455572366714
v -0.011440484784543521 -0.00584051059558988 0.11279455572366714
v -0.005738519132137302 -0.0005608161445707086 0.11861667782068253
v -0.011440484784543521 5.467889877763813e-06 0.11952421814203262
v -0.011440484784543521 -0.00584051059558988 0.11279455572366714
v -0.011440484784543521 5.467889877763813e-06 0.11952421814203262
v -0.017209554091095935 -0.004693220369517807 0.11424008756875992
v -0.017209554091095935 -0.004693220369517807 0.11424008756875992
v -0.011440484784543521 5.467889877763813e-06 0.11952421814203262
v -0.017209554091095935 0.0009785770671442158 0.12108436971902847
v -0.017209554091095935 -0.004693220369517807 0.11424008756875992
v -0.017209554091095935 0.0009785770671442158 0.12108436971902847
v -0.02294983156025411 -0.0030452178325504086 0.11631689220666885
v -0.02294983156025411 -0.0030452178325504086 0.11631689220666885
v -0.017209554091095935 0.0009785770671442158 0.12108436971902847
v -0.02294983156025411 0.002376075135543944 0.12332538515329361
v -0.02294983156025411 -0.0030452178325504086 0.11631689220666885
v -0.02294983156025411 0.002376075135543944 0.12332538515329361
v -0.028564581647515314 -0.0008865924319252377 0.11903736740350723
v -0.028564581647515314 -0.0008865924319252377 0.11903736740350723
v -0.02294983156025411 0.002376075135543944 0.12332538515329361
v -0.028564581647515314 0.004206349607557061 0.1262606680393219
v -0.028564581647515314 -0.0008865924319252377 0.11903736740350723
v -0.028564581647515314 0.004206349607557061 0.1262606680393219
v -0.03395087271928789 0.0017716969596222054 0.12238786369562149
v -0.03395087271928789 0.0017716969596222054 0.12238786369562149
v -0.028564581647515314 0.004206349607557061 0.1262606680393219
v -0.03395087271928789 0.006460100878030066 0.12987545132637024
v -0.03395087271928789 0.0017716969596222054 0.12238786369562149
v -0.03395087271928789 0.006460100878030066 0.12987545132637024
v -0.039008203893899945 0.004905475769191984 0.12633779644966125
v -0.039008203893899945 0.004905475769191984 0.12633779644966125
v -0.03395087271928789 0.006460100878030066 0.12987545132637024
v -0.039008203893899945 0.009116824716329582 0.13413670659065247
v -0.039008203893899945 0.004905475769191984 0.12633779644966125
v -0.039008203893899945 0.009116824716329582 0.13413670659065247
v -0.04364354535937312 0.008469054475426679 0.1308296024799347
v -0.04364354535937312 0.008469054475426679 0.1308296024799347
v -0.039008203893899945 0.009116824716329582 0.13413670659065247
v -0.04364354535937312 0.012137788347899922 0.1389823853969574
v -0.04364354535937312 0.008469054475426679 0.1308296024799347
v -0.04364354535937312 0.012137788347899922 0.1389823853969574
v -0.04777545109391216 0.012405372224748143 0.13579145073890686
v -0.04777545109391216 0.012405372224748143 0.13579145073890686
v -0.04364354535937312 0.012137788347899922 0.1389823853969574
v -0.04777545109391216 0.01547461561858655 0.14433488249778748
v -0.04777545109391216 0.012405372224748143 0.13579145073890686
v -0.04777545109391216 0.01547461561858655 0.14433488249778748
v -0.05134218186140064 0.016641631722450267 0.1411314308643341
v -0.05134218186140064 0.016641631722450267 0.1411314308643341
v -0.04777545109391216 0.01547461561858655 0.14433488249778748
v -0.05134218186140064 0.01906559802591802 0.15009519457817078
v -0.05134218186140064 0.016641631722450267 0.1411314308643341
v -0.05134218186140064 0.01906559802591802 0.15009519457817078
v -0.05429974943399433 0.02227357774972917 0.15147581696510315
v -0.05429974943399433 0.02227357774972917 0.15147581696510315
v -0.05134218186140064 0.01906559802591802 0.15009519457817078
v -0.05429974943399433 0.02284464612603189 0.15615728497505188
v -0.05429974943399433 0.02227357774972917 0.15147581696510315
v -0.05429974943399433 0.02284464612603189 0.15615728497505188
v -0.056628901511430775 0.026556020602583903 0.15751484036445618
v -0.056628901511430775 0.026556020602583903 0.15751484036445618
v -0.05429974943399433 0.02284464612603189 0.15615728497505188
v -0.056628901511430775 0.026741124689579027 0.16240790486335754
v -0.056628901511430775 0.026556020602583903 0.15751484036445618
v -0.056628901511430775 0.026741124689579027 0.16240790486335754
v -0.058328893035650295 0.030892454087734243 0.1636301577091217
v -0.058328893035650295 0.030892454087734243 0.1636301577091217
v -0.056628901511430775 0.026741124689579027 0.16240790486335754
v -0.058328893035650295 0.030686717480421087 0.16873744130134583
v -0.058328893035650295 0.030892454087734243 0.1636301577091217
v -0.058328893035650295 0.030686717480421087 0.16873744130134583
v -0.05994019284844403 0.039442185312509564 0.17568746209144592
v -0.05994019284844403 0.039442185312509564 0.17568746209144592
v -0.058328893035650295 0.030686717480421087 0.16873744130134583
v -0.05994019284844403 0.03846583515405658 0.1812169849872589
v -0.05994019284844403 0.039442185312509564 0.17568746209144592
v -0.05994019284844403 0.03846583515405658 0.1812169849872589
v -0.05939660966396336 0.047844413667917286 0.18753722310066223
v -0.05939660966396336 0.047844413667917286 0.18753722310066223
v -0.05994019284844403 0.03846583515405658 0.1812169849872589
v -0.05939660966396336 0.04611071571707728 0.19348153471946716
v -0.05939660966396336 0.047844413667917286 0.18753722310066223
v -0.05939660966396336 0.04611071571707728 0.19348153471946716
v -0.05828642845153813 0.052164614200592076 0.19363024830818176
v -0.05828642845153813 0.052164614200592076 0.19363024830818176
v -0.05939660966396336 0.04611071571707728 0.19348153471946716
v -0.05828642845153813 0.05004149302840236 0.19978776574134827
v -0.05828642845153813 0.052164614200592076 0.19363024830818176
v -0.05828642845153813 0.05004149302840236 0.19978776574134827
v -0.05656765401363376 0.05649967491626743 0.199744313955307
v -0.05656765401363376 0.05649967491626743 0.199744313955307
v -0.05828642845153813 0.05004149302840236 0.19978776574134827
v -0.05656765401363376 0.05398578196763996 0.2061157524585724
v -0.05656765401363376 0.05649967491626743 0.199744313955307
v -0.05656765401363376 0.05398578196763996 0.2061157524585724
v -0.054219275712966954 0.060778271406889 0.20577886700630188
v -0.054219275712966954 0.060778271406889 0.20577886700630188
v -0.05656765401363376 0.05398578196763996 0.2061157524585724
v -0.054219275712966954 0.05787868052721028 0.2123614251613617
v -0.054219275712966954 0.060778271406889 0.20577886700630188
v -0.054219275712966954 0.05787868052721028 0.2123614251613617
v -0.05124292895197872 0.06492514908313755 0.2116278111934662
v -0.05124292895197872 0.06492514908313755 0.2116278111934662
v -0.054219275712966954 0.05787868052721028 0.2123614251613617
v -0.05124292895197872 0.061651725322008175 0.21841487288475037
v -0.05124292895197872 0.06492514908313755 0.2116278111934662
v -0.05124292895197872 0.061651725322008175 0.21841487288475037
v -0.04765824973583225 0.06886273622512822 0.21718177199363708
v -0.04765824973583225 0.06886273622512822 0.21718177199363708
v -0.05124292895197872 0.061651725322008175 0.21841487288475037
v -0.04765824973583225 0.0652343407273293 0.2241629660129547
v -0.04765824973583225 0.06886273622512822 0.21718177199363708
v -0.04765824973583225 0.0652343407273293 0.2241629660129547
v -0.0435101427137852 0.072518602013588 0.22233846783638
v -0.0435101427137852 0.072518602013588 0.22233846783638
v -0.04765824973583225 0.0652343407273293 0.2241629660129547
v -0.0435101427137852 0.06856061518192295 0.2294999063014984
v -0.0435101427137852 0.072518602013588 0.22233846783638
v -0.0435101427137852 0.06856061518192295 0.2294999063014984
v -0.03886068984866145 0.075825184583664 0.22700271010398865
v -0.03886068984866145 0.075825184583664 0.22700271010398865
v -0.0435101427137852 0.06856061518192295 0.2294999063014984
v -0.03886068984866145 0.07156907767057423 0.2343270480632782
v -0.03886068984866145 0.075825184583664 0.22700271010398865
v -0.03886068984866145 0.07156907767057423 0.2343270480632782
v -0.033792003989219686 0.07872985303401953 0.23110023140907288
v -0.033792003989219686 0.07872985303401953 0.23110023140907288
v -0.03886068984866145 0.07156907767057423 0.2343270480632782
v -0.033792003989219686 0.0742118507623673 0.23856762051582336
v -0.033792003989219686 0.07872985303401953 0.23110023140907288
v -0.033792003989219686 0.0742118507623673 0.23856762051582336
v -0.028397269546985644 0.08119041472673422 0.23457148671150208
v -0.028397269546985644 0.08119041472673422 0.23457148671150208
v -0.033792003989219686 0.0742118507623673 0.23856762051582336
v -0.028397269546985644 0.0764505416154862 0.24215999245643616
v -0.028397269546985644 0.08119041472673422 0.23457148671150208
v -0.028397269546985644 0.0764505416154862 0.24215999245643616
v -0.02277721837162973 0.08318502455949789 0.2373856008052826
v -0.02277721837162973 0.08318502455949789 0.2373856008052826
v -0.028397269546985644 0.0764505416154862 0.24215999245643616
v -0.02277721837162973 0.07826527208089834 0.24507221579551697
v -0.02277721837162973 0.08318502455949789 0.2373856008052826
v -0.02277721837162973 0.07826527208089834 0.24507221579551697
v -0.017091557383537303 0.0847002193331719 0.23952367901802063
v -0.017091557383537303 0.0847002193331719 0.23952367901802063
v -0.02277721837162973 0.07826527208089834 0.24507221579551697
v -0.017091557383537303 0.07964380085468298 0.2472846806049347
v -0.017091557383537303 0.0847002193331719 0.23952367901802063
v -0.017091557383537303 0.07964380085468298 0.2472846806049347
v -0.011821994557976731 0.0857211202383042 0.24096456170082092
v -0.011821994557976731 0.0857211202383042 0.24096456170082092
v -0.017091557383537303 0.07964380085468298 0.2472846806049347
v -0.011821994557976731 0.0805725976824761 0.2487756311893463
v -0.011821994557976731 0.0857211202383042 0.24096456170082092
v -0.011821994557976731 0.0805725976824761 0.2487756311893463
v -0.0073463190346956305 0.08626189082860952 0.24172815680503845
v -0.0073463190346956305 0.08626189082860952 0.24172815680503845
v -0.011821994557976731 0.0805725976824761 0.2487756311893463
v -0.0073463190346956305 0.08106455206871038 0.24956557154655457
v -0.0073463190346956305 0.08626189082860952 0.24172815680503845
v -0.0073463190346956305 0.08106455206871038 0.24956557154655457
v -0.00299041345715523 0.08407324552536016 0.24605372548103333
v -0.00299041345715523 0.08407324552536016 0.24605372548103333
v -0.0073463190346956305 0.08106455206871038 0.24956557154655457
v -0.00299041345715523 0.08126155287027365 0.24988237023353577
v -0.00299041345715523 0.08407324552536016 0.24605372548103333
v -0.00299041345715523 0.08126155287027365 0.24988237023353577
v 0.0015107626095414173 0.08132400363683706 0.2499832808971405
v -0.013351256027817735 0.058495674282312435 0.03699997439980507
v -0.022680245339870467 0.0552313216030598 0.03699997439980507
v -0.02277721837162973 0.05596379563212398 0.05334410443902016
v -0.02277721837162973 0.05596379563212398 0.05334410443902016
v -0.022680245339870467 0.0552313216030598 0.03699997439980507
v -0.028397269546985644 0.05330621078610424 0.053146157413721085
v -0.02277721837162973 0.05596379563212398 0.05334410443902016
v -0.028397269546985644 0.05330621078610424 0.053146157413721085
v -0.028397269546985644 0.0549045950174332 0.07101932913064957
v -0.028397269546985644 0.0549045950174332 0.07101932913064957
v -0.028397269546985644 0.05330621078610424 0.053146157413721085
v -0.033792003989219686 0.05162550508975986 0.07050798088312149
v -0.028397269546985644 0.0549045950174332 0.07101932913064957
v -0.033792003989219686 0.05162550508975986 0.07050798088312149
v -0.033792003989219686 0.054362535476684605 0.0880235806107521
v 0.034109439700841925 0.054157510399818455 0.08795998245477676
v 0.034109439700841925 0.05142203718423847 0.070467509329319
v 0.028731683269143125 0.057474154978990596 0.08874980360269547
v 0.028731683269143125 0.057474154978990596 0.08874980360269547
v 0.034109439700841925 0.05142203718423847 0.070467509329319
v 0.028731683269143125 0.054735772311687504 0.0709855929017067
v 0.028731683269143125 0.057474154978990596 0.08874980360269547
v 0.028731683269143125 0.054735772311687504 0.0709855929017067
v 0.02312232926487924 0.06017100065946583 0.0893922820687294
v 0.02312232926487924 0.06017100065946583 0.0893922820687294
v 0.028731683269143125 0.054735772311687504 0.0709855929017067
v 0.02312232926487924 0.057430226355791134 0.07140705734491348
v 0.02312232926487924 0.06017100065946583 0.0893922820687294
v 0.02312232926487924 0.057430226355791134 0.07140705734491348
v 0.017384400591254245 0.06223401799798016 0.08988407999277115
v 0.017384400591254245 0.06223401799798016 0.08988407999277115
v 0.02312232926487924 0.057430226355791134 0.07140705734491348
v 0.017384400591254245 0.05949138477444653 0.0717296376824379
v 0.017384400591254245 0.06223401799798016 0.08988407999277115
v 0.017384400591254245 0.05949138477444653 0.0717296376824379
v 0.011614818125963218 0.0636747777462006 0.0902278795838356
v 0.011614818125963218 0.0636747777462006 0.0902278795838356
v 0.017384400591254245 0.05949138477444653 0.0717296376824379
v 0.011614818125963218 0.060930807143449825 0.0719551220536232
v 0.011614818125963218 0.0636747777462006 0.0902278795838356
v 0.011614818125963218 0.060930807143449825 0.0719551220536232
v 0.003546169260516765 0.06480933725833897 0.09049943834543228
v 0.003546169260516765 0.06480933725833897 0.09049943834543228
v 0.011614818125963218 0.060930807143449825 0.0719551220536232
v 0.003546169260516765 0.062064241617918056 0.07213310152292252
v 0.003546169260516765 0.06480933725833897 0.09049943834543228
v 0.003546169260516765 0.062064241617918056 0.07213310152292252
v -0.00299041345715523 0.06470412015914921 0.09047583490610123
v -0.00299041345715523 0.06470412015914921 0.09047583490610123
v 0.003546169260516765 0.062064241617918056 0.07213310152292252
v -0.00299041345715523 0.061958979815244716 0.07211754471063614
v -0.00299041345715523 0.06470412015914921 0.09047583490610123
v -0.00299041345715523 0.061958979815244716 0.07211754471063614
v -0.011821994557976731 0.06369039416313176 0.09023670107126236
v -0.011821994557976731 0.06369039416313176 0.09023670107126236
v -0.00299041345715523 0.061958979815244716 0.07211754471063614
v -0.011821994557976731 0.06094593182206158 0.07196048647165298
v -0.011821994557976731 0.06369039416313176 0.09023670107126236
v -0.011821994557976731 0.06094593182206158 0.07196048647165298
v -0.02277721837162973 0.06030520051717762 0.0894341841340065
v -0.01179782487452031 0.05867070332169537 0.03699997439980507
v -0.013351256027817735 0.058495674282312435 0.03699997439980507
v -0.011821994557976731 0.05934533104300503 0.05359605327248573
v -0.011821994557976731 0.05934533104300503 0.05359605327248573
v -0.013351256027817735 0.058495674282312435 0.03699997439980507
v -0.02277721837162973 0.05596379563212398 0.05334410443902016
v -0.011821994557976731 0.05934533104300503 0.05359605327248573
v -0.02277721837162973 0.05596379563212398 0.05334410443902016
v -0.02277721837162973 0.05756337568163876 0.07143376022577286
v -0.02277721837162973 0.05756337568163876 0.07143376022577286
v -0.02277721837162973 0.05596379563212398 0.05334410443902016
v -0.028397269546985644 0.0549045950174332 0.07101932913064957
v -0.02277721837162973 0.05756337568163876 0.07143376022577286
v -0.028397269546985644 0.0549045950174332 0.07101932913064957
v -0.028397269546985644 0.05764428898692135 0.08880273252725601
v -0.028397269546985644 0.05764428898692135 0.08880273252725601
v -0.028397269546985644 0.0549045950174332 0.07101932913064957
v -0.033792003989219686 0.054362535476684605 0.0880235806107521
v -0.028397269546985644 0.05764428898692135 0.08880273252725601
v -0.033792003989219686 0.054362535476684605 0.0880235806107521
v -0.033792003989219686 0.058226488530635875 0.10533235222101212
v -0.01179782487452031 0.05867070332169537 0.03699997439980507
v -0.00299041345715523 0.06035879999399189 0.05367151275277138
v -0.01179782487452031 0.05867070332169537 0.03699997439980507
v -0.011821994557976731 0.05934533104300503 0.05359605327248573
v -0.00299041345715523 0.06035879999399189 0.05367151275277138
v -0.011821994557976731 0.05934533104300503 0.05359605327248573
v -0.011821994557976731 0.06094593182206158 0.07196048647165298
v -0.011821994557976731 0.06094593182206158 0.07196048647165298
v -0.011821994557976731 0.05934533104300503 0.05359605327248573
v -0.02277721837162973 0.05756337568163876 0.07143376022577286
v -0.011821994557976731 0.06094593182206158 0.07196048647165298
v -0.02277721837162973 0.05756337568163876 0.07143376022577286
v -0.02277721837162973 0.06030520051717762 0.0894341841340065
v -0.02277721837162973 0.06030520051717762 0.0894341841340065
v -0.02277721837162973 0.05756337568163876 0.07143376022577286
v -0.028397269546985644 0.05764428898692135 0.08880273252725601
v -0.02277721837162973 0.06030520051717762 0.0894341841340065
v -0.028397269546985644 0.05764428898692135 0.08880273252725601
v -0.028397269546985644 0.06151223555207257 0.10638324171304703
v -0.028397269546985644 0.06151223555207257 0.10638324171304703
v -0.028397269546985644 0.05764428898692135 0.08880273252725601
v -0.033792003989219686 0.058226488530635875 0.10533235222101212
v 0.034109439700841925 0.05802680179476742 0.10524938255548477
v 0.034109439700841925 0.054157510399818455 0.08795998245477676
v 0.028731683269143125 0.06134660169482235 0.10631415992975235
v 0.028731683269143125 0.06134660169482235 0.10631415992975235
v 0.034109439700841925 0.054157510399818455 0.08795998245477676
v 0.028731683269143125 0.057474154978990596 0.08874980360269547
v 0.028731683269143125 0.06134660169482235 0.10631415992975235
v 0.028731683269143125 0.057474154978990596 0.08874980360269547
v 0.02312232926487924 0.06404590606689457 0.10718027502298355
v 0.02312232926487924 0.06404590606689457 0.10718027502298355
v 0.028731683269143125 0.057474154978990596 0.08874980360269547
v 0.02312232926487924 0.06017100065946583 0.0893922820687294
v 0.02312232926487924 0.06404590606689457 0.10718027502298355
v 0.02312232926487924 0.06017100065946583 0.0893922820687294
v 0.017384400591254245 0.06611069291830067 0.10784319788217545
v 0.017384400591254245 0.06611069291830067 0.10784319788217545
v 0.02312232926487924 0.06017100065946583 0.0893922820687294
v 0.017384400591254245 0.06223401799798016 0.08988407999277115
v 0.017384400591254245 0.06611069291830067 0.10784319788217545
v 0.017384400591254245 0.06223401799798016 0.08988407999277115
v 0.011614818125963218 0.06755252927541737 0.10830662399530411
v 0.011614818125963218 0.06755252927541737 0.10830662399530411
v 0.017384400591254245 0.06223401799798016 0.08988407999277115
v 0.011614818125963218 0.0636747777462006 0.0902278795838356
v 0.011614818125963218 0.06755252927541737 0.10830662399530411
v 0.011614818125963218 0.0636747777462006 0.0902278795838356
v 0.003546169260516765 0.0686876624822617 0.10867241770029068
v 0.003546169260516765 0.0686876624822617 0.10867241770029068
v 0.011614818125963218 0.0636747777462006 0.0902278795838356
v 0.003546169260516765 0.06480933725833897 0.09049943834543228
v 0.003546169260516765 0.0686876624822617 0.10867241770029068
v 0.003546169260516765 0.06480933725833897 0.09049943834543228
v -0.00299041345715523 0.06858178973197941 0.10864035040140152
v -0.00299041345715523 0.06858178973197941 0.10864035040140152
v 0.003546169260516765 0.06480933725833897 0.09049943834543228
v -0.00299041345715523 0.06470412015914921 0.09047583490610123
v -0.00299041345715523 0.06858178973197941 0.10864035040140152
v -0.00299041345715523 0.06470412015914921 0.09047583490610123
v -0.011821994557976731 0.0675662457942963 0.10831759124994278
v -0.011821994557976731 0.0675662457942963 0.10831759124994278
v -0.00299041345715523 0.06470412015914921 0.09047583490610123
v -0.011821994557976731 0.06369039416313176 0.09023670107126236
v -0.011821994557976731 0.0675662457942963 0.10831759124994278
v -0.011821994557976731 0.06369039416313176 0.09023670107126236
v -0.017091557383537303 0.0662012025713921 0.1078818216919899
v -0.017091557383537303 0.0662012025713921 0.1078818216919899
v -0.011821994557976731 0.06369039416313176 0.09023670107126236
v -0.02277721837162973 0.06030520051717762 0.0894341841340065
v -0.017091557383537303 0.0662012025713921 0.1078818216919899
v -0.02277721837162973 0.06030520051717762 0.0894341841340065
v -0.02277721837162973 0.06417649239301686 0.10723499208688736
v -0.02277721837162973 0.06417649239301686 0.10723499208688736
v -0.02277721837162973 0.06030520051717762 0.0894341841340065
v -0.028397269546985644 0.06151223555207257 0.10638324171304703
v -0.033792003989219686 0.058226488530635875 0.10533235222101212
v -0.033792003989219686 0.06319907307624821 0.12232092767953873
v -0.028397269546985644 0.06151223555207257 0.10638324171304703
v -0.028397269546985644 0.06151223555207257 0.10638324171304703
v -0.033792003989219686 0.06319907307624821 0.12232092767953873
v -0.028397269546985644 0.06649023294448857 0.12365023046731949
v -0.028397269546985644 0.06151223555207257 0.10638324171304703
v -0.028397269546985644 0.06649023294448857 0.12365023046731949
v -0.02277721837162973 0.06417649239301686 0.10723499208688736
v -0.02277721837162973 0.06417649239301686 0.10723499208688736
v -0.028397269546985644 0.06649023294448857 0.12365023046731949
v -0.02277721837162973 0.06915886700153355 0.124727763235569
v -0.02277721837162973 0.06417649239301686 0.10723499208688736
v -0.02277721837162973 0.06915886700153355 0.124727763235569
v -0.017091557383537303 0.0662012025713921 0.1078818216919899
v -0.017091557383537303 0.0662012025713921 0.1078818216919899
v -0.02277721837162973 0.06915886700153355 0.124727763235569
v -0.017091557383537303 0.07118687778711323 0.1255461871623993
v -0.017091557383537303 0.0662012025713921 0.1078818216919899
v -0.017091557383537303 0.07118687778711323 0.1255461871623993
v -0.011821994557976731 0.0675662457942963 0.10831759124994278
v -0.011821994557976731 0.0675662457942963 0.10831759124994278
v -0.017091557383537303 0.07118687778711323 0.1255461871623993
v -0.011821994557976731 0.07255412638187413 0.12609753012657166
v -0.011821994557976731 0.0675662457942963 0.10831759124994278
v -0.011821994557976731 0.07255412638187413 0.12609753012657166
v -0.00299041345715523 0.06858178973197941 0.10864035040140152
v -0.00299041345715523 0.06858178973197941 0.10864035040140152
v -0.011821994557976731 0.07255412638187413 0.12609753012657166
v -0.00299041345715523 0.0735712423920632 0.12650629878044128
v -0.00299041345715523 0.06858178973197941 0.10864035040140152
v -0.00299041345715523 0.0735712423920632 0.12650629878044128
v 0.003546169260516765 0.0686876624822617 0.10867241770029068
v 0.003546169260516765 0.0686876624822617 0.10867241770029068
v -0.00299041345715523 0.0735712423920632 0.12650629878044128
v 0.003546169260516765 0.07367718964815145 0.12654724717140198
v 0.003546169260516765 0.0686876624822617 0.10867241770029068
v 0.003546169260516765 0.07367718964815145 0.12654724717140198
v 0.011614818125963218 0.06755252927541737 0.10830662399530411
v 0.011614818125963218 0.06755252927541737 0.10830662399530411
v 0.003546169260516765 0.07367718964815145 0.12654724717140198
v 0.011614818125963218 0.07254005223512654 0.12608513236045837
v 0.011614818125963218 0.06755252927541737 0.10830662399530411
v 0.011614818125963218 0.07254005223512654 0.12608513236045837
v 0.017384400591254245 0.06611069291830067 0.10784319788217545
v 0.017384400591254245 0.06611069291830067 0.10784319788217545
v 0.011614818125963218 0.07254005223512654 0.12608513236045837
v 0.017384400591254245 0.07109571248292927 0.1254993975162506
v 0.017384400591254245 0.06611069291830067 0.10784319788217545
v 0.017384400591254245 0.07109571248292927 0.1254993975162506
v 0.02312232926487924 0.06404590606689457 0.10718027502298355
v 0.02312232926487924 0.06404590606689457 0.10718027502298355
v 0.017384400591254245 0.07109571248292927 0.1254993975162506
v 0.02312232926487924 0.06902739405632023 0.12466136366128922
v 0.02312232926487924 0.06404590606689457 0.10718027502298355
v 0.02312232926487924 0.06902739405632023 0.12466136366128922
v 0.028731683269143125 0.06134660169482235 0.10631415992975235
v 0.028731683269143125 0.06134660169482235 0.10631415992975235
v 0.02312232926487924 0.06902739405632023 0.12466136366128922
v 0.028731683269143125 0.06632349640131001 0.12356636673212051
v 0.028731683269143125 0.06134660169482235 0.10631415992975235
v 0.028731683269143125 0.06632349640131001 0.12356636673212051
v 0.034109439700841925 0.05802680179476742 0.10524938255548477
v 0.034109439700841925 0.05802680179476742 0.10524938255548477
v 0.028731683269143125 0.06632349640131001 0.12356636673212051
v 0.034109439700841925 0.0629980713129044 0.12222013622522354
v -0.033792003989219686 0.06319907307624821 0.12232092767953873
v -0.033792003989219686 0.06923568993806843 0.13888153433799744
v -0.028397269546985644 0.06649023294448857 0.12365023046731949
v -0.028397269546985644 0.06649023294448857 0.12365023046731949
v -0.033792003989219686 0.06923568993806843 0.13888153433799744
v -0.028397269546985644 0.0725360214710236 0.14049848914146423
v -0.028397269546985644 0.06649023294448857 0.12365023046731949
v -0.028397269546985644 0.0725360214710236 0.14049848914146423
v -0.02277721837162973 0.06915886700153355 0.124727763235569
v -0.02277721837162973 0.06915886700153355 0.124727763235569
v -0.028397269546985644 0.0725360214710236 0.14049848914146423
v -0.02277721837162973 0.07521189004182821 0.14180931448936462
v -0.02277721837162973 0.06915886700153355 0.124727763235569
v -0.02277721837162973 0.07521189004182821 0.14180931448936462
v -0.017091557383537303 0.07118687778711323 0.1255461871623993
v -0.017091557383537303 0.07118687778711323 0.1255461871623993
v -0.02277721837162973 0.07521189004182821 0.14180931448936462
v -0.017091557383537303 0.07724517583847051 0.14280512928962708
v -0.017091557383537303 0.07118687778711323 0.1255461871623993
v -0.017091557383537303 0.07724517583847051 0.14280512928962708
v -0.011821994557976731 0.07255412638187413 0.12609753012657166
v -0.011821994557976731 0.07255412638187413 0.12609753012657166
v -0.017091557383537303 0.07724517583847051 0.14280512928962708
v -0.011821994557976731 0.07861574739217764 0.1434762179851532
v -0.011821994557976731 0.07255412638187413 0.12609753012657166
v -0.011821994557976731 0.07861574739217764 0.1434762179851532
v -0.00299041345715523 0.0735712423920632 0.12650629878044128
v -0.00299041345715523 0.0735712423920632 0.12650629878044128
v -0.011821994557976731 0.07861574739217764 0.1434762179851532
v -0.00299041345715523 0.0796345472335816 0.14397433400154114
v -0.00299041345715523 0.0735712423920632 0.12650629878044128
v -0.00299041345715523 0.0796345472335816 0.14397433400154114
v 0.003546169260516765 0.07367718964815145 0.12654724717140198
v 0.003546169260516765 0.07367718964815145 0.12654724717140198
v -0.00299041345715523 0.0796345472335816 0.14397433400154114
v 0.003546169260516765 0.07973977178335195 0.14402493834495544
v 0.003546169260516765 0.07367718964815145 0.12654724717140198
v 0.003546169260516765 0.07973977178335195 0.14402493834495544
v 0.011614818125963218 0.07254005223512654 0.12608513236045837
v 0.011614818125963218 0.07254005223512654 0.12608513236045837
v 0.003546169260516765 0.07973977178335195 0.14402493834495544
v 0.011614818125963218 0.07859786599874502 0.14346405863761902
v 0.011614818125963218 0.07254005223512654 0.12608513236045837
v 0.011614818125963218 0.07859786599874502 0.14346405863761902
v 0.017384400591254245 0.07109571248292927 0.1254993975162506
v 0.017384400591254245 0.07109571248292927 0.1254993975162506
v 0.011614818125963218 0.07859786599874502 0.14346405863761902
v 0.017384400591254245 0.07714819163084036 0.14275267720222473
v 0.017384400591254245 0.07109571248292927 0.1254993975162506
v 0.017384400591254245 0.07714819163084036 0.14275267720222473
v 0.02312232926487924 0.06902739405632023 0.12466136366128922
v 0.02312232926487924 0.06902739405632023 0.12466136366128922
v 0.017384400591254245 0.07714819163084036 0.14275267720222473
v 0.02312232926487924 0.0750726461410523 0.1417345106601715
v 0.02312232926487924 0.06902739405632023 0.12466136366128922
v 0.02312232926487924 0.0750726461410523 0.1417345106601715
v 0.028731683269143125 0.06632349640131001 0.12356636673212051
v 0.028731683269143125 0.06632349640131001 0.12356636673212051
v 0.02312232926487924 0.0750726461410523 0.1417345106601715
v 0.028731683269143125 0.07235959917306904 0.1404038369655609
v 0.028731683269143125 0.06632349640131001 0.12356636673212051
v 0.028731683269143125 0.07235959917306904 0.1404038369655609
v 0.034109439700841925 0.0629980713129044 0.12222013622522354
v 0.034109439700841925 0.0629980713129044 0.12222013622522354
v 0.028731683269143125 0.07235959917306904 0.1404038369655609
v 0.034109439700841925 0.06902316212654118 0.13876762986183167
v -0.00299041345715523 0.09125062078237539 0.17892977595329285
v -0.00299041345715523 0.08912910521030432 0.16988900303840637
v -0.011821994557976731 0.08811520785093313 0.16924569010734558
v -0.033792003989219686 0.06923568993806843 0.13888153433799744
v -0.033792003989219686 0.07596465945243841 0.15502861142158508
v -0.028397269546985644 0.0725360214710236 0.14049848914146423
v -0.028397269546985644 0.0725360214710236 0.14049848914146423
v -0.033792003989219686 0.07596465945243841 0.15502861142158508
v -0.028397269546985644 0.07927270978689199 0.15694698691368103
v -0.028397269546985644 0.0725360214710236 0.14049848914146423
v -0.028397269546985644 0.07927270978689199 0.15694698691368103
v -0.02277721837162973 0.07521189004182821 0.14180931448936462
v -0.02277721837162973 0.07521189004182821 0.14180931448936462
v -0.028397269546985644 0.07927270978689199 0.15694698691368103
v -0.02277721837162973 0.08195466548204428 0.15850231051445007
v -0.02277721837162973 0.07521189004182821 0.14180931448936462
v -0.02277721837162973 0.08195466548204428 0.15850231051445007
v -0.017091557383537303 0.07724517583847051 0.14280512928962708
v -0.017091557383537303 0.07724517583847051 0.14280512928962708
v -0.02277721837162973 0.08195466548204428 0.15850231051445007
v -0.017091557383537303 0.08399238437414175 0.15968403220176697
v -0.017091557383537303 0.07724517583847051 0.14280512928962708
v -0.017091557383537303 0.08399238437414175 0.15968403220176697
v -0.011821994557976731 0.07861574739217764 0.1434762179851532
v -0.011821994557976731 0.07861574739217764 0.1434762179851532
v -0.017091557383537303 0.08399238437414175 0.15968403220176697
v -0.011821994557976731 0.08536574989557272 0.1604805290699005
v -0.011821994557976731 0.07861574739217764 0.1434762179851532
v -0.011821994557976731 0.08536574989557272 0.1604805290699005
v -0.00299041345715523 0.0830571204423905 0.15252968668937683
v -0.00299041345715523 0.0830571204423905 0.15252968668937683
v -0.011821994557976731 0.08536574989557272 0.1604805290699005
v -0.00299041345715523 0.0863859578967095 0.1610722839832306
v -0.00299041345715523 0.0830571204423905 0.15252968668937683
v -0.00299041345715523 0.0863859578967095 0.1610722839832306
v 0.0015107626095414173 0.08315070718526846 0.1525796353816986
v 0.0015107626095414173 0.08315070718526846 0.1525796353816986
v -0.00299041345715523 0.0863859578967095 0.1610722839832306
v 0.0015107626095414173 0.08647953718900686 0.16112658381462097
v 0.0015107626095414173 0.08315070718526846 0.1525796353816986
v 0.0015107626095414173 0.08647953718900686 0.16112658381462097
v 0.003546169260516765 0.0831617340445519 0.15258553624153137
v 0.003546169260516765 0.0831617340445519 0.15258553624153137
v 0.0015107626095414173 0.08647953718900686 0.16112658381462097
v 0.003546169260516765 0.08649055659770971 0.1611330211162567
v 0.003546169260516765 0.0831617340445519 0.15258553624153137
v 0.003546169260516765 0.08649055659770971 0.1611330211162567
v 0.011614818125963218 0.08534463495016104 0.1604686677455902
v 0.011614818125963218 0.08534463495016104 0.1604686677455902
v 0.003546169260516765 0.08649055659770971 0.1611330211162567
v 0.003546169260516765 0.08793760091066366 0.16551169753074646
v 0.011614818125963218 0.08534463495016104 0.1604686677455902
v 0.003546169260516765 0.08793760091066366 0.16551169753074646
v 0.011614818125963218 0.08809307962656027 0.16923251748085022
v 0.011614818125963218 0.08809307962656027 0.16923251748085022
v 0.003546169260516765 0.08793760091066366 0.16551169753074646
v 0.003546169260516765 0.0892327949404717 0.16995498538017273
v 0.011614818125963218 0.08809307962656027 0.16923251748085022
v 0.003546169260516765 0.0892327949404717 0.16995498538017273
v 0.003546169260516765 0.09135308116674429 0.17900153994560242
v 0.003546169260516765 0.09135308116674429 0.17900153994560242
v 0.003546169260516765 0.0892327949404717 0.16995498538017273
v 0.0015107626095414173 0.09134234488010412 0.17899397015571594
v 0.003546169260516765 0.09135308116674429 0.17900153994560242
v 0.0015107626095414173 0.09134234488010412 0.17899397015571594
v 0.0015107626095414173 0.09281399846076971 0.18819615244865417
v 0.0391553342342377 0.0475198328495026 0.06985757499933243
v 0.0391553342342377 0.05025190487504009 0.08703020960092545
v 0.043776482343673734 0.043086223304271726 0.06916467100381851
v 0.043776482343673734 0.043086223304271726 0.06916467100381851
v 0.0391553342342377 0.05025190487504009 0.08703020960092545
v 0.043776482343673734 0.0458144545555115 0.0859740749001503
v 0.043776482343673734 0.043086223304271726 0.06916467100381851
v 0.043776482343673734 0.0458144545555115 0.0859740749001503
v 0.04789213836193088 0.03819264471530917 0.0684000626206398
v 0.04789213836193088 0.03819264471530917 0.0684000626206398
v 0.043776482343673734 0.0458144545555115 0.0859740749001503
v 0.04789213836193088 0.04091665521264079 0.08480856567621231
v 0.04789213836193088 0.03819264471530917 0.0684000626206398
v 0.04789213836193088 0.04091665521264079 0.08480856567621231
v 0.05144087597727779 0.03292963653802874 0.06757781654596329
v 0.05144087597727779 0.03292963653802874 0.06757781654596329
v 0.04789213836193088 0.04091665521264079 0.08480856567621231
v 0.05144087597727779 0.03564912825822832 0.08355531841516495
v 0.05144087597727779 0.03292963653802874 0.06757781654596329
v 0.05144087597727779 0.03564912825822832 0.08355531841516495
v 0.05437964573502544 0.027394158765673655 0.0667131319642067
v 0.05437964573502544 0.027394158765673655 0.0667131319642067
v 0.05144087597727779 0.03564912825822832 0.08355531841516495
v 0.05437964573502544 0.03010891377925875 0.08223734050989151
v 0.05437964573502544 0.027394158765673655 0.0667131319642067
v 0.05437964573502544 0.03010891377925875 0.08223734050989151
v 0.05668956786394123 0.021689612418413176 0.06582210212945938
v 0.05668956786394123 0.021689612418413176 0.06582210212945938
v 0.05437964573502544 0.03010891377925875 0.08223734050989151
v 0.05668956786394123 0.02439949847757818 0.08087924867868423
v 0.05668956786394123 0.021689612418413176 0.06582210212945938
v 0.05668956786394123 0.02439949847757818 0.08087924867868423
v 0.05837079882621769 0.015915758907794963 0.0649203434586525
v 0.05837079882621769 0.015915758907794963 0.0649203434586525
v 0.05668956786394123 0.02439949847757818 0.08087924867868423
v 0.05837079882621769 0.018620731309056296 0.0795048251748085
v 0.05837079882621769 0.015915758907794963 0.0649203434586525
v 0.05837079882621769 0.018620731309056296 0.0795048251748085
v 0.059444963932037395 0.010167550295591361 0.06402263790369034
v 0.059444963932037395 0.010167550295591361 0.06402263790369034
v 0.05837079882621769 0.018620731309056296 0.0795048251748085
v 0.059444963932037395 0.012867642566561708 0.07813660055398941
v 0.059444963932037395 0.010167550295591361 0.06402263790369034
v 0.059444963932037395 0.012867642566561708 0.07813660055398941
v 0.05992415919899945 -0.0010117718484252698 0.06227705255150795
v 0.05992415919899945 -0.0010117718484252698 0.06227705255150795
v 0.059444963932037395 0.012867642566561708 0.07813660055398941
v 0.05992415919899945 0.0016788634238764655 0.07547608762979507
v 0.05992415919899945 -0.0010117718484252698 0.06227705255150795
v 0.05992415919899945 0.0016788634238764655 0.07547608762979507
v 0.05824340507388119 -0.012408554553985604 0.06049773469567299
v 0.05824340507388119 -0.012408554553985604 0.06049773469567299
v 0.05992415919899945 0.0016788634238764655 0.07547608762979507
v 0.05824340507388119 -0.009727516211569316 0.07276425510644913
v 0.05824340507388119 -0.012408554553985604 0.06049773469567299
v 0.05824340507388119 -0.009727516211569316 0.07276425510644913
v 0.05650582909584049 -0.018180787563323985 0.05959663167595863
v 0.05650582909584049 -0.018180787563323985 0.05959663167595863
v 0.05824340507388119 -0.009727516211569316 0.07276425510644913
v 0.05650582909584049 -0.015504591166973124 0.07139096409082413
v 0.05650582909584049 -0.018180787563323985 0.05959663167595863
v 0.05650582909584049 -0.015504591166973124 0.07139096409082413
v 0.05413822457194332 -0.023875234648585337 0.05870780721306801
v 0.05413822457194332 -0.023875234648585337 0.05870780721306801
v 0.05650582909584049 -0.015504591166973124 0.07139096409082413
v 0.05413822457194332 -0.021203802898526206 0.07003632932901382
v 0.05413822457194332 -0.023875234648585337 0.05870780721306801
v 0.05413822457194332 -0.021203802898526206 0.07003632932901382
v 0.05114311352372173 -0.029391491785645506 0.057846877723932266
v 0.05114311352372173 -0.029391491785645506 0.057846877723932266
v 0.05413822457194332 -0.021203802898526206 0.07003632932901382
v 0.05114311352372173 -0.026724660769104975 0.06872425228357315
v 0.05114311352372173 -0.029391491785645506 0.057846877723932266
v 0.05114311352372173 -0.026724660769104975 0.06872425228357315
v 0.047540526837110554 -0.03462633118033411 0.05702999606728554
v 0.047540526837110554 -0.03462633118033411 0.05702999606728554
v 0.05114311352372173 -0.026724660769104975 0.06872425228357315
v 0.047540526837110554 -0.03196385130286219 0.06747929006814957
v 0.047540526837110554 -0.03462633118033411 0.05702999606728554
v 0.047540526837110554 -0.03196385130286219 0.06747929006814957
v 0.04337627440690997 -0.03948354348540309 0.05627206340432167
v 0.04337627440690997 -0.03948354348540309 0.05627206340432167
v 0.047540526837110554 -0.03196385130286219 0.06747929006814957
v 0.04337627440690997 -0.036825083196163205 0.06632427126169205
v 0.04337627440690997 -0.03948354348540309 0.05627206340432167
v 0.04337627440690997 -0.036825083196163205 0.06632427126169205
v 0.038712788373231916 -0.04387342557311061 0.05558726564049721
v 0.038712788373231916 -0.04387342557311061 0.05558726564049721
v 0.04337627440690997 -0.036825083196163205 0.06632427126169205
v 0.038712788373231916 -0.04121857881546023 0.06528059393167496
v 0.038712788373231916 -0.04387342557311061 0.05558726564049721
v 0.038712788373231916 -0.04121857881546023 0.06528059393167496
v 0.0336328372359276 -0.04772653058171276 0.054986272007226944
v 0.0336328372359276 -0.04772653058171276 0.054986272007226944
v 0.038712788373231916 -0.04121857881546023 0.06528059393167496
v 0.0336328372359276 -0.045074835419654874 0.06436476856470108
v 0.0336328372359276 -0.04772653058171276 0.054986272007226944
v 0.0336328372359276 -0.045074835419654874 0.06436476856470108
v 0.028229752555489557 -0.050987098366022145 0.05447784438729286
v 0.028229752555489557 -0.050987098366022145 0.05447784438729286
v 0.0336328372359276 -0.045074835419654874 0.06436476856470108
v 0.028229752555489557 -0.048338048160076176 0.06359002739191055
v 0.028229752555489557 -0.050987098366022145 0.05447784438729286
v 0.028229752555489557 -0.048338048160076176 0.06359002739191055
v 0.022604495286941542 -0.05362680554389957 0.05406639352440834
v 0.022604495286941542 -0.05362680554389957 0.05406639352440834
v 0.028229752555489557 -0.048338048160076176 0.06359002739191055
v 0.022604495286941542 -0.05097987502813343 0.062963105738163
v 0.022604495286941542 -0.05362680554389957 0.05406639352440834
v 0.022604495286941542 -0.05097987502813343 0.062963105738163
v 0.016859784722328196 -0.055633034557104145 0.05375388637185097
v 0.016859784722328196 -0.055633034557104145 0.05375388637185097
v 0.022604495286941542 -0.05097987502813343 0.062963105738163
v 0.016859784722328196 -0.05298767983913425 0.0624869205057621
v 0.016859784722328196 -0.055633034557104145 0.05375388637185097
v 0.016859784722328196 -0.05298767983913425 0.0624869205057621
v 0.011092000640928752 -0.05701953545212749 0.05353811755776405
v 0.011092000640928752 -0.05701953545212749 0.05353811755776405
v 0.016859784722328196 -0.05298767983913425 0.0624869205057621
v 0.011092000640928752 -0.05437523499131206 0.062158260494470596
v 0.011092000640928752 -0.05701953545212749 0.05353811755776405
v 0.011092000640928752 -0.05437523499131206 0.062158260494470596
v 0.005397376604378227 -0.057812761515378994 0.05341503396630287
v 0.005397376604378227 -0.057812761515378994 0.05341503396630287
v 0.011092000640928752 -0.05437523499131206 0.062158260494470596
v 0.005397376604378227 -0.05516901612281803 0.06197074428200722
v 0.005397376604378227 -0.057812761515378994 0.05341503396630287
v 0.005397376604378227 -0.05516901612281803 0.06197074428200722
v -0.005738519132137302 -0.05778329446911816 0.053421054035425186
v -0.005738519132137302 -0.05778329446911816 0.053421054035425186
v 0.005397376604378227 -0.05516901612281803 0.06197074428200722
v -0.005738519132137302 -0.0551392957568169 0.06198028102517128
v -0.005738519132137302 -0.05778329446911816 0.053421054035425186
v -0.005738519132137302 -0.0551392957568169 0.06198028102517128
v -0.011440484784543521 -0.05695768445730213 0.05355069413781166
v -0.011440484784543521 -0.05695768445730213 0.05355069413781166
v -0.005738519132137302 -0.0551392957568169 0.06198028102517128
v -0.011440484784543521 -0.05431287363171581 0.06217798963189125
v -0.011440484784543521 -0.05695768445730213 0.05355069413781166
v -0.011440484784543521 -0.05431287363171581 0.06217798963189125
v -0.017209554091095935 -0.055536758154630696 0.053773317486047745
v -0.017209554091095935 -0.055536758154630696 0.053773317486047745
v -0.011440484784543521 -0.05431287363171581 0.06217798963189125
v -0.017209554091095935 -0.05289062485098842 0.0625174418091774
v -0.017209554091095935 -0.055536758154630696 0.053773317486047745
v -0.017209554091095935 -0.05289062485098842 0.0625174418091774
v -0.02294983156025411 -0.05349475145339969 0.054092857986688614
v -0.02294983156025411 -0.05349475145339969 0.054092857986688614
v -0.017209554091095935 -0.05289062485098842 0.0625174418091774
v -0.02294983156025411 -0.05084677785634998 0.06300470978021622
v -0.02294983156025411 -0.05349475145339969 0.054092857986688614
v -0.02294983156025411 -0.05084677785634998 0.06300470978021622
v -0.028564581647515314 -0.05081934109330181 0.05451134219765663
v -0.028564581647515314 -0.05081934109330181 0.05451134219765663
v -0.02294983156025411 -0.05084677785634998 0.06300470978021622
v -0.028564581647515314 -0.048168994486331974 0.06364265829324722
v -0.028564581647515314 -0.05081934109330181 0.05451134219765663
v -0.028564581647515314 -0.048168994486331974 0.06364265829324722
v -0.03395087271928789 -0.04752408340573314 0.05502656474709511
v -0.03395087271928789 -0.04752408340573314 0.05502656474709511
v -0.028564581647515314 -0.048168994486331974 0.06364265829324722
v -0.03395087271928789 -0.0448708385229111 0.06442800909280777
v -0.03395087271928789 -0.04752408340573314 0.05502656474709511
v -0.03395087271928789 -0.0448708385229111 0.06442800909280777
v -0.039008203893899945 -0.04363892599940303 0.05563387647271156
v -0.039008203893899945 -0.04363892599940303 0.05563387647271156
v -0.03395087271928789 -0.0448708385229111 0.06442800909280777
v -0.039008203893899945 -0.04098229482769969 0.06535372883081436
v -0.039008203893899945 -0.04363892599940303 0.05563387647271156
v -0.039008203893899945 -0.04098229482769969 0.06535372883081436
v -0.04364354535937312 -0.03922050073742869 0.05632433667778969
v -0.04364354535937312 -0.03922050073742869 0.05632433667778969
v -0.039008203893899945 -0.04098229482769969 0.06535372883081436
v -0.04364354535937312 -0.036560039967298535 0.06640628725290298
v -0.04364354535937312 -0.03922050073742869 0.05632433667778969
v -0.04364354535937312 -0.036560039967298535 0.06640628725290298
v -0.04777545109391216 -0.034339558333158514 0.05708703771233559
v -0.04777545109391216 -0.034339558333158514 0.05708703771233559
v -0.04364354535937312 -0.036560039967298535 0.06640628725290298
v -0.04777545109391216 -0.031674887984991094 0.06756875663995743
v -0.04777545109391216 -0.034339558333158514 0.05708703771233559
v -0.04777545109391216 -0.031674887984991094 0.06756875663995743
v -0.05134218186140064 -0.029086371883749983 0.05790773406624794
v -0.05134218186140064 -0.029086371883749983 0.05790773406624794
v -0.04777545109391216 -0.031674887984991094 0.06756875663995743
v -0.05134218186140064 -0.02641719207167627 0.06881967931985855
v -0.05134218186140064 -0.029086371883749983 0.05790773406624794
v -0.05134218186140064 -0.02641719207167627 0.06881967931985855
v -0.05429974943399433 -0.023557636886835116 0.058771345764398575
v -0.05429974943399433 -0.023557636886835116 0.058771345764398575
v -0.05134218186140064 -0.02641719207167627 0.06881967931985855
v -0.05429974943399433 -0.02088372409343721 0.07013610750436783
v -0.05429974943399433 -0.023557636886835116 0.058771345764398575
v -0.05429974943399433 -0.02088372409343721 0.07013610750436783
v -0.056628901511430775 -0.01785670593380929 0.05966183915734291
v -0.056628901511430775 -0.01785670593380929 0.05966183915734291
v -0.05429974943399433 -0.02088372409343721 0.07013610750436783
v -0.056628901511430775 -0.015177927911281596 0.07149330526590347
v -0.056628901511430775 -0.01785670593380929 0.05966183915734291
v -0.056628901511430775 -0.015177927911281596 0.07149330526590347
v -0.058328893035650295 -0.012083558365702638 0.060563478618860245
v -0.058328893035650295 -0.012083558365702638 0.060563478618860245
v -0.056628901511430775 -0.015177927911281596 0.07149330526590347
v -0.058328893035650295 -0.009399865753948695 0.07286760956048965
v -0.058328893035650295 -0.012083558365702638 0.060563478618860245
v -0.058328893035650295 -0.009399865753948695 0.07286760956048965
v -0.05994019284844403 -0.0007002896163612608 0.06234106793999672
v -0.05994019284844403 -0.0007002896163612608 0.06234106793999672
v -0.058328893035650295 -0.009399865753948695 0.07286760956048965
v -0.05994019284844403 0.001993054756894709 0.07557693868875504
v -0.05994019284844403 -0.0007002896163612608 0.06234106793999672
v -0.05994019284844403 0.001993054756894709 0.07557693868875504
v -0.05939660966396336 0.010487703606486327 0.06408796459436417
v -0.05939660966396336 0.010487703606486327 0.06408796459436417
v -0.05994019284844403 0.001993054756894709 0.07557693868875504
v -0.05939660966396336 0.013190492056310186 0.07823929935693741
v -0.05939660966396336 0.010487703606486327 0.06408796459436417
v -0.05939660966396336 0.013190492056310186 0.07823929935693741
v -0.05828642845153813 0.016240699216723452 0.06498608738183975
v -0.05828642845153813 0.016240699216723452 0.06498608738183975
v -0.05939660966396336 0.013190492056310186 0.07823929935693741
v -0.05828642845153813 0.01894832588732244 0.07960817962884903
v -0.05828642845153813 0.016240699216723452 0.06498608738183975
v -0.05828642845153813 0.01894832588732244 0.07960817962884903
v -0.05656765401363376 0.022013800218701376 0.06588730961084366
v -0.05656765401363376 0.022013800218701376 0.06588730961084366
v -0.05828642845153813 0.01894832588732244 0.07960817962884903
v -0.05656765401363376 0.024726271629333513 0.08098164945840836
v -0.05656765401363376 0.022013800218701376 0.06588730961084366
v -0.05656765401363376 0.024726271629333513 0.08098164945840836
v -0.054219275712966954 0.02771203964948656 0.06677673012018204
v -0.054219275712966954 0.02771203964948656 0.06677673012018204
v -0.05656765401363376 0.024726271629333513 0.08098164945840836
v -0.054219275712966954 0.030429277569055578 0.08233717828989029
v -0.054219275712966954 0.02771203964948656 0.06677673012018204
v -0.054219275712966954 0.030429277569055578 0.08233717828989029
v -0.05124292895197872 0.03323522582650187 0.06763873249292374
v -0.05124292895197872 0.03323522582650187 0.06763873249292374
v -0.054219275712966954 0.030429277569055578 0.08233717828989029
v -0.05124292895197872 0.03595706820487978 0.08365092426538467
v -0.05124292895197872 0.03323522582650187 0.06763873249292374
v -0.05124292895197872 0.03595706820487978 0.08365092426538467
v -0.04765824973583225 0.038480054587125806 0.0684572234749794
v -0.04765824973583225 0.038480054587125806 0.0684572234749794
v -0.05124292895197872 0.03595706820487978 0.08365092426538467
v -0.04765824973583225 0.04120625555515292 0.08489827066659927
v -0.04765824973583225 0.038480054587125806 0.0684572234749794
v -0.04765824973583225 0.04120625555515292 0.08489827066659927
v -0.0435101427137852 0.04335006698966029 0.06921712309122086
v -0.0435101427137852 0.04335006698966029 0.06921712309122086
v -0.04765824973583225 0.04120625555515292 0.08489827066659927
v -0.0435101427137852 0.04608030244708064 0.08605632930994034
v -0.0435101427137852 0.04335006698966029 0.06921712309122086
v -0.0435101427137852 0.04608030244708064 0.08605632930994034
v -0.03886068984866145 0.0477552525699139 0.06990436464548111
v -0.03886068984866145 0.0477552525699139 0.06990436464548111
v -0.0435101427137852 0.04608030244708064 0.08605632930994034
v -0.03886068984866145 0.05048911646008495 0.08710364252328873
v 0.0391553342342377 0.04593568667769435 0.052596721798181534
v 0.0391553342342377 0.0475198328495026 0.06985757499933243
v 0.043776482343673734 0.0415059030056 0.05226663127541542
v 0.043776482343673734 0.0415059030056 0.05226663127541542
v 0.0391553342342377 0.0475198328495026 0.06985757499933243
v 0.043776482343673734 0.043086223304271726 0.06916467100381851
v 0.043776482343673734 0.0415059030056 0.05226663127541542
v 0.043776482343673734 0.043086223304271726 0.06916467100381851
v 0.04789213836193088 0.036616422235965757 0.05190232768654823
v 0.04789213836193088 0.036616422235965757 0.05190232768654823
v 0.043776482343673734 0.043086223304271726 0.06916467100381851
v 0.04789213836193088 0.03819264471530917 0.0684000626206398
v 0.04789213836193088 0.036616422235965757 0.05190232768654823
v 0.04789213836193088 0.03819264471530917 0.0684000626206398
v 0.05144087597727779 0.03135770931839945 0.051510486751794815
v 0.05144087597727779 0.03135770931839945 0.051510486751794815
v 0.04789213836193088 0.03819264471530917 0.0684000626206398
v 0.05144087597727779 0.03292963653802874 0.06757781654596329
v 0.05144087597727779 0.03135770931839945 0.051510486751794815
v 0.05144087597727779 0.03292963653802874 0.06757781654596329
v 0.05437964573502544 0.025826640427112597 0.051098380237817764
v 0.05437964573502544 0.025826640427112597 0.051098380237817764
v 0.05144087597727779 0.03292963653802874 0.06757781654596329
v 0.05437964573502544 0.027394158765673655 0.0667131319642067
v 0.05437964573502544 0.025826640427112597 0.051098380237817764
v 0.05437964573502544 0.027394158765673655 0.0667131319642067
v 0.05668956786394123 0.02012654393911363 0.05067363753914833
v 0.05668956786394123 0.02012654393911363 0.05067363753914833
v 0.05437964573502544 0.027394158765673655 0.0667131319642067
v 0.05668956786394123 0.021689612418413176 0.06582210212945938
v 0.05668956786394123 0.02012654393911363 0.05067363753914833
v 0.05668956786394123 0.021689612418413176 0.06582210212945938
v 0.05837079882621769 0.014357108622789393 0.050243768841028214
v 0.05837079882621769 0.014357108622789393 0.050243768841028214
v 0.05668956786394123 0.021689612418413176 0.06582210212945938
v 0.05837079882621769 0.015915758907794963 0.0649203434586525
v 0.05837079882621769 0.014357108622789393 0.050243768841028214
v 0.05837079882621769 0.015915758907794963 0.0649203434586525
v 0.059444963932037395 0.008613219484686857 0.04981580749154091
v 0.059444963932037395 0.008613219484686857 0.04981580749154091
v 0.05837079882621769 0.015915758907794963 0.0649203434586525
v 0.059444963932037395 0.010167550295591361 0.06402263790369034
v 0.059444963932037395 0.008613219484686857 0.04981580749154091
v 0.059444963932037395 0.010167550295591361 0.06402263790369034
v 0.05992415919899945 -0.002557913307100536 0.04898342862725258
v 0.05992415919899945 -0.002557913307100536 0.04898342862725258
v 0.059444963932037395 0.010167550295591361 0.06402263790369034
v 0.05992415919899945 -0.0010117718484252698 0.06227705255150795
v 0.05992415919899945 -0.002557913307100536 0.04898342862725258
v 0.05992415919899945 -0.0010117718484252698 0.06227705255150795
v 0.05824340507388119 -0.013946632854640493 0.04813489690423012
v 0.05824340507388119 -0.013946632854640493 0.04813489690423012
v 0.05992415919899945 -0.0010117718484252698 0.06227705255150795
v 0.05824340507388119 -0.012408554553985604 0.06049773469567299
v 0.05824340507388119 -0.013946632854640493 0.04813489690423012
v 0.05824340507388119 -0.012408554553985604 0.06049773469567299
v 0.05650582909584049 -0.01971489749848844 0.047705087810754776
v 0.05650582909584049 -0.01971489749848844 0.047705087810754776
v 0.05824340507388119 -0.012408554553985604 0.06049773469567299
v 0.05650582909584049 -0.018180787563323985 0.05959663167595863
v 0.05650582909584049 -0.01971489749848844 0.047705087810754776
v 0.05650582909584049 -0.018180787563323985 0.05959663167595863
v 0.05413822457194332 -0.02540551684796812 0.04728111997246742
v 0.05413822457194332 -0.02540551684796812 0.04728111997246742
v 0.05650582909584049 -0.018180787563323985 0.05959663167595863
v 0.05413822457194332 -0.023875234648585337 0.05870780721306801
v 0.05413822457194332 -0.02540551684796812 0.04728111997246742
v 0.05413822457194332 -0.023875234648585337 0.05870780721306801
v 0.05114311352372173 -0.03091815672814848 0.046870384365320206
v 0.05114311352372173 -0.03091815672814848 0.046870384365320206
v 0.05413822457194332 -0.023875234648585337 0.05870780721306801
v 0.05114311352372173 -0.029391491785645506 0.057846877723932266
v 0.05114311352372173 -0.03091815672814848 0.046870384365320206
v 0.05114311352372173 -0.029391491785645506 0.057846877723932266
v 0.047540526837110554 -0.03614966571331026 0.046480629593133926
v 0.047540526837110554 -0.03614966571331026 0.046480629593133926
v 0.05114311352372173 -0.029391491785645506 0.057846877723932266
v 0.047540526837110554 -0.03462633118033411 0.05702999606728554
v 0.047540526837110554 -0.03614966571331026 0.046480629593133926
v 0.047540526837110554 -0.03462633118033411 0.05702999606728554
v 0.04337627440690997 -0.04100389406085017 0.046118948608636856
v 0.04337627440690997 -0.04100389406085017 0.046118948608636856
v 0.047540526837110554 -0.03462633118033411 0.05702999606728554
v 0.04337627440690997 -0.03948354348540309 0.05627206340432167
v 0.04337627440690997 -0.04100389406085017 0.046118948608636856
v 0.04337627440690997 -0.03948354348540309 0.05627206340432167
v 0.038712788373231916 -0.04539119452238086 0.045792076736688614
v 0.038712788373231916 -0.04539119452238086 0.045792076736688614
v 0.04337627440690997 -0.03948354348540309 0.05627206340432167
v 0.038712788373231916 -0.04387342557311061 0.05558726564049721
v 0.038712788373231916 -0.04539119452238086 0.045792076736688614
v 0.038712788373231916 -0.04387342557311061 0.05558726564049721
v 0.0336328372359276 -0.04924216493964199 0.04550513997673988
v 0.0336328372359276 -0.04924216493964199 0.04550513997673988
v 0.038712788373231916 -0.04387342557311061 0.05558726564049721
v 0.0336328372359276 -0.04772653058171276 0.054986272007226944
v 0.0336328372359276 -0.04924216493964199 0.04550513997673988
v 0.0336328372359276 -0.04772653058171276 0.054986272007226944
v 0.028229752555489557 -0.05250107496976856 0.04526237025856972
v 0.028229752555489557 -0.05250107496976856 0.04526237025856972
v 0.0336328372359276 -0.04772653058171276 0.054986272007226944
v 0.028229752555489557 -0.050987098366022145 0.05447784438729286
v 0.028229752555489557 -0.05250107496976856 0.04526237025856972
v 0.028229752555489557 -0.050987098366022145 0.05447784438729286
v 0.022604495286941542 -0.05513960123062137 0.04506579414010048
v 0.022604495286941542 -0.05513960123062137 0.04506579414010048
v 0.028229752555489557 -0.050987098366022145 0.05447784438729286
v 0.022604495286941542 -0.05362680554389957 0.05406639352440834
v 0.022604495286941542 -0.05513960123062137 0.04506579414010048
v 0.022604495286941542 -0.05362680554389957 0.05406639352440834
v 0.016859784722328196 -0.05714512616395954 0.044916365295648575
v 0.016859784722328196 -0.05714512616395954 0.044916365295648575
v 0.022604495286941542 -0.05362680554389957 0.05406639352440834
v 0.016859784722328196 -0.055633034557104145 0.05375388637185097
v 0.016859784722328196 -0.05714512616395954 0.044916365295648575
v 0.016859784722328196 -0.055633034557104145 0.05375388637185097
v 0.011092000640928752 -0.058531377464532894 0.0448131300508976
v 0.011092000640928752 -0.058531377464532894 0.0448131300508976
v 0.016859784722328196 -0.055633034557104145 0.05375388637185097
v 0.011092000640928752 -0.05701953545212749 0.05353811755776405
v 0.011092000640928752 -0.058531377464532894 0.0448131300508976
v 0.011092000640928752 -0.05701953545212749 0.05353811755776405
v 0.005397376604378227 -0.05932477116584782 0.04475400224328041
v 0.005397376604378227 -0.05932477116584782 0.04475400224328041
v 0.011092000640928752 -0.05701953545212749 0.05353811755776405
v 0.005397376604378227 -0.057812761515378994 0.05341503396630287
v 0.005397376604378227 -0.05932477116584782 0.04475400224328041
v 0.005397376604378227 -0.057812761515378994 0.05341503396630287
v -0.005738519132137302 -0.05929679051041607 0.044756148010492325
v -0.005738519132137302 -0.05929679051041607 0.044756148010492325
v 0.005397376604378227 -0.057812761515378994 0.05341503396630287
v -0.005738519132137302 -0.05778329446911816 0.053421054035425186
v -0.005738519132137302 -0.05929679051041607 0.044756148010492325
v -0.005738519132137302 -0.05778329446911816 0.053421054035425186
v -0.011440484784543521 -0.05847252905368809 0.04481760039925575
v -0.011440484784543521 -0.05847252905368809 0.04481760039925575
v -0.005738519132137302 -0.05778329446911816 0.053421054035425186
v -0.011440484784543521 -0.05695768445730213 0.05355069413781166
v -0.011440484784543521 -0.05847252905368809 0.04481760039925575
v -0.011440484784543521 -0.05695768445730213 0.05355069413781166
v -0.017209554091095935 -0.05705339089035991 0.044923339039087296
v -0.017209554091095935 -0.05705339089035991 0.044923339039087296
v -0.011440484784543521 -0.05695768445730213 0.05355069413781166
v -0.017209554091095935 -0.055536758154630696 0.053773317486047745
v -0.017209554091095935 -0.05705339089035991 0.044923339039087296
v -0.017209554091095935 -0.055536758154630696 0.053773317486047745
v -0.02294983156025411 -0.055013623088598286 0.04507533088326454
v -0.02294983156025411 -0.055013623088598286 0.04507533088326454
v -0.017209554091095935 -0.055536758154630696 0.053773317486047745
v -0.02294983156025411 -0.05349475145339969 0.054092857986688614
v -0.02294983156025411 -0.055013623088598286 0.04507533088326454
v -0.02294983156025411 -0.05349475145339969 0.054092857986688614
v -0.028564581647515314 -0.05234089866280559 0.0452745296061039
v -0.028564581647515314 -0.05234089866280559 0.0452745296061039
v -0.02294983156025411 -0.05349475145339969 0.054092857986688614
v -0.028564581647515314 -0.05081934109330181 0.05451134219765663
v -0.028564581647515314 -0.05234089866280559 0.0452745296061039
v -0.028564581647515314 -0.05081934109330181 0.05451134219765663
v -0.03395087271928789 -0.04904874041676525 0.04551980271935463
v -0.03395087271928789 -0.04904874041676525 0.04551980271935463
v -0.028564581647515314 -0.05081934109330181 0.05451134219765663
v -0.03395087271928789 -0.04752408340573314 0.05502656474709511
v -0.03395087271928789 -0.04904874041676525 0.04551980271935463
v -0.03395087271928789 -0.04752408340573314 0.05502656474709511
v -0.039008203893899945 -0.04516706988215449 0.0458090640604496
v -0.039008203893899945 -0.04516706988215449 0.0458090640604496
v -0.03395087271928789 -0.04752408340573314 0.05502656474709511
v -0.039008203893899945 -0.04363892599940303 0.05563387647271156
v -0.039008203893899945 -0.04516706988215449 0.0458090640604496
v -0.039008203893899945 -0.04363892599940303 0.05563387647271156
v -0.04364354535937312 -0.04075246676802638 0.04613802209496498
v -0.04364354535937312 -0.04075246676802638 0.04613802209496498
v -0.039008203893899945 -0.04363892599940303 0.05563387647271156
v -0.04364354535937312 -0.03922050073742869 0.05632433667778969
v -0.04364354535937312 -0.04075246676802638 0.04613802209496498
v -0.04364354535937312 -0.03922050073742869 0.05632433667778969
v -0.04777545109391216 -0.03587561473250391 0.04650137200951576
v -0.04777545109391216 -0.03587561473250391 0.04650137200951576
v -0.04364354535937312 -0.03922050073742869 0.05632433667778969
v -0.04777545109391216 -0.034339558333158514 0.05708703771233559
v -0.04777545109391216 -0.03587561473250391 0.04650137200951576
v -0.04777545109391216 -0.034339558333158514 0.05708703771233559
v -0.05134218186140064 -0.03062671609222891 0.046892497688531876
v -0.05134218186140064 -0.03062671609222891 0.046892497688531876
v -0.04777545109391216 -0.034339558333158514 0.05708703771233559
v -0.05134218186140064 -0.029086371883749983 0.05790773406624794
v -0.05134218186140064 -0.03062671609222891 0.046892497688531876
v -0.05134218186140064 -0.029086371883749983 0.05790773406624794
v -0.05429974943399433 -0.025102389976382273 0.04730412736535072
v -0.05429974943399433 -0.025102389976382273 0.04730412736535072
v -0.05134218186140064 -0.029086371883749983 0.05790773406624794
v -0.05429974943399433 -0.023557636886835116 0.058771345764398575
v -0.05429974943399433 -0.025102389976382273 0.04730412736535072
v -0.05429974943399433 -0.023557636886835116 0.058771345764398575
v -0.056628901511430775 -0.019405908882617964 0.04772857204079628
v -0.056628901511430775 -0.019405908882617964 0.04772857204079628
v -0.05429974943399433 -0.023557636886835116 0.058771345764398575
v -0.056628901511430775 -0.01785670593380929 0.05966183915734291
v -0.056628901511430775 -0.019405908882617964 0.04772857204079628
v -0.056628901511430775 -0.01785670593380929 0.05966183915734291
v -0.058328893035650295 -0.013637179508805284 0.04815838113427162
v -0.058328893035650295 -0.013637179508805284 0.04815838113427162
v -0.056628901511430775 -0.01785670593380929 0.05966183915734291
v -0.058328893035650295 -0.012083558365702638 0.060563478618860245
v -0.058328893035650295 -0.013637179508805284 0.04815838113427162
v -0.058328893035650295 -0.012083558365702638 0.060563478618860245
v -0.05994019284844403 -0.0022623979020863784 0.0490058995783329
v -0.05994019284844403 -0.0022623979020863784 0.0490058995783329
v -0.058328893035650295 -0.012083558365702638 0.060563478618860245
v -0.05994019284844403 -0.0007002896163612608 0.06234106793999672
v -0.05994019284844403 -0.0022623979020863784 0.0490058995783329
v -0.05994019284844403 -0.0007002896163612608 0.06234106793999672
v -0.05939660966396336 0.008917533792555337 0.04983893409371376
v -0.05939660966396336 0.008917533792555337 0.04983893409371376
v -0.05994019284844403 -0.0007002896163612608 0.06234106793999672
v -0.05939660966396336 0.010487703606486327 0.06408796459436417
v -0.05939660966396336 0.008917533792555337 0.04983893409371376
v -0.05939660966396336 0.010487703606486327 0.06408796459436417
v -0.05828642845153813 0.014666493982076655 0.05026725307106972
v -0.05828642845153813 0.014666493982076655 0.05026725307106972
v -0.05939660966396336 0.010487703606486327 0.06408796459436417
v -0.05828642845153813 0.016240699216723452 0.06498608738183975
v -0.05828642845153813 0.014666493982076655 0.05026725307106972
v -0.05828642845153813 0.016240699216723452 0.06498608738183975
v -0.05656765401363376 0.02043562382459642 0.050697121769189835
v -0.05656765401363376 0.02043562382459642 0.050697121769189835
v -0.05828642845153813 0.016240699216723452 0.06498608738183975
v -0.05656765401363376 0.022013800218701376 0.06588730961084366
v -0.05656765401363376 0.02043562382459642 0.050697121769189835
v -0.05656765401363376 0.022013800218701376 0.06588730961084366
v -0.054219275712966954 0.026130029931664484 0.051121387630701065
v -0.054219275712966954 0.026130029931664484 0.051121387630701065
v -0.05656765401363376 0.022013800218701376 0.06588730961084366
v -0.054219275712966954 0.02771203964948656 0.06677673012018204
v -0.054219275712966954 0.026130029931664484 0.051121387630701065
v -0.054219275712966954 0.02771203964948656 0.06677673012018204
v -0.05124292895197872 0.03164958953857424 0.051532600075006485
v -0.05124292895197872 0.03164958953857424 0.051532600075006485
v -0.054219275712966954 0.02771203964948656 0.06677673012018204
v -0.05124292895197872 0.03323522582650187 0.06763873249292374
v -0.05124292895197872 0.03164958953857424 0.051532600075006485
v -0.05124292895197872 0.03323522582650187 0.06763873249292374
v -0.04765824973583225 0.03689107671380046 0.051923129707574844
v -0.04765824973583225 0.03689107671380046 0.051923129707574844
v -0.05124292895197872 0.03323522582650187 0.06763873249292374
v -0.04765824973583225 0.038480054587125806 0.0684572234749794
v -0.04765824973583225 0.03689107671380046 0.051923129707574844
v -0.04765824973583225 0.038480054587125806 0.0684572234749794
v -0.0435101427137852 0.04175809398293498 0.05228576436638832
v -0.0435101427137852 0.04175809398293498 0.05228576436638832
v -0.04765824973583225 0.038480054587125806 0.0684572234749794
v -0.0435101427137852 0.04335006698966029 0.06921712309122086
v -0.0435101427137852 0.04175809398293498 0.05228576436638832
v -0.0435101427137852 0.04335006698966029 0.06921712309122086
v -0.03886068984866145 0.04616069048643115 0.052613768726587296
v -0.03886068984866145 0.04616069048643115 0.052613768726587296
v -0.0435101427137852 0.04335006698966029 0.06921712309122086
v -0.03886068984866145 0.0477552525699139 0.06990436464548111
v 0.0391553342342377 0.05411738157272342 0.10399583727121353
v 0.0391553342342377 0.05908203497529034 0.12063512951135635
v 0.043776482343673734 0.04967550560832027 0.10257188230752945
v 0.043776482343673734 0.04967550560832027 0.10257188230752945
v 0.0391553342342377 0.05908203497529034 0.12063512951135635
v 0.043776482343673734 0.05463266000151638 0.11883459240198135
v 0.043776482343673734 0.04967550560832027 0.10257188230752945
v 0.043776482343673734 0.05463266000151638 0.11883459240198135
v 0.04789213836193088 0.0447727404534817 0.10100040584802628
v 0.04789213836193088 0.0447727404534817 0.10100040584802628
v 0.043776482343673734 0.05463266000151638 0.11883459240198135
v 0.04789213836193088 0.04972163960337642 0.11684755235910416
v 0.04789213836193088 0.0447727404534817 0.10100040584802628
v 0.04789213836193088 0.04972163960337642 0.11684755235910416
v 0.05144087597727779 0.039499800652265576 0.09931061416864395
v 0.05144087597727779 0.039499800652265576 0.09931061416864395
v 0.04789213836193088 0.04972163960337642 0.11684755235910416
v 0.05144087597727779 0.04443982988595965 0.1147107258439064
v 0.05144087597727779 0.039499800652265576 0.09931061416864395
v 0.05144087597727779 0.04443982988595965 0.1147107258439064
v 0.05437964573502544 0.03395382687449457 0.09753350168466568
v 0.05437964573502544 0.03395382687449457 0.09753350168466568
v 0.05144087597727779 0.04443982988595965 0.1147107258439064
v 0.05437964573502544 0.038884539157152204 0.11246345192193985
v 0.05437964573502544 0.03395382687449457 0.09753350168466568
v 0.05437964573502544 0.038884539157152204 0.11246345192193985
v 0.05668956786394123 0.02823841944336893 0.09570226818323135
v 0.05668956786394123 0.02823841944336893 0.09570226818323135
v 0.05437964573502544 0.038884539157152204 0.11246345192193985
v 0.05668956786394123 0.033159542828798315 0.11014775186777115
v 0.05668956786394123 0.02823841944336893 0.09570226818323135
v 0.05668956786394123 0.033159542828798315 0.11014775186777115
v 0.05837079882621769 0.02245353348553182 0.09384904056787491
v 0.05837079882621769 0.02245353348553182 0.09384904056787491
v 0.05668956786394123 0.033159542828798315 0.11014775186777115
v 0.05837079882621769 0.02736495807766916 0.10780409723520279
v 0.05837079882621769 0.02245353348553182 0.09384904056787491
v 0.05837079882621769 0.02736495807766916 0.10780409723520279
v 0.059444963932037395 0.01669430360198022 0.09200409799814224
v 0.059444963932037395 0.01669430360198022 0.09200409799814224
v 0.05837079882621769 0.02736495807766916 0.10780409723520279
v 0.059444963932037395 0.021596081554889693 0.10547105222940445
v 0.059444963932037395 0.01669430360198022 0.09200409799814224
v 0.059444963932037395 0.021596081554889693 0.10547105222940445
v 0.05992415919899945 0.005493449047207836 0.08841655403375626
v 0.05992415919899945 0.005493449047207836 0.08841655403375626
v 0.059444963932037395 0.021596081554889693 0.10547105222940445
v 0.05992415919899945 0.01037648972123862 0.10093400627374649
v 0.05992415919899945 0.005493449047207836 0.08841655403375626
v 0.05992415919899945 0.01037648972123862 0.10093400627374649
v 0.05824340507388119 -0.005925419274717574 0.08475974947214127
v 0.05824340507388119 -0.005925419274717574 0.08475974947214127
v 0.05992415919899945 0.01037648972123862 0.10093400627374649
v 0.05824340507388119 -0.0010614477796480066 0.09630928188562393
v 0.05824340507388119 -0.005925419274717574 0.08475974947214127
v 0.05824340507388119 -0.0010614477796480066 0.09630928188562393
v 0.05650582909584049 -0.011708891950547702 0.08290783315896988
v 0.05650582909584049 -0.011708891950547702 0.08290783315896988
v 0.05824340507388119 -0.0010614477796480066 0.09630928188562393
v 0.05650582909584049 -0.006854565814137463 0.09396723657846451
v 0.05650582909584049 -0.011708891950547702 0.08290783315896988
v 0.05650582909584049 -0.006854565814137463 0.09396723657846451
v 0.05413822457194332 -0.01741446927189828 0.08108112961053848
v 0.05413822457194332 -0.01741446927189828 0.08108112961053848
v 0.05650582909584049 -0.006854565814137463 0.09396723657846451
v 0.05413822457194332 -0.012569649145007142 0.09165690094232559
v 0.05413822457194332 -0.01741446927189828 0.08108112961053848
v 0.05413822457194332 -0.012569649145007142 0.09165690094232559
v 0.05114311352372173 -0.02294155023992063 0.07931170612573624
v 0.05114311352372173 -0.02294155023992063 0.07931170612573624
v 0.05413822457194332 -0.012569649145007142 0.09165690094232559
v 0.05114311352372173 -0.018105929717421542 0.08941904455423355
v 0.05114311352372173 -0.02294155023992063 0.07931170612573624
v 0.05114311352372173 -0.018105929717421542 0.08941904455423355
v 0.047540526837110554 -0.02818670868873598 0.07763276249170303
v 0.047540526837110554 -0.02818670868873598 0.07763276249170303
v 0.05114311352372173 -0.018105929717421542 0.08941904455423355
v 0.047540526837110554 -0.023359805345535292 0.08729550987482071
v 0.047540526837110554 -0.02818670868873598 0.07763276249170303
v 0.047540526837110554 -0.023359805345535292 0.08729550987482071
v 0.04337627440690997 -0.03305354341864588 0.07607517391443253
v 0.04337627440690997 -0.03305354341864588 0.07607517391443253
v 0.047540526837110554 -0.023359805345535292 0.08729550987482071
v 0.04337627440690997 -0.028234720230102556 0.0853254571557045
v 0.04337627440690997 -0.03305354341864588 0.07607517391443253
v 0.04337627440690997 -0.028234720230102556 0.0853254571557045
v 0.038712788373231916 -0.03745217993855479 0.07466766983270645
v 0.038712788373231916 -0.03745217993855479 0.07466766983270645
v 0.04337627440690997 -0.028234720230102556 0.0853254571557045
v 0.038712788373231916 -0.032640643417835256 0.08354518562555313
v 0.038712788373231916 -0.03745217993855479 0.07466766983270645
v 0.038712788373231916 -0.032640643417835256 0.08354518562555313
v 0.0336328372359276 -0.041313029825687436 0.0734325423836708
v 0.0336328372359276 -0.041313029825687436 0.0734325423836708
v 0.038712788373231916 -0.032640643417835256 0.08354518562555313
v 0.0336328372359276 -0.03650787472724917 0.08198282867670059
v 0.0336328372359276 -0.041313029825687436 0.0734325423836708
v 0.0336328372359276 -0.03650787472724917 0.08198282867670059
v 0.028229752555489557 -0.04458021745085719 0.07238761335611343
v 0.028229752555489557 -0.04458021745085719 0.07238761335611343
v 0.0336328372359276 -0.03650787472724917 0.08198282867670059
v 0.028229752555489557 -0.0397804491221905 0.08066103607416153
v 0.028229752555489557 -0.04458021745085719 0.07238761335611343
v 0.028229752555489557 -0.0397804491221905 0.08066103607416153
v 0.022604495286941542 -0.04722536355257038 0.07154200226068497
v 0.022604495286941542 -0.04722536355257038 0.07154200226068497
v 0.028229752555489557 -0.0397804491221905 0.08066103607416153
v 0.022604495286941542 -0.04242993518710139 0.07959125190973282
v 0.022604495286941542 -0.04722536355257038 0.07154200226068497
v 0.022604495286941542 -0.04242993518710139 0.07959125190973282
v 0.016859784722328196 -0.04923581331968311 0.07089970260858536
v 0.016859784722328196 -0.04923581331968311 0.07089970260858536
v 0.022604495286941542 -0.04242993518710139 0.07959125190973282
v 0.016859784722328196 -0.04444366320967677 0.07877860218286514
v 0.016859784722328196 -0.04923581331968311 0.07089970260858536
v 0.016859784722328196 -0.04444366320967677 0.07877860218286514
v 0.011092000640928752 -0.050625346601009404 0.07045630365610123
v 0.011092000640928752 -0.050625346601009404 0.07045630365610123
v 0.016859784722328196 -0.04444366320967677 0.07877860218286514
v 0.011092000640928752 -0.04583543539047244 0.07821748405694962
v 0.011092000640928752 -0.050625346601009404 0.07045630365610123
v 0.011092000640928752 -0.04583543539047244 0.07821748405694962
v 0.005397376604378227 -0.051420450210571324 0.07020322233438492
v 0.005397376604378227 -0.051420450210571324 0.07020322233438492
v 0.011092000640928752 -0.04583543539047244 0.07821748405694962
v 0.005397376604378227 -0.046631786972284345 0.07789710909128189
v 0.005397376604378227 -0.051420450210571324 0.07020322233438492
v 0.005397376604378227 -0.046631786972284345 0.07789710909128189
v -0.005738519132137302 -0.05139161273837093 0.07021556049585342
v -0.005738519132137302 -0.05139161273837093 0.07021556049585342
v 0.005397376604378227 -0.046631786972284345 0.07789710909128189
v -0.005738519132137302 -0.04660273715853694 0.07791206985712051
v -0.005738519132137302 -0.05139161273837093 0.07021556049585342
v -0.005738519132137302 -0.04660273715853694 0.07791206985712051
v -0.011440484784543521 -0.05056476220488552 0.07048199325799942
v -0.011440484784543521 -0.05056476220488552 0.07048199325799942
v -0.005738519132137302 -0.04660273715853694 0.07791206985712051
v -0.011440484784543521 -0.04577442258596423 0.07824865728616714
v -0.011440484784543521 -0.05056476220488552 0.07048199325799942
v -0.011440484784543521 -0.04577442258596423 0.07824865728616714
v -0.017209554091095935 -0.04914144799113277 0.07093945890665054
v -0.017209554091095935 -0.04914144799113277 0.07093945890665054
v -0.011440484784543521 -0.04577442258596423 0.07824865728616714
v -0.017209554091095935 -0.0443486422300339 0.07882682234048843
v -0.017209554091095935 -0.04914144799113277 0.07093945890665054
v -0.017209554091095935 -0.0443486422300339 0.07882682234048843
v -0.02294983156025411 -0.04709585756063465 0.07159624248743057
v -0.02294983156025411 -0.04709585756063465 0.07159624248743057
v -0.017209554091095935 -0.0443486422300339 0.07882682234048843
v -0.02294983156025411 -0.042299550026655225 0.07965711504220963
v -0.02294983156025411 -0.04709585756063465 0.07159624248743057
v -0.02294983156025411 -0.042299550026655225 0.07965711504220963
v -0.028564581647515314 -0.04441563412547114 0.07245627790689468
v -0.028564581647515314 -0.04441563412547114 0.07245627790689468
v -0.02294983156025411 -0.042299550026655225 0.07965711504220963
v -0.028564581647515314 -0.03961475938558581 0.08074436336755753
v -0.028564581647515314 -0.04441563412547114 0.07245627790689468
v -0.028564581647515314 -0.03961475938558581 0.08074436336755753
v -0.03395087271928789 -0.04111434891819957 0.0735151544213295
v -0.03395087271928789 -0.04111434891819957 0.0735151544213295
v -0.028564581647515314 -0.03961475938558581 0.08074436336755753
v -0.03395087271928789 -0.03630787879228594 0.08208314329385757
v -0.03395087271928789 -0.04111434891819957 0.0735151544213295
v -0.03395087271928789 -0.03630787879228594 0.08208314329385757
v -0.039008203893899945 -0.037222009152174024 0.0747632160782814
v -0.039008203893899945 -0.037222009152174024 0.0747632160782814
v -0.03395087271928789 -0.03630787879228594 0.08208314329385757
v -0.039008203893899945 -0.032408952713012716 0.08366117626428604
v -0.039008203893899945 -0.037222009152174024 0.0747632160782814
v -0.039008203893899945 -0.032408952713012716 0.08366117626428604
v -0.04364354535937312 -0.032795343548059484 0.0761822834610939
v -0.04364354535937312 -0.032795343548059484 0.0761822834610939
v -0.039008203893899945 -0.032408952713012716 0.08366117626428604
v -0.04364354535937312 -0.027974823489785212 0.08545557409524918
v -0.04364354535937312 -0.032795343548059484 0.0761822834610939
v -0.04364354535937312 -0.027974823489785212 0.08545557409524918
v -0.04777545109391216 -0.02790524438023569 0.07774964720010757
v -0.04777545109391216 -0.02790524438023569 0.07774964720010757
v -0.04364354535937312 -0.027974823489785212 0.08545557409524918
v -0.04777545109391216 -0.023076485842466368 0.08743748813867569
v -0.04777545109391216 -0.02790524438023569 0.07774964720010757
v -0.04777545109391216 -0.023076485842466368 0.08743748813867569
v -0.05134218186140064 -0.022642144933342948 0.07943633943796158
v -0.05134218186140064 -0.022642144933342948 0.07943633943796158
v -0.04777545109391216 -0.023076485842466368 0.08743748813867569
v -0.05134218186140064 -0.01780453324317933 0.08957038074731827
v -0.05134218186140064 -0.022642144933342948 0.07943633943796158
v -0.05134218186140064 -0.01780453324317933 0.08957038074731827
v -0.05429974943399433 -0.017102928832173358 0.08121130615472794
v -0.05429974943399433 -0.017102928832173358 0.08121130615472794
v -0.05134218186140064 -0.01780453324317933 0.08957038074731827
v -0.05429974943399433 -0.012256011366844186 0.09181491285562515
v -0.05429974943399433 -0.017102928832173358 0.08121130615472794
v -0.05429974943399433 -0.012256011366844186 0.09181491285562515
v -0.056628901511430775 -0.011391145177185542 0.08304134756326675
v -0.056628901511430775 -0.011391145177185542 0.08304134756326675
v -0.05429974943399433 -0.012256011366844186 0.09181491285562515
v -0.056628901511430775 -0.006534642539918427 0.09412912279367447
v -0.056628901511430775 -0.011391145177185542 0.08304134756326675
v -0.056628901511430775 -0.006534642539918427 0.09412912279367447
v -0.058328893035650295 -0.00560696562752128 0.08489439636468887
v -0.058328893035650295 -0.00560696562752128 0.08489439636468887
v -0.056628901511430775 -0.006534642539918427 0.09412912279367447
v -0.058328893035650295 -0.0007407667580991989 0.09647247940301895
v -0.058328893035650295 -0.00560696562752128 0.08489439636468887
v -0.058328893035650295 -0.0007407667580991989 0.09647247940301895
v -0.05994019284844403 0.005798158701509241 0.08854774385690689
v -0.05994019284844403 0.005798158701509241 0.08854774385690689
v -0.058328893035650295 -0.0007407667580991989 0.09647247940301895
v -0.05994019284844403 0.010683452710509307 0.1010926142334938
v -0.05994019284844403 0.005798158701509241 0.08854774385690689
v -0.05994019284844403 0.010683452710509307 0.1010926142334938
v -0.05939660966396336 0.017007764428854 0.09213785082101822
v -0.05939660966396336 0.017007764428854 0.09213785082101822
v -0.05994019284844403 0.010683452710509307 0.1010926142334938
v -0.05939660966396336 0.021911794319748892 0.10563287883996964
v -0.05939660966396336 0.017007764428854 0.09213785082101822
v -0.05939660966396336 0.021911794319748892 0.10563287883996964
v -0.05828642845153813 0.022771924734115614 0.09398368746042252
v -0.05828642845153813 0.022771924734115614 0.09398368746042252
v -0.05939660966396336 0.021911794319748892 0.10563287883996964
v -0.05828642845153813 0.027685577049851435 0.10796729475259781
v -0.05828642845153813 0.022771924734115614 0.09398368746042252
v -0.05828642845153813 0.027685577049851435 0.10796729475259781
v -0.05656765401363376 0.028556266799569147 0.095835842192173
v -0.05656765401363376 0.028556266799569147 0.095835842192173
v -0.05828642845153813 0.027685577049851435 0.10796729475259781
v -0.05656765401363376 0.033479567617177984 0.11030975729227066
v -0.05656765401363376 0.028556266799569147 0.095835842192173
v -0.05656765401363376 0.033479567617177984 0.11030975729227066
v -0.054219275712966954 0.03426564112305643 0.09766379743814468
v -0.054219275712966954 0.03426564112305643 0.09766379743814468
v -0.05656765401363376 0.033479567617177984 0.11030975729227066
v -0.054219275712966954 0.039198454469442395 0.11262164264917374
v -0.054219275712966954 0.03426564112305643 0.09766379743814468
v -0.054219275712966954 0.039198454469442395 0.11262164264917374
v -0.05124292895197872 0.03979966044425967 0.09943542629480362
v -0.05124292895197872 0.03979966044425967 0.09943542629480362
v -0.054219275712966954 0.039198454469442395 0.11262164264917374
v -0.05124292895197872 0.04474168643355372 0.11486230045557022
v -0.05124292895197872 0.03979966044425967 0.09943542629480362
v -0.05124292895197872 0.04474168643355372 0.11486230045557022
v -0.04765824973583225 0.045054826885461835 0.1011175885796547
v -0.04765824973583225 0.045054826885461835 0.1011175885796547
v -0.05124292895197872 0.04474168643355372 0.11486230045557022
v -0.04765824973583225 0.05000558495521549 0.11698982864618301
v -0.04765824973583225 0.045054826885461835 0.1011175885796547
v -0.04765824973583225 0.05000558495521549 0.11698982864618301
v -0.0435101427137852 0.04993448778986934 0.1026792898774147
v -0.0435101427137852 0.04993448778986934 0.1026792898774147
v -0.04765824973583225 0.05000558495521549 0.11698982864618301
v -0.0435101427137852 0.054893344640731846 0.11896512657403946
v -0.0435101427137852 0.04993448778986934 0.1026792898774147
v -0.0435101427137852 0.054893344640731846 0.11896512657403946
v -0.03886068984866145 0.05434845760464672 0.10409174114465714
v -0.03886068984866145 0.05434845760464672 0.10409174114465714
v -0.0435101427137852 0.054893344640731846 0.11896512657403946
v -0.03886068984866145 0.05931463092565541 0.12075165659189224
v -0.005738519132137302 -0.04660273715853694 0.07791206985712051
v -0.005738519132137302 -0.04090552031993869 0.08488968759775162
v -0.011440484784543521 -0.04577442258596423 0.07824865728616714
v -0.011440484784543521 -0.04577442258596423 0.07824865728616714
v -0.005738519132137302 -0.04090552031993869 0.08488968759775162
v -0.011440484784543521 -0.0400737635791302 0.08529821783304214
v -0.011440484784543521 -0.04577442258596423 0.07824865728616714
v -0.011440484784543521 -0.0400737635791302 0.08529821783304214
v -0.017209554091095935 -0.0443486422300339 0.07882682234048843
v -0.017209554091095935 -0.0443486422300339 0.07882682234048843
v -0.011440484784543521 -0.0400737635791302 0.08529821783304214
v -0.017209554091095935 -0.03864270821213725 0.08600053936243057
v -0.017209554091095935 -0.0443486422300339 0.07882682234048843
v -0.017209554091095935 -0.03864270821213725 0.08600053936243057
v -0.02294983156025411 -0.042299550026655225 0.07965711504220963
v -0.02294983156025411 -0.042299550026655225 0.07965711504220963
v -0.017209554091095935 -0.03864270821213725 0.08600053936243057
v -0.02294983156025411 -0.036586441099643735 0.08700922876596451
v -0.02294983156025411 -0.042299550026655225 0.07965711504220963
v -0.02294983156025411 -0.036586441099643735 0.08700922876596451
v -0.028564581647515314 -0.03961475938558581 0.08074436336755753
v -0.028564581647515314 -0.03961475938558581 0.08074436336755753
v -0.02294983156025411 -0.036586441099643735 0.08700922876596451
v -0.028564581647515314 -0.03389256447553637 0.08833048492670059
v -0.028564581647515314 -0.03961475938558581 0.08074436336755753
v -0.028564581647515314 -0.03389256447553637 0.08833048492670059
v -0.03395087271928789 -0.03630787879228594 0.08208314329385757
v -0.03395087271928789 -0.03630787879228594 0.08208314329385757
v -0.028564581647515314 -0.03389256447553637 0.08833048492670059
v -0.03395087271928789 -0.030574731528759024 0.0899575725197792
v -0.03395087271928789 -0.03630787879228594 0.08208314329385757
v -0.03395087271928789 -0.030574731528759024 0.0899575725197792
v -0.039008203893899945 -0.032408952713012716 0.08366117626428604
v -0.039008203893899945 -0.032408952713012716 0.08366117626428604
v -0.03395087271928789 -0.030574731528759024 0.0899575725197792
v -0.039008203893899945 -0.02666310407221319 0.09187564998865128
v -0.039008203893899945 -0.032408952713012716 0.08366117626428604
v -0.039008203893899945 -0.02666310407221319 0.09187564998865128
v -0.04364354535937312 -0.027974823489785212 0.08545557409524918
v -0.04364354535937312 -0.027974823489785212 0.08545557409524918
v -0.039008203893899945 -0.02666310407221319 0.09187564998865128
v -0.04364354535937312 -0.022214705124497428 0.09405676275491714
v -0.04364354535937312 -0.027974823489785212 0.08545557409524918
v -0.04364354535937312 -0.022214705124497428 0.09405676275491714
v -0.04777545109391216 -0.023076485842466368 0.08743748813867569
v -0.04777545109391216 -0.023076485842466368 0.08743748813867569
v -0.04364354535937312 -0.022214705124497428 0.09405676275491714
v -0.04777545109391216 -0.017300762236118327 0.09646604210138321
v -0.04777545109391216 -0.023076485842466368 0.08743748813867569
v -0.04777545109391216 -0.017300762236118327 0.09646604210138321
v -0.05134218186140064 -0.01780453324317933 0.08957038074731827
v -0.05134218186140064 -0.01780453324317933 0.08957038074731827
v -0.04777545109391216 -0.017300762236118327 0.09646604210138321
v -0.05134218186140064 -0.012012158520519742 0.0990588441491127
v -0.05134218186140064 -0.01780453324317933 0.08957038074731827
v -0.05134218186140064 -0.012012158520519742 0.0990588441491127
v -0.05429974943399433 -0.012256011366844186 0.09181491285562515
v -0.05429974943399433 -0.012256011366844186 0.09181491285562515
v -0.05134218186140064 -0.012012158520519742 0.0990588441491127
v -0.05429974943399433 -0.006446237675845627 0.10178754478693008
v -0.05429974943399433 -0.012256011366844186 0.09181491285562515
v -0.05429974943399433 -0.006446237675845627 0.10178754478693008
v -0.056628901511430775 -0.006534642539918427 0.09412912279367447
v -0.056628901511430775 -0.006534642539918427 0.09412912279367447
v -0.05429974943399433 -0.006446237675845627 0.10178754478693008
v -0.056628901511430775 -0.0007070451974868779 0.10460100322961807
v -0.056628901511430775 -0.006534642539918427 0.09412912279367447
v -0.056628901511430775 -0.0007070451974868779 0.10460100322961807
v -0.058328893035650295 -0.0007407667580991989 0.09647247940301895
v -0.058328893035650295 -0.0007407667580991989 0.09647247940301895
v -0.056628901511430775 -0.0007070451974868779 0.10460100322961807
v -0.058328893035650295 0.005104775074869398 0.10745004564523697
v -0.058328893035650295 -0.0007407667580991989 0.09647247940301895
v -0.058328893035650295 0.005104775074869398 0.10745004564523697
v -0.05994019284844403 0.010683452710509307 0.1010926142334938
v -0.05994019284844403 0.010683452710509307 0.1010926142334938
v -0.058328893035650295 0.005104775074869398 0.10745004564523697
v -0.05994019284844403 0.01656409725546838 0.11306724697351456
v -0.05994019284844403 0.010683452710509307 0.1010926142334938
v -0.05994019284844403 0.01656409725546838 0.11306724697351456
v -0.05939660966396336 0.021911794319748892 0.10563287883996964
v -0.05939660966396336 0.021911794319748892 0.10563287883996964
v -0.05994019284844403 0.01656409725546838 0.11306724697351456
v -0.05939660966396336 0.02782659791409971 0.11858770996332169
v -0.05939660966396336 0.021911794319748892 0.10563287883996964
v -0.05939660966396336 0.02782659791409971 0.11858770996332169
v -0.05828642845153813 0.027685577049851435 0.10796729475259781
v -0.05828642845153813 0.027685577049851435 0.10796729475259781
v -0.05939660966396336 0.02782659791409971 0.11858770996332169
v -0.05828642845153813 0.033617813140153906 0.12142626196146011
v -0.05828642845153813 0.027685577049851435 0.10796729475259781
v -0.05828642845153813 0.033617813140153906 0.12142626196146011
v -0.05656765401363376 0.033479567617177984 0.11030975729227066
v -0.05656765401363376 0.033479567617177984 0.11030975729227066
v -0.05828642845153813 0.033617813140153906 0.12142626196146011
v -0.05656765401363376 0.039429198950529126 0.12427452951669693
v -0.05656765401363376 0.033479567617177984 0.11030975729227066
v -0.05656765401363376 0.039429198950529126 0.12427452951669693
v -0.054219275712966954 0.039198454469442395 0.11262164264917374
v -0.054219275712966954 0.039198454469442395 0.11262164264917374
v -0.05656765401363376 0.039429198950529126 0.12427452951669693
v -0.054219275712966954 0.045165151357650785 0.12708577513694763
v -0.054219275712966954 0.039198454469442395 0.11262164264917374
v -0.054219275712966954 0.045165151357650785 0.12708577513694763
v -0.05124292895197872 0.04474168643355372 0.11486230045557022
v -0.05124292895197872 0.04474168643355372 0.11486230045557022
v -0.054219275712966954 0.045165151357650785 0.12708577513694763
v -0.05124292895197872 0.05072480812668804 0.12981054186820984
v -0.05124292895197872 0.04474168643355372 0.11486230045557022
v -0.05124292895197872 0.05072480812668804 0.12981054186820984
v -0.04765824973583225 0.05000558495521549 0.11698982864618301
v -0.04765824973583225 0.05000558495521549 0.11698982864618301
v -0.05124292895197872 0.05072480812668804 0.12981054186820984
v -0.04765824973583225 0.056004188954830204 0.13239780068397522
v -0.04765824973583225 0.05000558495521549 0.11698982864618301
v -0.04765824973583225 0.056004188954830204 0.13239780068397522
v -0.0435101427137852 0.054893344640731846 0.11896512657403946
v -0.0435101427137852 0.054893344640731846 0.11896512657403946
v -0.04765824973583225 0.056004188954830204 0.13239780068397522
v -0.0435101427137852 0.06090619042515759 0.1348000466823578
v -0.0435101427137852 0.054893344640731846 0.11896512657403946
v -0.0435101427137852 0.06090619042515759 0.1348000466823578
v -0.03886068984866145 0.05931463092565541 0.12075165659189224
v -0.03886068984866145 0.05931463092565541 0.12075165659189224
v -0.0435101427137852 0.06090619042515759 0.1348000466823578
v -0.03886068984866145 0.06534021347761158 0.1369728147983551
v -0.005738519132137302 -0.04090552031993869 0.08488968759775162
v -0.005738519132137302 -0.03446236252784731 0.09099415689706802
v -0.011440484784543521 -0.0400737635791302 0.08529821783304214
v -0.011440484784543521 -0.0400737635791302 0.08529821783304214
v -0.005738519132137302 -0.03446236252784731 0.09099415689706802
v -0.011440484784543521 -0.033627700060606024 0.09147808700799942
v -0.011440484784543521 -0.0400737635791302 0.08529821783304214
v -0.011440484784543521 -0.033627700060606024 0.09147808700799942
v -0.017209554091095935 -0.03864270821213725 0.08600053936243057
v -0.017209554091095935 -0.03864270821213725 0.08600053936243057
v -0.011440484784543521 -0.033627700060606024 0.09147808700799942
v -0.017209554091095935 -0.03219219669699671 0.09231040626764297
v -0.017209554091095935 -0.03864270821213725 0.08600053936243057
v -0.017209554091095935 -0.03219219669699671 0.09231040626764297
v -0.02294983156025411 -0.036586441099643735 0.08700922876596451
v -0.02294983156025411 -0.036586441099643735 0.08700922876596451
v -0.017209554091095935 -0.03219219669699671 0.09231040626764297
v -0.02294983156025411 -0.03012988530099394 0.09350619465112686
v -0.02294983156025411 -0.036586441099643735 0.08700922876596451
v -0.02294983156025411 -0.03012988530099394 0.09350619465112686
v -0.028564581647515314 -0.03389256447553637 0.08833048492670059
v -0.028564581647515314 -0.03389256447553637 0.08833048492670059
v -0.02294983156025411 -0.03012988530099394 0.09350619465112686
v -0.028564581647515314 -0.02742834761738779 0.0950726643204689
v -0.028564581647515314 -0.03389256447553637 0.08833048492670059
v -0.028564581647515314 -0.02742834761738779 0.0950726643204689
v -0.03395087271928789 -0.030574731528759024 0.0899575725197792
v -0.03395087271928789 -0.030574731528759024 0.0899575725197792
v -0.028564581647515314 -0.02742834761738779 0.0950726643204689
v -0.03395087271928789 -0.024101287126541155 0.09700188785791397
v -0.03395087271928789 -0.030574731528759024 0.0899575725197792
v -0.03395087271928789 -0.024101287126541155 0.09700188785791397
v -0.039008203893899945 -0.02666310407221319 0.09187564998865128
v -0.039008203893899945 -0.02666310407221319 0.09187564998865128
v -0.03395087271928789 -0.024101287126541155 0.09700188785791397
v -0.039008203893899945 -0.02017895691096784 0.0992763414978981
v -0.039008203893899945 -0.02666310407221319 0.09187564998865128
v -0.039008203893899945 -0.02017895691096784 0.0992763414978981
v -0.04364354535937312 -0.022214705124497428 0.09405676275491714
v -0.04364354535937312 -0.022214705124497428 0.09405676275491714
v -0.039008203893899945 -0.02017895691096784 0.0992763414978981
v -0.04364354535937312 -0.01571853645145894 0.10186276584863663
v -0.04364354535937312 -0.022214705124497428 0.09405676275491714
v -0.04364354535937312 -0.01571853645145894 0.10186276584863663
v -0.04777545109391216 -0.017300762236118327 0.09646604210138321
v -0.04777545109391216 -0.017300762236118327 0.09646604210138321
v -0.04364354535937312 -0.01571853645145894 0.10186276584863663
v -0.04777545109391216 -0.010791452601552017 0.1047198548913002
v -0.04777545109391216 -0.017300762236118327 0.09646604210138321
v -0.04777545109391216 -0.010791452601552017 0.1047198548913002
v -0.05134218186140064 -0.012012158520519742 0.0990588441491127
v -0.05134218186140064 -0.012012158520519742 0.0990588441491127
v -0.04777545109391216 -0.010791452601552017 0.1047198548913002
v -0.05134218186140064 -0.005488822236657146 0.10779473930597305
v -0.05134218186140064 -0.012012158520519742 0.0990588441491127
v -0.05134218186140064 -0.005488822236657146 0.10779473930597305
v -0.05429974943399433 -0.006446237675845627 0.10178754478693008
v -0.05429974943399433 -0.006446237675845627 0.10178754478693008
v -0.05134218186140064 -0.005488822236657146 0.10779473930597305
v -0.05429974943399433 9.17509678401985e-05 0.11103073507547379
v -0.05429974943399433 -0.006446237675845627 0.10178754478693008
v -0.05429974943399433 9.17509678401985e-05 0.11103073507547379
v -0.056628901511430775 -0.0007070451974868779 0.10460100322961807
v -0.056628901511430775 -0.0007070451974868779 0.10460100322961807
v -0.05429974943399433 9.17509678401985e-05 0.11103073507547379
v -0.056628901511430775 0.005845955107361082 0.11436746269464493
v -0.056628901511430775 -0.0007070451974868779 0.10460100322961807
v -0.056628901511430775 0.005845955107361082 0.11436746269464493
v -0.058328893035650295 0.005104775074869398 0.10745004564523697
v -0.058328893035650295 0.005104775074869398 0.10745004564523697
v -0.056628901511430775 0.005845955107361082 0.11436746269464493
v -0.058328893035650295 0.011672886088490493 0.11774639040231705
v -0.058328893035650295 0.005104775074869398 0.10745004564523697
v -0.058328893035650295 0.011672886088490493 0.11774639040231705
v -0.05994019284844403 0.01656409725546838 0.11306724697351456
v -0.05994019284844403 0.01656409725546838 0.11306724697351456
v -0.058328893035650295 0.011672886088490493 0.11774639040231705
v -0.05994019284844403 0.023161767050623908 0.12440858036279678
v -0.05994019284844403 0.01656409725546838 0.11306724697351456
v -0.05994019284844403 0.023161767050623908 0.12440858036279678
v -0.05939660966396336 0.02782659791409971 0.11858770996332169
v -0.05939660966396336 0.02782659791409971 0.11858770996332169
v -0.05994019284844403 0.023161767050623908 0.12440858036279678
v -0.05939660966396336 0.034453030675649664 0.1309562623500824
v -0.05939660966396336 0.02782659791409971 0.11858770996332169
v -0.05939660966396336 0.034453030675649664 0.1309562623500824
v -0.05828642845153813 0.033617813140153906 0.12142626196146011
v -0.05828642845153813 0.033617813140153906 0.12142626196146011
v -0.05939660966396336 0.034453030675649664 0.1309562623500824
v -0.05828642845153813 0.04025892168283465 0.13432303071022034
v -0.05828642845153813 0.033617813140153906 0.12142626196146011
v -0.05828642845153813 0.04025892168283465 0.13432303071022034
v -0.05656765401363376 0.039429198950529126 0.12427452951669693
v -0.05656765401363376 0.039429198950529126 0.12427452951669693
v -0.05828642845153813 0.04025892168283465 0.13432303071022034
v -0.05656765401363376 0.04608495160937312 0.13770148158073425
v -0.05656765401363376 0.039429198950529126 0.12427452951669693
v -0.05656765401363376 0.04608495160937312 0.13770148158073425
v -0.054219275712966954 0.045165151357650785 0.12708577513694763
v -0.054219275712966954 0.045165151357650785 0.12708577513694763
v -0.05656765401363376 0.04608495160937312 0.13770148158073425
v -0.054219275712966954 0.05183527246117595 0.1410360038280487
v -0.054219275712966954 0.045165151357650785 0.12708577513694763
v -0.054219275712966954 0.05183527246117595 0.1410360038280487
v -0.05124292895197872 0.05072480812668804 0.12981054186820984
v -0.05124292895197872 0.05072480812668804 0.12981054186820984
v -0.054219275712966954 0.05183527246117595 0.1410360038280487
v -0.05124292895197872 0.057408761233091396 0.14426806569099426
v -0.05124292895197872 0.05072480812668804 0.12981054186820984
v -0.05124292895197872 0.057408761233091396 0.14426806569099426
v -0.04765824973583225 0.056004188954830204 0.13239780068397522
v -0.04765824973583225 0.056004188954830204 0.13239780068397522
v -0.05124292895197872 0.057408761233091396 0.14426806569099426
v -0.04765824973583225 0.06270117312669758 0.14733710885047913
v -0.04765824973583225 0.056004188954830204 0.13239780068397522
v -0.04765824973583225 0.06270117312669758 0.14733710885047913
v -0.0435101427137852 0.06090619042515759 0.1348000466823578
v -0.0435101427137852 0.06090619042515759 0.1348000466823578
v -0.04765824973583225 0.06270117312669758 0.14733710885047913
v -0.0435101427137852 0.06761515885591511 0.150186687707901
v -0.0435101427137852 0.06090619042515759 0.1348000466823578
v -0.0435101427137852 0.06761515885591511 0.150186687707901
v -0.03886068984866145 0.06534021347761158 0.1369728147983551
v -0.03886068984866145 0.06534021347761158 0.1369728147983551
v -0.0435101427137852 0.06761515885591511 0.150186687707901
v -0.03886068984866145 0.07205990701913838 0.152764230966568
v 0.0391553342342377 0.06509438157081608 0.13684114813804626
v 0.0391553342342377 0.07180283218622212 0.15261641144752502
v 0.043776482343673734 0.060630690306425136 0.1346525251865387
v 0.043776482343673734 0.060630690306425136 0.1346525251865387
v 0.0391553342342377 0.07180283218622212 0.15261641144752502
v 0.043776482343673734 0.06732708960771565 0.15002110600471497
v 0.043776482343673734 0.060630690306425136 0.1346525251865387
v 0.043776482343673734 0.06732708960771565 0.15002110600471497
v 0.04789213836193088 0.05570403113961223 0.132237046957016
v 0.04789213836193088 0.05570403113961223 0.132237046957016
v 0.043776482343673734 0.06732708960771565 0.15002110600471497
v 0.04789213836193088 0.062387246638536495 0.14715662598609924
v 0.04789213836193088 0.05570403113961223 0.132237046957016
v 0.04789213836193088 0.062387246638536495 0.14715662598609924
v 0.05144087597727779 0.050405543297529255 0.1296394169330597
v 0.05144087597727779 0.050405543297529255 0.1296394169330597
v 0.04789213836193088 0.062387246638536495 0.14715662598609924
v 0.05144087597727779 0.05707471445202831 0.14407601952552795
v 0.05144087597727779 0.050405543297529255 0.1296394169330597
v 0.05144087597727779 0.05707471445202831 0.14407601952552795
v 0.05437964573502544 0.04483283683657649 0.1269073784351349
v 0.05437964573502544 0.04483283683657649 0.1269073784351349
v 0.05144087597727779 0.05707471445202831 0.14407601952552795
v 0.05437964573502544 0.05148733779788021 0.14083603024482727
v 0.05437964573502544 0.04483283683657649 0.1269073784351349
v 0.05437964573502544 0.05148733779788021 0.14083603024482727
v 0.05668956786394123 0.03909000381827357 0.12409213930368423
v 0.05668956786394123 0.03909000381827357 0.12409213930368423
v 0.05437964573502544 0.05148733779788021 0.14083603024482727
v 0.05668956786394123 0.04572949185967448 0.137497216463089
v 0.05668956786394123 0.03909000381827357 0.12409213930368423
v 0.05668956786394123 0.04572949185967448 0.137497216463089
v 0.05837079882621769 0.03327747806906702 0.12124273926019669
v 0.05837079882621769 0.03327747806906702 0.12124273926019669
v 0.05668956786394123 0.04572949185967448 0.137497216463089
v 0.05837079882621769 0.03990185260772708 0.13411787152290344
v 0.05837079882621769 0.03327747806906702 0.12124273926019669
v 0.05837079882621769 0.03990185260772708 0.13411787152290344
v 0.059444963932037395 0.02749083563685419 0.11840615421533585
v 0.059444963932037395 0.02749083563685419 0.11840615421533585
v 0.05837079882621769 0.03990185260772708 0.13411787152290344
v 0.059444963932037395 0.03410024940967562 0.13075360655784607
v 0.059444963932037395 0.02749083563685419 0.11840615421533585
v 0.059444963932037395 0.03410024940967562 0.13075360655784607
v 0.05992415919899945 0.016236945986747752 0.11288980394601822
v 0.05992415919899945 0.016236945986747752 0.11288980394601822
v 0.059444963932037395 0.03410024940967562 0.13075360655784607
v 0.05992415919899945 0.022817479446530356 0.12421093136072159
v 0.05992415919899945 0.016236945986747752 0.11288980394601822
v 0.05992415919899945 0.022817479446530356 0.12421093136072159
v 0.05824340507388119 0.004764392971992496 0.10726658254861832
v 0.05824340507388119 0.004764392971992496 0.10726658254861832
v 0.05992415919899945 0.022817479446530356 0.12421093136072159
v 0.05824340507388119 0.011315781623125083 0.11754123121500015
v 0.05824340507388119 0.004764392971992496 0.10726658254861832
v 0.05824340507388119 0.011315781623125083 0.11754123121500015
v 0.05650582909584049 -0.0010461151832714683 0.10441867262125015
v 0.05650582909584049 -0.0010461151832714683 0.10441867262125015
v 0.05824340507388119 0.011315781623125083 0.11754123121500015
v 0.05650582909584049 0.005490633193403486 0.11416331678628922
v 0.05650582909584049 -0.0010461151832714683 0.10441867262125015
v 0.05650582909584049 0.005490633193403486 0.11416331678628922
v 0.05413822457194332 -0.006778249051421885 0.10160926729440689
v 0.05413822457194332 -0.006778249051421885 0.10160926729440689
v 0.05650582909584049 0.005490633193403486 0.11416331678628922
v 0.05413822457194332 -0.00025585494586266594 0.11083094030618668
v 0.05413822457194332 -0.006778249051421885 0.10160926729440689
v 0.05413822457194332 -0.00025585494586266594 0.11083094030618668
v 0.05114311352372173 -0.012330933474004277 0.09888795763254166
v 0.05114311352372173 -0.012330933474004277 0.09888795763254166
v 0.05413822457194332 -0.00025585494586266594 0.11083094030618668
v 0.05114311352372173 -0.005822348874062303 0.10760299116373062
v 0.05114311352372173 -0.012330933474004277 0.09888795763254166
v 0.05114311352372173 -0.005822348874062303 0.10760299116373062
v 0.047540526837110554 -0.017600255087018023 0.09630564600229263
v 0.047540526837110554 -0.017600255087018023 0.09630564600229263
v 0.05114311352372173 -0.005822348874062303 0.10760299116373062
v 0.047540526837110554 -0.011104673147201545 0.10453978925943375
v 0.047540526837110554 -0.017600255087018023 0.09630564600229263
v 0.047540526837110554 -0.011104673147201545 0.10453978925943375
v 0.04337627440690997 -0.022489370778203024 0.09390971809625626
v 0.04337627440690997 -0.022489370778203024 0.09390971809625626
v 0.047540526837110554 -0.011104673147201545 0.10453978925943375
v 0.04337627440690997 -0.016005737707018863 0.1016976609826088
v 0.04337627440690997 -0.022489370778203024 0.09390971809625626
v 0.04337627440690997 -0.016005737707018863 0.1016976609826088
v 0.038712788373231916 -0.026907982304692286 0.09174451977014542
v 0.038712788373231916 -0.026907982304692286 0.09174451977014542
v 0.04337627440690997 -0.016005737707018863 0.1016976609826088
v 0.038712788373231916 -0.020435029640793814 0.09912911802530289
v 0.038712788373231916 -0.026907982304692286 0.09174451977014542
v 0.038712788373231916 -0.020435029640793814 0.09912911802530289
v 0.0336328372359276 -0.030786192044615766 0.08984426409006119
v 0.0336328372359276 -0.030786192044615766 0.08984426409006119
v 0.038712788373231916 -0.020435029640793814 0.09912911802530289
v 0.0336328372359276 -0.02432247810065748 0.09687475115060806
v 0.0336328372359276 -0.030786192044615766 0.08984426409006119
v 0.0336328372359276 -0.02432247810065748 0.09687475115060806
v 0.028229752555489557 -0.03406788036227228 0.0882364884018898
v 0.028229752555489557 -0.03406788036227228 0.0882364884018898
v 0.0336328372359276 -0.02432247810065748 0.09687475115060806
v 0.028229752555489557 -0.027611833065748232 0.09496722370386124
v 0.028229752555489557 -0.03406788036227228 0.0882364884018898
v 0.028229752555489557 -0.027611833065748232 0.09496722370386124
v 0.022604495286941542 -0.036724545061588315 0.08693508058786392
v 0.022604495286941542 -0.036724545061588315 0.08693508058786392
v 0.028229752555489557 -0.027611833065748232 0.09496722370386124
v 0.022604495286941542 -0.030274534597992918 0.09342304617166519
v 0.022604495286941542 -0.036724545061588315 0.08693508058786392
v 0.022604495286941542 -0.030274534597992918 0.09342304617166519
v 0.016859784722328196 -0.03874349221587184 0.08594623953104019
v 0.016859784722328196 -0.03874349221587184 0.08594623953104019
v 0.022604495286941542 -0.030274534597992918 0.09342304617166519
v 0.016859784722328196 -0.03229786828160288 0.09224966913461685
v 0.016859784722328196 -0.03874349221587184 0.08594623953104019
v 0.016859784722328196 -0.03229786828160288 0.09224966913461685
v 0.011092000640928752 -0.04013857990503314 0.08526322990655899
v 0.011092000640928752 -0.04013857990503314 0.08526322990655899
v 0.016859784722328196 -0.03229786828160288 0.09224966913461685
v 0.011092000640928752 -0.03369574993848803 0.09143898636102676
v 0.011092000640928752 -0.04013857990503314 0.08526322990655899
v 0.011092000640928752 -0.03369574993848803 0.09143898636102676
v 0.005397376604378227 -0.04093644767999652 0.08487293869256973
v 0.005397376604378227 -0.04093644767999652 0.08487293869256973
v 0.011092000640928752 -0.03369574993848803 0.09143898636102676
v 0.005397376604378227 -0.034494880586862585 0.09097550064325333
v 0.005397376604378227 -0.04093644767999652 0.08487293869256973
v 0.005397376604378227 -0.034494880586862585 0.09097550064325333
v -0.00016779782890807848 -0.041181616485118894 0.0847536101937294
v -0.00016779782890807848 -0.041181616485118894 0.0847536101937294
v 0.005397376604378227 -0.034494880586862585 0.09097550064325333
v -0.00016779782890807848 -0.03473992273211481 0.09083328396081924
v 0.0391553342342377 0.05908203497529034 0.12063512951135635
v 0.0391553342342377 0.06509438157081608 0.13684114813804626
v 0.043776482343673734 0.05463266000151638 0.11883459240198135
v 0.043776482343673734 0.05463266000151638 0.11883459240198135
v 0.0391553342342377 0.06509438157081608 0.13684114813804626
v 0.043776482343673734 0.060630690306425136 0.1346525251865387
v 0.043776482343673734 0.05463266000151638 0.11883459240198135
v 0.043776482343673734 0.060630690306425136 0.1346525251865387
v 0.04789213836193088 0.04972163960337642 0.11684755235910416
v 0.04789213836193088 0.04972163960337642 0.11684755235910416
v 0.043776482343673734 0.060630690306425136 0.1346525251865387
v 0.04789213836193088 0.05570403113961223 0.132237046957016
v 0.04789213836193088 0.04972163960337642 0.11684755235910416
v 0.04789213836193088 0.05570403113961223 0.132237046957016
v 0.05144087597727779 0.04443982988595965 0.1147107258439064
v 0.05144087597727779 0.04443982988595965 0.1147107258439064
v 0.04789213836193088 0.05570403113961223 0.132237046957016
v 0.05144087597727779 0.050405543297529255 0.1296394169330597
v 0.05144087597727779 0.04443982988595965 0.1147107258439064
v 0.05144087597727779 0.050405543297529255 0.1296394169330597
v 0.05437964573502544 0.038884539157152204 0.11246345192193985
v 0.05437964573502544 0.038884539157152204 0.11246345192193985
v 0.05144087597727779 0.050405543297529255 0.1296394169330597
v 0.05437964573502544 0.04483283683657649 0.1269073784351349
v 0.05437964573502544 0.038884539157152204 0.11246345192193985
v 0.05437964573502544 0.04483283683657649 0.1269073784351349
v 0.05668956786394123 0.033159542828798315 0.11014775186777115
v 0.05668956786394123 0.033159542828798315 0.11014775186777115
v 0.05437964573502544 0.04483283683657649 0.1269073784351349
v 0.05668956786394123 0.03909000381827357 0.12409213930368423
v 0.05668956786394123 0.033159542828798315 0.11014775186777115
v 0.05668956786394123 0.03909000381827357 0.12409213930368423
v 0.05837079882621769 0.02736495807766916 0.10780409723520279
v 0.05837079882621769 0.02736495807766916 0.10780409723520279
v 0.05668956786394123 0.03909000381827357 0.12409213930368423
v 0.05837079882621769 0.03327747806906702 0.12124273926019669
v 0.05837079882621769 0.02736495807766916 0.10780409723520279
v 0.05837079882621769 0.03327747806906702 0.12124273926019669
v 0.059444963932037395 0.021596081554889693 0.10547105222940445
v 0.059444963932037395 0.021596081554889693 0.10547105222940445
v 0.05837079882621769 0.03327747806906702 0.12124273926019669
v 0.059444963932037395 0.02749083563685419 0.11840615421533585
v 0.059444963932037395 0.021596081554889693 0.10547105222940445
v 0.059444963932037395 0.02749083563685419 0.11840615421533585
v 0.05992415919899945 0.01037648972123862 0.10093400627374649
v 0.05992415919899945 0.01037648972123862 0.10093400627374649
v 0.059444963932037395 0.02749083563685419 0.11840615421533585
v 0.05992415919899945 0.016236945986747752 0.11288980394601822
v 0.05992415919899945 0.01037648972123862 0.10093400627374649
v 0.05992415919899945 0.016236945986747752 0.11288980394601822
v 0.05824340507388119 -0.0010614477796480066 0.09630928188562393
v 0.05824340507388119 -0.0010614477796480066 0.09630928188562393
v 0.05992415919899945 0.016236945986747752 0.11288980394601822
v 0.05824340507388119 0.004764392971992496 0.10726658254861832
v 0.05824340507388119 -0.0010614477796480066 0.09630928188562393
v 0.05824340507388119 0.004764392971992496 0.10726658254861832
v 0.05650582909584049 -0.006854565814137463 0.09396723657846451
v 0.05650582909584049 -0.006854565814137463 0.09396723657846451
v 0.05824340507388119 0.004764392971992496 0.10726658254861832
v 0.05650582909584049 -0.0010461151832714683 0.10441867262125015
v 0.05650582909584049 -0.006854565814137463 0.09396723657846451
v 0.05650582909584049 -0.0010461151832714683 0.10441867262125015
v 0.05413822457194332 -0.012569649145007142 0.09165690094232559
v 0.05413822457194332 -0.012569649145007142 0.09165690094232559
v 0.05650582909584049 -0.0010461151832714683 0.10441867262125015
v 0.05413822457194332 -0.006778249051421885 0.10160926729440689
v 0.05413822457194332 -0.012569649145007142 0.09165690094232559
v 0.05413822457194332 -0.006778249051421885 0.10160926729440689
v 0.05114311352372173 -0.018105929717421542 0.08941904455423355
v 0.05114311352372173 -0.018105929717421542 0.08941904455423355
v 0.05413822457194332 -0.006778249051421885 0.10160926729440689
v 0.05114311352372173 -0.012330933474004277 0.09888795763254166
v 0.05114311352372173 -0.018105929717421542 0.08941904455423355
v 0.05114311352372173 -0.012330933474004277 0.09888795763254166
v 0.047540526837110554 -0.023359805345535292 0.08729550987482071
v 0.047540526837110554 -0.023359805345535292 0.08729550987482071
v 0.05114311352372173 -0.012330933474004277 0.09888795763254166
v 0.047540526837110554 -0.017600255087018023 0.09630564600229263
v 0.047540526837110554 -0.023359805345535292 0.08729550987482071
v 0.047540526837110554 -0.017600255087018023 0.09630564600229263
v 0.04337627440690997 -0.028234720230102556 0.0853254571557045
v 0.04337627440690997 -0.028234720230102556 0.0853254571557045
v 0.047540526837110554 -0.017600255087018023 0.09630564600229263
v 0.04337627440690997 -0.022489370778203024 0.09390971809625626
v 0.04337627440690997 -0.028234720230102556 0.0853254571557045
v 0.04337627440690997 -0.022489370778203024 0.09390971809625626
v 0.038712788373231916 -0.032640643417835256 0.08354518562555313
v 0.038712788373231916 -0.032640643417835256 0.08354518562555313
v 0.04337627440690997 -0.022489370778203024 0.09390971809625626
v 0.038712788373231916 -0.026907982304692286 0.09174451977014542
v 0.038712788373231916 -0.032640643417835256 0.08354518562555313
v 0.038712788373231916 -0.026907982304692286 0.09174451977014542
v 0.0336328372359276 -0.03650787472724917 0.08198282867670059
v 0.0336328372359276 -0.03650787472724917 0.08198282867670059
v 0.038712788373231916 -0.026907982304692286 0.09174451977014542
v 0.0336328372359276 -0.030786192044615766 0.08984426409006119
v 0.0336328372359276 -0.03650787472724917 0.08198282867670059
v 0.0336328372359276 -0.030786192044615766 0.08984426409006119
v 0.028229752555489557 -0.0397804491221905 0.08066103607416153
v 0.028229752555489557 -0.0397804491221905 0.08066103607416153
v 0.0336328372359276 -0.030786192044615766 0.08984426409006119
v 0.028229752555489557 -0.03406788036227228 0.0882364884018898
v 0.028229752555489557 -0.0397804491221905 0.08066103607416153
v 0.028229752555489557 -0.03406788036227228 0.0882364884018898
v 0.022604495286941542 -0.04242993518710139 0.07959125190973282
v 0.022604495286941542 -0.04242993518710139 0.07959125190973282
v 0.028229752555489557 -0.03406788036227228 0.0882364884018898
v 0.022604495286941542 -0.036724545061588315 0.08693508058786392
v 0.022604495286941542 -0.04242993518710139 0.07959125190973282
v 0.022604495286941542 -0.036724545061588315 0.08693508058786392
v 0.016859784722328196 -0.04444366320967677 0.07877860218286514
v 0.016859784722328196 -0.04444366320967677 0.07877860218286514
v 0.022604495286941542 -0.036724545061588315 0.08693508058786392
v 0.016859784722328196 -0.03874349221587184 0.08594623953104019
v 0.016859784722328196 -0.04444366320967677 0.07877860218286514
v 0.016859784722328196 -0.03874349221587184 0.08594623953104019
v 0.011092000640928752 -0.04583543539047244 0.07821748405694962
v 0.011092000640928752 -0.04583543539047244 0.07821748405694962
v 0.016859784722328196 -0.03874349221587184 0.08594623953104019
v 0.011092000640928752 -0.04013857990503314 0.08526322990655899
v 0.011092000640928752 -0.04583543539047244 0.07821748405694962
v 0.011092000640928752 -0.04013857990503314 0.08526322990655899
v 0.005397376604378227 -0.046631786972284345 0.07789710909128189
v 0.005397376604378227 -0.046631786972284345 0.07789710909128189
v 0.011092000640928752 -0.04013857990503314 0.08526322990655899
v 0.005397376604378227 -0.04093644767999652 0.08487293869256973
v 0.005397376604378227 -0.046631786972284345 0.07789710909128189
v 0.005397376604378227 -0.04093644767999652 0.08487293869256973
v -0.005738519132137302 -0.04660273715853694 0.07791206985712051
v -0.005738519132137302 -0.04660273715853694 0.07791206985712051
v 0.005397376604378227 -0.04093644767999652 0.08487293869256973
v -0.00016779782890807848 -0.041181616485118894 0.0847536101937294
v -0.005738519132137302 -0.04660273715853694 0.07791206985712051
v -0.00016779782890807848 -0.041181616485118894 0.0847536101937294
v -0.005738519132137302 -0.04090552031993869 0.08488968759775162
v -0.005738519132137302 -0.04090552031993869 0.08488968759775162
v -0.00016779782890807848 -0.041181616485118894 0.0847536101937294
v -0.00016779782890807848 -0.03473992273211481 0.09083328396081924
v -0.005738519132137302 -0.04090552031993869 0.08488968759775162
v -0.00016779782890807848 -0.03473992273211481 0.09083328396081924
v -0.005738519132137302 -0.03446236252784731 0.09099415689706802
v 0.0391553342342377 0.05025190487504009 0.08703020960092545
v 0.0391553342342377 0.05411738157272342 0.10399583727121353
v 0.043776482343673734 0.0458144545555115 0.0859740749001503
v 0.043776482343673734 0.0458144545555115 0.0859740749001503
v 0.0391553342342377 0.05411738157272342 0.10399583727121353
v 0.043776482343673734 0.04967550560832027 0.10257188230752945
v 0.043776482343673734 0.0458144545555115 0.0859740749001503
v 0.043776482343673734 0.04967550560832027 0.10257188230752945
v 0.04789213836193088 0.04091665521264079 0.08480856567621231
v 0.04789213836193088 0.04091665521264079 0.08480856567621231
v 0.043776482343673734 0.04967550560832027 0.10257188230752945
v 0.04789213836193088 0.0447727404534817 0.10100040584802628
v 0.04789213836193088 0.04091665521264079 0.08480856567621231
v 0.04789213836193088 0.0447727404534817 0.10100040584802628
v 0.05144087597727779 0.03564912825822832 0.08355531841516495
v 0.05144087597727779 0.03564912825822832 0.08355531841516495
v 0.04789213836193088 0.0447727404534817 0.10100040584802628
v 0.05144087597727779 0.039499800652265576 0.09931061416864395
v 0.05144087597727779 0.03564912825822832 0.08355531841516495
v 0.05144087597727779 0.039499800652265576 0.09931061416864395
v 0.05437964573502544 0.03010891377925875 0.08223734050989151
v 0.05437964573502544 0.03010891377925875 0.08223734050989151
v 0.05144087597727779 0.039499800652265576 0.09931061416864395
v 0.05437964573502544 0.03395382687449457 0.09753350168466568
v 0.05437964573502544 0.03010891377925875 0.08223734050989151
v 0.05437964573502544 0.03395382687449457 0.09753350168466568
v 0.05668956786394123 0.02439949847757818 0.08087924867868423
v 0.05668956786394123 0.02439949847757818 0.08087924867868423
v 0.05437964573502544 0.03395382687449457 0.09753350168466568
v 0.05668956786394123 0.02823841944336893 0.09570226818323135
v 0.05668956786394123 0.02439949847757818 0.08087924867868423
v 0.05668956786394123 0.02823841944336893 0.09570226818323135
v 0.05837079882621769 0.018620731309056296 0.0795048251748085
v 0.05837079882621769 0.018620731309056296 0.0795048251748085
v 0.05668956786394123 0.02823841944336893 0.09570226818323135
v 0.05837079882621769 0.02245353348553182 0.09384904056787491
v 0.05837079882621769 0.018620731309056296 0.0795048251748085
v 0.05837079882621769 0.02245353348553182 0.09384904056787491
v 0.059444963932037395 0.012867642566561708 0.07813660055398941
v 0.059444963932037395 0.012867642566561708 0.07813660055398941
v 0.05837079882621769 0.02245353348553182 0.09384904056787491
v 0.059444963932037395 0.01669430360198022 0.09200409799814224
v 0.059444963932037395 0.012867642566561708 0.07813660055398941
v 0.059444963932037395 0.01669430360198022 0.09200409799814224
v 0.05992415919899945 0.0016788634238764655 0.07547608762979507
v 0.05992415919899945 0.0016788634238764655 0.07547608762979507
v 0.059444963932037395 0.01669430360198022 0.09200409799814224
v 0.05992415919899945 0.005493449047207836 0.08841655403375626
v 0.05992415919899945 0.0016788634238764655 0.07547608762979507
v 0.05992415919899945 0.005493449047207836 0.08841655403375626
v 0.05824340507388119 -0.009727516211569316 0.07276425510644913
v 0.05824340507388119 -0.009727516211569316 0.07276425510644913
v 0.05992415919899945 0.005493449047207836 0.08841655403375626
v 0.05824340507388119 -0.005925419274717574 0.08475974947214127
v 0.05824340507388119 -0.009727516211569316 0.07276425510644913
v 0.05824340507388119 -0.005925419274717574 0.08475974947214127
v 0.05650582909584049 -0.015504591166973124 0.07139096409082413
v 0.05650582909584049 -0.015504591166973124 0.07139096409082413
v 0.05824340507388119 -0.005925419274717574 0.08475974947214127
v 0.05650582909584049 -0.011708891950547702 0.08290783315896988
v 0.05650582909584049 -0.015504591166973124 0.07139096409082413
v 0.05650582909584049 -0.011708891950547702 0.08290783315896988
v 0.05413822457194332 -0.021203802898526206 0.07003632932901382
v 0.05413822457194332 -0.021203802898526206 0.07003632932901382
v 0.05650582909584049 -0.011708891950547702 0.08290783315896988
v 0.05413822457194332 -0.01741446927189828 0.08108112961053848
v 0.05413822457194332 -0.021203802898526206 0.07003632932901382
v 0.05413822457194332 -0.01741446927189828 0.08108112961053848
v 0.05114311352372173 -0.026724660769104975 0.06872425228357315
v 0.05114311352372173 -0.026724660769104975 0.06872425228357315
v 0.05413822457194332 -0.01741446927189828 0.08108112961053848
v 0.05114311352372173 -0.02294155023992063 0.07931170612573624
v 0.05114311352372173 -0.026724660769104975 0.06872425228357315
v 0.05114311352372173 -0.02294155023992063 0.07931170612573624
v 0.047540526837110554 -0.03196385130286219 0.06747929006814957
v 0.047540526837110554 -0.03196385130286219 0.06747929006814957
v 0.05114311352372173 -0.02294155023992063 0.07931170612573624
v 0.047540526837110554 -0.02818670868873598 0.07763276249170303
v 0.047540526837110554 -0.03196385130286219 0.06747929006814957
v 0.047540526837110554 -0.02818670868873598 0.07763276249170303
v 0.04337627440690997 -0.036825083196163205 0.06632427126169205
v 0.04337627440690997 -0.036825083196163205 0.06632427126169205
v 0.047540526837110554 -0.02818670868873598 0.07763276249170303
v 0.04337627440690997 -0.03305354341864588 0.07607517391443253
v 0.04337627440690997 -0.036825083196163205 0.06632427126169205
v 0.04337627440690997 -0.03305354341864588 0.07607517391443253
v 0.038712788373231916 -0.04121857881546023 0.06528059393167496
v 0.038712788373231916 -0.04121857881546023 0.06528059393167496
v 0.04337627440690997 -0.03305354341864588 0.07607517391443253
v 0.038712788373231916 -0.03745217993855479 0.07466766983270645
v 0.038712788373231916 -0.04121857881546023 0.06528059393167496
v 0.038712788373231916 -0.03745217993855479 0.07466766983270645
v 0.0336328372359276 -0.045074835419654874 0.06436476856470108
v 0.0336328372359276 -0.045074835419654874 0.06436476856470108
v 0.038712788373231916 -0.03745217993855479 0.07466766983270645
v 0.0336328372359276 -0.041313029825687436 0.0734325423836708
v 0.0336328372359276 -0.045074835419654874 0.06436476856470108
v 0.0336328372359276 -0.041313029825687436 0.0734325423836708
v 0.028229752555489557 -0.048338048160076176 0.06359002739191055
v 0.028229752555489557 -0.048338048160076176 0.06359002739191055
v 0.0336328372359276 -0.041313029825687436 0.0734325423836708
v 0.028229752555489557 -0.04458021745085719 0.07238761335611343
v 0.028229752555489557 -0.048338048160076176 0.06359002739191055
v 0.028229752555489557 -0.04458021745085719 0.07238761335611343
v 0.022604495286941542 -0.05097987502813343 0.062963105738163
v 0.022604495286941542 -0.05097987502813343 0.062963105738163
v 0.028229752555489557 -0.04458021745085719 0.07238761335611343
v 0.022604495286941542 -0.04722536355257038 0.07154200226068497
v 0.022604495286941542 -0.05097987502813343 0.062963105738163
v 0.022604495286941542 -0.04722536355257038 0.07154200226068497
v 0.016859784722328196 -0.05298767983913425 0.0624869205057621
v 0.016859784722328196 -0.05298767983913425 0.0624869205057621
v 0.022604495286941542 -0.04722536355257038 0.07154200226068497
v 0.016859784722328196 -0.04923581331968311 0.07089970260858536
v 0.016859784722328196 -0.05298767983913425 0.0624869205057621
v 0.016859784722328196 -0.04923581331968311 0.07089970260858536
v 0.011092000640928752 -0.05437523499131206 0.062158260494470596
v 0.011092000640928752 -0.05437523499131206 0.062158260494470596
v 0.016859784722328196 -0.04923581331968311 0.07089970260858536
v 0.011092000640928752 -0.050625346601009404 0.07045630365610123
v 0.011092000640928752 -0.05437523499131206 0.062158260494470596
v 0.011092000640928752 -0.050625346601009404 0.07045630365610123
v 0.005397376604378227 -0.05516901612281803 0.06197074428200722
v 0.005397376604378227 -0.05516901612281803 0.06197074428200722
v 0.011092000640928752 -0.050625346601009404 0.07045630365610123
v 0.005397376604378227 -0.051420450210571324 0.07020322233438492
v 0.005397376604378227 -0.05516901612281803 0.06197074428200722
v 0.005397376604378227 -0.051420450210571324 0.07020322233438492
v -0.005738519132137302 -0.0551392957568169 0.06198028102517128
v -0.005738519132137302 -0.0551392957568169 0.06198028102517128
v 0.005397376604378227 -0.051420450210571324 0.07020322233438492
v -0.005738519132137302 -0.05139161273837093 0.07021556049585342
v -0.005738519132137302 -0.0551392957568169 0.06198028102517128
v -0.005738519132137302 -0.05139161273837093 0.07021556049585342
v -0.011440484784543521 -0.05431287363171581 0.06217798963189125
v -0.011440484784543521 -0.05431287363171581 0.06217798963189125
v -0.005738519132137302 -0.05139161273837093 0.07021556049585342
v -0.011440484784543521 -0.05056476220488552 0.07048199325799942
v -0.011440484784543521 -0.05431287363171581 0.06217798963189125
v -0.011440484784543521 -0.05056476220488552 0.07048199325799942
v -0.017209554091095935 -0.05289062485098842 0.0625174418091774
v -0.017209554091095935 -0.05289062485098842 0.0625174418091774
v -0.011440484784543521 -0.05056476220488552 0.07048199325799942
v -0.017209554091095935 -0.04914144799113277 0.07093945890665054
v -0.017209554091095935 -0.05289062485098842 0.0625174418091774
v -0.017209554091095935 -0.04914144799113277 0.07093945890665054
v -0.02294983156025411 -0.05084677785634998 0.06300470978021622
v -0.02294983156025411 -0.05084677785634998 0.06300470978021622
v -0.017209554091095935 -0.04914144799113277 0.07093945890665054
v -0.02294983156025411 -0.04709585756063465 0.07159624248743057
v -0.02294983156025411 -0.05084677785634998 0.06300470978021622
v -0.02294983156025411 -0.04709585756063465 0.07159624248743057
v -0.028564581647515314 -0.048168994486331974 0.06364265829324722
v -0.028564581647515314 -0.048168994486331974 0.06364265829324722
v -0.02294983156025411 -0.04709585756063465 0.07159624248743057
v -0.028564581647515314 -0.04441563412547114 0.07245627790689468
v -0.028564581647515314 -0.048168994486331974 0.06364265829324722
v -0.028564581647515314 -0.04441563412547114 0.07245627790689468
v -0.03395087271928789 -0.0448708385229111 0.06442800909280777
v -0.03395087271928789 -0.0448708385229111 0.06442800909280777
v -0.028564581647515314 -0.04441563412547114 0.07245627790689468
v -0.03395087271928789 -0.04111434891819957 0.0735151544213295
v -0.03395087271928789 -0.0448708385229111 0.06442800909280777
v -0.03395087271928789 -0.04111434891819957 0.0735151544213295
v -0.039008203893899945 -0.04098229482769969 0.06535372883081436
v -0.039008203893899945 -0.04098229482769969 0.06535372883081436
v -0.03395087271928789 -0.04111434891819957 0.0735151544213295
v -0.039008203893899945 -0.037222009152174024 0.0747632160782814
v -0.039008203893899945 -0.04098229482769969 0.06535372883081436
v -0.039008203893899945 -0.037222009152174024 0.0747632160782814
v -0.04364354535937312 -0.036560039967298535 0.06640628725290298
v -0.04364354535937312 -0.036560039967298535 0.06640628725290298
v -0.039008203893899945 -0.037222009152174024 0.0747632160782814
v -0.04364354535937312 -0.032795343548059484 0.0761822834610939
v -0.04364354535937312 -0.036560039967298535 0.06640628725290298
v -0.04364354535937312 -0.032795343548059484 0.0761822834610939
v -0.04777545109391216 -0.031674887984991094 0.06756875663995743
v -0.04777545109391216 -0.031674887984991094 0.06756875663995743
v -0.04364354535937312 -0.032795343548059484 0.0761822834610939
v -0.04777545109391216 -0.02790524438023569 0.07774964720010757
v -0.04777545109391216 -0.031674887984991094 0.06756875663995743
v -0.04777545109391216 -0.02790524438023569 0.07774964720010757
v -0.05134218186140064 -0.02641719207167627 0.06881967931985855
v -0.05134218186140064 -0.02641719207167627 0.06881967931985855
v -0.04777545109391216 -0.02790524438023569 0.07774964720010757
v -0.05134218186140064 -0.022642144933342948 0.07943633943796158
v -0.05134218186140064 -0.02641719207167627 0.06881967931985855
v -0.05134218186140064 -0.022642144933342948 0.07943633943796158
v -0.05429974943399433 -0.02088372409343721 0.07013610750436783
v -0.05429974943399433 -0.02088372409343721 0.07013610750436783
v -0.05134218186140064 -0.022642144933342948 0.07943633943796158
v -0.05429974943399433 -0.017102928832173358 0.08121130615472794
v -0.05429974943399433 -0.02088372409343721 0.07013610750436783
v -0.05429974943399433 -0.017102928832173358 0.08121130615472794
v -0.056628901511430775 -0.015177927911281596 0.07149330526590347
v -0.056628901511430775 -0.015177927911281596 0.07149330526590347
v -0.05429974943399433 -0.017102928832173358 0.08121130615472794
v -0.056628901511430775 -0.011391145177185542 0.08304134756326675
v -0.056628901511430775 -0.015177927911281596 0.07149330526590347
v -0.056628901511430775 -0.011391145177185542 0.08304134756326675
v -0.058328893035650295 -0.009399865753948695 0.07286760956048965
v -0.058328893035650295 -0.009399865753948695 0.07286760956048965
v -0.056628901511430775 -0.011391145177185542 0.08304134756326675
v -0.058328893035650295 -0.00560696562752128 0.08489439636468887
v -0.058328893035650295 -0.009399865753948695 0.07286760956048965
v -0.058328893035650295 -0.00560696562752128 0.08489439636468887
v -0.05994019284844403 0.001993054756894709 0.07557693868875504
v -0.05994019284844403 0.001993054756894709 0.07557693868875504
v -0.058328893035650295 -0.00560696562752128 0.08489439636468887
v -0.05994019284844403 0.005798158701509241 0.08854774385690689
v -0.05994019284844403 0.001993054756894709 0.07557693868875504
v -0.05994019284844403 0.005798158701509241 0.08854774385690689
v -0.05939660966396336 0.013190492056310186 0.07823929935693741
v -0.05939660966396336 0.013190492056310186 0.07823929935693741
v -0.05994019284844403 0.005798158701509241 0.08854774385690689
v -0.05939660966396336 0.017007764428854 0.09213785082101822
v -0.05939660966396336 0.013190492056310186 0.07823929935693741
v -0.05939660966396336 0.017007764428854 0.09213785082101822
v -0.05828642845153813 0.01894832588732244 0.07960817962884903
v -0.05828642845153813 0.01894832588732244 0.07960817962884903
v -0.05939660966396336 0.017007764428854 0.09213785082101822
v -0.05828642845153813 0.022771924734115614 0.09398368746042252
v -0.05828642845153813 0.01894832588732244 0.07960817962884903
v -0.05828642845153813 0.022771924734115614 0.09398368746042252
v -0.05656765401363376 0.024726271629333513 0.08098164945840836
v -0.05656765401363376 0.024726271629333513 0.08098164945840836
v -0.05828642845153813 0.022771924734115614 0.09398368746042252
v -0.05656765401363376 0.028556266799569147 0.095835842192173
v -0.05656765401363376 0.024726271629333513 0.08098164945840836
v -0.05656765401363376 0.028556266799569147 0.095835842192173
v -0.054219275712966954 0.030429277569055578 0.08233717828989029
v -0.054219275712966954 0.030429277569055578 0.08233717828989029
v -0.05656765401363376 0.028556266799569147 0.095835842192173
v -0.054219275712966954 0.03426564112305643 0.09766379743814468
v -0.054219275712966954 0.030429277569055578 0.08233717828989029
v -0.054219275712966954 0.03426564112305643 0.09766379743814468
v -0.05124292895197872 0.03595706820487978 0.08365092426538467
v -0.05124292895197872 0.03595706820487978 0.08365092426538467
v -0.054219275712966954 0.03426564112305643 0.09766379743814468
v -0.05124292895197872 0.03979966044425967 0.09943542629480362
v -0.05124292895197872 0.03595706820487978 0.08365092426538467
v -0.05124292895197872 0.03979966044425967 0.09943542629480362
v -0.04765824973583225 0.04120625555515292 0.08489827066659927
v -0.04765824973583225 0.04120625555515292 0.08489827066659927
v -0.05124292895197872 0.03979966044425967 0.09943542629480362
v -0.04765824973583225 0.045054826885461835 0.1011175885796547
v -0.04765824973583225 0.04120625555515292 0.08489827066659927
v -0.04765824973583225 0.045054826885461835 0.1011175885796547
v -0.0435101427137852 0.04608030244708064 0.08605632930994034
v -0.0435101427137852 0.04608030244708064 0.08605632930994034
v -0.04765824973583225 0.045054826885461835 0.1011175885796547
v -0.0435101427137852 0.04993448778986934 0.1026792898774147
v -0.0435101427137852 0.04608030244708064 0.08605632930994034
v -0.0435101427137852 0.04993448778986934 0.1026792898774147
v -0.03886068984866145 0.05048911646008495 0.08710364252328873
v -0.03886068984866145 0.05048911646008495 0.08710364252328873
v -0.0435101427137852 0.04993448778986934 0.1026792898774147
v -0.03886068984866145 0.05434845760464672 0.10409174114465714
v 1.0203845264825489e-17 0.012499999254941949 0.2685000002384186
v -0.00299041345715523 0.0310068801045418 0.2683887183666229
v 1.0203845264825489e-17 0.012499999254941949 0.2685000002384186
v 0.003546169260516765 0.03102254495024683 0.26849880814552307
v -0.00299041345715523 0.0310068801045418 0.2683887183666229
v 0.003546169260516765 0.03102254495024683 0.26849880814552307
v 0.0015107626095414173 0.04029280692338946 0.26848796010017395
v 0.0015107626095414173 0.04029280692338946 0.26848796010017395
v 0.003546169260516765 0.03102254495024683 0.26849880814552307
v 0.003546169260516765 0.04029548168182376 0.2684999406337738
v 0.0015107626095414173 0.04029280692338946 0.26848796010017395
v 0.003546169260516765 0.04029548168182376 0.2684999406337738
v 0.003546169260516765 0.04912390932440761 0.26805755496025085
v 0.003546169260516765 0.04912390932440761 0.26805755496025085
v 0.003546169260516765 0.04029548168182376 0.2684999406337738
v 0.011614818125963218 0.04001820087432864 0.26725879311561584
v 0.003546169260516765 0.04912390932440761 0.26805755496025085
v 0.011614818125963218 0.04001820087432864 0.26725879311561584
v 0.011614818125963218 0.04874468967318538 0.2667817175388336
v 0.011614818125963218 0.04874468967318538 0.2667817175388336
v 0.011614818125963218 0.04001820087432864 0.26725879311561584
v 0.017384400591254245 0.04826353862881664 0.26516327261924744
v 0.011614818125963218 0.04874468967318538 0.2667817175388336
v 0.017384400591254245 0.04826353862881664 0.26516327261924744
v 0.017384400591254245 0.05691142380237583 0.2630974352359772
v 0.017384400591254245 0.05691142380237583 0.2630974352359772
v 0.017384400591254245 0.04826353862881664 0.26516327261924744
v 0.02312232926487924 0.05603346601128582 0.26074859499931335
v 0.017384400591254245 0.05691142380237583 0.2630974352359772
v 0.02312232926487924 0.05603346601128582 0.26074859499931335
v 0.02312232926487924 0.06425979733467106 0.25698742270469666
v 0.02312232926487924 0.06425979733467106 0.25698742270469666
v 0.02312232926487924 0.05603346601128582 0.26074859499931335
v 0.028731683269143125 0.06286490708589558 0.2539171874523163
v 0.02312232926487924 0.06425979733467106 0.25698742270469666
v 0.028731683269143125 0.06286490708589558 0.2539171874523163
v 0.028731683269143125 0.07015206664800648 0.2485937774181366
v 0.028731683269143125 0.07015206664800648 0.2485937774181366
v 0.028731683269143125 0.06286490708589558 0.2539171874523163
v 0.034109439700841925 0.06814745813608174 0.24486729502677917
v 0.028731683269143125 0.07015206664800648 0.2485937774181366
v 0.034109439700841925 0.06814745813608174 0.24486729502677917
v 0.034109439700841925 0.07404754310846334 0.23831531405448914
v 0.034109439700841925 0.07404754310846334 0.23831531405448914
v 0.034109439700841925 0.06814745813608174 0.24486729502677917
v 0.0391553342342377 0.07137917727231984 0.23403534293174744
v 0.03740938752889636 0.012499999254941949 0.16159012913703918
v 0.0336328372359276 0.013617485761642465 0.15855994820594788
v 0.038712788373231916 0.013659408316016206 0.16241607069969177
v 0.038712788373231916 0.013659408316016206 0.16241607069969177
v 0.0336328372359276 0.013617485761642465 0.15855994820594788
v 0.038712788373231916 0.014628933742642413 0.161655455827713
v 0.038712788373231916 0.013659408316016206 0.16241607069969177
v 0.038712788373231916 0.014628933742642413 0.161655455827713
v 0.04337627440690997 0.014731964096426974 0.16607961058616638
v 0.04337627440690997 0.014731964096426974 0.16607961058616638
v 0.038712788373231916 0.014628933742642413 0.161655455827713
v 0.04337627440690997 0.015055663883686076 0.16561713814735413
v 0.04337627440690997 0.014731964096426974 0.16607961058616638
v 0.04337627440690997 0.015055663883686076 0.16561713814735413
v 0.047540526837110554 0.015209374949336062 0.17053577303886414
v 0.047540526837110554 0.015209374949336062 0.17053577303886414
v 0.04337627440690997 0.015055663883686076 0.16561713814735413
v 0.047540526837110554 0.015447778627276431 0.17010721564292908
v 0.047540526837110554 0.015209374949336062 0.17053577303886414
v 0.047540526837110554 0.015447778627276431 0.17010721564292908
v 0.05114311352372173 0.01566358655691148 0.1754327118396759
v 0.05114311352372173 0.01566358655691148 0.1754327118396759
v 0.047540526837110554 0.015447778627276431 0.17010721564292908
v 0.05114311352372173 0.01600174792110921 0.17466804385185242
v 0.05114311352372173 0.01566358655691148 0.1754327118396759
v 0.05114311352372173 0.01600174792110921 0.17466804385185242
v 0.05271804332733158 0.016173804178833972 0.17746755480766296
v 0.05271804332733158 0.016173804178833972 0.17746755480766296
v 0.05114311352372173 0.01600174792110921 0.17466804385185242
v 0.05114311352372173 0.01705724745988847 0.17156192660331726
v 0.05271804332733158 0.016173804178833972 0.17746755480766296
v 0.05114311352372173 0.01705724745988847 0.17156192660331726
v 0.05413822457194332 0.017899218946695338 0.17740747332572937
v 0.05413822457194332 0.017899218946695338 0.17740747332572937
v 0.05114311352372173 0.01705724745988847 0.17156192660331726
v 0.05114311352372173 0.01858509518206121 0.16535791754722595
v 0.05413822457194332 0.017899218946695338 0.17740747332572937
v 0.05114311352372173 0.01858509518206121 0.16535791754722595
v 0.05413822457194332 0.020426495000720038 0.17155000567436218
v 0.05413822457194332 0.020426495000720038 0.17155000567436218
v 0.05114311352372173 0.01858509518206121 0.16535791754722595
v 0.05114311352372173 0.019342085346579566 0.1581343114376068
v 0.05413822457194332 0.020426495000720038 0.17155000567436218
v 0.05114311352372173 0.019342085346579566 0.1581343114376068
v 0.05413822457194332 0.022195041179656996 0.16441258788108826
v 0.05413822457194332 0.022195041179656996 0.16441258788108826
v 0.05114311352372173 0.019342085346579566 0.1581343114376068
v 0.05413822457194332 0.022626407444477095 0.16024163365364075
v 0.05413822457194332 0.022195041179656996 0.16441258788108826
v 0.05413822457194332 0.022626407444477095 0.16024163365364075
v 0.05650582909584049 0.025140292942523974 0.17089399695396423
v 0.05650582909584049 0.025140292942523974 0.17089399695396423
v 0.05413822457194332 0.022626407444477095 0.16024163365364075
v 0.05650582909584049 0.026067879050970095 0.16663965582847595
v 0.05650582909584049 0.025140292942523974 0.17089399695396423
v 0.05650582909584049 0.026067879050970095 0.16663965582847595
v 0.05824340507388119 0.028125904500484484 0.1774643361568451
v 0.05824340507388119 0.028125904500484484 0.1774643361568451
v 0.05650582909584049 0.026067879050970095 0.16663965582847595
v 0.05824340507388119 0.029556550085544607 0.17312541604042053
v 0.05824340507388119 0.028125904500484484 0.1774643361568451
v 0.05824340507388119 0.029556550085544607 0.17312541604042053
v 0.05992415919899945 0.03644513711333277 0.18593183159828186
v 0.05992415919899945 0.03644513711333277 0.18593183159828186
v 0.05824340507388119 0.029556550085544607 0.17312541604042053
v 0.05992415919899945 0.03820838406682017 0.18082383275032043
v 0.05992415919899945 0.03644513711333277 0.18593183159828186
v 0.05992415919899945 0.03820838406682017 0.18082383275032043
v 0.059444963932037395 0.04584771767258647 0.19307932257652283
v 0.059444963932037395 0.04584771767258647 0.19307932257652283
v 0.05992415919899945 0.03820838406682017 0.18082383275032043
v 0.059444963932037395 0.04755749925971035 0.1871573030948639
v 0.059444963932037395 0.04584771767258647 0.19307932257652283
v 0.059444963932037395 0.04755749925971035 0.1871573030948639
v 0.05837079882621769 0.049776036292314564 0.1993812620639801
v 0.05837079882621769 0.049776036292314564 0.1993812620639801
v 0.059444963932037395 0.04755749925971035 0.1871573030948639
v 0.05837079882621769 0.05187495797872547 0.19324597716331482
v 0.05837079882621769 0.049776036292314564 0.1993812620639801
v 0.05837079882621769 0.05187495797872547 0.19324597716331482
v 0.05668956786394123 0.053722102195024525 0.2057115137577057
v 0.05668956786394123 0.053722102195024525 0.2057115137577057
v 0.05837079882621769 0.05187495797872547 0.19324597716331482
v 0.05668956786394123 0.05621191486716274 0.19936200976371765
v 0.05668956786394123 0.053722102195024525 0.2057115137577057
v 0.05668956786394123 0.05621191486716274 0.19936200976371765
v 0.05437964573502544 0.05762104690074925 0.2119661271572113
v 0.05437964573502544 0.05762104690074925 0.2119661271572113
v 0.05668956786394123 0.05621191486716274 0.19936200976371765
v 0.05437964573502544 0.06049706414341931 0.20540490746498108
v 0.05437964573502544 0.05762104690074925 0.2119661271572113
v 0.05437964573502544 0.06049706414341931 0.20540490746498108
v 0.05144087597727779 0.06140469387173657 0.21803560853004456
v 0.05144087597727779 0.06140469387173657 0.21803560853004456
v 0.05437964573502544 0.06049706414341931 0.20540490746498108
v 0.05144087597727779 0.06465549021959309 0.21126887202262878
v 0.05144087597727779 0.06140469387173657 0.21803560853004456
v 0.05144087597727779 0.06465549021959309 0.21126887202262878
v 0.04789213836193088 0.06500238180160527 0.2238067090511322
v 0.04789213836193088 0.06500238180160527 0.2238067090511322
v 0.05144087597727779 0.06465549021959309 0.21126887202262878
v 0.04789213836193088 0.06860952079296116 0.21684452891349792
v 0.04789213836193088 0.06500238180160527 0.2238067090511322
v 0.04789213836193088 0.06860952079296116 0.21684452891349792
v 0.043776482343673734 0.068347841501236 0.22917303442955017
v 0.043776482343673734 0.068347841501236 0.22917303442955017
v 0.04789213836193088 0.06860952079296116 0.21684452891349792
v 0.043776482343673734 0.0722863227128983 0.22202906012535095
v 0.043776482343673734 0.068347841501236 0.22917303442955017
v 0.043776482343673734 0.0722863227128983 0.22202906012535095
v 0.0391553342342377 0.07137917727231984 0.23403534293174744
v 0.0391553342342377 0.07137917727231984 0.23403534293174744
v 0.043776482343673734 0.0722863227128983 0.22202906012535095
v 0.0391553342342377 0.07561787217855459 0.22672656178474426
v 0.0391553342342377 0.07137917727231984 0.23403534293174744
v 0.0391553342342377 0.07561787217855459 0.22672656178474426
v 0.034109439700841925 0.07404754310846334 0.23831531405448914
v 0.034109439700841925 0.07404754310846334 0.23831531405448914
v 0.0391553342342377 0.07561787217855459 0.22672656178474426
v 0.034109439700841925 0.07855048775672918 0.23086139559745789
v 0.034109439700841925 0.07404754310846334 0.23831531405448914
v 0.034109439700841925 0.07855048775672918 0.23086139559745789
v 0.028731683269143125 0.07631392031908041 0.24195030331611633
v 0.028731683269143125 0.07631392031908041 0.24195030331611633
v 0.034109439700841925 0.07855048775672918 0.23086139559745789
v 0.028731683269143125 0.08104128390550619 0.23437300324440002
v 0.028731683269143125 0.07631392031908041 0.24195030331611633
v 0.028731683269143125 0.08104128390550619 0.23437300324440002
v 0.02312232926487924 0.07815720140933996 0.2449064552783966
v 0.02312232926487924 0.07815720140933996 0.2449064552783966
v 0.028731683269143125 0.08104128390550619 0.23437300324440002
v 0.02312232926487924 0.08306707441806799 0.23722884058952332
v 0.02312232926487924 0.07815720140933996 0.2449064552783966
v 0.02312232926487924 0.08306707441806799 0.23722884058952332
v 0.017384400591254245 0.07956779003143316 0.24716851115226746
v 0.017384400591254245 0.07956779003143316 0.24716851115226746
v 0.02312232926487924 0.08306707441806799 0.23722884058952332
v 0.017384400591254245 0.08461730182170873 0.23941388726234436
v 0.017384400591254245 0.07956779003143316 0.24716851115226746
v 0.017384400591254245 0.08461730182170873 0.23941388726234436
v 0.011614818125963218 0.08055353164672857 0.24874892830848694
v 0.011614818125963218 0.08055353164672857 0.24874892830848694
v 0.017384400591254245 0.08461730182170873 0.23941388726234436
v 0.011614818125963218 0.08570059388875967 0.24094048142433167
v 0.011614818125963218 0.08055353164672857 0.24874892830848694
v 0.011614818125963218 0.08570059388875967 0.24094048142433167
v 0.003546169260516765 0.08655498921871191 0.24214377999305725
v 0.003546169260516765 0.08655498921871191 0.24214377999305725
v 0.011614818125963218 0.08570059388875967 0.24094048142433167
v 0.003546169260516765 0.09011231362819677 0.23376139998435974
v 0.003546169260516765 0.08655498921871191 0.24214377999305725
v 0.003546169260516765 0.09011231362819677 0.23376139998435974
v 0.0015107626095414173 0.08853443711996084 0.23798123002052307
v 0.0015107626095414173 0.08853443711996084 0.23798123002052307
v 0.003546169260516765 0.09011231362819677 0.23376139998435974
v 0.0015107626095414173 0.09010370820760732 0.23375031352043152
v 0.0015107626095414173 0.08853443711996084 0.23798123002052307
v 0.0015107626095414173 0.09010370820760732 0.23375031352043152
v -0.00299041345715523 0.09002938866615301 0.23365595936775208
v -0.00299041345715523 0.09002938866615301 0.23365595936775208
v 0.0015107626095414173 0.09010370820760732 0.23375031352043152
v 0.0015107626095414173 0.09207741916179663 0.2251540720462799
v -0.00299041345715523 0.09002938866615301 0.23365595936775208
v 0.0015107626095414173 0.09207741916179663 0.2251540720462799
v -0.00299041345715523 0.09199903160333639 0.22506478428840637
v -0.00299041345715523 0.09199903160333639 0.22506478428840637
v 0.0015107626095414173 0.09207741916179663 0.2251540720462799
v 0.0015107626095414173 0.09324484318494802 0.21603289246559143
v -0.00299041345715523 0.09199903160333639 0.22506478428840637
v 0.0015107626095414173 0.09324484318494802 0.21603289246559143
v -0.00299041345715523 0.09316320717334753 0.2159481942653656
v -0.00299041345715523 0.09316320717334753 0.2159481942653656
v 0.0015107626095414173 0.09324484318494802 0.21603289246559143
v 0.0015107626095414173 0.09376671910285957 0.20678529143333435
v -0.00299041345715523 0.09316320717334753 0.2159481942653656
v 0.0015107626095414173 0.09376671910285957 0.20678529143333435
v -0.00299041345715523 0.09368186444044119 0.20670512318611145
v -0.00299041345715523 0.09368186444044119 0.20670512318611145
v 0.0015107626095414173 0.09376671910285957 0.20678529143333435
v 0.0015107626095414173 0.09362411499023443 0.19748368859291077
v -0.00299041345715523 0.09368186444044119 0.20670512318611145
v 0.0015107626095414173 0.09362411499023443 0.19748368859291077
v -0.00299041345715523 0.09353633224964147 0.19740864634513855
v -0.00299041345715523 0.09353633224964147 0.19740864634513855
v 0.0015107626095414173 0.09362411499023443 0.19748368859291077
v 0.0015107626095414173 0.09281399846076971 0.18819615244865417
v -0.00299041345715523 0.09353633224964147 0.19740864634513855
v 0.0015107626095414173 0.09281399846076971 0.18819615244865417
v -0.00299041345715523 0.09272376447916036 0.18812647461891174
v -0.00299041345715523 0.09272376447916036 0.18812647461891174
v 0.0015107626095414173 0.09281399846076971 0.18819615244865417
v 0.0015107626095414173 0.09134234488010412 0.17899397015571594
v -0.00299041345715523 0.09272376447916036 0.18812647461891174
v 0.0015107626095414173 0.09134234488010412 0.17899397015571594
v -0.00299041345715523 0.09125062078237539 0.17892977595329285
v -0.00299041345715523 0.09125062078237539 0.17892977595329285
v 0.0015107626095414173 0.09134234488010412 0.17899397015571594
v 0.0015107626095414173 0.08922193199396139 0.169948011636734
v -0.00299041345715523 0.09125062078237539 0.17892977595329285
v 0.0015107626095414173 0.08922193199396139 0.169948011636734
v -0.00299041345715523 0.08912910521030432 0.16988900303840637
v -0.00299041345715523 0.08912910521030432 0.16988900303840637
v 0.0015107626095414173 0.08922193199396139 0.169948011636734
v -0.00299041345715523 0.08783338218927389 0.165448397397995
v -0.00299041345715523 0.08912910521030432 0.16988900303840637
v -0.00299041345715523 0.08783338218927389 0.165448397397995
v -0.011821994557976731 0.08811520785093313 0.16924569010734558
v -0.011821994557976731 0.08811520785093313 0.16924569010734558
v -0.00299041345715523 0.08783338218927389 0.165448397397995
v -0.011821994557976731 0.08536574989557272 0.1604805290699005
v -0.011821994557976731 0.08811520785093313 0.16924569010734558
v -0.011821994557976731 0.08536574989557272 0.1604805290699005
v -0.017091557383537303 0.08675001561641699 0.16837969422340393
v -0.017091557383537303 0.08675001561641699 0.16837969422340393
v -0.011821994557976731 0.08536574989557272 0.1604805290699005
v -0.017091557383537303 0.08399238437414175 0.15968403220176697
v -0.017091557383537303 0.08675001561641699 0.16837969422340393
v -0.017091557383537303 0.08399238437414175 0.15968403220176697
v -0.02277721837162973 0.08472432196140295 0.1670948565006256
v -0.02277721837162973 0.08472432196140295 0.1670948565006256
v -0.017091557383537303 0.08399238437414175 0.15968403220176697
v -0.02277721837162973 0.08195466548204428 0.15850231051445007
v -0.02277721837162973 0.08472432196140295 0.1670948565006256
v -0.02277721837162973 0.08195466548204428 0.15850231051445007
v -0.028397269546985644 0.08205810189247137 0.16540375351905823
v -0.028397269546985644 0.08205810189247137 0.16540375351905823
v -0.02277721837162973 0.08195466548204428 0.15850231051445007
v -0.028397269546985644 0.07927270978689199 0.15694698691368103
v -0.028397269546985644 0.08205810189247137 0.16540375351905823
v -0.028397269546985644 0.07927270978689199 0.15694698691368103
v -0.033792003989219686 0.0787693858146668 0.1633179485797882
v -0.033792003989219686 0.0787693858146668 0.1633179485797882
v -0.028397269546985644 0.07927270978689199 0.15694698691368103
v -0.033792003989219686 0.07596465945243841 0.15502861142158508
v -0.033792003989219686 0.0787693858146668 0.1633179485797882
v -0.033792003989219686 0.07596465945243841 0.15502861142158508
v -0.03886068984866145 0.07205990701913838 0.152764230966568
v -0.03886068984866145 0.07205990701913838 0.152764230966568
v -0.033792003989219686 0.07596465945243841 0.15502861142158508
v -0.033792003989219686 0.06923568993806843 0.13888153433799744
v -0.03886068984866145 0.07205990701913838 0.152764230966568
v -0.033792003989219686 0.06923568993806843 0.13888153433799744
v -0.03886068984866145 0.06534021347761158 0.1369728147983551
v -0.03886068984866145 0.06534021347761158 0.1369728147983551
v -0.033792003989219686 0.06923568993806843 0.13888153433799744
v -0.033792003989219686 0.06319907307624821 0.12232092767953873
v -0.03886068984866145 0.06534021347761158 0.1369728147983551
v -0.033792003989219686 0.06319907307624821 0.12232092767953873
v -0.03886068984866145 0.05931463092565541 0.12075165659189224
v -0.03886068984866145 0.05931463092565541 0.12075165659189224
v -0.033792003989219686 0.06319907307624821 0.12232092767953873
v -0.033792003989219686 0.058226488530635875 0.10533235222101212
v -0.03886068984866145 0.05931463092565541 0.12075165659189224
v -0.033792003989219686 0.058226488530635875 0.10533235222101212
v -0.03886068984866145 0.05434845760464672 0.10409174114465714
v -0.03886068984866145 0.05434845760464672 0.10409174114465714
v -0.033792003989219686 0.058226488530635875 0.10533235222101212
v -0.033792003989219686 0.054362535476684605 0.0880235806107521
v -0.03886068984866145 0.05434845760464672 0.10409174114465714
v -0.033792003989219686 0.054362535476684605 0.0880235806107521
v -0.03886068984866145 0.05048911646008495 0.08710364252328873
v -0.03886068984866145 0.05048911646008495 0.08710364252328873
v -0.033792003989219686 0.054362535476684605 0.0880235806107521
v -0.033792003989219686 0.05162550508975986 0.07050798088312149
v -0.03886068984866145 0.05048911646008495 0.08710364252328873
v -0.033792003989219686 0.05162550508975986 0.07050798088312149
v -0.03886068984866145 0.0477552525699139 0.06990436464548111
v -0.03886068984866145 0.0477552525699139 0.06990436464548111
v -0.033792003989219686 0.05162550508975986 0.07050798088312149
v -0.033792003989219686 0.050028793513774907 0.05290195718407631
v -0.03886068984866145 0.0477552525699139 0.06990436464548111
v -0.033792003989219686 0.050028793513774907 0.05290195718407631
v -0.03886068984866145 0.04616069048643115 0.052613768726587296
v -0.03886068984866145 0.04616069048643115 0.052613768726587296
v -0.033792003989219686 0.050028793513774907 0.05290195718407631
v -0.033613555133342764 0.049294967204332386 0.03699997439980507
v -0.03886068984866145 0.04616069048643115 0.052613768726587296
v -0.033613555133342764 0.049294967204332386 0.03699997439980507
v -0.03740938752889636 0.04690988734364513 0.03699997439980507
v 0.038712788373231916 -0.013695834204554566 0.10575053840875626
v 0.04337627440690997 -0.0027812614571303147 0.11546734720468521
v 0.038712788373231916 -0.006947429850697522 0.1119224801659584
v 0.038712788373231916 -0.006947429850697522 0.1119224801659584
v 0.04337627440690997 -0.0027812614571303147 0.11546734720468521
v 0.04337627440690997 0.0031445769127458356 0.1227475181221962
v 0.038712788373231916 -0.006947429850697522 0.1119224801659584
v 0.04337627440690997 0.0031445769127458356 0.1227475181221962
v 0.038712788373231916 -0.0007485455134883528 0.1187165156006813
v 0.038712788373231916 -0.0007485455134883528 0.1187165156006813
v 0.04337627440690997 0.0031445769127458356 0.1227475181221962
v 0.04337627440690997 0.00823110062628985 0.13054195046424866
v 0.038712788373231916 -0.0007485455134883528 0.1187165156006813
v 0.04337627440690997 0.00823110062628985 0.13054195046424866
v 0.038712788373231916 0.004693299066275362 0.12608125805854797
v 0.038712788373231916 0.004693299066275362 0.12608125805854797
v 0.04337627440690997 0.00823110062628985 0.13054195046424866
v 0.04337627440690997 0.011925657279789456 0.13865646719932556
v 0.038712788373231916 0.004693299066275362 0.12608125805854797
v 0.04337627440690997 0.011925657279789456 0.13865646719932556
v 0.038712788373231916 0.008927658200263982 0.13384613394737244
v 0.038712788373231916 0.008927658200263982 0.13384613394737244
v 0.04337627440690997 0.011925657279789456 0.13865646719932556
v 0.04337627440690997 0.014123007655143746 0.14664927124977112
v 0.038712788373231916 0.008927658200263982 0.13384613394737244
v 0.04337627440690997 0.014123007655143746 0.14664927124977112
v 0.038712788373231916 0.011853037402033815 0.1416541039943695
v 0.038712788373231916 0.011853037402033815 0.1416541039943695
v 0.04337627440690997 0.014123007655143746 0.14664927124977112
v 0.04337627440690997 0.015216460451483737 0.1540304720401764
v 0.038712788373231916 0.011853037402033815 0.1416541039943695
v 0.04337627440690997 0.015216460451483737 0.1540304720401764
v 0.038712788373231916 0.013751287013292321 0.14910373091697693
v 0.038712788373231916 0.013751287013292321 0.14910373091697693
v 0.04337627440690997 0.015216460451483737 0.1540304720401764
v 0.04337627440690997 0.015516992658376704 0.16086795926094055
v 0.038712788373231916 0.013751287013292321 0.14910373091697693
v 0.04337627440690997 0.015516992658376704 0.16086795926094055
v 0.038712788373231916 0.014847084879875194 0.15621653199195862
v 0.038712788373231916 0.014847084879875194 0.15621653199195862
v 0.04337627440690997 0.015516992658376704 0.16086795926094055
v 0.04337627440690997 0.015365667641162883 0.16431716084480286
v 0.038712788373231916 0.014847084879875194 0.15621653199195862
v 0.04337627440690997 0.015365667641162883 0.16431716084480286
v 0.038712788373231916 0.01508905552327634 0.1598149836063385
v 0.038712788373231916 0.01508905552327634 0.1598149836063385
v 0.04337627440690997 0.015365667641162883 0.16431716084480286
v 0.038712788373231916 0.015066999942064296 0.16070058941841125
v 0.038712788373231916 0.01508905552327634 0.1598149836063385
v 0.038712788373231916 0.015066999942064296 0.16070058941841125
v 0.0336328372359276 0.014908583834767352 0.15678134560585022
v 0.0336328372359276 0.014908583834767352 0.15678134560585022
v 0.038712788373231916 0.015066999942064296 0.16070058941841125
v 0.0336328372359276 0.014795321971178065 0.15727093815803528
v 0.0336328372359276 0.014908583834767352 0.15678134560585022
v 0.0336328372359276 0.014795321971178065 0.15727093815803528
v 0.028229752555489557 0.01469263993203641 0.1539701521396637
v 0.028229752555489557 0.01469263993203641 0.1539701521396637
v 0.0336328372359276 0.014795321971178065 0.15727093815803528
v 0.028229752555489557 0.014462349936366092 0.15448781847953796
v 0.028229752555489557 0.01469263993203641 0.1539701521396637
v 0.028229752555489557 0.014462349936366092 0.15448781847953796
v 0.022604495286941542 0.014400757849216472 0.15182903409004211
v 0.022604495286941542 0.014400757849216472 0.15182903409004211
v 0.028229752555489557 0.014462349936366092 0.15448781847953796
v 0.022604495286941542 0.014033807441592225 0.15229877829551697
v 0.022604495286941542 0.014400757849216472 0.15182903409004211
v 0.022604495286941542 0.014033807441592225 0.15229877829551697
v 0.016859784722328196 0.014000328257679948 0.15028706192970276
v 0.016859784722328196 0.014000328257679948 0.15028706192970276
v 0.022604495286941542 0.014033807441592225 0.15229877829551697
v 0.016859784722328196 0.013531611301004895 0.1506495177745819
v 0.016859784722328196 0.014000328257679948 0.15028706192970276
v 0.016859784722328196 0.013531611301004895 0.1506495177745819
v 0.011092000640928752 0.01351661793887616 0.14926329255104065
v 0.011092000640928752 0.01351661793887616 0.14926329255104065
v 0.016859784722328196 0.013531611301004895 0.1506495177745819
v 0.011092000640928752 0.01300238724797965 0.14947345852851868
v 0.011092000640928752 0.01351661793887616 0.14926329255104065
v 0.011092000640928752 0.01300238724797965 0.14947345852851868
v 0.005397376604378227 0.01299886405467988 0.14868071675300598
v 0.005397376604378227 0.01299886405467988 0.14868071675300598
v 0.011092000640928752 0.01300238724797965 0.14947345852851868
v 0.005356745794415477 0.012499999254941949 0.1491035521030426
v 0.005397376604378227 0.01299886405467988 0.14868071675300598
v 0.005356745794415477 0.012499999254941949 0.1491035521030426
v 2.4899602201891592e-17 0.012499999254941949 0.148499995470047
v 0.0336328372359276 -0.017514748498797427 0.10308722406625748
v 0.038712788373231916 -0.006947429850697522 0.1119224801659584
v 0.0336328372359276 -0.010603889822959907 0.10881123691797256
v 0.0336328372359276 -0.010603889822959907 0.10881123691797256
v 0.038712788373231916 -0.006947429850697522 0.1119224801659584
v 0.038712788373231916 -0.0007485455134883528 0.1187165156006813
v 0.0336328372359276 -0.010603889822959907 0.10881123691797256
v 0.038712788373231916 -0.0007485455134883528 0.1187165156006813
v 0.0336328372359276 -0.004165277350693944 0.11517874151468277
v 0.0336328372359276 -0.004165277350693944 0.11517874151468277
v 0.038712788373231916 -0.0007485455134883528 0.1187165156006813
v 0.038712788373231916 0.004693299066275362 0.12608125805854797
v 0.0336328372359276 -0.004165277350693944 0.11517874151468277
v 0.038712788373231916 0.004693299066275362 0.12608125805854797
v 0.0336328372359276 0.0015883793821558367 0.12216631323099136
v 0.0336328372359276 0.0015883793821558367 0.12216631323099136
v 0.038712788373231916 0.004693299066275362 0.12608125805854797
v 0.038712788373231916 0.008927658200263982 0.13384613394737244
v 0.0336328372359276 0.0015883793821558367 0.12216631323099136
v 0.038712788373231916 0.008927658200263982 0.13384613394737244
v 0.0336328372359276 0.006296610925346617 0.12962433695793152
v 0.0336328372359276 0.006296610925346617 0.12962433695793152
v 0.038712788373231916 0.008927658200263982 0.13384613394737244
v 0.038712788373231916 0.011853037402033815 0.1416541039943695
v 0.0336328372359276 0.006296610925346617 0.12962433695793152
v 0.038712788373231916 0.011853037402033815 0.1416541039943695
v 0.0336328372359276 0.009860819205641753 0.1372702419757843
v 0.0336328372359276 0.009860819205641753 0.1372702419757843
v 0.038712788373231916 0.011853037402033815 0.1416541039943695
v 0.038712788373231916 0.013751287013292321 0.14910373091697693
v 0.0336328372359276 0.009860819205641753 0.1372702419757843
v 0.038712788373231916 0.013751287013292321 0.14910373091697693
v 0.0336328372359276 0.012465366162359723 0.14477983117103577
v 0.0336328372359276 0.012465366162359723 0.14477983117103577
v 0.038712788373231916 0.013751287013292321 0.14910373091697693
v 0.038712788373231916 0.014847084879875194 0.15621653199195862
v 0.0336328372359276 0.012465366162359723 0.14477983117103577
v 0.038712788373231916 0.014847084879875194 0.15621653199195862
v 0.0336328372359276 0.014259152114391336 0.15213409066200256
v 0.0336328372359276 0.014259152114391336 0.15213409066200256
v 0.038712788373231916 0.014847084879875194 0.15621653199195862
v 0.038712788373231916 0.01508905552327634 0.1598149836063385
v 0.0336328372359276 0.014259152114391336 0.15213409066200256
v 0.038712788373231916 0.01508905552327634 0.1598149836063385
v 0.0336328372359276 0.014846321195364009 0.15586361289024353
v 0.0336328372359276 0.014846321195364009 0.15586361289024353
v 0.038712788373231916 0.01508905552327634 0.1598149836063385
v 0.0336328372359276 0.014908583834767352 0.15678134560585022
v 0.0336328372359276 0.014846321195364009 0.15586361289024353
v 0.0336328372359276 0.014908583834767352 0.15678134560585022
v 0.028229752555489557 0.01477472484111787 0.1534651219844818
v 0.028229752555489557 0.01477472484111787 0.1534651219844818
v 0.0336328372359276 0.014908583834767352 0.15678134560585022
v 0.028229752555489557 0.01469263993203641 0.1539701521396637
v 0.028229752555489557 0.01477472484111787 0.1534651219844818
v 0.028229752555489557 0.01469263993203641 0.1539701521396637
v 0.022604495286941542 0.014609752222895633 0.1512983739376068
v 0.022604495286941542 0.014609752222895633 0.1512983739376068
v 0.028229752555489557 0.01469263993203641 0.1539701521396637
v 0.022604495286941542 0.014400757849216472 0.15182903409004211
v 0.022604495286941542 0.014609752222895633 0.1512983739376068
v 0.022604495286941542 0.014400757849216472 0.15182903409004211
v 0.016859784722328196 0.01435413584113122 0.14980903267860413
v 0.016859784722328196 0.01435413584113122 0.14980903267860413
v 0.022604495286941542 0.014400757849216472 0.15182903409004211
v 0.016859784722328196 0.014000328257679948 0.15028706192970276
v 0.016859784722328196 0.01435413584113122 0.14980903267860413
v 0.016859784722328196 0.014000328257679948 0.15028706192970276
v 0.011092000640928752 0.013977244496345529 0.14889773726463318
v 0.011092000640928752 0.013977244496345529 0.14889773726463318
v 0.016859784722328196 0.014000328257679948 0.15028706192970276
v 0.011092000640928752 0.01351661793887616 0.14926329255104065
v 0.011092000640928752 0.013977244496345529 0.14889773726463318
v 0.011092000640928752 0.01351661793887616 0.14926329255104065
v 0.005397376604378227 0.013508095405995854 0.14847108721733093
v 0.005397376604378227 0.013508095405995854 0.14847108721733093
v 0.011092000640928752 0.01351661793887616 0.14926329255104065
v 0.005397376604378227 0.01299886405467988 0.14868071675300598
v 0.005397376604378227 0.013508095405995854 0.14847108721733093
v 0.005397376604378227 0.01299886405467988 0.14868071675300598
v -0.005738519132137302 0.013000648468732843 0.14871034026145935
v -0.005738519132137302 0.013000648468732843 0.14871034026145935
v 0.005397376604378227 0.01299886405467988 0.14868071675300598
v 2.4899602201891592e-17 0.012499999254941949 0.148499995470047
v 2.4899602201891592e-17 0.012499999254941949 0.148499995470047
v -0.0475539825856686 0.012499999254941949 0.24488434195518494
v -0.04690988734364513 0.012499999254941949 0.24590936303138733
v -0.04765824973583225 0.020288106054067626 0.24431964755058289
v -0.04765824973583225 0.020288106054067626 0.24431964755058289
v -0.04690988734364513 0.012499999254941949 0.24590936303138733
v -0.0435101427137852 0.020595030859112753 0.24931445717811584
v -0.04765824973583225 0.020288106054067626 0.24431964755058289
v -0.0435101427137852 0.020595030859112753 0.24931445717811584
v -0.0435101427137852 0.028168391436338442 0.24867573380470276
v -0.0435101427137852 0.028168391436338442 0.24867573380470276
v -0.0435101427137852 0.020595030859112753 0.24931445717811584
v -0.03886068984866145 0.028840634971857092 0.2533433735370636
v -0.0435101427137852 0.028168391436338442 0.24867573380470276
v -0.03886068984866145 0.028840634971857092 0.2533433735370636
v -0.03886068984866145 0.03680314496159556 0.2528645098209381
v -0.03886068984866145 0.03680314496159556 0.2528645098209381
v -0.03886068984866145 0.028840634971857092 0.2533433735370636
v -0.033792003989219686 0.03774810582399371 0.25709500908851624
v -0.03886068984866145 0.03680314496159556 0.2528645098209381
v -0.033792003989219686 0.03774810582399371 0.25709500908851624
v -0.033792003989219686 0.04564246907830241 0.2563529908657074
v -0.033792003989219686 0.04564246907830241 0.2563529908657074
v -0.033792003989219686 0.03774810582399371 0.25709500908851624
v -0.028397269546985644 0.04673671349883082 0.2600323259830475
v -0.033792003989219686 0.04564246907830241 0.2563529908657074
v -0.028397269546985644 0.04673671349883082 0.2600323259830475
v -0.028397269546985644 0.0549629703164101 0.2578992545604706
v -0.028397269546985644 0.0549629703164101 0.2578992545604706
v -0.028397269546985644 0.04673671349883082 0.2600323259830475
v -0.02277721837162973 0.05609430372715 0.26092275977134705
v -0.028397269546985644 0.0549629703164101 0.2578992545604706
v -0.02277721837162973 0.05609430372715 0.26092275977134705
v -0.02277721837162973 0.06433743238449101 0.2571621239185333
v -0.02277721837162973 0.06433743238449101 0.2571621239185333
v -0.02277721837162973 0.05609430372715 0.26092275977134705
v -0.017091557383537303 0.06538152694702153 0.25945940613746643
v -0.02277721837162973 0.06433743238449101 0.2571621239185333
v -0.017091557383537303 0.06538152694702153 0.25945940613746643
v -0.017091557383537303 0.07309573143720632 0.25406399369239807
v -0.017091557383537303 0.07309573143720632 0.25406399369239807
v -0.017091557383537303 0.06538152694702153 0.25945940613746643
v -0.011821994557976731 0.0701219737529755 0.25849446654319763
v -0.017091557383537303 0.07309573143720632 0.25406399369239807
v -0.011821994557976731 0.0701219737529755 0.25849446654319763
v -0.011821994557976731 0.0739175751805306 0.25559213757514954
v -0.011821994557976731 0.0739175751805306 0.25559213757514954
v -0.011821994557976731 0.0701219737529755 0.25849446654319763
v -0.0073463190346956305 0.07435294985771185 0.25640174746513367
v -0.011821994557976731 0.0739175751805306 0.25559213757514954
v -0.0073463190346956305 0.07435294985771185 0.25640174746513367
v -0.0073463190346956305 0.08106455206871038 0.24956557154655457
v -0.0073463190346956305 0.08106455206871038 0.24956557154655457
v -0.0073463190346956305 0.07435294985771185 0.25640174746513367
v -0.00299041345715523 0.07806678861379629 0.25345805287361145
v -0.0073463190346956305 0.08106455206871038 0.24956557154655457
v -0.00299041345715523 0.07806678861379629 0.25345805287361145
v -0.00299041345715523 0.08126155287027365 0.24988237023353577
v -0.00299041345715523 0.08126155287027365 0.24988237023353577
v -0.00299041345715523 0.07806678861379629 0.25345805287361145
v 0.0015107626095414173 0.07812583446502691 0.25356027483940125
v -0.00299041345715523 0.08126155287027365 0.24988237023353577
v 0.0015107626095414173 0.07812583446502691 0.25356027483940125
v 0.0015107626095414173 0.08132400363683706 0.2499832808971405
v 0.0015107626095414173 0.08132400363683706 0.2499832808971405
v 0.0015107626095414173 0.07812583446502691 0.25356027483940125
v 0.003546169260516765 0.08133105188608175 0.24999496340751648
v 0.0015107626095414173 0.08132400363683706 0.2499832808971405
v 0.003546169260516765 0.08133105188608175 0.24999496340751648
v 0.0015107626095414173 0.08413890004158026 0.24615320563316345
v 0.0015107626095414173 0.08413890004158026 0.24615320563316345
v 0.003546169260516765 0.08133105188608175 0.24999496340751648
v 0.003546169260516765 0.08655498921871191 0.24214377999305725
v 0.0015107626095414173 0.08413890004158026 0.24615320563316345
v 0.003546169260516765 0.08655498921871191 0.24214377999305725
v 0.0015107626095414173 0.08654720336198812 0.24213233590126038
v 0.0015107626095414173 0.08654720336198812 0.24213233590126038
v 0.003546169260516765 0.08655498921871191 0.24214377999305725
v 0.0015107626095414173 0.08853443711996084 0.23798123002052307
v 0.0015107626095414173 0.08654720336198812 0.24213233590126038
v 0.0015107626095414173 0.08853443711996084 0.23798123002052307
v -0.00299041345715523 0.08846280723810201 0.23788508772850037
v -0.00299041345715523 0.08846280723810201 0.23788508772850037
v 0.0015107626095414173 0.08853443711996084 0.23798123002052307
v -0.00299041345715523 0.09002938866615301 0.23365595936775208
v -0.00299041345715523 0.08846280723810201 0.23788508772850037
v -0.00299041345715523 0.09002938866615301 0.23365595936775208
v -0.0073463190346956305 0.08979634195566183 0.23336157202720642
v -0.0073463190346956305 0.08979634195566183 0.23336157202720642
v -0.00299041345715523 0.09002938866615301 0.23365595936775208
v -0.00299041345715523 0.09199903160333639 0.22506478428840637
v -0.0073463190346956305 0.08979634195566183 0.23336157202720642
v -0.00299041345715523 0.09199903160333639 0.22506478428840637
v -0.0073463190346956305 0.09175339341163641 0.2247844636440277
v -0.0073463190346956305 0.09175339341163641 0.2247844636440277
v -0.00299041345715523 0.09199903160333639 0.22506478428840637
v -0.00299041345715523 0.09316320717334753 0.2159481942653656
v -0.0073463190346956305 0.09175339341163641 0.2247844636440277
v -0.00299041345715523 0.09316320717334753 0.2159481942653656
v -0.011821994557976731 0.09226758033037191 0.2150205671787262
v -0.011821994557976731 0.09226758033037191 0.2150205671787262
v -0.00299041345715523 0.09316320717334753 0.2159481942653656
v -0.00299041345715523 0.09368186444044119 0.20670512318611145
v -0.011821994557976731 0.09226758033037191 0.2150205671787262
v -0.00299041345715523 0.09368186444044119 0.20670512318611145
v -0.011821994557976731 0.0927522704005242 0.20583143830299377
v -0.011821994557976731 0.0927522704005242 0.20583143830299377
v -0.00299041345715523 0.09368186444044119 0.20670512318611145
v -0.00299041345715523 0.09353633224964147 0.19740864634513855
v -0.011821994557976731 0.0927522704005242 0.20583143830299377
v -0.00299041345715523 0.09353633224964147 0.19740864634513855
v -0.011821994557976731 0.0925771594047547 0.19659188389778137
v -0.011821994557976731 0.0925771594047547 0.19659188389778137
v -0.00299041345715523 0.09353633224964147 0.19740864634513855
v -0.00299041345715523 0.09272376447916036 0.18812647461891174
v -0.011821994557976731 0.0925771594047547 0.19659188389778137
v -0.00299041345715523 0.09272376447916036 0.18812647461891174
v -0.011821994557976731 0.09173991531133657 0.18736836314201355
v -0.011821994557976731 0.09173991531133657 0.18736836314201355
v -0.00299041345715523 0.09272376447916036 0.18812647461891174
v -0.00299041345715523 0.09125062078237539 0.17892977595329285
v -0.011821994557976731 0.09173991531133657 0.18736836314201355
v -0.00299041345715523 0.09125062078237539 0.17892977595329285
v -0.011821994557976731 0.09024876356124883 0.1782306730747223
v -0.011821994557976731 0.09024876356124883 0.1782306730747223
v -0.00299041345715523 0.09125062078237539 0.17892977595329285
v -0.011821994557976731 0.08811520785093313 0.16924569010734558
v -0.011821994557976731 0.09024876356124883 0.1782306730747223
v -0.011821994557976731 0.08811520785093313 0.16924569010734558
v -0.017091557383537303 0.088899776339531 0.1772896945476532
v -0.017091557383537303 0.088899776339531 0.1772896945476532
v -0.011821994557976731 0.08811520785093313 0.16924569010734558
v -0.017091557383537303 0.08675001561641699 0.16837969422340393
v -0.017091557383537303 0.088899776339531 0.1772896945476532
v -0.017091557383537303 0.08675001561641699 0.16837969422340393
v -0.02277721837162973 0.08689812570810324 0.175893634557724
v -0.02277721837162973 0.08689812570810324 0.175893634557724
v -0.017091557383537303 0.08675001561641699 0.16837969422340393
v -0.02277721837162973 0.08472432196140295 0.1670948565006256
v -0.02277721837162973 0.08689812570810324 0.175893634557724
v -0.02277721837162973 0.08472432196140295 0.1670948565006256
v -0.028397269546985644 0.08426355570554739 0.17405620217323303
v -0.028397269546985644 0.08426355570554739 0.17405620217323303
v -0.02277721837162973 0.08472432196140295 0.1670948565006256
v -0.028397269546985644 0.08205810189247137 0.16540375351905823
v -0.028397269546985644 0.08426355570554739 0.17405620217323303
v -0.028397269546985644 0.08205810189247137 0.16540375351905823
v -0.033792003989219686 0.0810138732194901 0.17178979516029358
v -0.033792003989219686 0.0810138732194901 0.17178979516029358
v -0.028397269546985644 0.08205810189247137 0.16540375351905823
v -0.033792003989219686 0.0787693858146668 0.1633179485797882
v -0.033792003989219686 0.0810138732194901 0.17178979516029358
v -0.033792003989219686 0.0787693858146668 0.1633179485797882
v -0.03886068984866145 0.07717794924974447 0.16911467909812927
v -0.03886068984866145 0.07717794924974447 0.16911467909812927
v -0.033792003989219686 0.0787693858146668 0.1633179485797882
v -0.03886068984866145 0.07205990701913838 0.152764230966568
v -0.03886068984866145 0.07717794924974447 0.16911467909812927
v -0.03886068984866145 0.07205990701913838 0.152764230966568
v -0.0435101427137852 0.07281151413917546 0.16606959700584412
v -0.0435101427137852 0.07281151413917546 0.16606959700584412
v -0.03886068984866145 0.07205990701913838 0.152764230966568
v -0.0435101427137852 0.06761515885591511 0.150186687707901
v -0.0435101427137852 0.07281151413917546 0.16606959700584412
v -0.0435101427137852 0.06761515885591511 0.150186687707901
v -0.04765824973583225 0.0679840445518494 0.16270312666893005
v -0.04765824973583225 0.0679840445518494 0.16270312666893005
v -0.0435101427137852 0.06761515885591511 0.150186687707901
v -0.04765824973583225 0.06270117312669758 0.14733710885047913
v -0.04765824973583225 0.0679840445518494 0.16270312666893005
v -0.04765824973583225 0.06270117312669758 0.14733710885047913
v -0.05124292895197872 0.06278478354215626 0.15907737612724304
v -0.05124292895197872 0.06278478354215626 0.15907737612724304
v -0.04765824973583225 0.06270117312669758 0.14733710885047913
v -0.05124292895197872 0.057408761233091396 0.14426806569099426
v -0.05124292895197872 0.06278478354215626 0.15907737612724304
v -0.05124292895197872 0.057408761233091396 0.14426806569099426
v -0.054219275712966954 0.057309340685606044 0.15525904297828674
v -0.054219275712966954 0.057309340685606044 0.15525904297828674
v -0.05124292895197872 0.057408761233091396 0.14426806569099426
v -0.054219275712966954 0.05183527246117595 0.1410360038280487
v -0.054219275712966954 0.057309340685606044 0.15525904297828674
v -0.054219275712966954 0.05183527246117595 0.1410360038280487
v -0.05656765401363376 0.05166014656424526 0.15131965279579163
v -0.05656765401363376 0.05166014656424526 0.15131965279579163
v -0.054219275712966954 0.05183527246117595 0.1410360038280487
v -0.05656765401363376 0.04608495160937312 0.13770148158073425
v -0.05656765401363376 0.05166014656424526 0.15131965279579163
v -0.05656765401363376 0.04608495160937312 0.13770148158073425
v -0.05828642845153813 0.04593654721975329 0.14732834696769714
v -0.05828642845153813 0.04593654721975329 0.14732834696769714
v -0.05656765401363376 0.04608495160937312 0.13770148158073425
v -0.05828642845153813 0.04025892168283465 0.13432303071022034
v -0.05828642845153813 0.04593654721975329 0.14732834696769714
v -0.05828642845153813 0.04025892168283465 0.13432303071022034
v -0.05939660966396336 0.04023269936442378 0.14335086941719055
v -0.05939660966396336 0.04023269936442378 0.14335086941719055
v -0.05828642845153813 0.04025892168283465 0.13432303071022034
v -0.05939660966396336 0.034453030675649664 0.1309562623500824
v -0.05939660966396336 0.04023269936442378 0.14335086941719055
v -0.05939660966396336 0.034453030675649664 0.1309562623500824
v -0.05994019284844403 0.029139814898371717 0.13561555743217468
v -0.05994019284844403 0.029139814898371717 0.13561555743217468
v -0.05939660966396336 0.034453030675649664 0.1309562623500824
v -0.05994019284844403 0.023161767050623908 0.12440858036279678
v -0.05994019284844403 0.029139814898371717 0.13561555743217468
v -0.05994019284844403 0.023161767050623908 0.12440858036279678
v -0.058328893035650295 0.017852682620286952 0.1277448832988739
v -0.058328893035650295 0.017852682620286952 0.1277448832988739
v -0.05994019284844403 0.023161767050623908 0.12440858036279678
v -0.058328893035650295 0.011672886088490493 0.11774639040231705
v -0.058328893035650295 0.017852682620286952 0.1277448832988739
v -0.058328893035650295 0.011672886088490493 0.11774639040231705
v -0.056628901511430775 0.012128030881285676 0.12375304847955704
v -0.056628901511430775 0.012128030881285676 0.12375304847955704
v -0.058328893035650295 0.011672886088490493 0.11774639040231705
v -0.056628901511430775 0.005845955107361082 0.11436746269464493
v -0.056628901511430775 0.012128030881285676 0.12375304847955704
v -0.056628901511430775 0.005845955107361082 0.11436746269464493
v -0.05429974943399433 0.006474799942225222 0.1198110356926918
v -0.05429974943399433 0.006474799942225222 0.1198110356926918
v -0.056628901511430775 0.005845955107361082 0.11436746269464493
v -0.05429974943399433 9.17509678401985e-05 0.11103073507547379
v -0.05429974943399433 0.006474799942225222 0.1198110356926918
v -0.05429974943399433 9.17509678401985e-05 0.11103073507547379
v -0.05134218186140064 0.0009921194287016994 0.11598799377679825
v -0.05134218186140064 0.0009921194287016994 0.11598799377679825
v -0.05429974943399433 9.17509678401985e-05 0.11103073507547379
v -0.05134218186140064 -0.005488822236657146 0.10779473930597305
v -0.05134218186140064 0.0009921194287016994 0.11598799377679825
v -0.05134218186140064 -0.005488822236657146 0.10779473930597305
v -0.04777545109391216 -0.0042175296694040324 0.11235538870096207
v -0.04777545109391216 -0.0042175296694040324 0.11235538870096207
v -0.05134218186140064 -0.005488822236657146 0.10779473930597305
v -0.04777545109391216 -0.010791452601552017 0.1047198548913002
v -0.04777545109391216 -0.0042175296694040324 0.11235538870096207
v -0.04777545109391216 -0.010791452601552017 0.1047198548913002
v -0.04364354535937312 -0.009058258496224885 0.10898003727197647
v -0.04364354535937312 -0.009058258496224885 0.10898003727197647
v -0.04777545109391216 -0.010791452601552017 0.1047198548913002
v -0.04364354535937312 -0.01571853645145894 0.10186276584863663
v -0.04364354535937312 -0.009058258496224885 0.10898003727197647
v -0.04364354535937312 -0.01571853645145894 0.10186276584863663
v -0.039008203893899945 -0.01344054378569127 0.10592446476221085
v -0.039008203893899945 -0.01344054378569127 0.10592446476221085
v -0.04364354535937312 -0.01571853645145894 0.10186276584863663
v -0.039008203893899945 -0.02017895691096784 0.0992763414978981
v -0.039008203893899945 -0.01344054378569127 0.10592446476221085
v -0.039008203893899945 -0.02017895691096784 0.0992763414978981
v -0.03395087271928789 -0.01729421317577363 0.10323748737573624
v -0.03395087271928789 -0.01729421317577363 0.10323748737573624
v -0.039008203893899945 -0.02017895691096784 0.0992763414978981
v -0.03395087271928789 -0.024101287126541155 0.09700188785791397
v -0.03395087271928789 -0.01729421317577363 0.10323748737573624
v -0.03395087271928789 -0.024101287126541155 0.09700188785791397
v -0.028564581647515314 -0.020563084632158293 0.10095832496881485
v -0.028564581647515314 -0.020563084632158293 0.10095832496881485
v -0.03395087271928789 -0.024101287126541155 0.09700188785791397
v -0.028564581647515314 -0.02742834761738779 0.0950726643204689
v -0.028564581647515314 -0.020563084632158293 0.10095832496881485
v -0.028564581647515314 -0.02742834761738779 0.0950726643204689
v -0.02294983156025411 -0.023217432200908675 0.09910766035318375
v -0.02294983156025411 -0.023217432200908675 0.09910766035318375
v -0.028564581647515314 -0.02742834761738779 0.0950726643204689
v -0.02294983156025411 -0.03012988530099394 0.09350619465112686
v -0.02294983156025411 -0.023217432200908675 0.09910766035318375
v -0.02294983156025411 -0.03012988530099394 0.09350619465112686
v -0.017209554091095935 -0.025243790820240992 0.09769491106271744
v -0.017209554091095935 -0.025243790820240992 0.09769491106271744
v -0.02294983156025411 -0.03012988530099394 0.09350619465112686
v -0.017209554091095935 -0.03219219669699671 0.09231040626764297
v -0.017209554091095935 -0.025243790820240992 0.09769491106271744
v -0.017209554091095935 -0.03219219669699671 0.09231040626764297
v -0.011440484784543521 -0.026654351502656954 0.09671161323785782
v -0.011440484784543521 -0.026654351502656954 0.09671161323785782
v -0.017209554091095935 -0.03219219669699671 0.09231040626764297
v -0.011440484784543521 -0.033627700060606024 0.09147808700799942
v -0.011440484784543521 -0.026654351502656954 0.09671161323785782
v -0.011440484784543521 -0.033627700060606024 0.09147808700799942
v -0.005738519132137302 -0.027474623173475283 0.09613994508981705
v -0.005738519132137302 -0.027474623173475283 0.09613994508981705
v -0.011440484784543521 -0.033627700060606024 0.09147808700799942
v -0.005738519132137302 -0.03446236252784731 0.09099415689706802
v -0.005738519132137302 -0.027474623173475283 0.09613994508981705
v -0.005738519132137302 -0.03446236252784731 0.09099415689706802
v -0.00016779782890807848 -0.027747575193643587 0.09594986587762833
v -0.00016779782890807848 -0.027747575193643587 0.09594986587762833
v -0.005738519132137302 -0.03446236252784731 0.09099415689706802
v -0.00016779782890807848 -0.03473992273211481 0.09083328396081924
v -0.00016779782890807848 -0.027747575193643587 0.09594986587762833
v -0.00016779782890807848 -0.03473992273211481 0.09083328396081924
v 0.005397376604378227 -0.027507103979587572 0.09611789137125015
v 0.005397376604378227 -0.027507103979587572 0.09611789137125015
v -0.00016779782890807848 -0.03473992273211481 0.09083328396081924
v 0.005397376604378227 -0.034494880586862585 0.09097550064325333
v 0.005397376604378227 -0.027507103979587572 0.09611789137125015
v 0.005397376604378227 -0.034494880586862585 0.09097550064325333
v 0.011092000640928752 -0.026722280308604258 0.09666547924280167
v 0.011092000640928752 -0.026722280308604258 0.09666547924280167
v 0.005397376604378227 -0.034494880586862585 0.09097550064325333
v 0.011092000640928752 -0.03369574993848803 0.09143898636102676
v 0.011092000640928752 -0.026722280308604258 0.09666547924280167
v 0.011092000640928752 -0.03369574993848803 0.09143898636102676
v 0.016859784722328196 -0.025349235162138956 0.09762320667505264
v 0.016859784722328196 -0.025349235162138956 0.09762320667505264
v 0.011092000640928752 -0.03369574993848803 0.09143898636102676
v 0.016859784722328196 -0.03229786828160288 0.09224966913461685
v 0.016859784722328196 -0.025349235162138956 0.09762320667505264
v 0.016859784722328196 -0.03229786828160288 0.09224966913461685
v 0.022604495286941542 -0.023361718282103552 0.0990094318985939
v 0.022604495286941542 -0.023361718282103552 0.0990094318985939
v 0.016859784722328196 -0.03229786828160288 0.09224966913461685
v 0.022604495286941542 -0.030274534597992918 0.09342304617166519
v 0.022604495286941542 -0.023361718282103552 0.0990094318985939
v 0.022604495286941542 -0.030274534597992918 0.09342304617166519
v 0.028229752555489557 -0.020746061578392996 0.10083369165658951
v 0.028229752555489557 -0.020746061578392996 0.10083369165658951
v 0.022604495286941542 -0.030274534597992918 0.09342304617166519
v 0.028229752555489557 -0.027611833065748232 0.09496722370386124
v 0.028229752555489557 -0.020746061578392996 0.10083369165658951
v 0.028229752555489557 -0.027611833065748232 0.09496722370386124
v 0.0336328372359276 -0.017514748498797427 0.10308722406625748
v 0.0336328372359276 -0.017514748498797427 0.10308722406625748
v 0.028229752555489557 -0.027611833065748232 0.09496722370386124
v 0.0336328372359276 -0.02432247810065748 0.09687475115060806
v 0.0336328372359276 -0.017514748498797427 0.10308722406625748
v 0.0336328372359276 -0.02432247810065748 0.09687475115060806
v 0.038712788373231916 -0.013695834204554566 0.10575053840875626
v 0.038712788373231916 -0.013695834204554566 0.10575053840875626
v 0.0336328372359276 -0.02432247810065748 0.09687475115060806
v 0.038712788373231916 -0.020435029640793814 0.09912911802530289
v 0.038712788373231916 -0.013695834204554566 0.10575053840875626
v 0.038712788373231916 -0.020435029640793814 0.09912911802530289
v 0.04337627440690997 -0.009344574064016349 0.10878501087427139
v 0.04337627440690997 -0.009344574064016349 0.10878501087427139
v 0.038712788373231916 -0.020435029640793814 0.09912911802530289
v 0.04337627440690997 -0.016005737707018863 0.1016976609826088
v 0.04337627440690997 -0.009344574064016349 0.10878501087427139
v 0.04337627440690997 -0.016005737707018863 0.1016976609826088
v 0.047540526837110554 -0.004529804456979039 0.1121426597237587
v 0.047540526837110554 -0.004529804456979039 0.1121426597237587
v 0.04337627440690997 -0.016005737707018863 0.1016976609826088
v 0.047540526837110554 -0.011104673147201545 0.10453978925943375
v 0.047540526837110554 -0.004529804456979039 0.1121426597237587
v 0.047540526837110554 -0.011104673147201545 0.10453978925943375
v 0.05114311352372173 0.0006595522863790397 0.11576149612665176
v 0.05114311352372173 0.0006595522863790397 0.11576149612665176
v 0.047540526837110554 -0.011104673147201545 0.10453978925943375
v 0.05114311352372173 -0.005822348874062303 0.10760299116373062
v 0.05114311352372173 0.0006595522863790397 0.11576149612665176
v 0.05114311352372173 -0.005822348874062303 0.10760299116373062
v 0.05413822457194332 0.0061281169764697595 0.11957500129938126
v 0.05413822457194332 0.0061281169764697595 0.11957500129938126
v 0.05114311352372173 -0.005822348874062303 0.10760299116373062
v 0.05413822457194332 -0.00025585494586266594 0.11083094030618668
v 0.05413822457194332 0.0061281169764697595 0.11957500129938126
v 0.05413822457194332 -0.00025585494586266594 0.11083094030618668
v 0.05650582909584049 0.011773542501032361 0.12351182848215103
v 0.05650582909584049 0.011773542501032361 0.12351182848215103
v 0.05413822457194332 -0.00025585494586266594 0.11083094030618668
v 0.05650582909584049 0.005490633193403486 0.11416331678628922
v 0.05650582909584049 0.011773542501032361 0.12351182848215103
v 0.05650582909584049 0.005490633193403486 0.11416331678628922
v 0.05824340507388119 0.017496278509497653 0.1275024712085724
v 0.05824340507388119 0.017496278509497653 0.1275024712085724
v 0.05650582909584049 0.005490633193403486 0.11416331678628922
v 0.05824340507388119 0.011315781623125083 0.11754123121500015
v 0.05824340507388119 0.017496278509497653 0.1275024712085724
v 0.05824340507388119 0.011315781623125083 0.11754123121500015
v 0.05992415919899945 0.028795845806598684 0.1353820264339447
v 0.05992415919899945 0.028795845806598684 0.1353820264339447
v 0.05824340507388119 0.011315781623125083 0.11754123121500015
v 0.05992415919899945 0.022817479446530356 0.12421093136072159
v 0.05992415919899945 0.028795845806598684 0.1353820264339447
v 0.05992415919899945 0.022817479446530356 0.12421093136072159
v 0.059444963932037395 0.03988043218851092 0.14311149716377258
v 0.059444963932037395 0.03988043218851092 0.14311149716377258
v 0.05992415919899945 0.022817479446530356 0.12421093136072159
v 0.059444963932037395 0.03410024940967562 0.13075360655784607
v 0.059444963932037395 0.03988043218851092 0.14311149716377258
v 0.059444963932037395 0.03410024940967562 0.13075360655784607
v 0.05837079882621769 0.04558017477393153 0.1470859944820404
v 0.05837079882621769 0.04558017477393153 0.1470859944820404
v 0.059444963932037395 0.03410024940967562 0.13075360655784607
v 0.05837079882621769 0.03990185260772708 0.13411787152290344
v 0.05837079882621769 0.04558017477393153 0.1470859944820404
v 0.05837079882621769 0.03990185260772708 0.13411787152290344
v 0.05668956786394123 0.05130551755428318 0.15107831358909607
v 0.05668956786394123 0.05130551755428318 0.15107831358909607
v 0.05837079882621769 0.03990185260772708 0.13411787152290344
v 0.05668956786394123 0.04572949185967448 0.137497216463089
v 0.05668956786394123 0.05130551755428318 0.15107831358909607
v 0.05668956786394123 0.04572949185967448 0.137497216463089
v 0.05437964573502544 0.05696232616901401 0.15502282977104187
v 0.05437964573502544 0.05696232616901401 0.15502282977104187
v 0.05668956786394123 0.04572949185967448 0.137497216463089
v 0.05437964573502544 0.05148733779788021 0.14083603024482727
v 0.05437964573502544 0.05696232616901401 0.15502282977104187
v 0.05437964573502544 0.05148733779788021 0.14083603024482727
v 0.05144087597727779 0.06245168671011929 0.1588505208492279
v 0.05144087597727779 0.06245168671011929 0.1588505208492279
v 0.05437964573502544 0.05148733779788021 0.14083603024482727
v 0.05144087597727779 0.05707471445202831 0.14407601952552795
v 0.05144087597727779 0.06245168671011929 0.1588505208492279
v 0.05144087597727779 0.05707471445202831 0.14407601952552795
v 0.04789213836193088 0.06767107546329502 0.16248992085456848
v 0.04789213836193088 0.06767107546329502 0.16248992085456848
v 0.05144087597727779 0.05707471445202831 0.14407601952552795
v 0.04789213836193088 0.062387246638536495 0.14715662598609924
v 0.04789213836193088 0.06767107546329502 0.16248992085456848
v 0.04789213836193088 0.062387246638536495 0.14715662598609924
v 0.043776482343673734 0.07252433151006703 0.16587397456169128
v 0.043776482343673734 0.07252433151006703 0.16587397456169128
v 0.04789213836193088 0.062387246638536495 0.14715662598609924
v 0.043776482343673734 0.06732708960771565 0.15002110600471497
v 0.043776482343673734 0.07252433151006703 0.16587397456169128
v 0.043776482343673734 0.06732708960771565 0.15002110600471497
v 0.0391553342342377 0.07692166417837148 0.16894009709358215
v 0.0391553342342377 0.07692166417837148 0.16894009709358215
v 0.043776482343673734 0.06732708960771565 0.15002110600471497
v 0.0391553342342377 0.07180283218622212 0.15261641144752502
v 0.0391553342342377 0.07692166417837148 0.16894009709358215
v 0.0391553342342377 0.07180283218622212 0.15261641144752502
v 0.034109439700841925 0.07574236392974859 0.15490081906318665
v 0.034109439700841925 0.07574236392974859 0.15490081906318665
v 0.0391553342342377 0.07180283218622212 0.15261641144752502
v 0.0391553342342377 0.06509438157081608 0.13684114813804626
v 0.034109439700841925 0.07574236392974859 0.15490081906318665
v 0.0391553342342377 0.06509438157081608 0.13684114813804626
v 0.034109439700841925 0.06902316212654118 0.13876762986183167
v 0.034109439700841925 0.06902316212654118 0.13876762986183167
v 0.0391553342342377 0.06509438157081608 0.13684114813804626
v 0.0391553342342377 0.05908203497529034 0.12063512951135635
v 0.034109439700841925 0.06902316212654118 0.13876762986183167
v 0.0391553342342377 0.05908203497529034 0.12063512951135635
v 0.034109439700841925 0.0629980713129044 0.12222013622522354
v 0.034109439700841925 0.0629980713129044 0.12222013622522354
v 0.0391553342342377 0.05908203497529034 0.12063512951135635
v 0.0391553342342377 0.05411738157272342 0.10399583727121353
v 0.034109439700841925 0.0629980713129044 0.12222013622522354
v 0.0391553342342377 0.05411738157272342 0.10399583727121353
v 0.034109439700841925 0.05802680179476742 0.10524938255548477
v 0.034109439700841925 0.05802680179476742 0.10524938255548477
v 0.0391553342342377 0.05411738157272342 0.10399583727121353
v 0.0391553342342377 0.05025190487504009 0.08703020960092545
v 0.034109439700841925 0.05802680179476742 0.10524938255548477
v 0.0391553342342377 0.05025190487504009 0.08703020960092545
v 0.034109439700841925 0.054157510399818455 0.08795998245477676
v 0.034109439700841925 0.054157510399818455 0.08795998245477676
v 0.0391553342342377 0.05025190487504009 0.08703020960092545
v 0.0391553342342377 0.0475198328495026 0.06985757499933243
v 0.034109439700841925 0.054157510399818455 0.08795998245477676
v 0.0391553342342377 0.0475198328495026 0.06985757499933243
v 0.034109439700841925 0.05142203718423847 0.070467509329319
v 0.034109439700841925 0.05142203718423847 0.070467509329319
v 0.0391553342342377 0.0475198328495026 0.06985757499933243
v 0.0391553342342377 0.04593568667769435 0.052596721798181534
v 0.034109439700841925 0.05142203718423847 0.070467509329319
v 0.0391553342342377 0.04593568667769435 0.052596721798181534
v 0.034109439700841925 0.04983438923954967 0.05288723483681679
v 0.034109439700841925 0.04983438923954967 0.05288723483681679
v 0.0391553342342377 0.04593568667769435 0.052596721798181534
v 0.03740938752889636 0.04690988734364513 0.03699997439980507
v 0.03740938752889636 0.04690988734364513 0.03699997439980507
v -0.058495674282312435 0.007499999832361942 0.19514873623847961
v -0.059999998658895534 0.007499999832361942 0.2084999978542328
v -0.05970015749335293 0.012499999254941949 0.20583882927894592
v -0.058495674282312435 0.012499999254941949 0.19514873623847961
v -0.058495674282312435 0.007499999832361942 0.19514873623847961
v -0.058495674282312435 0.012499999254941949 0.19514873623847961
v -0.05825643986463551 0.012499999254941949 0.19446507096290588
v -0.058495674282312435 0.007499999832361942 0.19514873623847961
v -0.05825643986463551 0.012499999254941949 0.19446507096290588
v -0.05405813083052639 0.007499999832361942 0.18246695399284363
v -0.05627295374870304 0.012499999254941949 0.18879655003547668
v -0.05424328520894054 0.012499999254941949 0.18299612402915955
v -0.05424328520894054 0.012499999254941949 0.18299612402915955
v -0.05405813083052639 0.012499999254941949 0.18246695399284363
v -0.05405813083052639 0.007499999832361942 0.18246695399284363
v -0.05405813083052639 0.007499999832361942 0.18246695399284363
v -0.05405813083052639 0.012499999254941949 0.18246695399284363
v -0.051030449569225346 0.012499999254941949 0.17764845490455627
v -0.04690988734364513 0.007499999832361942 0.17109063267707825
v -0.047656424343586 0.012499999254941949 0.1722787320613861
v -0.04690988734364513 0.012499999254941949 0.17109063267707825
v -0.04690988734364513 0.007499999832361942 0.17109063267707825
v -0.04690988734364513 0.012499999254941949 0.17109063267707825
v -0.04339492321014407 0.012499999254941949 0.1675756275653839
v -0.03740938752889636 0.007499999832361942 0.16159012913703918
v -0.0388697758316994 0.012499999254941949 0.16305050253868103
v -0.03740938752889636 0.012499999254941949 0.16159012913703918
v -0.03740938752889636 0.007499999832361942 0.16159012913703918
v -0.03740938752889636 0.012499999254941949 0.16159012913703918
v -0.03377642855048182 0.012499999254941949 0.15930739045143127
v -0.026033025234937685 0.007499999832361942 0.15444186329841614
v -0.02843128331005575 0.012499999254941949 0.15594878792762756
v -0.026033025234937685 0.012499999254941949 0.15444186329841614
v -0.026033025234937685 0.007499999832361942 0.15444186329841614
v -0.026033025234937685 0.012499999254941949 0.15444186329841614
v -0.02285622060298921 0.012499999254941949 0.1533302366733551
v -0.013351256027817735 0.007499999832361942 0.1500042974948883
v -0.02285622060298921 0.012499999254941949 0.1533302366733551
v -0.017105789855122577 0.012499999254941949 0.15131810307502747
v -0.013351256027817735 0.007499999832361942 0.1500042974948883
v -0.017105789855122577 0.012499999254941949 0.15131810307502747
v -0.013351256027817735 0.012499999254941949 0.1500042974948883
v -0.013351256027817735 0.007499999832361942 0.1500042974948883
v -0.013351256027817735 0.012499999254941949 0.1500042974948883
v 1.98753203961343e-17 0.007499999832361942 0.148499995470047
v 1.98753203961343e-17 0.007499999832361942 0.148499995470047
v -0.013351256027817735 0.012499999254941949 0.1500042974948883
v -0.00569715537130833 0.012499999254941949 0.14914193749427795
v -0.00569715537130833 0.012499999254941949 0.14914193749427795
v 2.4899602201891592e-17 0.012499999254941949 0.148499995470047
v 1.98753203961343e-17 0.007499999832361942 0.148499995470047
v 2.4899602201891592e-17 0.012499999254941949 0.148499995470047
v 0.005356745794415477 0.012499999254941949 0.1491035521030426
v 0.013351256027817735 0.007499999832361942 0.1500042974948883
v 0.011068009771406657 0.012499999254941949 0.14974704384803772
v 0.013351256027817735 0.012499999254941949 0.1500042974948883
v 0.013351256027817735 0.007499999832361942 0.1500042974948883
v 0.013351256027817735 0.012499999254941949 0.1500042974948883
v 0.016761889681220065 0.012499999254941949 0.15119776129722595
v 0.026033025234937685 0.007499999832361942 0.15444186329841614
v 0.022504353895783438 0.012499999254941949 0.15320715308189392
v 0.022504353895783438 0.012499999254941949 0.15320715308189392
v 0.026033025234937685 0.012499999254941949 0.15444186329841614
v 0.026033025234937685 0.007499999832361942 0.15444186329841614
v 0.026033025234937685 0.012499999254941949 0.15444186329841614
v 0.02811019308865072 0.012499999254941949 0.15574702620506287
v 0.03740938752889636 0.007499999832361942 0.16159012913703918
v 0.0334507152438164 0.012499999254941949 0.15910270810127258
v 0.04312047734856608 0.012499999254941949 0.167301207780838
v 0.04690988734364513 0.007499999832361942 0.17109063267707825
v 0.03859651833772662 0.012499999254941949 0.16277721524238586
v 0.03740938752889636 0.007499999832361942 0.16159012913703918
v 0.03859651833772662 0.012499999254941949 0.16277721524238586
v 0.03740938752889636 0.007499999832361942 0.16159012913703918
v 0.03740938752889636 0.012499999254941949 0.16159012913703918
v 0.03740938752889636 0.012499999254941949 0.16159012913703918
v 0.04690988734364513 0.012499999254941949 0.17109063267707825
v 0.04690988734364513 0.007499999832361942 0.17109063267707825
v 0.04690988734364513 0.012499999254941949 0.17109063267707825
v 0.04745157063007358 0.012499999254941949 0.17195269465446472
v 0.05405813083052639 0.007499999832361942 0.18246695399284363
v 0.04745157063007358 0.012499999254941949 0.17195269465446472
v 0.05082678794860843 0.012499999254941949 0.1773243248462677
v 0.05405813083052639 0.012499999254941949 0.18246695399284363
v 0.05405813083052639 0.012499999254941949 0.18246695399284363
v 0.054119434207677876 0.012499999254941949 0.1826421320438385
v 0.05405813083052639 0.007499999832361942 0.18246695399284363
v 0.05405813083052639 0.007499999832361942 0.18246695399284363
v 0.054119434207677876 0.012499999254941949 0.1826421320438385
v 0.05615095794200901 0.012499999254941949 0.18844792246818542
v 0.058495674282312435 0.007499999832361942 0.19514873623847961
v 0.0581380277872086 0.012499999254941949 0.19412663578987122
v 0.058495674282312435 0.012499999254941949 0.19514873623847961
v 0.058495674282312435 0.007499999832361942 0.19514873623847961
v 0.058495674282312435 0.012499999254941949 0.19514873623847961
v 0.059999998658895534 0.007499999832361942 0.2084999978542328
v 0.0596624501049519 0.012499999254941949 0.2055041491985321
v 0.059999998658895534 0.012499999254941949 0.2084999978542328
v 0.059999998658895534 0.007499999832361942 0.2084999978542328
v 0.059999998658895534 0.012499999254941949 0.2084999978542328
v 0.058495674282312435 0.007499999832361942 0.22185125946998596
v 0.05908707156777386 0.012499999254941949 0.21660247445106506
v 0.058495674282312435 0.012499999254941949 0.22185125946998596
v 0.054305180907249485 0.012499999254941949 0.23382702469825745
v 0.05405813083052639 0.007499999832361942 0.23453304171562195
v 0.056333877146244084 0.012499999254941949 0.22802934050559998
v 0.058495674282312435 0.007499999832361942 0.22185125946998596
v 0.05831553414464001 0.012499999254941949 0.222366064786911
v 0.058495674282312435 0.012499999254941949 0.22185125946998596
v 0.05405813083052639 0.012499999254941949 0.23453304171562195
v 0.05405813083052639 0.007499999832361942 0.23453304171562195
v 0.05405813083052639 0.012499999254941949 0.23453304171562195
v 0.051132198423147236 0.012499999254941949 0.23918959498405457
v 0.04690988734364513 0.007499999832361942 0.24590936303138733
v 0.04775885120034221 0.012499999254941949 0.24455824494361877
v 0.04690988734364513 0.012499999254941949 0.24590936303138733
v 0.04690988734364513 0.007499999832361942 0.24590936303138733
v 0.04690988734364513 0.012499999254941949 0.24590936303138733
v 0.04353211075067523 0.012499999254941949 0.24928715825080872
v 0.03740938752889636 0.007499999832361942 0.2554098665714264
v 0.03900647163391116 0.012499999254941949 0.2538128197193146
v 0.03900647163391116 0.012499999254941949 0.2538128197193146
v 0.03740938752889636 0.012499999254941949 0.2554098665714264
v 0.03740938752889636 0.007499999832361942 0.2554098665714264
v 0.03740938752889636 0.007499999832361942 0.2554098665714264
v 0.03740938752889636 0.012499999254941949 0.2554098665714264
v 0.03393932059407236 0.012499999254941949 0.25759026408195496
v 0.026033025234937685 0.007499999832361942 0.26255813241004944
v 0.02859198302030565 0.012499999254941949 0.2609502375125885
v 0.026033025234937685 0.012499999254941949 0.26255813241004944
v 0.026033025234937685 0.007499999832361942 0.26255813241004944
v 0.026033025234937685 0.012499999254941949 0.26255813241004944
v 0.023032274097204222 0.012499999254941949 0.2636081278324127
v 0.013351256027817735 0.007499999832361942 0.26699569821357727
v 0.023032274097204222 0.012499999254941949 0.2636081278324127
v 0.017277969047427188 0.012499999254941949 0.2656216323375702
v 0.017277969047427188 0.012499999254941949 0.2656216323375702
v 0.013351256027817735 0.012499999254941949 0.26699569821357727
v 0.013351256027817735 0.007499999832361942 0.26699569821357727
v 0.013351256027817735 0.007499999832361942 0.26699569821357727
v 0.013351256027817735 0.012499999254941949 0.26699569821357727
v 0.011595490388572223 0.012499999254941949 0.2671935260295868
v 5.179563459068197e-18 0.007499999832361942 0.2685000002384186
v 5.179563459068197e-18 0.007499999832361942 0.2685000002384186
v 0.011595490388572223 0.012499999254941949 0.2671935260295868
v 0.0035018171183764956 0.012499999254941949 0.2681054174900055
v 0.0035018171183764956 0.012499999254941949 0.2681054174900055
v 1.0203845264825489e-17 0.012499999254941949 0.2685000002384186
v 5.179563459068197e-18 0.007499999832361942 0.2685000002384186
v 1.0203845264825489e-17 0.012499999254941949 0.2685000002384186
v -0.0029645704198628686 0.012499999254941949 0.2681659758090973
v -0.013351256027817735 0.007499999832361942 0.26699569821357727
v -0.011797823943197736 0.012499999254941949 0.2671706974506378
v -0.013351256027817735 0.007499999832361942 0.26699569821357727
v -0.011797823943197736 0.012499999254941949 0.2671706974506378
v -0.013351256027817735 0.012499999254941949 0.26699569821357727
v -0.013351256027817735 0.007499999832361942 0.26699569821357727
v -0.013351256027817735 0.012499999254941949 0.26699569821357727
v -0.026033025234937685 0.007499999832361942 0.26255813241004944
v -0.02268024161458017 0.012499999254941949 0.26373133063316345
v -0.026033025234937685 0.012499999254941949 0.26255813241004944
v -0.026033025234937685 0.007499999832361942 0.26255813241004944
v -0.026033025234937685 0.012499999254941949 0.26255813241004944
v -0.02827067859470846 0.012499999254941949 0.26115211844444275
v -0.03740938752889636 0.007499999832361942 0.2554098665714264
v -0.03361354768276217 0.012499999254941949 0.25779494643211365
v -0.04325769841670993 0.012499999254941949 0.24956157803535461
v -0.04690988734364513 0.007499999832361942 0.24590936303138733
v -0.038733109831810025 0.012499999254941949 0.2540861666202545
v -0.03740938752889636 0.007499999832361942 0.2554098665714264
v -0.03740938752889636 0.012499999254941949 0.2554098665714264
v -0.03740938752889636 0.012499999254941949 0.2554098665714264
v -0.04690988734364513 0.012499999254941949 0.24590936303138733
v -0.04690988734364513 0.007499999832361942 0.24590936303138733
v -0.04690988734364513 0.012499999254941949 0.24590936303138733
v -0.0475539825856686 0.012499999254941949 0.24488434195518494
v -0.04690988734364513 0.007499999832361942 0.24590936303138733
v -0.0475539825856686 0.012499999254941949 0.24488434195518494
v -0.05405813083052639 0.007499999832361942 0.23453304171562195
v -0.050928626209497486 0.012499999254941949 0.2395136058330536
v -0.05405813083052639 0.012499999254941949 0.23453304171562195
v -0.058197256177663845 0.012499999254941949 0.22270408272743225
v -0.058495674282312435 0.007499999832361942 0.22185125946998596
v -0.05621196702122692 0.012499999254941949 0.22837772965431213
v -0.05405813083052639 0.007499999832361942 0.23453304171562195
v -0.05418135598301891 0.012499999254941949 0.23418083786964417
v -0.05418135598301891 0.012499999254941949 0.23418083786964417
v -0.05405813083052639 0.007499999832361942 0.23453304171562195
v -0.05405813083052639 0.012499999254941949 0.23453304171562195
v -0.058495674282312435 0.012499999254941949 0.22185125946998596
v -0.058495674282312435 0.007499999832361942 0.22185125946998596
v -0.058495674282312435 0.012499999254941949 0.22185125946998596
v -0.059048019349575084 0.012499999254941949 0.21694907546043396
v -0.059999998658895534 0.007499999832361942 0.2084999978542328
v -0.059999998658895534 0.012499999254941949 0.2084999978542328
v -0.059999998658895534 0.012499999254941949 0.2084999978542328
v 0.013351256027817735 0.007499999832361942 0.26699569821357727
v 5.179563459068197e-18 0.007499999832361942 0.2685000002384186
v 0.026033025234937685 0.007499999832361942 0.15444186329841614
v 0.013351256027817735 0.007499999832361942 0.1500042974948883
v 0.03740938752889636 0.007499999832361942 0.2554098665714264
v 0.026033025234937685 0.007499999832361942 0.26255813241004944
v 0.04690988734364513 0.007499999832361942 0.17109063267707825
v -0.026033025234937685 0.007499999832361942 0.15444186329841614
v -0.013351256027817735 0.007499999832361942 0.1500042974948883
v 1.98753203961343e-17 0.007499999832361942 0.148499995470047
v 0.03740938752889636 0.007499999832361942 0.16159012913703918
v -0.013351256027817735 0.007499999832361942 0.26699569821357727
v -0.026033025234937685 0.007499999832361942 0.26255813241004944
v -0.03740938752889636 0.007499999832361942 0.16159012913703918
v -0.04690988734364513 0.007499999832361942 0.17109063267707825
v 0.05405813083052639 0.007499999832361942 0.18246695399284363
v 0.058495674282312435 0.007499999832361942 0.19514873623847961
v 0.059999998658895534 0.007499999832361942 0.2084999978542328
v -0.05405813083052639 0.007499999832361942 0.18246695399284363
v -0.03740938752889636 0.007499999832361942 0.2554098665714264
v -0.04690988734364513 0.007499999832361942 0.24590936303138733
v -0.05405813083052639 0.007499999832361942 0.23453304171562195
v -0.058495674282312435 0.007499999832361942 0.22185125946998596
v -0.058495674282312435 0.007499999832361942 0.19514873623847961
v -0.059999998658895534 0.007499999832361942 0.2084999978542328
v 0.058495674282312435 0.007499999832361942 0.22185125946998596
v 0.05405813083052639 0.007499999832361942 0.23453304171562195
v 0.04690988734364513 0.007499999832361942 0.24590936303138733
v -0.006266661453992133 -0.04960573464632038 -2.574920721087892e-08
v -1.836969948005508e-17 -0.050000000745058094 -2.574920721087892e-08
v -6.123244189093194e-18 -0.050000000745058094 0.016999993473291397
v -6.123244189093194e-18 -0.050000000745058094 0.016999993473291397
v -1.836969948005508e-17 -0.050000000745058094 -2.574920721087892e-08
v 0.006266661453992133 -0.04960573464632038 0.016999993473291397
v -0.006266661453992133 -0.04960573464632038 0.016999993473291397
v -0.006266661453992133 -0.04960573464632038 -2.574920721087892e-08
v -0.006266661453992133 -0.04960573464632038 0.016999993473291397
v -0.01840622723102571 -0.04648882523179057 0.016999993473291397
v -0.01840622723102571 -0.04648882523179057 -2.574920721087892e-08
v -0.01840622723102571 -0.04648882523179057 -2.574920721087892e-08
v -0.01840622723102571 -0.04648882523179057 0.016999993473291397
v -0.029389262199401876 -0.04045084863901141 0.016999993473291397
v -0.029389262199401876 -0.04045084863901141 -2.574920721087892e-08
v -0.029389262199401876 -0.04045084863901141 -2.574920721087892e-08
v -0.029389262199401876 -0.04045084863901141 0.016999993473291397
v -0.038525663316249875 -0.03187119960784914 0.016999993473291397
v -0.038525663316249875 -0.03187119960784914 -2.574920721087892e-08
v -0.038525663316249875 -0.03187119960784914 -2.574920721087892e-08
v -0.038525663316249875 -0.03187119960784914 0.016999993473291397
v -0.04524135217070582 -0.021288964897394194 0.016999993473291397
v -0.04524135217070582 -0.021288964897394194 -2.574920721087892e-08
v -0.04524135217070582 -0.021288964897394194 -2.574920721087892e-08
v -0.04524135217070582 -0.021288964897394194 0.016999993473291397
v -0.049114361405372654 -0.009369065985083587 0.016999993473291397
v -0.049114361405372654 -0.009369065985083587 -2.574920721087892e-08
v -0.049114361405372654 -0.009369065985083587 -2.574920721087892e-08
v -0.049114361405372654 -0.009369065985083587 0.016999993473291397
v -0.04990133643150333 0.0031395258847624085 0.016999993473291397
v -0.04990133643150333 0.0031395258847624085 -2.574920721087892e-08
v -0.04990133643150333 0.0031395258847624085 -2.574920721087892e-08
v -0.04990133643150333 0.0031395258847624085 0.016999993473291397
v -0.04755282402038578 0.015450850129127513 0.016999993473291397
v -0.04755282402038578 0.015450850129127513 -2.574920721087892e-08
v -0.04755282402038578 0.015450850129127513 -2.574920721087892e-08
v -0.04755282402038578 0.015450850129127513 0.016999993473291397
v -0.042216397821903257 0.026791339740157145 0.016999993473291397
v -0.042216397821903257 0.026791339740157145 -2.574920721087892e-08
v -0.042216397821903257 0.026791339740157145 -2.574920721087892e-08
v -0.042216397821903257 0.026791339740157145 0.016999993473291397
v -0.03422735631465914 0.03644843026995661 0.016999993473291397
v -0.03422735631465914 0.03644843026995661 -2.574920721087892e-08
v -0.03422735631465914 0.03644843026995661 -2.574920721087892e-08
v -0.03422735631465914 0.03644843026995661 0.016999993473291397
v -0.02408768422901632 0.04381533339619639 0.016999993473291397
v -0.02408768422901632 0.04381533339619639 -2.574920721087892e-08
v -0.02408768422901632 0.04381533339619639 -2.574920721087892e-08
v -0.02408768422901632 0.04381533339619639 0.016999993473291397
v -0.01243449468165637 0.04842915758490566 0.016999993473291397
v -0.01243449468165637 0.04842915758490566 -2.574920721087892e-08
v -0.01243449468165637 0.04842915758490566 -2.574920721087892e-08
v -0.01243449468165637 0.04842915758490566 0.016999993473291397
v 9.95263757831103e-24 0.050000000745058094 0.016999993473291397
v 9.95263757831103e-24 0.050000000745058094 -2.574920721087892e-08
v 9.95263757831103e-24 0.050000000745058094 -2.574920721087892e-08
v 9.95263757831103e-24 0.050000000745058094 0.016999993473291397
v 0.01243449468165637 0.04842915758490566 0.016999993473291397
v 0.01243449468165637 0.04842915758490566 -2.574920721087892e-08
v 0.01243449468165637 0.04842915758490566 -2.574920721087892e-08
v 0.01243449468165637 0.04842915758490566 0.016999993473291397
v 0.02408768422901632 0.04381533339619639 0.016999993473291397
v 0.02408768422901632 0.04381533339619639 -2.574920721087892e-08
v 0.02408768422901632 0.04381533339619639 -2.574920721087892e-08
v 0.02408768422901632 0.04381533339619639 0.016999993473291397
v 0.03422735631465914 0.03644843026995661 0.016999993473291397
v 0.03422735631465914 0.03644843026995661 -2.574920721087892e-08
v 0.03422735631465914 0.03644843026995661 -2.574920721087892e-08
v 0.03422735631465914 0.03644843026995661 0.016999993473291397
v 0.042216397821903257 0.026791339740157145 0.016999993473291397
v 0.042216397821903257 0.026791339740157145 -2.574920721087892e-08
v 0.042216397821903257 0.026791339740157145 -2.574920721087892e-08
v 0.042216397821903257 0.026791339740157145 0.016999993473291397
v 0.04755282402038578 0.015450850129127513 0.016999993473291397
v 0.04755282402038578 0.015450850129127513 -2.574920721087892e-08
v 0.04755282402038578 0.015450850129127513 -2.574920721087892e-08
v 0.04755282402038578 0.015450850129127513 0.016999993473291397
v 0.04990133643150333 0.0031395258847624085 0.016999993473291397
v 0.04990133643150333 0.0031395258847624085 -2.574920721087892e-08
v 0.04990133643150333 0.0031395258847624085 -2.574920721087892e-08
v 0.04990133643150333 0.0031395258847624085 0.016999993473291397
v 0.049114361405372654 -0.009369065985083587 0.016999993473291397
v 0.049114361405372654 -0.009369065985083587 -2.574920721087892e-08
v 0.049114361405372654 -0.009369065985083587 -2.574920721087892e-08
v 0.049114361405372654 -0.009369065985083587 0.016999993473291397
v 0.04524135217070582 -0.021288964897394194 0.016999993473291397
v 0.04524135217070582 -0.021288964897394194 -2.574920721087892e-08
v 0.04524135217070582 -0.021288964897394194 -2.574920721087892e-08
v 0.04524135217070582 -0.021288964897394194 0.016999993473291397
v 0.038525663316249875 -0.03187119960784914 0.016999993473291397
v 0.038525663316249875 -0.03187119960784914 -2.574920721087892e-08
v 0.038525663316249875 -0.03187119960784914 -2.574920721087892e-08
v 0.038525663316249875 -0.03187119960784914 0.016999993473291397
v 0.029389262199401876 -0.04045084863901141 0.016999993473291397
v 0.029389262199401876 -0.04045084863901141 -2.574920721087892e-08
v 0.029389262199401876 -0.04045084863901141 -2.574920721087892e-08
v 0.029389262199401876 -0.04045084863901141 0.016999993473291397
v 0.01840622723102571 -0.04648882523179057 0.016999993473291397
v 0.01840622723102571 -0.04648882523179057 -2.574920721087892e-08
v 0.01840622723102571 -0.04648882523179057 -2.574920721087892e-08
v 0.01840622723102571 -0.04648882523179057 0.016999993473291397
v 0.006266661453992133 -0.04960573464632038 0.016999993473291397
v 0.006266661453992133 -0.04960573464632038 -2.574920721087892e-08
v 0.006266661453992133 -0.04960573464632038 -2.574920721087892e-08
v -0.01243449468165637 0.04842915758490566 -2.574920721087892e-08
v 9.95263757831103e-24 0.050000000745058094 -2.574920721087892e-08
v -0.006266661453992133 -0.04960573464632038 -2.574920721087892e-08
v 0.01243449468165637 0.04842915758490566 -2.574920721087892e-08
v 0.006266661453992133 -0.04960573464632038 -2.574920721087892e-08
v -1.836969948005508e-17 -0.050000000745058094 -2.574920721087892e-08
v 0.042216397821903257 0.026791339740157145 -2.574920721087892e-08
v 0.04755282402038578 0.015450850129127513 -2.574920721087892e-08
v 0.04990133643150333 0.0031395258847624085 -2.574920721087892e-08
v 0.04524135217070582 -0.021288964897394194 -2.574920721087892e-08
v 0.038525663316249875 -0.03187119960784914 -2.574920721087892e-08
v 0.03422735631465914 0.03644843026995661 -2.574920721087892e-08
v 0.029389262199401876 -0.04045084863901141 -2.574920721087892e-08
v 0.02408768422901632 0.04381533339619639 -2.574920721087892e-08
v 0.01840622723102571 -0.04648882523179057 -2.574920721087892e-08
v 0.049114361405372654 -0.009369065985083587 -2.574920721087892e-08
v -0.01840622723102571 -0.04648882523179057 -2.574920721087892e-08
v -0.029389262199401876 -0.04045084863901141 -2.574920721087892e-08
v -0.038525663316249875 -0.03187119960784914 -2.574920721087892e-08
v -0.04524135217070582 -0.021288964897394194 -2.574920721087892e-08
v -0.049114361405372654 -0.009369065985083587 -2.574920721087892e-08
v -0.04990133643150333 0.0031395258847624085 -2.574920721087892e-08
v -0.04755282402038578 0.015450850129127513 -2.574920721087892e-08
v -0.042216397821903257 0.026791339740157145 -2.574920721087892e-08
v -0.02408768422901632 0.04381533339619639 -2.574920721087892e-08
v -0.03422735631465914 0.03644843026995661 -2.574920721087892e-08
usemtl material_DefaultMaterial
f 1 2 3
f 3 2 4
f 3 4 5
f 5 4 6
f 5 6 7
f 7 6 8
f 7 8 9
f 9 8 10
f 9 10 11
f 11 10 12
f 11 12 13
f 13 12 14
f 13 14 15
f 15 14 16
f 15 16 17
f 17 16 18
f 17 18 19
f 19 18 20
f 19 20 21
f 21 20 22
f 21 22 23
f 23 22 24
f 23 24 25
f 25 24 26
f 25 26 27
f 27 26 28
f 27 28 29
f 29 28 30
f 29 30 31
f 31 30 32
f 31 32 33
f 33 32 34
f 33 34 35
f 35 34 36
f 35 36 37
f 36 38 37
f 37 38 39
f 37 39 40
f 40 39 41
f 40 41 42
f 42 41 43
f 42 43 44
f 44 43 45
f 44 45 46
f 46 45 47
f 46 47 48
f 48 47 49
f 48 49 50
f 50 49 51
f 50 51 52
f 52 51 53
f 52 53 1
f 1 53 54
f 1 54 2
f 55 56 57
f 57 56 58
f 57 58 59
f 59 58 60
f 61 62 63
f 63 62 64
f 63 64 65
f 66 67 68
f 68 67 69
f 68 69 70
f 70 69 71
f 64 72 65
f 73 74 75
f 75 74 76
f 75 76 77
f 78 79 80
f 80 79 81
f 80 81 82
f 82 81 83
f 76 84 77
f 85 86 87
f 87 86 88
f 87 88 89
f 90 91 92
f 92 91 93
f 88 94 89
f 95 96 97
f 98 99 100
f 98 100 101
f 101 100 102
f 90 103 91
f 104 105 106
f 104 106 97
f 97 106 107
f 97 107 95
f 108 109 110
f 110 109 111
f 110 111 112
f 113 114 115
f 115 114 116
f 115 116 117
f 117 116 118
f 111 119 112
f 120 121 122
f 122 121 123
f 122 123 124
f 125 126 127
f 127 126 128
f 127 128 129
f 129 128 130
f 123 131 124
f 132 133 134
f 134 133 135
f 134 135 136
f 137 138 139
f 139 138 140
f 139 140 141
f 141 140 142
f 135 143 136
f 144 145 146
f 146 145 147
f 146 147 148
f 149 150 151
f 151 150 152
f 151 152 153
f 154 155 156
f 156 155 157
f 156 157 158
f 158 157 159
f 152 160 153
f 161 162 163
f 163 162 164
f 163 164 165
f 166 167 168
f 168 167 169
f 169 170 168
f 168 170 171
f 164 172 165
f 173 174 175
f 175 174 176
f 166 177 167
f 178 179 180
f 180 179 181
f 173 182 174
f 183 184 185
f 185 184 186
f 185 186 187
f 187 186 188
f 178 189 179
f 190 191 192
f 192 191 193
f 192 193 194
f 194 193 195
f 185 196 183
f 197 198 199
f 199 198 200
f 199 200 201
f 202 203 204
f 204 203 205
f 204 205 206
f 206 205 207
f 200 208 201
f 209 210 211
f 211 210 212
f 211 212 213
f 214 215 216
f 217 218 219
f 220 221 222
f 223 224 225
f 212 226 213
f 227 228 229
f 230 231 232
f 233 234 235
f 236 237 238
f 239 240 241
f 242 243 244
f 245 246 247
f 248 249 250
f 234 233 251
f 252 253 254
f 255 256 257
f 258 259 260
f 261 262 263
f 264 265 266
f 267 268 269
f 270 271 272
f 273 274 275
f 276 277 278
f 279 280 281
f 282 283 284
f 285 286 287
f 288 289 290
f 291 292 293
f 294 295 296
f 297 298 299
f 300 301 302
f 303 304 305
f 306 307 308
f 309 310 311
f 312 313 314
f 315 316 317
f 318 319 320
f 321 322 323
f 324 325 326
f 326 325 327
f 328 329 330
f 331 332 333
f 334 335 336
f 337 338 339
f 340 341 342
f 343 344 345
f 346 347 348
f 349 350 351
f 352 353 354
f 352 354 355
f 356 357 358
f 359 360 361
f 362 363 364
f 365 366 367
f 365 367 368
f 369 370 371
f 372 373 374
f 375 376 377
f 378 379 380
f 378 380 381
f 382 383 384
f 385 386 387
f 388 389 390
f 391 392 393
f 391 393 394
f 395 396 397
f 398 399 400
f 401 402 403
f 404 405 406
f 407 408 409
f 410 411 412
f 410 412 413
f 414 415 416
f 416 415 417
f 418 419 420
f 421 422 423
f 421 423 424
f 425 426 427
f 428 429 430
f 431 432 433
f 434 435 436
f 437 438 439
f 440 441 442
f 443 444 445
f 446 447 448
f 449 450 451
f 452 453 454
f 455 456 457
f 450 458 451
f 459 460 461
f 462 463 464
f 462 464 465
f 466 467 468
f 468 467 469
f 470 471 472
f 473 474 475
f 476 477 478
f 479 480 481
f 479 481 482
f 483 484 485
f 486 487 488
f 489 490 491
f 492 493 494
f 495 496 497
f 495 497 498
f 499 500 501
f 502 503 504
f 505 506 507
f 507 506 508
f 509 510 511
f 512 513 514
f 515 516 517
f 518 519 520
f 521 522 523
f 524 525 526
f 527 528 529
f 530 531 532
f 533 534 535
f 536 537 538
f 536 538 539
f 540 541 542
f 542 541 543
f 544 545 546
f 547 548 549
f 550 551 552
f 553 554 555
f 556 557 558
f 559 560 561
f 559 561 562
f 563 564 565
f 566 567 568
f 569 570 571
f 572 573 574
f 575 576 577
f 577 576 578
f 579 580 581
f 582 583 584
f 585 586 587
f 588 589 590
f 591 592 593
f 594 595 596
f 597 598 599
f 600 601 602
f 603 604 605
f 606 607 608
f 608 607 609
f 610 611 612
f 613 614 615
f 616 617 618
f 619 620 621
f 621 620 622
f 623 624 625
f 626 627 628
f 629 630 631
f 632 633 634
f 634 633 635
f 636 637 638
f 639 640 641
f 642 643 644
f 645 646 647
f 647 646 648
f 649 650 651
f 652 653 654
f 655 656 657
f 658 659 660
f 661 662 663
f 664 665 666
f 659 667 660
f 668 669 670
f 671 672 673
f 674 675 676
f 677 678 679
f 680 681 682
f 683 684 685
f 686 687 688
f 689 690 691
f 692 693 694
f 695 696 697
f 698 699 700
f 701 702 703
f 704 705 706
f 707 708 709
f 710 711 712
f 713 714 715
f 716 717 718
f 719 720 721
f 722 723 724
f 725 726 727
f 728 729 730
f 731 732 733
f 734 735 736
f 737 738 739
f 740 741 742
f 743 744 745
f 746 747 748
f 749 750 751
f 752 753 754
f 755 756 757
f 758 759 760
f 761 762 763
f 764 765 766
f 767 768 769
f 770 771 772
f 773 774 775
f 776 777 778
f 779 780 781
f 782 783 784
f 785 786 787
f 788 789 790
f 791 792 793
f 794 795 796
f 797 798 799
f 800 801 802
f 803 804 805
f 806 807 808
f 809 810 811
f 812 813 814
f 815 816 817
f 818 819 820
f 821 822 823
f 824 825 826
f 827 828 829
f 830 831 832
f 833 834 835
f 836 837 838
f 839 840 841
f 842 843 844
f 845 846 847
f 848 849 850
f 851 852 853
f 854 855 856
f 857 858 859
f 860 861 862
f 863 864 865
f 866 867 868
f 869 870 871
f 872 873 874
f 875 876 877
f 878 879 880
f 881 882 883
f 884 885 886
f 887 888 889
f 890 891 892
f 893 894 895
f 896 897 898
f 899 900 901
f 902 903 904
f 905 906 907
f 908 909 910
f 911 912 913
f 913 912 914
f 915 916 917
f 918 919 920
f 921 922 923
f 924 925 926
f 927 928 929
f 930 931 932
f 933 934 935
f 936 937 938
f 939 940 941
f 942 943 944
f 945 946 947
f 948 949 950
f 951 952 953
f 954 955 956
f 957 958 959
f 960 961 962
f 963 964 965
f 966 967 968
f 969 970 971
f 972 973 974
f 975 976 977
f 978 979 980
f 981 982 983
f 984 985 986
f 987 988 989
f 990 991 992
f 993 994 995
f 996 997 998
f 999 1000 1001
f 1002 1003 1004
f 1005 1006 1007
f 1008 1009 1010
f 1011 1012 1013
f 1014 1015 1016
f 1017 1018 1019
f 1020 1021 1022
f 1023 1024 1025
f 1026 1027 1028
f 1029 1030 1031
f 1032 1033 1034
f 1035 1036 1037
f 1038 1039 1040
f 1041 1042 1043
f 1044 1045 1046
f 1047 1048 1049
f 1050 1051 1052
f 1053 1054 1055
f 1056 1057 1058
f 861 1059 862
f 1060 1061 1062
f 1063 1064 1065
f 1066 1067 1068
f 1069 1070 1071
f 1072 1073 1074
f 1075 1076 1077
f 1078 1079 1080
f 1081 1082 1083
f 1084 1085 1086
f 1087 1088 1089
f 1090 1091 1092
f 1093 1094 1095
f 1096 1097 1098
f 1099 1100 1101
f 1102 1103 1104
f 1105 1106 1107
f 1108 1109 1110
f 1111 1112 1113
f 1114 1115 1116
f 1117 1118 1119
f 1120 1121 1122
f 1123 1124 1125
f 1126 1127 1128
f 1129 1130 1131
f 1132 1133 1134
f 1135 1136 1137
f 1138 1139 1140
f 1141 1142 1143
f 1144 1145 1146
f 1147 1148 1149
f 1150 1151 1152
f 1153 1154 1155
f 1155 1154 1156
f 1157 1158 1159
f 1160 1161 1162
f 1163 1164 1165
f 1166 1167 1168
f 1169 1170 1171
f 1172 1173 1174
f 1172 1174 1175
f 1176 1177 1178
f 1179 1180 1181
f 1182 1183 1184
f 1185 1186 1187
f 1188 1189 1190
f 1191 1192 1193
f 1194 1195 1196
f 1197 1198 1199
f 1200 1201 1202
f 1203 1204 1205
f 1206 1207 1208
f 1209 1210 1211
f 1212 1213 1214
f 1215 1216 1217
f 1218 1219 1220
f 1221 1222 1223
f 1224 1225 1226
f 1227 1228 1229
f 1230 1231 1232
f 1233 1234 1235
f 1236 1237 1238
f 1239 1240 1241
f 1242 1243 1244
f 318 1245 319
f 1246 1247 1248
f 1249 1250 1251
f 1252 1253 1254
f 1255 1256 1257
f 1258 1259 1260
f 1261 1262 1263
f 1264 1265 1266
f 1267 1268 1269
f 1270 1271 1272
f 1273 1274 1275
f 1276 1277 1278
f 1279 1280 1281
f 1282 1283 1284
f 1285 1286 1287
f 1288 1289 1290
f 1291 1292 1293
f 1294 1295 1296
f 1297 1298 1299
f 1300 1301 1302
f 1303 1304 1305
f 1306 1307 1308
f 1309 1310 1311
f 1312 1313 1314
f 1315 1316 1317
f 1318 1319 1320
f 1321 1322 1323
f 1324 1325 1326
f 1327 1328 1329
f 1330 1331 1332
f 1333 1334 1335
f 1336 1337 1338
f 1339 1340 1341
f 1342 1343 1344
f 1345 1346 1347
f 1348 1349 1350
f 1351 1352 1353
f 1354 1355 1356
f 1357 1358 1359
f 1360 1361 1362
f 1363 1364 1365
f 1366 1367 1368
f 1369 1370 1371
f 1372 1373 1374
f 1375 1376 1377
f 1378 1379 1380
f 1381 1382 1383
f 1384 1385 1386
f 1387 1388 1389
f 1390 1391 1392
f 1393 1394 1395
f 1396 1397 1398
f 1399 1400 1401
f 1402 1403 1404
f 1405 1406 1407
f 1408 1409 1410
f 1411 1412 1413
f 1414 1415 1416
f 1417 1418 1419
f 1420 1421 1422
f 1423 1424 1425
f 1426 1427 1428
f 1429 1430 1431
f 1432 1433 1434
f 1435 1436 1437
f 1438 1439 1440
f 1441 1442 1443
f 1444 1445 1446
f 1447 1448 1449
f 1450 1451 1452
f 1453 1454 1455
f 1456 1457 1458
f 1459 1460 1461
f 1462 1463 1464
f 1465 1466 1467
f 1468 1469 1470
f 1471 1472 1473
f 1474 1475 1476
f 1477 1478 1479
f 1480 1481 1482
f 1483 1484 1485
f 1486 1487 1488
f 1489 1490 1491
f 1492 1493 1494
f 1495 1496 1497
f 1498 1499 1500
f 1501 1502 1503
f 1504 1505 1506
f 1507 1508 1509
f 1510 1511 1512
f 1513 1514 1515
f 1516 1517 1518
f 1519 1520 1521
f 1522 1523 1524
f 1525 1526 1527
f 1528 1529 1530
f 1531 1532 1533
f 1534 1535 1536
f 1537 1538 1539
f 1540 1541 1542
f 1543 1544 1545
f 1546 1547 1548
f 1549 1550 1551
f 1552 1553 1554
f 1555 1556 1557
f 1558 1559 1560
f 1561 1562 1563
f 1564 1565 1566
f 1567 1568 1569
f 1570 1571 1572
f 1573 1574 1575
f 1576 1577 1578
f 1579 1580 1581
f 1582 1583 1584
f 1585 1586 1587
f 1588 1589 1590
f 1591 1592 1593
f 1594 1595 1596
f 1597 1598 1599
f 1600 1601 1602
f 1603 1604 1605
f 1606 1607 1608
f 1609 1610 1611
f 1612 1613 1614
f 1615 1616 1617
f 1618 1619 1620
f 1621 1622 1623
f 1624 1625 1626
f 1627 1628 1629
f 1630 1631 1632
f 1633 1634 1635
f 1636 1637 1638
f 1639 1640 1641
f 1642 1643 1644
f 1645 1646 1647
f 1648 1649 1650
f 1651 1652 1653
f 1654 1655 1656
f 1657 1658 1659
f 1660 1661 1662
f 1663 1664 1665
f 1666 1667 1668
f 1669 1670 1671
f 1672 1673 1674
f 1675 1676 1677
f 1678 1679 1680
f 1681 1682 1683
f 1684 1685 1686
f 1687 1688 1689
f 1690 1691 1692
f 1693 1694 1695
f 1696 1697 1698
f 1699 1700 1701
f 1702 1703 1704
f 1705 1706 1707
f 1708 1709 1710
f 1711 1712 1713
f 1714 1715 1716
f 1717 1718 1719
f 1720 1721 1722
f 1723 1724 1725
f 1726 1727 1728
f 1729 1730 1731
f 1732 1733 1734
f 1735 1736 1737
f 1738 1739 1740
f 1741 1742 1743
f 1744 1745 1746
f 1747 1748 1749
f 1750 1751 1752
f 1753 1754 1755
f 1756 1757 1758
f 1759 1760 1761
f 1762 1763 1764
f 1765 1766 1767
f 1768 1769 1770
f 1771 1772 1773
f 1774 1775 1776
f 1777 1778 1779
f 1780 1781 1782
f 1783 1784 1785
f 1786 1787 1788
f 1789 1790 1791
f 1792 1793 1794
f 1795 1796 1797
f 1798 1799 1800
f 1801 1802 1803
f 1804 1805 1806
f 1807 1808 1809
f 1810 1811 1812
f 1813 1814 1815
f 1816 1817 1818
f 1819 1820 1821
f 1822 1823 1824
f 1825 1826 1827
f 1828 1829 1830
f 1831 1832 1833
f 1834 1835 1836
f 1837 1838 1839
f 1840 1841 1842
f 1843 1844 1845
f 1846 1847 1848
f 1849 1850 1851
f 1852 1853 1854
f 1855 1856 1857
f 1858 1859 1860
f 1861 1862 1863
f 1864 1865 1866
f 1867 1868 1869
f 1870 1871 1872
f 1873 1874 1875
f 1876 1877 1878
f 1879 1880 1881
f 1882 1883 1884
f 1885 1886 1887
f 1888 1889 1890
f 1891 1892 1893
f 1894 1895 1896
f 1897 1898 1899
f 1900 1901 1902
f 1903 1904 1905
f 1906 1907 1908
f 1909 1910 1911
f 1912 1913 1914
f 1915 1916 1917
f 1918 1919 1920
f 1921 1922 1923
f 1924 1925 1926
f 1927 1928 1929
f 1930 1931 1932
f 1933 1934 1935
f 1936 1937 1938
f 1939 1940 1941
f 1942 1943 1944
f 1945 1946 1947
f 1948 1949 1950
f 1951 1952 1953
f 1954 1955 1956
f 1957 1958 1959
f 1960 1961 1962
f 1963 1964 1965
f 1966 1967 1968
f 1969 1970 1971
f 1972 1973 1974
f 1975 1976 1977
f 1978 1979 1980
f 1981 1982 1983
f 1984 1985 1986
f 1987 1988 1989
f 1990 1991 1992
f 1993 1994 1995
f 1996 1997 1998
f 1999 2000 2001
f 2002 2003 2004
f 2005 2006 2007
f 2008 2009 2010
f 2011 2012 2013
f 2014 2015 2016
f 2017 2018 2019
f 2020 2021 2022
f 2023 2024 2025
f 2026 2027 2028
f 2029 2030 2031
f 2032 2033 2034
f 2035 2036 2037
f 2037 2036 2038
f 304 2039 305
f 2040 2041 2042
f 2043 2044 2045
f 2046 2047 2048
f 2049 2050 2051
f 2052 2053 2054
f 2055 2056 2057
f 2058 2059 2060
f 2061 2062 2063
f 2064 2065 2066
f 2067 2068 2069
f 2070 2071 2072
f 2073 2074 2075
f 2076 2077 2078
f 2079 2080 2081
f 2082 2083 2084
f 2085 2086 2087
f 2088 2089 2090
f 2091 2092 2093
f 2094 2095 2096
f 2097 2098 2099
f 2100 2101 2102
f 2103 2104 2105
f 2106 2107 2108
f 2109 2110 2111
f 2112 2113 2114
f 2115 2116 2117
f 2118 2119 2120
f 2121 2122 2123
f 2124 2125 2126
f 2127 2128 2129
f 2130 2131 2132
f 2133 2134 2135
f 2136 2137 2138
f 2139 2140 2141
f 2142 2143 2144
f 2145 2146 2147
f 2148 2149 2150
f 2151 2152 2153
f 2154 2155 2156
f 2157 2158 2159
f 2160 2161 2162
f 2163 2164 2165
f 2166 2167 2168
f 2169 2170 2171
f 2172 2173 2174
f 2175 2176 2177
f 2178 2179 2180
f 2181 2182 2183
f 2184 2185 2186
f 2187 2188 2189
f 2190 2191 2192
f 2193 2194 2195
f 2196 2197 2198
f 2199 2200 2201
f 2202 2203 2204
f 2205 2206 2207
f 2208 2209 2210
f 2211 2212 2213
f 2214 2215 2216
f 2217 2218 2219
f 2220 2221 2222
f 2223 2224 2225
f 2226 2227 2228
f 2229 2230 2231
f 2232 2233 2234
f 2235 2236 2237
f 2238 2239 2240
f 2241 2242 2243
f 2244 2245 2246
f 2247 2248 2249
f 2250 2251 2252
f 2253 2254 2255
f 2256 2257 2258
f 2259 2260 2261
f 2262 2263 2264
f 2265 2266 2267
f 2268 2269 2270
f 2271 2272 2273
f 2274 2275 2276
f 2277 2278 2279
f 2280 2281 2282
f 2283 2284 2285
f 2286 2287 2288
f 2289 2290 2291
f 2292 2293 2294
f 2295 2296 2297
f 2298 2299 2300
f 2301 2302 2303
f 2304 2305 2306
f 2307 2308 2309
f 2310 2311 2312
f 2313 2314 2315
f 2316 2317 2318
f 2319 2320 2321
f 2322 2323 2324
f 2325 2326 2327
f 2328 2329 2330
f 2331 2332 2333
f 2334 2335 2336
f 2337 2338 2339
f 2340 2341 2342
f 2343 2344 2345
f 2346 2347 2348
f 2349 2350 2351
f 2352 2353 2354
f 2355 2356 2357
f 2358 2359 2360
f 2361 2362 2363
f 2364 2365 2366
f 2367 2368 2369
f 2370 2371 2372
f 2373 2374 2375
f 2376 2377 2378
f 2379 2380 2381
f 2382 2383 2384
f 2385 2386 2387
f 2388 2389 2390
f 2391 2392 2393
f 2394 2395 2396
f 2397 2398 2399
f 2400 2401 2402
f 2403 2404 2405
f 2406 2407 2408
f 2409 2410 2411
f 2412 2413 2414
f 2415 2416 2417
f 2368 2418 2369
f 2419 2420 2421
f 2422 2423 2424
f 2425 2426 2427
f 2428 2429 2430
f 2431 2432 2433
f 2434 2435 2436
f 2437 2438 2439
f 2440 2441 2442
f 2443 2444 2445
f 2446 2447 2448
f 2449 2450 2451
f 2452 2453 2454
f 2455 2456 2457
f 2458 2459 2460
f 2461 2462 2463
f 2464 2465 2466
f 2467 2468 2469
f 2470 2471 2472
f 2473 2474 2475
f 2476 2477 2478
f 2479 2480 2481
f 2482 2483 2484
f 295 2485 296
f 2486 2487 2488
f 2489 2490 2491
f 2492 2493 2494
f 2495 2496 2497
f 2498 2499 2500
f 2501 2502 2503
f 2504 2505 2506
f 2507 2508 2509
f 2510 2511 2512
f 2513 2514 2515
f 2516 2517 2518
f 2519 2520 2521
f 2522 2523 2524
f 298 2525 299
f 2526 2527 2528
f 2529 2530 2531
f 2532 2533 2534
f 2535 2536 2537
f 2538 2539 2540
f 2541 2542 2543
f 2544 2545 2546
f 2547 2548 2549
f 2550 2551 2552
f 2553 2554 2555
f 2556 2557 2558
f 2559 2560 2561
f 2562 2563 2564
f 2565 2566 2567
f 2568 2569 2570
f 2571 2572 2573
f 2574 2575 2576
f 2577 2578 2579
f 2580 2581 2582
f 2583 2584 2585
f 2586 2587 2588
f 2589 2590 2591
f 2592 2593 2594
f 2595 2596 2597
f 2598 2599 2600
f 2601 2602 2603
f 2604 2605 2606
f 2607 2608 2609
f 2610 2611 2612
f 2613 2614 2615
f 2616 2617 2618
f 2619 2620 2621
f 2622 2623 2624
f 2625 2626 2627
f 2628 2629 2630
f 2631 2632 2633
f 2634 2635 2636
f 2637 2638 2639
f 2640 2641 2642
f 2643 2644 2645
f 2646 2647 2648
f 2649 2650 2651
f 2652 2653 2654
f 2655 2656 2657
f 2658 2659 2660
f 2661 2662 2663
f 2664 2665 2666
f 2667 2668 2669
f 2670 2671 2672
f 2673 2674 2675
f 2676 2677 2678
f 2679 2680 2681
f 2682 2683 2684
f 2685 2686 2687
f 2688 2689 2690
f 2691 2692 2693
f 2694 2695 2696
f 2697 2698 2699
f 2700 2701 2702
f 2703 2704 2705
f 2706 2707 2708
f 2709 2710 2711
f 2712 2713 2714
f 2715 2716 2717
f 2718 2719 2720
f 2721 2722 2723
f 2724 2725 2726
f 2727 2728 2729
f 2730 2731 2732
f 2733 2734 2735
f 2736 2737 2738
f 2739 2740 2741
f 2742 2743 2744
f 2745 2746 2747
f 2748 2749 2750
f 2751 2752 2753
f 2754 2755 2756
f 2757 2758 2759
f 2760 2761 2762
f 2763 2764 2765
f 2766 2767 2768
f 2769 2770 2771
f 2772 2773 2774
f 2775 2776 2777
f 2778 2779 2780
f 2781 2782 2783
f 2784 2785 2786
f 2787 2788 2789
f 2790 2791 2792
f 2793 2794 2795
f 2796 2797 2798
f 2799 2800 2801
f 2802 2803 2804
f 2805 2806 2807
f 2808 2809 2810
f 2811 2812 2813
f 2814 2815 2816
f 2817 2818 2819
f 2820 2821 2822
f 2823 2824 2825
f 2826 2827 2828
f 2829 2830 2831
f 2832 2833 2834
f 2835 2836 2837
f 2838 2839 2840
f 2841 2842 2843
f 2844 2845 2846
f 2847 2848 2849
f 2850 2851 2852
f 2853 2854 2855
f 2856 2857 2858
f 2859 2860 2861
f 2862 2863 2864
f 2865 2866 2867
f 2868 2869 2870
f 2871 2872 2873
f 2874 2875 2876
f 2877 2878 2879
f 2880 2881 2882
f 2883 2884 2885
f 2886 2887 2888
f 2889 2890 2891
f 2892 2893 2894
f 2895 2896 2897
f 2898 2899 2900
f 2901 2902 2903
f 2904 2905 2906
f 2907 2908 2909
f 2910 2911 2912
f 2913 2914 2915
f 2916 2917 2918
f 2919 2920 2921
f 2922 2923 2924
f 2925 2926 2927
f 2928 2929 2930
f 2931 2932 2933
f 2934 2935 2936
f 2937 2938 2939
f 2940 2941 2942
f 2943 2944 2945
f 2946 2947 2948
f 2949 2950 2951
f 2952 2953 2954
f 2955 2956 2957
f 2958 2959 2960
f 2961 2962 2963
f 2964 2965 2966
f 2967 2968 2969
f 2970 2971 2972
f 2973 2974 2975
f 2976 2977 2978
f 2979 2980 2981
f 2982 2983 2984
f 2985 2986 2987
f 2988 2989 2990
f 2991 2992 2993
f 2994 2995 2996
f 2997 2998 2999
f 3000 3001 3002
f 3003 3004 3005
f 3006 3007 3008
f 3009 3010 3011
f 3012 3013 3014
f 3015 3016 3017
f 3018 3019 3020
f 3021 3022 3023
f 3024 3025 3026
f 3027 3028 3029
f 3030 3031 3032
f 3033 3034 3035
f 3036 3037 3038
f 3039 3040 3041
f 3042 3043 3044
f 3045 3046 3047
f 3048 3049 3050
f 3051 3052 3053
f 3054 3055 3056
f 3057 3058 3059
f 3060 3061 3062
f 3063 3064 3065
f 3066 3067 3068
f 3069 3070 3071
f 3072 3073 3074
f 3075 3076 3077
f 3078 3079 3080
f 3081 3082 3083
f 3084 3085 3086
f 3087 3088 3089
f 3090 3091 3092
f 3093 3094 3095
f 3096 3097 3098
f 3099 3100 3101
f 3102 3103 3104
f 3105 3106 3107
f 3108 3109 3110
f 3111 3112 3113
f 3114 3115 3116
f 3117 3118 3119
f 3120 3121 3122
f 3123 3124 3125
f 3126 3127 3128
f 3129 3130 3131
f 3132 3133 3134
f 3135 3136 3137
f 3138 3139 3140
f 3141 3142 3143
f 3144 3145 3146
f 3147 3148 3149
f 3150 3151 3152
f 3153 3154 3155
f 3156 3157 3158
f 3159 3160 3161
f 3162 3163 3164
f 3165 3166 3167
f 3168 3169 3170
f 3171 3172 3173
f 3174 3175 3176
f 3177 3178 3179
f 3180 3181 3182
f 3183 3184 3185
f 3186 3187 3188
f 3189 3190 3191
f 3192 3193 3194
f 3195 3196 3197
f 3198 3199 3200
f 3201 3202 3203
f 3204 3205 3206
f 3207 3208 3209
f 3210 3211 3212
f 3213 3214 3215
f 3216 3217 3218
f 3219 3220 3221
f 3222 3223 3224
f 3225 3226 3227
f 3228 3229 3230
f 3231 3232 3233
f 3234 3235 3236
f 3237 3238 3239
f 3240 3241 3242
f 3243 3244 3245
f 3246 3247 3248
f 3249 3250 3251
f 3252 3253 3254
f 3255 3256 3257
f 3258 3259 3260
f 3261 3262 3263
f 3264 3265 3266
f 3267 3268 3269
f 3270 3271 3272
f 3273 3274 3275
f 3276 3277 3278
f 3279 3280 3281
f 3282 3283 3284
f 3285 3286 3287
f 3288 3289 3290
f 3291 3292 3293
f 3294 3295 3296
f 3297 3298 3299
f 3300 3301 3302
f 3303 3304 3305
f 3306 3307 3308
f 3309 3310 3311
f 3312 3313 3314
f 3315 3316 3317
f 3318 3319 3320
f 3321 3322 3323
f 3324 3325 3326
f 3327 3328 3329
f 3330 3331 3332
f 3333 3334 3335
f 3336 3337 3338
f 3339 3340 3341
f 3342 3343 3344
f 3345 3346 3347
f 3348 3349 3350
f 3351 3352 3353
f 3354 3355 3356
f 3357 3358 3359
f 3360 3361 3362
f 3363 3364 3365
f 3366 3367 3368
f 3369 3370 3371
f 3372 3373 3374
f 3375 3376 3377
f 3378 3379 3380
f 3381 3382 3383
f 3384 3385 3386
f 3387 3388 3389
f 3390 3391 3392
f 3393 3394 3395
f 3396 3397 3398
f 3399 3400 3401
f 3402 3403 3404
f 3405 3406 3407
f 3408 3409 3410
f 3411 3412 3413
f 3414 3415 3416
f 3417 3418 3419
f 3420 3421 3422
f 3423 3424 3425
f 3426 3427 3428
f 3429 3430 3431
f 3432 3433 3434
f 3435 3436 3437
f 3438 3439 3440
f 3441 3442 3443
f 3444 3445 3446
f 3447 3448 3449
f 3450 3451 3452
f 3453 3454 3455
f 3456 3457 3458
f 3459 3460 3461
f 3462 3463 3464
f 3465 3466 3467
f 3468 3469 3470
f 3471 3472 3473
f 3474 3475 3476
f 3477 3478 3479
f 3480 3481 3482
f 3483 3484 3485
f 3486 3487 3488
f 3489 3490 3491
f 3492 3493 3494
f 3495 3496 3497
f 3498 3499 3500
f 3501 3502 3503
f 3504 3505 3506
f 3507 3508 3509
f 3510 3511 3512
f 3513 3514 3515
f 3516 3517 3518
f 3519 3520 3521
f 3522 3523 3524
f 3525 3526 3527
f 3528 3529 3530
f 3531 3532 3533
f 3534 3535 3536
f 3537 3538 3539
f 3540 3541 3542
f 3543 3544 3545
f 3546 3547 3548
f 3549 3550 3551
f 3552 3553 3554
f 3555 3556 3557
f 3558 3559 3560
f 3561 3562 3563
f 3564 3565 3566
f 3567 3568 3569
f 3570 3571 3572
f 3573 3574 3575
f 3576 3577 3578
f 3579 3580 3581
f 3582 3583 3584
f 3585 3586 3587
f 3588 3589 3590
f 3591 3592 3593
f 3594 3595 3596
f 3597 3598 3599
f 3600 3601 3602
f 3603 3604 3605
f 3606 3607 3608
f 3609 3610 3611
f 3612 3613 3614
f 3615 3616 3617
f 3618 3619 3620
f 3621 3622 3623
f 3624 3625 3626
f 3627 3628 3629
f 3630 3631 3632
f 3633 3634 3635
f 3636 3637 3638
f 3639 3640 3641
f 3642 3643 3644
f 3645 3646 3647
f 3648 3649 3650
f 3651 3652 3653
f 3654 3655 3656
f 3657 3658 3659
f 3660 3661 3662
f 3663 3664 3665
f 3666 3667 3668
f 3669 3670 3671
f 3672 3673 3674
f 3675 3676 3677
f 3678 3679 3680
f 3681 3682 3683
f 3684 3685 3686
f 3687 3688 3689
f 3690 3691 3692
f 3693 3694 3695
f 3696 3697 3698
f 3699 3700 3701
f 3702 3703 3704
f 3705 3706 3707
f 3708 3709 3710
f 3711 3712 3713
f 3714 3715 3716
f 3717 3718 3719
f 3720 3721 3722
f 3723 3724 3725
f 3726 3727 3728
f 3729 3730 3731
f 3732 3733 3734
f 3735 3736 3737
f 3738 3739 3740
f 3741 3742 3743
f 3744 3745 3746
f 3747 3748 3749
f 3750 3751 3752
f 3753 3754 3755
f 3756 3757 3758
f 3759 3760 3761
f 3762 3763 3764
f 3765 3766 3767
f 3768 3769 3770
f 3771 3772 3773
f 3774 3775 3776
f 3777 3778 3779
f 3780 3781 3782
f 3783 3784 3785
f 3786 3787 3788
f 3789 3790 3791
f 3792 3793 3794
f 3795 3796 3797
f 3798 3799 3800
f 3801 3802 3803
f 3804 3805 3806
f 3807 3808 3809
f 3810 3811 3812
f 3813 3814 3815
f 3816 3817 3818
f 3819 3820 3821
f 3822 3823 3824
f 3825 3826 3827
f 3828 3829 3830
f 3831 3832 3833
f 3834 3835 3836
f 3837 3838 3839
f 3840 3841 3842
f 3843 3844 3845
f 3846 3847 3848
f 3849 3850 3851
f 3852 3853 3854
f 3855 3856 3857
f 3858 3859 3860
f 3861 3862 3863
f 3864 3865 3866
f 3867 3868 3869
f 3870 3871 3872
f 3873 3874 3875
f 3876 3877 3878
f 3879 3880 3881
f 3882 3883 3884
f 3885 3886 3887
f 3888 3889 3890
f 3891 3892 3893
f 3894 3895 3896
f 3897 3898 3899
f 3900 3901 3902
f 3903 3904 3905
f 3906 3907 3908
f 3909 3910 3911
f 3912 3913 3914
f 3915 3916 3917
f 3918 3919 3920
f 3921 3922 3923
f 3924 3925 3926
f 3927 3928 3929
f 3930 3931 3932
f 3933 3934 3935
f 3936 3937 3938
f 3939 3940 3941
f 3942 3943 3944
f 3945 3946 3947
f 3948 3949 3950
f 3951 3952 3953
f 3954 3955 3956
f 3957 3958 3959
f 3960 3961 3962
f 3963 3964 3965
f 3966 3967 3968
f 3969 3970 3971
f 3972 3973 3974
f 3975 3976 3977
f 3978 3979 3980
f 3981 3982 3983
f 3984 3985 3986
f 3987 3988 3989
f 3990 3991 3992
f 3993 3994 3995
f 3996 3997 3998
f 3999 4000 4001
f 4002 4003 4004
f 4005 4006 4007
f 4008 4009 4010
f 4011 4012 4013
f 4014 4015 4016
f 4016 4015 4017
f 4002 4018 4003
f 4019 4020 4021
f 4022 4023 4024
f 4025 4026 4027
f 4028 4029 4030
f 4031 4032 4033
f 4034 4035 4036
f 4037 4038 4039
f 4040 4041 4042
f 4042 4041 4043
f 4044 4045 4046
f 4047 4048 4049
f 4050 4051 4052
f 4053 4054 4055
f 4056 4057 4058
f 4059 4060 4061
f 4059 4061 4062
f 4063 4064 4065
f 4066 4067 4068
f 4069 4070 4071
f 4072 4073 4074
f 4075 4076 4077
f 4078 4079 4080
f 4081 4082 4083
f 4084 4085 4086
f 4087 4088 4089
f 4090 4091 4092
f 4093 4094 4095
f 4096 4097 4098
f 4099 4100 4101
f 4102 4103 4104
f 4105 4106 4107
f 4108 4109 4110
f 4111 4112 4113
f 4114 4115 4116
f 4117 4118 4119
f 4120 4121 4122
f 4123 4124 4125
f 4126 4127 4128
f 4129 4130 4131
f 4132 4133 4134
f 4135 4136 4137
f 4138 4139 4140
f 4141 4142 4143
f 4144 4145 4146
f 4147 4148 4149
f 4150 4151 4152
f 4153 4154 4155
f 4156 4157 4158
f 4159 4160 4161
f 4162 4163 4164
f 4165 4166 4167
f 4168 4169 4170
f 4171 4172 4173
f 4174 4175 4176
f 4177 4178 4179
f 4180 4181 4182
f 4183 4184 4185
f 4186 4187 4188
f 4189 4190 4191
f 4192 4193 4194
f 4195 4196 4197
f 4198 4199 4200
f 4201 4202 4203
f 4204 4205 4206
f 4207 4208 4209
f 4210 4211 4212
f 4213 4214 4215
f 4216 4217 4218
f 4219 4220 4221
f 4222 4223 4224
f 4225 4226 4227
f 4228 4229 4230
f 4231 4232 4233
f 4234 4235 4236
f 4237 4238 4239
f 4240 4241 4242
f 4243 4244 4245
f 4246 4247 4248
f 4249 4250 4251
f 4252 4253 4254
f 4255 4256 4257
f 4258 4259 4260
f 4261 4262 4263
f 4264 4265 4266
f 4267 4268 4269
f 4270 4271 4272
f 4273 4274 4275
f 4276 4277 4278
f 4279 4280 4281
f 4282 4283 4284
f 4285 4286 4287
f 4288 4289 4290
f 4291 4292 4293
f 4294 4295 4296
f 4297 4298 4299
f 4300 4301 4302
f 4303 4304 4305
f 4306 4307 4308
f 4309 4310 4311
f 4312 4313 4314
f 4315 4316 4317
f 4318 4319 4320
f 4321 4322 4323
f 4324 4325 4326
f 4327 4328 4329
f 4330 4331 4332
f 4333 4334 4335
f 4336 4337 4338
f 4339 4340 4341
f 4342 4343 4344
f 4345 4346 4347
f 4348 4349 4350
f 4351 4352 4353
f 4354 4355 4356
f 4357 4358 4359
f 4360 4361 4362
f 4363 4364 4365
f 4366 4367 4368
f 4369 4370 4371
f 4372 4373 4374
f 4375 4376 4377
f 4378 4379 4380
f 4381 4382 4383
f 4384 4385 4386
f 4387 4388 4389
f 4390 4391 4392
f 4393 4394 4395
f 4396 4397 4398
f 4399 4400 4401
f 4402 4403 4404
f 4405 4406 4407
f 4408 4409 4410
f 4411 4412 4413
f 4414 4415 4416
f 4417 4418 4419
f 4420 4421 4422
f 4423 4424 4425
f 4426 4427 4428
f 4429 4430 4431
f 4432 4433 4434
f 4435 4436 4437
f 4438 4439 4440
f 4441 4442 4443
f 4444 4445 4446
f 4447 4448 4449
f 4450 4451 4452
f 4453 4454 4455
f 4456 4457 4458
f 4459 4460 4461
f 4462 4463 4464
f 4465 4466 4467
f 4468 4469 4470
f 4471 4472 4473
f 4474 4475 4476
f 4477 4478 4479
f 4480 4481 4482
f 4483 4484 4485
f 4486 4487 4488
f 4489 4490 4491
f 4492 4493 4494
f 4495 4496 4497
f 4498 4499 4500
f 4501 4502 4503
f 4504 4505 4506
f 4507 4508 4509
f 4510 4511 4512
f 4513 4514 4515
f 4516 4517 4518
f 4519 4520 4521
f 4522 4523 4524
f 4525 4526 4527
f 4528 4529 4530
f 4531 4532 4533
f 4534 4535 4536
f 4537 4538 4539
f 4540 4541 4542
f 4543 4544 4545
f 4546 4547 4548
f 4549 4550 4551
f 4552 4553 4554
f 4555 4556 4557
f 4558 4559 4560
f 4561 4562 4563
f 4564 4565 4566
f 4567 4568 4569
f 4570 4571 4572
f 4573 4574 4575
f 4576 4577 4578
f 4579 4580 4581
f 4582 4583 4584
f 4585 4586 4587
f 4588 4589 4590
f 4591 4592 4593
f 4594 4595 4596
f 4597 4598 4599
f 4600 4601 4602
f 4603 4604 4605
f 4606 4607 4608
f 4609 4610 4611
f 4612 4613 4614
f 4615 4616 4617
f 4618 4619 4620
f 4621 4622 4623
f 4624 4625 4626
f 4627 4628 4629
f 4630 4631 4632
f 4633 4634 4635
f 4636 4637 4638
f 4639 4640 4641
f 4642 4643 4644
f 4645 4646 4647
f 4648 4649 4650
f 4651 4652 4653
f 4654 4655 4656
f 4657 4658 4659
f 4660 4661 4662
f 4663 4664 4665
f 4666 4667 4668
f 4669 4670 4671
f 4672 4673 4674
f 4675 4676 4677
f 4678 4679 4680
f 4681 4682 4683
f 4684 4685 4686
f 4687 4688 4689
f 4690 4691 4692
f 4693 4694 4695
f 4696 4697 4698
f 4699 4700 4701
f 4702 4703 4704
f 4705 4706 4707
f 4708 4709 4710
f 4711 4712 4713
f 4714 4715 4716
f 4717 4718 4719
f 4720 4721 4722
f 4723 4724 4725
f 4726 4727 4728
f 4729 4730 4731
f 4732 4733 4734
f 4735 4736 4737
f 4738 4739 4740
f 4741 4742 4743
f 4744 4745 4746
f 4747 4748 4749
f 4750 4751 4752
f 4753 4754 4755
f 4756 4757 4758
f 4759 4760 4761
f 4762 4763 4764
f 4765 4766 4767
f 4768 4769 4770
f 4771 4772 4773
f 4774 4775 4776
f 4777 4778 4779
f 4780 4781 4782
f 4783 4784 4785
f 4786 4787 4788
f 4789 4790 4791
f 4792 4793 4794
f 4795 4796 4797
f 4798 4799 4800
f 4801 4802 4803
f 4804 4805 4806
f 4807 4808 4809
f 4810 4811 4812
f 4813 4814 4815
f 4816 4817 4818
f 4819 4820 4821
f 4822 4823 4824
f 4825 4826 4827
f 245 4828 246
f 4829 4830 4831
f 4832 4833 4834
f 4835 4836 4837
f 4838 4839 4840
f 4841 4842 4843
f 4844 4845 4846
f 4847 4848 4849
f 4850 4851 4852
f 4853 4854 4855
f 4856 4857 4858
f 4859 4860 4861
f 4862 4863 4864
f 4865 4866 4867
f 4868 4869 4870
f 4871 4872 4873
f 4874 4875 4876
f 4877 4878 4879
f 4880 4881 4882
f 4883 4884 4885
f 4886 4887 4888
f 4889 4890 4891
f 4892 4893 4894
f 4895 4896 4897
f 4898 4899 4900
f 4901 4902 4903
f 4904 4905 4906
f 4907 4908 4909
f 4910 4911 4912
f 4913 4914 4915
f 4916 4917 4918
f 4919 4920 4921
f 4922 4923 4924
f 4925 4926 4927
f 258 4928 259
f 4929 4930 4931
f 4932 4933 4934
f 4935 4936 4937
f 4938 4939 4940
f 4941 4942 4943
f 4944 4945 4946
f 4947 4948 4949
f 4950 4951 4952
f 4953 4954 4955
f 4956 4957 4958
f 4959 4960 4961
f 4962 4963 4964
f 4965 4966 4967
f 4968 4969 4970
f 4971 4972 4973
f 4974 4975 4976
f 4977 4978 4979
f 4980 4981 4982
f 4983 4984 4985
f 4986 4987 4988
f 4989 4990 4991
f 4992 4993 4994
f 4995 4996 4997
f 4998 4999 5000
f 5001 5002 5003
f 5004 5005 5006
f 5007 5008 5009
f 5010 5011 5012
f 5013 5014 5015
f 5016 5017 5018
f 5019 5020 5021
f 5022 5023 5024
f 5025 5026 5027
f 5028 5029 5030
f 5031 5032 5033
f 5034 5035 5036
f 5037 5038 5039
f 5040 5041 5042
f 5043 5044 5045
f 5046 5047 5048
f 5049 5050 5051
f 5052 5053 5054
f 5055 5056 5057
f 5058 5059 5060
f 5061 5062 5063
f 5064 5065 5066
f 5067 5068 5069
f 4326 5070 4324
f 5071 5072 5073
f 5074 5075 5076
f 5077 5078 5079
f 5080 5081 5082
f 5083 5084 5085
f 5086 5087 5088
f 5089 5090 5091
f 5092 5093 5094
f 5095 5096 5097
f 5098 5099 5100
f 5101 5102 5103
f 5104 5105 5106
f 5107 5108 5109
f 5110 5111 5112
f 5113 5114 5115
f 5116 5117 5118
f 5119 5120 5121
f 5122 5123 5124
f 5125 5126 5127
f 5128 5129 5130
f 5131 5132 5133
f 5134 5135 5136
f 5137 5138 5139
f 5140 5141 5142
f 5143 5144 5145
f 5146 5147 5148
f 5149 5150 5151
f 5152 5153 5154
f 5155 5156 5157
f 5158 5159 5160
f 5161 5162 5163
f 5164 5165 5166
f 5167 5168 5169
f 5170 5171 5172
f 5173 5174 5175
f 5176 5177 5178
f 5179 5180 5181
f 5182 5183 5184
f 5185 5186 5187
f 5188 5189 5190
f 5191 5192 5193
f 5194 5195 5196
f 5197 5198 5199
f 5200 5201 5202
f 5203 5204 5205
f 5206 5207 5208
f 5209 5210 5211
f 5212 5213 5214
f 5215 5216 5217
f 5218 5219 5220
f 5221 5222 5223
f 5224 5225 5226
f 5227 5228 5229
f 5230 5231 5232
f 5233 5234 5235
f 5236 5237 5238
f 5239 5240 5241
f 5242 5243 5244
f 5245 5246 5247
f 5248 5249 5250
f 5251 5252 5253
f 5254 5255 5256
f 5257 5258 5259
f 5260 5261 5262
f 5263 5264 5265
f 5266 5267 5268
f 5269 5270 5271
f 5272 5273 5274
f 5275 5276 5277
f 5278 5279 5280
f 5281 5282 5283
f 5284 5285 5286
f 5287 5288 5289
f 5290 5291 5292
f 5293 5294 5295
f 5296 5297 5298
f 5299 5300 5301
f 5302 5303 5304
f 5305 5306 5307
f 5308 5309 5310
f 5311 5312 5313
f 5314 5315 5316
f 5317 5318 5319
f 5320 5321 5322
f 5323 5324 5325
f 5326 5327 5328
f 5329 5330 5331
f 5332 5333 5334
f 5335 5336 5337
f 5338 5339 5340
f 5341 5342 5343
f 5344 5345 5346
f 5347 5348 5349
f 5350 5351 5352
f 5353 5354 5355
f 5356 5357 5358
f 5359 5360 5361
f 5362 5363 5364
f 5365 5366 5367
f 5368 5369 5370
f 5371 5372 5373
f 5374 5375 5376
f 5377 5378 5379
f 5380 5381 5382
f 5383 5384 5385
f 5386 5387 5388
f 5389 5390 5391
f 5392 5393 5394
f 5395 5396 5397
f 5398 5399 5400
f 5401 5402 5403
f 5404 5405 5406
f 5407 5408 5409
f 5410 5411 5412
f 5413 5414 5415
f 491 5416 489
f 5417 5418 5419
f 5420 5421 5422
f 5423 5424 5425
f 5426 5427 5428
f 5429 5430 5431
f 5432 5433 5434
f 5435 5436 5437
f 5438 5439 5440
f 5441 5442 5443
f 5444 5445 5446
f 5447 5448 5449
f 5450 5451 5452
f 5453 5454 5455
f 5456 5457 5458
f 5459 5460 5461
f 5462 5463 5464
f 5465 5466 5467
f 5468 5469 5470
f 5471 5472 5473
f 5474 5475 5476
f 5477 5478 5479
f 5480 5481 5482
f 5483 5484 5485
f 5486 5487 5488
f 5489 5490 5491
f 5492 5493 5494
f 5495 5496 5497
f 5498 5499 5500
f 5501 5502 5503
f 5504 5505 5506
f 5507 5508 5509
f 5510 5511 5512
f 5513 5514 5515
f 5516 5517 5518
f 5519 5520 5521
f 5522 5523 5524
f 5525 5526 5527
f 5528 5529 5530
f 5531 5532 5533
f 5534 5535 5536
f 5537 5538 5539
f 5540 5541 5542
f 5543 5544 5545
f 5546 5547 5548
f 5549 5550 5551
f 5552 5553 5554
f 5555 5556 5557
f 5558 5559 5560
f 5561 5562 5563
f 5564 5565 5566
f 5567 5568 5569
f 5570 5571 5572
f 5573 5574 5575
f 5576 5577 5578
f 5579 5580 5581
f 5582 5583 5584
f 5585 5586 5587
f 5588 5589 5590
f 5591 5592 5593
f 5594 5595 5596
f 5597 5598 5599
f 5600 5601 5602
f 5603 5604 5605
f 5606 5607 5608
f 5609 5610 5611
f 5612 5613 5614
f 5615 5616 5617
f 5618 5619 5620
f 5621 5622 5623
f 5624 5625 5626
f 5627 5628 5629
f 5630 5631 5632
f 5633 5634 5635
f 5636 5637 5638
f 5639 5640 5641
f 5642 5643 5644
f 5645 5646 5647
f 5648 5649 5650
f 5651 5652 5653
f 5654 5655 5656
f 5657 5658 5659
f 5660 5661 5662
f 5663 5664 5665
f 5666 5667 5668
f 5669 5670 5671
f 5672 5673 5674
f 5675 5676 5677
f 5678 5679 5680
f 5681 5682 5683
f 5684 5685 5686
f 5687 5688 5689
f 5690 5691 5692
f 5693 5694 5695
f 5696 5697 5698
f 5699 5700 5701
f 5702 5703 5704
f 5705 5706 5707
f 5708 5709 5710
f 5711 5712 5713
f 5714 5715 5716
f 5717 5718 5719
f 5720 5721 5722
f 5723 5724 5725
f 5726 5727 5728
f 5729 5730 5731
f 5732 5733 5734
f 5735 5736 5737
f 5738 5739 5740
f 5741 5742 5743
f 5744 5745 5746
f 5747 5748 5749
f 5750 5751 5752
f 5753 5754 5755
f 5756 5757 5758
f 5759 5760 5761
f 5762 5763 5764
f 5765 5766 5767
f 5768 5769 5770
f 5771 5772 5773
f 5774 5775 5776
f 5777 5778 5779
f 5780 5781 5782
f 5783 5784 5785
f 5786 5787 5788
f 5789 5790 5791
f 5792 5793 5794
f 5795 5796 5797
f 5798 5799 5800
f 5801 5802 5803
f 5804 5805 5806
f 5807 5808 5809
f 5810 5811 5812
f 5813 5814 5815
f 5816 5817 5818
f 5819 5820 5821
f 5822 5823 5824
f 5825 5826 5827
f 5828 5829 5830
f 5831 5832 5833
f 5834 5835 5836
f 5837 5838 5839
f 5840 5841 5842
f 5843 5844 5845
f 5846 5847 5848
f 5849 5850 5851
f 5852 5853 5854
f 5855 5856 5857
f 5858 5859 5860
f 5861 5862 5863
f 5864 5865 5866
f 5867 5868 5869
f 5870 5871 5872
f 5873 5874 5875
f 5876 5877 5878
f 5879 5880 5881
f 5882 5883 5884
f 5885 5886 5887
f 5888 5889 5890
f 5891 5892 5893
f 5894 5895 5896
f 5897 5898 5899
f 5900 5901 5902
f 5903 5904 5905
f 5906 5907 5908
f 5909 5910 5911
f 5912 5913 5914
f 5915 5916 5917
f 5918 5919 5920
f 5921 5922 5923
f 5924 5925 5926
f 5927 5928 5929
f 5930 5931 5932
f 5933 5934 5935
f 5936 5937 5938
f 5939 5940 5941
f 5942 5943 5944
f 5945 5946 5947
f 5948 5949 5950
f 5951 5952 5953
f 5954 5955 5956
f 5957 5958 5959
f 5960 5961 5962
f 5963 5964 5965
f 5966 5967 5968
f 5969 5970 5971
f 5972 5973 5974
f 5975 5976 5977
f 5978 5979 5980
f 5981 5982 5983
f 5984 5985 5986
f 5987 5988 5989
f 5990 5991 5992
f 5993 5994 5995
f 5996 5997 5998
f 5999 6000 6001
f 6002 6003 6004
f 6005 6006 6007
f 6008 6009 6010
f 6011 6012 6013
f 6014 6015 6016
f 6017 6018 6019
f 6020 6021 6022
f 6023 6024 6025
f 6026 6027 6028
f 6029 6030 6031
f 6032 6033 6034
f 6035 6036 6037
f 6038 6039 6040
f 6041 6042 6043
f 6044 6045 6046
f 6047 6048 6049
f 6050 6051 6052
f 6053 6054 6055
f 6056 6057 6058
f 6059 6060 6061
f 6062 6063 6064
f 6065 6066 6067
f 6068 6069 6070
f 6071 6072 6073
f 6074 6075 6076
f 6077 6078 6079
f 6080 6081 6082
f 6083 6084 6085
f 6086 6087 6088
f 6089 6090 6091
f 6092 6093 6094
f 6095 6096 6097
f 6098 6099 6100
f 6101 6102 6103
f 6104 6105 6106
f 6107 6108 6109
f 6110 6111 6112
f 6113 6114 6115
f 6116 6117 6118
f 6119 6120 6121
f 6122 6123 6124
f 6125 6126 6127
f 6128 6129 6130
f 6131 6132 6133
f 6134 6135 6136
f 6137 6138 6139
f 6140 6141 6142
f 6143 6144 6145
f 6146 6147 6148
f 6149 6150 6151
f 6152 6153 6154
f 6155 6156 6157
f 6158 6159 6160
f 6161 6162 6163
f 6164 6165 6166
f 6167 6168 6169
f 6170 6171 6172
f 6173 6174 6175
f 6176 6177 6178
f 6179 6180 6181
f 6182 6183 6184
f 6185 6186 6187
f 6188 6189 6190
f 6191 6192 6193
f 6194 6195 6196
f 6197 6198 6199
f 6200 6201 6202
f 6203 6204 6205
f 6206 6207 6208
f 6209 6210 6211
f 6212 6213 6214
f 6215 6216 6217
f 6218 6219 6220
f 6221 6222 6223
f 6224 6225 6226
f 6227 6228 6229
f 6230 6231 6232
f 6233 6234 6235
f 6236 6237 6238
f 6239 6240 6241
f 6242 6243 6244
f 6245 6246 6247
f 6248 6249 6250
f 6251 6252 6253
f 6254 6255 6256
f 6257 6258 6259
f 6260 6261 6262
f 6263 6264 6265
f 6266 6267 6268
f 6269 6270 6271
f 6272 6273 6274
f 6275 6276 6277
f 6278 6279 6280
f 6281 6282 6283
f 6284 6285 6286
f 6287 6288 6289
f 6290 6291 6292
f 6293 6294 6295
f 6296 6297 6298
f 6299 6300 6301
f 6302 6303 6304
f 6305 6306 6307
f 6308 6309 6310
f 6311 6312 6313
f 6314 6315 6316
f 6317 6318 6319
f 6320 6321 6322
f 6323 6324 6325
f 6326 6327 6328
f 6329 6330 6331
f 6332 6333 6334
f 6335 6336 6337
f 6338 6339 6340
f 6341 6342 6343
f 6344 6345 6346
f 6347 6348 6349
f 6350 6351 6352
f 6353 6354 6355
f 6356 6357 6358
f 6359 6360 6361
f 6362 6363 6364
f 6365 6366 6367
f 6368 6369 6370
f 6371 6372 6373
f 6374 6375 6376
f 6377 6378 6379
f 6380 6381 6382
f 6383 6384 6385
f 6386 6387 6388
f 6389 6390 6391
f 6392 6393 6394
f 6395 6396 6397
f 6398 6399 6400
f 6401 6402 6403
f 6404 6405 6406
f 6407 6408 6409
f 6410 6411 6412
f 6413 6414 6415
f 6416 6417 6418
f 6419 6420 6421
f 6422 6423 6424
f 6425 6426 6427
f 6428 6429 6430
f 6431 6432 6433
f 6434 6435 6436
f 6437 6438 6439
f 6440 6441 6442
f 6443 6444 6445
f 6446 6447 6448
f 6449 6450 6451
f 6452 6453 6454
f 6455 6456 6457
f 6458 6459 6460
f 6461 6462 6463
f 6464 6465 6466
f 6467 6468 6469
f 6470 6471 6472
f 6473 6474 6475
f 6476 6477 6478
f 6479 6480 6481
f 6482 6483 6484
f 6485 6486 6487
f 6488 6489 6490
f 6491 6492 6493
f 6494 6495 6496
f 6497 6498 6499
f 6500 6501 6502
f 6503 6504 6505
f 6506 6507 6508
f 6509 6510 6511
f 6512 6513 6514
f 6515 6516 6517
f 6518 6519 6520
f 6521 6522 6523
f 6524 6525 6526
f 6527 6528 6529
f 6530 6531 6532
f 6533 6534 6535
f 6536 6537 6538
f 6539 6540 6541
f 6542 6543 6544
f 6545 6546 6547
f 6548 6549 6550
f 6551 6552 6553
f 6554 6555 6556
f 6557 6558 6559
f 6560 6561 6562
f 6563 6564 6565
f 6566 6567 6568
f 6569 6570 6571
f 6572 6573 6574
f 6575 6576 6577
f 6578 6579 6580
f 6581 6582 6583
f 6584 6585 6586
f 6587 6588 6589
f 6590 6591 6592
f 6593 6594 6595
f 6596 6597 6598
f 6599 6600 6601
f 6602 6603 6604
f 6605 6606 6607
f 6608 6609 6610
f 6611 6612 6613
f 6614 6615 6616
f 6617 6618 6619
f 6620 6621 6622
f 6623 6624 6625
f 6626 6627 6628
f 6629 6630 6631
f 6632 6633 6634
f 6635 6636 6637
f 6638 6639 6640
f 6641 6642 6643
f 6644 6645 6646
f 6647 6648 6649
f 6650 6651 6652
f 6653 6654 6655
f 6656 6657 6658
f 6659 6660 6661
f 6662 6663 6664
f 6665 6666 6667
f 6668 6669 6670
f 6671 6672 6673
f 6674 6675 6676
f 6677 6678 6679
f 6680 6681 6682
f 6683 6684 6685
f 6686 6687 6688
f 6689 6690 6691
f 6692 6693 6694
f 6695 6696 6697
f 6698 6699 6700
f 6701 6702 6703
f 6704 6705 6706
f 6707 6708 6709
f 6710 6711 6712
f 6713 6714 6715
f 6716 6717 6718
f 6719 6720 6721
f 6722 6723 6724
f 6725 6726 6727
f 6728 6729 6730
f 6731 6732 6733
f 6734 6735 6736
f 6737 6738 6739
f 6740 6741 6742
f 6743 6744 6745
f 6746 6747 6748
f 6749 6750 6751
f 6752 6753 6754
f 6755 6756 6757
f 6758 6759 6760
f 6761 6762 6763
f 6764 6765 6766
f 6767 6768 6769
f 6770 6771 6772
f 6773 6774 6775
f 6776 6777 6778
f 6779 6780 6781
f 6782 6783 6784
f 6785 6786 6787
f 6788 6789 6790
f 6791 6792 6793
f 6794 6795 6796
f 6797 6798 6799
f 6800 6801 6802
f 6803 6804 6805
f 6806 6807 6808
f 6809 6810 6811
f 6812 6813 6814
f 6815 6816 6817
f 6818 6819 6820
f 6821 6822 6823
f 6824 6825 6826
f 6827 6828 6829
f 6830 6831 6832
f 6833 6834 6835
f 6836 6837 6838
f 6839 6840 6841
f 6842 6843 6844
f 6845 6846 6847
f 6848 6849 6850
f 6851 6852 6853
f 6854 6855 6856
f 6857 6858 6859
f 6860 6861 6862
f 6863 6864 6865
f 6866 6867 6868
f 6869 6870 6871
f 6872 6873 6874
f 6875 6876 6877
f 6878 6879 6880
f 6881 6882 6883
f 6884 6885 6886
f 6887 6888 6889
f 6890 6891 6892
f 6893 6894 6895
f 6896 6897 6898
f 6899 6900 6901
f 6902 6903 6904
f 6905 6906 6907
f 6908 6909 6910
f 6911 6912 6913
f 6914 6915 6916
f 6917 6918 6919
f 6920 6921 6922
f 6923 6924 6925
f 6926 6927 6928
f 6929 6930 6931
f 6932 6933 6934
f 6935 6936 6937
f 6938 6939 6940
f 6941 6942 6943
f 6944 6945 6946
f 6947 6948 6949
f 6950 6951 6952
f 6953 6954 6955
f 6956 6957 6958
f 6959 6960 6961
f 6962 6963 6964
f 6965 6966 6967
f 6968 6969 6970
f 6971 6972 6973
f 6974 6975 6976
f 6977 6978 6979
f 6980 6981 6982
f 6983 6984 6985
f 6986 6987 6988
f 6989 6990 6991
f 6992 6993 6994
f 6995 6996 6997
f 6998 6999 7000
f 7001 7002 7003
f 7004 7005 7006
f 7007 7008 7009
f 7010 7011 7012
f 7013 7014 7015
f 7016 7017 7018
f 7019 7020 7021
f 7022 7023 7024
f 7025 7026 7027
f 7028 7029 7030
f 7031 7032 7033
f 7034 7035 7036
f 7037 7038 7039
f 7040 7041 7042
f 7043 7044 7045
f 7046 7047 7048
f 7049 7050 7051
f 7052 7053 7054
f 7055 7056 7057
f 7058 7059 7060
f 7061 7062 7063
f 7064 7065 7066
f 7067 7068 7069
f 7070 7071 7072
f 7073 7074 7075
f 7076 7077 7078
f 7079 7080 7081
f 7082 7083 7084
f 7085 7086 7087
f 7088 7089 7090
f 7091 7092 7093
f 7094 7095 7096
f 7097 7098 7099
f 7100 7101 7102
f 7103 7104 7105
f 7106 7107 7108
f 7109 7110 7111
f 7112 7113 7114
f 7115 7116 7117
f 7118 7119 7120
f 7121 7122 7123
f 7124 7125 7126
f 7127 7128 7129
f 7130 7131 7132
f 7133 7134 7135
f 7136 7137 7138
f 7139 7140 7141
f 7142 7143 7144
f 7145 7146 7147
f 7148 7149 7150
f 7151 7152 7153
f 7154 7155 7156
f 7157 7158 7159
f 7160 7161 7162
f 7163 7164 7165
f 7166 7167 7168
f 7169 7170 7171
f 7172 7173 7174
f 7175 7176 7177
f 7178 7179 7180
f 7181 7182 7183
f 7184 7185 7186
f 7187 7188 7189
f 7190 7191 7192
f 7193 7194 7195
f 7196 7197 7198
f 7199 7200 7201
f 7202 7203 7204
f 7205 7206 7207
f 7208 7209 7210
f 7211 7212 7213
f 7214 7215 7216
f 7217 7218 7219
f 7220 7221 7222
f 7223 7224 7225
f 7226 7227 7228
f 7229 7230 7231
f 7232 7233 7234
f 7235 7236 7237
f 7238 7239 7240
f 7241 7242 7243
f 7244 7245 7246
f 283 7247 284
f 7248 7249 7250
f 7251 7252 7253
f 7254 7255 7256
f 7257 7258 7259
f 7260 7261 7262
f 7263 7264 7265
f 7266 7267 7268
f 7269 7270 7271
f 7272 7273 7274
f 7275 7276 7277
f 7278 7279 7280
f 7281 7282 7283
f 7284 7285 7286
f 7287 7288 7289
f 7290 7291 7292
f 7293 7294 7295
f 7296 7297 7298
f 7299 7300 7301
f 7302 7303 7304
f 7305 7306 7307
f 7308 7309 7310
f 7311 7312 7313
f 7314 7315 7316
f 7317 7318 7319
f 7320 7321 7322
f 7323 7324 7325
f 7326 7327 7328
f 7329 7330 7331
f 7332 7333 7334
f 7335 7336 7337
f 7338 7339 7340
f 7341 7342 7343
f 7344 7345 7346
f 7347 7348 7349
f 7350 7351 7352
f 7353 7354 7355
f 7356 7357 7358
f 7359 7360 7361
f 7362 7363 7364
f 7365 7366 7367
f 7368 7369 7370
f 7371 7372 7373
f 7374 7375 7376
f 7377 7378 7379
f 7380 7381 7382
f 7383 7384 7385
f 7386 7387 7388
f 7389 7390 7391
f 7392 7393 7394
f 7395 7396 7397
f 7398 7399 7400
f 7401 7402 7403
f 7404 7405 7406
f 7407 7408 7409
f 7410 7411 7412
f 7413 7414 7415
f 7416 7417 7418
f 7419 7420 7421
f 7422 7423 7424
f 7425 7426 7427
f 7428 7429 7430
f 7431 7432 7433
f 7434 7435 7436
f 7437 7438 7439
f 7440 7441 7442
f 7443 7444 7445
f 7446 7447 7448
f 7449 7450 7451
f 7452 7453 7454
f 7455 7456 7457
f 7458 7459 7460
f 7461 7462 7463
f 7464 7465 7466
f 7467 7468 7469
f 7470 7471 7472
f 7473 7474 7475
f 7476 7477 7478
f 7479 7480 7481
f 7482 7483 7484
f 7485 7486 7487
f 7488 7489 7490
f 7491 7492 7493
f 7494 7495 7496
f 7497 7498 7499
f 7500 7501 7502
f 7503 7504 7505
f 7506 7507 7508
f 7509 7510 7511
f 7512 7513 7514
f 7515 7516 7517
f 7518 7519 7520
f 7521 7522 7523
f 7524 7525 7526
f 7527 7528 7529
f 7530 7531 7532
f 7533 7534 7535
f 7536 7537 7538
f 7539 7540 7541
f 7542 7543 7544
f 7545 7546 7547
f 7548 7549 7550
f 7551 7552 7553
f 7554 7555 7556
f 7557 7558 7559
f 7560 7561 7562
f 7563 7564 7565
f 7566 7567 7568
f 7569 7570 7571
f 7572 7573 7574
f 7575 7576 7577
f 7578 7579 7580
f 7581 7582 7583
f 7584 7585 7586
f 7587 7588 7589
f 7590 7591 7592
f 7593 7594 7595
f 7596 7597 7598
f 7599 7600 7601
f 7602 7603 7604
f 7605 7606 7607
f 7608 7609 7610
f 7611 7612 7613
f 7614 7615 7616
f 7617 7618 7619
f 7620 7621 7622
f 7623 7624 7625
f 7626 7627 7628
f 7629 7630 7631
f 7632 7633 7634
f 7635 7636 7637
f 7638 7639 7640
f 7641 7642 7643
f 7644 7645 7646
f 7647 7648 7649
f 7650 7651 7652
f 7653 7654 7655
f 7656 7657 7658
f 7659 7660 7661
f 7662 7663 7664
f 7665 7666 7667
f 7668 7669 7670
f 7671 7672 7673
f 7674 7675 7676
f 7677 7678 7679
f 7680 7681 7682
f 7683 7684 7685
f 7686 7687 7688
f 7689 7690 7691
f 7692 7693 7694
f 7695 7696 7697
f 7698 7699 7700
f 7701 7702 7703
f 7704 7705 7706
f 7707 7708 7709
f 7710 7711 7712
f 7713 7714 7715
f 7716 7717 7718
f 7719 7720 7721
f 7722 7723 7724
f 7725 7726 7727
f 7728 7729 7730
f 7731 7732 7733
f 7734 7735 7736
f 7737 7738 7739
f 7740 7741 7742
f 4698 7743 4696
f 7744 7745 7746
f 7747 7748 7749
f 7750 7751 7752
f 7753 7754 7755
f 7756 7757 7758
f 7759 7760 7761
f 7762 7763 7764
f 7765 7766 7767
f 7768 7769 7770
f 7771 7772 7773
f 7774 7775 7776
f 7777 7778 7779
f 7780 7781 7782
f 7783 7784 7785
f 7786 7787 7788
f 7789 7790 7791
f 7792 7793 7794
f 7795 7796 7797
f 7798 7799 7800
f 7801 7802 7803
f 7804 7805 7806
f 7807 7808 7809
f 7810 7811 7812
f 7813 7814 7815
f 7816 7817 7818
f 7819 7820 7821
f 7822 7823 7824
f 7825 7826 7827
f 7828 7829 7830
f 7831 7832 7833
f 7834 7835 7836
f 7837 7838 7839
f 7840 7841 7842
f 7843 7844 7845
f 7846 7847 7848
f 7849 7850 7851
f 7852 7853 7854
f 7855 7856 7857
f 7858 7859 7860
f 7861 7862 7863
f 7864 7865 7866
f 7867 7868 7869
f 7870 7871 7872
f 7873 7874 7875
f 7876 7877 7878
f 7879 7880 7881
f 7882 7883 7884
f 7885 7886 7887
f 7888 7889 7890
f 7891 7892 7893
f 7894 7895 7896
f 7897 7898 7899
f 7900 7901 7902
f 7903 7904 7905
f 7906 7907 7908
f 7909 7910 7911
f 7912 7913 7914
f 7915 7916 7917
f 7918 7919 7920
f 7921 7922 7923
f 7924 7925 7926
f 7927 7928 7929
f 7930 7931 7932
f 7933 7934 7935
f 7936 7937 7938
f 7939 7940 7941
f 7942 7943 7944
f 7945 7946 7947
f 7948 7949 7950
f 7951 7952 7953
f 7954 7955 7956
f 7957 7958 7959
f 7960 7961 7962
f 7963 7964 7965
f 7966 7967 7968
f 7969 7970 7971
f 7972 7973 7974
f 7975 7976 7977
f 7978 7979 7980
f 7981 7982 7983
f 7984 7985 7986
f 7987 7988 7989
f 7990 7991 7992
f 7993 7994 7995
f 7996 7997 7998
f 7999 8000 8001
f 8002 8003 8004
f 8005 8006 8007
f 8008 8009 8010
f 8011 8012 8013
f 8014 8015 8016
f 8017 8018 8019
f 8020 8021 8022
f 8023 8024 8025
f 8026 8027 8028
f 8029 8030 8031
f 8032 8033 8034
f 8035 8036 8037
f 8038 8039 8040
f 8041 8042 8043
f 8044 8045 8046
f 8047 8048 8049
f 8050 8051 8052
f 8053 8054 8055
f 8056 8057 8058
f 8059 8060 8061
f 8062 8063 8064
f 8065 8066 8067
f 8068 8069 8070
f 8071 8072 8073
f 8074 8075 8076
f 8077 8078 8079
f 8080 8081 8082
f 8083 8084 8085
f 8086 8087 8088
f 8089 8090 8091
f 8092 8093 8094
f 8095 8096 8097
f 8098 8099 8100
f 8101 8102 8103
f 8104 8105 8106
f 8107 8108 8109
f 8110 8111 8112
f 8113 8114 8115
f 8116 8117 8118
f 8119 8120 8121
f 8122 8123 8124
f 8125 8126 8127
f 8128 8129 8130
f 8131 8132 8133
f 8134 8135 8136
f 8137 8138 8139
f 8140 8141 8142
f 8143 8144 8145
f 8146 8147 8148
f 8149 8150 8151
f 8152 8153 8154
f 8155 8156 8157
f 8158 8159 8160
f 8161 8162 8163
f 8164 8165 8166
f 8167 8168 8169
f 8170 8171 8172
f 8173 8174 8175
f 8176 8177 8178
f 8179 8180 8181
f 8182 8183 8184
f 8185 8186 8187
f 8188 8189 8190
f 8191 8192 8193
f 8194 8195 8196
f 8197 8198 8199
f 8200 8201 8202
f 8203 8204 8205
f 519 8206 520
f 8207 8208 8209
f 8209 8210 8207
f 8211 8212 8213
f 8214 8215 8216
f 8216 8215 8217
f 8216 8217 8218
f 8219 8220 8221
f 8222 8223 8224
f 8222 8224 8225
f 8225 8224 8226
f 8226 8227 8225
f 8228 8229 8230
f 8228 8230 8231
f 8231 8230 8232
f 8232 8233 8231
f 8234 8235 8236
f 8234 8236 8237
f 8237 8236 8238
f 8238 8239 8237
f 8240 8241 8242
f 8240 8242 8243
f 8244 8245 8246
f 8243 8247 8248
f 8249 8250 8251
f 8252 8253 8254
f 8255 8256 8251
f 8257 8258 8259
f 8257 8259 8260
f 8260 8259 8261
f 8261 8262 8260
f 8263 8264 8265
f 8263 8265 8266
f 8266 8265 8267
f 8268 8269 8266
f 8270 8271 8272
f 8270 8272 8273
f 8273 8272 8274
f 8275 8276 8277
f 8277 8276 8278
f 8279 8280 8281
f 8282 8273 8274
f 8275 8283 8276
f 8284 8285 8286
f 8284 8286 8287
f 8287 8288 8289
f 8287 8289 8290
f 8291 8292 8293
f 8294 8295 8296
f 8294 8296 8297
f 8296 8298 8297
f 8297 8298 8299
f 8300 8301 8302
f 8301 8303 8302
f 8302 8303 8304
f 8305 8306 8307
f 8307 8306 8308
f 8307 8308 8309
f 8310 8311 8312
f 8312 8311 8313
f 8312 8313 8314
f 8314 8313 8315
f 8310 8316 8311
f 8317 8318 8319
f 8317 8319 8320
f 8320 8319 8321
f 8321 8322 8320
f 8323 8324 8325
f 8323 8325 8326
f 8326 8325 8327
f 8328 8329 8330
f 8331 8332 8333
f 8331 8333 8334
f 8334 8333 8335
f 8335 8336 8334
f 8337 8338 8339
f 8337 8339 8340
f 8340 8341 8342
f 8343 8344 8345
f 8346 8347 8348
f 8346 8348 8349
f 8350 8351 8352
f 8353 8354 8349
f 8355 8356 8357
f 8355 8357 8358
f 8357 8359 8358
f 8360 8361 8362
f 8363 8364 8365
f 8365 8364 8366
f 8366 8367 8365
f 8368 8369 8370
f 8368 8370 8371
f 8371 8370 8372
f 8373 8374 8375
f 8375 8374 8376
f 8375 8376 8377
f 8378 8371 8372
f 8373 8379 8374
f 8380 8381 8382
f 8383 8384 8385
f 8385 8384 8386
f 8385 8386 8387
f 8388 8389 8390
f 8390 8389 8391
f 8390 8391 8392
f 8393 8394 8395
f 8388 8396 8389
f 8397 8398 8399
f 8397 8399 8400
f 8400 8399 8401
f 8208 8402 8209
f 8403 8404 8405
f 8405 8404 8406
f 8407 8408 8409
f 8410 8411 8404
f 8404 8411 8412
f 8404 8412 8406
f 8403 8405 8408
f 8408 8405 8413
f 8408 8413 8409
f 8404 8414 8410
f 8410 8414 8415
f 8410 8415 8416
f 8416 8415 8417
f 8418 8419 8420
f 8417 8415 8421
f 8421 8415 8422
f 8421 8422 8423
f 8423 8424 8421
f 8421 8424 8425
f 8421 8425 8426
f 8426 8425 8427
f 8420 8428 8418
f 8418 8428 8429
f 8418 8429 8409
f 8409 8429 8430
f 8409 8430 8407
f 8431 8432 8433
f 8434 8435 8436
f 8433 8437 8431
f 8438 8439 8440
f 8438 8440 8441
f 8442 8443 8444
f 8442 8444 8445
f 8446 8447 8448
f 8446 8448 8449
f 8450 8451 8452
f 8450 8452 8453
f 8454 8455 8456
f 8454 8456 8457
f 8458 8459 8460
f 8458 8460 8461
f 8462 8463 8464
f 8462 8464 8465
f 8466 8467 8468
f 8466 8468 8469
f 8470 8471 8472
f 8470 8472 8473
f 8474 8475 8476
f 8474 8476 8477
f 8478 8479 8480
f 8478 8480 8481
f 8482 8483 8484
f 8482 8484 8485
f 8486 8487 8488
f 8486 8488 8489
f 8490 8491 8492
f 8490 8492 8493
f 8494 8495 8496
f 8494 8496 8497
f 8498 8499 8500
f 8498 8500 8501
f 8502 8503 8504
f 8502 8504 8505
f 8506 8507 8508
f 8506 8508 8509
f 8510 8511 8512
f 8510 8512 8513
f 8514 8515 8516
f 8514 8516 8517
f 8518 8519 8520
f 8518 8520 8521
f 8522 8523 8524
f 8522 8524 8525
f 8526 8527 8528
f 8526 8528 8529
f 8530 8531 8532
f 8530 8532 8533
f 8534 8436 8435
f 8535 8536 8537
f 8538 8539 8536
f 8536 8539 8540
f 8536 8540 8537
f 8541 8542 8543
f 8544 8545 8546
f 8546 8545 8547
f 8538 8548 8539
f 8539 8548 8546
f 8539 8546 8549
f 8549 8546 8547
f 8541 8543 8546
f 8546 8543 8550
f 8546 8550 8544
f 8537 8551 8535
f 8535 8551 8552
f 8535 8552 8553
f 8553 8554 8535
f 8535 8554 8555
f 8535 8555 8556
f 8556 8557 8535
f 8535 8557 8558
f 8535 8558 8559
f 8559 8558 8560
