mtllib kuka_link_5_visuals.mtl
v -0.0596624501049519 -0.05099999904632572 0.19550414383411407
v -0.059999998658895534 -0.046000000089406995 0.19849999248981476
v -0.05902846530079846 -0.05099999904632572 0.18987734615802765
v -0.058495674282312435 -0.046000000089406995 0.18514879047870636
v -0.058495674282312435 -0.05099999904632572 0.18514879047870636
v -0.058495674282312435 -0.05099999904632572 0.18514879047870636
v -0.058495674282312435 -0.046000000089406995 0.18514879047870636
v -0.0581380240619183 -0.05099999904632572 0.18412669003009796
v -0.056150965392589604 -0.05099999904632572 0.1784479171037674
v -0.05405813083052639 -0.046000000089406995 0.1724669486284256
v -0.05405813083052639 -0.05099999904632572 0.1724669486284256
v -0.04312048852443698 -0.05099999904632572 0.15730126202106476
v -0.04690988734364513 -0.05099999904632572 0.16109056770801544
v -0.04690988734364513 -0.046000000089406995 0.16109056770801544
v -0.04690988734364513 -0.046000000089406995 0.16109056770801544
v -0.04690988734364513 -0.05099999904632572 0.16109056770801544
v -0.04745157808065418 -0.05099999904632572 0.1619526892900467
v -0.04690988734364513 -0.046000000089406995 0.16109056770801544
v -0.04745157808065418 -0.05099999904632572 0.1619526892900467
v -0.05405813083052639 -0.046000000089406995 0.1724669486284256
v -0.05405813083052639 -0.046000000089406995 0.1724669486284256
v -0.04745157808065418 -0.05099999904632572 0.1619526892900467
v -0.05082679912447933 -0.05099999904632572 0.16732437908649445
v -0.05082679912447933 -0.05099999904632572 0.16732437908649445
v -0.05405813083052639 -0.05099999904632572 0.1724669486284256
v -0.04312048852443698 -0.05099999904632572 0.15730126202106476
v -0.04690988734364513 -0.046000000089406995 0.16109056770801544
v -0.03859652578830722 -0.05099999904632572 0.1527772694826126
v -0.03740938752889636 -0.046000000089406995 0.15159006416797638
v -0.03859652578830722 -0.05099999904632572 0.1527772694826126
v -0.03740938752889636 -0.046000000089406995 0.15159006416797638
v -0.03740938752889636 -0.05099999904632572 0.15159006416797638
v -0.026033025234937685 -0.046000000089406995 0.14444191753864288
v -0.026033025234937685 -0.05099999904632572 0.14444191753864288
v -0.028110200539231318 -0.05099999904632572 0.14574702084064484
v -0.026033025234937685 -0.046000000089406995 0.14444191753864288
v -0.028110200539231318 -0.05099999904632572 0.14574702084064484
v -0.03740938752889636 -0.046000000089406995 0.15159006416797638
v -0.03740938752889636 -0.046000000089406995 0.15159006416797638
v -0.028110200539231318 -0.05099999904632572 0.14574702084064484
v -0.033450722694396993 -0.05099999904632572 0.14910276234149933
v -0.03740938752889636 -0.046000000089406995 0.15159006416797638
v -0.033450722694396993 -0.05099999904632572 0.14910276234149933
v -0.03740938752889636 -0.05099999904632572 0.15159006416797638
v -0.013351256027817735 -0.046000000089406995 0.14000435173511505
v -0.013351256027817735 -0.05099999904632572 0.14000435173511505
v -0.016761891543865214 -0.05099999904632572 0.14119775593280792
v -0.013351256027817735 -0.046000000089406995 0.14000435173511505
v -0.016761891543865214 -0.05099999904632572 0.14119775593280792
v -0.026033025234937685 -0.046000000089406995 0.14444191753864288
v -0.022504357621073737 -0.05099999904632572 0.1432071477174759
v -0.026033025234937685 -0.05099999904632572 0.14444191753864288
v 0.00569715537130833 -0.05099999904632572 0.13914187252521515
v -6.325413748246054e-18 -0.05099999904632572 0.13850004971027374
v -6.325413748246054e-18 -0.046000000089406995 0.13850004971027374
v -6.325413748246054e-18 -0.046000000089406995 0.13850004971027374
v -6.325413748246054e-18 -0.05099999904632572 0.13850004971027374
v -0.005356745794415477 -0.05099999904632572 0.13910360634326935
v -0.013351256027817735 -0.046000000089406995 0.14000435173511505
v -0.011068009771406657 -0.05099999904632572 0.13974709808826447
v -0.013351256027817735 -0.05099999904632572 0.14000435173511505
v 0.00569715537130833 -0.05099999904632572 0.13914187252521515
v -6.325413748246054e-18 -0.046000000089406995 0.13850004971027374
v 0.011419542133808143 -0.05099999904632572 0.13978667557239532
v 0.011419542133808143 -0.05099999904632572 0.13978667557239532
v -6.325413748246054e-18 -0.046000000089406995 0.13850004971027374
v 0.013351256027817735 -0.046000000089406995 0.14000435173511505
v 0.011419542133808143 -0.05099999904632572 0.13978667557239532
v 0.013351256027817735 -0.046000000089406995 0.14000435173511505
v 0.013351256027817735 -0.05099999904632572 0.14000435173511505
v 0.0284312851727009 -0.05099999904632572 0.1459488421678543
v 0.026033025234937685 -0.05099999904632572 0.14444191753864288
v 0.026033025234937685 -0.046000000089406995 0.14444191753864288
v 0.026033025234937685 -0.046000000089406995 0.14444191753864288
v 0.026033025234937685 -0.05099999904632572 0.14444191753864288
v 0.02285622060298921 -0.05099999904632572 0.14333029091358185
v 0.013351256027817735 -0.046000000089406995 0.14000435173511505
v 0.013351256027817735 -0.046000000089406995 0.14000435173511505
v 0.02285622060298921 -0.05099999904632572 0.14333029091358185
v 0.017105789855122577 -0.05099999904632572 0.1413181573152542
v 0.017105789855122577 -0.05099999904632572 0.1413181573152542
v 0.013351256027817735 -0.05099999904632572 0.14000435173511505
v 0.0284312851727009 -0.05099999904632572 0.1459488421678543
v 0.026033025234937685 -0.046000000089406995 0.14444191753864288
v 0.033776432275772116 -0.05099999904632572 0.14930732548236847
v 0.033776432275772116 -0.05099999904632572 0.14930732548236847
v 0.03740938752889636 -0.046000000089406995 0.15159006416797638
v 0.03740938752889636 -0.05099999904632572 0.15159006416797638
v 0.04690988734364513 -0.046000000089406995 0.16109056770801544
v 0.04690988734364513 -0.05099999904632572 0.16109056770801544
v 0.04339493066072467 -0.05099999904632572 0.15757568180561066
v 0.04690988734364513 -0.046000000089406995 0.16109056770801544
v 0.04339493066072467 -0.05099999904632572 0.15757568180561066
v 0.03740938752889636 -0.046000000089406995 0.15159006416797638
v 0.0388697795569897 -0.05099999904632572 0.153050497174263
v 0.03740938752889636 -0.046000000089406995 0.15159006416797638
v 0.0388697795569897 -0.05099999904632572 0.153050497174263
v 0.03740938752889636 -0.05099999904632572 0.15159006416797638
v 0.05424328893423084 -0.05099999904632572 0.17299611866474152
v 0.05405813083052639 -0.05099999904632572 0.1724669486284256
v 0.05405813083052639 -0.046000000089406995 0.1724669486284256
v 0.05405813083052639 -0.046000000089406995 0.1724669486284256
v 0.05405813083052639 -0.05099999904632572 0.1724669486284256
v 0.051030453294515644 -0.05099999904632572 0.16764850914478302
v 0.05405813083052639 -0.046000000089406995 0.1724669486284256
v 0.051030453294515644 -0.05099999904632572 0.16764850914478302
v 0.04690988734364513 -0.046000000089406995 0.16109056770801544
v 0.0476564317941666 -0.05099999904632572 0.16227872669696808
v 0.04690988734364513 -0.046000000089406995 0.16109056770801544
v 0.0476564317941666 -0.05099999904632572 0.16227872669696808
v 0.04690988734364513 -0.05099999904632572 0.16109056770801544
v 0.058495674282312435 -0.046000000089406995 0.18514879047870636
v 0.058495674282312435 -0.05099999904632572 0.18514879047870636
v 0.05825643986463551 -0.05099999904632572 0.18446500599384308
v 0.058495674282312435 -0.046000000089406995 0.18514879047870636
v 0.05825643986463551 -0.05099999904632572 0.18446500599384308
v 0.05405813083052639 -0.046000000089406995 0.1724669486284256
v 0.05405813083052639 -0.046000000089406995 0.1724669486284256
v 0.05825643986463551 -0.05099999904632572 0.18446500599384308
v 0.056272957473993336 -0.05099999904632572 0.17879660427570343
v 0.058495674282312435 -0.05099999904632572 0.18514879047870636
v 0.058495674282312435 -0.046000000089406995 0.18514879047870636
v 0.05970015749335293 -0.05099999904632572 0.19583888351917267
v 0.059999998658895534 -0.046000000089406995 0.19849999248981476
v 0.059999998658895534 -0.05099999904632572 0.19849999248981476
v 0.059999998658895534 -0.05099999904632572 0.19849999248981476
v 0.059999998658895534 -0.046000000089406995 0.19849999248981476
v 0.05904802307486538 -0.05099999904632572 0.20694907009601593
v 0.058495674282312435 -0.046000000089406995 0.2118513137102127
v 0.058495674282312435 -0.05099999904632572 0.2118513137102127
v 0.05405813083052639 -0.05099999904632572 0.22453303635120392
v 0.0541813783347607 -0.05099999904632572 0.22418077290058136
v 0.05405813083052639 -0.046000000089406995 0.22453303635120392
v 0.05405813083052639 -0.046000000089406995 0.22453303635120392
v 0.0541813783347607 -0.05099999904632572 0.22418077290058136
v 0.05621198937296871 -0.05099999904632572 0.21837766468524933
v 0.058495674282312435 -0.046000000089406995 0.2118513137102127
v 0.058197278529405636 -0.05099999904632572 0.21270401775836945
v 0.058495674282312435 -0.046000000089406995 0.2118513137102127
v 0.058197278529405636 -0.05099999904632572 0.21270401775836945
v 0.058495674282312435 -0.05099999904632572 0.2118513137102127
v 0.04690988734364513 -0.046000000089406995 0.23590941727161407
v 0.04690988734364513 -0.05099999904632572 0.23590941727161407
v 0.04755402728915218 -0.05099999904632572 0.23488421738147736
v 0.04690988734364513 -0.046000000089406995 0.23590941727161407
v 0.04755402728915218 -0.05099999904632572 0.23488421738147736
v 0.05405813083052639 -0.046000000089406995 0.22453303635120392
v 0.05405813083052639 -0.046000000089406995 0.22453303635120392
v 0.04755402728915218 -0.05099999904632572 0.23488421738147736
v 0.05092866718769077 -0.05099999904632572 0.22951360046863556
v 0.05092866718769077 -0.05099999904632572 0.22951360046863556
v 0.05405813083052639 -0.05099999904632572 0.22453303635120392
v 0.03361358121037485 -0.05099999904632572 0.24779494106769562
v 0.03740938752889636 -0.05099999904632572 0.24540992081165314
v 0.03740938752889636 -0.046000000089406995 0.24540992081165314
v 0.03740938752889636 -0.046000000089406995 0.24540992081165314
v 0.03740938752889636 -0.05099999904632572 0.24540992081165314
v 0.03873315453529361 -0.05099999904632572 0.2440861016511917
v 0.03740938752889636 -0.046000000089406995 0.24540992081165314
v 0.03873315453529361 -0.05099999904632572 0.2440861016511917
v 0.04690988734364513 -0.046000000089406995 0.23590941727161407
v 0.04325774684548381 -0.05099999904632572 0.2395615130662918
v 0.04690988734364513 -0.05099999904632572 0.23590941727161407
v 0.03361358121037485 -0.05099999904632572 0.24779494106769562
v 0.03740938752889636 -0.046000000089406995 0.24540992081165314
v 0.0282707028090954 -0.05099999904632572 0.2511520981788635
v 0.026033025234937685 -0.046000000089406995 0.252558171749115
v 0.0282707028090954 -0.05099999904632572 0.2511520981788635
v 0.026033025234937685 -0.046000000089406995 0.252558171749115
v 0.026033025234937685 -0.05099999904632572 0.252558171749115
v 0.013351256027817735 -0.046000000089406995 0.25699561834335327
v 0.013351256027817735 -0.05099999904632572 0.25699561834335327
v 0.026033025234937685 -0.046000000089406995 0.252558171749115
v 0.026033025234937685 -0.046000000089406995 0.252558171749115
v 0.013351256027817735 -0.05099999904632572 0.25699561834335327
v 0.02268053218722345 -0.05099999904632572 0.2537311911582947
v 0.026033025234937685 -0.046000000089406995 0.252558171749115
v 0.02268053218722345 -0.05099999904632572 0.2537311911582947
v 0.026033025234937685 -0.05099999904632572 0.252558171749115
v -0.0014929401222616445 -0.05099999904632572 0.258331835269928
v -2.1021175648395835e-17 -0.05099999904632572 0.25850003957748413
v -2.1021175648395835e-17 -0.046000000089406995 0.25850003957748413
v -2.1021175648395835e-17 -0.046000000089406995 0.25850003957748413
v -2.1021175648395835e-17 -0.05099999904632572 0.25850003957748413
v 0.0029644649475812934 -0.05099999904632572 0.25816601514816284
v 0.013351256027817735 -0.046000000089406995 0.25699561834335327
v 0.01179814152419568 -0.05099999904632572 0.2571706175804138
v 0.013351256027817735 -0.05099999904632572 0.25699561834335327
v -0.013351256027817735 -0.046000000089406995 0.25699561834335327
v -0.013351256027817735 -0.05099999904632572 0.25699561834335327
v -0.011595491319894798 -0.05099999904632572 0.25719350576400757
v -0.013351256027817735 -0.046000000089406995 0.25699561834335327
v -0.011595491319894798 -0.05099999904632572 0.25719350576400757
v -2.1021175648395835e-17 -0.046000000089406995 0.25850003957748413
v -0.011595491319894798 -0.05099999904632572 0.25719350576400757
v -0.003501680912449958 -0.05099999904632572 0.25810545682907104
v -2.1021175648395835e-17 -0.046000000089406995 0.25850003957748413
v -0.003501680912449958 -0.05099999904632572 0.25810545682907104
v -0.0014929401222616445 -0.05099999904632572 0.258331835269928
v -0.026033025234937685 -0.046000000089406995 0.252558171749115
v -0.026033025234937685 -0.05099999904632572 0.252558171749115
v -0.02303228341042997 -0.05099999904632572 0.25360816717147827
v -0.013351256027817735 -0.046000000089406995 0.25699561834335327
v -0.017278006300330172 -0.05099999904632572 0.25562161207199097
v -0.013351256027817735 -0.05099999904632572 0.25699561834335327
v -0.03740938752889636 -0.046000000089406995 0.24540992081165314
v -0.03740938752889636 -0.05099999904632572 0.24540992081165314
v -0.033939316868782064 -0.05099999904632572 0.24759025871753693
v -0.03740938752889636 -0.046000000089406995 0.24540992081165314
v -0.033939316868782064 -0.05099999904632572 0.24759025871753693
v -0.026033025234937685 -0.046000000089406995 0.252558171749115
v -0.026033025234937685 -0.046000000089406995 0.252558171749115
v -0.033939316868782064 -0.05099999904632572 0.24759025871753693
v -0.028591979295015352 -0.05099999904632572 0.25095027685165405
v -0.028591979295015352 -0.05099999904632572 0.25095027685165405
v -0.026033025234937685 -0.05099999904632572 0.252558171749115
v -0.04690988734364513 -0.046000000089406995 0.23590941727161407
v -0.04690988734364513 -0.05099999904632572 0.23590941727161407
v -0.04353211447596553 -0.05099999904632572 0.23928721249103546
v -0.03740938752889636 -0.046000000089406995 0.24540992081165314
v -0.03740938752889636 -0.046000000089406995 0.24540992081165314
v -0.04353211447596553 -0.05099999904632572 0.23928721249103546
v -0.03900647163391116 -0.05099999904632572 0.24381275475025177
v -0.03740938752889636 -0.046000000089406995 0.24540992081165314
v -0.03900647163391116 -0.05099999904632572 0.24381275475025177
v -0.03740938752889636 -0.05099999904632572 0.24540992081165314
v -0.05405813083052639 -0.046000000089406995 0.22453303635120392
v -0.05405813083052639 -0.05099999904632572 0.22453303635120392
v -0.05113219469785694 -0.05099999904632572 0.22918958961963654
v -0.04690988734364513 -0.046000000089406995 0.23590941727161407
v -0.05113219469785694 -0.05099999904632572 0.22918958961963654
v -0.04775885492563251 -0.05099999904632572 0.23455829918384552
v -0.04690988734364513 -0.05099999904632572 0.23590941727161407
v -0.058495674282312435 -0.05099999904632572 0.2118513137102127
v -0.05831543728709225 -0.05099999904632572 0.21236629784107208
v -0.058495674282312435 -0.046000000089406995 0.2118513137102127
v -0.058495674282312435 -0.046000000089406995 0.2118513137102127
v -0.05831543728709225 -0.05099999904632572 0.21236629784107208
v -0.05633381381630901 -0.05099999904632572 0.2180294543504715
v -0.05405813083052639 -0.046000000089406995 0.22453303635120392
v -0.05633381381630901 -0.05099999904632572 0.2180294543504715
v -0.05430516600608829 -0.05099999904632572 0.2238270789384842
v -0.05405813083052639 -0.046000000089406995 0.22453303635120392
v -0.05430516600608829 -0.05099999904632572 0.2238270789384842
v -0.05405813083052639 -0.05099999904632572 0.22453303635120392
v -0.059999998658895534 -0.05099999904632572 0.19849999248981476
v -0.059999998658895534 -0.046000000089406995 0.19849999248981476
v -0.059999998658895534 -0.05099999904632572 0.19849999248981476
v -0.059709254652261776 -0.05099999904632572 0.20439954102039337
v -0.059999998658895534 -0.046000000089406995 0.19849999248981476
v -0.059709254652261776 -0.05099999904632572 0.20439954102039337
v -0.058495674282312435 -0.046000000089406995 0.2118513137102127
v -0.058495674282312435 -0.046000000089406995 0.2118513137102127
v -0.059709254652261776 -0.05099999904632572 0.20439954102039337
v -0.05934652686119084 -0.05099999904632572 0.20662684738636017
v -0.058495674282312435 -0.05099999904632572 0.2118513137102127
v 0.006026833783835177 -0.046000000089406995 0.14886458218097687
v -1.3011176736231955e-18 -0.046000000089406995 0.13850004971027374
v -0.006026833783835177 -0.046000000089406995 0.14886458218097687
v -0.013351256027817735 -0.046000000089406995 0.14000435173511505
v -0.017730243504047404 -0.046000000089406995 0.15174920856952667
v -0.026033025234937685 -0.046000000089406995 0.14444191753864288
v -0.02840323746204378 -0.046000000089406995 0.15735085308551788
v -0.03740938752889636 -0.046000000089406995 0.15159006416797638
v -0.03742553666234019 -0.046000000089406995 0.16534383594989777
v -0.04690988734364513 -0.046000000089406995 0.16109056770801544
v -0.044272802770137815 -0.046000000089406995 0.17526383697986603
v -0.05405813083052639 -0.046000000089406995 0.1724669486284256
v -0.04854708909988407 -0.046000000089406995 0.18653424084186554
v -0.058495674282312435 -0.046000000089406995 0.18514879047870636
v -0.050000000745058094 -0.046000000089406995 0.19849999248981476
v -0.059999998658895534 -0.046000000089406995 0.19849999248981476
v -0.04854708909988407 -0.046000000089406995 0.21046574413776398
v -0.058495674282312435 -0.046000000089406995 0.2118513137102127
v -0.044272802770137815 -0.046000000089406995 0.2217361479997635
v -0.05405813083052639 -0.046000000089406995 0.22453303635120392
v -0.03742553666234019 -0.046000000089406995 0.23165614902973175
v -0.04690988734364513 -0.046000000089406995 0.23590941727161407
v -0.02840323746204378 -0.046000000089406995 0.23964925110340118
v -0.03740938752889636 -0.046000000089406995 0.24540992081165314
v -0.017730243504047404 -0.046000000089406995 0.24525077641010284
v -0.026033025234937685 -0.046000000089406995 0.252558171749115
v -0.006026833783835177 -0.046000000089406995 0.24813540279865265
v -0.013351256027817735 -0.046000000089406995 0.25699561834335327
v -1.5996878953387514e-17 -0.046000000089406995 0.25850003957748413
v 0.006026833783835177 -0.046000000089406995 0.24813540279865265
v 0.013351256027817735 -0.046000000089406995 0.25699561834335327
v 0.017730243504047404 -0.046000000089406995 0.24525077641010284
v 0.026033025234937685 -0.046000000089406995 0.252558171749115
v 0.02840323746204378 -0.046000000089406995 0.23964925110340118
v 0.03740938752889636 -0.046000000089406995 0.24540992081165314
v 0.03742553666234019 -0.046000000089406995 0.23165614902973175
v 0.04690988734364513 -0.046000000089406995 0.23590941727161407
v 0.044272802770137815 -0.046000000089406995 0.2217361479997635
v 0.05405813083052639 -0.046000000089406995 0.22453303635120392
v 0.04854708909988407 -0.046000000089406995 0.21046574413776398
v 0.058495674282312435 -0.046000000089406995 0.2118513137102127
v 0.050000000745058094 -0.046000000089406995 0.19849999248981476
v 0.059999998658895534 -0.046000000089406995 0.19849999248981476
v 0.04854708909988407 -0.046000000089406995 0.18653424084186554
v 0.058495674282312435 -0.046000000089406995 0.18514879047870636
v 0.044272802770137815 -0.046000000089406995 0.17526383697986603
v 0.05405813083052639 -0.046000000089406995 0.1724669486284256
v 0.03742553666234019 -0.046000000089406995 0.16534383594989777
v 0.04690988734364513 -0.046000000089406995 0.16109056770801544
v 0.02840323746204378 -0.046000000089406995 0.15735085308551788
v 0.03740938752889636 -0.046000000089406995 0.15159006416797638
v 0.017730243504047404 -0.046000000089406995 0.15174920856952667
v 0.026033025234937685 -0.046000000089406995 0.14444191753864288
v 0.013351256027817735 -0.046000000089406995 0.14000435173511505
v 0.04854708909988407 -0.046000000089406995 0.18653424084186554
v 0.050000000745058094 -0.05600000172853473 0.19849999248981476
v 0.050000000745058094 -0.046000000089406995 0.19849999248981476
v 0.050000000745058094 -0.046000000089406995 0.19849999248981476
v 0.050000000745058094 -0.05600000172853473 0.19849999248981476
v 0.04854708909988407 -0.05600000172853473 0.21046574413776398
v 0.04854708909988407 -0.046000000089406995 0.21046574413776398
v 0.04854708909988407 -0.046000000089406995 0.21046574413776398
v 0.04854708909988407 -0.05600000172853473 0.21046574413776398
v 0.044272802770137815 -0.05600000172853473 0.2217361479997635
v 0.044272802770137815 -0.046000000089406995 0.2217361479997635
v 0.044272802770137815 -0.046000000089406995 0.2217361479997635
v 0.044272802770137815 -0.05600000172853473 0.2217361479997635
v 0.03742553666234019 -0.05600000172853473 0.23165614902973175
v 0.03742553666234019 -0.046000000089406995 0.23165614902973175
v 0.03742553666234019 -0.046000000089406995 0.23165614902973175
v 0.03742553666234019 -0.05600000172853473 0.23165614902973175
v 0.02840323746204378 -0.05600000172853473 0.23964925110340118
v 0.02840323746204378 -0.046000000089406995 0.23964925110340118
v 0.02840323746204378 -0.046000000089406995 0.23964925110340118
v 0.02840323746204378 -0.05600000172853473 0.23964925110340118
v 0.017730243504047404 -0.05600000172853473 0.24525077641010284
v 0.017730243504047404 -0.046000000089406995 0.24525077641010284
v 0.017730243504047404 -0.046000000089406995 0.24525077641010284
v 0.017730243504047404 -0.05600000172853473 0.24525077641010284
v 0.006026833783835177 -0.05600000172853473 0.24813540279865265
v 0.006026833783835177 -0.046000000089406995 0.24813540279865265
v 0.006026833783835177 -0.046000000089406995 0.24813540279865265
v 0.006026833783835177 -0.05600000172853473 0.24813540279865265
v -0.006026833783835177 -0.05600000172853473 0.24813540279865265
v -0.006026833783835177 -0.046000000089406995 0.24813540279865265
v -0.006026833783835177 -0.046000000089406995 0.24813540279865265
v -0.006026833783835177 -0.05600000172853473 0.24813540279865265
v -0.017730243504047404 -0.05600000172853473 0.24525077641010284
v -0.017730243504047404 -0.046000000089406995 0.24525077641010284
v -0.017730243504047404 -0.046000000089406995 0.24525077641010284
v -0.017730243504047404 -0.05600000172853473 0.24525077641010284
v -0.02840323746204378 -0.05600000172853473 0.23964925110340118
v -0.02840323746204378 -0.046000000089406995 0.23964925110340118
v -0.02840323746204378 -0.046000000089406995 0.23964925110340118
v -0.02840323746204378 -0.05600000172853473 0.23964925110340118
v -0.03742553666234019 -0.05600000172853473 0.23165614902973175
v -0.03742553666234019 -0.046000000089406995 0.23165614902973175
v -0.03742553666234019 -0.046000000089406995 0.23165614902973175
v -0.03742553666234019 -0.05600000172853473 0.23165614902973175
v -0.044272802770137815 -0.05600000172853473 0.2217361479997635
v -0.044272802770137815 -0.046000000089406995 0.2217361479997635
v -0.044272802770137815 -0.046000000089406995 0.2217361479997635
v -0.044272802770137815 -0.05600000172853473 0.2217361479997635
v -0.04854708909988407 -0.05600000172853473 0.21046574413776398
v -0.04854708909988407 -0.046000000089406995 0.21046574413776398
v -0.04854708909988407 -0.046000000089406995 0.21046574413776398
v -0.04854708909988407 -0.05600000172853473 0.21046574413776398
v -0.050000000745058094 -0.05600000172853473 0.19849999248981476
v -0.050000000745058094 -0.046000000089406995 0.19849999248981476
v -0.050000000745058094 -0.046000000089406995 0.19849999248981476
v -0.050000000745058094 -0.05600000172853473 0.19849999248981476
v -0.04854708909988407 -0.05600000172853473 0.18653424084186554
v -0.04854708909988407 -0.046000000089406995 0.18653424084186554
v -0.04854708909988407 -0.046000000089406995 0.18653424084186554
v -0.04854708909988407 -0.05600000172853473 0.18653424084186554
v -0.044272802770137815 -0.05600000172853473 0.17526383697986603
v -0.044272802770137815 -0.046000000089406995 0.17526383697986603
v -0.044272802770137815 -0.046000000089406995 0.17526383697986603
v -0.044272802770137815 -0.05600000172853473 0.17526383697986603
v -0.03742553666234019 -0.05600000172853473 0.16534383594989777
v -0.03742553666234019 -0.046000000089406995 0.16534383594989777
v -0.03742553666234019 -0.046000000089406995 0.16534383594989777
v -0.03742553666234019 -0.05600000172853473 0.16534383594989777
v -0.02840323746204378 -0.05600000172853473 0.15735085308551788
v -0.02840323746204378 -0.046000000089406995 0.15735085308551788
v -0.02840323746204378 -0.046000000089406995 0.15735085308551788
v -0.02840323746204378 -0.05600000172853473 0.15735085308551788
v -0.017730243504047404 -0.05600000172853473 0.15174920856952667
v -0.017730243504047404 -0.046000000089406995 0.15174920856952667
v -0.017730243504047404 -0.046000000089406995 0.15174920856952667
v -0.017730243504047404 -0.05600000172853473 0.15174920856952667
v -0.006026833783835177 -0.05600000172853473 0.14886458218097687
v -0.006026833783835177 -0.046000000089406995 0.14886458218097687
v -0.006026833783835177 -0.046000000089406995 0.14886458218097687
v -0.006026833783835177 -0.05600000172853473 0.14886458218097687
v 0.006026833783835177 -0.05600000172853473 0.14886458218097687
v 0.006026833783835177 -0.046000000089406995 0.14886458218097687
v 0.006026833783835177 -0.046000000089406995 0.14886458218097687
v 0.006026833783835177 -0.05600000172853473 0.14886458218097687
v 0.017730243504047404 -0.05600000172853473 0.15174920856952667
v 0.017730243504047404 -0.046000000089406995 0.15174920856952667
v 0.017730243504047404 -0.046000000089406995 0.15174920856952667
v 0.017730243504047404 -0.05600000172853473 0.15174920856952667
v 0.02840323746204378 -0.05600000172853473 0.15735085308551788
v 0.02840323746204378 -0.046000000089406995 0.15735085308551788
v 0.02840323746204378 -0.046000000089406995 0.15735085308551788
v 0.02840323746204378 -0.05600000172853473 0.15735085308551788
v 0.03742553666234019 -0.05600000172853473 0.16534383594989777
v 0.03742553666234019 -0.046000000089406995 0.16534383594989777
v 0.03742553666234019 -0.046000000089406995 0.16534383594989777
v 0.03742553666234019 -0.05600000172853473 0.16534383594989777
v 0.044272802770137815 -0.05600000172853473 0.17526383697986603
v 0.044272802770137815 -0.046000000089406995 0.17526383697986603
v 0.044272802770137815 -0.046000000089406995 0.17526383697986603
v 0.044272802770137815 -0.05600000172853473 0.17526383697986603
v 0.04854708909988407 -0.05600000172853473 0.18653424084186554
v 0.04854708909988407 -0.046000000089406995 0.18653424084186554
v 0.04854708909988407 -0.05600000172853473 0.18653424084186554
v -0.02840323746204378 -0.05600000172853473 0.23964925110340118
v 0.02840323746204378 -0.05600000172853473 0.15735085308551788
v 0.017730243504047404 -0.05600000172853473 0.15174920856952667
v -0.017730243504047404 -0.05600000172853473 0.24525077641010284
v -0.006026833783835177 -0.05600000172853473 0.24813540279865265
v 0.006026833783835177 -0.05600000172853473 0.24813540279865265
v 0.006026833783835177 -0.05600000172853473 0.14886458218097687
v -0.006026833783835177 -0.05600000172853473 0.14886458218097687
v -0.017730243504047404 -0.05600000172853473 0.15174920856952667
v 0.017730243504047404 -0.05600000172853473 0.24525077641010284
v 0.02840323746204378 -0.05600000172853473 0.23964925110340118
v 0.03742553666234019 -0.05600000172853473 0.23165614902973175
v 0.04854708909988407 -0.05600000172853473 0.18653424084186554
v 0.044272802770137815 -0.05600000172853473 0.17526383697986603
v 0.050000000745058094 -0.05600000172853473 0.19849999248981476
v 0.03742553666234019 -0.05600000172853473 0.16534383594989777
v 0.044272802770137815 -0.05600000172853473 0.2217361479997635
v 0.04854708909988407 -0.05600000172853473 0.21046574413776398
v -0.02840323746204378 -0.05600000172853473 0.15735085308551788
v -0.03742553666234019 -0.05600000172853473 0.16534383594989777
v -0.044272802770137815 -0.05600000172853473 0.17526383697986603
v -0.04854708909988407 -0.05600000172853473 0.18653424084186554
v -0.050000000745058094 -0.05600000172853473 0.19849999248981476
v -0.03742553666234019 -0.05600000172853473 0.23165614902973175
v -0.04854708909988407 -0.05600000172853473 0.21046574413776398
v -0.044272802770137815 -0.05600000172853473 0.2217361479997635
v 0.02294983156025411 0.029893698170781156 0.09281641989946365
v 0.028564581647515314 0.027488237246871012 0.09361983090639114
v 0.028564581647515314 0.03518868982791903 0.08568478375673294
v 0.039008203893899945 -0.05330761522054676 0.15059907734394073
v 0.039008203893899945 -0.05323862284421924 0.15122003853321075
v 0.04364354535937312 -0.05331363528966907 0.1556602269411087
v 0.052898470312356984 -0.05372741818428043 0.1680273562669754
v 0.05429974943399433 -0.05379500985145572 0.1708420068025589
v 0.05429974943399433 -0.053844995796680485 0.17057295143604279
v 0.05134218186140064 -0.052679173648357426 0.1611618548631668
v 0.04777545109391216 -0.05205387622118 0.1558120995759964
v 0.04777545109391216 -0.05349863693118099 0.1594274789094925
v 0.05828642845153813 -0.055184353142976796 0.21053941547870636
v 0.05656765401363376 -0.05537623167037967 0.21637268364429474
v 0.05656765401363376 -0.05875968188047413 0.2131917029619217
v 0.058328893035650295 -0.04993037506937984 0.1532423049211502
v 0.058949396014213604 -0.05158048123121265 0.1557350903749466
v 0.058949396014213604 -0.04920246824622158 0.15133078396320343
v 0.058328893035650295 -0.04740620777010921 0.1489744931459427
v 0.058949396014213604 -0.04920246824622158 0.15133078396320343
v 0.058949396014213604 -0.046312637627124814 0.14717061817646027
v 0.058328893035650295 -0.04439448937773707 0.14495404064655304
v 0.058949396014213604 -0.046312637627124814 0.14717061817646027
v 0.058949396014213604 -0.03930686041712764 0.13962633907794952
v -0.05837079882621769 -0.06468666344881062 0.19388814270496368
v -0.059444963932037395 -0.06255754083395008 0.18825896084308624
v -0.059444963932037395 -0.06326723843812947 0.18316395580768585
v -0.05540147051215175 -0.053922768682241475 0.17284388840198517
v -0.05413822457194332 -0.053828738629818 0.16998298466205597
v -0.05413822457194332 -0.053604733198881184 0.1682186871767044
v -0.047540526837110554 -0.05306116119027141 0.16078968346118927
v -0.047540526837110554 -0.05336565896868709 0.16024263203144073
v -0.05114311352372173 -0.05345207452774051 0.1655000001192093
v -0.05650582909584049 -0.05396934971213344 0.17223115265369415
v -0.05413822457194332 -0.05329195782542232 0.1664341241121292
v -0.05413822457194332 -0.05139510333538059 0.15888340771198273
v -0.05650582909584049 -0.05064631253480915 0.1563066989183426
v -0.05650582909584049 -0.04876673221588138 0.15209229290485382
v -0.05824340507388119 -0.05172619596123699 0.15733583271503448
v -0.059947486966848415 -0.04928538575768474 0.14879174530506134
v -0.059947486966848415 -0.042645685374736814 0.14005739986896515
v -0.059444963932037395 -0.04702768847346309 0.143199160695076
v -0.059947486966848415 -0.05541390553116802 0.15771575272083282
v -0.059947486966848415 -0.057718344032764476 0.16253919899463654
v -0.05992415919899945 -0.05426156893372539 0.15800411999225616
v -0.05650582909584049 -0.04030556976795199 0.14025528728961945
v -0.05413822457194332 -0.03651928529143336 0.13587923347949982
v -0.05413822457194332 -0.028605485334992426 0.12979693710803986
v -0.016859784722328196 0.043136920779943494 0.08026707917451859
v -0.016859784722328196 0.046269670128822354 0.07575614005327225
v -0.022604495286941542 0.04435387253761294 0.07612390071153641
v -0.05650582909584049 0.017944034188985835 0.059438180178403854
v -0.05824340507388119 0.012232502922415742 0.05995030328631401
v -0.05824340507388119 0.009253631345927722 0.07198543101549149
v -0.026033025234937685 -0.05099999904632572 0.14444191753864288
v -0.022504357621073737 -0.05099999904632572 0.1432071477174759
v -0.022604495286941542 -0.051299780607223545 0.14289911091327667
v -0.013351256027817735 -0.05099999904632572 0.14000435173511505
v -0.011068009771406657 -0.05099999904632572 0.13974709808826447
v -0.011092000640928752 -0.05129678547382358 0.13951297104358673
v 0.04339493066072467 -0.05099999904632572 0.15757568180561066
v 0.04364354535937312 -0.05132463574409488 0.15728183090686798
v 0.039008203893899945 -0.05131866410374645 0.15287120640277863
v -0.05113219469785694 -0.05099999904632572 0.22918958961963654
v -0.05144087597727779 -0.05308461934328083 0.22874481976032257
v -0.04789213836193088 -0.05312225222587589 0.23400481045246124
v -0.01727796718478204 -0.057121660560369526 0.037000011652708054
v -0.017384400591254245 -0.057762183248996776 0.050931405276060104
v -0.02312232926487924 -0.05570665374398235 0.05084265395998955
v 0.04325770959258082 -0.04106156900525096 0.037000011652708054
v 0.0435101427137852 -0.04167426005005839 0.05023820325732231
v 0.03886068984866145 -0.046065930277109174 0.05042756721377373
v 0.04690988734364513 0.03740938752889636 0.037000011652708054
v 0.043394912034273175 0.04092436283826831 0.037000011652708054
v 0.04364354535937312 0.04065058752894404 0.04668683931231499
v 0.03740938752889636 0.04690988734364513 0.037000011652708054
v 0.03377642109990122 0.04919263347983364 0.037000011652708054
v 0.03395087271928789 0.04893031716346744 0.04632950946688652
v 0.026033025234937685 0.05405813083052639 0.037000011652708054
v 0.022856216877698912 0.055169746279716526 0.037000011652708054
v 0.02294983156025411 0.05488418415188793 0.04607255384325981
v 0.013351256027817735 0.058495674282312435 0.037000011652708054
v 0.01142583508044482 0.05880924686789517 0.037000011652708054
v 0.011440484784543521 0.058337830007076305 0.045923423022031784
v 0.005899561103433375 0.059709254652261776 0.037000011652708054
v 0.011440484784543521 0.058337830007076305 0.045923423022031784
v 0.005899561103433375 0.059709254652261776 0.037000011652708054
v 0.005738519132137302 0.05916148051619534 0.0458877794444561
v 0.04777545109391216 0.03578380495309832 0.04689682647585869
v 0.05134218186140064 0.030545936897397062 0.047122787684202194
v 0.04765641316771511 0.036221303045749685 0.037000011652708054
v 0.04765641316771511 0.036221303045749685 0.037000011652708054
v 0.05134218186140064 0.030545936897397062 0.047122787684202194
v 0.05103043466806415 0.03085157461464407 0.037000011652708054
v 0.05405813083052639 0.026033025234937685 0.037000011652708054
v 0.05405813083052639 0.026033025234937685 0.037000011652708054
v 0.05134218186140064 0.030545936897397062 0.047122787684202194
v 0.05429974943399433 0.02503339387476446 0.04736066982150078
v 0.05405813083052639 0.026033025234937685 0.037000011652708054
v 0.05429974943399433 0.02503339387476446 0.04736066982150078
v 0.054243274033069645 0.025503916665911692 0.037000011652708054
v 0.054243274033069645 0.025503916665911692 0.037000011652708054
v 0.05429974943399433 0.02503339387476446 0.04736066982150078
v 0.056628901511430775 0.01934922114014627 0.047605883330106735
v 0.054243274033069645 0.025503916665911692 0.037000011652708054
v 0.056628901511430775 0.01934922114014627 0.047605883330106735
v 0.05627294257283214 0.019703455269336714 0.037000011652708054
v 0.05627294257283214 0.019703455269336714 0.037000011652708054
v 0.056628901511430775 0.01934922114014627 0.047605883330106735
v 0.058328893035650295 0.013593101873993882 0.04785425588488579
v 0.05627294257283214 0.019703455269336714 0.037000011652708054
v 0.058328893035650295 0.013593101873993882 0.04785425588488579
v 0.058256428688764614 0.014034979045391091 0.037000011652708054
v 0.058495674282312435 0.013351256027817735 0.037000011652708054
v 0.058495674282312435 0.013351256027817735 0.037000011652708054
v 0.058328893035650295 0.013593101873993882 0.04785425588488579
v 0.05994019284844403 0.002243565628305079 0.04834384843707085
v 0.058495674282312435 0.013351256027817735 0.037000011652708054
v 0.05994019284844403 0.002243565628305079 0.04834384843707085
v 0.05970015749335293 0.0026611902285367268 0.037000011652708054
v 0.054219275712966954 -0.026083713397383707 0.04956580325961113
v 0.05621197819709781 -0.019877688959240927 0.037000011652708054
v 0.05656765401363376 -0.02040263637900354 0.049320708960294724
v 0.05656765401363376 -0.02040263637900354 0.049320708960294724
v 0.05621197819709781 -0.019877688959240927 0.037000011652708054
v 0.05819726735353474 -0.014204057864844808 0.037000011652708054
v 0.05656765401363376 -0.02040263637900354 0.049320708960294724
v 0.05819726735353474 -0.014204057864844808 0.037000011652708054
v 0.05828642845153813 -0.014646866358816634 0.04907245561480522
v 0.05828642845153813 -0.014646866358816634 0.04907245561480522
v 0.05819726735353474 -0.014204057864844808 0.037000011652708054
v 0.058495674282312435 -0.013351256027817735 0.037000011652708054
v 0.05828642845153813 -0.014646866358816634 0.04907245561480522
v 0.058495674282312435 -0.013351256027817735 0.037000011652708054
v 0.05939660966396336 -0.008911087177693849 0.048825036734342575
v 0.05939660966396336 -0.008911087177693849 0.048825036734342575
v 0.058495674282312435 -0.013351256027817735 0.037000011652708054
v 0.05904802307486538 -0.008449044078588491 0.037000011652708054
v 0.05939660966396336 -0.008911087177693849 0.048825036734342575
v 0.05904802307486538 -0.008449044078588491 0.037000011652708054
v 0.05994019284844403 0.002243565628305079 0.04834384843707085
v 0.05994019284844403 0.002243565628305079 0.04834384843707085
v 0.05904802307486538 -0.008449044078588491 0.037000011652708054
v 0.059999998658895534 1.0794572163377173e-17 0.037000011652708054
v 0.059999998658895534 1.0794572163377173e-17 0.037000011652708054
v 0.05092863738536838 -0.03101358376443388 0.037000011652708054
v 0.05405813083052639 -0.026033025234937685 0.037000011652708054
v 0.054219275712966954 -0.026083713397383707 0.04956580325961113
v 0.054219275712966954 -0.026083713397383707 0.04956580325961113
v 0.05405813083052639 -0.026033025234937685 0.037000011652708054
v 0.05418136343359951 -0.02568084746599199 0.037000011652708054
v 0.05621197819709781 -0.019877688959240927 0.037000011652708054
v 0.054219275712966954 -0.026083713397383707 0.04956580325961113
v 0.05124292895197872 -0.03159020096063616 0.049803268164396286
v 0.05092863738536838 -0.03101358376443388 0.037000011652708054
v 0.05092863738536838 -0.03101358376443388 0.037000011652708054
v 0.05124292895197872 -0.03159020096063616 0.049803268164396286
v 0.04765824973583225 -0.036819104105234174 0.050028812140226364
v 0.05092863738536838 -0.03101358376443388 0.037000011652708054
v 0.04765824973583225 -0.036819104105234174 0.050028812140226364
v 0.047553990036249195 -0.036384303122758886 0.037000011652708054
v 0.0435101427137852 -0.04167426005005839 0.05023820325732231
v 0.04325770959258082 -0.04106156900525096 0.037000011652708054
v 0.04765824973583225 -0.036819104105234174 0.050028812140226364
v 0.04765824973583225 -0.036819104105234174 0.050028812140226364
v 0.04325770959258082 -0.04106156900525096 0.037000011652708054
v 0.04690988734364513 -0.03740938752889636 0.037000011652708054
v 0.04690988734364513 -0.03740938752889636 0.037000011652708054
v 0.033613555133342764 -0.049294967204332386 0.037000011652708054
v 0.03740938752889636 -0.04690988734364513 0.037000011652708054
v 0.03886068984866145 -0.046065930277109174 0.05042756721377373
v 0.03886068984866145 -0.046065930277109174 0.05042756721377373
v 0.03740938752889636 -0.04690988734364513 0.037000011652708054
v 0.03873312100768092 -0.04558615759015086 0.037000011652708054
v 0.04325770959258082 -0.04106156900525096 0.037000011652708054
v 0.03886068984866145 -0.046065930277109174 0.05042756721377373
v 0.033792003989219686 -0.04992422088980678 0.05059398338198662
v 0.033613555133342764 -0.049294967204332386 0.037000011652708054
v 0.033613555133342764 -0.049294967204332386 0.037000011652708054
v 0.033792003989219686 -0.04992422088980678 0.05059398338198662
v 0.028397269546985644 -0.05319307744503025 0.05073488876223564
v 0.033613555133342764 -0.049294967204332386 0.037000011652708054
v 0.028397269546985644 -0.05319307744503025 0.05073488876223564
v 0.028270684182643908 -0.0526521168649197 0.037000011652708054
v 0.011821994557976731 -0.05921497568488125 0.05099446699023247
v 0.013351256027817735 -0.058495674282312435 0.037000011652708054
v 0.02277721837162973 -0.05584345012903217 0.050849150866270065
v 0.02277721837162973 -0.05584345012903217 0.050849150866270065
v 0.013351256027817735 -0.058495674282312435 0.037000011652708054
v 0.022680245339870467 -0.0552313216030598 0.037000011652708054
v 0.02277721837162973 -0.05584345012903217 0.050849150866270065
v 0.022680245339870467 -0.0552313216030598 0.037000011652708054
v 0.028397269546985644 -0.05319307744503025 0.05073488876223564
v 0.028397269546985644 -0.05319307744503025 0.05073488876223564
v 0.022680245339870467 -0.0552313216030598 0.037000011652708054
v 0.026033025234937685 -0.05405813083052639 0.037000011652708054
v 0.026033025234937685 -0.05405813083052639 0.037000011652708054
v -0.003501816885545852 -0.05960543826222424 0.037000011652708054
v 1.1226314948196163e-17 -0.059999998658895534 0.037000011652708054
v 0.00299041345715523 -0.060224231332540554 0.05103791877627373
v 0.00299041345715523 -0.060224231332540554 0.05103791877627373
v 1.1226314948196163e-17 -0.059999998658895534 0.037000011652708054
v 0.0029645706526935122 -0.059665974229574245 0.037000011652708054
v 0.01179782487452031 -0.05867070332169537 0.037000011652708054
v 0.00299041345715523 -0.060224231332540554 0.05103791877627373
v -0.003546169260516765 -0.06032860651612286 0.051042329519987106
v -0.003501816885545852 -0.05960543826222424 0.037000011652708054
v -0.003501816885545852 -0.05960543826222424 0.037000011652708054
v -0.003546169260516765 -0.06032860651612286 0.051042329519987106
v -0.011614818125963218 -0.05919782817363743 0.050993453711271286
v -0.003501816885545852 -0.05960543826222424 0.037000011652708054
v -0.011614818125963218 -0.05919782817363743 0.050993453711271286
v -0.011595489457249648 -0.058693502098321956 0.037000011652708054
v -0.017384400591254245 -0.057762183248996776 0.050931405276060104
v -0.01727796718478204 -0.057121660560369526 0.037000011652708054
v -0.011614818125963218 -0.05919782817363743 0.050993453711271286
v -0.011614818125963218 -0.05919782817363743 0.050993453711271286
v -0.01727796718478204 -0.057121660560369526 0.037000011652708054
v -0.013351256027817735 -0.058495674282312435 0.037000011652708054
v -0.013351256027817735 -0.058495674282312435 0.037000011652708054
v -0.034109439700841925 -0.04971537366509441 0.0505840890109539
v -0.028591975569725054 -0.05245023593306545 0.037000011652708054
v -0.028731683269143125 -0.05301972478628162 0.05072672292590141
v -0.028731683269143125 -0.05301972478628162 0.05072672292590141
v -0.028591975569725054 -0.05245023593306545 0.037000011652708054
v -0.026033025234937685 -0.05405813083052639 0.037000011652708054
v -0.028731683269143125 -0.05301972478628162 0.05072672292590141
v -0.026033025234937685 -0.05405813083052639 0.037000011652708054
v -0.02312232926487924 -0.05570665374398235 0.05084265395998955
v -0.02312232926487924 -0.05570665374398235 0.05084265395998955
v -0.026033025234937685 -0.05405813083052639 0.037000011652708054
v -0.023032270371913924 -0.05510814115405086 0.037000011652708054
v -0.01727796718478204 -0.057121660560369526 0.037000011652708054
v -0.043776482343673734 -0.04140351340174678 0.0502253882586956
v -0.039006460458040265 -0.04531281441450122 0.037000011652708054
v -0.0391553342342377 -0.04582433775067332 0.05041618272662163
v -0.0391553342342377 -0.04582433775067332 0.05041618272662163
v -0.039006460458040265 -0.04531281441450122 0.037000011652708054
v -0.03740938752889636 -0.04690988734364513 0.037000011652708054
v -0.0391553342342377 -0.04582433775067332 0.05041618272662163
v -0.03740938752889636 -0.04690988734364513 0.037000011652708054
v -0.034109439700841925 -0.04971537366509441 0.0505840890109539
v -0.034109439700841925 -0.04971537366509441 0.0505840890109539
v -0.03740938752889636 -0.04690988734364513 0.037000011652708054
v -0.033939313143491766 -0.049090281128883397 0.037000011652708054
v -0.028591975569725054 -0.05245023593306545 0.037000011652708054
v -0.05144087597727779 -0.03127647563815119 0.049788426607847214
v -0.04775884002447132 -0.03605828806757929 0.037000011652708054
v -0.04789213836193088 -0.03652413189411166 0.05001486465334892
v -0.04789213836193088 -0.03652413189411166 0.05001486465334892
v -0.04775884002447132 -0.03605828806757929 0.037000011652708054
v -0.04690988734364513 -0.03740938752889636 0.037000011652708054
v -0.04789213836193088 -0.03652413189411166 0.05001486465334892
v -0.04690988734364513 -0.03740938752889636 0.037000011652708054
v -0.043776482343673734 -0.04140351340174678 0.0502253882586956
v -0.043776482343673734 -0.04140351340174678 0.0502253882586956
v -0.04690988734364513 -0.03740938752889636 0.037000011652708054
v -0.043532099574804334 -0.04078717902302745 0.037000011652708054
v -0.039006460458040265 -0.04531281441450122 0.037000011652708054
v -0.058495674282312435 -0.013351256027817735 0.037000011652708054
v -0.058315526694059414 -0.013866093941032895 0.037000011652708054
v -0.05837079882621769 -0.014312615618109712 0.04905654117465019
v -0.05633386969566349 -0.01952934451401235 0.037000011652708054
v -0.05837079882621769 -0.014312615618109712 0.04905654117465019
v -0.05633386969566349 -0.01952934451401235 0.037000011652708054
v -0.05668956786394123 -0.02006943523883821 0.049304913729429245
v -0.05668956786394123 -0.02006943523883821 0.049304913729429245
v -0.05633386969566349 -0.01952934451401235 0.037000011652708054
v -0.05430517345666889 -0.025327024981379526 0.037000011652708054
v -0.05668956786394123 -0.02006943523883821 0.049304913729429245
v -0.05430517345666889 -0.025327024981379526 0.037000011652708054
v -0.05437964573502544 -0.025757208466529864 0.04955030605196953
v -0.05437964573502544 -0.025757208466529864 0.04955030605196953
v -0.05430517345666889 -0.025327024981379526 0.037000011652708054
v -0.05405813083052639 -0.026033025234937685 0.037000011652708054
v -0.05437964573502544 -0.025757208466529864 0.04955030605196953
v -0.05405813083052639 -0.026033025234937685 0.037000011652708054
v -0.05144087597727779 -0.03127647563815119 0.049788426607847214
v -0.05144087597727779 -0.03127647563815119 0.049788426607847214
v -0.05405813083052639 -0.026033025234937685 0.037000011652708054
v -0.05113218724727634 -0.030689636245369932 0.037000011652708054
v -0.04775884002447132 -0.03605828806757929 0.037000011652708054
v -0.05908706784248356 -0.008102484047412878 0.037000011652708054
v -0.059444963932037395 -0.008581416681408887 0.04880930110812187
v -0.059999998658895534 -3.9011893231823e-18 0.037000011652708054
v -0.059999998658895534 -3.9011893231823e-18 0.037000011652708054
v -0.059444963932037395 -0.008581416681408887 0.04880930110812187
v -0.05992415919899945 0.002564681926742198 0.048328470438718796
v -0.047540526837110554 0.0360781252384186 0.04688287898898125
v -0.05082679912447933 0.031175661832094213 0.037000011652708054
v -0.05114311352372173 0.030859177932143232 0.0471080057322979
v -0.05114311352372173 0.030859177932143232 0.0471080057322979
v -0.05082679912447933 0.031175661832094213 0.037000011652708054
v -0.05405813083052639 0.026033025234937685 0.037000011652708054
v -0.05114311352372173 0.030859177932143232 0.0471080057322979
v -0.05405813083052639 0.026033025234937685 0.037000011652708054
v -0.05413822457194332 0.025359600782394427 0.04734517261385918
v -0.05413822457194332 0.025359600782394427 0.04734517261385918
v -0.05405813083052639 0.026033025234937685 0.037000011652708054
v -0.0561509691178799 0.02005204185843469 0.037000011652708054
v -0.05413822457194332 0.025359600782394427 0.04734517261385918
v -0.0561509691178799 0.02005204185843469 0.037000011652708054
v -0.05650582909584049 0.019682304933667197 0.04759008809924126
v -0.05650582909584049 0.019682304933667197 0.04759008809924126
v -0.0561509691178799 0.02005204185843469 0.037000011652708054
v -0.058138035237789196 0.014373326674103747 0.037000011652708054
v -0.05650582909584049 0.019682304933667197 0.04759008809924126
v -0.058138035237789196 0.014373326674103747 0.037000011652708054
v -0.05824340507388119 0.013927402906119832 0.04783828184008598
v -0.05824340507388119 0.013927402906119832 0.04783828184008598
v -0.058138035237789196 0.014373326674103747 0.037000011652708054
v -0.058495674282312435 0.013351256027817735 0.037000011652708054
v -0.05824340507388119 0.013927402906119832 0.04783828184008598
v -0.058495674282312435 0.013351256027817735 0.037000011652708054
v -0.05992415919899945 0.002564681926742198 0.048328470438718796
v -0.05992415919899945 0.002564681926742198 0.048328470438718796
v -0.058495674282312435 0.013351256027817735 0.037000011652708054
v -0.0596624538302422 0.0029958190862089417 0.037000011652708054
v -0.059999998658895534 -3.9011893231823e-18 0.037000011652708054
v -0.038712788373231916 0.04529692232608798 0.04648531600832939
v -0.04312048479914668 0.0411987900733948 0.037000011652708054
v -0.04337627440690997 0.04092051461339 0.04667402431368828
v -0.04337627440690997 0.04092051461339 0.04667402431368828
v -0.04312048479914668 0.0411987900733948 0.037000011652708054
v -0.04690988734364513 0.03740938752889636 0.037000011652708054
v -0.04337627440690997 0.04092051461339 0.04667402431368828
v -0.04690988734364513 0.03740938752889636 0.037000011652708054
v -0.047540526837110554 0.0360781252384186 0.04688287898898125
v -0.047540526837110554 0.0360781252384186 0.04688287898898125
v -0.04690988734364513 0.03740938752889636 0.037000011652708054
v -0.04745157808065418 0.0365472920238972 0.037000011652708054
v -0.05082679912447933 0.031175661832094213 0.037000011652708054
v -0.028229752555489557 0.05238850414752964 0.04617954418063164
v -0.033450722694396993 0.04939728602766994 0.037000011652708054
v -0.0336328372359276 0.04913811385631565 0.04631967470049858
v -0.0336328372359276 0.04913811385631565 0.04631967470049858
v -0.033450722694396993 0.04939728602766994 0.037000011652708054
v -0.03740938752889636 0.04690988734364513 0.037000011652708054
v -0.0336328372359276 0.04913811385631565 0.04631967470049858
v -0.03740938752889636 0.04690988734364513 0.037000011652708054
v -0.038712788373231916 0.04529692232608798 0.04648531600832939
v -0.038712788373231916 0.04529692232608798 0.04648531600832939
v -0.03740938752889636 0.04690988734364513 0.037000011652708054
v -0.03859652578830722 0.045722749084234265 0.037000011652708054
v -0.04312048479914668 0.0411987900733948 0.037000011652708054
v -0.016859784722328196 0.05701961368322376 0.04597986862063408
v -0.022504357621073737 0.05529286712408069 0.037000011652708054
v -0.022604495286941542 0.05501985922455791 0.04606611654162407
v -0.022604495286941542 0.05501985922455791 0.04606611654162407
v -0.022504357621073737 0.05529286712408069 0.037000011652708054
v -0.026033025234937685 0.05405813083052639 0.037000011652708054
v -0.022604495286941542 0.05501985922455791 0.04606611654162407
v -0.026033025234937685 0.05405813083052639 0.037000011652708054
v -0.028229752555489557 0.05238850414752964 0.04617954418063164
v -0.028229752555489557 0.05238850414752964 0.04617954418063164
v -0.026033025234937685 0.05405813083052639 0.037000011652708054
v -0.02811019867658617 0.05275295674800876 0.037000011652708054
v -0.033450722694396993 0.04939728602766994 0.037000011652708054
v 0.005899561103433375 0.059709254652261776 0.037000011652708054
v 0.005738125648349527 0.05971721187233929 0.037000011652708054
v 0.005738519132137302 0.05916148051619534 0.0458877794444561
v -1.0817327074847894e-17 0.059999998658895534 0.037000011652708054
v 0.005738519132137302 0.05916148051619534 0.0458877794444561
v -1.0817327074847894e-17 0.059999998658895534 0.037000011652708054
v 0.00016779782890807848 0.05943480134010319 0.0458759181201458
v 0.00016779782890807848 0.05943480134010319 0.0458759181201458
v -1.0817327074847894e-17 0.059999998658895534 0.037000011652708054
v -0.005356745794415477 0.05939643830060963 0.037000011652708054
v 0.00016779782890807848 0.05943480134010319 0.0458759181201458
v -0.005356745794415477 0.05939643830060963 0.037000011652708054
v -0.005397376604378227 0.059191841632127803 0.04588634893298149
v -0.005397376604378227 0.059191841632127803 0.04588634893298149
v -0.005356745794415477 0.05939643830060963 0.037000011652708054
v -0.011068009771406657 0.05875293537974362 0.037000011652708054
v -0.005397376604378227 0.059191841632127803 0.04588634893298149
v -0.011068009771406657 0.05875293537974362 0.037000011652708054
v -0.011092000640928752 0.058401480317115825 0.04592038318514824
v -0.011092000640928752 0.058401480317115825 0.04592038318514824
v -0.011068009771406657 0.05875293537974362 0.037000011652708054
v -0.013351256027817735 0.058495674282312435 0.037000011652708054
v -0.011092000640928752 0.058401480317115825 0.04592038318514824
v -0.013351256027817735 0.058495674282312435 0.037000011652708054
v -0.016859784722328196 0.05701961368322376 0.04597986862063408
v -0.016859784722328196 0.05701961368322376 0.04597986862063408
v -0.013351256027817735 0.058495674282312435 0.037000011652708054
v -0.016761891543865214 0.057302240282297176 0.037000011652708054
v -0.022504357621073737 0.05529286712408069 0.037000011652708054
v -0.059444963932037395 -0.052923027426004444 0.2060004025697708
v -0.05934652686119084 -0.05099999904632572 0.20662684738636017
v -0.059709254652261776 -0.05099999904632572 0.20439954102039337
v -0.059444963932037395 -0.052923027426004444 0.2060004025697708
v -0.059709254652261776 -0.05099999904632572 0.20439954102039337
v -0.05992415919899945 -0.05284420400857929 0.19483180344104767
v -0.058495674282312435 -0.05099999904632572 0.2118513137102127
v -0.058495674282312435 -0.05099999904632572 0.2118513137102127
v -0.059444963932037395 -0.052923027426004444 0.2060004025697708
v -0.05837079882621769 -0.05296368524432186 0.2117435485124588
v -0.058495674282312435 -0.05099999904632572 0.2118513137102127
v -0.05837079882621769 -0.05296368524432186 0.2117435485124588
v -0.05831543728709225 -0.05099999904632572 0.21236629784107208
v -0.05831543728709225 -0.05099999904632572 0.21236629784107208
v -0.05837079882621769 -0.05296368524432186 0.2117435485124588
v -0.05668956786394123 -0.053004622459411656 0.21751268208026886
v -0.05831543728709225 -0.05099999904632572 0.21236629784107208
v -0.05668956786394123 -0.053004622459411656 0.21751268208026886
v -0.05633381381630901 -0.05099999904632572 0.2180294543504715
v -0.05633381381630901 -0.05099999904632572 0.2180294543504715
v -0.05668956786394123 -0.053004622459411656 0.21751268208026886
v -0.05437964573502544 -0.053045168519020115 0.22321303188800812
v -0.05633381381630901 -0.05099999904632572 0.2180294543504715
v -0.05437964573502544 -0.053045168519020115 0.22321303188800812
v -0.05430516600608829 -0.05099999904632572 0.2238270789384842
v -0.05144087597727779 -0.05308461934328083 0.22874481976032257
v -0.05113219469785694 -0.05099999904632572 0.22918958961963654
v -0.05437964573502544 -0.053045168519020115 0.22321303188800812
v -0.05437964573502544 -0.053045168519020115 0.22321303188800812
v -0.05113219469785694 -0.05099999904632572 0.22918958961963654
v -0.05405813083052639 -0.05099999904632572 0.22453303635120392
v -0.05437964573502544 -0.053045168519020115 0.22321303188800812
v -0.05405813083052639 -0.05099999904632572 0.22453303635120392
v -0.05430516600608829 -0.05099999904632572 0.2238270789384842
v -0.04353211447596553 -0.05099999904632572 0.23928721249103546
v -0.04690988734364513 -0.05099999904632572 0.23590941727161407
v -0.04789213836193088 -0.05312225222587589 0.23400481045246124
v -0.04789213836193088 -0.05312225222587589 0.23400481045246124
v -0.04690988734364513 -0.05099999904632572 0.23590941727161407
v -0.04775885492563251 -0.05099999904632572 0.23455829918384552
v -0.05113219469785694 -0.05099999904632572 0.22918958961963654
v -0.04789213836193088 -0.05312225222587589 0.23400481045246124
v -0.043776482343673734 -0.05315736681222919 0.2388959676027298
v -0.04353211447596553 -0.05099999904632572 0.23928721249103546
v -0.04353211447596553 -0.05099999904632572 0.23928721249103546
v -0.043776482343673734 -0.05315736681222919 0.2388959676027298
v -0.0391553342342377 -0.0531893223524094 0.24332793056964874
v -0.04353211447596553 -0.05099999904632572 0.23928721249103546
v -0.0391553342342377 -0.0531893223524094 0.24332793056964874
v -0.03900647163391116 -0.05099999904632572 0.24381275475025177
v -0.034109439700841925 -0.05321760475635532 0.2472294121980667
v -0.033939316868782064 -0.05099999904632572 0.24759025871753693
v -0.0391553342342377 -0.0531893223524094 0.24332793056964874
v -0.0391553342342377 -0.0531893223524094 0.24332793056964874
v -0.033939316868782064 -0.05099999904632572 0.24759025871753693
v -0.03740938752889636 -0.05099999904632572 0.24540992081165314
v -0.0391553342342377 -0.0531893223524094 0.24332793056964874
v -0.03740938752889636 -0.05099999904632572 0.24540992081165314
v -0.03900647163391116 -0.05099999904632572 0.24381275475025177
v -0.028591979295015352 -0.05099999904632572 0.25095027685165405
v -0.028731683269143125 -0.056450273841619526 0.24942190945148468
v -0.026033025234937685 -0.05099999904632572 0.252558171749115
v -0.026033025234937685 -0.05099999904632572 0.252558171749115
v -0.028731683269143125 -0.056450273841619526 0.24942190945148468
v -0.02312232926487924 -0.05654097720980648 0.25214558839797974
v -0.026033025234937685 -0.05099999904632572 0.252558171749115
v -0.02312232926487924 -0.05654097720980648 0.25214558839797974
v -0.02303228341042997 -0.05099999904632572 0.25360816717147827
v -0.02303228341042997 -0.05099999904632572 0.25360816717147827
v -0.02312232926487924 -0.05654097720980648 0.25214558839797974
v -0.017384400591254245 -0.05661062151193622 0.2542293667793274
v -0.011614818125963218 -0.05665957182645801 0.25568491220474243
v -0.013351256027817735 -0.05099999904632572 0.25699561834335327
v -0.017384400591254245 -0.05661062151193622 0.2542293667793274
v -0.017384400591254245 -0.05661062151193622 0.2542293667793274
v -0.013351256027817735 -0.05099999904632572 0.25699561834335327
v -0.017278006300330172 -0.05099999904632572 0.25562161207199097
v -0.02303228341042997 -0.05099999904632572 0.25360816717147827
v -0.011595491319894798 -0.05099999904632572 0.25719350576400757
v -0.003546169260516765 -0.056698750704526936 0.25683170557022095
v -0.003501680912449958 -0.05099999904632572 0.25810545682907104
v -0.003501680912449958 -0.05099999904632572 0.25810545682907104
v -0.003546169260516765 -0.056698750704526936 0.25683170557022095
v -0.0015107626095414173 -0.05669873580336574 0.2568204998970032
v -0.003501680912449958 -0.05099999904632572 0.25810545682907104
v -0.0015107626095414173 -0.05669873580336574 0.2568204998970032
v -0.0014929401222616445 -0.05099999904632572 0.258331835269928
v -0.0014929401222616445 -0.05099999904632572 0.258331835269928
v -0.0015107626095414173 -0.05669873580336574 0.2568204998970032
v -2.1021175648395835e-17 -0.05099999904632572 0.25850003957748413
v -2.1021175648395835e-17 -0.05099999904632572 0.25850003957748413
v -0.0015107626095414173 -0.05669873580336574 0.2568204998970032
v 0.00299041345715523 -0.0566964186728001 0.2567264437675476
v -2.1021175648395835e-17 -0.05099999904632572 0.25850003957748413
v 0.00299041345715523 -0.0566964186728001 0.2567264437675476
v 0.0029644649475812934 -0.05099999904632572 0.25816601514816284
v 0.0029644649475812934 -0.05099999904632572 0.25816601514816284
v 0.00299041345715523 -0.0566964186728001 0.2567264437675476
v 0.011821994557976731 -0.05666427686810497 0.25570446252822876
v 0.0029644649475812934 -0.05099999904632572 0.25816601514816284
v 0.011821994557976731 -0.05666427686810497 0.25570446252822876
v 0.01179814152419568 -0.05099999904632572 0.2571706175804138
v 0.013351256027817735 -0.05099999904632572 0.25699561834335327
v 0.013351256027817735 -0.05099999904632572 0.25699561834335327
v 0.011821994557976731 -0.05666427686810497 0.25570446252822876
v 0.017091557383537303 -0.0566198751330376 0.25432902574539185
v 0.013351256027817735 -0.05099999904632572 0.25699561834335327
v 0.017091557383537303 -0.0566198751330376 0.25432902574539185
v 0.02268053218722345 -0.05099999904632572 0.2537311911582947
v 0.02268053218722345 -0.05099999904632572 0.2537311911582947
v 0.017091557383537303 -0.0566198751330376 0.25432902574539185
v 0.02277721837162973 -0.05655363202095035 0.2522884011268616
v 0.02268053218722345 -0.05099999904632572 0.2537311911582947
v 0.02277721837162973 -0.05655363202095035 0.2522884011268616
v 0.026033025234937685 -0.05099999904632572 0.252558171749115
v 0.026033025234937685 -0.05099999904632572 0.252558171749115
v 0.02277721837162973 -0.05655363202095035 0.2522884011268616
v 0.028397269546985644 -0.05646612867712978 0.24960286915302277
v 0.026033025234937685 -0.05099999904632572 0.252558171749115
v 0.028397269546985644 -0.05646612867712978 0.24960286915302277
v 0.0282707028090954 -0.05099999904632572 0.2511520981788635
v 0.0435101427137852 -0.05317292734980587 0.23921151459217072
v 0.03873315453529361 -0.05099999904632572 0.2440861016511917
v 0.03886068984866145 -0.053203228861093556 0.24360962212085724
v 0.03886068984866145 -0.053203228861093556 0.24360962212085724
v 0.03873315453529361 -0.05099999904632572 0.2440861016511917
v 0.03740938752889636 -0.05099999904632572 0.24540992081165314
v 0.03886068984866145 -0.053203228861093556 0.24360962212085724
v 0.03740938752889636 -0.05099999904632572 0.24540992081165314
v 0.033792003989219686 -0.05322969332337383 0.2474730759859085
v 0.033792003989219686 -0.05322969332337383 0.2474730759859085
v 0.03740938752889636 -0.05099999904632572 0.24540992081165314
v 0.03361358121037485 -0.05099999904632572 0.24779494106769562
v 0.0282707028090954 -0.05099999904632572 0.2511520981788635
v 0.05124292895197872 -0.05310289189219478 0.22911126911640167
v 0.04755402728915218 -0.05099999904632572 0.23488421738147736
v 0.04765824973583225 -0.05313927307724956 0.23434872925281525
v 0.04765824973583225 -0.05313927307724956 0.23434872925281525
v 0.04755402728915218 -0.05099999904632572 0.23488421738147736
v 0.04690988734364513 -0.05099999904632572 0.23590941727161407
v 0.04765824973583225 -0.05313927307724956 0.23434872925281525
v 0.04690988734364513 -0.05099999904632572 0.23590941727161407
v 0.0435101427137852 -0.05317292734980587 0.23921151459217072
v 0.0435101427137852 -0.05317292734980587 0.23921151459217072
v 0.04690988734364513 -0.05099999904632572 0.23590941727161407
v 0.04325774684548381 -0.05099999904632572 0.2395615130662918
v 0.03873315453529361 -0.05099999904632572 0.2440861016511917
v 0.05828642845153813 -0.05298428609967235 0.21213765442371368
v 0.05621198937296871 -0.05099999904632572 0.21837766468524933
v 0.05656765401363376 -0.053024679422378575 0.21790404617786407
v 0.05656765401363376 -0.053024679422378575 0.21790404617786407
v 0.05621198937296871 -0.05099999904632572 0.21837766468524933
v 0.0541813783347607 -0.05099999904632572 0.22418077290058136
v 0.05656765401363376 -0.053024679422378575 0.21790404617786407
v 0.0541813783347607 -0.05099999904632572 0.22418077290058136
v 0.054219275712966954 -0.053064450621604954 0.22359521687030792
v 0.054219275712966954 -0.053064450621604954 0.22359521687030792
v 0.0541813783347607 -0.05099999904632572 0.22418077290058136
v 0.05405813083052639 -0.05099999904632572 0.22453303635120392
v 0.054219275712966954 -0.053064450621604954 0.22359521687030792
v 0.05405813083052639 -0.05099999904632572 0.22453303635120392
v 0.05124292895197872 -0.05310289189219478 0.22911126911640167
v 0.05124292895197872 -0.05310289189219478 0.22911126911640167
v 0.05405813083052639 -0.05099999904632572 0.22453303635120392
v 0.05092866718769077 -0.05099999904632572 0.22951360046863556
v 0.05124292895197872 -0.05310289189219478 0.22911126911640167
v 0.05092866718769077 -0.05099999904632572 0.22951360046863556
v 0.04755402728915218 -0.05099999904632572 0.23488421738147736
v 0.05939660966396336 -0.05294393375515941 0.20639093220233917
v 0.058495674282312435 -0.05099999904632572 0.2118513137102127
v 0.05828642845153813 -0.05298428609967235 0.21213765442371368
v 0.05828642845153813 -0.05298428609967235 0.21213765442371368
v 0.058495674282312435 -0.05099999904632572 0.2118513137102127
v 0.058197278529405636 -0.05099999904632572 0.21270401775836945
v 0.05828642845153813 -0.05298428609967235 0.21213765442371368
v 0.058197278529405636 -0.05099999904632572 0.21270401775836945
v 0.05621198937296871 -0.05099999904632572 0.21837766468524933
v 0.058495674282312435 -0.05099999904632572 0.18514879047870636
v 0.05970015749335293 -0.05099999904632572 0.19583888351917267
v 0.05994019284844403 -0.052865210920572316 0.19521434605121613
v 0.059999998658895534 -0.05099999904632572 0.19849999248981476
v 0.05994019284844403 -0.052865210920572316 0.19521434605121613
v 0.059999998658895534 -0.05099999904632572 0.19849999248981476
v 0.05939660966396336 -0.05294393375515941 0.20639093220233917
v 0.05939660966396336 -0.05294393375515941 0.20639093220233917
v 0.059999998658895534 -0.05099999904632572 0.19849999248981476
v 0.05904802307486538 -0.05099999904632572 0.20694907009601593
v 0.058495674282312435 -0.05099999904632572 0.2118513137102127
v 0.05429974943399433 -0.05270331352949146 0.1723761111497879
v 0.056272957473993336 -0.05099999904632572 0.17879660427570343
v 0.056628901511430775 -0.05274383723735813 0.1780727654695511
v 0.056628901511430775 -0.05274383723735813 0.1780727654695511
v 0.056272957473993336 -0.05099999904632572 0.17879660427570343
v 0.05825643986463551 -0.05099999904632572 0.18446500599384308
v 0.056628901511430775 -0.05274383723735813 0.1780727654695511
v 0.05825643986463551 -0.05099999904632572 0.18446500599384308
v 0.058328893035650295 -0.05278477072715763 0.1838413029909134
v 0.058328893035650295 -0.05278477072715763 0.1838413029909134
v 0.05825643986463551 -0.05099999904632572 0.18446500599384308
v 0.058495674282312435 -0.05099999904632572 0.18514879047870636
v 0.058328893035650295 -0.05278477072715763 0.1838413029909134
v 0.058495674282312435 -0.05099999904632572 0.18514879047870636
v 0.05942105129361157 -0.05282545089721683 0.18958671391010284
v 0.05942105129361157 -0.05282545089721683 0.18958671391010284
v 0.058495674282312435 -0.05099999904632572 0.18514879047870636
v 0.05994019284844403 -0.052865210920572316 0.19521434605121613
v 0.051030453294515644 -0.05099999904632572 0.16764850914478302
v 0.05405813083052639 -0.05099999904632572 0.1724669486284256
v 0.05429974943399433 -0.05270331352949146 0.1723761111497879
v 0.05429974943399433 -0.05270331352949146 0.1723761111497879
v 0.05405813083052639 -0.05099999904632572 0.1724669486284256
v 0.05424328893423084 -0.05099999904632572 0.17299611866474152
v 0.056272957473993336 -0.05099999904632572 0.17879660427570343
v 0.05429974943399433 -0.05270331352949146 0.1723761111497879
v 0.05134218186140064 -0.05266390740871433 0.1668509989976883
v 0.051030453294515644 -0.05099999904632572 0.16764850914478302
v 0.051030453294515644 -0.05099999904632572 0.16764850914478302
v 0.05134218186140064 -0.05266390740871433 0.1668509989976883
v 0.04777545109391216 -0.05262634158134464 0.16160090267658234
v 0.051030453294515644 -0.05099999904632572 0.16764850914478302
v 0.04777545109391216 -0.05262634158134464 0.16160090267658234
v 0.0476564317941666 -0.05099999904632572 0.16227872669696808
v 0.04364354535937312 -0.05132463574409488 0.15728183090686798
v 0.04339493066072467 -0.05099999904632572 0.15757568180561066
v 0.04777545109391216 -0.05262634158134464 0.16160090267658234
v 0.04777545109391216 -0.05262634158134464 0.16160090267658234
v 0.04339493066072467 -0.05099999904632572 0.15757568180561066
v 0.04690988734364513 -0.05099999904632572 0.16109056770801544
v 0.04777545109391216 -0.05262634158134464 0.16160090267658234
v 0.04690988734364513 -0.05099999904632572 0.16109056770801544
v 0.0476564317941666 -0.05099999904632572 0.16227872669696808
v 0.028564581647515314 -0.05130865797400478 0.14570339024066925
v 0.033776432275772116 -0.05099999904632572 0.14930732548236847
v 0.03395087271928789 -0.05131331458687786 0.1489928513765335
v 0.03395087271928789 -0.05131331458687786 0.1489928513765335
v 0.033776432275772116 -0.05099999904632572 0.14930732548236847
v 0.03740938752889636 -0.05099999904632572 0.15159006416797638
v 0.03395087271928789 -0.05131331458687786 0.1489928513765335
v 0.03740938752889636 -0.05099999904632572 0.15159006416797638
v 0.039008203893899945 -0.05131866410374645 0.15287120640277863
v 0.039008203893899945 -0.05131866410374645 0.15287120640277863
v 0.03740938752889636 -0.05099999904632572 0.15159006416797638
v 0.0388697795569897 -0.05099999904632572 0.153050497174263
v 0.04339493066072467 -0.05099999904632572 0.15757568180561066
v 0.017209554091095935 -0.05130160972476009 0.1409941464662552
v 0.02285622060298921 -0.05099999904632572 0.14333029091358185
v 0.02294983156025411 -0.051304750144481694 0.14303262531757355
v 0.02294983156025411 -0.051304750144481694 0.14303262531757355
v 0.02285622060298921 -0.05099999904632572 0.14333029091358185
v 0.026033025234937685 -0.05099999904632572 0.14444191753864288
v 0.02294983156025411 -0.051304750144481694 0.14303262531757355
v 0.026033025234937685 -0.05099999904632572 0.14444191753864288
v 0.028564581647515314 -0.05130865797400478 0.14570339024066925
v 0.028564581647515314 -0.05130865797400478 0.14570339024066925
v 0.026033025234937685 -0.05099999904632572 0.14444191753864288
v 0.0284312851727009 -0.05099999904632572 0.1459488421678543
v 0.033776432275772116 -0.05099999904632572 0.14930732548236847
v -6.325413748246054e-18 -0.05099999904632572 0.13850004971027374
v 0.00569715537130833 -0.05099999904632572 0.13914187252521515
v 0.005738519132137302 -0.05129761248826984 0.13875122368335724
v 0.005738519132137302 -0.05129761248826984 0.13875122368335724
v 0.00569715537130833 -0.05099999904632572 0.13914187252521515
v 0.011419542133808143 -0.05099999904632572 0.13978667557239532
v 0.005738519132137302 -0.05129761248826984 0.13875122368335724
v 0.011419542133808143 -0.05099999904632572 0.13978667557239532
v 0.011440484784543521 -0.05129924044013027 0.1395755559206009
v 0.011440484784543521 -0.05129924044013027 0.1395755559206009
v 0.011419542133808143 -0.05099999904632572 0.13978667557239532
v 0.013351256027817735 -0.05099999904632572 0.14000435173511505
v 0.011440484784543521 -0.05129924044013027 0.1395755559206009
v 0.013351256027817735 -0.05099999904632572 0.14000435173511505
v 0.017209554091095935 -0.05130160972476009 0.1409941464662552
v 0.017209554091095935 -0.05130160972476009 0.1409941464662552
v 0.013351256027817735 -0.05099999904632572 0.14000435173511505
v 0.017105789855122577 -0.05099999904632572 0.1413181573152542
v 0.02285622060298921 -0.05099999904632572 0.14333029091358185
v -0.03740938752889636 -0.05099999904632572 0.15159006416797638
v -0.033450722694396993 -0.05099999904632572 0.14910276234149933
v -0.0336328372359276 -0.051305934786796605 0.14878816902637482
v -0.0336328372359276 -0.051305934786796605 0.14878816902637482
v -0.033450722694396993 -0.05099999904632572 0.14910276234149933
v -0.028110200539231318 -0.05099999904632572 0.14574702084064484
v -0.058495674282312435 -0.05099999904632572 0.18514879047870636
v -0.0581380240619183 -0.05099999904632572 0.18412669003009796
v -0.05824340507388119 -0.05276418477296833 0.1834471970796585
v -0.056150965392589604 -0.05099999904632572 0.1784479171037674
v -0.05824340507388119 -0.05276418477296833 0.1834471970796585
v -0.056150965392589604 -0.05099999904632572 0.1784479171037674
v -0.05650582909584049 -0.0527237989008427 0.17768163979053497
v -0.05650582909584049 -0.0527237989008427 0.17768163979053497
v -0.056150965392589604 -0.05099999904632572 0.1784479171037674
v -0.05405813083052639 -0.05099999904632572 0.1724669486284256
v -0.05650582909584049 -0.0527237989008427 0.17768163979053497
v -0.05405813083052639 -0.05099999904632572 0.1724669486284256
v -0.05413822457194332 -0.05268405750393871 0.17199428379535675
v -0.05413822457194332 -0.05268405750393871 0.17199428379535675
v -0.05405813083052639 -0.05099999904632572 0.1724669486284256
v -0.05082679912447933 -0.05099999904632572 0.16732437908649445
v -0.05413822457194332 -0.05268405750393871 0.17199428379535675
v -0.05082679912447933 -0.05099999904632572 0.16732437908649445
v -0.05114311352372173 -0.05264567211270336 0.16648514568805695
v -0.05114311352372173 -0.05264567211270336 0.16648514568805695
v -0.05082679912447933 -0.05099999904632572 0.16732437908649445
v -0.04745157808065418 -0.05099999904632572 0.1619526892900467
v -0.05114311352372173 -0.05264567211270336 0.16648514568805695
v -0.04745157808065418 -0.05099999904632572 0.1619526892900467
v -0.047540526837110554 -0.0513207130134106 0.1618639975786209
v -0.047540526837110554 -0.0513207130134106 0.1618639975786209
v -0.04745157808065418 -0.05099999904632572 0.1619526892900467
v -0.04690988734364513 -0.05099999904632572 0.16109056770801544
v -0.059709254652261776 -0.05099999904632572 0.20439954102039337
v -0.059999998658895534 -0.05099999904632572 0.19849999248981476
v -0.05992415919899945 -0.05284420400857929 0.19483180344104767
v -0.05992415919899945 -0.05284420400857929 0.19483180344104767
v -0.059999998658895534 -0.05099999904632572 0.19849999248981476
v -0.0596624501049519 -0.05099999904632572 0.19550414383411407
v -0.05902846530079846 -0.05099999904632572 0.18987734615802765
v -0.022604495286941542 0.04435387253761294 0.07612390071153641
v -0.016859784722328196 0.046269670128822354 0.07575614005327225
v -0.022604495286941542 0.049462232738733326 0.06643349677324295
v -0.011092000640928752 0.056373156607151066 0.05599410459399223
v -0.016859784722328196 0.05500142276287082 0.05611683055758476
v -0.016859784722328196 0.05340811610221866 0.06117386743426323
v -0.016859784722328196 0.05340811610221866 0.06117386743426323
v -0.016859784722328196 0.05500142276287082 0.05611683055758476
v -0.022604495286941542 0.05301647633314136 0.0562945120036602
v -0.016859784722328196 0.05340811610221866 0.06117386743426323
v -0.022604495286941542 0.05301647633314136 0.0562945120036602
v -0.016859784722328196 0.051419191062450444 0.06616366654634476
v -0.016859784722328196 0.051419191062450444 0.06616366654634476
v -0.022604495286941542 0.05301647633314136 0.0562945120036602
v -0.022604495286941542 0.049462232738733326 0.06643349677324295
v -0.016859784722328196 0.051419191062450444 0.06616366654634476
v -0.022604495286941542 0.049462232738733326 0.06643349677324295
v -0.016859784722328196 0.04903594404459003 0.07103986293077469
v -0.016859784722328196 0.04903594404459003 0.07103986293077469
v -0.022604495286941542 0.049462232738733326 0.06643349677324295
v -0.016859784722328196 0.046269670128822354 0.07575614005327225
v -0.047540526837110554 0.034216493368148825 0.05797923728823662
v -0.05114311352372173 0.02903677709400656 0.05844355747103691
v -0.05114311352372173 0.025820802897214907 0.06969708949327469
v -0.05413822457194332 0.02357857674360277 0.05893291160464287
v -0.05650582909584049 0.017944034188985835 0.059438180178403854
v -0.05650582909584049 0.014884571544826041 0.07120759040117264
v 0.00299041345715523 -0.06135595217347149 0.06655389815568924
v 0.00299041345715523 -0.06329614669084553 0.08201540261507034
v -0.003546169260516765 -0.061459876596927684 0.06656283885240555
v -0.003546169260516765 -0.061459876596927684 0.06656283885240555
v 0.00299041345715523 -0.06329614669084553 0.08201540261507034
v -0.003546169260516765 -0.06339862942695622 0.08202893286943436
v -0.003546169260516765 -0.061459876596927684 0.06656283885240555
v -0.003546169260516765 -0.06339862942695622 0.08202893286943436
v -0.011614818125963218 -0.060338061302900356 0.06646180897951126
v -0.011614818125963218 -0.060338061302900356 0.06646180897951126
v -0.003546169260516765 -0.06339862942695622 0.08202893286943436
v -0.011614818125963218 -0.06229267641901974 0.08187533169984818
v -0.011614818125963218 -0.060338061302900356 0.06646180897951126
v -0.011614818125963218 -0.06229267641901974 0.08187533169984818
v -0.017384400591254245 -0.0589135549962521 0.06633365899324417
v -0.017384400591254245 -0.0589135549962521 0.06633365899324417
v -0.011614818125963218 -0.06229267641901974 0.08187533169984818
v -0.017384400591254245 -0.060888297855854076 0.08168072253465652
v -0.017384400591254245 -0.0589135549962521 0.06633365899324417
v -0.017384400591254245 -0.060888297855854076 0.08168072253465652
v -0.02312232926487924 -0.05687384679913524 0.06615043431520462
v -0.02312232926487924 -0.05687384679913524 0.06615043431520462
v -0.017384400591254245 -0.060888297855854076 0.08168072253465652
v -0.02312232926487924 -0.05887739360332493 0.08140230923891068
v -0.02312232926487924 -0.05687384679913524 0.06615043431520462
v -0.02312232926487924 -0.05887739360332493 0.08140230923891068
v -0.028731683269143125 -0.054207500070333516 0.0659109428524971
v -0.028731683269143125 -0.054207500070333516 0.0659109428524971
v -0.02312232926487924 -0.05887739360332493 0.08140230923891068
v -0.028731683269143125 -0.056248694658279454 0.08103854209184647
v -0.028731683269143125 -0.054207500070333516 0.0659109428524971
v -0.028731683269143125 -0.056248694658279454 0.08103854209184647
v -0.034109439700841925 -0.050928384065628086 0.06561655551195145
v -0.034109439700841925 -0.050928384065628086 0.06561655551195145
v -0.028731683269143125 -0.056248694658279454 0.08103854209184647
v -0.034109439700841925 -0.05301587283611301 0.08059138804674149
v -0.034109439700841925 -0.050928384065628086 0.06561655551195145
v -0.034109439700841925 -0.05301587283611301 0.08059138804674149
v -0.0391553342342377 -0.047066994011402165 0.06526989489793777
v -0.0391553342342377 -0.047066994011402165 0.06526989489793777
v -0.034109439700841925 -0.05301587283611301 0.08059138804674149
v -0.0391553342342377 -0.04920899495482448 0.08006490021944046
v -0.0391553342342377 -0.047066994011402165 0.06526989489793777
v -0.0391553342342377 -0.04920899495482448 0.08006490021944046
v -0.043776482343673734 -0.04267979785799983 0.06487614661455154
v -0.043776482343673734 -0.04267979785799983 0.06487614661455154
v -0.0391553342342377 -0.04920899495482448 0.08006490021944046
v -0.043776482343673734 -0.04488372430205348 0.07946682721376419
v -0.043776482343673734 -0.04267979785799983 0.06487614661455154
v -0.043776482343673734 -0.04488372430205348 0.07946682721376419
v -0.04789213836193088 -0.03783747926354411 0.06444162875413895
v -0.04789213836193088 -0.03783747926354411 0.06444162875413895
v -0.043776482343673734 -0.04488372430205348 0.07946682721376419
v -0.04789213836193088 -0.04010975733399394 0.07880682498216629
v -0.04789213836193088 -0.03783747926354411 0.06444162875413895
v -0.04789213836193088 -0.04010975733399394 0.07880682498216629
v -0.05144087597727779 -0.0326296389102936 0.06397432833909988
v -0.05144087597727779 -0.0326296389102936 0.06397432833909988
v -0.04789213836193088 -0.04010975733399394 0.07880682498216629
v -0.05144087597727779 -0.03497541695833208 0.07809705287218094
v -0.05144087597727779 -0.0326296389102936 0.06397432833909988
v -0.05144087597727779 -0.03497541695833208 0.07809705287218094
v -0.05437964573502544 -0.027152206748724 0.06348288804292679
v -0.05437964573502544 -0.027152206748724 0.06348288804292679
v -0.05144087597727779 -0.03497541695833208 0.07809705287218094
v -0.05437964573502544 -0.02957529202103617 0.0773506835103035
v -0.05437964573502544 -0.027152206748724 0.06348288804292679
v -0.05437964573502544 -0.02957529202103617 0.0773506835103035
v -0.05668956786394123 -0.021507505327463164 0.06297648698091507
v -0.05668956786394123 -0.021507505327463164 0.06297648698091507
v -0.05437964573502544 -0.02957529202103617 0.0773506835103035
v -0.05668956786394123 -0.02401025593280794 0.07658154517412186
v -0.05668956786394123 -0.021507505327463164 0.06297648698091507
v -0.05668956786394123 -0.02401025593280794 0.07658154517412186
v -0.05837079882621769 -0.01579425111413003 0.06246400997042656
v -0.05837079882621769 -0.01579425111413003 0.06246400997042656
v -0.05668956786394123 -0.02401025593280794 0.07658154517412186
v -0.05837079882621769 -0.018377628177404418 0.07580310851335526
v 0.00299041345715523 -0.060224231332540554 0.05103791877627373
v 0.00299041345715523 -0.06135595217347149 0.06655389815568924
v -0.003546169260516765 -0.06032860651612286 0.051042329519987106
v -0.003546169260516765 -0.06032860651612286 0.051042329519987106
v 0.00299041345715523 -0.06135595217347149 0.06655389815568924
v -0.003546169260516765 -0.061459876596927684 0.06656283885240555
v -0.003546169260516765 -0.06032860651612286 0.051042329519987106
v -0.003546169260516765 -0.061459876596927684 0.06656283885240555
v -0.011614818125963218 -0.05919782817363743 0.050993453711271286
v -0.011614818125963218 -0.05919782817363743 0.050993453711271286
v -0.003546169260516765 -0.061459876596927684 0.06656283885240555
v -0.011614818125963218 -0.060338061302900356 0.06646180897951126
v -0.011614818125963218 -0.05919782817363743 0.050993453711271286
v -0.011614818125963218 -0.060338061302900356 0.06646180897951126
v -0.017384400591254245 -0.057762183248996776 0.050931405276060104
v -0.017384400591254245 -0.057762183248996776 0.050931405276060104
v -0.011614818125963218 -0.060338061302900356 0.06646180897951126
v -0.017384400591254245 -0.0589135549962521 0.06633365899324417
v -0.017384400591254245 -0.057762183248996776 0.050931405276060104
v -0.017384400591254245 -0.0589135549962521 0.06633365899324417
v -0.02312232926487924 -0.05570665374398235 0.05084265395998955
v -0.02312232926487924 -0.05570665374398235 0.05084265395998955
v -0.017384400591254245 -0.0589135549962521 0.06633365899324417
v -0.02312232926487924 -0.05687384679913524 0.06615043431520462
v -0.02312232926487924 -0.05570665374398235 0.05084265395998955
v -0.02312232926487924 -0.05687384679913524 0.06615043431520462
v -0.028731683269143125 -0.05301972478628162 0.05072672292590141
v -0.028731683269143125 -0.05301972478628162 0.05072672292590141
v -0.02312232926487924 -0.05687384679913524 0.06615043431520462
v -0.028731683269143125 -0.054207500070333516 0.0659109428524971
v -0.028731683269143125 -0.05301972478628162 0.05072672292590141
v -0.028731683269143125 -0.054207500070333516 0.0659109428524971
v -0.034109439700841925 -0.04971537366509441 0.0505840890109539
v -0.034109439700841925 -0.04971537366509441 0.0505840890109539
v -0.028731683269143125 -0.054207500070333516 0.0659109428524971
v -0.034109439700841925 -0.050928384065628086 0.06561655551195145
v -0.034109439700841925 -0.04971537366509441 0.0505840890109539
v -0.034109439700841925 -0.050928384065628086 0.06561655551195145
v -0.0391553342342377 -0.04582433775067332 0.05041618272662163
v -0.0391553342342377 -0.04582433775067332 0.05041618272662163
v -0.034109439700841925 -0.050928384065628086 0.06561655551195145
v -0.0391553342342377 -0.047066994011402165 0.06526989489793777
v -0.0391553342342377 -0.04582433775067332 0.05041618272662163
v -0.0391553342342377 -0.047066994011402165 0.06526989489793777
v -0.043776482343673734 -0.04140351340174678 0.0502253882586956
v -0.043776482343673734 -0.04140351340174678 0.0502253882586956
v -0.0391553342342377 -0.047066994011402165 0.06526989489793777
v -0.043776482343673734 -0.04267979785799983 0.06487614661455154
v -0.043776482343673734 -0.04140351340174678 0.0502253882586956
v -0.043776482343673734 -0.04267979785799983 0.06487614661455154
v -0.04789213836193088 -0.03652413189411166 0.05001486465334892
v -0.04789213836193088 -0.03652413189411166 0.05001486465334892
v -0.043776482343673734 -0.04267979785799983 0.06487614661455154
v -0.04789213836193088 -0.03783747926354411 0.06444162875413895
v -0.04789213836193088 -0.03652413189411166 0.05001486465334892
v -0.04789213836193088 -0.03783747926354411 0.06444162875413895
v -0.05144087597727779 -0.03127647563815119 0.049788426607847214
v -0.05144087597727779 -0.03127647563815119 0.049788426607847214
v -0.04789213836193088 -0.03783747926354411 0.06444162875413895
v -0.05144087597727779 -0.0326296389102936 0.06397432833909988
v -0.05144087597727779 -0.03127647563815119 0.049788426607847214
v -0.05144087597727779 -0.0326296389102936 0.06397432833909988
v -0.05437964573502544 -0.025757208466529864 0.04955030605196953
v -0.05437964573502544 -0.025757208466529864 0.04955030605196953
v -0.05144087597727779 -0.0326296389102936 0.06397432833909988
v -0.05437964573502544 -0.027152206748724 0.06348288804292679
v -0.05437964573502544 -0.025757208466529864 0.04955030605196953
v -0.05437964573502544 -0.027152206748724 0.06348288804292679
v -0.05668956786394123 -0.02006943523883821 0.049304913729429245
v -0.05668956786394123 -0.02006943523883821 0.049304913729429245
v -0.05437964573502544 -0.027152206748724 0.06348288804292679
v -0.05668956786394123 -0.021507505327463164 0.06297648698091507
v -0.05668956786394123 -0.02006943523883821 0.049304913729429245
v -0.05668956786394123 -0.021507505327463164 0.06297648698091507
v -0.05837079882621769 -0.014312615618109712 0.04905654117465019
v -0.05837079882621769 -0.014312615618109712 0.04905654117465019
v -0.05668956786394123 -0.021507505327463164 0.06297648698091507
v -0.05837079882621769 -0.01579425111413003 0.06246400997042656
v -0.016859784722328196 0.043136920779943494 0.08026707917451859
v -0.022604495286941542 0.04435387253761294 0.07612390071153641
v -0.016859784722328196 0.03966325893998149 0.08453095704317093
v -0.016859784722328196 0.03966325893998149 0.08453095704317093
v -0.022604495286941542 0.04435387253761294 0.07612390071153641
v -0.022604495286941542 0.03780001029372218 0.08500755578279495
v -0.016859784722328196 0.03966325893998149 0.08453095704317093
v -0.022604495286941542 0.03780001029372218 0.08500755578279495
v -0.022604495286941542 0.03001842088997366 0.09277082234621048
v -0.028229752555489557 0.019033614546060576 0.10016567260026932
v -0.022604495286941542 0.03001842088997366 0.09277082234621048
v -0.028229752555489557 0.027646537870168703 0.09356201440095901
v -0.028229752555489557 0.027646537870168703 0.09356201440095901
v -0.022604495286941542 0.03001842088997366 0.09277082234621048
v -0.022604495286941542 0.03780001029372218 0.08500755578279495
v -0.028229752555489557 0.027646537870168703 0.09356201440095901
v -0.022604495286941542 0.03780001029372218 0.08500755578279495
v -0.028229752555489557 0.03534829989075663 0.08563501387834549
v -0.028229752555489557 0.03534829989075663 0.08563501387834549
v -0.022604495286941542 0.03780001029372218 0.08500755578279495
v -0.022604495286941542 0.04435387253761294 0.07612390071153641
v -0.028229752555489557 0.03534829989075663 0.08563501387834549
v -0.022604495286941542 0.04435387253761294 0.07612390071153641
v -0.028229752555489557 0.04183305799961093 0.07660800963640213
v -0.028229752555489557 0.04183305799961093 0.07660800963640213
v -0.022604495286941542 0.04435387253761294 0.07612390071153641
v -0.022604495286941542 0.049462232738733326 0.06643349677324295
v -0.028229752555489557 0.04183305799961093 0.07660800963640213
v -0.022604495286941542 0.049462232738733326 0.06643349677324295
v -0.028229752555489557 0.04688728600740436 0.0667886808514595
v -0.028229752555489557 0.04688728600740436 0.0667886808514595
v -0.022604495286941542 0.049462232738733326 0.06643349677324295
v -0.022604495286941542 0.05301647633314136 0.0562945120036602
v -0.028229752555489557 0.04688728600740436 0.0667886808514595
v -0.022604495286941542 0.05301647633314136 0.0562945120036602
v -0.028229752555489557 0.0504047013819218 0.05652846023440361
v -0.0336328372359276 0.007209988776594406 0.1068313792347908
v -0.028229752555489557 0.019033614546060576 0.10016567260026932
v -0.0336328372359276 0.0162133388221264 0.10137874633073807
v -0.0336328372359276 0.0162133388221264 0.10137874633073807
v -0.028229752555489557 0.019033614546060576 0.10016567260026932
v -0.028229752555489557 0.027646537870168703 0.09356201440095901
v -0.0336328372359276 0.0162133388221264 0.10137874633073807
v -0.028229752555489557 0.027646537870168703 0.09356201440095901
v -0.0336328372359276 0.024716582149267214 0.09453947097063065
v -0.0336328372359276 0.024716582149267214 0.09453947097063065
v -0.028229752555489557 0.027646537870168703 0.09356201440095901
v -0.028229752555489557 0.03534829989075663 0.08563501387834549
v -0.0336328372359276 0.024716582149267214 0.09453947097063065
v -0.028229752555489557 0.03534829989075663 0.08563501387834549
v -0.0336328372359276 0.03231984376907351 0.086410291492939
v -0.0336328372359276 0.03231984376907351 0.086410291492939
v -0.028229752555489557 0.03534829989075663 0.08563501387834549
v -0.028229752555489557 0.04183305799961093 0.07660800963640213
v -0.0336328372359276 0.03231984376907351 0.086410291492939
v -0.028229752555489557 0.04183305799961093 0.07660800963640213
v -0.0336328372359276 0.038719277828931836 0.07720620185136795
v -0.0336328372359276 0.038719277828931836 0.07720620185136795
v -0.028229752555489557 0.04183305799961093 0.07660800963640213
v -0.028229752555489557 0.04688728600740436 0.0667886808514595
v -0.0336328372359276 0.038719277828931836 0.07720620185136795
v -0.028229752555489557 0.04688728600740436 0.0667886808514595
v -0.0336328372359276 0.04370666667819026 0.06722760945558548
v -0.0336328372359276 0.04370666667819026 0.06722760945558548
v -0.028229752555489557 0.04688728600740436 0.0667886808514595
v -0.028229752555489557 0.0504047013819218 0.05652846023440361
v -0.0336328372359276 0.04370666667819026 0.06722760945558548
v -0.028229752555489557 0.0504047013819218 0.05652846023440361
v -0.0336328372359276 0.047178577631711995 0.05681748315691948
v -0.038712788373231916 -0.004958129953593019 0.11303872615098953
v -0.0336328372359276 0.007209988776594406 0.1068313792347908
v -0.038712788373231916 0.004034661687910559 0.10859603434801102
v -0.038712788373231916 0.004034661687910559 0.10859603434801102
v -0.0336328372359276 0.007209988776594406 0.1068313792347908
v -0.0336328372359276 0.0162133388221264 0.10137874633073807
v -0.038712788373231916 0.004034661687910559 0.10859603434801102
v -0.0336328372359276 0.0162133388221264 0.10137874633073807
v -0.038712788373231916 0.01288029085844756 0.10281247645616531
v -0.038712788373231916 0.01288029085844756 0.10281247645616531
v -0.0336328372359276 0.0162133388221264 0.10137874633073807
v -0.0336328372359276 0.024716582149267214 0.09453947097063065
v -0.038712788373231916 0.01288029085844756 0.10281247645616531
v -0.0336328372359276 0.024716582149267214 0.09453947097063065
v -0.038712788373231916 0.02125399932265283 0.09569478780031204
v -0.038712788373231916 0.02125399932265283 0.09569478780031204
v -0.0336328372359276 0.024716582149267214 0.09453947097063065
v -0.0336328372359276 0.03231984376907351 0.086410291492939
v -0.038712788373231916 0.02125399932265283 0.09569478780031204
v -0.0336328372359276 0.03231984376907351 0.086410291492939
v -0.038712788373231916 0.028740942478179952 0.08732665330171585
v -0.038712788373231916 0.028740942478179952 0.08732665330171585
v -0.0336328372359276 0.03231984376907351 0.086410291492939
v -0.0336328372359276 0.038719277828931836 0.07720620185136795
v -0.038712788373231916 0.028740942478179952 0.08732665330171585
v -0.0336328372359276 0.038719277828931836 0.07720620185136795
v -0.038712788373231916 0.035039573907852194 0.07791329175233841
v -0.038712788373231916 0.035039573907852194 0.07791329175233841
v -0.0336328372359276 0.038719277828931836 0.07720620185136795
v -0.0336328372359276 0.04370666667819026 0.06722760945558548
v -0.038712788373231916 0.035039573907852194 0.07791329175233841
v -0.0336328372359276 0.04370666667819026 0.06722760945558548
v -0.038712788373231916 0.039948001503944425 0.06774646788835526
v -0.038712788373231916 0.039948001503944425 0.06774646788835526
v -0.0336328372359276 0.04370666667819026 0.06722760945558548
v -0.0336328372359276 0.047178577631711995 0.05681748315691948
v -0.038712788373231916 0.039948001503944425 0.06774646788835526
v -0.0336328372359276 0.047178577631711995 0.05681748315691948
v -0.038712788373231916 0.04336613044142726 0.05715913698077202
v -0.05992415919899945 -0.01726819947361947 0.10855085402727127
v -0.05992415919899945 -0.02420300431549551 0.11876542121171951
v -0.05937164276838307 -0.019321404397487654 0.1166653111577034
v 0.00299041345715523 -0.06603849679231648 0.09736091643571854
v 0.00299041345715523 -0.06957198679447178 0.11252851039171219
v -0.003546169260516765 -0.0661387220025063 0.09737933427095413
v -0.003546169260516765 -0.0661387220025063 0.09737933427095413
v 0.00299041345715523 -0.06957198679447178 0.11252851039171219
v -0.003546169260516765 -0.06966933608055119 0.1125524714589119
v -0.003546169260516765 -0.0661387220025063 0.09737933427095413
v -0.003546169260516765 -0.06966933608055119 0.1125524714589119
v -0.011614818125963218 -0.06505584716796879 0.09716994315385818
v -0.011614818125963218 -0.06505584716796879 0.09716994315385818
v -0.003546169260516765 -0.06966933608055119 0.1125524714589119
v -0.011614818125963218 -0.06861592084169392 0.11228127032518387
v -0.011614818125963218 -0.06505584716796879 0.09716994315385818
v -0.011614818125963218 -0.06861592084169392 0.11228127032518387
v -0.017384400591254245 -0.0636808499693871 0.0969047024846077
v -0.017384400591254245 -0.0636808499693871 0.0969047024846077
v -0.011614818125963218 -0.06861592084169392 0.11228127032518387
v -0.017384400591254245 -0.06727842986583714 0.11193758994340897
v -0.017384400591254245 -0.0636808499693871 0.0969047024846077
v -0.017384400591254245 -0.06727842986583714 0.11193758994340897
v -0.02312232926487924 -0.061712056398391765 0.09652519971132278
v -0.02312232926487924 -0.061712056398391765 0.09652519971132278
v -0.017384400591254245 -0.06727842986583714 0.11193758994340897
v -0.02312232926487924 -0.06536338478326802 0.111445851624012
v -0.02312232926487924 -0.061712056398391765 0.09652519971132278
v -0.02312232926487924 -0.06536338478326802 0.111445851624012
v -0.028731683269143125 -0.05913843959569935 0.09602940827608109
v -0.028731683269143125 -0.05913843959569935 0.09602940827608109
v -0.02312232926487924 -0.06536338478326802 0.111445851624012
v -0.028731683269143125 -0.06286007910966877 0.11080343276262283
v -0.028731683269143125 -0.05913843959569935 0.09602940827608109
v -0.028731683269143125 -0.06286007910966877 0.11080343276262283
v -0.034109439700841925 -0.055973377078771626 0.09541989117860794
v -0.034109439700841925 -0.055973377078771626 0.09541989117860794
v -0.028731683269143125 -0.06286007910966877 0.11080343276262283
v -0.034109439700841925 -0.05978151038289074 0.11001367121934891
v -0.034109439700841925 -0.055973377078771626 0.09541989117860794
v -0.034109439700841925 -0.05978151038289074 0.11001367121934891
v -0.0391553342342377 -0.052246309816837345 0.09470231086015701
v -0.0391553342342377 -0.052246309816837345 0.09470231086015701
v -0.034109439700841925 -0.05978151038289074 0.11001367121934891
v -0.0391553342342377 -0.05615632981061939 0.10908383876085281
v -0.0391553342342377 -0.052246309816837345 0.09470231086015701
v -0.0391553342342377 -0.05615632981061939 0.10908383876085281
v -0.043776482343673734 -0.048011738806963 0.09388721734285355
v -0.043776482343673734 -0.048011738806963 0.09388721734285355
v -0.0391553342342377 -0.05615632981061939 0.10908383876085281
v -0.043776482343673734 -0.05203754082322124 0.10802752524614334
v -0.043776482343673734 -0.048011738806963 0.09388721734285355
v -0.043776482343673734 -0.05203754082322124 0.10802752524614334
v -0.04789213836193088 -0.04333789274096492 0.09298766404390335
v -0.04789213836193088 -0.04333789274096492 0.09298766404390335
v -0.043776482343673734 -0.05203754082322124 0.10802752524614334
v -0.04789213836193088 -0.047491505742073094 0.1068618968129158
v -0.04789213836193088 -0.04333789274096492 0.09298766404390335
v -0.04789213836193088 -0.047491505742073094 0.1068618968129158
v -0.05144087597727779 -0.0383112505078316 0.09202028065919876
v -0.05144087597727779 -0.0383112505078316 0.09202028065919876
v -0.04789213836193088 -0.047491505742073094 0.1068618968129158
v -0.05144087597727779 -0.04260234162211421 0.10560829192399979
v -0.05144087597727779 -0.0383112505078316 0.09202028065919876
v -0.05144087597727779 -0.04260234162211421 0.10560829192399979
v -0.05437964573502544 -0.03302440792322161 0.09100300818681717
v -0.05437964573502544 -0.03302440792322161 0.09100300818681717
v -0.05144087597727779 -0.04260234162211421 0.10560829192399979
v -0.05437964573502544 -0.037460114806890515 0.10429007560014725
v -0.05437964573502544 -0.03302440792322161 0.09100300818681717
v -0.05437964573502544 -0.037460114806890515 0.10429007560014725
v -0.05668956786394123 -0.027576124295592325 0.08995474129915237
v -0.05668956786394123 -0.027576124295592325 0.08995474129915237
v -0.05437964573502544 -0.037460114806890515 0.10429007560014725
v -0.05668956786394123 -0.03216087445616724 0.10293156653642654
v -0.05668956786394123 -0.027576124295592325 0.08995474129915237
v -0.05668956786394123 -0.03216087445616724 0.10293156653642654
v -0.05837079882621769 -0.022061679512262358 0.0888938382267952
v -0.05837079882621769 -0.022061679512262358 0.0888938382267952
v -0.05668956786394123 -0.03216087445616724 0.10293156653642654
v -0.05837079882621769 -0.026797300204634684 0.10155672580003738
v -0.034109439700841925 -0.06440028548240666 0.12428493052721024
v -0.034109439700841925 -0.06957783550024037 0.13828785717487335
v -0.0391553342342377 -0.06089223176240925 0.12311358004808426
v -0.0391553342342377 -0.06089223176240925 0.12311358004808426
v -0.034109439700841925 -0.06957783550024037 0.13828785717487335
v -0.0391553342342377 -0.06620037555694584 0.13683457672595978
v -0.0391553342342377 -0.06089223176240925 0.12311358004808426
v -0.0391553342342377 -0.06620037555694584 0.13683457672595978
v -0.043776482343673734 -0.05690659210085872 0.12178284674882889
v -0.043776482343673734 -0.05690659210085872 0.12178284674882889
v -0.0391553342342377 -0.06620037555694584 0.13683457672595978
v -0.043776482343673734 -0.06236318498849873 0.13518352806568146
v -0.043776482343673734 -0.05690659210085872 0.12178284674882889
v -0.043776482343673734 -0.06236318498849873 0.13518352806568146
v -0.04789213836193088 -0.05250759050250057 0.12031418830156326
v -0.04789213836193088 -0.05250759050250057 0.12031418830156326
v -0.043776482343673734 -0.06236318498849873 0.13518352806568146
v -0.04789213836193088 -0.058128084987402004 0.13336129486560822
v -0.04789213836193088 -0.05250759050250057 0.12031418830156326
v -0.04789213836193088 -0.058128084987402004 0.13336129486560822
v -0.05144087597727779 -0.04777661338448528 0.11873478442430496
v -0.05144087597727779 -0.04777661338448528 0.11873478442430496
v -0.04789213836193088 -0.058128084987402004 0.13336129486560822
v -0.05144087597727779 -0.053573437035083805 0.13140161335468292
v -0.05144087597727779 -0.04777661338448528 0.11873478442430496
v -0.05144087597727779 -0.053573437035083805 0.13140161335468292
v -0.05437964573502544 -0.042800813913345365 0.11707372218370438
v -0.05437964573502544 -0.042800813913345365 0.11707372218370438
v -0.05144087597727779 -0.053573437035083805 0.13140161335468292
v -0.05437964573502544 -0.04878314211964611 0.12934060394763947
v -0.05437964573502544 -0.042800813913345365 0.11707372218370438
v -0.05437964573502544 -0.04878314211964611 0.12934060394763947
v -0.05668956786394123 -0.037673134356737165 0.11536199599504471
v -0.05668956786394123 -0.037673134356737165 0.11536199599504471
v -0.05437964573502544 -0.04878314211964611 0.12934060394763947
v -0.05668956786394123 -0.043846670538187055 0.12721677124500275
v -0.05668956786394123 -0.037673134356737165 0.11536199599504471
v -0.05668956786394123 -0.043846670538187055 0.12721677124500275
v -0.05837079882621769 -0.03248324617743494 0.1136295273900032
v -0.05837079882621769 -0.03248324617743494 0.1136295273900032
v -0.05668956786394123 -0.043846670538187055 0.12721677124500275
v -0.05837079882621769 -0.03885035216808322 0.1250670701265335
v 0.00299041345715523 -0.07387603819370275 0.12745101749897003
v -0.003546169260516765 -0.07879213243722921 0.1422535926103592
v -0.003546169260516765 -0.07396978139877325 0.12748177349567413
v -0.003546169260516765 -0.07396978139877325 0.12748177349567413
v -0.003546169260516765 -0.07879213243722921 0.1422535926103592
v -0.011614818125963218 -0.08236911892890936 0.15662701427936554
v -0.003546169260516765 -0.07396978139877325 0.12748177349567413
v -0.011614818125963218 -0.08236911892890936 0.15662701427936554
v -0.011614818125963218 -0.07294996082782751 0.12714071571826935
v -0.011614818125963218 -0.07294996082782751 0.12714071571826935
v -0.011614818125963218 -0.08236911892890936 0.15662701427936554
v -0.017384400591254245 -0.07165540754795079 0.12670810520648956
v -0.017384400591254245 -0.07165540754795079 0.12670810520648956
v -0.011614818125963218 -0.08236911892890936 0.15662701427936554
v -0.017384400591254245 -0.08118127286434179 0.1559663563966751
v -0.017384400591254245 -0.07165540754795079 0.12670810520648956
v -0.017384400591254245 -0.08118127286434179 0.1559663563966751
v -0.02312232926487924 -0.069802038371563 0.1260889321565628
v -0.02312232926487924 -0.069802038371563 0.1260889321565628
v -0.017384400591254245 -0.08118127286434179 0.1559663563966751
v -0.02312232926487924 -0.07948088645935064 0.15502066910266876
v -0.02312232926487924 -0.069802038371563 0.1260889321565628
v -0.02312232926487924 -0.07948088645935064 0.15502066910266876
v -0.028731683269143125 -0.06737945973873143 0.12527985870838165
v -0.028731683269143125 -0.06737945973873143 0.12527985870838165
v -0.02312232926487924 -0.07948088645935064 0.15502066910266876
v -0.028731683269143125 -0.07725846022367483 0.15378494560718536
v -0.028731683269143125 -0.06737945973873143 0.12527985870838165
v -0.028731683269143125 -0.07725846022367483 0.15378494560718536
v -0.034109439700841925 -0.07452555745840078 0.15226538479328156
v -0.034109439700841925 -0.06440028548240666 0.12428493052721024
v -0.028731683269143125 -0.06737945973873143 0.12527985870838165
v -0.034109439700841925 -0.06957783550024037 0.13828785717487335
v -0.034109439700841925 -0.06957783550024037 0.13828785717487335
v -0.028731683269143125 -0.06737945973873143 0.12527985870838165
v -0.034109439700841925 -0.07452555745840078 0.15226538479328156
v -0.034109439700841925 -0.06957783550024037 0.13828785717487335
v -0.034109439700841925 -0.07452555745840078 0.15226538479328156
v -0.0391553342342377 -0.06620037555694584 0.13683457672595978
v -0.0391553342342377 -0.06620037555694584 0.13683457672595978
v -0.034109439700841925 -0.07452555745840078 0.15226538479328156
v -0.0391553342342377 -0.07130760699510579 0.15047629177570343
v -0.0391553342342377 -0.06620037555694584 0.13683457672595978
v -0.0391553342342377 -0.07130760699510579 0.15047629177570343
v -0.043776482343673734 -0.06236318498849873 0.13518352806568146
v -0.043776482343673734 -0.06236318498849873 0.13518352806568146
v -0.0391553342342377 -0.07130760699510579 0.15047629177570343
v -0.043776482343673734 -0.06765166670084004 0.14844365417957306
v -0.043776482343673734 -0.06236318498849873 0.13518352806568146
v -0.043776482343673734 -0.06765166670084004 0.14844365417957306
v -0.04789213836193088 -0.058128084987402004 0.13336129486560822
v -0.04789213836193088 -0.058128084987402004 0.13336129486560822
v -0.043776482343673734 -0.06765166670084004 0.14844365417957306
v -0.04789213836193088 -0.0636166483163834 0.14620037376880646
v -0.04789213836193088 -0.058128084987402004 0.13336129486560822
v -0.04789213836193088 -0.0636166483163834 0.14620037376880646
v -0.05144087597727779 -0.053573437035083805 0.13140161335468292
v -0.05144087597727779 -0.053573437035083805 0.13140161335468292
v -0.04789213836193088 -0.0636166483163834 0.14620037376880646
v -0.05144087597727779 -0.05927719920873646 0.14378805458545685
v -0.05144087597727779 -0.053573437035083805 0.13140161335468292
v -0.05144087597727779 -0.05927719920873646 0.14378805458545685
v -0.05437964573502544 -0.04878314211964611 0.12934060394763947
v -0.05437964573502544 -0.04878314211964611 0.12934060394763947
v -0.05144087597727779 -0.05927719920873646 0.14378805458545685
v -0.05437964573502544 -0.0547132641077042 0.14125080406665802
v -0.05437964573502544 -0.04878314211964611 0.12934060394763947
v -0.05437964573502544 -0.0547132641077042 0.14125080406665802
v -0.05668956786394123 -0.043846670538187055 0.12721677124500275
v -0.05668956786394123 -0.043846670538187055 0.12721677124500275
v -0.05437964573502544 -0.0547132641077042 0.14125080406665802
v -0.05668956786394123 -0.05001008883118633 0.13863630592823029
v -0.05668956786394123 -0.043846670538187055 0.12721677124500275
v -0.05668956786394123 -0.05001008883118633 0.13863630592823029
v -0.05837079882621769 -0.03885035216808322 0.1250670701265335
v -0.05837079882621769 -0.03885035216808322 0.1250670701265335
v -0.05668956786394123 -0.05001008883118633 0.13863630592823029
v -0.05837079882621769 -0.04524990916252139 0.1359902173280716
v 0.00299041345715523 -0.06957198679447178 0.11252851039171219
v 0.00299041345715523 -0.07387603819370275 0.12745101749897003
v -0.003546169260516765 -0.06966933608055119 0.1125524714589119
v -0.003546169260516765 -0.06966933608055119 0.1125524714589119
v 0.00299041345715523 -0.07387603819370275 0.12745101749897003
v -0.003546169260516765 -0.07396978139877325 0.12748177349567413
v -0.003546169260516765 -0.06966933608055119 0.1125524714589119
v -0.003546169260516765 -0.07396978139877325 0.12748177349567413
v -0.011614818125963218 -0.06861592084169392 0.11228127032518387
v -0.011614818125963218 -0.06861592084169392 0.11228127032518387
v -0.003546169260516765 -0.07396978139877325 0.12748177349567413
v -0.011614818125963218 -0.07294996082782751 0.12714071571826935
v -0.011614818125963218 -0.06861592084169392 0.11228127032518387
v -0.011614818125963218 -0.07294996082782751 0.12714071571826935
v -0.017384400591254245 -0.06727842986583714 0.11193758994340897
v -0.017384400591254245 -0.06727842986583714 0.11193758994340897
v -0.011614818125963218 -0.07294996082782751 0.12714071571826935
v -0.017384400591254245 -0.07165540754795079 0.12670810520648956
v -0.017384400591254245 -0.06727842986583714 0.11193758994340897
v -0.017384400591254245 -0.07165540754795079 0.12670810520648956
v -0.02312232926487924 -0.06536338478326802 0.111445851624012
v -0.02312232926487924 -0.06536338478326802 0.111445851624012
v -0.017384400591254245 -0.07165540754795079 0.12670810520648956
v -0.02312232926487924 -0.069802038371563 0.1260889321565628
v -0.02312232926487924 -0.06536338478326802 0.111445851624012
v -0.02312232926487924 -0.069802038371563 0.1260889321565628
v -0.028731683269143125 -0.06286007910966877 0.11080343276262283
v -0.028731683269143125 -0.06286007910966877 0.11080343276262283
v -0.02312232926487924 -0.069802038371563 0.1260889321565628
v -0.028731683269143125 -0.06737945973873143 0.12527985870838165
v -0.028731683269143125 -0.06286007910966877 0.11080343276262283
v -0.028731683269143125 -0.06737945973873143 0.12527985870838165
v -0.034109439700841925 -0.05978151038289074 0.11001367121934891
v -0.034109439700841925 -0.05978151038289074 0.11001367121934891
v -0.028731683269143125 -0.06737945973873143 0.12527985870838165
v -0.034109439700841925 -0.06440028548240666 0.12428493052721024
v -0.034109439700841925 -0.05978151038289074 0.11001367121934891
v -0.034109439700841925 -0.06440028548240666 0.12428493052721024
v -0.0391553342342377 -0.05615632981061939 0.10908383876085281
v -0.0391553342342377 -0.05615632981061939 0.10908383876085281
v -0.034109439700841925 -0.06440028548240666 0.12428493052721024
v -0.0391553342342377 -0.06089223176240925 0.12311358004808426
v -0.0391553342342377 -0.05615632981061939 0.10908383876085281
v -0.0391553342342377 -0.06089223176240925 0.12311358004808426
v -0.043776482343673734 -0.05203754082322124 0.10802752524614334
v -0.043776482343673734 -0.05203754082322124 0.10802752524614334
v -0.0391553342342377 -0.06089223176240925 0.12311358004808426
v -0.043776482343673734 -0.05690659210085872 0.12178284674882889
v -0.043776482343673734 -0.05203754082322124 0.10802752524614334
v -0.043776482343673734 -0.05690659210085872 0.12178284674882889
v -0.04789213836193088 -0.047491505742073094 0.1068618968129158
v -0.04789213836193088 -0.047491505742073094 0.1068618968129158
v -0.043776482343673734 -0.05690659210085872 0.12178284674882889
v -0.04789213836193088 -0.05250759050250057 0.12031418830156326
v -0.04789213836193088 -0.047491505742073094 0.1068618968129158
v -0.04789213836193088 -0.05250759050250057 0.12031418830156326
v -0.05144087597727779 -0.04260234162211421 0.10560829192399979
v -0.05144087597727779 -0.04260234162211421 0.10560829192399979
v -0.04789213836193088 -0.05250759050250057 0.12031418830156326
v -0.05144087597727779 -0.04777661338448528 0.11873478442430496
v -0.05144087597727779 -0.04260234162211421 0.10560829192399979
v -0.05144087597727779 -0.04777661338448528 0.11873478442430496
v -0.05437964573502544 -0.037460114806890515 0.10429007560014725
v -0.05437964573502544 -0.037460114806890515 0.10429007560014725
v -0.05144087597727779 -0.04777661338448528 0.11873478442430496
v -0.05437964573502544 -0.042800813913345365 0.11707372218370438
v -0.05437964573502544 -0.037460114806890515 0.10429007560014725
v -0.05437964573502544 -0.042800813913345365 0.11707372218370438
v -0.05668956786394123 -0.03216087445616724 0.10293156653642654
v -0.05668956786394123 -0.03216087445616724 0.10293156653642654
v -0.05437964573502544 -0.042800813913345365 0.11707372218370438
v -0.05668956786394123 -0.037673134356737165 0.11536199599504471
v -0.05668956786394123 -0.03216087445616724 0.10293156653642654
v -0.05668956786394123 -0.037673134356737165 0.11536199599504471
v -0.05837079882621769 -0.026797300204634684 0.10155672580003738
v -0.05837079882621769 -0.026797300204634684 0.10155672580003738
v -0.05668956786394123 -0.037673134356737165 0.11536199599504471
v -0.05837079882621769 -0.03248324617743494 0.1136295273900032
v -0.059444963932037395 -0.033876340836286566 0.12292713671922684
v -0.059444963932037395 -0.04051099717617038 0.13335593044757843
v -0.059947486966848415 -0.035870835185050985 0.13077659904956818
v -0.059947486966848415 -0.035870835185050985 0.13077659904956818
v -0.05992415919899945 -0.02420300431549551 0.11876542121171951
v -0.059444963932037395 -0.033876340836286566 0.12292713671922684
v -0.059444963932037395 -0.033876340836286566 0.12292713671922684
v -0.05992415919899945 -0.02420300431549551 0.11876542121171951
v -0.05992415919899945 -0.01726819947361947 0.10855085402727127
v -0.059444963932037395 -0.033876340836286566 0.12292713671922684
v -0.05992415919899945 -0.01726819947361947 0.10855085402727127
v -0.059444963932037395 -0.027316486462950724 0.11190492659807205
v -0.059444963932037395 -0.027316486462950724 0.11190492659807205
v -0.05992415919899945 -0.01726819947361947 0.10855085402727127
v -0.05992415919899945 -0.01107282284647227 0.0975266769528389
v -0.059444963932037395 -0.027316486462950724 0.11190492659807205
v -0.05992415919899945 -0.01107282284647227 0.0975266769528389
v -0.059444963932037395 -0.021457584574818625 0.10018820315599442
v -0.059444963932037395 -0.021457584574818625 0.10018820315599442
v -0.05992415919899945 -0.01107282284647227 0.0975266769528389
v -0.05992415919899945 -0.005894825328141455 0.08578396588563919
v -0.059444963932037395 -0.021457584574818625 0.10018820315599442
v -0.05992415919899945 -0.005894825328141455 0.08578396588563919
v -0.059444963932037395 -0.016571754589676867 0.08783770352602005
v -0.059444963932037395 -0.016571754589676867 0.08783770352602005
v -0.05992415919899945 -0.005894825328141455 0.08578396588563919
v -0.05992415919899945 -0.001864238176494838 0.07352138310670853
v -0.059444963932037395 -0.016571754589676867 0.08783770352602005
v -0.05992415919899945 -0.001864238176494838 0.07352138310670853
v -0.059444963932037395 -0.012770035304129132 0.07502824813127518
v -0.059444963932037395 -0.012770035304129132 0.07502824813127518
v -0.05992415919899945 -0.001864238176494838 0.07352138310670853
v -0.05992415919899945 0.0009555072174407548 0.06096161529421806
v -0.059444963932037395 -0.012770035304129132 0.07502824813127518
v -0.05992415919899945 0.0009555072174407548 0.06096161529421806
v -0.059444963932037395 -0.010106390342116363 0.061953794211149216
v 0.00299041345715523 -0.06329614669084553 0.08201540261507034
v 0.00299041345715523 -0.06603849679231648 0.09736091643571854
v -0.003546169260516765 -0.06339862942695622 0.08202893286943436
v -0.003546169260516765 -0.06339862942695622 0.08202893286943436
v 0.00299041345715523 -0.06603849679231648 0.09736091643571854
v -0.003546169260516765 -0.0661387220025063 0.09737933427095413
v -0.003546169260516765 -0.06339862942695622 0.08202893286943436
v -0.003546169260516765 -0.0661387220025063 0.09737933427095413
v -0.011614818125963218 -0.06229267641901974 0.08187533169984818
v -0.011614818125963218 -0.06229267641901974 0.08187533169984818
v -0.003546169260516765 -0.0661387220025063 0.09737933427095413
v -0.011614818125963218 -0.06505584716796879 0.09716994315385818
v -0.011614818125963218 -0.06229267641901974 0.08187533169984818
v -0.011614818125963218 -0.06505584716796879 0.09716994315385818
v -0.017384400591254245 -0.060888297855854076 0.08168072253465652
v -0.017384400591254245 -0.060888297855854076 0.08168072253465652
v -0.011614818125963218 -0.06505584716796879 0.09716994315385818
v -0.017384400591254245 -0.0636808499693871 0.0969047024846077
v -0.017384400591254245 -0.060888297855854076 0.08168072253465652
v -0.017384400591254245 -0.0636808499693871 0.0969047024846077
v -0.02312232926487924 -0.05887739360332493 0.08140230923891068
v -0.02312232926487924 -0.05887739360332493 0.08140230923891068
v -0.017384400591254245 -0.0636808499693871 0.0969047024846077
v -0.02312232926487924 -0.061712056398391765 0.09652519971132278
v -0.02312232926487924 -0.05887739360332493 0.08140230923891068
v -0.02312232926487924 -0.061712056398391765 0.09652519971132278
v -0.028731683269143125 -0.056248694658279454 0.08103854209184647
v -0.028731683269143125 -0.056248694658279454 0.08103854209184647
v -0.02312232926487924 -0.061712056398391765 0.09652519971132278
v -0.028731683269143125 -0.05913843959569935 0.09602940827608109
v -0.028731683269143125 -0.056248694658279454 0.08103854209184647
v -0.028731683269143125 -0.05913843959569935 0.09602940827608109
v -0.034109439700841925 -0.05301587283611301 0.08059138804674149
v -0.034109439700841925 -0.05301587283611301 0.08059138804674149
v -0.028731683269143125 -0.05913843959569935 0.09602940827608109
v -0.034109439700841925 -0.055973377078771626 0.09541989117860794
v -0.034109439700841925 -0.05301587283611301 0.08059138804674149
v -0.034109439700841925 -0.055973377078771626 0.09541989117860794
v -0.0391553342342377 -0.04920899495482448 0.08006490021944046
v -0.0391553342342377 -0.04920899495482448 0.08006490021944046
v -0.034109439700841925 -0.055973377078771626 0.09541989117860794
v -0.0391553342342377 -0.052246309816837345 0.09470231086015701
v -0.0391553342342377 -0.04920899495482448 0.08006490021944046
v -0.0391553342342377 -0.052246309816837345 0.09470231086015701
v -0.043776482343673734 -0.04488372430205348 0.07946682721376419
v -0.043776482343673734 -0.04488372430205348 0.07946682721376419
v -0.0391553342342377 -0.052246309816837345 0.09470231086015701
v -0.043776482343673734 -0.048011738806963 0.09388721734285355
v -0.043776482343673734 -0.04488372430205348 0.07946682721376419
v -0.043776482343673734 -0.048011738806963 0.09388721734285355
v -0.04789213836193088 -0.04010975733399394 0.07880682498216629
v -0.04789213836193088 -0.04010975733399394 0.07880682498216629
v -0.043776482343673734 -0.048011738806963 0.09388721734285355
v -0.04789213836193088 -0.04333789274096492 0.09298766404390335
v -0.04789213836193088 -0.04010975733399394 0.07880682498216629
v -0.04789213836193088 -0.04333789274096492 0.09298766404390335
v -0.05144087597727779 -0.03497541695833208 0.07809705287218094
v -0.05144087597727779 -0.03497541695833208 0.07809705287218094
v -0.04789213836193088 -0.04333789274096492 0.09298766404390335
v -0.05144087597727779 -0.0383112505078316 0.09202028065919876
v -0.05144087597727779 -0.03497541695833208 0.07809705287218094
v -0.05144087597727779 -0.0383112505078316 0.09202028065919876
v -0.05437964573502544 -0.02957529202103617 0.0773506835103035
v -0.05437964573502544 -0.02957529202103617 0.0773506835103035
v -0.05144087597727779 -0.0383112505078316 0.09202028065919876
v -0.05437964573502544 -0.03302440792322161 0.09100300818681717
v -0.05437964573502544 -0.02957529202103617 0.0773506835103035
v -0.05437964573502544 -0.03302440792322161 0.09100300818681717
v -0.05668956786394123 -0.02401025593280794 0.07658154517412186
v -0.05668956786394123 -0.02401025593280794 0.07658154517412186
v -0.05437964573502544 -0.03302440792322161 0.09100300818681717
v -0.05668956786394123 -0.027576124295592325 0.08995474129915237
v -0.05668956786394123 -0.02401025593280794 0.07658154517412186
v -0.05668956786394123 -0.027576124295592325 0.08995474129915237
v -0.05837079882621769 -0.018377628177404418 0.07580310851335526
v -0.05837079882621769 -0.018377628177404418 0.07580310851335526
v -0.05668956786394123 -0.027576124295592325 0.08995474129915237
v -0.05837079882621769 -0.022061679512262358 0.0888938382267952
v -0.04337627440690997 -0.017247069627046595 0.11936409026384354
v -0.038712788373231916 -0.004958129953593019 0.11303872615098953
v -0.04337627440690997 -0.008375207893550401 0.11548823863267899
v -0.04337627440690997 -0.008375207893550401 0.11548823863267899
v -0.038712788373231916 -0.004958129953593019 0.11303872615098953
v -0.038712788373231916 0.004034661687910559 0.10859603434801102
v -0.04337627440690997 -0.008375207893550401 0.11548823863267899
v -0.038712788373231916 0.004034661687910559 0.10859603434801102
v -0.04337627440690997 0.00041673958185128895 0.11060673743486404
v -0.04337627440690997 0.00041673958185128895 0.11060673743486404
v -0.038712788373231916 0.004034661687910559 0.10859603434801102
v -0.038712788373231916 0.01288029085844756 0.10281247645616531
v -0.04337627440690997 0.00041673958185128895 0.11060673743486404
v -0.038712788373231916 0.01288029085844756 0.10281247645616531
v -0.04337627440690997 0.009082701057195669 0.10444600135087967
v -0.04337627440690997 0.009082701057195669 0.10444600135087967
v -0.038712788373231916 0.01288029085844756 0.10281247645616531
v -0.038712788373231916 0.02125399932265283 0.09569478780031204
v -0.04337627440690997 0.009082701057195669 0.10444600135087967
v -0.038712788373231916 0.02125399932265283 0.09569478780031204
v -0.04337627440690997 0.01730889268219472 0.09701115638017654
v -0.04337627440690997 0.01730889268219472 0.09701115638017654
v -0.038712788373231916 0.02125399932265283 0.09569478780031204
v -0.038712788373231916 0.028740942478179952 0.08732665330171585
v -0.04337627440690997 0.01730889268219472 0.09701115638017654
v -0.038712788373231916 0.028740942478179952 0.08732665330171585
v -0.04337627440690997 0.024663390591740626 0.0883709266781807
v -0.04337627440690997 0.024663390591740626 0.0883709266781807
v -0.038712788373231916 0.028740942478179952 0.08732665330171585
v -0.038712788373231916 0.035039573907852194 0.07791329175233841
v -0.04337627440690997 0.024663390591740626 0.0883709266781807
v -0.038712788373231916 0.035039573907852194 0.07791329175233841
v -0.04337627440690997 0.03084719739854338 0.07871902734041214
v -0.04337627440690997 0.03084719739854338 0.07871902734041214
v -0.038712788373231916 0.035039573907852194 0.07791329175233841
v -0.038712788373231916 0.039948001503944425 0.06774646788835526
v -0.04337627440690997 0.03084719739854338 0.07871902734041214
v -0.038712788373231916 0.039948001503944425 0.06774646788835526
v -0.04337627440690997 0.03566567599773409 0.06833762675523758
v -0.04337627440690997 0.03566567599773409 0.06833762675523758
v -0.038712788373231916 0.039948001503944425 0.06774646788835526
v -0.038712788373231916 0.04336613044142726 0.05715913698077202
v -0.04337627440690997 0.03566567599773409 0.06833762675523758
v -0.038712788373231916 0.04336613044142726 0.05715913698077202
v -0.04337627440690997 0.03902253136038783 0.057548414915800095
v -0.047540526837110554 -0.02937142737209799 0.12761743366718292
v -0.04337627440690997 -0.02614246495068075 0.12388498336076736
v -0.04337627440690997 -0.017247069627046595 0.11936409026384354
v -0.04337627440690997 -0.017247069627046595 0.11936409026384354
v -0.04337627440690997 -0.02614246495068075 0.12388498336076736
v -0.038712788373231916 -0.014052769169211396 0.11643011122941971
v -0.04337627440690997 -0.017247069627046595 0.11936409026384354
v -0.038712788373231916 -0.014052769169211396 0.11643011122941971
v -0.038712788373231916 -0.004958129953593019 0.11303872615098953
v -0.038712788373231916 -0.004958129953593019 0.11303872615098953
v -0.038712788373231916 -0.014052769169211396 0.11643011122941971
v -0.0336328372359276 -0.001958991633728148 0.11088890582323074
v -0.038712788373231916 -0.004958129953593019 0.11303872615098953
v -0.0336328372359276 -0.001958991633728148 0.11088890582323074
v -0.0336328372359276 0.007209988776594406 0.1068313792347908
v -0.0336328372359276 0.007209988776594406 0.1068313792347908
v -0.0336328372359276 -0.001958991633728148 0.11088890582323074
v -0.028229752555489557 0.009896775707602508 0.10533828288316727
v -0.0336328372359276 0.007209988776594406 0.1068313792347908
v -0.028229752555489557 0.009896775707602508 0.10533828288316727
v -0.028229752555489557 0.019033614546060576 0.10016567260026932
v -0.028229752555489557 0.019033614546060576 0.10016567260026932
v -0.028229752555489557 0.009896775707602508 0.10533828288316727
v -0.022604495286941542 0.02131663076579572 0.09918374568223953
v -0.028229752555489557 0.019033614546060576 0.10016567260026932
v -0.022604495286941542 0.02131663076579572 0.09918374568223953
v -0.022604495286941542 0.03001842088997366 0.09277082234621048
v -0.022604495286941542 0.03001842088997366 0.09277082234621048
v -0.022604495286941542 0.02131663076579572 0.09918374568223953
v -0.016859784722328196 0.03182090446352961 0.09216964989900589
v -0.022604495286941542 0.03001842088997366 0.09277082234621048
v -0.016859784722328196 0.03182090446352961 0.09216964989900589
v -0.016859784722328196 0.03966325893998149 0.08453095704317093
v -0.016859784722328196 0.03966325893998149 0.08453095704317093
v -0.016859784722328196 0.03182090446352961 0.09216964989900589
v -0.005397376604378227 0.04168729484081271 0.08401400595903397
v -0.016859784722328196 0.03966325893998149 0.08453095704317093
v -0.005397376604378227 0.04168729484081271 0.08401400595903397
v -0.016859784722328196 0.043136920779943494 0.08026707917451859
v -0.016859784722328196 0.043136920779943494 0.08026707917451859
v -0.005397376604378227 0.04168729484081271 0.08401400595903397
v -0.005397376604378227 0.045190922915935544 0.07981104403734207
v -0.016859784722328196 0.043136920779943494 0.08026707917451859
v -0.005397376604378227 0.045190922915935544 0.07981104403734207
v -0.016859784722328196 0.046269670128822354 0.07575614005327225
v -0.016859784722328196 0.046269670128822354 0.07575614005327225
v -0.005397376604378227 0.045190922915935544 0.07981104403734207
v -0.005397376604378227 0.04835090413689617 0.07535738497972488
v -0.016859784722328196 0.046269670128822354 0.07575614005327225
v -0.005397376604378227 0.04835090413689617 0.07535738497972488
v -0.016859784722328196 0.04903594404459003 0.07103986293077469
v -0.016859784722328196 0.04903594404459003 0.07103986293077469
v -0.005397376604378227 0.04835090413689617 0.07535738497972488
v -0.005397376604378227 0.0511412508785725 0.07069534808397293
v -0.016859784722328196 0.04903594404459003 0.07103986293077469
v -0.005397376604378227 0.0511412508785725 0.07069534808397293
v -0.016859784722328196 0.051419191062450444 0.06616366654634476
v -0.016859784722328196 0.051419191062450444 0.06616366654634476
v -0.005397376604378227 0.0511412508785725 0.07069534808397293
v -0.005397376604378227 0.05354522913694385 0.06587106734514236
v -0.016859784722328196 0.051419191062450444 0.06616366654634476
v -0.005397376604378227 0.05354522913694385 0.06587106734514236
v -0.016859784722328196 0.05340811610221866 0.06117386743426323
v -0.016859784722328196 0.05340811610221866 0.06117386743426323
v -0.005397376604378227 0.05354522913694385 0.06587106734514236
v -0.005397376604378227 0.05555133521556858 0.060931574553251266
v -0.016859784722328196 0.05340811610221866 0.06117386743426323
v -0.005397376604378227 0.05555133521556858 0.060931574553251266
v -0.011092000640928752 0.056373156607151066 0.05599410459399223
v -0.047540526837110554 -0.02937142737209799 0.12761743366718292
v -0.04337627440690997 -0.017247069627046595 0.11936409026384354
v -0.047540526837110554 -0.020781597122550025 0.12261063605546951
v -0.047540526837110554 -0.020781597122550025 0.12261063605546951
v -0.04337627440690997 -0.017247069627046595 0.11936409026384354
v -0.04337627440690997 -0.008375207893550401 0.11548823863267899
v -0.047540526837110554 -0.020781597122550025 0.12261063605546951
v -0.04337627440690997 -0.008375207893550401 0.11548823863267899
v -0.047540526837110554 -0.012156167067587384 0.1181987002491951
v -0.047540526837110554 -0.012156167067587384 0.1181987002491951
v -0.04337627440690997 -0.008375207893550401 0.11548823863267899
v -0.04337627440690997 0.00041673958185128895 0.11060673743486404
v -0.047540526837110554 -0.012156167067587384 0.1181987002491951
v -0.04337627440690997 0.00041673958185128895 0.11060673743486404
v -0.047540526837110554 -0.003586544189602139 0.11283177882432938
v -0.047540526837110554 -0.003586544189602139 0.11283177882432938
v -0.04337627440690997 0.00041673958185128895 0.11060673743486404
v -0.04337627440690997 0.009082701057195669 0.10444600135087967
v -0.047540526837110554 -0.003586544189602139 0.11283177882432938
v -0.04337627440690997 0.009082701057195669 0.10444600135087967
v -0.047540526837110554 0.004880644381046299 0.10625357180833817
v -0.047540526837110554 0.004880644381046299 0.10625357180833817
v -0.04337627440690997 0.009082701057195669 0.10444600135087967
v -0.04337627440690997 0.01730889268219472 0.09701115638017654
v -0.047540526837110554 0.004880644381046299 0.10625357180833817
v -0.04337627440690997 0.01730889268219472 0.09701115638017654
v -0.047540526837110554 0.01294367481023074 0.09846777468919754
v -0.047540526837110554 0.01294367481023074 0.09846777468919754
v -0.04337627440690997 0.01730889268219472 0.09701115638017654
v -0.04337627440690997 0.024663390591740626 0.0883709266781807
v -0.047540526837110554 0.01294367481023074 0.09846777468919754
v -0.04337627440690997 0.024663390591740626 0.0883709266781807
v -0.047540526837110554 0.020151691511273398 0.08952654153108597
v -0.047540526837110554 0.020151691511273398 0.08952654153108597
v -0.04337627440690997 0.024663390591740626 0.0883709266781807
v -0.04337627440690997 0.03084719739854338 0.07871902734041214
v -0.047540526837110554 0.020151691511273398 0.08952654153108597
v -0.04337627440690997 0.03084719739854338 0.07871902734041214
v -0.047540526837110554 0.02620846778154375 0.07961071282625198
v -0.047540526837110554 0.02620846778154375 0.07961071282625198
v -0.04337627440690997 0.03084719739854338 0.07871902734041214
v -0.04337627440690997 0.03566567599773409 0.06833762675523758
v -0.047540526837110554 0.02620846778154375 0.07961071282625198
v -0.04337627440690997 0.03566567599773409 0.06833762675523758
v -0.047540526837110554 0.030927442014217398 0.06899190694093704
v -0.047540526837110554 0.030927442014217398 0.06899190694093704
v -0.04337627440690997 0.03566567599773409 0.06833762675523758
v -0.04337627440690997 0.03902253136038783 0.057548414915800095
v -0.047540526837110554 0.030927442014217398 0.06899190694093704
v -0.04337627440690997 0.03902253136038783 0.057548414915800095
v -0.047540526837110554 0.034216493368148825 0.05797923728823662
v -0.05114311352372173 -0.016231179237365733 0.12112004309892654
v -0.05114311352372173 -0.007901254110038286 0.11522991210222244
v -0.05413822457194332 -0.012448085471987733 0.11775702983140945
v -0.05413822457194332 -0.012448085471987733 0.11775702983140945
v -0.05114311352372173 -0.007901254110038286 0.11522991210222244
v -0.05114311352372173 0.00035172791103832445 0.10820192843675613
v -0.05413822457194332 -0.012448085471987733 0.11775702983140945
v -0.05114311352372173 0.00035172791103832445 0.10820192843675613
v -0.05413822457194332 -0.004420808982104066 0.11025495082139969
v -0.05413822457194332 -0.004420808982104066 0.11025495082139969
v -0.05114311352372173 0.00035172791103832445 0.10820192843675613
v -0.05114311352372173 0.008238960988819604 0.10003788024187088
v -0.05413822457194332 -0.004420808982104066 0.11025495082139969
v -0.05114311352372173 0.008238960988819604 0.10003788024187088
v -0.05413822457194332 0.0032812231220304988 0.10169238597154617
v -0.05413822457194332 0.0032812231220304988 0.10169238597154617
v -0.05114311352372173 0.008238960988819604 0.10003788024187088
v -0.05114311352372173 0.015289167873561393 0.0907720997929573
v -0.05413822457194332 0.0032812231220304988 0.10169238597154617
v -0.05114311352372173 0.015289167873561393 0.0907720997929573
v -0.05413822457194332 0.010165189392864711 0.09208477288484573
v -0.05413822457194332 0.010165189392864711 0.09208477288484573
v -0.05114311352372173 0.015289167873561393 0.0907720997929573
v -0.05114311352372173 0.021209057420492186 0.08057183772325516
v -0.05413822457194332 0.010165189392864711 0.09208477288484573
v -0.05114311352372173 0.021209057420492186 0.08057183772325516
v -0.05413822457194332 0.015940848737955104 0.08158475905656815
v -0.05413822457194332 0.015940848737955104 0.08158475905656815
v -0.05114311352372173 0.021209057420492186 0.08057183772325516
v -0.05114311352372173 0.025820802897214907 0.06969708949327469
v -0.05413822457194332 0.015940848737955104 0.08158475905656815
v -0.05114311352372173 0.025820802897214907 0.06969708949327469
v -0.05413822457194332 0.020439611747860922 0.07044029980897903
v -0.05413822457194332 0.020439611747860922 0.07044029980897903
v -0.05114311352372173 0.025820802897214907 0.06969708949327469
v -0.05114311352372173 0.02903677709400656 0.05844355747103691
v -0.05413822457194332 0.020439611747860922 0.07044029980897903
v -0.05114311352372173 0.02903677709400656 0.05844355747103691
v -0.05413822457194332 0.02357857674360277 0.05893291160464287
v -0.05413822457194332 0.02357857674360277 0.05893291160464287
v -0.05650582909584049 0.014884571544826041 0.07120759040117264
v -0.05413822457194332 0.020439611747860922 0.07044029980897903
v -0.05413822457194332 0.020439611747860922 0.07044029980897903
v -0.05650582909584049 0.014884571544826041 0.07120759040117264
v -0.05650582909584049 0.010502428747713573 0.0826304629445076
v -0.05413822457194332 0.020439611747860922 0.07044029980897903
v -0.05650582909584049 0.010502428747713573 0.0826304629445076
v -0.05413822457194332 0.015940848737955104 0.08158475905656815
v -0.05413822457194332 0.015940848737955104 0.08158475905656815
v -0.05650582909584049 0.010502428747713573 0.0826304629445076
v -0.05650582909584049 0.004875642713159326 0.09344000369310379
v -0.05413822457194332 0.015940848737955104 0.08158475905656815
v -0.05650582909584049 0.004875642713159326 0.09344000369310379
v -0.05413822457194332 0.010165189392864711 0.09208477288484573
v -0.05413822457194332 0.010165189392864711 0.09208477288484573
v -0.05650582909584049 0.004875642713159326 0.09344000369310379
v -0.05650582909584049 -0.001836759736761452 0.10340041667222977
v -0.05413822457194332 0.010165189392864711 0.09208477288484573
v -0.05650582909584049 -0.001836759736761452 0.10340041667222977
v -0.05413822457194332 0.0032812231220304988 0.10169238597154617
v -0.05413822457194332 0.0032812231220304988 0.10169238597154617
v -0.05650582909584049 -0.001836759736761452 0.10340041667222977
v -0.05650582909584049 -0.009347650222480304 0.11237449198961258
v -0.05413822457194332 0.0032812231220304988 0.10169238597154617
v -0.05650582909584049 -0.009347650222480304 0.11237449198961258
v -0.05413822457194332 -0.004420808982104066 0.11025495082139969
v -0.05413822457194332 -0.004420808982104066 0.11025495082139969
v -0.05650582909584049 -0.009347650222480304 0.11237449198961258
v -0.05650582909584049 -0.017141947522759448 0.12036604434251785
v -0.05413822457194332 -0.004420808982104066 0.11025495082139969
v -0.05650582909584049 -0.017141947522759448 0.12036604434251785
v -0.05413822457194332 -0.012448085471987733 0.11775702983140945
v -0.05413822457194332 -0.012448085471987733 0.11775702983140945
v -0.05650582909584049 -0.017141947522759448 0.12036604434251785
v -0.05413822457194332 -0.0164928399026394 0.1211065724492073
v -0.05413822457194332 -0.012448085471987733 0.11775702983140945
v -0.05413822457194332 -0.0164928399026394 0.1211065724492073
v -0.05114311352372173 -0.016231179237365733 0.12112004309892654
v -0.05824340507388119 -0.021900065243244185 0.12301082164049149
v -0.05824340507388119 -0.025687275454401987 0.12691397964954376
v -0.05650582909584049 -0.021058803424239173 0.1239904835820198
v -0.05650582909584049 -0.021058803424239173 0.1239904835820198
v -0.05824340507388119 -0.025687275454401987 0.12691397964954376
v -0.05650582909584049 -0.02495831437408926 0.12737663090229034
v -0.05650582909584049 -0.021058803424239173 0.1239904835820198
v -0.05650582909584049 -0.02495831437408926 0.12737663090229034
v -0.05413822457194332 -0.020525349304080023 0.12419850379228592
v -0.05413822457194332 -0.020525349304080023 0.12419850379228592
v -0.05650582909584049 -0.02495831437408926 0.12737663090229034
v -0.05413822457194332 -0.028605485334992426 0.12979693710803986
v -0.05937164276838307 -0.019321404397487654 0.1166653111577034
v -0.05992415919899945 -0.03129493817687037 0.1282329112291336
v -0.05937164276838307 -0.026644123718142527 0.12564773857593536
v -0.05937164276838307 -0.026644123718142527 0.12564773857593536
v -0.05992415919899945 -0.03129493817687037 0.1282329112291336
v -0.05937164276838307 -0.030302070081234 0.12982876598834991
v -0.05937164276838307 -0.026644123718142527 0.12564773857593536
v -0.05937164276838307 -0.030302070081234 0.12982876598834991
v -0.05888218805193905 -0.02800115197896959 0.12837548553943634
v -0.05937164276838307 -0.019321404397487654 0.1166653111577034
v -0.05992415919899945 -0.02420300431549551 0.11876542121171951
v -0.05992415919899945 -0.03129493817687037 0.1282329112291336
v -0.05992415919899945 -0.03129493817687037 0.1282329112291336
v -0.05992415919899945 -0.02420300431549551 0.11876542121171951
v -0.059947486966848415 -0.035870835185050985 0.13077659904956818
v -0.05992415919899945 -0.03129493817687037 0.1282329112291336
v -0.059947486966848415 -0.035870835185050985 0.13077659904956818
v -0.05992415919899945 -0.038324322551488904 0.13695915043354034
v -0.05992415919899945 -0.038324322551488904 0.13695915043354034
v -0.059947486966848415 -0.035870835185050985 0.13077659904956818
v -0.05999948084354405 -0.04048582166433337 0.1385088711977005
v -0.05992415919899945 -0.038324322551488904 0.13695915043354034
v -0.05999948084354405 -0.04048582166433337 0.1385088711977005
v -0.05992415919899945 -0.04175329953432086 0.14104588329792023
v -0.05971692502498631 -0.03963939845561984 0.13932855427265167
v -0.059561923146247905 -0.03857118636369708 0.13846082985401154
v -0.05971692502498631 -0.03614334762096407 0.13539548218250275
v -0.05971692502498631 -0.03614334762096407 0.13539548218250275
v -0.059561923146247905 -0.03857118636369708 0.13846082985401154
v -0.05937164276838307 -0.03749622032046321 0.1375875025987625
v -0.05971692502498631 -0.03614334762096407 0.13539548218250275
v -0.05937164276838307 -0.03749622032046321 0.1375875025987625
v -0.05937164276838307 -0.033932168036699316 0.13381023705005646
v -0.05937164276838307 -0.033932168036699316 0.13381023705005646
v -0.05937164276838307 -0.03749622032046321 0.1375875025987625
v -0.05888218805193905 -0.03533107787370684 0.13582856953144073
v -0.05937164276838307 -0.033932168036699316 0.13381023705005646
v -0.05888218805193905 -0.03533107787370684 0.13582856953144073
v -0.05888218805193905 -0.031698334962129614 0.1322086602449417
v -0.05888218805193905 -0.031698334962129614 0.1322086602449417
v -0.05888218805193905 -0.03533107787370684 0.13582856953144073
v -0.05824340507388119 -0.03315372392535212 0.13405974209308624
v -0.05888218805193905 -0.031698334962129614 0.1322086602449417
v -0.05824340507388119 -0.03315372392535212 0.13405974209308624
v -0.05824340507388119 -0.02945190854370596 0.13059814274311066
v -0.05824340507388119 -0.02945190854370596 0.13059814274311066
v -0.05824340507388119 -0.03315372392535212 0.13405974209308624
v -0.05650582909584049 -0.028798285871744177 0.1305214911699295
v -0.05824340507388119 -0.02945190854370596 0.13059814274311066
v -0.05888218805193905 -0.02800115197896959 0.12837548553943634
v -0.05888218805193905 -0.031698334962129614 0.1322086602449417
v -0.05888218805193905 -0.031698334962129614 0.1322086602449417
v -0.05888218805193905 -0.02800115197896959 0.12837548553943634
v -0.05937164276838307 -0.030302070081234 0.12982876598834991
v -0.05888218805193905 -0.031698334962129614 0.1322086602449417
v -0.05937164276838307 -0.030302070081234 0.12982876598834991
v -0.05937164276838307 -0.033932168036699316 0.13381023705005646
v -0.05937164276838307 -0.033932168036699316 0.13381023705005646
v -0.05937164276838307 -0.030302070081234 0.12982876598834991
v -0.05992415919899945 -0.03129493817687037 0.1282329112291336
v -0.05937164276838307 -0.033932168036699316 0.13381023705005646
v -0.05992415919899945 -0.03129493817687037 0.1282329112291336
v -0.05971692502498631 -0.03614334762096407 0.13539548218250275
v -0.05971692502498631 -0.03614334762096407 0.13539548218250275
v -0.05992415919899945 -0.03129493817687037 0.1282329112291336
v -0.05992415919899945 -0.038324322551488904 0.13695915043354034
v -0.05971692502498631 -0.03614334762096407 0.13539548218250275
v -0.05992415919899945 -0.038324322551488904 0.13695915043354034
v -0.05971692502498631 -0.03963939845561984 0.13932855427265167
v -0.05971692502498631 -0.03963939845561984 0.13932855427265167
v -0.05992415919899945 -0.038324322551488904 0.13695915043354034
v -0.05992415919899945 -0.04175329953432086 0.14104588329792023
v -0.05999948084354405 -0.04048582166433337 0.1385088711977005
v -0.05992415919899945 -0.045245345681905774 0.14508087933063507
v -0.05992415919899945 -0.04175329953432086 0.14104588329792023
v -0.05992415919899945 -0.04175329953432086 0.14104588329792023
v -0.05992415919899945 -0.045245345681905774 0.14508087933063507
v -0.05971692502498631 -0.04320636391639712 0.1432081013917923
v -0.05992415919899945 -0.04175329953432086 0.14104588329792023
v -0.05971692502498631 -0.04320636391639712 0.1432081013917923
v -0.05971692502498631 -0.03963939845561984 0.13932855427265167
v -0.05971692502498631 -0.03963939845561984 0.13932855427265167
v -0.05971692502498631 -0.04320636391639712 0.1432081013917923
v -0.059561923146247905 -0.04217601567506793 0.14226169884204865
v -0.05971692502498631 -0.03963939845561984 0.13932855427265167
v -0.059561923146247905 -0.04217601567506793 0.14226169884204865
v -0.059561923146247905 -0.03857118636369708 0.13846082985401154
v -0.059561923146247905 -0.03857118636369708 0.13846082985401154
v -0.059561923146247905 -0.04217601567506793 0.14226169884204865
v -0.05937164276838307 -0.041139155626297025 0.14130933582782745
v -0.059561923146247905 -0.03857118636369708 0.13846082985401154
v -0.05937164276838307 -0.041139155626297025 0.14130933582782745
v -0.05937164276838307 -0.03749622032046321 0.1375875025987625
v -0.05937164276838307 -0.03749622032046321 0.1375875025987625
v -0.05937164276838307 -0.041139155626297025 0.14130933582782745
v -0.05888218805193905 -0.03905078023672107 0.13939113914966583
v -0.05937164276838307 -0.03749622032046321 0.1375875025987625
v -0.05888218805193905 -0.03905078023672107 0.13939113914966583
v -0.05888218805193905 -0.03533107787370684 0.13582856953144073
v -0.05888218805193905 -0.03533107787370684 0.13582856953144073
v -0.05888218805193905 -0.03905078023672107 0.13939113914966583
v -0.05824340507388119 -0.036950640380382566 0.1374620944261551
v -0.05888218805193905 -0.03533107787370684 0.13582856953144073
v -0.05824340507388119 -0.036950640380382566 0.1374620944261551
v -0.05824340507388119 -0.03315372392535212 0.13405974209308624
v -0.05824340507388119 -0.03315372392535212 0.13405974209308624
v -0.05824340507388119 -0.036950640380382566 0.1374620944261551
v -0.05650582909584049 -0.03274970129132273 0.1336035281419754
v -0.05824340507388119 -0.03315372392535212 0.13405974209308624
v -0.05650582909584049 -0.03274970129132273 0.1336035281419754
v -0.05650582909584049 -0.028798285871744177 0.1305214911699295
v -0.047540526837110554 0.034216493368148825 0.05797923728823662
v -0.05114311352372173 0.025820802897214907 0.06969708949327469
v -0.047540526837110554 0.030927442014217398 0.06899190694093704
v -0.047540526837110554 0.030927442014217398 0.06899190694093704
v -0.05114311352372173 0.025820802897214907 0.06969708949327469
v -0.05114311352372173 0.021209057420492186 0.08057183772325516
v -0.047540526837110554 0.030927442014217398 0.06899190694093704
v -0.05114311352372173 0.021209057420492186 0.08057183772325516
v -0.047540526837110554 0.02620846778154375 0.07961071282625198
v -0.047540526837110554 0.02620846778154375 0.07961071282625198
v -0.05114311352372173 0.021209057420492186 0.08057183772325516
v -0.05114311352372173 0.015289167873561393 0.0907720997929573
v -0.047540526837110554 0.02620846778154375 0.07961071282625198
v -0.05114311352372173 0.015289167873561393 0.0907720997929573
v -0.047540526837110554 0.020151691511273398 0.08952654153108597
v -0.047540526837110554 0.020151691511273398 0.08952654153108597
v -0.05114311352372173 0.015289167873561393 0.0907720997929573
v -0.05114311352372173 0.008238960988819604 0.10003788024187088
v -0.047540526837110554 0.020151691511273398 0.08952654153108597
v -0.05114311352372173 0.008238960988819604 0.10003788024187088
v -0.047540526837110554 0.01294367481023074 0.09846777468919754
v -0.047540526837110554 0.01294367481023074 0.09846777468919754
v -0.05114311352372173 0.008238960988819604 0.10003788024187088
v -0.05114311352372173 0.00035172791103832445 0.10820192843675613
v -0.047540526837110554 0.01294367481023074 0.09846777468919754
v -0.05114311352372173 0.00035172791103832445 0.10820192843675613
v -0.047540526837110554 0.004880644381046299 0.10625357180833817
v -0.047540526837110554 0.004880644381046299 0.10625357180833817
v -0.05114311352372173 0.00035172791103832445 0.10820192843675613
v -0.05114311352372173 -0.007901254110038286 0.11522991210222244
v -0.047540526837110554 0.004880644381046299 0.10625357180833817
v -0.05114311352372173 -0.007901254110038286 0.11522991210222244
v -0.047540526837110554 -0.003586544189602139 0.11283177882432938
v -0.047540526837110554 -0.003586544189602139 0.11283177882432938
v -0.05114311352372173 -0.007901254110038286 0.11522991210222244
v -0.05114311352372173 -0.016231179237365733 0.12112004309892654
v -0.047540526837110554 -0.003586544189602139 0.11283177882432938
v -0.05114311352372173 -0.016231179237365733 0.12112004309892654
v -0.047540526837110554 -0.012156167067587384 0.1181987002491951
v -0.047540526837110554 -0.012156167067587384 0.1181987002491951
v -0.05114311352372173 -0.016231179237365733 0.12112004309892654
v -0.05114311352372173 -0.024591075256466883 0.12610967457294464
v -0.047540526837110554 -0.012156167067587384 0.1181987002491951
v -0.05114311352372173 -0.024591075256466883 0.12610967457294464
v -0.047540526837110554 -0.020781597122550025 0.12261063605546951
v -0.047540526837110554 -0.020781597122550025 0.12261063605546951
v -0.05114311352372173 -0.024591075256466883 0.12610967457294464
v -0.05114311352372173 -0.03285169228911402 0.13164015114307404
v -0.047540526837110554 -0.020781597122550025 0.12261063605546951
v -0.05114311352372173 -0.03285169228911402 0.13164015114307404
v -0.047540526837110554 -0.02937142737209799 0.12761743366718292
v -0.05650582909584049 0.017944034188985835 0.059438180178403854
v -0.05824340507388119 0.009253631345927722 0.07198543101549149
v -0.05650582909584049 0.014884571544826041 0.07120759040117264
v -0.05650582909584049 0.014884571544826041 0.07120759040117264
v -0.05824340507388119 0.009253631345927722 0.07198543101549149
v -0.05824340507388119 0.004989690147340301 0.0836905911564827
v -0.05650582909584049 0.014884571544826041 0.07120759040117264
v -0.05824340507388119 0.004989690147340301 0.0836905911564827
v -0.05650582909584049 0.010502428747713573 0.0826304629445076
v -0.05650582909584049 0.010502428747713573 0.0826304629445076
v -0.05824340507388119 0.004989690147340301 0.0836905911564827
v -0.05824340507388119 -0.0004862009664066139 0.09481383115053177
v -0.05650582909584049 0.010502428747713573 0.0826304629445076
v -0.05824340507388119 -0.0004862009664066139 0.09481383115053177
v -0.05650582909584049 0.004875642713159326 0.09344000369310379
v -0.05650582909584049 0.004875642713159326 0.09344000369310379
v -0.05824340507388119 -0.0004862009664066139 0.09481383115053177
v -0.05824340507388119 -0.0070247403346002145 0.10513193160295486
v -0.05650582909584049 0.004875642713159326 0.09344000369310379
v -0.05824340507388119 -0.0070247403346002145 0.10513193160295486
v -0.05650582909584049 -0.001836759736761452 0.10340041667222977
v -0.05650582909584049 -0.001836759736761452 0.10340041667222977
v -0.05824340507388119 -0.0070247403346002145 0.10513193160295486
v -0.05824340507388119 -0.014341916888952266 0.11452312022447586
v -0.05650582909584049 -0.001836759736761452 0.10340041667222977
v -0.05824340507388119 -0.014341916888952266 0.11452312022447586
v -0.05650582909584049 -0.009347650222480304 0.11237449198961258
v -0.05650582909584049 -0.009347650222480304 0.11237449198961258
v -0.05824340507388119 -0.014341916888952266 0.11452312022447586
v -0.05824340507388119 -0.021900065243244185 0.12301082164049149
v -0.05650582909584049 -0.009347650222480304 0.11237449198961258
v -0.05824340507388119 -0.021900065243244185 0.12301082164049149
v -0.05650582909584049 -0.017141947522759448 0.12036604434251785
v -0.05650582909584049 -0.017141947522759448 0.12036604434251785
v -0.05824340507388119 -0.021900065243244185 0.12301082164049149
v -0.05650582909584049 -0.021058803424239173 0.1239904835820198
v -0.05650582909584049 -0.017141947522759448 0.12036604434251785
v -0.05650582909584049 -0.021058803424239173 0.1239904835820198
v -0.05413822457194332 -0.0164928399026394 0.1211065724492073
v -0.05413822457194332 -0.0164928399026394 0.1211065724492073
v -0.05650582909584049 -0.021058803424239173 0.1239904835820198
v -0.05413822457194332 -0.020525349304080023 0.12419850379228592
v -0.05413822457194332 -0.0164928399026394 0.1211065724492073
v -0.05413822457194332 -0.020525349304080023 0.12419850379228592
v -0.05114311352372173 -0.016231179237365733 0.12112004309892654
v -0.05114311352372173 -0.016231179237365733 0.12112004309892654
v -0.05413822457194332 -0.020525349304080023 0.12419850379228592
v -0.05413822457194332 -0.028605485334992426 0.12979693710803986
v -0.05114311352372173 -0.016231179237365733 0.12112004309892654
v -0.05413822457194332 -0.028605485334992426 0.12979693710803986
v -0.05114311352372173 -0.024591075256466883 0.12610967457294464
v -0.05114311352372173 -0.024591075256466883 0.12610967457294464
v -0.05413822457194332 -0.028605485334992426 0.12979693710803986
v -0.05413822457194332 -0.03651928529143336 0.13587923347949982
v -0.05114311352372173 -0.024591075256466883 0.12610967457294464
v -0.05413822457194332 -0.03651928529143336 0.13587923347949982
v -0.05114311352372173 -0.03285169228911402 0.13164015114307404
v -0.05971692502498631 -0.04672058299183848 0.1472063809633255
v -0.059561923146247905 -0.0489180609583855 0.15020890533924103
v -0.059561923146247905 -0.045730259269475965 0.14618642628192902
v -0.059561923146247905 -0.045730259269475965 0.14618642628192902
v -0.059561923146247905 -0.0489180609583855 0.15020890533924103
v -0.05937164276838307 -0.047970701009035145 0.1491139680147171
v -0.059561923146247905 -0.045730259269475965 0.14618642628192902
v -0.05937164276838307 -0.047970701009035145 0.1491139680147171
v -0.05937164276838307 -0.04473368450999263 0.14515991508960724
v -0.05937164276838307 -0.04473368450999263 0.14515991508960724
v -0.05937164276838307 -0.047970701009035145 0.1491139680147171
v -0.05888218805193905 -0.04606259986758235 0.14690883457660675
v -0.05992415919899945 -0.045245345681905774 0.14508087933063507
v -0.05971692502498631 -0.04672058299183848 0.1472063809633255
v -0.05971692502498631 -0.04320636391639712 0.1432081013917923
v -0.05971692502498631 -0.04320636391639712 0.1432081013917923
v -0.05971692502498631 -0.04672058299183848 0.1472063809633255
v -0.059561923146247905 -0.045730259269475965 0.14618642628192902
v -0.05971692502498631 -0.04320636391639712 0.1432081013917923
v -0.059561923146247905 -0.045730259269475965 0.14618642628192902
v -0.059561923146247905 -0.04217601567506793 0.14226169884204865
v -0.059561923146247905 -0.04217601567506793 0.14226169884204865
v -0.059561923146247905 -0.045730259269475965 0.14618642628192902
v -0.05937164276838307 -0.04473368450999263 0.14515991508960724
v -0.059561923146247905 -0.04217601567506793 0.14226169884204865
v -0.05937164276838307 -0.04473368450999263 0.14515991508960724
v -0.05937164276838307 -0.041139155626297025 0.14130933582782745
v -0.05937164276838307 -0.041139155626297025 0.14130933582782745
v -0.05937164276838307 -0.04473368450999263 0.14515991508960724
v -0.05888218805193905 -0.04606259986758235 0.14690883457660675
v -0.05937164276838307 -0.041139155626297025 0.14130933582782745
v -0.05888218805193905 -0.04606259986758235 0.14690883457660675
v -0.05888218805193905 -0.03905078023672107 0.13939113914966583
v -0.05888218805193905 -0.03905078023672107 0.13939113914966583
v -0.05888218805193905 -0.04606259986758235 0.14690883457660675
v -0.05824340507388119 -0.04414376989006999 0.14469130337238312
v -0.05888218805193905 -0.03905078023672107 0.13939113914966583
v -0.05824340507388119 -0.04414376989006999 0.14469130337238312
v -0.05824340507388119 -0.036950640380382566 0.1374620944261551
v -0.05824340507388119 -0.036950640380382566 0.1374620944261551
v -0.05824340507388119 -0.04414376989006999 0.14469130337238312
v -0.05650582909584049 -0.04030556976795199 0.14025528728961945
v -0.05824340507388119 -0.036950640380382566 0.1374620944261551
v -0.05650582909584049 -0.04030556976795199 0.14025528728961945
v -0.05650582909584049 -0.03274970129132273 0.1336035281419754
v -0.05650582909584049 -0.03274970129132273 0.1336035281419754
v -0.05650582909584049 -0.04030556976795199 0.14025528728961945
v -0.05413822457194332 -0.028605485334992426 0.12979693710803986
v -0.05650582909584049 -0.03274970129132273 0.1336035281419754
v -0.05413822457194332 -0.028605485334992426 0.12979693710803986
v -0.05650582909584049 -0.028798285871744177 0.1305214911699295
v -0.05650582909584049 -0.028798285871744177 0.1305214911699295
v -0.05413822457194332 -0.028605485334992426 0.12979693710803986
v -0.05650582909584049 -0.02495831437408926 0.12737663090229034
v -0.05650582909584049 -0.028798285871744177 0.1305214911699295
v -0.05650582909584049 -0.02495831437408926 0.12737663090229034
v -0.05824340507388119 -0.02945190854370596 0.13059814274311066
v -0.05824340507388119 -0.02945190854370596 0.13059814274311066
v -0.05650582909584049 -0.02495831437408926 0.12737663090229034
v -0.05824340507388119 -0.025687275454401987 0.12691397964954376
v -0.05824340507388119 -0.02945190854370596 0.13059814274311066
v -0.05824340507388119 -0.025687275454401987 0.12691397964954376
v -0.05888218805193905 -0.02800115197896959 0.12837548553943634
v -0.05888218805193905 -0.02800115197896959 0.12837548553943634
v -0.05824340507388119 -0.025687275454401987 0.12691397964954376
v -0.05824340507388119 -0.021900065243244185 0.12301082164049149
v -0.05888218805193905 -0.02800115197896959 0.12837548553943634
v -0.05824340507388119 -0.021900065243244185 0.12301082164049149
v -0.05937164276838307 -0.026644123718142527 0.12564773857593536
v -0.05937164276838307 -0.026644123718142527 0.12564773857593536
v -0.05824340507388119 -0.021900065243244185 0.12301082164049149
v -0.05824340507388119 -0.014341916888952266 0.11452312022447586
v -0.05937164276838307 -0.026644123718142527 0.12564773857593536
v -0.05824340507388119 -0.014341916888952266 0.11452312022447586
v -0.05937164276838307 -0.019321404397487654 0.1166653111577034
v -0.05937164276838307 -0.019321404397487654 0.1166653111577034
v -0.05824340507388119 -0.014341916888952266 0.11452312022447586
v -0.05824340507388119 -0.0070247403346002145 0.10513193160295486
v -0.05937164276838307 -0.019321404397487654 0.1166653111577034
v -0.05824340507388119 -0.0070247403346002145 0.10513193160295486
v -0.05992415919899945 -0.01726819947361947 0.10855085402727127
v -0.05992415919899945 -0.01726819947361947 0.10855085402727127
v -0.05824340507388119 -0.0070247403346002145 0.10513193160295486
v -0.05824340507388119 -0.0004862009664066139 0.09481383115053177
v -0.05992415919899945 -0.01726819947361947 0.10855085402727127
v -0.05824340507388119 -0.0004862009664066139 0.09481383115053177
v -0.05992415919899945 -0.01107282284647227 0.0975266769528389
v -0.05992415919899945 -0.01107282284647227 0.0975266769528389
v -0.05824340507388119 -0.0004862009664066139 0.09481383115053177
v -0.05824340507388119 0.004989690147340301 0.0836905911564827
v -0.05992415919899945 -0.01107282284647227 0.0975266769528389
v -0.05824340507388119 0.004989690147340301 0.0836905911564827
v -0.05992415919899945 -0.005894825328141455 0.08578396588563919
v -0.05992415919899945 -0.005894825328141455 0.08578396588563919
v -0.05824340507388119 0.004989690147340301 0.0836905911564827
v -0.05824340507388119 0.009253631345927722 0.07198543101549149
v -0.05992415919899945 -0.005894825328141455 0.08578396588563919
v -0.05824340507388119 0.009253631345927722 0.07198543101549149
v -0.05992415919899945 -0.001864238176494838 0.07352138310670853
v -0.05992415919899945 -0.001864238176494838 0.07352138310670853
v -0.05824340507388119 0.009253631345927722 0.07198543101549149
v -0.05824340507388119 0.012232502922415742 0.05995030328631401
v -0.05992415919899945 -0.001864238176494838 0.07352138310670853
v -0.05824340507388119 0.012232502922415742 0.05995030328631401
v -0.05992415919899945 0.0009555072174407548 0.06096161529421806
v -0.059947486966848415 -0.042645685374736814 0.14005739986896515
v -0.059947486966848415 -0.04928538575768474 0.14879174530506134
v -0.05999948084354405 -0.04726612195372585 0.14693696796894073
v -0.05999948084354405 -0.04726612195372585 0.14693696796894073
v -0.059947486966848415 -0.04928538575768474 0.14879174530506134
v -0.05999948084354405 -0.053568881005048787 0.15558357536792755
v -0.05999948084354405 -0.04726612195372585 0.14693696796894073
v -0.05999948084354405 -0.053568881005048787 0.15558357536792755
v -0.05992415919899945 -0.05172248557209972 0.15344984829425812
v -0.059947486966848415 -0.057718344032764476 0.16253919899463654
v -0.05992415919899945 -0.05622569844126705 0.16278918087482452
v -0.05992415919899945 -0.05426156893372539 0.15800411999225616
v -0.05992415919899945 -0.05426156893372539 0.15800411999225616
v -0.05992415919899945 -0.05622569844126705 0.16278918087482452
v -0.05971692502498631 -0.05462308600544933 0.1603679209947586
v -0.05992415919899945 -0.05426156893372539 0.15800411999225616
v -0.05971692502498631 -0.05462308600544933 0.1603679209947586
v -0.05971692502498631 -0.05251699313521389 0.15571530163288116
v -0.05971692502498631 -0.05251699313521389 0.15571530163288116
v -0.05971692502498631 -0.05462308600544933 0.1603679209947586
v -0.05937164276838307 -0.05299831554293636 0.15791304409503937
v -0.05971692502498631 -0.05251699313521389 0.15571530163288116
v -0.05937164276838307 -0.05299831554293636 0.15791304409503937
v -0.05937164276838307 -0.05074829608201984 0.15339477360248566
v -0.05937164276838307 -0.05074829608201984 0.15339477360248566
v -0.05937164276838307 -0.05299831554293636 0.15791304409503937
v -0.05888218805193905 -0.05135693028569225 0.15543301403522491
v -0.05937164276838307 -0.05074829608201984 0.15339477360248566
v -0.05888218805193905 -0.05135693028569225 0.15543301403522491
v -0.05888218805193905 -0.048961509019136464 0.15105040371418
v -0.05888218805193905 -0.048961509019136464 0.15105040371418
v -0.05888218805193905 -0.05135693028569225 0.15543301403522491
v -0.05824340507388119 -0.049706328660249745 0.15293903648853302
v -0.05888218805193905 -0.048961509019136464 0.15105040371418
v -0.05824340507388119 -0.049706328660249745 0.15293903648853302
v -0.05824340507388119 -0.04716468229889873 0.14869292080402374
v -0.05824340507388119 -0.04716468229889873 0.14869292080402374
v -0.05824340507388119 -0.049706328660249745 0.15293903648853302
v -0.05650582909584049 -0.046404693275690106 0.14795036613941193
v -0.05824340507388119 -0.04716468229889873 0.14869292080402374
v -0.05650582909584049 -0.046404693275690106 0.14795036613941193
v -0.05650582909584049 -0.043570555746555356 0.1439771205186844
v -0.05650582909584049 -0.043570555746555356 0.1439771205186844
v -0.05650582909584049 -0.046404693275690106 0.14795036613941193
v -0.05413822457194332 -0.04314776510000232 0.14302892982959747
v -0.05650582909584049 -0.043570555746555356 0.1439771205186844
v -0.05413822457194332 -0.04314776510000232 0.14302892982959747
v -0.05413822457194332 -0.0400250814855099 0.13932497799396515
v -0.05413822457194332 -0.0400250814855099 0.13932497799396515
v -0.05413822457194332 -0.04314776510000232 0.14302892982959747
v -0.05114311352372173 -0.039992980659008054 0.13826175034046173
v -0.05413822457194332 -0.0400250814855099 0.13932497799396515
v -0.05114311352372173 -0.039992980659008054 0.13826175034046173
v -0.05114311352372173 -0.03659078851342204 0.13481850922107697
v -0.05114311352372173 -0.03659078851342204 0.13481850922107697
v -0.05114311352372173 -0.039992980659008054 0.13826175034046173
v -0.047540526837110554 -0.03699938580393794 0.13373787701129913
v -0.05114311352372173 -0.03659078851342204 0.13481850922107697
v -0.047540526837110554 -0.03699938580393794 0.13373787701129913
v -0.047540526837110554 -0.03333195298910143 0.13054199516773224
v -0.047540526837110554 -0.03333195298910143 0.13054199516773224
v -0.047540526837110554 -0.03699938580393794 0.13373787701129913
v -0.04337627440690997 -0.034222014248371145 0.12954039871692657
v -0.03859652578830722 -0.05099999904632572 0.1527772694826126
v -0.03740938752889636 -0.05099999904632572 0.15159006416797638
v -0.038712788373231916 -0.05131017789244655 0.15263409912586212
v -0.038712788373231916 -0.05131017789244655 0.15263409912586212
v -0.03740938752889636 -0.05099999904632572 0.15159006416797638
v -0.0336328372359276 -0.051305934786796605 0.14878816902637482
v -0.038712788373231916 -0.05131017789244655 0.15263409912586212
v -0.0336328372359276 -0.051305934786796605 0.14878816902637482
v -0.038712788373231916 -0.05254561081528667 0.15202493965625763
v -0.04337627440690997 -0.053285699337720906 0.15536482632160187
v -0.047540526837110554 -0.05336565896868709 0.16024263203144073
v -0.04337627440690997 -0.0530081428587437 0.15592749416828156
v -0.04337627440690997 -0.0530081428587437 0.15592749416828156
v -0.047540526837110554 -0.05336565896868709 0.16024263203144073
v -0.047540526837110554 -0.05306116119027141 0.16078968346118927
v -0.04337627440690997 -0.0530081428587437 0.15592749416828156
v -0.047540526837110554 -0.05306116119027141 0.16078968346118927
v -0.04337627440690997 -0.052575800567865406 0.1564076691865921
v -0.047540526837110554 -0.04828173294663433 0.14810998737812042
v -0.04337627440690997 -0.04116508737206462 0.1361275464296341
v -0.047540526837110554 -0.04332657158374789 0.14072830975055695
v -0.047540526837110554 -0.04332657158374789 0.14072830975055695
v -0.04337627440690997 -0.04116508737206462 0.1361275464296341
v -0.047540526837110554 -0.040336206555366544 0.13715417683124542
v -0.047540526837110554 -0.04332657158374789 0.14072830975055695
v -0.047540526837110554 -0.040336206555366544 0.13715417683124542
v -0.05114311352372173 -0.04301952943205836 0.14190895855426788
v -0.05114311352372173 -0.04979760572314266 0.15335555374622345
v -0.05114311352372173 -0.04565634205937388 0.1456868201494217
v -0.05413822457194332 -0.04811157286167148 0.15091224014759064
v -0.05413822457194332 -0.04811157286167148 0.15091224014759064
v -0.05114311352372173 -0.04565634205937388 0.1456868201494217
v -0.05413822457194332 -0.04584734514355662 0.14691956341266632
v -0.05413822457194332 -0.04811157286167148 0.15091224014759064
v -0.05413822457194332 -0.04584734514355662 0.14691956341266632
v -0.05650582909584049 -0.04876673221588138 0.15209229290485382
v -0.05650582909584049 -0.04876673221588138 0.15209229290485382
v -0.05650582909584049 -0.05064631253480915 0.1563066989183426
v -0.05413822457194332 -0.04811157286167148 0.15091224014759064
v -0.05413822457194332 -0.04811157286167148 0.15091224014759064
v -0.05650582909584049 -0.05064631253480915 0.1563066989183426
v -0.05413822457194332 -0.04995079338550571 0.15492434799671173
v -0.05413822457194332 -0.04811157286167148 0.15091224014759064
v -0.05413822457194332 -0.04995079338550571 0.15492434799671173
v -0.05114311352372173 -0.04979760572314266 0.15335555374622345
v -0.059444963932037395 -0.06330283731222157 0.17784519493579865
v -0.05992415919899945 -0.05756994336843495 0.16768904030323029
v -0.059947486966848415 -0.05940118804574017 0.16758687794208527
v -0.059444963932037395 -0.06326723843812947 0.18316395580768585
v -0.05992415919899945 -0.058417104184627575 0.1773114949464798
v -0.05992415919899945 -0.05828966572880749 0.17257221043109894
v -0.05992415919899945 -0.05828966572880749 0.17257221043109894
v -0.05992415919899945 -0.058417104184627575 0.1773114949464798
v -0.05937164276838307 -0.056383188813924824 0.17614276707172394
v -0.05992415919899945 -0.05828966572880749 0.17257221043109894
v -0.05937164276838307 -0.056383188813924824 0.17614276707172394
v -0.05937164276838307 -0.05577789247035984 0.167227104306221
v -0.05937164276838307 -0.05577789247035984 0.167227104306221
v -0.05937164276838307 -0.056383188813924824 0.17614276707172394
v -0.05888218805193905 -0.05555202811956409 0.1732669621706009
v -0.05937164276838307 -0.05577789247035984 0.167227104306221
v -0.05888218805193905 -0.05555202811956409 0.1732669621706009
v -0.05888218805193905 -0.05450046062469486 0.164508655667305
v -0.05888218805193905 -0.05450046062469486 0.164508655667305
v -0.05888218805193905 -0.05555202811956409 0.1732669621706009
v -0.05824340507388119 -0.054716199636459385 0.17037494480609894
v -0.05888218805193905 -0.05450046062469486 0.164508655667305
v -0.05824340507388119 -0.054716199636459385 0.17037494480609894
v -0.05824340507388119 -0.05321585386991504 0.16177494823932648
v -0.05824340507388119 -0.05321585386991504 0.16177494823932648
v -0.05824340507388119 -0.054716199636459385 0.17037494480609894
v -0.057452216744422954 -0.05387916415929798 0.1674787551164627
v -0.05824340507388119 -0.05321585386991504 0.16177494823932648
v -0.057452216744422954 -0.05387916415929798 0.1674787551164627
v -0.057452216744422954 -0.051929384469986 0.15903730690479279
v -0.057452216744422954 -0.051929384469986 0.15903730690479279
v -0.057452216744422954 -0.05387916415929798 0.1674787551164627
v -0.05650582909584049 -0.05304433032870296 0.16459007561206818
v -0.057452216744422954 -0.051929384469986 0.15903730690479279
v -0.05650582909584049 -0.05304433032870296 0.16459007561206818
v -0.05650582909584049 -0.05205922946333889 0.16049976646900177
v -0.05114311352372173 -0.05263581499457363 0.16081853210926056
v -0.047540526837110554 -0.04828173294663433 0.14810998737812042
v -0.05114311352372173 -0.04979760572314266 0.15335555374622345
v -0.05114311352372173 -0.04979760572314266 0.15335555374622345
v -0.047540526837110554 -0.04828173294663433 0.14810998737812042
v -0.047540526837110554 -0.04332657158374789 0.14072830975055695
v -0.05114311352372173 -0.04979760572314266 0.15335555374622345
v -0.047540526837110554 -0.04332657158374789 0.14072830975055695
v -0.05114311352372173 -0.04565634205937388 0.1456868201494217
v -0.05114311352372173 -0.04565634205937388 0.1456868201494217
v -0.047540526837110554 -0.04332657158374789 0.14072830975055695
v -0.05114311352372173 -0.04301952943205836 0.14190895855426788
v -0.05114311352372173 -0.04565634205937388 0.1456868201494217
v -0.05114311352372173 -0.04301952943205836 0.14190895855426788
v -0.05413822457194332 -0.04584734514355662 0.14691956341266632
v -0.05114311352372173 -0.0536543466150761 0.1646607667207718
v -0.047540526837110554 -0.05350611358881 0.15937800705432892
v -0.05114311352372173 -0.053645636886358296 0.16440947353839874
v -0.05114311352372173 -0.053645636886358296 0.16440947353839874
v -0.047540526837110554 -0.05350611358881 0.15937800705432892
v -0.047540526837110554 -0.05347201228141788 0.15912051498889923
v -0.05114311352372173 -0.053645636886358296 0.16440947353839874
v -0.047540526837110554 -0.05347201228141788 0.15912051498889923
v -0.047540526837110554 -0.05201319605112079 0.15548987686634064
v -0.047540526837110554 -0.05201319605112079 0.15548987686634064
v -0.047540526837110554 -0.05347201228141788 0.15912051498889923
v -0.04337627440690997 -0.05143554508686069 0.15054567158222198
v -0.047540526837110554 -0.05201319605112079 0.15548987686634064
v -0.04337627440690997 -0.05143554508686069 0.15054567158222198
v -0.04337627440690997 -0.04687535762786869 0.14324314892292023
v -0.04337627440690997 -0.04687535762786869 0.14324314892292023
v -0.04337627440690997 -0.05143554508686069 0.15054567158222198
v -0.038712788373231916 -0.04560444876551631 0.1388448029756546
v -0.04337627440690997 -0.04687535762786869 0.14324314892292023
v -0.038712788373231916 -0.04560444876551631 0.1388448029756546
v -0.038712788373231916 -0.03921180963516238 0.1319698840379715
v -0.038712788373231916 -0.03921180963516238 0.1319698840379715
v -0.038712788373231916 -0.04560444876551631 0.1388448029756546
v -0.0336328372359276 -0.037497635930776624 0.12832076847553253
v -0.038712788373231916 -0.03921180963516238 0.1319698840379715
v -0.0336328372359276 -0.037497635930776624 0.12832076847553253
v -0.0336328372359276 -0.029509518295526525 0.12241775542497635
v -0.0336328372359276 -0.029509518295526525 0.12241775542497635
v -0.0336328372359276 -0.037497635930776624 0.12832076847553253
v -0.028229752555489557 -0.02764596603810789 0.11960060149431229
v -0.0336328372359276 -0.029509518295526525 0.12241775542497635
v -0.028229752555489557 -0.02764596603810789 0.11960060149431229
v -0.028229752555489557 -0.01849673502147199 0.11504597216844559
v -0.028229752555489557 -0.01849673502147199 0.11504597216844559
v -0.028229752555489557 -0.02764596603810789 0.11960060149431229
v -0.022604495286941542 -0.01674291491508485 0.11301786452531815
v -0.028229752555489557 -0.01849673502147199 0.11504597216844559
v -0.022604495286941542 -0.01674291491508485 0.11301786452531815
v -0.022604495286941542 -0.006956727243959908 0.10991234332323074
v -0.022604495286941542 -0.006956727243959908 0.10991234332323074
v -0.022604495286941542 -0.01674291491508485 0.11301786452531815
v -0.016859784722328196 -0.005497529171407226 0.10857207328081131
v -0.022604495286941542 -0.006956727243959908 0.10991234332323074
v -0.016859784722328196 -0.005497529171407226 0.10857207328081131
v -0.016859784722328196 0.00419447245076299 0.10647851973772049
v -0.05271804332733158 -0.05369326472282413 0.1676834374666214
v -0.05114311352372173 -0.05356146395206455 0.16521711647510529
v -0.05114311352372173 -0.0536279417574406 0.16493315994739532
v -0.05114311352372173 -0.0536279417574406 0.16493315994739532
v -0.05114311352372173 -0.05356146395206455 0.16521711647510529
v -0.047540526837110554 -0.053456939756870304 0.15995092689990997
v -0.05114311352372173 -0.0536279417574406 0.16493315994739532
v -0.047540526837110554 -0.053456939756870304 0.15995092689990997
v -0.047540526837110554 -0.05350279808044437 0.1596582680940628
v -0.04337627440690997 -0.05131512880325321 0.15701575577259064
v -0.04337627440690997 -0.052575800567865406 0.1564076691865921
v -0.047540526837110554 -0.05260936170816425 0.16125769913196564
v -0.047540526837110554 -0.05260936170816425 0.16125769913196564
v -0.04337627440690997 -0.052575800567865406 0.1564076691865921
v -0.047540526837110554 -0.05306116119027141 0.16078968346118927
v -0.047540526837110554 -0.05260936170816425 0.16125769913196564
v -0.047540526837110554 -0.05306116119027141 0.16078968346118927
v -0.05114311352372173 -0.05311853811144832 0.16603036224842072
v -0.05114311352372173 -0.05311853811144832 0.16603036224842072
v -0.047540526837110554 -0.05306116119027141 0.16078968346118927
v -0.05114311352372173 -0.05345207452774051 0.1655000001192093
v -0.05114311352372173 -0.05311853811144832 0.16603036224842072
v -0.05114311352372173 -0.05345207452774051 0.1655000001192093
v -0.05271804332733158 -0.053497213870286976 0.1682412177324295
v -0.05271804332733158 -0.053497213870286976 0.1682412177324295
v -0.05413822457194332 -0.05268405750393871 0.17199428379535675
v -0.05114311352372173 -0.05311853811144832 0.16603036224842072
v -0.05114311352372173 -0.05311853811144832 0.16603036224842072
v -0.05413822457194332 -0.05268405750393871 0.17199428379535675
v -0.05114311352372173 -0.05264567211270336 0.16648514568805695
v -0.05114311352372173 -0.05311853811144832 0.16603036224842072
v -0.05114311352372173 -0.05264567211270336 0.16648514568805695
v -0.047540526837110554 -0.05260936170816425 0.16125769913196564
v -0.047540526837110554 -0.05260936170816425 0.16125769913196564
v -0.05114311352372173 -0.05264567211270336 0.16648514568805695
v -0.047540526837110554 -0.0513207130134106 0.1618639975786209
v -0.047540526837110554 -0.05260936170816425 0.16125769913196564
v -0.047540526837110554 -0.0513207130134106 0.1618639975786209
v -0.04337627440690997 -0.05131512880325321 0.15701575577259064
v -0.04337627440690997 -0.05131512880325321 0.15701575577259064
v -0.047540526837110554 -0.0513207130134106 0.1618639975786209
v -0.04690988734364513 -0.05099999904632572 0.16109056770801544
v -0.04337627440690997 -0.05131512880325321 0.15701575577259064
v -0.04690988734364513 -0.05099999904632572 0.16109056770801544
v -0.04312048852443698 -0.05099999904632572 0.15730126202106476
v -0.05540147051215175 -0.053922768682241475 0.17284388840198517
v -0.05650582909584049 -0.054047673940658604 0.1748686581850052
v -0.05650582909584049 -0.054017882794141804 0.17573662102222443
v -0.05650582909584049 -0.054017882794141804 0.17573662102222443
v -0.05650582909584049 -0.054047673940658604 0.1748686581850052
v -0.057452216744422954 -0.05420468002557758 0.17778940498828888
v -0.05650582909584049 -0.054017882794141804 0.17573662102222443
v -0.057452216744422954 -0.05420468002557758 0.17778940498828888
v -0.057452216744422954 -0.05411366745829586 0.17864902317523956
v -0.057452216744422954 -0.05411366745829586 0.17864902317523956
v -0.05650582909584049 -0.053972352296114 0.17597444355487823
v -0.05650582909584049 -0.054017882794141804 0.17573662102222443
v -0.05650582909584049 -0.054017882794141804 0.17573662102222443
v -0.05650582909584049 -0.053972352296114 0.17597444355487823
v -0.05540147051215175 -0.05389107763767246 0.1730850487947464
v -0.05650582909584049 -0.054017882794141804 0.17573662102222443
v -0.05540147051215175 -0.05389107763767246 0.1730850487947464
v -0.05540147051215175 -0.053922768682241475 0.17284388840198517
v -0.05540147051215175 -0.053922768682241475 0.17284388840198517
v -0.05540147051215175 -0.05389107763767246 0.1730850487947464
v -0.05413822457194332 -0.05381073802709583 0.17022760212421417
v -0.05540147051215175 -0.053922768682241475 0.17284388840198517
v -0.05413822457194332 -0.05381073802709583 0.17022760212421417
v -0.05413822457194332 -0.053828738629818 0.16998298466205597
v -0.05271804332733158 -0.05369326472282413 0.1676834374666214
v -0.05413822457194332 -0.053760010749101673 0.1704917699098587
v -0.05413822457194332 -0.053543355315923725 0.17104025185108185
v -0.05413822457194332 -0.053543355315923725 0.17104025185108185
v -0.05413822457194332 -0.053760010749101673 0.1704917699098587
v -0.05540147051215175 -0.053827870637178456 0.17334504425525665
v -0.05413822457194332 -0.053543355315923725 0.17104025185108185
v -0.05540147051215175 -0.053827870637178456 0.17334504425525665
v -0.05650582909584049 -0.05363777652382854 0.17675979435443878
v -0.05540147051215175 -0.053827870637178456 0.17334504425525665
v -0.05650582909584049 -0.05389653146266941 0.1762302666902542
v -0.05650582909584049 -0.05363777652382854 0.17675979435443878
v -0.05650582909584049 -0.05363777652382854 0.17675979435443878
v -0.05650582909584049 -0.05389653146266941 0.1762302666902542
v -0.057452216744422954 -0.05396569520235065 0.17913492023944855
v -0.05650582909584049 -0.05363777652382854 0.17675979435443878
v -0.057452216744422954 -0.05396569520235065 0.17913492023944855
v -0.05824340507388119 -0.05373366922140125 0.18255765736103058
v -0.05413822457194332 -0.053604733198881184 0.1682186871767044
v -0.05540147051215175 -0.05381971970200542 0.1710938960313797
v -0.05540147051215175 -0.053922768682241475 0.17284388840198517
v -0.05540147051215175 -0.053922768682241475 0.17284388840198517
v -0.05540147051215175 -0.05381971970200542 0.1710938960313797
v -0.05650582909584049 -0.05403709784150127 0.1740012913942337
v -0.05540147051215175 -0.053922768682241475 0.17284388840198517
v -0.05650582909584049 -0.05403709784150127 0.1740012913942337
v -0.05650582909584049 -0.054047673940658604 0.1748686581850052
v -0.05650582909584049 -0.054047673940658604 0.1748686581850052
v -0.05650582909584049 -0.05403709784150127 0.1740012913942337
v -0.057452216744422954 -0.054255943745374714 0.1769283562898636
v -0.05650582909584049 -0.054047673940658604 0.1748686581850052
v -0.057452216744422954 -0.054255943745374714 0.1769283562898636
v -0.057452216744422954 -0.05420468002557758 0.17778940498828888
v -0.057452216744422954 -0.05420468002557758 0.17778940498828888
v -0.057452216744422954 -0.054255943745374714 0.1769283562898636
v -0.05824340507388119 -0.05447535961866382 0.17986316978931427
v -0.057452216744422954 -0.05420468002557758 0.17778940498828888
v -0.05824340507388119 -0.05447535961866382 0.17986316978931427
v -0.057452216744422954 -0.05411366745829586 0.17864902317523956
v -0.057452216744422954 -0.05411366745829586 0.17864902317523956
v -0.05824340507388119 -0.05447535961866382 0.17986316978931427
v -0.05824340507388119 -0.054209731519222294 0.18156905472278595
v -0.05937164276838307 -0.056383188813924824 0.17614276707172394
v -0.05888218805193905 -0.05499934032559398 0.18104548752307892
v -0.05888218805193905 -0.05555202811956409 0.1732669621706009
v -0.05888218805193905 -0.05555202811956409 0.1732669621706009
v -0.05888218805193905 -0.05499934032559398 0.18104548752307892
v -0.05824340507388119 -0.054656039923429524 0.17810769379138947
v -0.05888218805193905 -0.05555202811956409 0.1732669621706009
v -0.05824340507388119 -0.054656039923429524 0.17810769379138947
v -0.05824340507388119 -0.054716199636459385 0.17037494480609894
v -0.05824340507388119 -0.054716199636459385 0.17037494480609894
v -0.05824340507388119 -0.054656039923429524 0.17810769379138947
v -0.057452216744422954 -0.05431224033236507 0.17516560852527618
v -0.05824340507388119 -0.054716199636459385 0.17037494480609894
v -0.057452216744422954 -0.05431224033236507 0.17516560852527618
v -0.057452216744422954 -0.05387916415929798 0.1674787551164627
v -0.057452216744422954 -0.05387916415929798 0.1674787551164627
v -0.057452216744422954 -0.05431224033236507 0.17516560852527618
v -0.05650582909584049 -0.05396934971213344 0.17223115265369415
v -0.057452216744422954 -0.05387916415929798 0.1674787551164627
v -0.05650582909584049 -0.05396934971213344 0.17223115265369415
v -0.05650582909584049 -0.05304433032870296 0.16459007561206818
v -0.05650582909584049 -0.05304433032870296 0.16459007561206818
v -0.05650582909584049 -0.05396934971213344 0.17223115265369415
v -0.05413822457194332 -0.05139510333538059 0.15888340771198273
v -0.05650582909584049 -0.05304433032870296 0.16459007561206818
v -0.05413822457194332 -0.05139510333538059 0.15888340771198273
v -0.05650582909584049 -0.05205922946333889 0.16049976646900177
v -0.05413822457194332 -0.05381073802709583 0.17022760212421417
v -0.05271804332733158 -0.05373170599341396 0.1674150973558426
v -0.05413822457194332 -0.053828738629818 0.16998298466205597
v -0.05413822457194332 -0.053828738629818 0.16998298466205597
v -0.05271804332733158 -0.05373170599341396 0.1674150973558426
v -0.05271804332733158 -0.0537362135946751 0.16716714203357697
v -0.05413822457194332 -0.053828738629818 0.16998298466205597
v -0.05271804332733158 -0.0537362135946751 0.16716714203357697
v -0.05413822457194332 -0.053604733198881184 0.1682186871767044
v -0.05413822457194332 -0.053604733198881184 0.1682186871767044
v -0.05271804332733158 -0.0537362135946751 0.16716714203357697
v -0.05413822457194332 -0.05329195782542232 0.1664341241121292
v -0.05413822457194332 -0.053604733198881184 0.1682186871767044
v -0.05413822457194332 -0.05329195782542232 0.1664341241121292
v -0.05540147051215175 -0.05381971970200542 0.1710938960313797
v -0.05540147051215175 -0.05381971970200542 0.1710938960313797
v -0.05413822457194332 -0.05329195782542232 0.1664341241121292
v -0.05650582909584049 -0.05396934971213344 0.17223115265369415
v -0.05540147051215175 -0.05381971970200542 0.1710938960313797
v -0.05650582909584049 -0.05396934971213344 0.17223115265369415
v -0.05650582909584049 -0.05403709784150127 0.1740012913942337
v -0.05650582909584049 -0.05403709784150127 0.1740012913942337
v -0.05650582909584049 -0.05396934971213344 0.17223115265369415
v -0.057452216744422954 -0.05431224033236507 0.17516560852527618
v -0.05650582909584049 -0.05403709784150127 0.1740012913942337
v -0.057452216744422954 -0.05431224033236507 0.17516560852527618
v -0.057452216744422954 -0.054255943745374714 0.1769283562898636
v -0.057452216744422954 -0.054255943745374714 0.1769283562898636
v -0.057452216744422954 -0.05431224033236507 0.17516560852527618
v -0.05824340507388119 -0.054656039923429524 0.17810769379138947
v -0.057452216744422954 -0.054255943745374714 0.1769283562898636
v -0.05824340507388119 -0.054656039923429524 0.17810769379138947
v -0.05824340507388119 -0.05447535961866382 0.17986316978931427
v -0.05824340507388119 -0.05447535961866382 0.17986316978931427
v -0.05824340507388119 -0.054656039923429524 0.17810769379138947
v -0.05888218805193905 -0.05499934032559398 0.18104548752307892
v -0.05824340507388119 -0.05447535961866382 0.17986316978931427
v -0.05888218805193905 -0.05499934032559398 0.18104548752307892
v -0.05824340507388119 -0.054209731519222294 0.18156905472278595
v -0.05937164276838307 -0.055340722203254734 0.18396683037281036
v -0.05937164276838307 -0.05440111458301548 0.18738408386707306
v -0.05888218805193905 -0.05430568009614948 0.1844847947359085
v -0.04337627440690997 -0.053386893123388325 0.15476413071155548
v -0.047540526837110554 -0.05350279808044437 0.1596582680940628
v -0.04337627440690997 -0.053285699337720906 0.15536482632160187
v -0.04337627440690997 -0.053285699337720906 0.15536482632160187
v -0.047540526837110554 -0.05350279808044437 0.1596582680940628
v -0.047540526837110554 -0.053456939756870304 0.15995092689990997
v -0.04337627440690997 -0.053285699337720906 0.15536482632160187
v -0.047540526837110554 -0.053456939756870304 0.15995092689990997
v -0.047540526837110554 -0.05336565896868709 0.16024263203144073
v -0.047540526837110554 -0.05336565896868709 0.16024263203144073
v -0.047540526837110554 -0.053456939756870304 0.15995092689990997
v -0.05114311352372173 -0.05356146395206455 0.16521711647510529
v -0.047540526837110554 -0.05336565896868709 0.16024263203144073
v -0.05114311352372173 -0.05356146395206455 0.16521711647510529
v -0.05114311352372173 -0.05345207452774051 0.1655000001192093
v -0.05114311352372173 -0.05345207452774051 0.1655000001192093
v -0.05114311352372173 -0.05356146395206455 0.16521711647510529
v -0.05271804332733158 -0.05369326472282413 0.1676834374666214
v -0.05114311352372173 -0.05345207452774051 0.1655000001192093
v -0.05271804332733158 -0.05369326472282413 0.1676834374666214
v -0.05271804332733158 -0.053497213870286976 0.1682412177324295
v -0.05271804332733158 -0.053497213870286976 0.1682412177324295
v -0.05271804332733158 -0.05369326472282413 0.1676834374666214
v -0.05413822457194332 -0.053543355315923725 0.17104025185108185
v -0.05271804332733158 -0.053497213870286976 0.1682412177324295
v -0.05413822457194332 -0.053543355315923725 0.17104025185108185
v -0.05413822457194332 -0.05268405750393871 0.17199428379535675
v -0.05413822457194332 -0.05268405750393871 0.17199428379535675
v -0.05413822457194332 -0.053543355315923725 0.17104025185108185
v -0.05650582909584049 -0.05363777652382854 0.17675979435443878
v -0.05413822457194332 -0.05268405750393871 0.17199428379535675
v -0.05650582909584049 -0.05363777652382854 0.17675979435443878
v -0.05650582909584049 -0.0527237989008427 0.17768163979053497
v -0.05650582909584049 -0.0527237989008427 0.17768163979053497
v -0.05650582909584049 -0.05363777652382854 0.17675979435443878
v -0.05824340507388119 -0.05373366922140125 0.18255765736103058
v -0.05650582909584049 -0.0527237989008427 0.17768163979053497
v -0.05824340507388119 -0.05373366922140125 0.18255765736103058
v -0.05824340507388119 -0.05276418477296833 0.1834471970796585
v -0.05824340507388119 -0.05276418477296833 0.1834471970796585
v -0.05824340507388119 -0.05373366922140125 0.18255765736103058
v -0.05937164276838307 -0.05382943898439411 0.18833835422992706
v -0.05824340507388119 -0.05276418477296833 0.1834471970796585
v -0.05937164276838307 -0.05382943898439411 0.18833835422992706
v -0.05937164276838307 -0.05280454829335216 0.18919582664966583
v -0.05937164276838307 -0.05280454829335216 0.18919582664966583
v -0.05937164276838307 -0.05382943898439411 0.18833835422992706
v -0.05992415919899945 -0.05458883196115497 0.19308491051197052
v -0.059444963932037395 -0.06326723843812947 0.18316395580768585
v -0.059444963932037395 -0.06255754083395008 0.18825896084308624
v -0.05992415919899945 -0.058417104184627575 0.1773114949464798
v -0.05992415919899945 -0.058417104184627575 0.1773114949464798
v -0.059444963932037395 -0.06255754083395008 0.18825896084308624
v -0.05992415919899945 -0.058017469942569774 0.1817973405122757
v -0.05992415919899945 -0.058417104184627575 0.1773114949464798
v -0.05992415919899945 -0.058017469942569774 0.1817973405122757
v -0.05937164276838307 -0.056383188813924824 0.17614276707172394
v -0.05937164276838307 -0.056383188813924824 0.17614276707172394
v -0.05992415919899945 -0.058017469942569774 0.1817973405122757
v -0.05937164276838307 -0.055340722203254734 0.18396683037281036
v -0.05937164276838307 -0.056383188813924824 0.17614276707172394
v -0.05937164276838307 -0.055340722203254734 0.18396683037281036
v -0.05888218805193905 -0.05499934032559398 0.18104548752307892
v -0.05888218805193905 -0.05499934032559398 0.18104548752307892
v -0.05937164276838307 -0.055340722203254734 0.18396683037281036
v -0.05888218805193905 -0.05430568009614948 0.1844847947359085
v -0.05888218805193905 -0.05499934032559398 0.18104548752307892
v -0.05888218805193905 -0.05430568009614948 0.1844847947359085
v -0.05824340507388119 -0.054209731519222294 0.18156905472278595
v -0.05824340507388119 -0.054209731519222294 0.18156905472278595
v -0.05888218805193905 -0.05430568009614948 0.1844847947359085
v -0.05824340507388119 -0.0540350824594498 0.18204720318317413
v -0.05824340507388119 -0.054209731519222294 0.18156905472278595
v -0.05824340507388119 -0.0540350824594498 0.18204720318317413
v -0.057452216744422954 -0.05411366745829586 0.17864902317523956
v -0.05937164276838307 -0.05074829608201984 0.15339477360248566
v -0.05971692502498631 -0.04985947906970981 0.15129680931568146
v -0.05971692502498631 -0.05251699313521389 0.15571530163288116
v -0.05971692502498631 -0.05251699313521389 0.15571530163288116
v -0.05971692502498631 -0.04985947906970981 0.15129680931568146
v -0.05992415919899945 -0.05172248557209972 0.15344984829425812
v -0.05971692502498631 -0.05251699313521389 0.15571530163288116
v -0.05992415919899945 -0.05172248557209972 0.15344984829425812
v -0.05992415919899945 -0.05426156893372539 0.15800411999225616
v -0.05992415919899945 -0.05426156893372539 0.15800411999225616
v -0.05992415919899945 -0.05172248557209972 0.15344984829425812
v -0.05999948084354405 -0.053568881005048787 0.15558357536792755
v -0.05992415919899945 -0.05426156893372539 0.15800411999225616
v -0.05999948084354405 -0.053568881005048787 0.15558357536792755
v -0.059947486966848415 -0.05541390553116802 0.15771575272083282
v -0.059947486966848415 -0.05541390553116802 0.15771575272083282
v -0.05999948084354405 -0.053568881005048787 0.15558357536792755
v -0.059947486966848415 -0.04928538575768474 0.14879174530506134
v -0.059947486966848415 -0.05541390553116802 0.15771575272083282
v -0.059947486966848415 -0.04928538575768474 0.14879174530506134
v -0.059444963932037395 -0.05338215455412868 0.1525547057390213
v -0.059444963932037395 -0.05338215455412868 0.1525547057390213
v -0.059947486966848415 -0.04928538575768474 0.14879174530506134
v -0.059444963932037395 -0.04702768847346309 0.143199160695076
v -0.059444963932037395 -0.05338215455412868 0.1525547057390213
v -0.059444963932037395 -0.04702768847346309 0.143199160695076
v -0.05837079882621769 -0.04524990916252139 0.1359902173280716
v 0.00299041345715523 -0.0787022933363915 0.14221520721912384
v 0.00299041345715523 -0.08321981877088552 0.15710099041461945
v -0.003546169260516765 -0.08330520987510687 0.15714795887470245
v -0.003546169260516765 -0.08330520987510687 0.15714795887470245
v 0.00299041345715523 -0.08321981877088552 0.15710099041461945
v -0.003546169260516765 -0.08743654191493994 0.1721753627061844
v -0.003546169260516765 -0.08330520987510687 0.15714795887470245
v -0.003546169260516765 -0.08743654191493994 0.1721753627061844
v -0.011614818125963218 -0.09033793210983282 0.1864989548921585
v -0.003546169260516765 -0.0928176492452622 0.19467659294605255
v -0.003546169260516765 -0.09368673712015158 0.20193178951740265
v -0.011614818125963218 -0.09293057024478918 0.20105977356433868
v -0.011614818125963218 -0.09293057024478918 0.20105977356433868
v -0.003546169260516765 -0.09368673712015158 0.20193178951740265
v -0.011614818125963218 -0.09285309165716177 0.20861907303333282
v -0.011614818125963218 -0.09293057024478918 0.20105977356433868
v -0.011614818125963218 -0.09285309165716177 0.20861907303333282
v -0.017384400591254245 -0.09197159856557852 0.19995291531085968
v -0.017384400591254245 -0.09197159856557852 0.19995291531085968
v -0.011614818125963218 -0.09285309165716177 0.20861907303333282
v -0.017384400591254245 -0.09195474535226827 0.20744235813617706
v -0.017384400591254245 -0.09197159856557852 0.19995291531085968
v -0.017384400591254245 -0.09195474535226827 0.20744235813617706
v -0.02312232926487924 -0.09059916436672216 0.19836826622486115
v -0.02312232926487924 -0.09059916436672216 0.19836826622486115
v -0.017384400591254245 -0.09195474535226827 0.20744235813617706
v -0.02312232926487924 -0.09066921472549444 0.20575745403766632
v -0.02312232926487924 -0.09059916436672216 0.19836826622486115
v -0.02312232926487924 -0.09066921472549444 0.20575745403766632
v -0.028731683269143125 -0.08880560100078588 0.19629676640033722
v -0.028731683269143125 -0.08880560100078588 0.19629676640033722
v -0.02312232926487924 -0.09066921472549444 0.20575745403766632
v -0.028731683269143125 -0.08898933231830602 0.20355530083179474
v -0.028731683269143125 -0.08880560100078588 0.19629676640033722
v -0.028731683269143125 -0.08898933231830602 0.20355530083179474
v -0.034109439700841925 -0.08660026639699941 0.19374950230121613
v -0.034109439700841925 -0.08660026639699941 0.19374950230121613
v -0.028731683269143125 -0.08898933231830602 0.20355530083179474
v -0.034109439700841925 -0.08692386746406561 0.20084722340106964
v -0.034109439700841925 -0.08660026639699941 0.19374950230121613
v -0.034109439700841925 -0.08692386746406561 0.20084722340106964
v -0.0391553342342377 -0.08400368690490728 0.19074995815753937
v -0.0391553342342377 -0.08400368690490728 0.19074995815753937
v -0.034109439700841925 -0.08692386746406561 0.20084722340106964
v -0.0391553342342377 -0.08449204266071325 0.1976582556962967
v -0.0391553342342377 -0.08400368690490728 0.19074995815753937
v -0.0391553342342377 -0.08449204266071325 0.1976582556962967
v -0.043776482343673734 -0.08105382323265081 0.18734212219715118
v -0.043776482343673734 -0.08105382323265081 0.18734212219715118
v -0.0391553342342377 -0.08449204266071325 0.1976582556962967
v -0.043776482343673734 -0.08172941952943807 0.1940353661775589
v -0.043776482343673734 -0.08105382323265081 0.18734212219715118
v -0.043776482343673734 -0.08172941952943807 0.1940353661775589
v -0.04789213836193088 -0.07779821753501898 0.18358083069324493
v -0.04789213836193088 -0.07779821753501898 0.18358083069324493
v -0.043776482343673734 -0.08172941952943807 0.1940353661775589
v -0.04789213836193088 -0.0786805152893067 0.1900366097688675
v -0.04789213836193088 -0.07779821753501898 0.18358083069324493
v -0.04789213836193088 -0.0786805152893067 0.1900366097688675
v -0.05144087597727779 -0.0742971003055573 0.17953570187091827
v -0.05144087597727779 -0.0742971003055573 0.17953570187091827
v -0.04789213836193088 -0.0786805152893067 0.1900366097688675
v -0.05144087597727779 -0.07540173828601843 0.18573613464832306
v -0.05144087597727779 -0.0742971003055573 0.17953570187091827
v -0.05144087597727779 -0.07540173828601843 0.18573613464832306
v -0.05437964573502544 -0.07061496376991276 0.1752811223268509
v -0.05437964573502544 -0.07061496376991276 0.1752811223268509
v -0.05144087597727779 -0.07540173828601843 0.18573613464832306
v -0.05437964573502544 -0.07195348292589192 0.18121309578418732
v -0.05437964573502544 -0.07061496376991276 0.1752811223268509
v -0.05437964573502544 -0.07195348292589192 0.18121309578418732
v -0.05668956786394123 -0.06682057678699498 0.17089684307575226
v -0.05668956786394123 -0.06682057678699498 0.17089684307575226
v -0.05437964573502544 -0.07195348292589192 0.18121309578418732
v -0.05668956786394123 -0.068400152027607 0.17655201256275177
v -0.05668956786394123 -0.06682057678699498 0.17089684307575226
v -0.05668956786394123 -0.068400152027607 0.17655201256275177
v -0.05837079882621769 -0.06298028677701954 0.16645927727222443
v -0.05837079882621769 -0.06298028677701954 0.16645927727222443
v -0.05668956786394123 -0.068400152027607 0.17655201256275177
v -0.05837079882621769 -0.06480386853218083 0.17183442413806915
v -0.003546169260516765 -0.09116430580616003 0.18725796043872833
v -0.003546169260516765 -0.0928176492452622 0.19467659294605255
v -0.011614818125963218 -0.09202310442924505 0.1938590556383133
v -0.011614818125963218 -0.09202310442924505 0.1938590556383133
v -0.003546169260516765 -0.0928176492452622 0.19467659294605255
v -0.011614818125963218 -0.09293057024478918 0.20105977356433868
v -0.011614818125963218 -0.09202310442924505 0.1938590556383133
v -0.011614818125963218 -0.09293057024478918 0.20105977356433868
v -0.017384400591254245 -0.09101495891809469 0.19282133877277374
v -0.017384400591254245 -0.09101495891809469 0.19282133877277374
v -0.011614818125963218 -0.09293057024478918 0.20105977356433868
v -0.017384400591254245 -0.09197159856557852 0.19995291531085968
v -0.017384400591254245 -0.09101495891809469 0.19282133877277374
v -0.017384400591254245 -0.09197159856557852 0.19995291531085968
v -0.02312232926487924 -0.0895718783140183 0.19133563339710236
v -0.02312232926487924 -0.0895718783140183 0.19133563339710236
v -0.017384400591254245 -0.09197159856557852 0.19995291531085968
v -0.02312232926487924 -0.09059916436672216 0.19836826622486115
v -0.02312232926487924 -0.0895718783140183 0.19133563339710236
v -0.02312232926487924 -0.09059916436672216 0.19836826622486115
v -0.028731683269143125 -0.08768579363822943 0.18939371407032013
v -0.028731683269143125 -0.08768579363822943 0.18939371407032013
v -0.02312232926487924 -0.09059916436672216 0.19836826622486115
v -0.028731683269143125 -0.08880560100078588 0.19629676640033722
v -0.028731683269143125 -0.08768579363822943 0.18939371407032013
v -0.028731683269143125 -0.08880560100078588 0.19629676640033722
v -0.034109439700841925 -0.0853665247559548 0.18700559437274933
v -0.034109439700841925 -0.0853665247559548 0.18700559437274933
v -0.028731683269143125 -0.08880560100078588 0.19629676640033722
v -0.034109439700841925 -0.08660026639699941 0.19374950230121613
v -0.034109439700841925 -0.0853665247559548 0.18700559437274933
v -0.034109439700841925 -0.08660026639699941 0.19374950230121613
v -0.0391553342342377 -0.08263565599918371 0.18419356644153595
v -0.0391553342342377 -0.08263565599918371 0.18419356644153595
v -0.034109439700841925 -0.08660026639699941 0.19374950230121613
v -0.0391553342342377 -0.08400368690490728 0.19074995815753937
v -0.0391553342342377 -0.08263565599918371 0.18419356644153595
v -0.0391553342342377 -0.08400368690490728 0.19074995815753937
v -0.043776482343673734 -0.07953311502933508 0.18099863827228546
v -0.043776482343673734 -0.07953311502933508 0.18099863827228546
v -0.0391553342342377 -0.08400368690490728 0.19074995815753937
v -0.043776482343673734 -0.08105382323265081 0.18734212219715118
v -0.043776482343673734 -0.07953311502933508 0.18099863827228546
v -0.043776482343673734 -0.08105382323265081 0.18734212219715118
v -0.04789213836193088 -0.07610889524221426 0.17747242748737335
v -0.04789213836193088 -0.07610889524221426 0.17747242748737335
v -0.043776482343673734 -0.08105382323265081 0.18734212219715118
v -0.04789213836193088 -0.07779821753501898 0.18358083069324493
v -0.04789213836193088 -0.07610889524221426 0.17747242748737335
v -0.04789213836193088 -0.07779821753501898 0.18358083069324493
v -0.05144087597727779 -0.07242634892463688 0.1736801415681839
v -0.05144087597727779 -0.07242634892463688 0.1736801415681839
v -0.04789213836193088 -0.07779821753501898 0.18358083069324493
v -0.05144087597727779 -0.0742971003055573 0.17953570187091827
v -0.05144087597727779 -0.07242634892463688 0.1736801415681839
v -0.05144087597727779 -0.0742971003055573 0.17953570187091827
v -0.05437964573502544 -0.06855332106351857 0.1696915179491043
v -0.05437964573502544 -0.06855332106351857 0.1696915179491043
v -0.05144087597727779 -0.0742971003055573 0.17953570187091827
v -0.05437964573502544 -0.07061496376991276 0.1752811223268509
v -0.05437964573502544 -0.06855332106351857 0.1696915179491043
v -0.05437964573502544 -0.07061496376991276 0.1752811223268509
v -0.05668956786394123 -0.06456214189529423 0.16558118164539337
v -0.05668956786394123 -0.06456214189529423 0.16558118164539337
v -0.05437964573502544 -0.07061496376991276 0.1752811223268509
v -0.05668956786394123 -0.06682057678699498 0.17089684307575226
v -0.05668956786394123 -0.06456214189529423 0.16558118164539337
v -0.05668956786394123 -0.06682057678699498 0.17089684307575226
v -0.05837079882621769 -0.06052260845899586 0.1614210158586502
v -0.05837079882621769 -0.06052260845899586 0.1614210158586502
v -0.05668956786394123 -0.06682057678699498 0.17089684307575226
v -0.05837079882621769 -0.06298028677701954 0.16645927727222443
v -0.05837079882621769 -0.06052260845899586 0.1614210158586502
v -0.05837079882621769 -0.06298028677701954 0.16645927727222443
v -0.059444963932037395 -0.059157229959964794 0.16204150021076202
v -0.059444963932037395 -0.059157229959964794 0.16204150021076202
v -0.05837079882621769 -0.06298028677701954 0.16645927727222443
v -0.05837079882621769 -0.06480386853218083 0.17183442413806915
v -0.059444963932037395 -0.059157229959964794 0.16204150021076202
v -0.05837079882621769 -0.06480386853218083 0.17183442413806915
v -0.059444963932037395 -0.06122375652194027 0.16713793575763702
v -0.003546169260516765 -0.09368673712015158 0.20193178951740265
v -0.003546169260516765 -0.09356165677309042 0.2095462828874588
v -0.011614818125963218 -0.09285309165716177 0.20861907303333282
v -0.011614818125963218 -0.09285309165716177 0.20861907303333282
v -0.003546169260516765 -0.09356165677309042 0.2095462828874588
v -0.011614818125963218 -0.09167787432670599 0.2163366824388504
v -0.011614818125963218 -0.09285309165716177 0.20861907303333282
v -0.011614818125963218 -0.09167787432670599 0.2163366824388504
v -0.017384400591254245 -0.09195474535226827 0.20744235813617706
v -0.017384400591254245 -0.09195474535226827 0.20744235813617706
v -0.011614818125963218 -0.09167787432670599 0.2163366824388504
v -0.017384400591254245 -0.09085251390933996 0.21509142220020294
v -0.017384400591254245 -0.09195474535226827 0.20744235813617706
v -0.017384400591254245 -0.09085251390933996 0.21509142220020294
v -0.02312232926487924 -0.09066921472549444 0.20575745403766632
v -0.02312232926487924 -0.09066921472549444 0.20575745403766632
v -0.017384400591254245 -0.09085251390933996 0.21509142220020294
v -0.02312232926487924 -0.08967148512601858 0.2133088856935501
v -0.02312232926487924 -0.09066921472549444 0.20575745403766632
v -0.02312232926487924 -0.08967148512601858 0.2133088856935501
v -0.028731683269143125 -0.08898933231830602 0.20355530083179474
v -0.028731683269143125 -0.08898933231830602 0.20355530083179474
v -0.02312232926487924 -0.08967148512601858 0.2133088856935501
v -0.028731683269143125 -0.08812819421291357 0.2109789401292801
v -0.028731683269143125 -0.08898933231830602 0.20355530083179474
v -0.028731683269143125 -0.08812819421291357 0.2109789401292801
v -0.034109439700841925 -0.08692386746406561 0.20084722340106964
v -0.034109439700841925 -0.08692386746406561 0.20084722340106964
v -0.028731683269143125 -0.08812819421291357 0.2109789401292801
v -0.034109439700841925 -0.0862306952476502 0.20811374485492706
v -0.034109439700841925 -0.08692386746406561 0.20084722340106964
v -0.034109439700841925 -0.0862306952476502 0.20811374485492706
v -0.0391553342342377 -0.08449204266071325 0.1976582556962967
v -0.0391553342342377 -0.08449204266071325 0.1976582556962967
v -0.034109439700841925 -0.0862306952476502 0.20811374485492706
v -0.0391553342342377 -0.08399666100740438 0.2047400027513504
v -0.0391553342342377 -0.08449204266071325 0.1976582556962967
v -0.0391553342342377 -0.08399666100740438 0.2047400027513504
v -0.043776482343673734 -0.08172941952943807 0.1940353661775589
v -0.043776482343673734 -0.08172941952943807 0.1940353661775589
v -0.0391553342342377 -0.08399666100740438 0.2047400027513504
v -0.043776482343673734 -0.08145874738693243 0.20090706646442413
v -0.043776482343673734 -0.08172941952943807 0.1940353661775589
v -0.043776482343673734 -0.08145874738693243 0.20090706646442413
v -0.04789213836193088 -0.0786805152893067 0.1900366097688675
v -0.04789213836193088 -0.0786805152893067 0.1900366097688675
v -0.043776482343673734 -0.08145874738693243 0.20090706646442413
v -0.04789213836193088 -0.07865786552429205 0.19667668640613556
v -0.04789213836193088 -0.0786805152893067 0.1900366097688675
v -0.04789213836193088 -0.07865786552429205 0.19667668640613556
v -0.05144087597727779 -0.07540173828601843 0.18573613464832306
v -0.05144087597727779 -0.07540173828601843 0.18573613464832306
v -0.04789213836193088 -0.07865786552429205 0.19667668640613556
v -0.05144087597727779 -0.07564581930637365 0.19212706387043
v -0.05144087597727779 -0.07540173828601843 0.18573613464832306
v -0.05144087597727779 -0.07564581930637365 0.19212706387043
v -0.05437964573502544 -0.07195348292589192 0.18121309578418732
v -0.05437964573502544 -0.07195348292589192 0.18121309578418732
v -0.05144087597727779 -0.07564581930637365 0.19212706387043
v -0.05437964573502544 -0.07247810065746312 0.18734212219715118
v -0.05437964573502544 -0.07195348292589192 0.18121309578418732
v -0.05437964573502544 -0.07247810065746312 0.18734212219715118
v -0.05668956786394123 -0.068400152027607 0.17655201256275177
v -0.05668956786394123 -0.068400152027607 0.17655201256275177
v -0.05437964573502544 -0.07247810065746312 0.18734212219715118
v -0.05668956786394123 -0.06921385973691944 0.18241114914417267
v -0.05668956786394123 -0.068400152027607 0.17655201256275177
v -0.05668956786394123 -0.06921385973691944 0.18241114914417267
v -0.05837079882621769 -0.06480386853218083 0.17183442413806915
v -0.05837079882621769 -0.06480386853218083 0.17183442413806915
v -0.05668956786394123 -0.06921385973691944 0.18241114914417267
v -0.05837079882621769 -0.06591018289327626 0.17742033302783966
v -0.05837079882621769 -0.06480386853218083 0.17183442413806915
v -0.05837079882621769 -0.06591018289327626 0.17742033302783966
v -0.059444963932037395 -0.06122375652194027 0.16713793575763702
v -0.059444963932037395 -0.06122375652194027 0.16713793575763702
v -0.05837079882621769 -0.06591018289327626 0.17742033302783966
v -0.059444963932037395 -0.06262136995792393 0.17245180904865265
v -0.05271804332733158 -0.0537362135946751 0.16716714203357697
v -0.05114311352372173 -0.05263581499457363 0.16081853210926056
v -0.05413822457194332 -0.05329195782542232 0.1664341241121292
v -0.05413822457194332 -0.05329195782542232 0.1664341241121292
v -0.05114311352372173 -0.05263581499457363 0.16081853210926056
v -0.05114311352372173 -0.04979760572314266 0.15335555374622345
v -0.05413822457194332 -0.05329195782542232 0.1664341241121292
v -0.05114311352372173 -0.04979760572314266 0.15335555374622345
v -0.05413822457194332 -0.05139510333538059 0.15888340771198273
v -0.05413822457194332 -0.05139510333538059 0.15888340771198273
v -0.05114311352372173 -0.04979760572314266 0.15335555374622345
v -0.05413822457194332 -0.04995079338550571 0.15492434799671173
v -0.05413822457194332 -0.05139510333538059 0.15888340771198273
v -0.05413822457194332 -0.04995079338550571 0.15492434799671173
v -0.05650582909584049 -0.05205922946333889 0.16049976646900177
v -0.05650582909584049 -0.05205922946333889 0.16049976646900177
v -0.05413822457194332 -0.04995079338550571 0.15492434799671173
v -0.05650582909584049 -0.05064631253480915 0.1563066989183426
v -0.05650582909584049 -0.05205922946333889 0.16049976646900177
v -0.05650582909584049 -0.05064631253480915 0.1563066989183426
v -0.057452216744422954 -0.051929384469986 0.15903730690479279
v -0.057452216744422954 -0.051929384469986 0.15903730690479279
v -0.05650582909584049 -0.05064631253480915 0.1563066989183426
v -0.05824340507388119 -0.05172619596123699 0.15733583271503448
v -0.057452216744422954 -0.051929384469986 0.15903730690479279
v -0.05824340507388119 -0.05172619596123699 0.15733583271503448
v -0.05824340507388119 -0.05321585386991504 0.16177494823932648
v -0.05824340507388119 -0.05321585386991504 0.16177494823932648
v -0.05824340507388119 -0.05172619596123699 0.15733583271503448
v -0.05888218805193905 -0.05320573970675472 0.1599571257829666
v -0.05824340507388119 -0.05321585386991504 0.16177494823932648
v -0.05888218805193905 -0.05320573970675472 0.1599571257829666
v -0.05888218805193905 -0.05450046062469486 0.164508655667305
v -0.05888218805193905 -0.05450046062469486 0.164508655667305
v -0.05888218805193905 -0.05320573970675472 0.1599571257829666
v -0.05937164276838307 -0.05467702075839046 0.162563756108284
v -0.05888218805193905 -0.05450046062469486 0.164508655667305
v -0.05937164276838307 -0.05467702075839046 0.162563756108284
v -0.05937164276838307 -0.05577789247035984 0.167227104306221
v -0.05937164276838307 -0.05577789247035984 0.167227104306221
v -0.05937164276838307 -0.05467702075839046 0.162563756108284
v -0.05992415919899945 -0.05756994336843495 0.16768904030323029
v -0.05937164276838307 -0.05577789247035984 0.167227104306221
v -0.05992415919899945 -0.05756994336843495 0.16768904030323029
v -0.05992415919899945 -0.05828966572880749 0.17257221043109894
v -0.05992415919899945 -0.05828966572880749 0.17257221043109894
v -0.05992415919899945 -0.05756994336843495 0.16768904030323029
v -0.059444963932037395 -0.06330283731222157 0.17784519493579865
v -0.05992415919899945 -0.05828966572880749 0.17257221043109894
v -0.059444963932037395 -0.06330283731222157 0.17784519493579865
v -0.059444963932037395 -0.06326723843812947 0.18316395580768585
v -0.059444963932037395 -0.06326723843812947 0.18316395580768585
v -0.059444963932037395 -0.06330283731222157 0.17784519493579865
v -0.05837079882621769 -0.06582684069871907 0.1886102706193924
v -0.059444963932037395 -0.06326723843812947 0.18316395580768585
v -0.05837079882621769 -0.06582684069871907 0.1886102706193924
v -0.05837079882621769 -0.06468666344881062 0.19388814270496368
v -0.05837079882621769 -0.06468666344881062 0.19388814270496368
v -0.05837079882621769 -0.06582684069871907 0.1886102706193924
v -0.05668956786394123 -0.06682541966438298 0.19954271614551544
v -0.033939316868782064 -0.05099999904632572 0.24759025871753693
v -0.028731683269143125 -0.056450273841619526 0.24942190945148468
v -0.033939316868782064 -0.05099999904632572 0.24759025871753693
v -0.034109439700841925 -0.05321760475635532 0.2472294121980667
v -0.028731683269143125 -0.056450273841619526 0.24942190945148468
v -0.034109439700841925 -0.05321760475635532 0.2472294121980667
v -0.034109439700841925 -0.05633899196982387 0.24607248604297638
v -0.034109439700841925 -0.05633899196982387 0.24607248604297638
v -0.034109439700841925 -0.05321760475635532 0.2472294121980667
v -0.0391553342342377 -0.0531893223524094 0.24332793056964874
v -0.034109439700841925 -0.05633899196982387 0.24607248604297638
v -0.0391553342342377 -0.0531893223524094 0.24332793056964874
v -0.0391553342342377 -0.05620818212628368 0.24212856590747833
v -0.0391553342342377 -0.05620818212628368 0.24212856590747833
v -0.0391553342342377 -0.0531893223524094 0.24332793056964874
v -0.043776482343673734 -0.05315736681222919 0.2388959676027298
v -0.0391553342342377 -0.05620818212628368 0.24212856590747833
v -0.043776482343673734 -0.05315736681222919 0.2388959676027298
v -0.043776482343673734 -0.05605975911021236 0.23764760792255402
v -0.043776482343673734 -0.05605975911021236 0.23764760792255402
v -0.043776482343673734 -0.05315736681222919 0.2388959676027298
v -0.04789213836193088 -0.05312225222587589 0.23400481045246124
v -0.043776482343673734 -0.05605975911021236 0.23764760792255402
v -0.04789213836193088 -0.05312225222587589 0.23400481045246124
v -0.04789213836193088 -0.055896114557981526 0.2327020913362503
v -0.04789213836193088 -0.055896114557981526 0.2327020913362503
v -0.04789213836193088 -0.05312225222587589 0.23400481045246124
v -0.05144087597727779 -0.05308461934328083 0.22874481976032257
v -0.04789213836193088 -0.055896114557981526 0.2327020913362503
v -0.05144087597727779 -0.05308461934328083 0.22874481976032257
v -0.05144087597727779 -0.05572026968002323 0.2273833304643631
v -0.05144087597727779 -0.05572026968002323 0.2273833304643631
v -0.05144087597727779 -0.05308461934328083 0.22874481976032257
v -0.05437964573502544 -0.053045168519020115 0.22321303188800812
v -0.05144087597727779 -0.05572026968002323 0.2273833304643631
v -0.05437964573502544 -0.053045168519020115 0.22321303188800812
v -0.05437964573502544 -0.05553546547889713 0.22178931534290314
v -0.05437964573502544 -0.05553546547889713 0.22178931534290314
v -0.05437964573502544 -0.053045168519020115 0.22321303188800812
v -0.05668956786394123 -0.053004622459411656 0.21751268208026886
v -0.05437964573502544 -0.05553546547889713 0.22178931534290314
v -0.05668956786394123 -0.053004622459411656 0.21751268208026886
v -0.05668956786394123 -0.05534514784812931 0.21602459251880646
v -0.05668956786394123 -0.05534514784812931 0.21602459251880646
v -0.05668956786394123 -0.053004622459411656 0.21751268208026886
v -0.05837079882621769 -0.05296368524432186 0.2117435485124588
v -0.05668956786394123 -0.05534514784812931 0.21602459251880646
v -0.05837079882621769 -0.05296368524432186 0.2117435485124588
v -0.05837079882621769 -0.05515263229608539 0.21019001305103302
v -0.05837079882621769 -0.05515263229608539 0.21019001305103302
v -0.05837079882621769 -0.05296368524432186 0.2117435485124588
v -0.059444963932037395 -0.052923027426004444 0.2060004025697708
v -0.05837079882621769 -0.05515263229608539 0.21019001305103302
v -0.059444963932037395 -0.052923027426004444 0.2060004025697708
v -0.059444963932037395 -0.05496108159422878 0.2043813019990921
v -0.059444963932037395 -0.05496108159422878 0.2043813019990921
v -0.059444963932037395 -0.052923027426004444 0.2060004025697708
v -0.05992415919899945 -0.05284420400857929 0.19483180344104767
v -0.003546169260516765 -0.09356165677309042 0.2095462828874588
v -0.003546169260516765 -0.09232893586158758 0.21731789410114288
v -0.011614818125963218 -0.09167787432670599 0.2163366824388504
v -0.011614818125963218 -0.09167787432670599 0.2163366824388504
v -0.003546169260516765 -0.09232893586158758 0.21731789410114288
v -0.011614818125963218 -0.08934877812862402 0.2239738255739212
v -0.011614818125963218 -0.09167787432670599 0.2163366824388504
v -0.011614818125963218 -0.08934877812862402 0.2239738255739212
v -0.017384400591254245 -0.09085251390933996 0.21509142220020294
v -0.017384400591254245 -0.09085251390933996 0.21509142220020294
v -0.011614818125963218 -0.08934877812862402 0.2239738255739212
v -0.017384400591254245 -0.0886088833212853 0.22266478836536407
v -0.017384400591254245 -0.09085251390933996 0.21509142220020294
v -0.017384400591254245 -0.0886088833212853 0.22266478836536407
v -0.02312232926487924 -0.08967148512601858 0.2133088856935501
v -0.02312232926487924 -0.08967148512601858 0.2133088856935501
v -0.017384400591254245 -0.0886088833212853 0.22266478836536407
v -0.02312232926487924 -0.08755017071962362 0.22079093754291534
v -0.02312232926487924 -0.08967148512601858 0.2133088856935501
v -0.02312232926487924 -0.08755017071962362 0.22079093754291534
v -0.028731683269143125 -0.08812819421291357 0.2109789401292801
v -0.028731683269143125 -0.08812819421291357 0.2109789401292801
v -0.02312232926487924 -0.08755017071962362 0.22079093754291534
v -0.028731683269143125 -0.0861667469143868 0.218341663479805
v -0.028731683269143125 -0.08812819421291357 0.2109789401292801
v -0.028731683269143125 -0.0861667469143868 0.218341663479805
v -0.034109439700841925 -0.0862306952476502 0.20811374485492706
v -0.034109439700841925 -0.0862306952476502 0.20811374485492706
v -0.028731683269143125 -0.0861667469143868 0.218341663479805
v -0.034109439700841925 -0.08446583151817327 0.21532995998859406
v -0.034109439700841925 -0.0862306952476502 0.20811374485492706
v -0.034109439700841925 -0.08446583151817327 0.21532995998859406
v -0.0391553342342377 -0.08399666100740438 0.2047400027513504
v -0.0391553342342377 -0.08399666100740438 0.2047400027513504
v -0.034109439700841925 -0.08446583151817327 0.21532995998859406
v -0.0391553342342377 -0.0824632421135903 0.21178372204303741
v -0.0391553342342377 -0.08399666100740438 0.2047400027513504
v -0.0391553342342377 -0.0824632421135903 0.21178372204303741
v -0.043776482343673734 -0.08145874738693243 0.20090706646442413
v -0.043776482343673734 -0.08145874738693243 0.20090706646442413
v -0.0391553342342377 -0.0824632421135903 0.21178372204303741
v -0.043776482343673734 -0.08018828183412557 0.20775480568408966
v -0.043776482343673734 -0.08145874738693243 0.20090706646442413
v -0.043776482343673734 -0.08018828183412557 0.20775480568408966
v -0.04789213836193088 -0.07865786552429205 0.19667668640613556
v -0.04789213836193088 -0.07865786552429205 0.19667668640613556
v -0.043776482343673734 -0.08018828183412557 0.20775480568408966
v -0.04789213836193088 -0.07767760008573538 0.20330806076526642
v -0.04789213836193088 -0.07865786552429205 0.19667668640613556
v -0.04789213836193088 -0.07767760008573538 0.20330806076526642
v -0.05144087597727779 -0.07564581930637365 0.19212706387043
v -0.05144087597727779 -0.07564581930637365 0.19212706387043
v -0.04789213836193088 -0.07767760008573538 0.20330806076526642
v -0.05144087597727779 -0.07497765868902212 0.19852598011493683
v -0.05144087597727779 -0.07564581930637365 0.19212706387043
v -0.05144087597727779 -0.07497765868902212 0.19852598011493683
v -0.05437964573502544 -0.07247810065746312 0.18734212219715118
v -0.05437964573502544 -0.07247810065746312 0.18734212219715118
v -0.05144087597727779 -0.07497765868902212 0.19852598011493683
v -0.05437964573502544 -0.07213816791772847 0.19349642097949982
v -0.05437964573502544 -0.07247810065746312 0.18734212219715118
v -0.05437964573502544 -0.07213816791772847 0.19349642097949982
v -0.05668956786394123 -0.06921385973691944 0.18241114914417267
v -0.05668956786394123 -0.06921385973691944 0.18241114914417267
v -0.05437964573502544 -0.07213816791772847 0.19349642097949982
v -0.05668956786394123 -0.06921218335628514 0.18831343948841095
v -0.05668956786394123 -0.06921385973691944 0.18241114914417267
v -0.05668956786394123 -0.06921218335628514 0.18831343948841095
v -0.05837079882621769 -0.06591018289327626 0.17742033302783966
v -0.05837079882621769 -0.06591018289327626 0.17742033302783966
v -0.05668956786394123 -0.06921218335628514 0.18831343948841095
v -0.05837079882621769 -0.06625083833932881 0.18306763470172882
v -0.05837079882621769 -0.06591018289327626 0.17742033302783966
v -0.05837079882621769 -0.06625083833932881 0.18306763470172882
v -0.059444963932037395 -0.06262136995792393 0.17245180904865265
v -0.003546169260516765 -0.08993246406316763 0.22500546276569366
v -0.003546169260516765 -0.08638864755630499 0.2323485165834427
v -0.011614818125963218 -0.08588182181119924 0.23127229511737823
v -0.011614818125963218 -0.08588182181119924 0.23127229511737823
v -0.003546169260516765 -0.08638864755630499 0.2323485165834427
v -0.011614818125963218 -0.08136876672506338 0.23798413574695587
v -0.011614818125963218 -0.08588182181119924 0.23127229511737823
v -0.011614818125963218 -0.08136876672506338 0.23798413574695587
v -0.017384400591254245 -0.08523938059806829 0.2299068719148636
v -0.017384400591254245 -0.08523938059806829 0.2299068719148636
v -0.011614818125963218 -0.08136876672506338 0.23798413574695587
v -0.017384400591254245 -0.08083437383174902 0.23657281696796417
v -0.017384400591254245 -0.08523938059806829 0.2299068719148636
v -0.017384400591254245 -0.08083437383174902 0.23657281696796417
v -0.02312232926487924 -0.08432012796401983 0.22795243561267853
v -0.02312232926487924 -0.08432012796401983 0.22795243561267853
v -0.017384400591254245 -0.08083437383174902 0.23657281696796417
v -0.02312232926487924 -0.08006972074508673 0.23455257713794708
v -0.02312232926487924 -0.08432012796401983 0.22795243561267853
v -0.02312232926487924 -0.08006972074508673 0.23455257713794708
v -0.028731683269143125 -0.08311893790960317 0.2253980189561844
v -0.028731683269143125 -0.08311893790960317 0.2253980189561844
v -0.02312232926487924 -0.08006972074508673 0.23455257713794708
v -0.028731683269143125 -0.07907055318355566 0.23191221058368683
v -0.028731683269143125 -0.08311893790960317 0.2253980189561844
v -0.028731683269143125 -0.07907055318355566 0.23191221058368683
v -0.034109439700841925 -0.08164209127426153 0.22225697338581085
v -0.034109439700841925 -0.08164209127426153 0.22225697338581085
v -0.028731683269143125 -0.07907055318355566 0.23191221058368683
v -0.034109439700841925 -0.07784207910299307 0.22866542637348175
v -0.034109439700841925 -0.08164209127426153 0.22225697338581085
v -0.034109439700841925 -0.07784207910299307 0.22866542637348175
v -0.0391553342342377 -0.07990332692861563 0.2185583859682083
v -0.0391553342342377 -0.07990332692861563 0.2185583859682083
v -0.034109439700841925 -0.07784207910299307 0.22866542637348175
v -0.0391553342342377 -0.07639574259519583 0.2248426228761673
v -0.0391553342342377 -0.07990332692861563 0.2185583859682083
v -0.0391553342342377 -0.07639574259519583 0.2248426228761673
v -0.043776482343673734 -0.07792807370424276 0.21435661613941193
v -0.043776482343673734 -0.07792807370424276 0.21435661613941193
v -0.0391553342342377 -0.07639574259519583 0.2248426228761673
v -0.043776482343673734 -0.074752688407898 0.22049959003925323
v -0.043776482343673734 -0.07792807370424276 0.21435661613941193
v -0.043776482343673734 -0.074752688407898 0.22049959003925323
v -0.04789213836193088 -0.075748160481453 0.20971901714801788
v -0.04789213836193088 -0.075748160481453 0.20971901714801788
v -0.043776482343673734 -0.074752688407898 0.22049959003925323
v -0.04789213836193088 -0.07293939590454107 0.21570618450641632
v -0.04789213836193088 -0.075748160481453 0.20971901714801788
v -0.04789213836193088 -0.07293939590454107 0.21570618450641632
v -0.05144087597727779 -0.07340391725301748 0.20473165810108185
v -0.05144087597727779 -0.07340391725301748 0.20473165810108185
v -0.04789213836193088 -0.07293939590454107 0.21570618450641632
v -0.05144087597727779 -0.07098941504955296 0.2105512171983719
v -0.05144087597727779 -0.07340391725301748 0.20473165810108185
v -0.05144087597727779 -0.07098941504955296 0.2105512171983719
v -0.05437964573502544 -0.07093852758407597 0.19948633015155792
v -0.05437964573502544 -0.07093852758407597 0.19948633015155792
v -0.05144087597727779 -0.07098941504955296 0.2105512171983719
v -0.05437964573502544 -0.06893865764141087 0.2051296979188919
v -0.05437964573502544 -0.07093852758407597 0.19948633015155792
v -0.05437964573502544 -0.06893865764141087 0.2051296979188919
v -0.05668956786394123 -0.06839802861213688 0.19408102333545685
v -0.003546169260516765 -0.09232893586158758 0.21731789410114288
v -0.003546169260516765 -0.08993246406316763 0.22500546276569366
v -0.011614818125963218 -0.08934877812862402 0.2239738255739212
v -0.011614818125963218 -0.08934877812862402 0.2239738255739212
v -0.003546169260516765 -0.08993246406316763 0.22500546276569366
v -0.011614818125963218 -0.08588182181119924 0.23127229511737823
v -0.011614818125963218 -0.08934877812862402 0.2239738255739212
v -0.011614818125963218 -0.08588182181119924 0.23127229511737823
v -0.017384400591254245 -0.0886088833212853 0.22266478836536407
v -0.017384400591254245 -0.0886088833212853 0.22266478836536407
v -0.011614818125963218 -0.08588182181119924 0.23127229511737823
v -0.017384400591254245 -0.08523938059806829 0.2299068719148636
v -0.017384400591254245 -0.0886088833212853 0.22266478836536407
v -0.017384400591254245 -0.08523938059806829 0.2299068719148636
v -0.02312232926487924 -0.08755017071962362 0.22079093754291534
v -0.02312232926487924 -0.08755017071962362 0.22079093754291534
v -0.017384400591254245 -0.08523938059806829 0.2299068719148636
v -0.02312232926487924 -0.08432012796401983 0.22795243561267853
v -0.02312232926487924 -0.08755017071962362 0.22079093754291534
v -0.02312232926487924 -0.08432012796401983 0.22795243561267853
v -0.028731683269143125 -0.0861667469143868 0.218341663479805
v -0.028731683269143125 -0.0861667469143868 0.218341663479805
v -0.02312232926487924 -0.08432012796401983 0.22795243561267853
v -0.028731683269143125 -0.08311893790960317 0.2253980189561844
v -0.028731683269143125 -0.0861667469143868 0.218341663479805
v -0.028731683269143125 -0.08311893790960317 0.2253980189561844
v -0.034109439700841925 -0.08446583151817327 0.21532995998859406
v -0.034109439700841925 -0.08446583151817327 0.21532995998859406
v -0.028731683269143125 -0.08311893790960317 0.2253980189561844
v -0.034109439700841925 -0.08164209127426153 0.22225697338581085
v -0.034109439700841925 -0.08446583151817327 0.21532995998859406
v -0.034109439700841925 -0.08164209127426153 0.22225697338581085
v -0.0391553342342377 -0.0824632421135903 0.21178372204303741
v -0.0391553342342377 -0.0824632421135903 0.21178372204303741
v -0.034109439700841925 -0.08164209127426153 0.22225697338581085
v -0.0391553342342377 -0.07990332692861563 0.2185583859682083
v -0.0391553342342377 -0.0824632421135903 0.21178372204303741
v -0.0391553342342377 -0.07990332692861563 0.2185583859682083
v -0.043776482343673734 -0.08018828183412557 0.20775480568408966
v -0.043776482343673734 -0.08018828183412557 0.20775480568408966
v -0.0391553342342377 -0.07990332692861563 0.2185583859682083
v -0.043776482343673734 -0.07792807370424276 0.21435661613941193
v -0.043776482343673734 -0.08018828183412557 0.20775480568408966
v -0.043776482343673734 -0.07792807370424276 0.21435661613941193
v -0.04789213836193088 -0.07767760008573538 0.20330806076526642
v -0.04789213836193088 -0.07767760008573538 0.20330806076526642
v -0.043776482343673734 -0.07792807370424276 0.21435661613941193
v -0.04789213836193088 -0.075748160481453 0.20971901714801788
v -0.04789213836193088 -0.07767760008573538 0.20330806076526642
v -0.04789213836193088 -0.075748160481453 0.20971901714801788
v -0.05144087597727779 -0.07497765868902212 0.19852598011493683
v -0.05144087597727779 -0.07497765868902212 0.19852598011493683
v -0.04789213836193088 -0.075748160481453 0.20971901714801788
v -0.05144087597727779 -0.07340391725301748 0.20473165810108185
v -0.05144087597727779 -0.07497765868902212 0.19852598011493683
v -0.05144087597727779 -0.07340391725301748 0.20473165810108185
v -0.05437964573502544 -0.07213816791772847 0.19349642097949982
v -0.05437964573502544 -0.07213816791772847 0.19349642097949982
v -0.05144087597727779 -0.07340391725301748 0.20473165810108185
v -0.05437964573502544 -0.07093852758407597 0.19948633015155792
v -0.05437964573502544 -0.07213816791772847 0.19349642097949982
v -0.05437964573502544 -0.07093852758407597 0.19948633015155792
v -0.05668956786394123 -0.06921218335628514 0.18831343948841095
v -0.05668956786394123 -0.06921218335628514 0.18831343948841095
v -0.05437964573502544 -0.07093852758407597 0.19948633015155792
v -0.05668956786394123 -0.06839802861213688 0.19408102333545685
v -0.05668956786394123 -0.06921218335628514 0.18831343948841095
v -0.05668956786394123 -0.06839802861213688 0.19408102333545685
v -0.05837079882621769 -0.06625083833932881 0.18306763470172882
v 0.011821994557976731 -0.08238656073808676 0.15663857758045197
v 0.011821994557976731 -0.09035305678844457 0.18651290237903595
v 0.00299041345715523 -0.08735533058643347 0.17211778461933136
v 0.00299041345715523 -0.08735533058643347 0.17211778461933136
v 0.011821994557976731 -0.09035305678844457 0.18651290237903595
v 0.00299041345715523 -0.09108883887529379 0.18718869984149933
v 0.00299041345715523 -0.08735533058643347 0.17211778461933136
v 0.00299041345715523 -0.09108883887529379 0.18718869984149933
v -0.003546169260516765 -0.09116430580616003 0.18725796043872833
v -0.003546169260516765 -0.09116430580616003 0.18725796043872833
v 0.00299041345715523 -0.09108883887529379 0.18718869984149933
v -0.0015107626095414173 -0.09281007200479513 0.1946684867143631
v -0.003546169260516765 -0.09116430580616003 0.18725796043872833
v -0.0015107626095414173 -0.09281007200479513 0.1946684867143631
v -0.003546169260516765 -0.0928176492452622 0.19467659294605255
v -0.003546169260516765 -0.0928176492452622 0.19467659294605255
v -0.0015107626095414173 -0.09281007200479513 0.1946684867143631
v -0.0015107626095414173 -0.09367974847555166 0.201923206448555
v -0.003546169260516765 -0.0928176492452622 0.19467659294605255
v -0.0015107626095414173 -0.09367974847555166 0.201923206448555
v -0.003546169260516765 -0.09368673712015158 0.20193178951740265
v -0.003546169260516765 -0.09368673712015158 0.20193178951740265
v -0.0015107626095414173 -0.09367974847555166 0.201923206448555
v -0.0015107626095414173 -0.09355522692203527 0.20953722298145294
v -0.003546169260516765 -0.09368673712015158 0.20193178951740265
v -0.0015107626095414173 -0.09355522692203527 0.20953722298145294
v -0.003546169260516765 -0.09356165677309042 0.2095462828874588
v -0.003546169260516765 -0.09356165677309042 0.2095462828874588
v -0.0015107626095414173 -0.09355522692203527 0.20953722298145294
v -0.0015107626095414173 -0.0923230648040772 0.21730835735797882
v -0.003546169260516765 -0.09356165677309042 0.2095462828874588
v -0.0015107626095414173 -0.0923230648040772 0.21730835735797882
v -0.003546169260516765 -0.09232893586158758 0.21731789410114288
v -0.003546169260516765 -0.09232893586158758 0.21731789410114288
v -0.0015107626095414173 -0.0923230648040772 0.21730835735797882
v -0.0015107626095414173 -0.08992722630500799 0.2249956876039505
v -0.003546169260516765 -0.09232893586158758 0.21731789410114288
v -0.0015107626095414173 -0.08992722630500799 0.2249956876039505
v -0.003546169260516765 -0.08993246406316763 0.22500546276569366
v -0.003546169260516765 -0.08993246406316763 0.22500546276569366
v -0.0015107626095414173 -0.08992722630500799 0.2249956876039505
v -0.0015107626095414173 -0.08638411015272146 0.23233826458454132
v -0.003546169260516765 -0.08993246406316763 0.22500546276569366
v -0.0015107626095414173 -0.08638411015272146 0.23233826458454132
v -0.003546169260516765 -0.08638864755630499 0.2323485165834427
v 0.05656765401363376 -0.05030135437846187 0.13880689442157745
v 0.05828642845153813 -0.04554251581430438 0.13616175949573517
v 0.05828642845153813 -0.05782308802008633 0.15663368999958038
v 0.05828642845153813 -0.04554251581430438 0.13616175949573517
v 0.05939660966396336 -0.040800120681524304 0.13352568447589874
v 0.05939660966396336 -0.05363604053854946 0.15278787910938263
v 0.054219275712966954 -0.054998345673084294 0.14141757786273956
v 0.054219275712966954 -0.06617163866758351 0.16430194675922394
v 0.05124292895197872 -0.05955089256167416 0.14394791424274445
v 0.05124292895197872 -0.05955089256167416 0.14394791424274445
v 0.054219275712966954 -0.06617163866758351 0.16430194675922394
v 0.05124292895197872 -0.07019110023975376 0.16799385845661163
v 0.05124292895197872 -0.05955089256167416 0.14394791424274445
v 0.05124292895197872 -0.07019110023975376 0.16799385845661163
v 0.04765824973583225 -0.06387384235858921 0.14635069668293
v 0.04765824973583225 -0.06387384235858921 0.14635069668293
v 0.05124292895197872 -0.07019110023975376 0.16799385845661163
v 0.04765824973583225 -0.07400784641504293 0.171499565243721
v 0.04765824973583225 -0.06387384235858921 0.14635069668293
v 0.04765824973583225 -0.07400784641504293 0.171499565243721
v 0.0435101427137852 -0.0678876787424088 0.14858146011829376
v 0.0435101427137852 -0.0678876787424088 0.14858146011829376
v 0.04765824973583225 -0.07400784641504293 0.171499565243721
v 0.0435101427137852 -0.07755169272422796 0.17475469410419464
v 0.0435101427137852 -0.0678876787424088 0.14858146011829376
v 0.0435101427137852 -0.07755169272422796 0.17475469410419464
v 0.03886068984866145 -0.07151822000741963 0.15059919655323029
v 0.03886068984866145 -0.07151822000741963 0.15059919655323029
v 0.0435101427137852 -0.07755169272422796 0.17475469410419464
v 0.03886068984866145 -0.0807571411132813 0.17769892513751984
v 0.03886068984866145 -0.07151822000741963 0.15059919655323029
v 0.03886068984866145 -0.0807571411132813 0.17769892513751984
v 0.033792003989219686 -0.07470768690109258 0.15237171947956085
v 0.033792003989219686 -0.07470768690109258 0.15237171947956085
v 0.03886068984866145 -0.0807571411132813 0.17769892513751984
v 0.033792003989219686 -0.08357316255569464 0.18028540909290314
v 0.033792003989219686 -0.07470768690109258 0.15237171947956085
v 0.033792003989219686 -0.08357316255569464 0.18028540909290314
v 0.028397269546985644 -0.07740974426269537 0.15387339890003204
v 0.028397269546985644 -0.07740974426269537 0.15387339890003204
v 0.033792003989219686 -0.08357316255569464 0.18028540909290314
v 0.028397269546985644 -0.08595886081457144 0.1824767142534256
v 0.028397269546985644 -0.07740974426269537 0.15387339890003204
v 0.028397269546985644 -0.08595886081457144 0.1824767142534256
v 0.02277721837162973 -0.0796003863215447 0.15509064495563507
v 0.02277721837162973 -0.0796003863215447 0.15509064495563507
v 0.028397269546985644 -0.08595886081457144 0.1824767142534256
v 0.02277721837162973 -0.08789303153753286 0.1842532902956009
v 0.00299041345715523 -0.09274533390998846 0.194601371884346
v 0.011821994557976731 -0.09203843027353292 0.19387252628803253
v 0.011821994557976731 -0.09294758737087255 0.20107407867908478
v 0.054219275712966954 -0.06617163866758351 0.16430194675922394
v 0.054219275712966954 -0.06879770755767826 0.16993243992328644
v 0.05124292895197872 -0.07019110023975376 0.16799385845661163
v 0.05124292895197872 -0.07019110023975376 0.16799385845661163
v 0.054219275712966954 -0.06879770755767826 0.16993243992328644
v 0.05124292895197872 -0.07266093790531163 0.17391152679920197
v 0.05124292895197872 -0.07019110023975376 0.16799385845661163
v 0.05124292895197872 -0.07266093790531163 0.17391152679920197
v 0.04765824973583225 -0.07400784641504293 0.171499565243721
v 0.04765824973583225 -0.07400784641504293 0.171499565243721
v 0.05124292895197872 -0.07266093790531163 0.17391152679920197
v 0.04765824973583225 -0.07632932066917425 0.17768998444080353
v 0.04765824973583225 -0.07400784641504293 0.171499565243721
v 0.04765824973583225 -0.07632932066917425 0.17768998444080353
v 0.0435101427137852 -0.07755169272422796 0.17475469410419464
v 0.0435101427137852 -0.07755169272422796 0.17475469410419464
v 0.04765824973583225 -0.07632932066917425 0.17768998444080353
v 0.0435101427137852 -0.07973537594079977 0.18119831383228302
v 0.0435101427137852 -0.07755169272422796 0.17475469410419464
v 0.0435101427137852 -0.07973537594079977 0.18119831383228302
v 0.03886068984866145 -0.0807571411132813 0.17769892513751984
v 0.03886068984866145 -0.0807571411132813 0.17769892513751984
v 0.0435101427137852 -0.07973537594079977 0.18119831383228302
v 0.03886068984866145 -0.08281615376472479 0.18437166512012482
v 0.03886068984866145 -0.0807571411132813 0.17769892513751984
v 0.03886068984866145 -0.08281615376472479 0.18437166512012482
v 0.033792003989219686 -0.08357316255569464 0.18028540909290314
v 0.033792003989219686 -0.08357316255569464 0.18028540909290314
v 0.03886068984866145 -0.08281615376472479 0.18437166512012482
v 0.033792003989219686 -0.08552262932062155 0.18715961277484894
v 0.033792003989219686 -0.08357316255569464 0.18028540909290314
v 0.033792003989219686 -0.08552262932062155 0.18715961277484894
v 0.028397269546985644 -0.08595886081457144 0.1824767142534256
v 0.028397269546985644 -0.08595886081457144 0.1824767142534256
v 0.033792003989219686 -0.08552262932062155 0.18715961277484894
v 0.028397269546985644 -0.08781547099351888 0.18952162563800812
v 0.028397269546985644 -0.08595886081457144 0.1824767142534256
v 0.028397269546985644 -0.08781547099351888 0.18952162563800812
v 0.02277721837162973 -0.08789303153753286 0.1842532902956009
v 0.02277721837162973 -0.08789303153753286 0.1842532902956009
v 0.028397269546985644 -0.08781547099351888 0.18952162563800812
v 0.02277721837162973 -0.0896743312478066 0.19143660366535187
v 0.054219275712966954 -0.06879770755767826 0.16993243992328644
v 0.054219275712966954 -0.07085859030485157 0.17553766071796417
v 0.05124292895197872 -0.07266093790531163 0.17391152679920197
v 0.05124292895197872 -0.07266093790531163 0.17391152679920197
v 0.054219275712966954 -0.07085859030485157 0.17553766071796417
v 0.05124292895197872 -0.07453079521656042 0.1797819882631302
v 0.05124292895197872 -0.07266093790531163 0.17391152679920197
v 0.05124292895197872 -0.07453079521656042 0.1797819882631302
v 0.04765824973583225 -0.07632932066917425 0.17768998444080353
v 0.04765824973583225 -0.07632932066917425 0.17768998444080353
v 0.05124292895197872 -0.07453079521656042 0.1797819882631302
v 0.04765824973583225 -0.07801770418882376 0.1838124543428421
v 0.04765824973583225 -0.07632932066917425 0.17768998444080353
v 0.04765824973583225 -0.07801770418882376 0.1838124543428421
v 0.0435101427137852 -0.07973537594079977 0.18119831383228302
v 0.0435101427137852 -0.07973537594079977 0.18119831383228302
v 0.04765824973583225 -0.07801770418882376 0.1838124543428421
v 0.0435101427137852 -0.08125518262386328 0.18755467236042023
v 0.0435101427137852 -0.07973537594079977 0.18119831383228302
v 0.0435101427137852 -0.08125518262386328 0.18755467236042023
v 0.03886068984866145 -0.08281615376472479 0.18437166512012482
v 0.03886068984866145 -0.08281615376472479 0.18437166512012482
v 0.0435101427137852 -0.08125518262386328 0.18755467236042023
v 0.03886068984866145 -0.08418339490890508 0.19093962013721466
v 0.03886068984866145 -0.08281615376472479 0.18437166512012482
v 0.03886068984866145 -0.08418339490890508 0.19093962013721466
v 0.033792003989219686 -0.08552262932062155 0.18715961277484894
v 0.033792003989219686 -0.08552262932062155 0.18715961277484894
v 0.03886068984866145 -0.08418339490890508 0.19093962013721466
v 0.033792003989219686 -0.08675573021173483 0.193913534283638
v 0.033792003989219686 -0.08552262932062155 0.18715961277484894
v 0.033792003989219686 -0.08675573021173483 0.193913534283638
v 0.028397269546985644 -0.08781547099351888 0.18952162563800812
v 0.028397269546985644 -0.08781547099351888 0.18952162563800812
v 0.033792003989219686 -0.08675573021173483 0.193913534283638
v 0.028397269546985644 -0.08893482387065893 0.19643302261829376
v 0.028397269546985644 -0.08781547099351888 0.18952162563800812
v 0.028397269546985644 -0.08893482387065893 0.19643302261829376
v 0.02277721837162973 -0.0896743312478066 0.19143660366535187
v 0.02277721837162973 -0.0896743312478066 0.19143660366535187
v 0.028397269546985644 -0.08893482387065893 0.19643302261829376
v 0.02277721837162973 -0.09070133417844778 0.1984756737947464
v 0.02277721837162973 -0.0896743312478066 0.19143660366535187
v 0.02277721837162973 -0.09070133417844778 0.1984756737947464
v 0.011821994557976731 -0.09203843027353292 0.19387252628803253
v 0.054219275712966954 -0.07085859030485157 0.17553766071796417
v 0.054219275712966954 -0.07218790054321293 0.18148775398731232
v 0.05124292895197872 -0.07453079521656042 0.1797819882631302
v 0.05124292895197872 -0.07453079521656042 0.1797819882631302
v 0.054219275712966954 -0.07218790054321293 0.18148775398731232
v 0.05124292895197872 -0.07562651485204702 0.1859998255968094
v 0.05124292895197872 -0.07453079521656042 0.1797819882631302
v 0.05124292895197872 -0.07562651485204702 0.1859998255968094
v 0.04765824973583225 -0.07801770418882376 0.1838124543428421
v 0.04765824973583225 -0.07801770418882376 0.1838124543428421
v 0.05124292895197872 -0.07562651485204702 0.1859998255968094
v 0.04765824973583225 -0.07889157533645635 0.19028456509113312
v 0.04765824973583225 -0.07801770418882376 0.1838124543428421
v 0.04765824973583225 -0.07889157533645635 0.19028456509113312
v 0.0435101427137852 -0.08125518262386328 0.18755467236042023
v 0.0435101427137852 -0.08125518262386328 0.18755467236042023
v 0.04765824973583225 -0.07889157533645635 0.19028456509113312
v 0.0435101427137852 -0.08192303031682974 0.1942628175020218
v 0.0435101427137852 -0.08125518262386328 0.18755467236042023
v 0.0435101427137852 -0.08192303031682974 0.1942628175020218
v 0.03886068984866145 -0.08418339490890508 0.19093962013721466
v 0.03886068984866145 -0.08418339490890508 0.19093962013721466
v 0.0435101427137852 -0.08192303031682974 0.1942628175020218
v 0.03886068984866145 -0.08466483652591711 0.19786138832569122
v 0.03886068984866145 -0.08418339490890508 0.19093962013721466
v 0.03886068984866145 -0.08466483652591711 0.19786138832569122
v 0.033792003989219686 -0.08675573021173483 0.193913534283638
v 0.033792003989219686 -0.08675573021173483 0.193913534283638
v 0.03886068984866145 -0.08466483652591711 0.19786138832569122
v 0.033792003989219686 -0.08707337081432348 0.2010226994752884
v 0.033792003989219686 -0.08675573021173483 0.193913534283638
v 0.033792003989219686 -0.08707337081432348 0.2010226994752884
v 0.028397269546985644 -0.08893482387065893 0.19643302261829376
v 0.028397269546985644 -0.08893482387065893 0.19643302261829376
v 0.033792003989219686 -0.08707337081432348 0.2010226994752884
v 0.028397269546985644 -0.0891136452555657 0.20370109379291534
v 0.028397269546985644 -0.08893482387065893 0.19643302261829376
v 0.028397269546985644 -0.0891136452555657 0.20370109379291534
v 0.02277721837162973 -0.09070133417844778 0.1984756737947464
v 0.02277721837162973 -0.09070133417844778 0.1984756737947464
v 0.028397269546985644 -0.0891136452555657 0.20370109379291534
v 0.02277721837162973 -0.09076754003763204 0.20587261021137238
v 0.05656765401363376 -0.05030135437846187 0.13880689442157745
v 0.05828642845153813 -0.05782308802008633 0.15663368999958038
v 0.05656765401363376 -0.0620246641337872 0.16049285233020782
v 0.05656765401363376 -0.0620246641337872 0.16049285233020782
v 0.05828642845153813 -0.05782308802008633 0.15663368999958038
v 0.05828642845153813 -0.06077356263995175 0.16166789829730988
v 0.05656765401363376 -0.0620246641337872 0.16049285233020782
v 0.05828642845153813 -0.06077356263995175 0.16166789829730988
v 0.05656765401363376 -0.06481188535690312 0.16582711040973663
v 0.05656765401363376 -0.06481188535690312 0.16582711040973663
v 0.05828642845153813 -0.06077356263995175 0.16166789829730988
v 0.05828642845153813 -0.06323099136352543 0.16672201454639435
v 0.05656765401363376 -0.06481188535690312 0.16582711040973663
v 0.05828642845153813 -0.06323099136352543 0.16672201454639435
v 0.05656765401363376 -0.06706977635622029 0.17115862667560577
v 0.05656765401363376 -0.06706977635622029 0.17115862667560577
v 0.05828642845153813 -0.06323099136352543 0.16672201454639435
v 0.05828642845153813 -0.06504538655281071 0.1721159964799881
v 0.05656765401363376 -0.06706977635622029 0.17115862667560577
v 0.05828642845153813 -0.06504538655281071 0.1721159964799881
v 0.05656765401363376 -0.06864006072282795 0.17683251202106476
v 0.05656765401363376 -0.06864006072282795 0.17683251202106476
v 0.05828642845153813 -0.06504538655281071 0.1721159964799881
v 0.05828642845153813 -0.06613422185182576 0.1777234822511673
v 0.05656765401363376 -0.06864006072282795 0.17683251202106476
v 0.05828642845153813 -0.06613422185182576 0.1777234822511673
v 0.05656765401363376 -0.06943636387586598 0.18271298706531525
v 0.05939660966396336 -0.03417596220970156 0.12306172400712967
v 0.05993241816759114 -0.03615289181470873 0.1309424191713333
v 0.05939660966396336 -0.040800120681524304 0.13352568447589874
v 0.05939660966396336 -0.040800120681524304 0.13352568447589874
v 0.05993241816759114 -0.03615289181470873 0.1309424191713333
v 0.05993241816759114 -0.0495330169796944 0.14901919662952423
v 0.05939660966396336 -0.040800120681524304 0.13352568447589874
v 0.05993241816759114 -0.0495330169796944 0.14901919662952423
v 0.05939660966396336 -0.05363604053854946 0.15278787910938263
v 0.05939660966396336 -0.05363604053854946 0.15278787910938263
v 0.05993241816759114 -0.0495330169796944 0.14901919662952423
v 0.05993241816759114 -0.05280555039644245 0.15346141159534454
v 0.05939660966396336 -0.05363604053854946 0.15278787910938263
v 0.05993241816759114 -0.05280555039644245 0.15346141159534454
v 0.05939660966396336 -0.05674918740987781 0.1575229912996292
v 0.05939660966396336 -0.05674918740987781 0.1575229912996292
v 0.05993241816759114 -0.05280555039644245 0.15346141159534454
v 0.05993241816759114 -0.055656503885984455 0.15796835720539093
v 0.05939660966396336 -0.05674918740987781 0.1575229912996292
v 0.05993241816759114 -0.055656503885984455 0.15796835720539093
v 0.05939660966396336 -0.05940540134906773 0.16230078041553497
v 0.05939660966396336 -0.05940540134906773 0.16230078041553497
v 0.05993241816759114 -0.055656503885984455 0.15796835720539093
v 0.05993241816759114 -0.05795245617628102 0.16280992329120636
v 0.05939660966396336 -0.05940540134906773 0.16230078041553497
v 0.05993241816759114 -0.05795245617628102 0.16280992329120636
v 0.05939660966396336 -0.06146302819252018 0.1674158126115799
v 0.05939660966396336 -0.06146302819252018 0.1674158126115799
v 0.05993241816759114 -0.05795245617628102 0.16280992329120636
v 0.05993241816759114 -0.05961848795413975 0.16787882149219513
v 0.05939660966396336 -0.06146302819252018 0.1674158126115799
v 0.05993241816759114 -0.05961848795413975 0.16787882149219513
v 0.05939660966396336 -0.06284338980913166 0.1727512627840042
v 0.05828642845153813 -0.04554251581430438 0.13616175949573517
v 0.05939660966396336 -0.05363604053854946 0.15278787910938263
v 0.05828642845153813 -0.05782308802008633 0.15663368999958038
v 0.05828642845153813 -0.05782308802008633 0.15663368999958038
v 0.05939660966396336 -0.05363604053854946 0.15278787910938263
v 0.05939660966396336 -0.05674918740987781 0.1575229912996292
v 0.05828642845153813 -0.05782308802008633 0.15663368999958038
v 0.05939660966396336 -0.05674918740987781 0.1575229912996292
v 0.05828642845153813 -0.06077356263995175 0.16166789829730988
v 0.05828642845153813 -0.06077356263995175 0.16166789829730988
v 0.05939660966396336 -0.05674918740987781 0.1575229912996292
v 0.05939660966396336 -0.05940540134906773 0.16230078041553497
v 0.05828642845153813 -0.06077356263995175 0.16166789829730988
v 0.05939660966396336 -0.05940540134906773 0.16230078041553497
v 0.05828642845153813 -0.06323099136352543 0.16672201454639435
v 0.05828642845153813 -0.06323099136352543 0.16672201454639435
v 0.05939660966396336 -0.05940540134906773 0.16230078041553497
v 0.05939660966396336 -0.06146302819252018 0.1674158126115799
v 0.05828642845153813 -0.06323099136352543 0.16672201454639435
v 0.05939660966396336 -0.06146302819252018 0.1674158126115799
v 0.05828642845153813 -0.06504538655281071 0.1721159964799881
v 0.05828642845153813 -0.06504538655281071 0.1721159964799881
v 0.05939660966396336 -0.06146302819252018 0.1674158126115799
v 0.05939660966396336 -0.06284338980913166 0.1727512627840042
v 0.05828642845153813 -0.06504538655281071 0.1721159964799881
v 0.05939660966396336 -0.06284338980913166 0.1727512627840042
v 0.05828642845153813 -0.06613422185182576 0.1777234822511673
v 0.05999994277954106 -0.0475128069519997 0.14716358482837677
v 0.05994019284844403 -0.04892254993319515 0.14946229755878448
v 0.05999994277954106 -0.05086380988359455 0.15146155655384064
v 0.05999994277954106 -0.05086380988359455 0.15146155655384064
v 0.05994019284844403 -0.04892254993319515 0.14946229755878448
v 0.05994019284844403 -0.05196519568562511 0.15370257198810577
v 0.05999994277954106 -0.05086380988359455 0.15146155655384064
v 0.05994019284844403 -0.05196519568562511 0.15370257198810577
v 0.05999994277954106 -0.053810626268386876 0.15583522617816925
v 0.05999994277954106 -0.053810626268386876 0.15583522617816925
v 0.05994019284844403 -0.05196519568562511 0.15370257198810577
v 0.05994019284844403 -0.05449578538537029 0.1582750827074051
v 0.054219275712966954 -0.07218790054321293 0.18148775398731232
v 0.054219275712966954 -0.07269546389579777 0.18763764202594757
v 0.05124292895197872 -0.07562651485204702 0.1859998255968094
v 0.05124292895197872 -0.07562651485204702 0.1859998255968094
v 0.054219275712966954 -0.07269546389579777 0.18763764202594757
v 0.05124292895197872 -0.07585421949625021 0.1924109011888504
v 0.05124292895197872 -0.07562651485204702 0.1859998255968094
v 0.05124292895197872 -0.07585421949625021 0.1924109011888504
v 0.04765824973583225 -0.07889157533645635 0.19028456509113312
v 0.04765824973583225 -0.07889157533645635 0.19028456509113312
v 0.05124292895197872 -0.07585421949625021 0.1924109011888504
v 0.04765824973583225 -0.07885353267192846 0.19694335758686066
v 0.04765824973583225 -0.07889157533645635 0.19028456509113312
v 0.04765824973583225 -0.07885353267192846 0.19694335758686066
v 0.0435101427137852 -0.08192303031682974 0.1942628175020218
v 0.0435101427137852 -0.08192303031682974 0.1942628175020218
v 0.04765824973583225 -0.07885353267192846 0.19694335758686066
v 0.0435101427137852 -0.08163823187351232 0.2011518031358719
v 0.0435101427137852 -0.08192303031682974 0.1942628175020218
v 0.0435101427137852 -0.08163823187351232 0.2011518031358719
v 0.03886068984866145 -0.08466483652591711 0.19786138832569122
v 0.03886068984866145 -0.08466483652591711 0.19786138832569122
v 0.0435101427137852 -0.08163823187351232 0.2011518031358719
v 0.03886068984866145 -0.08415684849023825 0.20495839416980743
v 0.03886068984866145 -0.08466483652591711 0.19786138832569122
v 0.03886068984866145 -0.08415684849023825 0.20495839416980743
v 0.033792003989219686 -0.08707337081432348 0.2010226994752884
v 0.033792003989219686 -0.08707337081432348 0.2010226994752884
v 0.03886068984866145 -0.08415684849023825 0.20495839416980743
v 0.033792003989219686 -0.08636930584907537 0.2083025723695755
v 0.033792003989219686 -0.08707337081432348 0.2010226994752884
v 0.033792003989219686 -0.08636930584907537 0.2083025723695755
v 0.028397269546985644 -0.0891136452555657 0.20370109379291534
v 0.028397269546985644 -0.0891136452555657 0.20370109379291534
v 0.033792003989219686 -0.08636930584907537 0.2083025723695755
v 0.028397269546985644 -0.08824345469474798 0.21113570034503937
v 0.028397269546985644 -0.0891136452555657 0.20370109379291534
v 0.028397269546985644 -0.08824345469474798 0.21113570034503937
v 0.02277721837162973 -0.09076754003763204 0.20587261021137238
v 0.02277721837162973 -0.09076754003763204 0.20587261021137238
v 0.028397269546985644 -0.08824345469474798 0.21113570034503937
v 0.02277721837162973 -0.08976266533136373 0.21343274414539337
v 0.058328893035650295 -0.025972355157136934 0.12710292637348175
v 0.058949396014213604 -0.028285223990678805 0.12856383621692657
v 0.05942105129361157 -0.02693342976272108 0.12581761181354523
v 0.05942105129361157 -0.02693342976272108 0.12581761181354523
v 0.058949396014213604 -0.028285223990678805 0.12856383621692657
v 0.05942105129361157 -0.03058391995728018 0.1300158053636551
v 0.05942105129361157 -0.02693342976272108 0.12581761181354523
v 0.05942105129361157 -0.03058391995728018 0.1300158053636551
v 0.05994019284844403 -0.03157712891697886 0.12839896976947784
v 0.05942105129361157 -0.04821901395916942 0.1493736058473587
v 0.059602707624435466 -0.04242860525846484 0.14249368011951447
v 0.05942105129361157 -0.041393205523490934 0.14154262840747833
v 0.05942105129361157 -0.041393205523490934 0.14154262840747833
v 0.059602707624435466 -0.04242860525846484 0.14249368011951447
v 0.059602707624435466 -0.03882029280066493 0.138668492436409
v 0.05942105129361157 -0.041393205523490934 0.14154262840747833
v 0.059602707624435466 -0.03882029280066493 0.138668492436409
v 0.05942105129361157 -0.03774688020348552 0.13779647648334503
v 0.058949396014213604 -0.03196343034505846 0.13240869343280792
v 0.058328893035650295 -0.02971809543669226 0.13079877197742462
v 0.058328893035650295 -0.03340769559144976 0.13427133858203888
v 0.058328893035650295 -0.03340769559144976 0.13427133858203888
v 0.058328893035650295 -0.02971809543669226 0.13079877197742462
v 0.05755632743239407 -0.03122718259692194 0.13249988853931427
v 0.058328893035650295 -0.03340769559144976 0.13427133858203888
v 0.05755632743239407 -0.03122718259692194 0.13249988853931427
v 0.056628901511430775 -0.03300544247031214 0.13383837044239044
v 0.058328893035650295 -0.025972355157136934 0.12710292637348175
v 0.056628901511430775 -0.02134242840111257 0.12417823821306229
v 0.056628901511430775 -0.02522340044379236 0.12757618725299835
v 0.056628901511430775 -0.02522340044379236 0.12757618725299835
v 0.056628901511430775 -0.02134242840111257 0.12417823821306229
v 0.05429974943399433 -0.01677028089761735 0.12129015475511551
v 0.056628901511430775 -0.02522340044379236 0.12757618725299835
v 0.05429974943399433 -0.01677028089761735 0.12129015475511551
v 0.05429974943399433 -0.02078485675156118 0.12439364939928055
v 0.05429974943399433 -0.02078485675156118 0.12439364939928055
v 0.05429974943399433 -0.01677028089761735 0.12129015475511551
v 0.05134218186140064 -0.016480300575494777 0.12130720168352127
v 0.05429974943399433 -0.02078485675156118 0.12439364939928055
v 0.05134218186140064 -0.016480300575494777 0.12130720168352127
v 0.05134218186140064 -0.024831147864460962 0.1263302117586136
v 0.05134218186140064 -0.024831147864460962 0.1263302117586136
v 0.05134218186140064 -0.016480300575494777 0.12130720168352127
v 0.04777545109391216 -0.021007059141993537 0.12281770259141922
v 0.05134218186140064 -0.024831147864460962 0.1263302117586136
v 0.04777545109391216 -0.021007059141993537 0.12281770259141922
v 0.04777545109391216 -0.029590420424938223 0.1278485804796219
v 0.04777545109391216 -0.029590420424938223 0.1278485804796219
v 0.04777545109391216 -0.021007059141993537 0.12281770259141922
v 0.04364354535937312 -0.026343215256929415 0.12409693747758865
v 0.058328893035650295 -0.02971809543669226 0.13079877197742462
v 0.05755632743239407 -0.02746835723519327 0.129185751080513
v 0.05755632743239407 -0.03122718259692194 0.13249988853931427
v 0.05755632743239407 -0.03122718259692194 0.13249988853931427
v 0.05755632743239407 -0.02746835723519327 0.129185751080513
v 0.056628901511430775 -0.02905130758881571 0.13073225319385529
v 0.05755632743239407 -0.03122718259692194 0.13249988853931427
v 0.056628901511430775 -0.02905130758881571 0.13073225319385529
v 0.056628901511430775 -0.03300544247031214 0.13383837044239044
v 0.056628901511430775 -0.03300544247031214 0.13383837044239044
v 0.056628901511430775 -0.02905130758881571 0.13073225319385529
v 0.05429974943399433 -0.028855687007308027 0.13002677261829376
v 0.056628901511430775 -0.03300544247031214 0.13383837044239044
v 0.05429974943399433 -0.028855687007308027 0.13002677261829376
v 0.05429974943399433 -0.036762669682502774 0.136135533452034
v 0.05429974943399433 -0.036762669682502774 0.136135533452034
v 0.05429974943399433 -0.028855687007308027 0.13002677261829376
v 0.05134218186140064 -0.03308501094579699 0.13188619911670685
v 0.005738519132137302 -0.003936458844691518 0.10713822394609451
v 0.011440484784543521 -0.004538367968052628 0.10769099742174149
v 0.017209554091095935 0.004115669988095763 0.10653788596391678
v 0.017209554091095935 0.01363776810467244 0.10326225310564041
v 0.005738519132137302 0.015492189675569545 0.10223061591386795
v 0.005738519132137302 0.00586593616753817 0.1052820160984993
v 0.005738519132137302 0.00586593616753817 0.1052820160984993
v 0.005738519132137302 0.015492189675569545 0.10223061591386795
v -0.005397376604378227 0.005890135653316979 0.10526377707719803
v 0.005738519132137302 0.00586593616753817 0.1052820160984993
v -0.005397376604378227 0.005890135653316979 0.10526377707719803
v -0.005397376604378227 -0.003913055639714005 0.10711664706468582
v -0.005397376604378227 -0.003913055639714005 0.10711664706468582
v -0.005397376604378227 0.005890135653316979 0.10526377707719803
v -0.011092000640928752 -0.004489393904805186 0.10764605551958084
v -0.005397376604378227 -0.003913055639714005 0.10711664706468582
v -0.011092000640928752 -0.004489393904805186 0.10764605551958084
v -0.011092000640928752 -0.014490059576928626 0.11041171103715897
v -0.011092000640928752 -0.014490059576928626 0.11041171103715897
v -0.011092000640928752 -0.004489393904805186 0.10764605551958084
v -0.016859784722328196 -0.015410415828228007 0.11147672683000565
v -0.011092000640928752 -0.014490059576928626 0.11041171103715897
v -0.016859784722328196 -0.015410415828228007 0.11147672683000565
v -0.016859784722328196 -0.024991817772388476 0.11558718234300613
v -0.016859784722328196 -0.024991817772388476 0.11558718234300613
v -0.016859784722328196 -0.015410415828228007 0.11147672683000565
v -0.022604495286941542 -0.02613767050206663 0.11732012778520584
v -0.016859784722328196 -0.024991817772388476 0.11558718234300613
v -0.022604495286941542 -0.02613767050206663 0.11732012778520584
v -0.022604495286941542 -0.03487359732389452 0.12273377925157547
v -0.022604495286941542 -0.03487359732389452 0.12273377925157547
v -0.022604495286941542 -0.02613767050206663 0.11732012778520584
v -0.028229752555489557 -0.0360473729670048 0.12523312866687775
v -0.022604495286941542 -0.03487359732389452 0.12273377925157547
v -0.028229752555489557 -0.0360473729670048 0.12523312866687775
v -0.028229752555489557 -0.04354548454284671 0.1317184716463089
v -0.028229752555489557 -0.04354548454284671 0.1317184716463089
v -0.028229752555489557 -0.0360473729670048 0.12523312866687775
v -0.0336328372359276 -0.044489111751318006 0.13498468697071075
v -0.028229752555489557 -0.04354548454284671 0.1317184716463089
v -0.0336328372359276 -0.044489111751318006 0.13498468697071075
v -0.0336328372359276 -0.05045542493462566 0.14215607941150665
v -0.0336328372359276 -0.05045542493462566 0.14215607941150665
v -0.0336328372359276 -0.044489111751318006 0.13498468697071075
v -0.038712788373231916 -0.050913538783788716 0.14607758820056915
v -0.0336328372359276 -0.05045542493462566 0.14215607941150665
v -0.038712788373231916 -0.050913538783788716 0.14607758820056915
v -0.038712788373231916 -0.05316575616598133 0.14977820217609406
v -0.038712788373231916 -0.05316575616598133 0.14977820217609406
v -0.038712788373231916 -0.050913538783788716 0.14607758820056915
v -0.04337627440690997 -0.053311061114072834 0.15421314537525177
v -0.038712788373231916 -0.05316575616598133 0.14977820217609406
v -0.04337627440690997 -0.053311061114072834 0.15421314537525177
v -0.038712788373231916 -0.05328236520290378 0.15034110844135284
v -0.038712788373231916 -0.05328236520290378 0.15034110844135284
v -0.04337627440690997 -0.053311061114072834 0.15421314537525177
v -0.04337627440690997 -0.053386893123388325 0.15476413071155548
v -0.038712788373231916 -0.05328236520290378 0.15034110844135284
v -0.04337627440690997 -0.053386893123388325 0.15476413071155548
v -0.038712788373231916 -0.05321367830038074 0.15095670521259308
v -0.038712788373231916 -0.05321367830038074 0.15095670521259308
v -0.04337627440690997 -0.053386893123388325 0.15476413071155548
v -0.04337627440690997 -0.053285699337720906 0.15536482632160187
v -0.038712788373231916 -0.05321367830038074 0.15095670521259308
v -0.04337627440690997 -0.053285699337720906 0.15536482632160187
v -0.038712788373231916 -0.05296045914292339 0.1515335589647293
v -0.038712788373231916 -0.05296045914292339 0.1515335589647293
v -0.04337627440690997 -0.053285699337720906 0.15536482632160187
v -0.04337627440690997 -0.0530081428587437 0.15592749416828156
v -0.038712788373231916 -0.05296045914292339 0.1515335589647293
v -0.04337627440690997 -0.0530081428587437 0.15592749416828156
v -0.038712788373231916 -0.05254561081528667 0.15202493965625763
v -0.038712788373231916 -0.05254561081528667 0.15202493965625763
v -0.04337627440690997 -0.0530081428587437 0.15592749416828156
v -0.04337627440690997 -0.052575800567865406 0.1564076691865921
v -0.038712788373231916 -0.05254561081528667 0.15202493965625763
v -0.04337627440690997 -0.052575800567865406 0.1564076691865921
v -0.038712788373231916 -0.05131017789244655 0.15263409912586212
v -0.038712788373231916 -0.05131017789244655 0.15263409912586212
v -0.04337627440690997 -0.052575800567865406 0.1564076691865921
v -0.04337627440690997 -0.05131512880325321 0.15701575577259064
v -0.038712788373231916 -0.05131017789244655 0.15263409912586212
v -0.04337627440690997 -0.05131512880325321 0.15701575577259064
v -0.03859652578830722 -0.05099999904632572 0.1527772694826126
v -0.03859652578830722 -0.05099999904632572 0.1527772694826126
v 0.05134218186140064 -0.008174517191946512 0.11538953334093094
v 0.04777545109391216 -0.0038431626744568374 0.11298162490129471
v 0.04777545109391216 -0.012390194460749635 0.1183745339512825
v 0.04777545109391216 -0.012390194460749635 0.1183745339512825
v 0.04777545109391216 -0.0038431626744568374 0.11298162490129471
v 0.04364354535937312 -0.008589824661612516 0.11564940959215164
v 0.04777545109391216 -0.012390194460749635 0.1183745339512825
v 0.04364354535937312 -0.008589824661612516 0.11564940959215164
v 0.04364354535937312 -0.01745380274951459 0.11955399066209793
v 0.04364354535937312 -0.01745380274951459 0.11955399066209793
v 0.04364354535937312 -0.008589824661612516 0.11564940959215164
v 0.039008203893899945 -0.014237096533179292 0.11659938842058182
v 0.04364354535937312 -0.01745380274951459 0.11955399066209793
v 0.039008203893899945 -0.014237096533179292 0.11659938842058182
v 0.039008203893899945 -0.023403448984026923 0.12070078402757645
v 0.059749271720647854 -0.050104942172765767 0.15155287086963654
v 0.05994019284844403 -0.04549309983849528 0.1453084498643875
v 0.059749271720647854 -0.04345719516277316 0.1434384137392044
v 0.059749271720647854 -0.04345719516277316 0.1434384137392044
v 0.05994019284844403 -0.04549309983849528 0.1453084498643875
v 0.05994019284844403 -0.04199732095003131 0.14124949276447296
v 0.059749271720647854 -0.04345719516277316 0.1434384137392044
v 0.05994019284844403 -0.04199732095003131 0.14124949276447296
v 0.059749271720647854 -0.039886649698019055 0.13953490555286407
v 0.059749271720647854 -0.039886649698019055 0.13953490555286407
v 0.05994019284844403 -0.04199732095003131 0.14124949276447296
v 0.05994019284844403 -0.03858036175370219 0.13715286552906036
v 0.059749271720647854 -0.039886649698019055 0.13953490555286407
v 0.05994019284844403 -0.03858036175370219 0.13715286552906036
v 0.059749271720647854 -0.03640270233154299 0.13559146225452423
v 0.04777545109391216 -0.029590420424938223 0.1278485804796219
v 0.05134218186140064 -0.03308501094579699 0.13188619911670685
v 0.05134218186140064 -0.024831147864460962 0.1263302117586136
v 0.05134218186140064 -0.024831147864460962 0.1263302117586136
v 0.05134218186140064 -0.03308501094579699 0.13188619911670685
v 0.05429974943399433 -0.028855687007308027 0.13002677261829376
v 0.05134218186140064 -0.024831147864460962 0.1263302117586136
v 0.05429974943399433 -0.028855687007308027 0.13002677261829376
v 0.05429974943399433 -0.02078485675156118 0.12439364939928055
v 0.05429974943399433 -0.02078485675156118 0.12439364939928055
v 0.05429974943399433 -0.028855687007308027 0.13002677261829376
v 0.056628901511430775 -0.02905130758881571 0.13073225319385529
v 0.05429974943399433 -0.02078485675156118 0.12439364939928055
v 0.056628901511430775 -0.02905130758881571 0.13073225319385529
v 0.056628901511430775 -0.02522340044379236 0.12757618725299835
v 0.056628901511430775 -0.02522340044379236 0.12757618725299835
v 0.056628901511430775 -0.02905130758881571 0.13073225319385529
v 0.05755632743239407 -0.02746835723519327 0.129185751080513
v 0.056628901511430775 -0.02522340044379236 0.12757618725299835
v 0.05755632743239407 -0.02746835723519327 0.129185751080513
v 0.058328893035650295 -0.025972355157136934 0.12710292637348175
v 0.058328893035650295 -0.025972355157136934 0.12710292637348175
v 0.05755632743239407 -0.02746835723519327 0.129185751080513
v 0.058328893035650295 -0.02971809543669226 0.13079877197742462
v 0.058328893035650295 -0.025972355157136934 0.12710292637348175
v 0.058328893035650295 -0.02971809543669226 0.13079877197742462
v 0.058949396014213604 -0.028285223990678805 0.12856383621692657
v 0.058949396014213604 -0.028285223990678805 0.12856383621692657
v 0.058328893035650295 -0.02971809543669226 0.13079877197742462
v 0.058949396014213604 -0.03196343034505846 0.13240869343280792
v 0.058949396014213604 -0.028285223990678805 0.12856383621692657
v 0.058949396014213604 -0.03196343034505846 0.13240869343280792
v 0.05942105129361157 -0.03058391995728018 0.1300158053636551
v 0.05942105129361157 -0.054877553135156666 0.16288359463214874
v 0.059749271720647854 -0.054842822253704106 0.1606636792421341
v 0.05942105129361157 -0.053220450878143345 0.15821261703968048
v 0.05942105129361157 -0.053220450878143345 0.15821261703968048
v 0.059749271720647854 -0.054842822253704106 0.1606636792421341
v 0.059749271720647854 -0.05275376513600353 0.15598972141742706
v 0.05942105129361157 -0.053220450878143345 0.15821261703968048
v 0.059749271720647854 -0.05275376513600353 0.15598972141742706
v 0.05942105129361157 -0.0509876944124699 0.15367276966571808
v 0.05942105129361157 -0.0509876944124699 0.15367276966571808
v 0.059749271720647854 -0.05275376513600353 0.15598972141742706
v 0.059749271720647854 -0.050104942172765767 0.15155287086963654
v 0.05942105129361157 -0.0509876944124699 0.15367276966571808
v 0.059749271720647854 -0.050104942172765767 0.15155287086963654
v 0.05942105129361157 -0.04821901395916942 0.1493736058473587
v 0.05942105129361157 -0.04821901395916942 0.1493736058473587
v 0.059749271720647854 -0.050104942172765767 0.15155287086963654
v 0.059749271720647854 -0.04345719516277316 0.1434384137392044
v 0.05942105129361157 -0.04821901395916942 0.1493736058473587
v 0.059749271720647854 -0.04345719516277316 0.1434384137392044
v 0.059602707624435466 -0.04242860525846484 0.14249368011951447
v 0.059602707624435466 -0.04242860525846484 0.14249368011951447
v 0.059749271720647854 -0.04345719516277316 0.1434384137392044
v 0.059749271720647854 -0.039886649698019055 0.13953490555286407
v 0.059602707624435466 -0.04242860525846484 0.14249368011951447
v 0.059749271720647854 -0.039886649698019055 0.13953490555286407
v 0.059602707624435466 -0.03882029280066493 0.138668492436409
v 0.059602707624435466 -0.03882029280066493 0.138668492436409
v 0.059749271720647854 -0.039886649698019055 0.13953490555286407
v 0.059749271720647854 -0.03640270233154299 0.13559146225452423
v 0.059602707624435466 -0.03882029280066493 0.138668492436409
v 0.059749271720647854 -0.03640270233154299 0.13559146225452423
v 0.05942105129361157 -0.03774688020348552 0.13779647648334503
v 0.058949396014213604 -0.046312637627124814 0.14717061817646027
v 0.058328893035650295 -0.04439448937773707 0.14495404064655304
v 0.058328893035650295 -0.04740620777010921 0.1489744931459427
v 0.058328893035650295 -0.04740620777010921 0.1489744931459427
v 0.058328893035650295 -0.04439448937773707 0.14495404064655304
v 0.056628901511430775 -0.04381035640835765 0.14425738155841827
v 0.058328893035650295 -0.04740620777010921 0.1489744931459427
v 0.056628901511430775 -0.04381035640835765 0.14425738155841827
v 0.056628901511430775 -0.04662709310650828 0.14825208485126495
v 0.056628901511430775 -0.04662709310650828 0.14825208485126495
v 0.056628901511430775 -0.04381035640835765 0.14425738155841827
v 0.05429974943399433 -0.04336491599678996 0.14332421123981476
v 0.056628901511430775 -0.04662709310650828 0.14825208485126495
v 0.05429974943399433 -0.04336491599678996 0.14332421123981476
v 0.05429974943399433 -0.04604329168796542 0.14723439514636993
v 0.05942105129361157 -0.02693342976272108 0.12581761181354523
v 0.058328893035650295 -0.022192701697349562 0.12318236380815506
v 0.058328893035650295 -0.025972355157136934 0.12710292637348175
v 0.058328893035650295 -0.025972355157136934 0.12710292637348175
v 0.058328893035650295 -0.022192701697349562 0.12318236380815506
v 0.056628901511430775 -0.017433099448680888 0.12053651362657547
v 0.058328893035650295 -0.025972355157136934 0.12710292637348175
v 0.056628901511430775 -0.017433099448680888 0.12053651362657547
v 0.056628901511430775 -0.02134242840111257 0.12417823821306229
v 0.056628901511430775 -0.02134242840111257 0.12417823821306229
v 0.056628901511430775 -0.017433099448680888 0.12053651362657547
v 0.05429974943399433 -0.012732897885143766 0.11792368441820145
v 0.056628901511430775 -0.02134242840111257 0.12417823821306229
v 0.05429974943399433 -0.012732897885143766 0.11792368441820145
v 0.05429974943399433 -0.01677028089761735 0.12129015475511551
v 0.05429974943399433 -0.01677028089761735 0.12129015475511551
v 0.05429974943399433 -0.012732897885143766 0.11792368441820145
v 0.05134218186140064 -0.008174517191946512 0.11538953334093094
v 0.05429974943399433 -0.01677028089761735 0.12129015475511551
v 0.05134218186140064 -0.008174517191946512 0.11538953334093094
v 0.05134218186140064 -0.016480300575494777 0.12130720168352127
v 0.05134218186140064 -0.016480300575494777 0.12130720168352127
v 0.05134218186140064 -0.008174517191946512 0.11538953334093094
v 0.04777545109391216 -0.012390194460749635 0.1183745339512825
v 0.05134218186140064 -0.016480300575494777 0.12130720168352127
v 0.04777545109391216 -0.012390194460749635 0.1183745339512825
v 0.04777545109391216 -0.021007059141993537 0.12281770259141922
v 0.04777545109391216 -0.021007059141993537 0.12281770259141922
v 0.04777545109391216 -0.012390194460749635 0.1183745339512825
v 0.04364354535937312 -0.01745380274951459 0.11955399066209793
v 0.04777545109391216 -0.021007059141993537 0.12281770259141922
v 0.04364354535937312 -0.01745380274951459 0.11955399066209793
v 0.04364354535937312 -0.026343215256929415 0.12409693747758865
v 0.04364354535937312 -0.026343215256929415 0.12409693747758865
v 0.04364354535937312 -0.01745380274951459 0.11955399066209793
v 0.039008203893899945 -0.023403448984026923 0.12070078402757645
v 0.011440484784543521 -0.004538367968052628 0.10769099742174149
v 0.005738519132137302 -0.003936458844691518 0.10713822394609451
v 0.005738519132137302 -0.013987130485475072 0.10982663184404373
v 0.005738519132137302 -0.013987130485475072 0.10982663184404373
v 0.005738519132137302 -0.003936458844691518 0.10713822394609451
v -0.005397376604378227 -0.013964230194687852 0.10980278998613358
v 0.005738519132137302 -0.013987130485475072 0.10982663184404373
v -0.005397376604378227 -0.013964230194687852 0.10980278998613358
v -0.005397376604378227 -0.02374857850372793 0.1137053444981575
v -0.005397376604378227 -0.02374857850372793 0.1137053444981575
v -0.005397376604378227 -0.013964230194687852 0.10980278998613358
v -0.011092000640928752 -0.02420050650835039 0.11438984423875809
v -0.005397376604378227 -0.02374857850372793 0.1137053444981575
v -0.011092000640928752 -0.02420050650835039 0.11438984423875809
v -0.011092000640928752 -0.03336613625288012 0.11952275782823563
v -0.011092000640928752 -0.03336613625288012 0.11952275782823563
v -0.011092000640928752 -0.02420050650835039 0.11438984423875809
v -0.016859784722328196 -0.03398190066218378 0.12083465605974197
v -0.011092000640928752 -0.03336613625288012 0.11952275782823563
v -0.016859784722328196 -0.03398190066218378 0.12083465605974197
v -0.016859784722328196 -0.04220155999064448 0.12706585228443146
v -0.016859784722328196 -0.04220155999064448 0.12706585228443146
v -0.016859784722328196 -0.03398190066218378 0.12083465605974197
v -0.022604495286941542 -0.042781755328178434 0.12907464802265167
v -0.016859784722328196 -0.04220155999064448 0.12706585228443146
v -0.022604495286941542 -0.042781755328178434 0.12907464802265167
v -0.022604495286941542 -0.049754139035940205 0.1361522227525711
v -0.022604495286941542 -0.049754139035940205 0.1361522227525711
v -0.022604495286941542 -0.042781755328178434 0.12907464802265167
v -0.028229752555489557 -0.050067838281393086 0.1388380080461502
v -0.022604495286941542 -0.049754139035940205 0.1361522227525711
v -0.028229752555489557 -0.050067838281393086 0.1388380080461502
v -0.028229752555489557 -0.05293081700801853 0.1425919085741043
v -0.028229752555489557 -0.05293081700801853 0.1425919085741043
v -0.028229752555489557 -0.050067838281393086 0.1388380080461502
v -0.0336328372359276 -0.05303839594125751 0.1458856612443924
v -0.028229752555489557 -0.05293081700801853 0.1425919085741043
v -0.0336328372359276 -0.05303839594125751 0.1458856612443924
v -0.028229752555489557 -0.05311371758580211 0.14317460358142853
v -0.028229752555489557 -0.05311371758580211 0.14317460358142853
v -0.0336328372359276 -0.05303839594125751 0.1458856612443924
v -0.0336328372359276 -0.05319086834788326 0.1464591771364212
v -0.028229752555489557 -0.05311371758580211 0.14317460358142853
v -0.0336328372359276 -0.05319086834788326 0.1464591771364212
v -0.028229752555489557 -0.0530977584421635 0.14381439983844757
v -0.028229752555489557 -0.0530977584421635 0.14381439983844757
v -0.0336328372359276 -0.05319086834788326 0.1464591771364212
v -0.0336328372359276 -0.05315072834491733 0.14708788692951202
v -0.028229752555489557 -0.0530977584421635 0.14381439983844757
v -0.0336328372359276 -0.05315072834491733 0.14708788692951202
v -0.028229752555489557 -0.052883956581354176 0.14441461861133575
v -0.028229752555489557 -0.052883956581354176 0.14441461861133575
v -0.0336328372359276 -0.05315072834491733 0.14708788692951202
v -0.0336328372359276 -0.052918862551450764 0.14767737686634064
v -0.028229752555489557 -0.052883956581354176 0.14441461861133575
v -0.0336328372359276 -0.052918862551450764 0.14767737686634064
v -0.028229752555489557 -0.05249714478850368 0.14492447674274445
v -0.028229752555489557 -0.05249714478850368 0.14492447674274445
v -0.0336328372359276 -0.052918862551450764 0.14767737686634064
v -0.0336328372359276 -0.05251926556229595 0.14817865192890167
v -0.028229752555489557 -0.05249714478850368 0.14492447674274445
v -0.0336328372359276 -0.05251926556229595 0.14817865192890167
v -0.028229752555489557 -0.05195046961307529 0.14531166851520538
v -0.028229752555489557 -0.05195046961307529 0.14531166851520538
v -0.0336328372359276 -0.05251926556229595 0.14817865192890167
v -0.0336328372359276 -0.05196319520473484 0.14856202900409698
v -0.028229752555489557 -0.05195046961307529 0.14531166851520538
v -0.0336328372359276 -0.05196319520473484 0.14856202900409698
v -0.028229752555489557 -0.05130245909094814 0.1455337554216385
v 0.05994019284844403 -0.03157712891697886 0.12839896976947784
v 0.05942105129361157 -0.03058391995728018 0.1300158053636551
v 0.05942105129361157 -0.03419501706957819 0.1340087205171585
v 0.05942105129361157 -0.03419501706957819 0.1340087205171585
v 0.05942105129361157 -0.03058391995728018 0.1300158053636551
v 0.058949396014213604 -0.03196343034505846 0.13240869343280792
v 0.05942105129361157 -0.03419501706957819 0.1340087205171585
v 0.058949396014213604 -0.03196343034505846 0.13240869343280792
v 0.058949396014213604 -0.035583946853876135 0.13603933155536652
v 0.058949396014213604 -0.035583946853876135 0.13603933155536652
v 0.058949396014213604 -0.03196343034505846 0.13240869343280792
v 0.058328893035650295 -0.03340769559144976 0.13427133858203888
v 0.058949396014213604 -0.035583946853876135 0.13603933155536652
v 0.058328893035650295 -0.03340769559144976 0.13427133858203888
v 0.058328893035650295 -0.03720765188336375 0.13769812881946564
v 0.058328893035650295 -0.03720765188336375 0.13769812881946564
v 0.058328893035650295 -0.03340769559144976 0.13427133858203888
v 0.056628901511430775 -0.03300544247031214 0.13383837044239044
v 0.058328893035650295 -0.03720765188336375 0.13769812881946564
v 0.056628901511430775 -0.03300544247031214 0.13383837044239044
v 0.056628901511430775 -0.04055465757846835 0.14051707088947296
v 0.056628901511430775 -0.04055465757846835 0.14051707088947296
v 0.056628901511430775 -0.03300544247031214 0.13383837044239044
v 0.05429974943399433 -0.036762669682502774 0.136135533452034
v 0.056628901511430775 -0.04055465757846835 0.14051707088947296
v 0.05429974943399433 -0.036762669682502774 0.136135533452034
v 0.05429974943399433 -0.04025926813483241 0.1395992785692215
v 0.05429974943399433 -0.04025926813483241 0.1395992785692215
v 0.05429974943399433 -0.036762669682502774 0.136135533452034
v 0.05134218186140064 -0.03308501094579699 0.13188619911670685
v 0.05429974943399433 -0.04025926813483241 0.1395992785692215
v 0.05134218186140064 -0.03308501094579699 0.13188619911670685
v 0.05134218186140064 -0.03681520745158198 0.13508184254169464
v 0.05134218186140064 -0.03681520745158198 0.13508184254169464
v 0.05134218186140064 -0.03308501094579699 0.13188619911670685
v 0.04777545109391216 -0.029590420424938223 0.1278485804796219
v 0.05134218186140064 -0.03681520745158198 0.13508184254169464
v 0.04777545109391216 -0.029590420424938223 0.1278485804796219
v 0.04777545109391216 -0.033542539924383184 0.1307893544435501
v 0.04777545109391216 -0.033542539924383184 0.1307893544435501
v 0.04777545109391216 -0.029590420424938223 0.1278485804796219
v 0.04364354535937312 -0.026343215256929415 0.12409693747758865
v 0.04777545109391216 -0.033542539924383184 0.1307893544435501
v 0.04364354535937312 -0.026343215256929415 0.12409693747758865
v 0.04364354535937312 -0.03050150163471701 0.12680096924304962
v 0.04364354535937312 -0.03050150163471701 0.12680096924304962
v 0.04364354535937312 -0.026343215256929415 0.12409693747758865
v 0.039008203893899945 -0.023403448984026923 0.12070078402757645
v 0.04364354535937312 -0.03050150163471701 0.12680096924304962
v 0.039008203893899945 -0.023403448984026923 0.12070078402757645
v 0.039008203893899945 -0.031871728599071524 0.12596459686756134
v 0.02294983156025411 0.011953172273933896 0.10419911891222
v 0.017209554091095935 0.01363776810467244 0.10326225310564041
v 0.017209554091095935 0.004115669988095763 0.10653788596391678
v 0.017209554091095935 0.004115669988095763 0.10653788596391678
v 0.017209554091095935 0.01363776810467244 0.10326225310564041
v 0.005738519132137302 0.00586593616753817 0.1052820160984993
v 0.017209554091095935 0.004115669988095763 0.10653788596391678
v 0.005738519132137302 0.00586593616753817 0.1052820160984993
v 0.005738519132137302 -0.003936458844691518 0.10713822394609451
v 0.005738519132137302 -0.003936458844691518 0.10713822394609451
v 0.005738519132137302 0.00586593616753817 0.1052820160984993
v -0.005397376604378227 -0.003913055639714005 0.10711664706468582
v 0.005738519132137302 -0.003936458844691518 0.10713822394609451
v -0.005397376604378227 -0.003913055639714005 0.10711664706468582
v -0.005397376604378227 -0.013964230194687852 0.10980278998613358
v -0.005397376604378227 -0.013964230194687852 0.10980278998613358
v -0.005397376604378227 -0.003913055639714005 0.10711664706468582
v -0.011092000640928752 -0.014490059576928626 0.11041171103715897
v -0.005397376604378227 -0.013964230194687852 0.10980278998613358
v -0.011092000640928752 -0.014490059576928626 0.11041171103715897
v -0.011092000640928752 -0.02420050650835039 0.11438984423875809
v -0.011092000640928752 -0.02420050650835039 0.11438984423875809
v -0.011092000640928752 -0.014490059576928626 0.11041171103715897
v -0.016859784722328196 -0.024991817772388476 0.11558718234300613
v -0.011092000640928752 -0.02420050650835039 0.11438984423875809
v -0.016859784722328196 -0.024991817772388476 0.11558718234300613
v -0.016859784722328196 -0.03398190066218378 0.12083465605974197
v -0.016859784722328196 -0.03398190066218378 0.12083465605974197
v -0.016859784722328196 -0.024991817772388476 0.11558718234300613
v -0.022604495286941542 -0.03487359732389452 0.12273377925157547
v -0.016859784722328196 -0.03398190066218378 0.12083465605974197
v -0.022604495286941542 -0.03487359732389452 0.12273377925157547
v -0.022604495286941542 -0.042781755328178434 0.12907464802265167
v -0.022604495286941542 -0.042781755328178434 0.12907464802265167
v -0.022604495286941542 -0.03487359732389452 0.12273377925157547
v -0.028229752555489557 -0.04354548454284671 0.1317184716463089
v -0.022604495286941542 -0.042781755328178434 0.12907464802265167
v -0.028229752555489557 -0.04354548454284671 0.1317184716463089
v -0.028229752555489557 -0.050067838281393086 0.1388380080461502
v -0.028229752555489557 -0.050067838281393086 0.1388380080461502
v -0.028229752555489557 -0.04354548454284671 0.1317184716463089
v -0.0336328372359276 -0.05045542493462566 0.14215607941150665
v -0.028229752555489557 -0.050067838281393086 0.1388380080461502
v -0.0336328372359276 -0.05045542493462566 0.14215607941150665
v -0.0336328372359276 -0.05303839594125751 0.1458856612443924
v -0.0336328372359276 -0.05303839594125751 0.1458856612443924
v -0.0336328372359276 -0.05045542493462566 0.14215607941150665
v -0.038712788373231916 -0.05316575616598133 0.14977820217609406
v -0.0336328372359276 -0.05303839594125751 0.1458856612443924
v -0.038712788373231916 -0.05316575616598133 0.14977820217609406
v -0.0336328372359276 -0.05319086834788326 0.1464591771364212
v -0.0336328372359276 -0.05319086834788326 0.1464591771364212
v -0.038712788373231916 -0.05316575616598133 0.14977820217609406
v -0.038712788373231916 -0.05328236520290378 0.15034110844135284
v -0.0336328372359276 -0.05319086834788326 0.1464591771364212
v -0.038712788373231916 -0.05328236520290378 0.15034110844135284
v -0.0336328372359276 -0.05315072834491733 0.14708788692951202
v -0.0336328372359276 -0.05315072834491733 0.14708788692951202
v -0.038712788373231916 -0.05328236520290378 0.15034110844135284
v -0.038712788373231916 -0.05321367830038074 0.15095670521259308
v -0.0336328372359276 -0.05315072834491733 0.14708788692951202
v -0.038712788373231916 -0.05321367830038074 0.15095670521259308
v -0.0336328372359276 -0.052918862551450764 0.14767737686634064
v -0.0336328372359276 -0.052918862551450764 0.14767737686634064
v -0.038712788373231916 -0.05321367830038074 0.15095670521259308
v -0.038712788373231916 -0.05296045914292339 0.1515335589647293
v -0.0336328372359276 -0.052918862551450764 0.14767737686634064
v -0.038712788373231916 -0.05296045914292339 0.1515335589647293
v -0.0336328372359276 -0.05251926556229595 0.14817865192890167
v -0.0336328372359276 -0.05251926556229595 0.14817865192890167
v -0.038712788373231916 -0.05296045914292339 0.1515335589647293
v -0.038712788373231916 -0.05254561081528667 0.15202493965625763
v -0.0336328372359276 -0.05251926556229595 0.14817865192890167
v -0.038712788373231916 -0.05254561081528667 0.15202493965625763
v -0.0336328372359276 -0.05196319520473484 0.14856202900409698
v -0.0336328372359276 -0.05196319520473484 0.14856202900409698
v -0.038712788373231916 -0.05254561081528667 0.15202493965625763
v -0.0336328372359276 -0.051305934786796605 0.14878816902637482
v -0.0336328372359276 -0.05196319520473484 0.14856202900409698
v -0.0336328372359276 -0.051305934786796605 0.14878816902637482
v -0.028229752555489557 -0.05130245909094814 0.1455337554216385
v -0.028229752555489557 -0.05130245909094814 0.1455337554216385
v -0.0336328372359276 -0.051305934786796605 0.14878816902637482
v -0.028110200539231318 -0.05099999904632572 0.14574702084064484
v 0.00299041345715523 -0.09274533390998846 0.194601371884346
v 0.011821994557976731 -0.09294758737087255 0.20107407867908478
v 0.00299041345715523 -0.09361867606639868 0.20185156166553497
v 0.00299041345715523 -0.09361867606639868 0.20185156166553497
v 0.011821994557976731 -0.09294758737087255 0.20107407867908478
v 0.011821994557976731 -0.09287038445472723 0.20863468945026398
v 0.00299041345715523 -0.09361867606639868 0.20185156166553497
v 0.011821994557976731 -0.09287038445472723 0.20863468945026398
v 0.00299041345715523 -0.09349829703569418 0.20946116745471954
v 0.00299041345715523 -0.09349829703569418 0.20946116745471954
v 0.011821994557976731 -0.09287038445472723 0.20863468945026398
v 0.011821994557976731 -0.09169419109821325 0.21635420620441437
v 0.00299041345715523 -0.09349829703569418 0.20946116745471954
v 0.011821994557976731 -0.09169419109821325 0.21635420620441437
v 0.00299041345715523 -0.09227085113525396 0.21722812950611115
v 0.00299041345715523 -0.09227085113525396 0.21722812950611115
v 0.011821994557976731 -0.09169419109821325 0.21635420620441437
v 0.011821994557976731 -0.08936368674039846 0.22399325668811798
v 0.00299041345715523 -0.09227085113525396 0.21722812950611115
v 0.011821994557976731 -0.08936368674039846 0.22399325668811798
v 0.00299041345715523 -0.08988048136234289 0.22491152584552765
v 0.011821994557976731 -0.09203843027353292 0.19387252628803253
v 0.02277721837162973 -0.09070133417844778 0.1984756737947464
v 0.011821994557976731 -0.09294758737087255 0.20107407867908478
v 0.011821994557976731 -0.09294758737087255 0.20107407867908478
v 0.02277721837162973 -0.09070133417844778 0.1984756737947464
v 0.02277721837162973 -0.09076754003763204 0.20587261021137238
v 0.011821994557976731 -0.09294758737087255 0.20107407867908478
v 0.02277721837162973 -0.09076754003763204 0.20587261021137238
v 0.011821994557976731 -0.09287038445472723 0.20863468945026398
v 0.011821994557976731 -0.09287038445472723 0.20863468945026398
v 0.02277721837162973 -0.09076754003763204 0.20587261021137238
v 0.02277721837162973 -0.08976266533136373 0.21343274414539337
v 0.011821994557976731 -0.09287038445472723 0.20863468945026398
v 0.02277721837162973 -0.08976266533136373 0.21343274414539337
v 0.011821994557976731 -0.09169419109821325 0.21635420620441437
v 0.011821994557976731 -0.09169419109821325 0.21635420620441437
v 0.02277721837162973 -0.08976266533136373 0.21343274414539337
v 0.017091557383537303 -0.08866681158542639 0.22275717556476593
v 0.011821994557976731 -0.09169419109821325 0.21635420620441437
v 0.017091557383537303 -0.08866681158542639 0.22275717556476593
v 0.011821994557976731 -0.08936368674039846 0.22399325668811798
v 0.00299041345715523 -0.08634354174137121 0.2322506457567215
v 0.00299041345715523 -0.08988048136234289 0.22491152584552765
v 0.011821994557976731 -0.08589488267898565 0.23129339516162872
v 0.011821994557976731 -0.08589488267898565 0.23129339516162872
v 0.00299041345715523 -0.08988048136234289 0.22491152584552765
v 0.011821994557976731 -0.08936368674039846 0.22399325668811798
v 0.011821994557976731 -0.08589488267898565 0.23129339516162872
v 0.011821994557976731 -0.08936368674039846 0.22399325668811798
v 0.017091557383537303 -0.08528985083103185 0.23000438511371613
v 0.017091557383537303 -0.08528985083103185 0.23000438511371613
v 0.011821994557976731 -0.08936368674039846 0.22399325668811798
v 0.017091557383537303 -0.08866681158542639 0.22275717556476593
v 0.017091557383537303 -0.08528985083103185 0.23000438511371613
v 0.017091557383537303 -0.08866681158542639 0.22275717556476593
v 0.02277721837162973 -0.08439180254936224 0.2280917912721634
v 0.05124292895197872 -0.06795776635408406 0.21616120636463165
v 0.04765824973583225 -0.06947653740644459 0.22141678631305695
v 0.04765824973583225 -0.07306733727455145 0.21601851284503937
v 0.02277721837162973 -0.08439180254936224 0.2280917912721634
v 0.02277721837162973 -0.08763245493173605 0.2209230214357376
v 0.028397269546985644 -0.08320952951908117 0.22557444870471954
v 0.028397269546985644 -0.08320952951908117 0.22557444870471954
v 0.02277721837162973 -0.08763245493173605 0.2209230214357376
v 0.028397269546985644 -0.08627074956893926 0.21850891411304474
v 0.028397269546985644 -0.08320952951908117 0.22557444870471954
v 0.028397269546985644 -0.08627074956893926 0.21850891411304474
v 0.033792003989219686 -0.08175101876258856 0.2224692851305008
v 0.033792003989219686 -0.08175101876258856 0.2224692851305008
v 0.028397269546985644 -0.08627074956893926 0.21850891411304474
v 0.033792003989219686 -0.08459088206291204 0.21553130447864532
v 0.033792003989219686 -0.08175101876258856 0.2224692851305008
v 0.033792003989219686 -0.08459088206291204 0.21553130447864532
v 0.03886068984866145 -0.08002920448780065 0.21880395710468292
v 0.03886068984866145 -0.08002920448780065 0.21880395710468292
v 0.033792003989219686 -0.08459088206291204 0.21553130447864532
v 0.03886068984866145 -0.08260776847600942 0.2120165377855301
v 0.03886068984866145 -0.08002920448780065 0.21880395710468292
v 0.03886068984866145 -0.08260776847600942 0.2120165377855301
v 0.0435101427137852 -0.07806911319494253 0.21463163197040558
v 0.0435101427137852 -0.07806911319494253 0.21463163197040558
v 0.03886068984866145 -0.08260776847600942 0.2120165377855301
v 0.0435101427137852 -0.08035020530223852 0.20801563560962677
v 0.0435101427137852 -0.07806911319494253 0.21463163197040558
v 0.0435101427137852 -0.08035020530223852 0.20801563560962677
v 0.04765824973583225 -0.07590192556381231 0.2100188285112381
v 0.04765824973583225 -0.07590192556381231 0.2100188285112381
v 0.0435101427137852 -0.08035020530223852 0.20801563560962677
v 0.04765824973583225 -0.07785413414239889 0.20359237492084503
v 0.04765824973583225 -0.07590192556381231 0.2100188285112381
v 0.04765824973583225 -0.07785413414239889 0.20359237492084503
v 0.05124292895197872 -0.07356770336627966 0.2050507813692093
v 0.05124292895197872 -0.07356770336627966 0.2050507813692093
v 0.04765824973583225 -0.07785413414239889 0.20359237492084503
v 0.05124292895197872 -0.07516568154096609 0.19882841408252716
v 0.05124292895197872 -0.07356770336627966 0.2050507813692093
v 0.05124292895197872 -0.07516568154096609 0.19882841408252716
v 0.054219275712966954 -0.07110937684774403 0.19981880486011505
v 0.054219275712966954 -0.07110937684774403 0.19981880486011505
v 0.05124292895197872 -0.07516568154096609 0.19882841408252716
v 0.054219275712966954 -0.07233431190252308 0.19381149113178253
v 0.054219275712966954 -0.07110937684774403 0.19981880486011505
v 0.054219275712966954 -0.07233431190252308 0.19381149113178253
v 0.05656765401363376 -0.06857294589281086 0.19442076981067657
v 0.05656765401363376 -0.06857294589281086 0.19442076981067657
v 0.054219275712966954 -0.07233431190252308 0.19381149113178253
v 0.05656765401363376 -0.06941297650337223 0.1886354237794876
v 0.05656765401363376 -0.06857294589281086 0.19442076981067657
v 0.05656765401363376 -0.06941297650337223 0.1886354237794876
v 0.05828642845153813 -0.06600301712751393 0.18895168602466583
v 0.05828642845153813 -0.06600301712751393 0.18895168602466583
v 0.05656765401363376 -0.06941297650337223 0.1886354237794876
v 0.05828642845153813 -0.06645305454730992 0.1833910495042801
v 0.05828642845153813 -0.06600301712751393 0.18895168602466583
v 0.05828642845153813 -0.06645305454730992 0.1833910495042801
v 0.05939660966396336 -0.06344187259674076 0.1835014373064041
v 0.05939660966396336 -0.06344187259674076 0.1835014373064041
v 0.05828642845153813 -0.06645305454730992 0.1833910495042801
v 0.05939660966396336 -0.06350326538085942 0.17816491425037384
v 0.05939660966396336 -0.06344187259674076 0.1835014373064041
v 0.05939660966396336 -0.06350326538085942 0.17816491425037384
v 0.05994019284844403 -0.05846071243286137 0.1729017049074173
v 0.05994019284844403 -0.05846071243286137 0.1729017049074173
v 0.05939660966396336 -0.06350326538085942 0.17816491425037384
v 0.05994019284844403 -0.0577662363648415 0.16800101101398468
v 0.04765824973583225 -0.07306733727455145 0.21601851284503937
v 0.04765824973583225 -0.06947653740644459 0.22141678631305695
v 0.0435101427137852 -0.07487004250288015 0.22078604996204376
v 0.0435101427137852 -0.07487004250288015 0.22078604996204376
v 0.04765824973583225 -0.06947653740644459 0.22141678631305695
v 0.0435101427137852 -0.0708866193890572 0.22629649937152863
v 0.0435101427137852 -0.07487004250288015 0.22078604996204376
v 0.0435101427137852 -0.0708866193890572 0.22629649937152863
v 0.03886068984866145 -0.07650048285722738 0.22509832680225372
v 0.03886068984866145 -0.07650048285722738 0.22509832680225372
v 0.0435101427137852 -0.0708866193890572 0.22629649937152863
v 0.03886068984866145 -0.07216196507215504 0.2307102233171463
v 0.03886068984866145 -0.07650048285722738 0.22509832680225372
v 0.03886068984866145 -0.07216196507215504 0.2307102233171463
v 0.033792003989219686 -0.07793270796537405 0.228886678814888
v 0.033792003989219686 -0.07793270796537405 0.228886678814888
v 0.03886068984866145 -0.07216196507215504 0.2307102233171463
v 0.033792003989219686 -0.0732822716236115 0.23458750545978546
v 0.033792003989219686 -0.07793270796537405 0.228886678814888
v 0.033792003989219686 -0.0732822716236115 0.23458750545978546
v 0.028397269546985644 -0.07914593070745474 0.23209591209888458
v 0.028397269546985644 -0.07914593070745474 0.23209591209888458
v 0.033792003989219686 -0.0732822716236115 0.23458750545978546
v 0.028397269546985644 -0.07423126697540289 0.23787231743335724
v 0.028397269546985644 -0.07914593070745474 0.23209591209888458
v 0.028397269546985644 -0.07423126697540289 0.23787231743335724
v 0.02277721837162973 -0.0801293551921845 0.23469777405261993
v 0.02277721837162973 -0.0801293551921845 0.23469777405261993
v 0.028397269546985644 -0.07423126697540289 0.23787231743335724
v 0.02277721837162973 -0.07500052452087408 0.2405352145433426
v 0.02277721837162973 -0.0801293551921845 0.23469777405261993
v 0.02277721837162973 -0.07500052452087408 0.2405352145433426
v 0.017091557383537303 -0.08087637275457388 0.236674502491951
v 0.017091557383537303 -0.08087637275457388 0.236674502491951
v 0.02277721837162973 -0.07500052452087408 0.2405352145433426
v 0.017091557383537303 -0.07558485865592962 0.2425583153963089
v 0.017091557383537303 -0.08087637275457388 0.236674502491951
v 0.017091557383537303 -0.07558485865592962 0.2425583153963089
v 0.011821994557976731 -0.08137964457273489 0.23800654709339142
v 0.011821994557976731 -0.08137964457273489 0.23800654709339142
v 0.017091557383537303 -0.07558485865592962 0.2425583153963089
v 0.011821994557976731 -0.07597853243350988 0.24392171204090118
v 0.011821994557976731 -0.08137964457273489 0.23800654709339142
v 0.011821994557976731 -0.07597853243350988 0.24392171204090118
v 0.00299041345715523 -0.0817528441548348 0.2389957457780838
v 0.00299041345715523 -0.0817528441548348 0.2389957457780838
v 0.011821994557976731 -0.07597853243350988 0.24392171204090118
v 0.00299041345715523 -0.07627047598361975 0.24493403732776642
v 0.00299041345715523 -0.0817528441548348 0.2389957457780838
v 0.00299041345715523 -0.07627047598361975 0.24493403732776642
v -0.0015107626095414173 -0.08178658783435827 0.23908622562885284
v -0.0015107626095414173 -0.08178658783435827 0.23908622562885284
v 0.00299041345715523 -0.07627047598361975 0.24493403732776642
v -0.0015107626095414173 -0.07629688084125524 0.24502654373645782
v -0.0015107626095414173 -0.08178658783435827 0.23908622562885284
v -0.0015107626095414173 -0.07629688084125524 0.24502654373645782
v -0.003546169260516765 -0.08179035782814031 0.2390967160463333
v -0.003546169260516765 -0.08179035782814031 0.2390967160463333
v -0.0015107626095414173 -0.07629688084125524 0.24502654373645782
v -0.003546169260516765 -0.07629983872175222 0.2450372725725174
v -0.003546169260516765 -0.08179035782814031 0.2390967160463333
v -0.003546169260516765 -0.07629983872175222 0.2450372725725174
v -0.011614818125963218 -0.07597009837627416 0.24389846622943878
v -0.011614818125963218 -0.07597009837627416 0.24389846622943878
v -0.003546169260516765 -0.07629983872175222 0.2450372725725174
v -0.011614818125963218 -0.06989540904760365 0.24886305630207062
v -0.011614818125963218 -0.07597009837627416 0.24389846622943878
v -0.011614818125963218 -0.06989540904760365 0.24886305630207062
v -0.017384400591254245 -0.07555211335420614 0.24245376884937286
v -0.017384400591254245 -0.07555211335420614 0.24245376884937286
v -0.011614818125963218 -0.06989540904760365 0.24886305630207062
v -0.017384400591254245 -0.06959937512874607 0.24739940464496613
v -0.017384400591254245 -0.07555211335420614 0.24245376884937286
v -0.017384400591254245 -0.06959937512874607 0.24739940464496613
v -0.02312232926487924 -0.07495401799678808 0.24038584530353546
v -0.02312232926487924 -0.07495401799678808 0.24038584530353546
v -0.017384400591254245 -0.06959937512874607 0.24739940464496613
v -0.02312232926487924 -0.06917577236890797 0.2453044205904007
v -0.02312232926487924 -0.07495401799678808 0.24038584530353546
v -0.02312232926487924 -0.06917577236890797 0.2453044205904007
v -0.028731683269143125 -0.07417248934507376 0.23768337070941925
v -0.028731683269143125 -0.07417248934507376 0.23768337070941925
v -0.02312232926487924 -0.06917577236890797 0.2453044205904007
v -0.028731683269143125 -0.06862224638462071 0.24256642162799835
v -0.028731683269143125 -0.07417248934507376 0.23768337070941925
v -0.028731683269143125 -0.06862224638462071 0.24256642162799835
v -0.034109439700841925 -0.07321159541606909 0.23436017334461212
v -0.034109439700841925 -0.07321159541606909 0.23436017334461212
v -0.028731683269143125 -0.06862224638462071 0.24256642162799835
v -0.034109439700841925 -0.0679416805505753 0.23919959366321564
v -0.034109439700841925 -0.07321159541606909 0.23436017334461212
v -0.034109439700841925 -0.0679416805505753 0.23919959366321564
v -0.0391553342342377 -0.07208028435707096 0.23044724762439728
v -0.0391553342342377 -0.07208028435707096 0.23044724762439728
v -0.034109439700841925 -0.0679416805505753 0.23919959366321564
v -0.0391553342342377 -0.06714041531085972 0.23523540794849396
v -0.0391553342342377 -0.07208028435707096 0.23044724762439728
v -0.0391553342342377 -0.06714041531085972 0.23523540794849396
v -0.043776482343673734 -0.07079510390758519 0.2260018140077591
v -0.043776482343673734 -0.07079510390758519 0.2260018140077591
v -0.0391553342342377 -0.06714041531085972 0.23523540794849396
v -0.043776482343673734 -0.06623017042875294 0.230731800198555
v -0.043776482343673734 -0.07079510390758519 0.2260018140077591
v -0.043776482343673734 -0.06623017042875294 0.230731800198555
v -0.04789213836193088 -0.06937675923109059 0.22109563648700714
v -0.04789213836193088 -0.06937675923109059 0.22109563648700714
v -0.043776482343673734 -0.06623017042875294 0.230731800198555
v -0.04789213836193088 -0.0652256011962891 0.22576124966144562
v -0.04789213836193088 -0.06937675923109059 0.22109563648700714
v -0.04789213836193088 -0.0652256011962891 0.22576124966144562
v -0.05144087597727779 -0.06785149872303013 0.2158193141222
v -0.05144087597727779 -0.06785149872303013 0.2158193141222
v -0.04789213836193088 -0.0652256011962891 0.22576124966144562
v -0.05144087597727779 -0.06414530426263813 0.22041566669940948
v -0.05144087597727779 -0.06785149872303013 0.2158193141222
v -0.05144087597727779 -0.06414530426263813 0.22041566669940948
v -0.05437964573502544 -0.06624740362167363 0.2102702409029007
v -0.05437964573502544 -0.06624740362167363 0.2102702409029007
v -0.05144087597727779 -0.06414530426263813 0.22041566669940948
v -0.05437964573502544 -0.06300917267799382 0.21479375660419464
v -0.05437964573502544 -0.06624740362167363 0.2102702409029007
v -0.05437964573502544 -0.06300917267799382 0.21479375660419464
v -0.05668956786394123 -0.0645944401621819 0.20455177128314972
v -0.05668956786394123 -0.0645944401621819 0.20455177128314972
v -0.05437964573502544 -0.06300917267799382 0.21479375660419464
v -0.05668956786394123 -0.06183842569589619 0.20900042355060577
v -0.05668956786394123 -0.0645944401621819 0.20455177128314972
v -0.05668956786394123 -0.06183842569589619 0.20900042355060577
v -0.05837079882621769 -0.06292150914669041 0.1987641602754593
v -0.05837079882621769 -0.06292150914669041 0.1987641602754593
v -0.05668956786394123 -0.06183842569589619 0.20900042355060577
v -0.05837079882621769 -0.0606535375118256 0.2031368762254715
v -0.05837079882621769 -0.06292150914669041 0.1987641602754593
v -0.05837079882621769 -0.0606535375118256 0.2031368762254715
v -0.059444963932037395 -0.06125611439347271 0.19300241768360138
v -0.059444963932037395 -0.06125611439347271 0.19300241768360138
v -0.05837079882621769 -0.0606535375118256 0.2031368762254715
v -0.059444963932037395 -0.05947398394346241 0.1972995549440384
v -0.059444963932037395 -0.06125611439347271 0.19300241768360138
v -0.059444963932037395 -0.05947398394346241 0.1972995549440384
v -0.05992415919899945 -0.05601196736097339 0.18971092998981476
v -0.05992415919899945 -0.05458883196115497 0.19308491051197052
v -0.05992415919899945 -0.05601196736097339 0.18971092998981476
v -0.059444963932037395 -0.05734217166900639 0.201093390583992
v -0.059444963932037395 -0.05734217166900639 0.201093390583992
v -0.05992415919899945 -0.05601196736097339 0.18971092998981476
v -0.059444963932037395 -0.05947398394346241 0.1972995549440384
v -0.059444963932037395 -0.05734217166900639 0.201093390583992
v -0.059444963932037395 -0.05947398394346241 0.1972995549440384
v -0.05837079882621769 -0.05802619829773907 0.20694632828235626
v -0.05837079882621769 -0.05802619829773907 0.20694632828235626
v -0.059444963932037395 -0.05947398394346241 0.1972995549440384
v -0.05837079882621769 -0.0606535375118256 0.2031368762254715
v -0.05837079882621769 -0.05802619829773907 0.20694632828235626
v -0.05837079882621769 -0.0606535375118256 0.2031368762254715
v -0.05668956786394123 -0.05871331319212918 0.21282561123371124
v -0.05668956786394123 -0.05871331319212918 0.21282561123371124
v -0.05837079882621769 -0.0606535375118256 0.2031368762254715
v -0.05668956786394123 -0.06183842569589619 0.20900042355060577
v -0.05668956786394123 -0.05871331319212918 0.21282561123371124
v -0.05668956786394123 -0.06183842569589619 0.20900042355060577
v -0.05437964573502544 -0.05939222872257237 0.21863456070423126
v -0.05437964573502544 -0.05939222872257237 0.21863456070423126
v -0.05668956786394123 -0.06183842569589619 0.20900042355060577
v -0.05437964573502544 -0.06300917267799382 0.21479375660419464
v -0.05437964573502544 -0.05939222872257237 0.21863456070423126
v -0.05437964573502544 -0.06300917267799382 0.21479375660419464
v -0.05144087597727779 -0.06005106866359715 0.2242714911699295
v -0.05144087597727779 -0.06005106866359715 0.2242714911699295
v -0.05437964573502544 -0.06300917267799382 0.21479375660419464
v -0.05144087597727779 -0.06414530426263813 0.22041566669940948
v -0.05144087597727779 -0.06005106866359715 0.2242714911699295
v -0.05144087597727779 -0.06414530426263813 0.22041566669940948
v -0.04789213836193088 -0.060677532106637996 0.22963114082813263
v -0.04789213836193088 -0.060677532106637996 0.22963114082813263
v -0.05144087597727779 -0.06414530426263813 0.22041566669940948
v -0.04789213836193088 -0.0652256011962891 0.22576124966144562
v -0.04789213836193088 -0.060677532106637996 0.22963114082813263
v -0.04789213836193088 -0.0652256011962891 0.22576124966144562
v -0.043776482343673734 -0.06126007810235028 0.23461492359638214
v -0.043776482343673734 -0.06126007810235028 0.23461492359638214
v -0.04789213836193088 -0.0652256011962891 0.22576124966144562
v -0.043776482343673734 -0.06623017042875294 0.230731800198555
v -0.043776482343673734 -0.06126007810235028 0.23461492359638214
v -0.043776482343673734 -0.06623017042875294 0.230731800198555
v -0.0391553342342377 -0.06178792938590054 0.23913057148456573
v -0.0391553342342377 -0.06178792938590054 0.23913057148456573
v -0.043776482343673734 -0.06623017042875294 0.230731800198555
v -0.0391553342342377 -0.06714041531085972 0.23523540794849396
v -0.0391553342342377 -0.06178792938590054 0.23913057148456573
v -0.0391553342342377 -0.06714041531085972 0.23523540794849396
v -0.034109439700841925 -0.062252581119537395 0.24310524761676788
v -0.034109439700841925 -0.062252581119537395 0.24310524761676788
v -0.0391553342342377 -0.06714041531085972 0.23523540794849396
v -0.034109439700841925 -0.0679416805505753 0.23919959366321564
v -0.034109439700841925 -0.062252581119537395 0.24310524761676788
v -0.034109439700841925 -0.0679416805505753 0.23919959366321564
v -0.028731683269143125 -0.06264723092317585 0.24648089706897736
v -0.028731683269143125 -0.06264723092317585 0.24648089706897736
v -0.034109439700841925 -0.0679416805505753 0.23919959366321564
v -0.028731683269143125 -0.06862224638462071 0.24256642162799835
v -0.028731683269143125 -0.06264723092317585 0.24648089706897736
v -0.028731683269143125 -0.06862224638462071 0.24256642162799835
v -0.02312232926487924 -0.06296821683645253 0.24922604858875275
v -0.02312232926487924 -0.06296821683645253 0.24922604858875275
v -0.028731683269143125 -0.06862224638462071 0.24256642162799835
v -0.02312232926487924 -0.06917577236890797 0.2453044205904007
v -0.02312232926487924 -0.06296821683645253 0.24922604858875275
v -0.02312232926487924 -0.06917577236890797 0.2453044205904007
v -0.017384400591254245 -0.0632138624787331 0.25132638216018677
v -0.017384400591254245 -0.0632138624787331 0.25132638216018677
v -0.02312232926487924 -0.06917577236890797 0.2453044205904007
v -0.017384400591254245 -0.06959937512874607 0.24739940464496613
v -0.017384400591254245 -0.0632138624787331 0.25132638216018677
v -0.017384400591254245 -0.06959937512874607 0.24739940464496613
v -0.011614818125963218 -0.06338553130626683 0.2527938485145569
v -0.011614818125963218 -0.06338553130626683 0.2527938485145569
v -0.017384400591254245 -0.06959937512874607 0.24739940464496613
v -0.011614818125963218 -0.06989540904760365 0.24886305630207062
v -0.011614818125963218 -0.06338553130626683 0.2527938485145569
v -0.011614818125963218 -0.06989540904760365 0.24886305630207062
v -0.003546169260516765 -0.07012894004583363 0.25001686811447144
v -0.003546169260516765 -0.07012894004583363 0.25001686811447144
v -0.011614818125963218 -0.06989540904760365 0.24886305630207062
v -0.003546169260516765 -0.07629983872175222 0.2450372725725174
v -0.003546169260516765 -0.07012894004583363 0.25001686811447144
v -0.003546169260516765 -0.07629983872175222 0.2450372725725174
v -0.0015107626095414173 -0.0701268464326859 0.2500060200691223
v -0.0015107626095414173 -0.0701268464326859 0.2500060200691223
v -0.003546169260516765 -0.07629983872175222 0.2450372725725174
v -0.0015107626095414173 -0.07629688084125524 0.24502654373645782
v -0.0015107626095414173 -0.0701268464326859 0.2500060200691223
v -0.0015107626095414173 -0.07629688084125524 0.24502654373645782
v 0.00299041345715523 -0.07010813057422642 0.2499123364686966
v 0.00299041345715523 -0.07010813057422642 0.2499123364686966
v -0.0015107626095414173 -0.07629688084125524 0.24502654373645782
v 0.00299041345715523 -0.07627047598361975 0.24493403732776642
v 0.00299041345715523 -0.07010813057422642 0.2499123364686966
v 0.00299041345715523 -0.07627047598361975 0.24493403732776642
v 0.011821994557976731 -0.0699013322591782 0.24888677895069122
v 0.011821994557976731 -0.0699013322591782 0.24888677895069122
v 0.00299041345715523 -0.07627047598361975 0.24493403732776642
v 0.011821994557976731 -0.07597853243350988 0.24392171204090118
v 0.011821994557976731 -0.0699013322591782 0.24888677895069122
v 0.011821994557976731 -0.07597853243350988 0.24392171204090118
v 0.017091557383537303 -0.06962249428033833 0.24750550091266632
v 0.017091557383537303 -0.06962249428033833 0.24750550091266632
v 0.011821994557976731 -0.07597853243350988 0.24392171204090118
v 0.017091557383537303 -0.07558485865592962 0.2425583153963089
v 0.017091557383537303 -0.06962249428033833 0.24750550091266632
v 0.017091557383537303 -0.07558485865592962 0.2425583153963089
v 0.02277721837162973 -0.06920861452817921 0.2454558163881302
v 0.02277721837162973 -0.06920861452817921 0.2454558163881302
v 0.017091557383537303 -0.07558485865592962 0.2425583153963089
v 0.02277721837162973 -0.07500052452087408 0.2405352145433426
v 0.02277721837162973 -0.06920861452817921 0.2454558163881302
v 0.02277721837162973 -0.07500052452087408 0.2405352145433426
v 0.028397269546985644 -0.06866376101970677 0.24275799095630646
v 0.028397269546985644 -0.06866376101970677 0.24275799095630646
v 0.02277721837162973 -0.07500052452087408 0.2405352145433426
v 0.028397269546985644 -0.07423126697540289 0.23787231743335724
v 0.028397269546985644 -0.06866376101970677 0.24275799095630646
v 0.028397269546985644 -0.07423126697540289 0.23787231743335724
v 0.033792003989219686 -0.06799159944057469 0.2394302636384964
v 0.033792003989219686 -0.06799159944057469 0.2394302636384964
v 0.028397269546985644 -0.07423126697540289 0.23787231743335724
v 0.033792003989219686 -0.0732822716236115 0.23458750545978546
v 0.033792003989219686 -0.06799159944057469 0.2394302636384964
v 0.033792003989219686 -0.0732822716236115 0.23458750545978546
v 0.03886068984866145 -0.0671981051564217 0.2355019599199295
v 0.03886068984866145 -0.0671981051564217 0.2355019599199295
v 0.033792003989219686 -0.0732822716236115 0.23458750545978546
v 0.03886068984866145 -0.07216196507215504 0.2307102233171463
v 0.03886068984866145 -0.0671981051564217 0.2355019599199295
v 0.03886068984866145 -0.07216196507215504 0.2307102233171463
v 0.0435101427137852 -0.06629480421543126 0.23103053867816925
v 0.0435101427137852 -0.06629480421543126 0.23103053867816925
v 0.03886068984866145 -0.07216196507215504 0.2307102233171463
v 0.0435101427137852 -0.0708866193890572 0.22629649937152863
v 0.0435101427137852 -0.06629480421543126 0.23103053867816925
v 0.0435101427137852 -0.0708866193890572 0.22629649937152863
v 0.04765824973583225 -0.06529606878757481 0.2260868102312088
v 0.04765824973583225 -0.06529606878757481 0.2260868102312088
v 0.0435101427137852 -0.0708866193890572 0.22629649937152863
v 0.04765824973583225 -0.06947653740644459 0.22141678631305695
v 0.04765824973583225 -0.06529606878757481 0.2260868102312088
v 0.04765824973583225 -0.06947653740644459 0.22141678631305695
v 0.05124292895197872 -0.06422035396099095 0.22076232731342316
v 0.05124292895197872 -0.06422035396099095 0.22076232731342316
v 0.04765824973583225 -0.06947653740644459 0.22141678631305695
v 0.05124292895197872 -0.06795776635408406 0.21616120636463165
v 0.05124292895197872 -0.06422035396099095 0.22076232731342316
v 0.05124292895197872 -0.06795776635408406 0.21616120636463165
v 0.054219275712966954 -0.0630874559283257 0.21515484154224396
v -0.058495674282312435 -0.05099999904632572 0.18514879047870636
v -0.05824340507388119 -0.05276418477296833 0.1834471970796585
v -0.05902846530079846 -0.05099999904632572 0.18987734615802765
v -0.05902846530079846 -0.05099999904632572 0.18987734615802765
v -0.05824340507388119 -0.05276418477296833 0.1834471970796585
v -0.05937164276838307 -0.05280454829335216 0.18919582664966583
v -0.05902846530079846 -0.05099999904632572 0.18987734615802765
v -0.05937164276838307 -0.05280454829335216 0.18919582664966583
v -0.05992415919899945 -0.05284420400857929 0.19483180344104767
v -0.05992415919899945 -0.05284420400857929 0.19483180344104767
v -0.05937164276838307 -0.05280454829335216 0.18919582664966583
v -0.05992415919899945 -0.05458883196115497 0.19308491051197052
v -0.05992415919899945 -0.05284420400857929 0.19483180344104767
v -0.05992415919899945 -0.05458883196115497 0.19308491051197052
v -0.059444963932037395 -0.05496108159422878 0.2043813019990921
v -0.059444963932037395 -0.05496108159422878 0.2043813019990921
v -0.05992415919899945 -0.05458883196115497 0.19308491051197052
v -0.059444963932037395 -0.05734217166900639 0.201093390583992
v -0.059444963932037395 -0.05496108159422878 0.2043813019990921
v -0.059444963932037395 -0.05734217166900639 0.201093390583992
v -0.05837079882621769 -0.05515263229608539 0.21019001305103302
v -0.05837079882621769 -0.05515263229608539 0.21019001305103302
v -0.059444963932037395 -0.05734217166900639 0.201093390583992
v -0.05837079882621769 -0.05802619829773907 0.20694632828235626
v -0.05837079882621769 -0.05515263229608539 0.21019001305103302
v -0.05837079882621769 -0.05802619829773907 0.20694632828235626
v -0.05668956786394123 -0.05534514784812931 0.21602459251880646
v -0.05668956786394123 -0.05534514784812931 0.21602459251880646
v -0.05837079882621769 -0.05802619829773907 0.20694632828235626
v -0.05668956786394123 -0.05871331319212918 0.21282561123371124
v -0.05668956786394123 -0.05534514784812931 0.21602459251880646
v -0.05668956786394123 -0.05871331319212918 0.21282561123371124
v -0.05437964573502544 -0.05553546547889713 0.22178931534290314
v -0.05437964573502544 -0.05553546547889713 0.22178931534290314
v -0.05668956786394123 -0.05871331319212918 0.21282561123371124
v -0.05437964573502544 -0.05939222872257237 0.21863456070423126
v -0.05437964573502544 -0.05553546547889713 0.22178931534290314
v -0.05437964573502544 -0.05939222872257237 0.21863456070423126
v -0.05144087597727779 -0.05572026968002323 0.2273833304643631
v -0.05144087597727779 -0.05572026968002323 0.2273833304643631
v -0.05437964573502544 -0.05939222872257237 0.21863456070423126
v -0.05144087597727779 -0.06005106866359715 0.2242714911699295
v -0.05144087597727779 -0.05572026968002323 0.2273833304643631
v -0.05144087597727779 -0.06005106866359715 0.2242714911699295
v -0.04789213836193088 -0.055896114557981526 0.2327020913362503
v -0.04789213836193088 -0.055896114557981526 0.2327020913362503
v -0.05144087597727779 -0.06005106866359715 0.2242714911699295
v -0.04789213836193088 -0.060677532106637996 0.22963114082813263
v -0.04789213836193088 -0.055896114557981526 0.2327020913362503
v -0.04789213836193088 -0.060677532106637996 0.22963114082813263
v -0.043776482343673734 -0.05605975911021236 0.23764760792255402
v -0.043776482343673734 -0.05605975911021236 0.23764760792255402
v -0.04789213836193088 -0.060677532106637996 0.22963114082813263
v -0.043776482343673734 -0.06126007810235028 0.23461492359638214
v -0.043776482343673734 -0.05605975911021236 0.23764760792255402
v -0.043776482343673734 -0.06126007810235028 0.23461492359638214
v -0.0391553342342377 -0.05620818212628368 0.24212856590747833
v -0.0391553342342377 -0.05620818212628368 0.24212856590747833
v -0.043776482343673734 -0.06126007810235028 0.23461492359638214
v -0.0391553342342377 -0.06178792938590054 0.23913057148456573
v -0.0391553342342377 -0.05620818212628368 0.24212856590747833
v -0.0391553342342377 -0.06178792938590054 0.23913057148456573
v -0.034109439700841925 -0.05633899196982387 0.24607248604297638
v -0.034109439700841925 -0.05633899196982387 0.24607248604297638
v -0.0391553342342377 -0.06178792938590054 0.23913057148456573
v -0.034109439700841925 -0.062252581119537395 0.24310524761676788
v -0.034109439700841925 -0.05633899196982387 0.24607248604297638
v -0.034109439700841925 -0.062252581119537395 0.24310524761676788
v -0.028731683269143125 -0.056450273841619526 0.24942190945148468
v -0.028731683269143125 -0.056450273841619526 0.24942190945148468
v -0.034109439700841925 -0.062252581119537395 0.24310524761676788
v -0.028731683269143125 -0.06264723092317585 0.24648089706897736
v -0.028731683269143125 -0.056450273841619526 0.24942190945148468
v -0.028731683269143125 -0.06264723092317585 0.24648089706897736
v -0.02312232926487924 -0.05654097720980648 0.25214558839797974
v -0.02312232926487924 -0.05654097720980648 0.25214558839797974
v -0.028731683269143125 -0.06264723092317585 0.24648089706897736
v -0.02312232926487924 -0.06296821683645253 0.24922604858875275
v -0.02312232926487924 -0.05654097720980648 0.25214558839797974
v -0.02312232926487924 -0.06296821683645253 0.24922604858875275
v -0.017384400591254245 -0.05661062151193622 0.2542293667793274
v -0.017384400591254245 -0.05661062151193622 0.2542293667793274
v -0.02312232926487924 -0.06296821683645253 0.24922604858875275
v -0.017384400591254245 -0.0632138624787331 0.25132638216018677
v -0.017384400591254245 -0.05661062151193622 0.2542293667793274
v -0.017384400591254245 -0.0632138624787331 0.25132638216018677
v -0.011614818125963218 -0.05665957182645801 0.25568491220474243
v -0.011614818125963218 -0.05665957182645801 0.25568491220474243
v -0.017384400591254245 -0.0632138624787331 0.25132638216018677
v -0.011614818125963218 -0.06338553130626683 0.2527938485145569
v -0.011614818125963218 -0.05665957182645801 0.25568491220474243
v -0.011614818125963218 -0.06338553130626683 0.2527938485145569
v -0.003546169260516765 -0.06352094560861592 0.25395041704177856
v -0.003546169260516765 -0.06352094560861592 0.25395041704177856
v -0.011614818125963218 -0.06338553130626683 0.2527938485145569
v -0.003546169260516765 -0.07012894004583363 0.25001686811447144
v -0.003546169260516765 -0.06352094560861592 0.25395041704177856
v -0.003546169260516765 -0.07012894004583363 0.25001686811447144
v -0.0015107626095414173 -0.06351972371339802 0.2539394497871399
v -0.0015107626095414173 -0.06351972371339802 0.2539394497871399
v -0.003546169260516765 -0.07012894004583363 0.25001686811447144
v -0.0015107626095414173 -0.0701268464326859 0.2500060200691223
v -0.0015107626095414173 -0.06351972371339802 0.2539394497871399
v -0.0015107626095414173 -0.0701268464326859 0.2500060200691223
v 0.00299041345715523 -0.0635088682174683 0.2538452744483948
v 0.00299041345715523 -0.0635088682174683 0.2538452744483948
v -0.0015107626095414173 -0.0701268464326859 0.2500060200691223
v 0.00299041345715523 -0.07010813057422642 0.2499123364686966
v 0.00299041345715523 -0.0635088682174683 0.2538452744483948
v 0.00299041345715523 -0.07010813057422642 0.2499123364686966
v 0.011821994557976731 -0.06338894367218022 0.2528166174888611
v 0.011821994557976731 -0.06338894367218022 0.2528166174888611
v 0.00299041345715523 -0.07010813057422642 0.2499123364686966
v 0.011821994557976731 -0.0699013322591782 0.24888677895069122
v 0.011821994557976731 -0.06338894367218022 0.2528166174888611
v 0.011821994557976731 -0.0699013322591782 0.24888677895069122
v 0.017091557383537303 -0.06322723627090458 0.25143152475357056
v 0.017091557383537303 -0.06322723627090458 0.25143152475357056
v 0.011821994557976731 -0.0699013322591782 0.24888677895069122
v 0.017091557383537303 -0.06962249428033833 0.24750550091266632
v 0.017091557383537303 -0.06322723627090458 0.25143152475357056
v 0.017091557383537303 -0.06962249428033833 0.24750550091266632
v 0.02277721837162973 -0.06298722326755528 0.24937613308429718
v 0.02277721837162973 -0.06298722326755528 0.24937613308429718
v 0.017091557383537303 -0.06962249428033833 0.24750550091266632
v 0.02277721837162973 -0.06920861452817921 0.2454558163881302
v 0.02277721837162973 -0.06298722326755528 0.24937613308429718
v 0.02277721837162973 -0.06920861452817921 0.2454558163881302
v 0.028397269546985644 -0.06267125159502034 0.2466709166765213
v 0.028397269546985644 -0.06267125159502034 0.2466709166765213
v 0.02277721837162973 -0.06920861452817921 0.2454558163881302
v 0.028397269546985644 -0.06866376101970677 0.24275799095630646
v 0.028397269546985644 -0.06267125159502034 0.2466709166765213
v 0.028397269546985644 -0.06866376101970677 0.24275799095630646
v 0.033792003989219686 -0.06228146329522137 0.24333401024341583
v 0.033792003989219686 -0.06228146329522137 0.24333401024341583
v 0.028397269546985644 -0.06866376101970677 0.24275799095630646
v 0.033792003989219686 -0.06799159944057469 0.2394302636384964
v 0.033792003989219686 -0.06228146329522137 0.24333401024341583
v 0.033792003989219686 -0.06799159944057469 0.2394302636384964
v 0.03886068984866145 -0.06182130798697476 0.23939497768878937
v 0.03886068984866145 -0.06182130798697476 0.23939497768878937
v 0.033792003989219686 -0.06799159944057469 0.2394302636384964
v 0.03886068984866145 -0.0671981051564217 0.2355019599199295
v 0.03886068984866145 -0.06182130798697476 0.23939497768878937
v 0.03886068984866145 -0.0671981051564217 0.2355019599199295
v 0.0435101427137852 -0.061297480016946834 0.23491127789020538
v 0.0435101427137852 -0.061297480016946834 0.23491127789020538
v 0.03886068984866145 -0.0671981051564217 0.2355019599199295
v 0.0435101427137852 -0.06629480421543126 0.23103053867816925
v 0.0435101427137852 -0.061297480016946834 0.23491127789020538
v 0.0435101427137852 -0.06629480421543126 0.23103053867816925
v 0.04765824973583225 -0.06071830540895466 0.22995419800281525
v 0.04765824973583225 -0.06071830540895466 0.22995419800281525
v 0.0435101427137852 -0.06629480421543126 0.23103053867816925
v 0.04765824973583225 -0.06529606878757481 0.2260868102312088
v 0.04765824973583225 -0.06071830540895466 0.22995419800281525
v 0.04765824973583225 -0.06529606878757481 0.2260868102312088
v 0.05124292895197872 -0.06009449809789662 0.22461529076099396
v 0.05124292895197872 -0.06009449809789662 0.22461529076099396
v 0.04765824973583225 -0.06529606878757481 0.2260868102312088
v 0.05124292895197872 -0.06422035396099095 0.22076232731342316
v 0.05124292895197872 -0.06009449809789662 0.22461529076099396
v 0.05124292895197872 -0.06422035396099095 0.22076232731342316
v 0.054219275712966954 -0.05943752452731137 0.2189926654100418
v 0.054219275712966954 -0.05943752452731137 0.2189926654100418
v 0.05124292895197872 -0.06422035396099095 0.22076232731342316
v 0.054219275712966954 -0.0630874559283257 0.21515484154224396
v 0.054219275712966954 -0.05943752452731137 0.2189926654100418
v 0.054219275712966954 -0.0630874559283257 0.21515484154224396
v 0.05656765401363376 -0.05875968188047413 0.2131917029619217
v 0.05656765401363376 -0.05875968188047413 0.2131917029619217
v 0.05656765401363376 -0.05537623167037967 0.21637268364429474
v 0.054219275712966954 -0.05943752452731137 0.2189926654100418
v 0.054219275712966954 -0.05943752452731137 0.2189926654100418
v 0.05656765401363376 -0.05537623167037967 0.21637268364429474
v 0.054219275712966954 -0.055565506219863926 0.22213013470172882
v 0.054219275712966954 -0.05943752452731137 0.2189926654100418
v 0.054219275712966954 -0.055565506219863926 0.22213013470172882
v 0.05124292895197872 -0.06009449809789662 0.22461529076099396
v 0.05124292895197872 -0.06009449809789662 0.22461529076099396
v 0.054219275712966954 -0.055565506219863926 0.22213013470172882
v 0.05124292895197872 -0.05574884265661243 0.22771067917346954
v 0.05124292895197872 -0.06009449809789662 0.22461529076099396
v 0.05124292895197872 -0.05574884265661243 0.22771067917346954
v 0.04765824973583225 -0.06071830540895466 0.22995419800281525
v 0.04765824973583225 -0.06071830540895466 0.22995419800281525
v 0.05124292895197872 -0.05574884265661243 0.22771067917346954
v 0.04765824973583225 -0.05592280253767971 0.23300977051258087
v 0.04765824973583225 -0.06071830540895466 0.22995419800281525
v 0.04765824973583225 -0.05592280253767971 0.23300977051258087
v 0.0435101427137852 -0.061297480016946834 0.23491127789020538
v 0.0435101427137852 -0.061297480016946834 0.23491127789020538
v 0.04765824973583225 -0.05592280253767971 0.23300977051258087
v 0.0435101427137852 -0.05608418211340908 0.23793001472949982
v 0.0435101427137852 -0.061297480016946834 0.23491127789020538
v 0.0435101427137852 -0.05608418211340908 0.23793001472949982
v 0.03886068984866145 -0.06182130798697476 0.23939497768878937
v 0.03886068984866145 -0.06182130798697476 0.23939497768878937
v 0.0435101427137852 -0.05608418211340908 0.23793001472949982
v 0.03886068984866145 -0.05623000115156177 0.24238057434558868
v 0.03886068984866145 -0.06182130798697476 0.23939497768878937
v 0.03886068984866145 -0.05623000115156177 0.24238057434558868
v 0.033792003989219686 -0.06228146329522137 0.24333401024341583
v 0.033792003989219686 -0.06228146329522137 0.24333401024341583
v 0.03886068984866145 -0.05623000115156177 0.24238057434558868
v 0.033792003989219686 -0.05635793134570125 0.2462904006242752
v 0.033792003989219686 -0.06228146329522137 0.24333401024341583
v 0.033792003989219686 -0.05635793134570125 0.2462904006242752
v 0.028397269546985644 -0.06267125159502034 0.2466709166765213
v 0.028397269546985644 -0.06267125159502034 0.2466709166765213
v 0.033792003989219686 -0.05635793134570125 0.2462904006242752
v 0.028397269546985644 -0.05646612867712978 0.24960286915302277
v 0.028397269546985644 -0.06267125159502034 0.2466709166765213
v 0.028397269546985644 -0.05646612867712978 0.24960286915302277
v 0.02277721837162973 -0.06298722326755528 0.24937613308429718
v 0.02277721837162973 -0.06298722326755528 0.24937613308429718
v 0.028397269546985644 -0.05646612867712978 0.24960286915302277
v 0.02277721837162973 -0.05655363202095035 0.2522884011268616
v 0.02277721837162973 -0.06298722326755528 0.24937613308429718
v 0.02277721837162973 -0.05655363202095035 0.2522884011268616
v 0.017091557383537303 -0.06322723627090458 0.25143152475357056
v 0.017091557383537303 -0.06322723627090458 0.25143152475357056
v 0.02277721837162973 -0.05655363202095035 0.2522884011268616
v 0.017091557383537303 -0.0566198751330376 0.25432902574539185
v 0.017091557383537303 -0.06322723627090458 0.25143152475357056
v 0.017091557383537303 -0.0566198751330376 0.25432902574539185
v 0.011821994557976731 -0.06338894367218022 0.2528166174888611
v 0.011821994557976731 -0.06338894367218022 0.2528166174888611
v 0.017091557383537303 -0.0566198751330376 0.25432902574539185
v 0.011821994557976731 -0.05666427686810497 0.25570446252822876
v 0.011821994557976731 -0.06338894367218022 0.2528166174888611
v 0.011821994557976731 -0.05666427686810497 0.25570446252822876
v 0.00299041345715523 -0.0635088682174683 0.2538452744483948
v 0.00299041345715523 -0.0635088682174683 0.2538452744483948
v 0.011821994557976731 -0.05666427686810497 0.25570446252822876
v 0.00299041345715523 -0.0566964186728001 0.2567264437675476
v 0.00299041345715523 -0.0635088682174683 0.2538452744483948
v 0.00299041345715523 -0.0566964186728001 0.2567264437675476
v -0.0015107626095414173 -0.06351972371339802 0.2539394497871399
v -0.0015107626095414173 -0.06351972371339802 0.2539394497871399
v 0.00299041345715523 -0.0566964186728001 0.2567264437675476
v -0.0015107626095414173 -0.05669873580336574 0.2568204998970032
v -0.0015107626095414173 -0.06351972371339802 0.2539394497871399
v -0.0015107626095414173 -0.05669873580336574 0.2568204998970032
v -0.003546169260516765 -0.06352094560861592 0.25395041704177856
v -0.003546169260516765 -0.06352094560861592 0.25395041704177856
v -0.0015107626095414173 -0.05669873580336574 0.2568204998970032
v -0.003546169260516765 -0.056698750704526936 0.25683170557022095
v -0.003546169260516765 -0.06352094560861592 0.25395041704177856
v -0.003546169260516765 -0.056698750704526936 0.25683170557022095
v -0.011614818125963218 -0.05665957182645801 0.25568491220474243
v -0.011614818125963218 -0.05665957182645801 0.25568491220474243
v -0.003546169260516765 -0.056698750704526936 0.25683170557022095
v -0.011595491319894798 -0.05099999904632572 0.25719350576400757
v -0.011614818125963218 -0.05665957182645801 0.25568491220474243
v -0.011595491319894798 -0.05099999904632572 0.25719350576400757
v -0.013351256027817735 -0.05099999904632572 0.25699561834335327
v 0.0282707028090954 -0.05099999904632572 0.2511520981788635
v 0.028397269546985644 -0.05646612867712978 0.24960286915302277
v 0.033792003989219686 -0.05322969332337383 0.2474730759859085
v 0.033792003989219686 -0.05322969332337383 0.2474730759859085
v 0.028397269546985644 -0.05646612867712978 0.24960286915302277
v 0.033792003989219686 -0.05635793134570125 0.2462904006242752
v 0.033792003989219686 -0.05322969332337383 0.2474730759859085
v 0.033792003989219686 -0.05635793134570125 0.2462904006242752
v 0.03886068984866145 -0.053203228861093556 0.24360962212085724
v 0.03886068984866145 -0.053203228861093556 0.24360962212085724
v 0.033792003989219686 -0.05635793134570125 0.2462904006242752
v 0.03886068984866145 -0.05623000115156177 0.24238057434558868
v 0.03886068984866145 -0.053203228861093556 0.24360962212085724
v 0.03886068984866145 -0.05623000115156177 0.24238057434558868
v 0.0435101427137852 -0.05317292734980587 0.23921151459217072
v 0.0435101427137852 -0.05317292734980587 0.23921151459217072
v 0.03886068984866145 -0.05623000115156177 0.24238057434558868
v 0.0435101427137852 -0.05608418211340908 0.23793001472949982
v 0.0435101427137852 -0.05317292734980587 0.23921151459217072
v 0.0435101427137852 -0.05608418211340908 0.23793001472949982
v 0.04765824973583225 -0.05313927307724956 0.23434872925281525
v 0.04765824973583225 -0.05313927307724956 0.23434872925281525
v 0.0435101427137852 -0.05608418211340908 0.23793001472949982
v 0.04765824973583225 -0.05592280253767971 0.23300977051258087
v 0.04765824973583225 -0.05313927307724956 0.23434872925281525
v 0.04765824973583225 -0.05592280253767971 0.23300977051258087
v 0.05124292895197872 -0.05310289189219478 0.22911126911640167
v 0.05124292895197872 -0.05310289189219478 0.22911126911640167
v 0.04765824973583225 -0.05592280253767971 0.23300977051258087
v 0.05124292895197872 -0.05574884265661243 0.22771067917346954
v 0.05124292895197872 -0.05310289189219478 0.22911126911640167
v 0.05124292895197872 -0.05574884265661243 0.22771067917346954
v 0.054219275712966954 -0.053064450621604954 0.22359521687030792
v 0.054219275712966954 -0.053064450621604954 0.22359521687030792
v 0.05124292895197872 -0.05574884265661243 0.22771067917346954
v 0.054219275712966954 -0.055565506219863926 0.22213013470172882
v 0.054219275712966954 -0.053064450621604954 0.22359521687030792
v 0.054219275712966954 -0.055565506219863926 0.22213013470172882
v 0.05656765401363376 -0.053024679422378575 0.21790404617786407
v 0.05656765401363376 -0.053024679422378575 0.21790404617786407
v 0.054219275712966954 -0.055565506219863926 0.22213013470172882
v 0.05656765401363376 -0.05537623167037967 0.21637268364429474
v 0.05656765401363376 -0.053024679422378575 0.21790404617786407
v 0.05656765401363376 -0.05537623167037967 0.21637268364429474
v 0.05828642845153813 -0.05298428609967235 0.21213765442371368
v 0.05828642845153813 -0.05298428609967235 0.21213765442371368
v 0.05656765401363376 -0.05537623167037967 0.21637268364429474
v 0.05828642845153813 -0.055184353142976796 0.21053941547870636
v 0.05828642845153813 -0.05298428609967235 0.21213765442371368
v 0.05828642845153813 -0.055184353142976796 0.21053941547870636
v 0.05939660966396336 -0.05294393375515941 0.20639093220233917
v 0.05124292895197872 -0.07112569361925129 0.21088369190692902
v 0.054219275712966954 -0.06908081471920018 0.20547600090503693
v 0.054219275712966954 -0.06635826081037526 0.21062643826007843
v 0.054219275712966954 -0.06635826081037526 0.21062643826007843
v 0.054219275712966954 -0.06908081471920018 0.20547600090503693
v 0.05656765401363376 -0.06470792740583424 0.20491595566272736
v 0.054219275712966954 -0.06635826081037526 0.21062643826007843
v 0.05656765401363376 -0.06470792740583424 0.20491595566272736
v 0.05656765401363376 -0.061918567866087 0.209369495511055
v 0.05656765401363376 -0.061918567866087 0.209369495511055
v 0.05656765401363376 -0.06470792740583424 0.20491595566272736
v 0.05828642845153813 -0.06073424220085148 0.20350797474384308
v 0.05656765401363376 -0.061918567866087 0.209369495511055
v 0.05828642845153813 -0.06073424220085148 0.20350797474384308
v 0.05828642845153813 -0.058072887361049694 0.20731432735919952
v 0.05828642845153813 -0.058072887361049694 0.20731432735919952
v 0.05828642845153813 -0.06073424220085148 0.20350797474384308
v 0.05939660966396336 -0.05738844722509388 0.201457217335701
v 0.05828642845153813 -0.058072887361049694 0.20731432735919952
v 0.05939660966396336 -0.05738844722509388 0.201457217335701
v 0.05939660966396336 -0.05499302968382839 0.2047264128923416
v 0.05939660966396336 -0.05499302968382839 0.2047264128923416
v 0.05939660966396336 -0.05738844722509388 0.201457217335701
v 0.05994019284844403 -0.054620675742626225 0.19342131912708282
v 0.056628901511430775 -0.05082115158438686 0.15664632618427277
v 0.05755632743239407 -0.05210523679852489 0.15937848389148712
v 0.058328893035650295 -0.051928415894508397 0.15765924751758575
v 0.058949396014213604 -0.04920246824622158 0.15133078396320343
v 0.058328893035650295 -0.04740620777010921 0.1489744931459427
v 0.058328893035650295 -0.04993037506937984 0.1532423049211502
v 0.058328893035650295 -0.04993037506937984 0.1532423049211502
v 0.058328893035650295 -0.04740620777010921 0.1489744931459427
v 0.056628901511430775 -0.04662709310650828 0.14825208485126495
v 0.058328893035650295 -0.04993037506937984 0.1532423049211502
v 0.056628901511430775 -0.04662709310650828 0.14825208485126495
v 0.056628901511430775 -0.04896743223071102 0.15241415798664093
v 0.056628901511430775 -0.04896743223071102 0.15241415798664093
v 0.056628901511430775 -0.04662709310650828 0.14825208485126495
v 0.05429974943399433 -0.04604329168796542 0.14723439514636993
v 0.056628901511430775 -0.04896743223071102 0.15241415798664093
v 0.05429974943399433 -0.04604329168796542 0.14723439514636993
v 0.05429974943399433 -0.04828225821256641 0.1512443572282791
v 0.05942105129361157 -0.0559526160359383 0.16756482422351837
v 0.05942105129361157 -0.056496534496545826 0.17650504410266876
v 0.05994019284844403 -0.05855943262577061 0.1776551753282547
v 0.05994019284844403 -0.05855943262577061 0.1776551753282547
v 0.05942105129361157 -0.056496534496545826 0.17650504410266876
v 0.05994019284844403 -0.058128420263528865 0.1821509152650833
v 0.05994019284844403 -0.05855943262577061 0.1776551753282547
v 0.05994019284844403 -0.058128420263528865 0.1821509152650833
v 0.05939660966396336 -0.06270284950733189 0.1886107474565506
v 0.058328893035650295 -0.051928415894508397 0.15765924751758575
v 0.05755632743239407 -0.05210523679852489 0.15937848389148712
v 0.058328893035650295 -0.053392026573419606 0.16211648285388947
v 0.058328893035650295 -0.053392026573419606 0.16211648285388947
v 0.05755632743239407 -0.05210523679852489 0.15937848389148712
v 0.05755632743239407 -0.053993251174688374 0.1678444892168045
v 0.058328893035650295 -0.053392026573419606 0.16211648285388947
v 0.05755632743239407 -0.053993251174688374 0.1678444892168045
v 0.058328893035650295 -0.054830495268106495 0.1707410365343094
v 0.058949396014213604 -0.05158048123121265 0.1557350903749466
v 0.058328893035650295 -0.051928415894508397 0.15765924751758575
v 0.058949396014213604 -0.053407531231641804 0.16027946770191193
v 0.058949396014213604 -0.053407531231641804 0.16027946770191193
v 0.058328893035650295 -0.051928415894508397 0.15765924751758575
v 0.058328893035650295 -0.053392026573419606 0.16211648285388947
v 0.058949396014213604 -0.053407531231641804 0.16027946770191193
v 0.058328893035650295 -0.053392026573419606 0.16211648285388947
v 0.058949396014213604 -0.05467626824975017 0.16484899818897247
v 0.058949396014213604 -0.05467626824975017 0.16484899818897247
v 0.058328893035650295 -0.053392026573419606 0.16211648285388947
v 0.058328893035650295 -0.054830495268106495 0.1707410365343094
v 0.058949396014213604 -0.05467626824975017 0.16484899818897247
v 0.058328893035650295 -0.054830495268106495 0.1707410365343094
v 0.058949396014213604 -0.0556660816073418 0.17363186180591583
v 0.05429974943399433 -0.04336491599678996 0.14332421123981476
v 0.05134218186140064 -0.04020104929804805 0.1385449916124344
v 0.05429974943399433 -0.04604329168796542 0.14723439514636993
v 0.05429974943399433 -0.04604329168796542 0.14723439514636993
v 0.05134218186140064 -0.04020104929804805 0.1385449916124344
v 0.05134218186140064 -0.04320725798606875 0.14221103489398956
v 0.05429974943399433 -0.04604329168796542 0.14723439514636993
v 0.05134218186140064 -0.04320725798606875 0.14221103489398956
v 0.05429974943399433 -0.04828225821256641 0.1512443572282791
v 0.05429974943399433 -0.04828225821256641 0.1512443572282791
v 0.05134218186140064 -0.04320725798606875 0.14221103489398956
v 0.05134218186140064 -0.04581986367702487 0.14600546658039093
v 0.05429974943399433 -0.04828225821256641 0.1512443572282791
v 0.05134218186140064 -0.04581986367702487 0.14600546658039093
v 0.05429974943399433 -0.050092812627553975 0.1552702933549881
v 0.05429974943399433 -0.050092812627553975 0.1552702933549881
v 0.05134218186140064 -0.04581986367702487 0.14600546658039093
v 0.05134218186140064 -0.048044547438621556 0.1498553305864334
v 0.05429974943399433 -0.050092812627553975 0.1552702933549881
v 0.05134218186140064 -0.048044547438621556 0.1498553305864334
v 0.05429974943399433 -0.051505848765373265 0.15923936665058136
v 0.05429974943399433 -0.051505848765373265 0.15923936665058136
v 0.05134218186140064 -0.048044547438621556 0.1498553305864334
v 0.05134218186140064 -0.04990370571613315 0.15369684994220734
v 0.05429974943399433 -0.051505848765373265 0.15923936665058136
v 0.05134218186140064 -0.04990370571613315 0.15369684994220734
v 0.05429974943399433 -0.052567884325981175 0.16309399902820587
v 0.04777545109391216 -0.048381283879280125 0.14843042194843292
v 0.05134218186140064 -0.04990370571613315 0.15369684994220734
v 0.04777545109391216 -0.04609819874167445 0.1447100192308426
v 0.04777545109391216 -0.04609819874167445 0.1447100192308426
v 0.05134218186140064 -0.04990370571613315 0.15369684994220734
v 0.05134218186140064 -0.048044547438621556 0.1498553305864334
v 0.04777545109391216 -0.04609819874167445 0.1447100192308426
v 0.05134218186140064 -0.048044547438621556 0.1498553305864334
v 0.04777545109391216 -0.04347999021410945 0.14102740585803986
v 0.04777545109391216 -0.04347999021410945 0.14102740585803986
v 0.05134218186140064 -0.048044547438621556 0.1498553305864334
v 0.05134218186140064 -0.04581986367702487 0.14600546658039093
v 0.04777545109391216 -0.04347999021410945 0.14102740585803986
v 0.05134218186140064 -0.04581986367702487 0.14600546658039093
v 0.04777545109391216 -0.04051234200596812 0.13743777573108673
v 0.04777545109391216 -0.04051234200596812 0.13743777573108673
v 0.05134218186140064 -0.04581986367702487 0.14600546658039093
v 0.05134218186140064 -0.04320725798606875 0.14221103489398956
v 0.04777545109391216 -0.04051234200596812 0.13743777573108673
v 0.05134218186140064 -0.04320725798606875 0.14221103489398956
v 0.04777545109391216 -0.03719461709260943 0.13400395214557648
v 0.04777545109391216 -0.03719461709260943 0.13400395214557648
v 0.05134218186140064 -0.04320725798606875 0.14221103489398956
v 0.05134218186140064 -0.04020104929804805 0.1385449916124344
v 0.03395087271928789 0.007028767373412852 0.1069372370839119
v 0.028564581647515314 0.009746439754962928 0.10542614012956619
v 0.028564581647515314 0.00044179274118505445 0.10917288810014725
v 0.028564581647515314 0.00044179274118505445 0.10917288810014725
v 0.028564581647515314 0.009746439754962928 0.10542614012956619
v 0.02294983156025411 0.0025252825580537337 0.1076785996556282
v 0.028564581647515314 0.00044179274118505445 0.10917288810014725
v 0.02294983156025411 0.0025252825580537337 0.1076785996556282
v 0.02294983156025411 -0.007060840725898747 0.11000794917345047
v 0.02294983156025411 -0.007060840725898747 0.11000794917345047
v 0.02294983156025411 0.0025252825580537337 0.1076785996556282
v 0.017209554091095935 -0.005573585629463199 0.10864192992448807
v 0.02294983156025411 -0.007060840725898747 0.11000794917345047
v 0.017209554091095935 -0.005573585629463199 0.10864192992448807
v 0.017209554091095935 -0.015484551899135123 0.11155445128679276
v 0.017209554091095935 -0.015484551899135123 0.11155445128679276
v 0.017209554091095935 -0.005573585629463199 0.10864192992448807
v 0.011440484784543521 -0.014537877403199683 0.1104617789387703
v 0.017209554091095935 -0.015484551899135123 0.11155445128679276
v 0.011440484784543521 -0.014537877403199683 0.1104617789387703
v 0.011440484784543521 -0.024243259802460688 0.11444766074419022
v 0.011440484784543521 -0.024243259802460688 0.11444766074419022
v 0.011440484784543521 -0.014537877403199683 0.1104617789387703
v 0.005738519132137302 -0.023769076913595217 0.11373300105333328
v 0.011440484784543521 -0.024243259802460688 0.11444766074419022
v 0.005738519132137302 -0.023769076913595217 0.11373300105333328
v 0.005738519132137302 -0.03303062915802004 0.11880404502153397
v 0.005738519132137302 -0.03303062915802004 0.11880404502153397
v 0.005738519132137302 -0.023769076913595217 0.11373300105333328
v -0.005397376604378227 -0.033014502376318 0.11877281218767166
v 0.005738519132137302 -0.03303062915802004 0.11880404502153397
v -0.005397376604378227 -0.033014502376318 0.11877281218767166
v -0.005397376604378227 -0.041572090238332776 0.12488503009080887
v -0.005397376604378227 -0.041572090238332776 0.12488503009080887
v -0.005397376604378227 -0.033014502376318 0.11877281218767166
v -0.011092000640928752 -0.04180089756846431 0.1256781369447708
v -0.005397376604378227 -0.041572090238332776 0.12488503009080887
v -0.011092000640928752 -0.04180089756846431 0.1256781369447708
v -0.011092000640928752 -0.04935124889016155 0.13270147144794464
v -0.011092000640928752 -0.04935124889016155 0.13270147144794464
v -0.011092000640928752 -0.04180089756846431 0.1256781369447708
v -0.016859784722328196 -0.049515824764967 0.13411135971546173
v -0.011092000640928752 -0.04935124889016155 0.13270147144794464
v -0.016859784722328196 -0.049515824764967 0.13411135971546173
v -0.016859784722328196 -0.052778188139200245 0.13789935410022736
v -0.016859784722328196 -0.052778188139200245 0.13789935410022736
v -0.016859784722328196 -0.049515824764967 0.13411135971546173
v -0.022604495286941542 -0.052843946963548695 0.13992555439472198
v -0.016859784722328196 -0.052778188139200245 0.13789935410022736
v -0.022604495286941542 -0.052843946963548695 0.13992555439472198
v -0.016859784722328196 -0.05300471559166912 0.13849540054798126
v -0.016859784722328196 -0.05300471559166912 0.13849540054798126
v -0.022604495286941542 -0.052843946963548695 0.13992555439472198
v -0.022604495286941542 -0.05305157601833347 0.1405157595872879
v -0.016859784722328196 -0.05300471559166912 0.13849540054798126
v -0.022604495286941542 -0.05305157601833347 0.1405157595872879
v -0.016859784722328196 -0.053023274987936055 0.1391514092683792
v -0.016859784722328196 -0.053023274987936055 0.1391514092683792
v -0.022604495286941542 -0.05305157601833347 0.1405157595872879
v -0.022604495286941542 -0.05305521190166477 0.14116473495960236
v -0.016859784722328196 -0.053023274987936055 0.1391514092683792
v -0.022604495286941542 -0.05305521190166477 0.14116473495960236
v -0.016859784722328196 -0.052835177630186116 0.1397673636674881
v -0.016859784722328196 -0.052835177630186116 0.1397673636674881
v -0.022604495286941542 -0.05305521190166477 0.14116473495960236
v -0.022604495286941542 -0.05285602435469631 0.1417737752199173
v -0.016859784722328196 -0.052835177630186116 0.1397673636674881
v -0.022604495286941542 -0.05285602435469631 0.1417737752199173
v -0.016859784722328196 -0.05246620252728466 0.14028985798358917
v -0.016859784722328196 -0.05246620252728466 0.14028985798358917
v -0.022604495286941542 -0.05285602435469631 0.1417737752199173
v -0.022604495286941542 -0.052479434758424794 0.14229066669940948
v -0.016859784722328196 -0.05246620252728466 0.14028985798358917
v -0.022604495286941542 -0.052479434758424794 0.14229066669940948
v -0.016859784722328196 -0.05193237587809566 0.1406824141740799
v -0.016859784722328196 -0.05193237587809566 0.1406824141740799
v -0.022604495286941542 -0.052479434758424794 0.14229066669940948
v -0.022604495286941542 -0.05194018036127094 0.14268095791339874
v -0.016859784722328196 -0.05193237587809566 0.1406824141740799
v -0.022604495286941542 -0.05194018036127094 0.14268095791339874
v -0.016859784722328196 -0.051297895610332524 0.1408967524766922
v -0.016859784722328196 -0.051297895610332524 0.1408967524766922
v -0.022604495286941542 -0.05194018036127094 0.14268095791339874
v -0.022604495286941542 -0.051299780607223545 0.14289911091327667
v -0.016859784722328196 -0.051297895610332524 0.1408967524766922
v -0.022604495286941542 -0.051299780607223545 0.14289911091327667
v -0.016761891543865214 -0.05099999904632572 0.14119775593280792
v -0.016761891543865214 -0.05099999904632572 0.14119775593280792
v 0.05755632743239407 -0.054358854889869725 0.1755332499742508
v 0.058328893035650295 -0.05492263659834865 0.1747465878725052
v 0.056628901511430775 -0.05401569604873661 0.17259712517261505
v 0.056628901511430775 -0.05401569604873661 0.17259712517261505
v 0.058328893035650295 -0.05492263659834865 0.1747465878725052
v 0.056628901511430775 -0.05373788997530941 0.16888375580310822
v 0.056628901511430775 -0.05082115158438686 0.15664632618427277
v 0.056628901511430775 -0.05220470950007442 0.16085369884967804
v 0.05755632743239407 -0.05210523679852489 0.15937848389148712
v 0.05755632743239407 -0.05210523679852489 0.15937848389148712
v 0.056628901511430775 -0.05220470950007442 0.16085369884967804
v 0.056628901511430775 -0.05315776541829113 0.16495414078235626
v 0.05755632743239407 -0.05210523679852489 0.15937848389148712
v 0.056628901511430775 -0.05315776541829113 0.16495414078235626
v 0.05755632743239407 -0.053993251174688374 0.1678444892168045
v 0.05755632743239407 -0.053993251174688374 0.1678444892168045
v 0.056628901511430775 -0.05315776541829113 0.16495414078235626
v 0.056628901511430775 -0.05373788997530941 0.16888375580310822
v 0.05755632743239407 -0.053993251174688374 0.1678444892168045
v 0.056628901511430775 -0.05373788997530941 0.16888375580310822
v 0.058328893035650295 -0.054830495268106495 0.1707410365343094
v 0.058328893035650295 -0.054830495268106495 0.1707410365343094
v 0.056628901511430775 -0.05373788997530941 0.16888375580310822
v 0.058328893035650295 -0.05492263659834865 0.1747465878725052
v 0.058328893035650295 -0.054830495268106495 0.1707410365343094
v 0.058328893035650295 -0.05492263659834865 0.1747465878725052
v 0.058949396014213604 -0.0556660816073418 0.17363186180591583
v 0.04777545109391216 -0.048381283879280125 0.14843042194843292
v 0.04777545109391216 -0.05205387622118 0.1558120995759964
v 0.05134218186140064 -0.04990370571613315 0.15369684994220734
v 0.05134218186140064 -0.04990370571613315 0.15369684994220734
v 0.04777545109391216 -0.05205387622118 0.1558120995759964
v 0.05134218186140064 -0.052679173648357426 0.1611618548631668
v 0.05134218186140064 -0.04990370571613315 0.15369684994220734
v 0.05134218186140064 -0.052679173648357426 0.1611618548631668
v 0.05429974943399433 -0.052567884325981175 0.16309399902820587
v 0.05429974943399433 -0.052567884325981175 0.16309399902820587
v 0.05134218186140064 -0.052679173648357426 0.1611618548631668
v 0.05429974943399433 -0.05333721265196804 0.1667918711900711
v 0.05828642845153813 -0.0648332536220551 0.19424410164356232
v 0.05939660966396336 -0.06270284950733189 0.1886107474565506
v 0.05939660966396336 -0.06136940047144894 0.1933644562959671
v 0.05939660966396336 -0.06136940047144894 0.1933644562959671
v 0.05939660966396336 -0.06270284950733189 0.1886107474565506
v 0.05994019284844403 -0.058128420263528865 0.1821509152650833
v 0.05939660966396336 -0.06136940047144894 0.1933644562959671
v 0.05994019284844403 -0.058128420263528865 0.1821509152650833
v 0.05994019284844403 -0.05725846812129024 0.18630607426166534
v 0.05994019284844403 -0.05725846812129024 0.18630607426166534
v 0.05994019284844403 -0.058128420263528865 0.1821509152650833
v 0.05942105129361157 -0.056496534496545826 0.17650504410266876
v 0.05994019284844403 -0.05725846812129024 0.18630607426166534
v 0.05942105129361157 -0.056496534496545826 0.17650504410266876
v 0.05942105129361157 -0.05538702011108402 0.18433089554309845
v 0.05942105129361157 -0.05538702011108402 0.18433089554309845
v 0.05942105129361157 -0.056496534496545826 0.17650504410266876
v 0.058328893035650295 -0.054702732712030445 0.17847569286823273
v 0.05942105129361157 -0.05538702011108402 0.18433089554309845
v 0.058328893035650295 -0.054702732712030445 0.17847569286823273
v 0.058328893035650295 -0.054241437464952504 0.18191857635974884
v 0.058328893035650295 -0.054241437464952504 0.18191857635974884
v 0.058328893035650295 -0.054702732712030445 0.17847569286823273
v 0.05755632743239407 -0.05414510145783428 0.1789984256029129
v 0.058328893035650295 -0.054241437464952504 0.18191857635974884
v 0.05755632743239407 -0.05414510145783428 0.1789984256029129
v 0.05755632743239407 -0.05409021675586704 0.17923791706562042
v 0.05656765401363376 -0.06697096675634388 0.19989676773548126
v 0.05828642845153813 -0.0648332536220551 0.19424410164356232
v 0.05828642845153813 -0.06303580850362782 0.1991301327943802
v 0.05828642845153813 -0.06303580850362782 0.1991301327943802
v 0.05828642845153813 -0.0648332536220551 0.19424410164356232
v 0.05939660966396336 -0.06136940047144894 0.1933644562959671
v 0.05828642845153813 -0.06303580850362782 0.1991301327943802
v 0.05939660966396336 -0.06136940047144894 0.1933644562959671
v 0.05939660966396336 -0.05955396965146069 0.19766660034656525
v 0.05939660966396336 -0.05955396965146069 0.19766660034656525
v 0.05939660966396336 -0.06136940047144894 0.1933644562959671
v 0.05994019284844403 -0.05725846812129024 0.18630607426166534
v 0.05939660966396336 -0.05955396965146069 0.19766660034656525
v 0.05994019284844403 -0.05725846812129024 0.18630607426166534
v 0.05994019284844403 -0.056057281792163884 0.1900661736726761
v 0.05994019284844403 -0.056057281792163884 0.1900661736726761
v 0.05994019284844403 -0.05725846812129024 0.18630607426166534
v 0.05942105129361157 -0.05538702011108402 0.18433089554309845
v 0.05994019284844403 -0.056057281792163884 0.1900661736726761
v 0.05942105129361157 -0.05538702011108402 0.18433089554309845
v 0.05942105129361157 -0.054433066397905384 0.18772931396961212
v 0.05942105129361157 -0.054433066397905384 0.18772931396961212
v 0.05942105129361157 -0.05538702011108402 0.18433089554309845
v 0.058328893035650295 -0.054241437464952504 0.18191857635974884
v 0.05942105129361157 -0.054433066397905384 0.18772931396961212
v 0.058328893035650295 -0.054241437464952504 0.18191857635974884
v 0.058328893035650295 -0.05407231301069263 0.1824072152376175
v 0.058328893035650295 -0.05407231301069263 0.1824072152376175
v 0.058328893035650295 -0.054241437464952504 0.18191857635974884
v 0.05755632743239407 -0.05409021675586704 0.17923791706562042
v 0.058328893035650295 -0.05407231301069263 0.1824072152376175
v 0.05755632743239407 -0.05409021675586704 0.17923791706562042
v 0.05755632743239407 -0.05400253832340244 0.1794946938753128
v 0.054219275712966954 -0.06908081471920018 0.20547600090503693
v 0.05656765401363376 -0.06697096675634388 0.19989676773548126
v 0.05656765401363376 -0.06470792740583424 0.20491595566272736
v 0.05656765401363376 -0.06470792740583424 0.20491595566272736
v 0.05656765401363376 -0.06697096675634388 0.19989676773548126
v 0.05828642845153813 -0.06303580850362782 0.1991301327943802
v 0.05656765401363376 -0.06470792740583424 0.20491595566272736
v 0.05828642845153813 -0.06303580850362782 0.1991301327943802
v 0.05828642845153813 -0.06073424220085148 0.20350797474384308
v 0.05828642845153813 -0.06073424220085148 0.20350797474384308
v 0.05828642845153813 -0.06303580850362782 0.1991301327943802
v 0.05939660966396336 -0.05955396965146069 0.19766660034656525
v 0.05828642845153813 -0.06073424220085148 0.20350797474384308
v 0.05939660966396336 -0.05955396965146069 0.19766660034656525
v 0.05939660966396336 -0.05738844722509388 0.201457217335701
v 0.05939660966396336 -0.05738844722509388 0.201457217335701
v 0.05939660966396336 -0.05955396965146069 0.19766660034656525
v 0.05994019284844403 -0.056057281792163884 0.1900661736726761
v 0.05939660966396336 -0.05738844722509388 0.201457217335701
v 0.05994019284844403 -0.056057281792163884 0.1900661736726761
v 0.05994019284844403 -0.054620675742626225 0.19342131912708282
v 0.05994019284844403 -0.054620675742626225 0.19342131912708282
v 0.05994019284844403 -0.056057281792163884 0.1900661736726761
v 0.05942105129361157 -0.054433066397905384 0.18772931396961212
v 0.05994019284844403 -0.054620675742626225 0.19342131912708282
v 0.05942105129361157 -0.054433066397905384 0.18772931396961212
v 0.05942105129361157 -0.05386693030595783 0.1887027770280838
v 0.05942105129361157 -0.05386693030595783 0.1887027770280838
v 0.05942105129361157 -0.054433066397905384 0.18772931396961212
v 0.058328893035650295 -0.05407231301069263 0.1824072152376175
v 0.05942105129361157 -0.05386693030595783 0.1887027770280838
v 0.058328893035650295 -0.05407231301069263 0.1824072152376175
v 0.058328893035650295 -0.05377063527703289 0.18292589485645294
v 0.058328893035650295 -0.05377063527703289 0.18292589485645294
v 0.058328893035650295 -0.05407231301069263 0.1824072152376175
v 0.05755632743239407 -0.05400253832340244 0.1794946938753128
v 0.058328893035650295 -0.05377063527703289 0.18292589485645294
v 0.05755632743239407 -0.05400253832340244 0.1794946938753128
v 0.056628901511430775 -0.05367380008101467 0.17712588608264923
v 0.05554382130503658 -0.053863599896431004 0.17370004951953888
v 0.056628901511430775 -0.0539328716695309 0.17658837139606476
v 0.05554382130503658 -0.05392603203654293 0.1734350472688675
v 0.05554382130503658 -0.05392603203654293 0.1734350472688675
v 0.056628901511430775 -0.0539328716695309 0.17658837139606476
v 0.056628901511430775 -0.05400788411498073 0.1763274222612381
v 0.05554382130503658 -0.05392603203654293 0.1734350472688675
v 0.056628901511430775 -0.05400788411498073 0.1763274222612381
v 0.05554382130503658 -0.05395335331559185 0.17318888008594513
v 0.05554382130503658 -0.05395335331559185 0.17318888008594513
v 0.056628901511430775 -0.05400788411498073 0.1763274222612381
v 0.056628901511430775 -0.05404894053936008 0.17608459293842316
v 0.05554382130503658 -0.05395335331559185 0.17318888008594513
v 0.056628901511430775 -0.05404894053936008 0.17608459293842316
v 0.056628901511430775 -0.0540600381791592 0.174368217587471
v 0.056628901511430775 -0.0540600381791592 0.174368217587471
v 0.05554382130503658 -0.053842499852180516 0.17145760357379913
v 0.05554382130503658 -0.05395335331559185 0.17318888008594513
v 0.05554382130503658 -0.05395335331559185 0.17318888008594513
v 0.05554382130503658 -0.053842499852180516 0.17145760357379913
v 0.05429974943399433 -0.05385873839259151 0.17032356560230255
v 0.05554382130503658 -0.05395335331559185 0.17318888008594513
v 0.05429974943399433 -0.05385873839259151 0.17032356560230255
v 0.05554382130503658 -0.05392603203654293 0.1734350472688675
v 0.05554382130503658 -0.05392603203654293 0.1734350472688675
v 0.05429974943399433 -0.05385873839259151 0.17032356560230255
v 0.05429974943399433 -0.053844995796680485 0.17057295143604279
v 0.05554382130503658 -0.05392603203654293 0.1734350472688675
v 0.05429974943399433 -0.053844995796680485 0.17057295143604279
v 0.05554382130503658 -0.053863599896431004 0.17370004951953888
v 0.05554382130503658 -0.053863599896431004 0.17370004951953888
v 0.05429974943399433 -0.053844995796680485 0.17057295143604279
v 0.05429974943399433 -0.05379500985145572 0.1708420068025589
v 0.04777545109391216 -0.03719461709260943 0.13400395214557648
v 0.04364354535937312 -0.034400954842567465 0.12978442013263702
v 0.04777545109391216 -0.04051234200596812 0.13743777573108673
v 0.04777545109391216 -0.04051234200596812 0.13743777573108673
v 0.04364354535937312 -0.034400954842567465 0.12978442013263702
v 0.04364354535937312 -0.03800813853740695 0.13300259411334991
v 0.04777545109391216 -0.04051234200596812 0.13743777573108673
v 0.04364354535937312 -0.03800813853740695 0.13300259411334991
v 0.04777545109391216 -0.04347999021410945 0.14102740585803986
v 0.04777545109391216 -0.04347999021410945 0.14102740585803986
v 0.04364354535937312 -0.03800813853740695 0.13300259411334991
v 0.04364354535937312 -0.04130569845438006 0.13640184700489044
v 0.04777545109391216 -0.04347999021410945 0.14102740585803986
v 0.04364354535937312 -0.04130569845438006 0.13640184700489044
v 0.04777545109391216 -0.04609819874167445 0.1447100192308426
v 0.04777545109391216 -0.04609819874167445 0.1447100192308426
v 0.04364354535937312 -0.04130569845438006 0.13640184700489044
v 0.04364354535937312 -0.046966597437858616 0.14353688061237335
v 0.04777545109391216 -0.04609819874167445 0.1447100192308426
v 0.04364354535937312 -0.046966597437858616 0.14353688061237335
v 0.04777545109391216 -0.048381283879280125 0.14843042194843292
v 0.04777545109391216 -0.048381283879280125 0.14843042194843292
v 0.04364354535937312 -0.046966597437858616 0.14353688061237335
v 0.04364354535937312 -0.051472835242748295 0.15084119141101837
v 0.04777545109391216 -0.048381283879280125 0.14843042194843292
v 0.04364354535937312 -0.051472835242748295 0.15084119141101837
v 0.04777545109391216 -0.05205387622118 0.1558120995759964
v 0.04777545109391216 -0.05205387622118 0.1558120995759964
v 0.04364354535937312 -0.051472835242748295 0.15084119141101837
v 0.04364354535937312 -0.05333540961146358 0.15449471771717072
v 0.04777545109391216 -0.05205387622118 0.1558120995759964
v 0.04364354535937312 -0.05333540961146358 0.15449471771717072
v 0.04777545109391216 -0.05349863693118099 0.1594274789094925
v 0.04777545109391216 -0.05349863693118099 0.1594274789094925
v 0.04364354535937312 -0.05333540961146358 0.15449471771717072
v 0.04777545109391216 -0.05353644117712978 0.159689262509346
v 0.056628901511430775 -0.05404894053936008 0.17608459293842316
v 0.05755632743239407 -0.054358854889869725 0.1755332499742508
v 0.056628901511430775 -0.0540600381791592 0.174368217587471
v 0.056628901511430775 -0.0540600381791592 0.174368217587471
v 0.05755632743239407 -0.054358854889869725 0.1755332499742508
v 0.056628901511430775 -0.05401569604873661 0.17259712517261505
v 0.056628901511430775 -0.0540600381791592 0.174368217587471
v 0.056628901511430775 -0.05401569604873661 0.17259712517261505
v 0.05554382130503658 -0.053842499852180516 0.17145760357379913
v 0.05554382130503658 -0.053842499852180516 0.17145760357379913
v 0.056628901511430775 -0.05401569604873661 0.17259712517261505
v 0.05429974943399433 -0.053627252578735386 0.16857750713825226
v 0.05554382130503658 -0.053842499852180516 0.17145760357379913
v 0.05429974943399433 -0.053627252578735386 0.16857750713825226
v 0.05429974943399433 -0.05385873839259151 0.17032356560230255
v 0.05429974943399433 -0.05385873839259151 0.17032356560230255
v 0.05429974943399433 -0.053627252578735386 0.16857750713825226
v 0.05134218186140064 -0.05367415770888332 0.16473634541034698
v 0.05429974943399433 -0.05385873839259151 0.17032356560230255
v 0.05134218186140064 -0.05367415770888332 0.16473634541034698
v 0.05429974943399433 -0.053844995796680485 0.17057295143604279
v 0.05429974943399433 -0.053844995796680485 0.17057295143604279
v 0.05134218186140064 -0.05367415770888332 0.16473634541034698
v 0.05134218186140064 -0.05368686839938167 0.16499216854572296
v 0.05429974943399433 -0.053844995796680485 0.17057295143604279
v 0.05134218186140064 -0.05368686839938167 0.16499216854572296
v 0.052898470312356984 -0.05372741818428043 0.1680273562669754
v 0.052898470312356984 -0.05372741818428043 0.1680273562669754
v 0.05134218186140064 -0.05368686839938167 0.16499216854572296
v 0.05134218186140064 -0.053661137819290196 0.16526909172534943
v 0.058949396014213604 -0.05158048123121265 0.1557350903749466
v 0.058328893035650295 -0.04993037506937984 0.1532423049211502
v 0.058328893035650295 -0.051928415894508397 0.15765924751758575
v 0.058328893035650295 -0.051928415894508397 0.15765924751758575
v 0.058328893035650295 -0.04993037506937984 0.1532423049211502
v 0.056628901511430775 -0.04896743223071102 0.15241415798664093
v 0.058328893035650295 -0.051928415894508397 0.15765924751758575
v 0.056628901511430775 -0.04896743223071102 0.15241415798664093
v 0.056628901511430775 -0.05082115158438686 0.15664632618427277
v 0.056628901511430775 -0.05082115158438686 0.15664632618427277
v 0.056628901511430775 -0.04896743223071102 0.15241415798664093
v 0.05429974943399433 -0.04828225821256641 0.1512443572282791
v 0.056628901511430775 -0.05082115158438686 0.15664632618427277
v 0.05429974943399433 -0.04828225821256641 0.1512443572282791
v 0.056628901511430775 -0.05220470950007442 0.16085369884967804
v 0.056628901511430775 -0.05220470950007442 0.16085369884967804
v 0.05429974943399433 -0.04828225821256641 0.1512443572282791
v 0.05429974943399433 -0.050092812627553975 0.1552702933549881
v 0.056628901511430775 -0.05220470950007442 0.16085369884967804
v 0.05429974943399433 -0.050092812627553975 0.1552702933549881
v 0.056628901511430775 -0.05315776541829113 0.16495414078235626
v 0.056628901511430775 -0.05315776541829113 0.16495414078235626
v 0.05429974943399433 -0.050092812627553975 0.1552702933549881
v 0.05429974943399433 -0.051505848765373265 0.15923936665058136
v 0.056628901511430775 -0.05315776541829113 0.16495414078235626
v 0.05429974943399433 -0.051505848765373265 0.15923936665058136
v 0.056628901511430775 -0.05373788997530941 0.16888375580310822
v 0.056628901511430775 -0.05373788997530941 0.16888375580310822
v 0.05429974943399433 -0.051505848765373265 0.15923936665058136
v 0.05429974943399433 -0.052567884325981175 0.16309399902820587
v 0.056628901511430775 -0.05373788997530941 0.16888375580310822
v 0.05429974943399433 -0.052567884325981175 0.16309399902820587
v 0.056628901511430775 -0.05401569604873661 0.17259712517261505
v 0.056628901511430775 -0.05401569604873661 0.17259712517261505
v 0.05429974943399433 -0.052567884325981175 0.16309399902820587
v 0.05429974943399433 -0.05333721265196804 0.1667918711900711
v 0.056628901511430775 -0.05401569604873661 0.17259712517261505
v 0.05429974943399433 -0.05333721265196804 0.1667918711900711
v 0.05429974943399433 -0.053627252578735386 0.16857750713825226
v 0.05429974943399433 -0.053627252578735386 0.16857750713825226
v 0.05429974943399433 -0.05333721265196804 0.1667918711900711
v 0.05134218186140064 -0.052679173648357426 0.1611618548631668
v 0.05429974943399433 -0.053627252578735386 0.16857750713825226
v 0.05134218186140064 -0.052679173648357426 0.1611618548631668
v 0.05134218186140064 -0.05367415770888332 0.16473634541034698
v 0.05134218186140064 -0.05367415770888332 0.16473634541034698
v 0.05134218186140064 -0.052679173648357426 0.1611618548631668
v 0.04777545109391216 -0.05349863693118099 0.1594274789094925
v 0.05134218186140064 -0.05367415770888332 0.16473634541034698
v 0.04777545109391216 -0.05349863693118099 0.1594274789094925
v 0.05134218186140064 -0.05368686839938167 0.16499216854572296
v 0.05134218186140064 -0.05368686839938167 0.16499216854572296
v 0.04777545109391216 -0.05349863693118099 0.1594274789094925
v 0.04777545109391216 -0.05353644117712978 0.159689262509346
v 0.05134218186140064 -0.05368686839938167 0.16499216854572296
v 0.04777545109391216 -0.05353644117712978 0.159689262509346
v 0.05134218186140064 -0.053661137819290196 0.16526909172534943
v 0.04765824973583225 -0.07306733727455145 0.21601851284503937
v 0.05124292895197872 -0.07112569361925129 0.21088369190692902
v 0.05124292895197872 -0.06795776635408406 0.21616120636463165
v 0.05124292895197872 -0.06795776635408406 0.21616120636463165
v 0.05124292895197872 -0.07112569361925129 0.21088369190692902
v 0.054219275712966954 -0.06635826081037526 0.21062643826007843
v 0.05124292895197872 -0.06795776635408406 0.21616120636463165
v 0.054219275712966954 -0.06635826081037526 0.21062643826007843
v 0.054219275712966954 -0.0630874559283257 0.21515484154224396
v 0.054219275712966954 -0.0630874559283257 0.21515484154224396
v 0.054219275712966954 -0.06635826081037526 0.21062643826007843
v 0.05656765401363376 -0.061918567866087 0.209369495511055
v 0.054219275712966954 -0.0630874559283257 0.21515484154224396
v 0.05656765401363376 -0.061918567866087 0.209369495511055
v 0.05656765401363376 -0.05875968188047413 0.2131917029619217
v 0.05656765401363376 -0.05875968188047413 0.2131917029619217
v 0.05656765401363376 -0.061918567866087 0.209369495511055
v 0.05828642845153813 -0.058072887361049694 0.20731432735919952
v 0.05656765401363376 -0.05875968188047413 0.2131917029619217
v 0.05828642845153813 -0.058072887361049694 0.20731432735919952
v 0.05828642845153813 -0.055184353142976796 0.21053941547870636
v 0.05828642845153813 -0.055184353142976796 0.21053941547870636
v 0.05828642845153813 -0.058072887361049694 0.20731432735919952
v 0.05939660966396336 -0.05499302968382839 0.2047264128923416
v 0.05828642845153813 -0.055184353142976796 0.21053941547870636
v 0.05939660966396336 -0.05499302968382839 0.2047264128923416
v 0.05939660966396336 -0.05294393375515941 0.20639093220233917
v 0.05939660966396336 -0.05294393375515941 0.20639093220233917
v 0.05939660966396336 -0.05499302968382839 0.2047264128923416
v 0.05994019284844403 -0.054620675742626225 0.19342131912708282
v 0.05939660966396336 -0.05294393375515941 0.20639093220233917
v 0.05994019284844403 -0.054620675742626225 0.19342131912708282
v 0.05994019284844403 -0.052865210920572316 0.19521434605121613
v 0.05994019284844403 -0.052865210920572316 0.19521434605121613
v 0.05994019284844403 -0.054620675742626225 0.19342131912708282
v 0.05942105129361157 -0.05386693030595783 0.1887027770280838
v 0.05994019284844403 -0.052865210920572316 0.19521434605121613
v 0.05942105129361157 -0.05386693030595783 0.1887027770280838
v 0.05942105129361157 -0.05282545089721683 0.18958671391010284
v 0.05942105129361157 -0.05282545089721683 0.18958671391010284
v 0.05942105129361157 -0.05386693030595783 0.1887027770280838
v 0.058328893035650295 -0.05377063527703289 0.18292589485645294
v 0.05942105129361157 -0.05282545089721683 0.18958671391010284
v 0.058328893035650295 -0.05377063527703289 0.18292589485645294
v 0.058328893035650295 -0.05278477072715763 0.1838413029909134
v 0.058328893035650295 -0.05278477072715763 0.1838413029909134
v 0.058328893035650295 -0.05377063527703289 0.18292589485645294
v 0.056628901511430775 -0.05367380008101467 0.17712588608264923
v 0.058328893035650295 -0.05278477072715763 0.1838413029909134
v 0.056628901511430775 -0.05367380008101467 0.17712588608264923
v 0.056628901511430775 -0.05274383723735813 0.1780727654695511
v 0.056628901511430775 -0.05274383723735813 0.1780727654695511
v 0.056628901511430775 -0.05367380008101467 0.17712588608264923
v 0.05429974943399433 -0.05357799679040912 0.1713981181383133
v 0.056628901511430775 -0.05274383723735813 0.1780727654695511
v 0.05429974943399433 -0.05357799679040912 0.1713981181383133
v 0.05429974943399433 -0.05270331352949146 0.1723761111497879
v 0.05429974943399433 -0.05270331352949146 0.1723761111497879
v 0.05429974943399433 -0.05357799679040912 0.1713981181383133
v 0.052898470312356984 -0.053531002253294026 0.16859252750873566
v 0.05429974943399433 -0.05270331352949146 0.1723761111497879
v 0.052898470312356984 -0.053531002253294026 0.16859252750873566
v 0.05134218186140064 -0.05266390740871433 0.1668509989976883
v 0.05134218186140064 -0.053148809820413624 0.16638405621051788
v 0.04777545109391216 -0.05339623615145687 0.1605648547410965
v 0.04777545109391216 -0.053089350461959874 0.1611216813325882
v 0.04777545109391216 -0.053089350461959874 0.1611216813325882
v 0.04777545109391216 -0.05339623615145687 0.1605648547410965
v 0.04364354535937312 -0.05331363528966907 0.1556602269411087
v 0.04777545109391216 -0.053089350461959874 0.1611216813325882
v 0.04364354535937312 -0.05331363528966907 0.1556602269411087
v 0.04364354535937312 -0.05303388833999637 0.1562318354845047
v 0.04364354535937312 -0.05303388833999637 0.1562318354845047
v 0.04364354535937312 -0.05331363528966907 0.1556602269411087
v 0.039008203893899945 -0.05323862284421924 0.15122003853321075
v 0.04364354535937312 -0.05303388833999637 0.1562318354845047
v 0.039008203893899945 -0.05323862284421924 0.15122003853321075
v 0.039008203893899945 -0.0529834516346455 0.1518048793077469
v 0.05134218186140064 -0.053148809820413624 0.16638405621051788
v 0.05134218186140064 -0.05348490178585056 0.165843203663826
v 0.04777545109391216 -0.05339623615145687 0.1605648547410965
v 0.04777545109391216 -0.05339623615145687 0.1605648547410965
v 0.05134218186140064 -0.05348490178585056 0.165843203663826
v 0.04777545109391216 -0.05348720401525501 0.16027005016803741
v 0.04777545109391216 -0.05339623615145687 0.1605648547410965
v 0.04777545109391216 -0.05348720401525501 0.16027005016803741
v 0.04364354535937312 -0.05331363528966907 0.1556602269411087
v 0.04364354535937312 -0.05331363528966907 0.1556602269411087
v 0.04777545109391216 -0.05348720401525501 0.16027005016803741
v 0.04364354535937312 -0.05341517552733425 0.15505345165729523
v 0.04364354535937312 -0.05331363528966907 0.1556602269411087
v 0.04364354535937312 -0.05341517552733425 0.15505345165729523
v 0.039008203893899945 -0.05330761522054676 0.15059907734394073
v 0.03395087271928789 -0.052938841283321415 0.14791186153888702
v 0.039008203893899945 -0.0529834516346455 0.1518048793077469
v 0.03395087271928789 -0.05317239463329319 0.14731545746326447
v 0.03395087271928789 -0.05317239463329319 0.14731545746326447
v 0.039008203893899945 -0.0529834516346455 0.1518048793077469
v 0.039008203893899945 -0.05323862284421924 0.15122003853321075
v 0.03395087271928789 -0.05317239463329319 0.14731545746326447
v 0.039008203893899945 -0.05323862284421924 0.15122003853321075
v 0.03395087271928789 -0.05321278795599941 0.1466819792985916
v 0.03395087271928789 -0.05321278795599941 0.1466819792985916
v 0.039008203893899945 -0.05323862284421924 0.15122003853321075
v 0.039008203893899945 -0.05330761522054676 0.15059907734394073
v 0.03395087271928789 -0.05321278795599941 0.1466819792985916
v 0.039008203893899945 -0.05330761522054676 0.15059907734394073
v 0.03395087271928789 -0.05305724218487743 0.14610238373279572
v 0.028564581647515314 -0.052900716662406956 0.14460928738117218
v 0.03395087271928789 -0.052938841283321415 0.14791186153888702
v 0.028564581647515314 -0.0531159266829491 0.144003227353096
v 0.028564581647515314 -0.0531159266829491 0.144003227353096
v 0.03395087271928789 -0.052938841283321415 0.14791186153888702
v 0.03395087271928789 -0.05317239463329319 0.14731545746326447
v 0.028564581647515314 -0.0531159266829491 0.144003227353096
v 0.03395087271928789 -0.05317239463329319 0.14731545746326447
v 0.028564581647515314 -0.05313208326697353 0.1433594971895218
v 0.028564581647515314 -0.05313208326697353 0.1433594971895218
v 0.03395087271928789 -0.05317239463329319 0.14731545746326447
v 0.03395087271928789 -0.05321278795599941 0.1466819792985916
v 0.028564581647515314 -0.05313208326697353 0.1433594971895218
v 0.03395087271928789 -0.05321278795599941 0.1466819792985916
v 0.028564581647515314 -0.05294657871127132 0.1427716761827469
v 0.028564581647515314 -0.05294657871127132 0.1427716761827469
v 0.03395087271928789 -0.05321278795599941 0.1466819792985916
v 0.03395087271928789 -0.05305724218487743 0.14610238373279572
v 0.028564581647515314 -0.05294657871127132 0.1427716761827469
v 0.03395087271928789 -0.05305724218487743 0.14610238373279572
v 0.03395087271928789 -0.050484165549278294 0.14238376915454865
v 0.02294983156025411 -0.05286943912506107 0.14192743599414825
v 0.028564581647515314 -0.052900716662406956 0.14460928738117218
v 0.02294983156025411 -0.05306974425911907 0.14131362736225128
v 0.02294983156025411 -0.05306974425911907 0.14131362736225128
v 0.028564581647515314 -0.052900716662406956 0.14460928738117218
v 0.028564581647515314 -0.0531159266829491 0.144003227353096
v 0.02294983156025411 -0.05306974425911907 0.14131362736225128
v 0.028564581647515314 -0.0531159266829491 0.144003227353096
v 0.02294983156025411 -0.05306624621152881 0.1406615525484085
v 0.02294983156025411 -0.05306624621152881 0.1406615525484085
v 0.028564581647515314 -0.0531159266829491 0.144003227353096
v 0.028564581647515314 -0.05313208326697353 0.1433594971895218
v 0.02294983156025411 -0.05306624621152881 0.1406615525484085
v 0.028564581647515314 -0.05313208326697353 0.1433594971895218
v 0.02294983156025411 -0.05285650864243511 0.1400671750307083
v 0.02294983156025411 -0.05285650864243511 0.1400671750307083
v 0.028564581647515314 -0.05313208326697353 0.1433594971895218
v 0.028564581647515314 -0.05294657871127132 0.1427716761827469
v 0.02294983156025411 -0.05285650864243511 0.1400671750307083
v 0.028564581647515314 -0.05294657871127132 0.1427716761827469
v 0.028564581647515314 -0.05009170994162563 0.1390269547700882
v 0.028564581647515314 -0.05009170994162563 0.1390269547700882
v 0.028564581647515314 -0.05294657871127132 0.1427716761827469
v 0.03395087271928789 -0.050484165549278294 0.14238376915454865
v 0.028564581647515314 -0.05009170994162563 0.1390269547700882
v 0.03395087271928789 -0.050484165549278294 0.14238376915454865
v 0.03395087271928789 -0.04455944150686267 0.13521094620227814
v 0.017209554091095935 -0.052845183759927784 0.13987977802753448
v 0.02294983156025411 -0.05286943912506107 0.14192743599414825
v 0.017209554091095935 -0.053034100681543385 0.13926036655902863
v 0.017209554091095935 -0.053034100681543385 0.13926036655902863
v 0.02294983156025411 -0.05286943912506107 0.14192743599414825
v 0.02294983156025411 -0.05306974425911907 0.14131362736225128
v 0.017209554091095935 -0.053034100681543385 0.13926036655902863
v 0.02294983156025411 -0.05306974425911907 0.14131362736225128
v 0.017209554091095935 -0.05301563069224361 0.1386018544435501
v 0.017209554091095935 -0.05301563069224361 0.1386018544435501
v 0.02294983156025411 -0.05306974425911907 0.14131362736225128
v 0.02294983156025411 -0.05306624621152881 0.1406615525484085
v 0.017209554091095935 -0.05301563069224361 0.1386018544435501
v 0.02294983156025411 -0.05306624621152881 0.1406615525484085
v 0.017209554091095935 -0.0527874976396561 0.13800282776355743
v 0.017209554091095935 -0.0527874976396561 0.13800282776355743
v 0.02294983156025411 -0.05306624621152881 0.1406615525484085
v 0.02294983156025411 -0.05285650864243511 0.1400671750307083
v 0.017209554091095935 -0.0527874976396561 0.13800282776355743
v 0.02294983156025411 -0.05285650864243511 0.1400671750307083
v 0.02294983156025411 -0.04977298900485042 0.13630111515522003
v 0.02294983156025411 -0.04977298900485042 0.13630111515522003
v 0.02294983156025411 -0.05285650864243511 0.1400671750307083
v 0.028564581647515314 -0.05009170994162563 0.1390269547700882
v 0.02294983156025411 -0.04977298900485042 0.13630111515522003
v 0.028564581647515314 -0.05009170994162563 0.1390269547700882
v 0.028564581647515314 -0.04360389709472659 0.13190622627735138
v 0.028564581647515314 -0.04360389709472659 0.13190622627735138
v 0.028564581647515314 -0.05009170994162563 0.1390269547700882
v 0.03395087271928789 -0.04455944150686267 0.13521094620227814
v 0.028564581647515314 -0.04360389709472659 0.13190622627735138
v 0.03395087271928789 -0.04455944150686267 0.13521094620227814
v 0.03395087271928789 -0.03760602325201037 0.12853200733661652
v 0.011440484784543521 -0.052827842533588444 0.1384541541337967
v 0.017209554091095935 -0.052845183759927784 0.13987977802753448
v 0.011440484784543521 -0.053008817136287724 0.13783080875873566
v 0.011440484784543521 -0.053008817136287724 0.13783080875873566
v 0.017209554091095935 -0.052845183759927784 0.13987977802753448
v 0.017209554091095935 -0.053034100681543385 0.13926036655902863
v 0.011440484784543521 -0.053008817136287724 0.13783080875873566
v 0.017209554091095935 -0.053034100681543385 0.13926036655902863
v 0.011440484784543521 -0.05297996103763584 0.13716824352741241
v 0.011440484784543521 -0.05297996103763584 0.13716824352741241
v 0.017209554091095935 -0.053034100681543385 0.13926036655902863
v 0.017209554091095935 -0.05301563069224361 0.1386018544435501
v 0.011440484784543521 -0.05297996103763584 0.13716824352741241
v 0.017209554091095935 -0.05301563069224361 0.1386018544435501
v 0.011440484784543521 -0.05273916199803356 0.13656599819660187
v 0.011440484784543521 -0.05273916199803356 0.13656599819660187
v 0.017209554091095935 -0.05301563069224361 0.1386018544435501
v 0.017209554091095935 -0.0527874976396561 0.13800282776355743
v 0.011440484784543521 -0.05273916199803356 0.13656599819660187
v 0.017209554091095935 -0.0527874976396561 0.13800282776355743
v 0.017209554091095935 -0.0495296269655228 0.1342201977968216
v 0.017209554091095935 -0.0495296269655228 0.1342201977968216
v 0.017209554091095935 -0.0527874976396561 0.13800282776355743
v 0.02294983156025411 -0.04977298900485042 0.13630111515522003
v 0.017209554091095935 -0.0495296269655228 0.1342201977968216
v 0.02294983156025411 -0.04977298900485042 0.13630111515522003
v 0.02294983156025411 -0.04282788187265399 0.1292228251695633
v 0.02294983156025411 -0.04282788187265399 0.1292228251695633
v 0.02294983156025411 -0.04977298900485042 0.13630111515522003
v 0.028564581647515314 -0.04360389709472659 0.13190622627735138
v 0.02294983156025411 -0.04282788187265399 0.1292228251695633
v 0.028564581647515314 -0.04360389709472659 0.13190622627735138
v 0.028564581647515314 -0.03613739833235743 0.1254083663225174
v 0.028564581647515314 -0.03613739833235743 0.1254083663225174
v 0.028564581647515314 -0.04360389709472659 0.13190622627735138
v 0.03395087271928789 -0.03760602325201037 0.12853200733661652
v 0.028564581647515314 -0.03613739833235743 0.1254083663225174
v 0.03395087271928789 -0.03760602325201037 0.12853200733661652
v 0.03395087271928789 -0.029647435992956182 0.12260562926530838
v 0.005738519132137302 -0.05281715095043186 0.13762469589710236
v 0.011440484784543521 -0.052827842533588444 0.1384541541337967
v 0.005738519132137302 -0.05299349129199985 0.1369994431734085
v 0.005738519132137302 -0.05299349129199985 0.1369994431734085
v 0.011440484784543521 -0.052827842533588444 0.1384541541337967
v 0.011440484784543521 -0.053008817136287724 0.13783080875873566
v 0.005738519132137302 -0.05299349129199985 0.1369994431734085
v 0.011440484784543521 -0.053008817136287724 0.13783080875873566
v 0.005738519132137302 -0.05295864120125774 0.13633449375629425
v 0.005738519132137302 -0.05295864120125774 0.13633449375629425
v 0.011440484784543521 -0.053008817136287724 0.13783080875873566
v 0.011440484784543521 -0.05297996103763584 0.13716824352741241
v 0.005738519132137302 -0.05295864120125774 0.13633449375629425
v 0.011440484784543521 -0.05297996103763584 0.13716824352741241
v 0.005738519132137302 -0.05271065607666973 0.13573069870471954
v 0.005738519132137302 -0.05271065607666973 0.13573069870471954
v 0.011440484784543521 -0.05297996103763584 0.13716824352741241
v 0.011440484784543521 -0.05273916199803356 0.13656599819660187
v 0.005738519132137302 -0.05271065607666973 0.13573069870471954
v 0.011440484784543521 -0.05273916199803356 0.13656599819660187
v 0.011440484784543521 -0.04936015978455547 0.13277168571949005
v 0.011440484784543521 -0.04936015978455547 0.13277168571949005
v 0.011440484784543521 -0.05273916199803356 0.13656599819660187
v 0.017209554091095935 -0.0495296269655228 0.1342201977968216
v 0.011440484784543521 -0.04936015978455547 0.13277168571949005
v 0.017209554091095935 -0.0495296269655228 0.1342201977968216
v 0.017209554091095935 -0.04223533719778064 0.12717409431934357
v 0.017209554091095935 -0.04223533719778064 0.12717409431934357
v 0.017209554091095935 -0.0495296269655228 0.1342201977968216
v 0.02294983156025411 -0.04282788187265399 0.1292228251695633
v 0.017209554091095935 -0.04223533719778064 0.12717409431934357
v 0.02294983156025411 -0.04282788187265399 0.1292228251695633
v 0.02294983156025411 -0.03494469076395037 0.12287206202745438
v 0.02294983156025411 -0.03494469076395037 0.12287206202745438
v 0.02294983156025411 -0.04282788187265399 0.1292228251695633
v 0.028564581647515314 -0.03613739833235743 0.1254083663225174
v 0.02294983156025411 -0.03494469076395037 0.12287206202745438
v 0.028564581647515314 -0.03613739833235743 0.1254083663225174
v 0.028564581647515314 -0.027760509401559847 0.11975640803575516
v 0.028564581647515314 -0.027760509401559847 0.11975640803575516
v 0.028564581647515314 -0.03613739833235743 0.1254083663225174
v 0.03395087271928789 -0.029647435992956182 0.12260562926530838
v 0.028564581647515314 -0.027760509401559847 0.11975640803575516
v 0.03395087271928789 -0.029647435992956182 0.12260562926530838
v 0.03395087271928789 -0.020818196237087264 0.11771435290575027
v 0.039008203893899945 -0.05255946144461635 0.15230543911457062
v 0.03395087271928789 -0.05253129824995998 0.14842112362384796
v 0.03395087271928789 -0.051964625716209446 0.14880116283893585
v 0.03395087271928789 -0.051964625716209446 0.14880116283893585
v 0.03395087271928789 -0.05253129824995998 0.14842112362384796
v 0.028564581647515314 -0.05250724032521251 0.14512582123279572
v 0.03395087271928789 -0.051964625716209446 0.14880116283893585
v 0.028564581647515314 -0.05250724032521251 0.14512582123279572
v 0.028564581647515314 -0.0519516654312611 0.14551027119159698
v 0.028564581647515314 -0.0519516654312611 0.14551027119159698
v 0.028564581647515314 -0.05250724032521251 0.14512582123279572
v 0.02294983156025411 -0.05248751491308216 0.14244981110095978
v 0.028564581647515314 -0.0519516654312611 0.14551027119159698
v 0.02294983156025411 -0.05248751491308216 0.14244981110095978
v 0.02294983156025411 -0.05194113031029705 0.14283783733844757
v 0.02294983156025411 -0.05194113031029705 0.14283783733844757
v 0.02294983156025411 -0.05248751491308216 0.14244981110095978
v 0.017209554091095935 -0.05247223004698757 0.14040632545948029
v 0.02294983156025411 -0.05194113031029705 0.14283783733844757
v 0.017209554091095935 -0.05247223004698757 0.14040632545948029
v 0.017209554091095935 -0.05193307623267177 0.1407972127199173
v 0.017209554091095935 -0.05193307623267177 0.1407972127199173
v 0.017209554091095935 -0.05247223004698757 0.14040632545948029
v 0.011440484784543521 -0.052461314946413075 0.1389833241701126
v 0.017209554091095935 -0.05193307623267177 0.1407972127199173
v 0.011440484784543521 -0.052461314946413075 0.1389833241701126
v 0.011440484784543521 -0.05192745476961139 0.13937623798847198
v 0.011440484784543521 -0.05192745476961139 0.13937623798847198
v 0.011440484784543521 -0.052461314946413075 0.1389833241701126
v 0.005738519132137302 -0.052454605698585545 0.13815517723560333
v 0.011440484784543521 -0.05192745476961139 0.13937623798847198
v 0.005738519132137302 -0.052454605698585545 0.13815517723560333
v 0.005738519132137302 -0.05192416533827785 0.13854928314685822
v 0.04777545109391216 -0.05262634158134464 0.16160090267658234
v 0.04364354535937312 -0.0525913126766682 0.1567222625017166
v 0.04364354535937312 -0.05132463574409488 0.15728183090686798
v 0.04364354535937312 -0.05132463574409488 0.15728183090686798
v 0.04364354535937312 -0.0525913126766682 0.1567222625017166
v 0.039008203893899945 -0.05255946144461635 0.15230543911457062
v 0.04364354535937312 -0.05132463574409488 0.15728183090686798
v 0.039008203893899945 -0.05255946144461635 0.15230543911457062
v 0.039008203893899945 -0.05131866410374645 0.15287120640277863
v 0.039008203893899945 -0.05131866410374645 0.15287120640277863
v 0.039008203893899945 -0.05255946144461635 0.15230543911457062
v 0.03395087271928789 -0.051964625716209446 0.14880116283893585
v 0.039008203893899945 -0.05131866410374645 0.15287120640277863
v 0.03395087271928789 -0.051964625716209446 0.14880116283893585
v 0.03395087271928789 -0.05131331458687786 0.1489928513765335
v 0.03395087271928789 -0.05131331458687786 0.1489928513765335
v 0.03395087271928789 -0.051964625716209446 0.14880116283893585
v 0.028564581647515314 -0.0519516654312611 0.14551027119159698
v 0.03395087271928789 -0.05131331458687786 0.1489928513765335
v 0.028564581647515314 -0.0519516654312611 0.14551027119159698
v 0.028564581647515314 -0.05130865797400478 0.14570339024066925
v 0.028564581647515314 -0.05130865797400478 0.14570339024066925
v 0.028564581647515314 -0.0519516654312611 0.14551027119159698
v 0.02294983156025411 -0.05194113031029705 0.14283783733844757
v 0.028564581647515314 -0.05130865797400478 0.14570339024066925
v 0.02294983156025411 -0.05194113031029705 0.14283783733844757
v 0.02294983156025411 -0.051304750144481694 0.14303262531757355
v 0.02294983156025411 -0.051304750144481694 0.14303262531757355
v 0.02294983156025411 -0.05194113031029705 0.14283783733844757
v 0.017209554091095935 -0.05193307623267177 0.1407972127199173
v 0.02294983156025411 -0.051304750144481694 0.14303262531757355
v 0.017209554091095935 -0.05193307623267177 0.1407972127199173
v 0.017209554091095935 -0.05130160972476009 0.1409941464662552
v 0.017209554091095935 -0.05130160972476009 0.1409941464662552
v 0.017209554091095935 -0.05193307623267177 0.1407972127199173
v 0.011440484784543521 -0.05192745476961139 0.13937623798847198
v 0.017209554091095935 -0.05130160972476009 0.1409941464662552
v 0.011440484784543521 -0.05192745476961139 0.13937623798847198
v 0.011440484784543521 -0.05129924044013027 0.1395755559206009
v 0.011440484784543521 -0.05129924044013027 0.1395755559206009
v 0.011440484784543521 -0.05192745476961139 0.13937623798847198
v 0.005738519132137302 -0.05192416533827785 0.13854928314685822
v 0.011440484784543521 -0.05129924044013027 0.1395755559206009
v 0.005738519132137302 -0.05192416533827785 0.13854928314685822
v 0.005738519132137302 -0.05129761248826984 0.13875122368335724
v 0.039008203893899945 -0.014237096533179292 0.11659938842058182
v 0.03395087271928789 -0.020818196237087264 0.11771435290575027
v 0.039008203893899945 -0.023403448984026923 0.12070078402757645
v 0.039008203893899945 -0.023403448984026923 0.12070078402757645
v 0.03395087271928789 -0.020818196237087264 0.11771435290575027
v 0.03395087271928789 -0.029647435992956182 0.12260562926530838
v 0.039008203893899945 -0.023403448984026923 0.12070078402757645
v 0.03395087271928789 -0.029647435992956182 0.12260562926530838
v 0.039008203893899945 -0.031871728599071524 0.12596459686756134
v 0.039008203893899945 -0.031871728599071524 0.12596459686756134
v 0.03395087271928789 -0.029647435992956182 0.12260562926530838
v 0.03395087271928789 -0.03760602325201037 0.12853200733661652
v 0.039008203893899945 -0.031871728599071524 0.12596459686756134
v 0.03395087271928789 -0.03760602325201037 0.12853200733661652
v 0.039008203893899945 -0.03933720290660861 0.13221438229084015
v 0.039008203893899945 -0.03933720290660861 0.13221438229084015
v 0.03395087271928789 -0.03760602325201037 0.12853200733661652
v 0.03395087271928789 -0.04455944150686267 0.13521094620227814
v 0.039008203893899945 -0.03933720290660861 0.13221438229084015
v 0.03395087271928789 -0.04455944150686267 0.13521094620227814
v 0.039008203893899945 -0.045685812830925016 0.13910670578479767
v 0.039008203893899945 -0.045685812830925016 0.13910670578479767
v 0.03395087271928789 -0.04455944150686267 0.13521094620227814
v 0.03395087271928789 -0.050484165549278294 0.14238376915454865
v 0.039008203893899945 -0.045685812830925016 0.13910670578479767
v 0.03395087271928789 -0.050484165549278294 0.14238376915454865
v 0.039008203893899945 -0.05094678699970249 0.14634104073047638
v 0.039008203893899945 -0.05094678699970249 0.14634104073047638
v 0.03395087271928789 -0.050484165549278294 0.14238376915454865
v 0.03395087271928789 -0.05305724218487743 0.14610238373279572
v 0.039008203893899945 -0.05094678699970249 0.14634104073047638
v 0.03395087271928789 -0.05305724218487743 0.14610238373279572
v 0.039008203893899945 -0.053187485784292256 0.15002913773059845
v 0.039008203893899945 -0.053187485784292256 0.15002913773059845
v 0.03395087271928789 -0.05305724218487743 0.14610238373279572
v 0.039008203893899945 -0.05330761522054676 0.15059907734394073
v 0.039008203893899945 -0.053187485784292256 0.15002913773059845
v 0.039008203893899945 -0.05330761522054676 0.15059907734394073
v 0.04364354535937312 -0.053396485745906865 0.15476198494434357
v 0.04364354535937312 -0.053396485745906865 0.15476198494434357
v 0.039008203893899945 -0.05330761522054676 0.15059907734394073
v 0.04364354535937312 -0.05341517552733425 0.15505345165729523
v 0.04364354535937312 -0.053396485745906865 0.15476198494434357
v 0.04364354535937312 -0.05341517552733425 0.15505345165729523
v 0.04777545109391216 -0.05353374779224399 0.15997381508350372
v 0.04777545109391216 -0.05353374779224399 0.15997381508350372
v 0.04364354535937312 -0.05341517552733425 0.15505345165729523
v 0.04777545109391216 -0.05348720401525501 0.16027005016803741
v 0.04777545109391216 -0.05353374779224399 0.15997381508350372
v 0.04777545109391216 -0.05348720401525501 0.16027005016803741
v 0.05134218186140064 -0.05359394103288654 0.1655571013689041
v 0.05134218186140064 -0.05359394103288654 0.1655571013689041
v 0.04777545109391216 -0.05348720401525501 0.16027005016803741
v 0.05134218186140064 -0.05348490178585056 0.165843203663826
v 0.05134218186140064 -0.05359394103288654 0.1655571013689041
v 0.05134218186140064 -0.05348490178585056 0.165843203663826
v 0.052898470312356984 -0.053531002253294026 0.16859252750873566
v 0.052898470312356984 -0.053531002253294026 0.16859252750873566
v 0.05134218186140064 -0.05348490178585056 0.165843203663826
v 0.05134218186140064 -0.053148809820413624 0.16638405621051788
v 0.052898470312356984 -0.053531002253294026 0.16859252750873566
v 0.05134218186140064 -0.053148809820413624 0.16638405621051788
v 0.05134218186140064 -0.05266390740871433 0.1668509989976883
v 0.05134218186140064 -0.05266390740871433 0.1668509989976883
v 0.05134218186140064 -0.053148809820413624 0.16638405621051788
v 0.04777545109391216 -0.053089350461959874 0.1611216813325882
v 0.05134218186140064 -0.05266390740871433 0.1668509989976883
v 0.04777545109391216 -0.053089350461959874 0.1611216813325882
v 0.04777545109391216 -0.05262634158134464 0.16160090267658234
v 0.04777545109391216 -0.05262634158134464 0.16160090267658234
v 0.04777545109391216 -0.053089350461959874 0.1611216813325882
v 0.04364354535937312 -0.05303388833999637 0.1562318354845047
v 0.04777545109391216 -0.05262634158134464 0.16160090267658234
v 0.04364354535937312 -0.05303388833999637 0.1562318354845047
v 0.04364354535937312 -0.0525913126766682 0.1567222625017166
v 0.04364354535937312 -0.0525913126766682 0.1567222625017166
v 0.04364354535937312 -0.05303388833999637 0.1562318354845047
v 0.039008203893899945 -0.0529834516346455 0.1518048793077469
v 0.04364354535937312 -0.0525913126766682 0.1567222625017166
v 0.039008203893899945 -0.0529834516346455 0.1518048793077469
v 0.039008203893899945 -0.05255946144461635 0.15230543911457062
v 0.039008203893899945 -0.05255946144461635 0.15230543911457062
v 0.039008203893899945 -0.0529834516346455 0.1518048793077469
v 0.03395087271928789 -0.052938841283321415 0.14791186153888702
v 0.039008203893899945 -0.05255946144461635 0.15230543911457062
v 0.03395087271928789 -0.052938841283321415 0.14791186153888702
v 0.03395087271928789 -0.05253129824995998 0.14842112362384796
v 0.03395087271928789 -0.05253129824995998 0.14842112362384796
v 0.03395087271928789 -0.052938841283321415 0.14791186153888702
v 0.028564581647515314 -0.052900716662406956 0.14460928738117218
v 0.03395087271928789 -0.05253129824995998 0.14842112362384796
v 0.028564581647515314 -0.052900716662406956 0.14460928738117218
v 0.028564581647515314 -0.05250724032521251 0.14512582123279572
v 0.028564581647515314 -0.05250724032521251 0.14512582123279572
v 0.028564581647515314 -0.052900716662406956 0.14460928738117218
v 0.02294983156025411 -0.05286943912506107 0.14192743599414825
v 0.028564581647515314 -0.05250724032521251 0.14512582123279572
v 0.02294983156025411 -0.05286943912506107 0.14192743599414825
v 0.02294983156025411 -0.05248751491308216 0.14244981110095978
v 0.02294983156025411 -0.05248751491308216 0.14244981110095978
v 0.02294983156025411 -0.05286943912506107 0.14192743599414825
v 0.017209554091095935 -0.052845183759927784 0.13987977802753448
v 0.02294983156025411 -0.05248751491308216 0.14244981110095978
v 0.017209554091095935 -0.052845183759927784 0.13987977802753448
v 0.017209554091095935 -0.05247223004698757 0.14040632545948029
v 0.017209554091095935 -0.05247223004698757 0.14040632545948029
v 0.017209554091095935 -0.052845183759927784 0.13987977802753448
v 0.011440484784543521 -0.052827842533588444 0.1384541541337967
v 0.017209554091095935 -0.05247223004698757 0.14040632545948029
v 0.011440484784543521 -0.052827842533588444 0.1384541541337967
v 0.011440484784543521 -0.052461314946413075 0.1389833241701126
v 0.011440484784543521 -0.052461314946413075 0.1389833241701126
v 0.011440484784543521 -0.052827842533588444 0.1384541541337967
v 0.005738519132137302 -0.05281715095043186 0.13762469589710236
v 0.011440484784543521 -0.052461314946413075 0.1389833241701126
v 0.005738519132137302 -0.05281715095043186 0.13762469589710236
v 0.005738519132137302 -0.052454605698585545 0.13815517723560333
v 0.04777545109391216 -0.0038431626744568374 0.11298162490129471
v 0.04364354535937312 0.00018144115165341656 0.1107441857457161
v 0.04364354535937312 -0.008589824661612516 0.11564940959215164
v 0.04364354535937312 -0.008589824661612516 0.11564940959215164
v 0.04364354535937312 0.00018144115165341656 0.1107441857457161
v 0.039008203893899945 -0.00514947529882193 0.11318249255418777
v 0.04364354535937312 -0.008589824661612516 0.11564940959215164
v 0.039008203893899945 -0.00514947529882193 0.11318249255418777
v 0.039008203893899945 -0.014237096533179292 0.11659938842058182
v 0.039008203893899945 -0.014237096533179292 0.11659938842058182
v 0.039008203893899945 -0.00514947529882193 0.11318249255418777
v 0.03395087271928789 -0.0114084454253316 0.11400122195482254
v 0.039008203893899945 -0.014237096533179292 0.11659938842058182
v 0.03395087271928789 -0.0114084454253316 0.11400122195482254
v 0.03395087271928789 -0.020818196237087264 0.11771435290575027
v 0.03395087271928789 -0.020818196237087264 0.11771435290575027
v 0.03395087271928789 -0.0114084454253316 0.11400122195482254
v 0.028564581647515314 -0.018625147640705123 0.11518127471208572
v 0.03395087271928789 -0.020818196237087264 0.11771435290575027
v 0.028564581647515314 -0.018625147640705123 0.11518127471208572
v 0.028564581647515314 -0.027760509401559847 0.11975640803575516
v 0.028564581647515314 -0.027760509401559847 0.11975640803575516
v 0.028564581647515314 -0.018625147640705123 0.11518127471208572
v 0.02294983156025411 -0.026228113099932688 0.11744291335344315
v 0.028564581647515314 -0.027760509401559847 0.11975640803575516
v 0.02294983156025411 -0.026228113099932688 0.11744291335344315
v 0.02294983156025411 -0.03494469076395037 0.12287206202745438
v 0.02294983156025411 -0.03494469076395037 0.12287206202745438
v 0.02294983156025411 -0.026228113099932688 0.11744291335344315
v 0.017209554091095935 -0.034033965319395086 0.12093574553728104
v 0.02294983156025411 -0.03494469076395037 0.12287206202745438
v 0.017209554091095935 -0.034033965319395086 0.12093574553728104
v 0.017209554091095935 -0.04223533719778064 0.12717409431934357
v 0.017209554091095935 -0.04223533719778064 0.12717409431934357
v 0.017209554091095935 -0.034033965319395086 0.12093574553728104
v 0.011440484784543521 -0.0418227091431618 0.12574799358844757
v 0.017209554091095935 -0.04223533719778064 0.12717409431934357
v 0.011440484784543521 -0.0418227091431618 0.12574799358844757
v 0.011440484784543521 -0.04936015978455547 0.13277168571949005
v 0.011440484784543521 -0.04936015978455547 0.13277168571949005
v 0.011440484784543521 -0.0418227091431618 0.12574799358844757
v 0.005738519132137302 -0.04926153272390369 0.13192923367023468
v 0.011440484784543521 -0.04936015978455547 0.13277168571949005
v 0.005738519132137302 -0.04926153272390369 0.13192923367023468
v 0.005738519132137302 -0.05271065607666973 0.13573069870471954
v 0.005738519132137302 -0.05271065607666973 0.13573069870471954
v 0.005738519132137302 -0.04926153272390369 0.13192923367023468
v -0.005397376604378227 -0.05270767956972126 0.13569886982440948
v 0.005738519132137302 -0.05271065607666973 0.13573069870471954
v -0.005397376604378227 -0.05270767956972126 0.13569886982440948
v 0.005738519132137302 -0.05295864120125774 0.13633449375629425
v 0.005738519132137302 -0.05295864120125774 0.13633449375629425
v -0.005397376604378227 -0.05270767956972126 0.13569886982440948
v -0.005397376604378227 -0.05295512452721599 0.13630171120166779
v 0.005738519132137302 -0.05295864120125774 0.13633449375629425
v -0.005397376604378227 -0.05295512452721599 0.13630171120166779
v 0.005738519132137302 -0.05299349129199985 0.1369994431734085
v 0.005738519132137302 -0.05299349129199985 0.1369994431734085
v -0.005397376604378227 -0.05295512452721599 0.13630171120166779
v -0.005397376604378227 -0.052989985793829 0.1369658261537552
v 0.005738519132137302 -0.05299349129199985 0.1369994431734085
v -0.005397376604378227 -0.052989985793829 0.1369658261537552
v 0.005738519132137302 -0.05281715095043186 0.13762469589710236
v 0.005738519132137302 -0.05281715095043186 0.13762469589710236
v -0.005397376604378227 -0.052989985793829 0.1369658261537552
v -0.005397376604378227 -0.0528139024972916 0.13758988678455353
v 0.005738519132137302 -0.05281715095043186 0.13762469589710236
v -0.005397376604378227 -0.0528139024972916 0.13758988678455353
v 0.005738519132137302 -0.052454605698585545 0.13815517723560333
v 0.005738519132137302 -0.052454605698585545 0.13815517723560333
v -0.005397376604378227 -0.0528139024972916 0.13758988678455353
v -0.005397376604378227 -0.05245264992117885 0.13811905682086945
v 0.005738519132137302 -0.052454605698585545 0.13815517723560333
v -0.005397376604378227 -0.05245264992117885 0.13811905682086945
v 0.005738519132137302 -0.05192416533827785 0.13854928314685822
v 0.005738519132137302 -0.05192416533827785 0.13854928314685822
v -0.005397376604378227 -0.05245264992117885 0.13811905682086945
v -0.005397376604378227 -0.05192394554615024 0.13851375877857208
v 0.005738519132137302 -0.05192416533827785 0.13854928314685822
v -0.005397376604378227 -0.05192394554615024 0.13851375877857208
v 0.005738519132137302 -0.05129761248826984 0.13875122368335724
v 0.005738519132137302 -0.05129761248826984 0.13875122368335724
v -0.005397376604378227 -0.05192394554615024 0.13851375877857208
v -0.005397376604378227 -0.05129640176892284 0.13872142136096954
v 0.005738519132137302 -0.05129761248826984 0.13875122368335724
v -0.005397376604378227 -0.05129640176892284 0.13872142136096954
v -6.325413748246054e-18 -0.05099999904632572 0.13850004971027374
v -6.325413748246054e-18 -0.05099999904632572 0.13850004971027374
v -0.005397376604378227 -0.05129640176892284 0.13872142136096954
v -0.005356745794415477 -0.05099999904632572 0.13910360634326935
v 0.04364354535937312 0.00018144115165341656 0.1107441857457161
v 0.039008203893899945 0.003824864979833367 0.10871858149766922
v 0.039008203893899945 -0.00514947529882193 0.11318249255418777
v 0.039008203893899945 -0.00514947529882193 0.11318249255418777
v 0.039008203893899945 0.003824864979833367 0.10871858149766922
v 0.03395087271928789 -0.002124235732480885 0.1110130026936531
v 0.039008203893899945 -0.00514947529882193 0.11318249255418777
v 0.03395087271928789 -0.002124235732480885 0.1110130026936531
v 0.03395087271928789 -0.0114084454253316 0.11400122195482254
v 0.03395087271928789 -0.0114084454253316 0.11400122195482254
v 0.03395087271928789 -0.002124235732480885 0.1110130026936531
v 0.028564581647515314 -0.009009088389575487 0.11179739981889725
v 0.03395087271928789 -0.0114084454253316 0.11400122195482254
v 0.028564581647515314 -0.009009088389575487 0.11179739981889725
v 0.028564581647515314 -0.018625147640705123 0.11518127471208572
v 0.028564581647515314 -0.018625147640705123 0.11518127471208572
v 0.028564581647515314 -0.009009088389575487 0.11179739981889725
v 0.02294983156025411 -0.01684425212442876 0.11312443763017654
v 0.028564581647515314 -0.018625147640705123 0.11518127471208572
v 0.02294983156025411 -0.01684425212442876 0.11312443763017654
v 0.02294983156025411 -0.026228113099932688 0.11744291335344315
v 0.02294983156025411 -0.026228113099932688 0.11744291335344315
v 0.02294983156025411 -0.01684425212442876 0.11312443763017654
v 0.017209554091095935 -0.025058036670088785 0.11567694693803787
v 0.02294983156025411 -0.026228113099932688 0.11744291335344315
v 0.017209554091095935 -0.025058036670088785 0.11567694693803787
v 0.017209554091095935 -0.034033965319395086 0.12093574553728104
v 0.017209554091095935 -0.034033965319395086 0.12093574553728104
v 0.017209554091095935 -0.025058036670088785 0.11567694693803787
v 0.011440484784543521 -0.033399756997823736 0.11958784610033035
v 0.017209554091095935 -0.034033965319395086 0.12093574553728104
v 0.011440484784543521 -0.033399756997823736 0.11958784610033035
v 0.011440484784543521 -0.0418227091431618 0.12574799358844757
v 0.011440484784543521 -0.0418227091431618 0.12574799358844757
v 0.011440484784543521 -0.033399756997823736 0.11958784610033035
v 0.005738519132137302 -0.04158255085349086 0.12491840869188309
v 0.011440484784543521 -0.0418227091431618 0.12574799358844757
v 0.005738519132137302 -0.04158255085349086 0.12491840869188309
v 0.005738519132137302 -0.04926153272390369 0.13192923367023468
v 0.005738519132137302 -0.04926153272390369 0.13192923367023468
v 0.005738519132137302 -0.04158255085349086 0.12491840869188309
v -0.005397376604378227 -0.049257259815931355 0.1318957358598709
v 0.005738519132137302 -0.04926153272390369 0.13192923367023468
v -0.005397376604378227 -0.049257259815931355 0.1318957358598709
v -0.005397376604378227 -0.05270767956972126 0.13569886982440948
v -0.005397376604378227 -0.05270767956972126 0.13569886982440948
v -0.005397376604378227 -0.049257259815931355 0.1318957358598709
v -0.011092000640928752 -0.052733067423105275 0.13649936020374298
v -0.005397376604378227 -0.05270767956972126 0.13569886982440948
v -0.011092000640928752 -0.052733067423105275 0.13649936020374298
v -0.005397376604378227 -0.05295512452721599 0.13630171120166779
v -0.005397376604378227 -0.05295512452721599 0.13630171120166779
v -0.011092000640928752 -0.052733067423105275 0.13649936020374298
v -0.011092000640928752 -0.052972786128521 0.13709957897663116
v -0.005397376604378227 -0.05295512452721599 0.13630171120166779
v -0.011092000640928752 -0.052972786128521 0.13709957897663116
v -0.005397376604378227 -0.052989985793829 0.1369658261537552
v -0.005397376604378227 -0.052989985793829 0.1369658261537552
v -0.011092000640928752 -0.052972786128521 0.13709957897663116
v -0.011092000640928752 -0.05300168693065647 0.1377607136964798
v -0.005397376604378227 -0.052989985793829 0.1369658261537552
v -0.011092000640928752 -0.05300168693065647 0.1377607136964798
v -0.005397376604378227 -0.0528139024972916 0.13758988678455353
v -0.005397376604378227 -0.0528139024972916 0.13758988678455353
v -0.011092000640928752 -0.05300168693065647 0.1377607136964798
v -0.011092000640928752 -0.05282124504446987 0.13838155567646027
v -0.005397376604378227 -0.0528139024972916 0.13758988678455353
v -0.011092000640928752 -0.05282124504446987 0.13838155567646027
v -0.005397376604378227 -0.05245264992117885 0.13811905682086945
v -0.005397376604378227 -0.05245264992117885 0.13811905682086945
v -0.011092000640928752 -0.05282124504446987 0.13838155567646027
v -0.011092000640928752 -0.052457343786954914 0.13890822231769562
v -0.005397376604378227 -0.05245264992117885 0.13811905682086945
v -0.011092000640928752 -0.052457343786954914 0.13890822231769562
v -0.005397376604378227 -0.05192394554615024 0.13851375877857208
v -0.005397376604378227 -0.05192394554615024 0.13851375877857208
v -0.011092000640928752 -0.052457343786954914 0.13890822231769562
v -0.011092000640928752 -0.05192699655890468 0.1393020898103714
v -0.005397376604378227 -0.05192394554615024 0.13851375877857208
v -0.011092000640928752 -0.05192699655890468 0.1393020898103714
v -0.005397376604378227 -0.05129640176892284 0.13872142136096954
v -0.005397376604378227 -0.05129640176892284 0.13872142136096954
v -0.011092000640928752 -0.05192699655890468 0.1393020898103714
v -0.011092000640928752 -0.05129678547382358 0.13951297104358673
v -0.005397376604378227 -0.05129640176892284 0.13872142136096954
v -0.011092000640928752 -0.05129678547382358 0.13951297104358673
v -0.005356745794415477 -0.05099999904632572 0.13910360634326935
v -0.005356745794415477 -0.05099999904632572 0.13910360634326935
v 0.039008203893899945 0.003824864979833367 0.10871858149766922
v 0.03395087271928789 0.007028767373412852 0.1069372370839119
v 0.03395087271928789 -0.002124235732480885 0.1110130026936531
v 0.03395087271928789 -0.002124235732480885 0.1110130026936531
v 0.03395087271928789 0.007028767373412852 0.1069372370839119
v 0.028564581647515314 0.00044179274118505445 0.10917288810014725
v 0.03395087271928789 -0.002124235732480885 0.1110130026936531
v 0.028564581647515314 0.00044179274118505445 0.10917288810014725
v 0.028564581647515314 -0.009009088389575487 0.11179739981889725
v 0.028564581647515314 -0.009009088389575487 0.11179739981889725
v 0.028564581647515314 0.00044179274118505445 0.10917288810014725
v 0.02294983156025411 -0.007060840725898747 0.11000794917345047
v 0.028564581647515314 -0.009009088389575487 0.11179739981889725
v 0.02294983156025411 -0.007060840725898747 0.11000794917345047
v 0.02294983156025411 -0.01684425212442876 0.11312443763017654
v 0.02294983156025411 -0.01684425212442876 0.11312443763017654
v 0.02294983156025411 -0.007060840725898747 0.11000794917345047
v 0.017209554091095935 -0.015484551899135123 0.11155445128679276
v 0.02294983156025411 -0.01684425212442876 0.11312443763017654
v 0.017209554091095935 -0.015484551899135123 0.11155445128679276
v 0.017209554091095935 -0.025058036670088785 0.11567694693803787
v 0.017209554091095935 -0.025058036670088785 0.11567694693803787
v 0.017209554091095935 -0.015484551899135123 0.11155445128679276
v 0.011440484784543521 -0.024243259802460688 0.11444766074419022
v 0.017209554091095935 -0.025058036670088785 0.11567694693803787
v 0.011440484784543521 -0.024243259802460688 0.11444766074419022
v 0.011440484784543521 -0.033399756997823736 0.11958784610033035
v 0.011440484784543521 -0.033399756997823736 0.11958784610033035
v 0.011440484784543521 -0.024243259802460688 0.11444766074419022
v 0.005738519132137302 -0.03303062915802004 0.11880404502153397
v 0.011440484784543521 -0.033399756997823736 0.11958784610033035
v 0.005738519132137302 -0.03303062915802004 0.11880404502153397
v 0.005738519132137302 -0.04158255085349086 0.12491840869188309
v 0.005738519132137302 -0.04158255085349086 0.12491840869188309
v 0.005738519132137302 -0.03303062915802004 0.11880404502153397
v -0.005397376604378227 -0.041572090238332776 0.12488503009080887
v 0.005738519132137302 -0.04158255085349086 0.12491840869188309
v -0.005397376604378227 -0.041572090238332776 0.12488503009080887
v -0.005397376604378227 -0.049257259815931355 0.1318957358598709
v -0.005397376604378227 -0.049257259815931355 0.1318957358598709
v -0.005397376604378227 -0.041572090238332776 0.12488503009080887
v -0.011092000640928752 -0.04935124889016155 0.13270147144794464
v -0.005397376604378227 -0.049257259815931355 0.1318957358598709
v -0.011092000640928752 -0.04935124889016155 0.13270147144794464
v -0.011092000640928752 -0.052733067423105275 0.13649936020374298
v -0.011092000640928752 -0.052733067423105275 0.13649936020374298
v -0.011092000640928752 -0.04935124889016155 0.13270147144794464
v -0.016859784722328196 -0.052778188139200245 0.13789935410022736
v -0.011092000640928752 -0.052733067423105275 0.13649936020374298
v -0.016859784722328196 -0.052778188139200245 0.13789935410022736
v -0.011092000640928752 -0.052972786128521 0.13709957897663116
v -0.011092000640928752 -0.052972786128521 0.13709957897663116
v -0.016859784722328196 -0.052778188139200245 0.13789935410022736
v -0.016859784722328196 -0.05300471559166912 0.13849540054798126
v -0.011092000640928752 -0.052972786128521 0.13709957897663116
v -0.016859784722328196 -0.05300471559166912 0.13849540054798126
v -0.011092000640928752 -0.05300168693065647 0.1377607136964798
v -0.011092000640928752 -0.05300168693065647 0.1377607136964798
v -0.016859784722328196 -0.05300471559166912 0.13849540054798126
v -0.016859784722328196 -0.053023274987936055 0.1391514092683792
v -0.011092000640928752 -0.05300168693065647 0.1377607136964798
v -0.016859784722328196 -0.053023274987936055 0.1391514092683792
v -0.011092000640928752 -0.05282124504446987 0.13838155567646027
v -0.011092000640928752 -0.05282124504446987 0.13838155567646027
v -0.016859784722328196 -0.053023274987936055 0.1391514092683792
v -0.016859784722328196 -0.052835177630186116 0.1397673636674881
v -0.011092000640928752 -0.05282124504446987 0.13838155567646027
v -0.016859784722328196 -0.052835177630186116 0.1397673636674881
v -0.011092000640928752 -0.052457343786954914 0.13890822231769562
v -0.011092000640928752 -0.052457343786954914 0.13890822231769562
v -0.016859784722328196 -0.052835177630186116 0.1397673636674881
v -0.016859784722328196 -0.05246620252728466 0.14028985798358917
v -0.011092000640928752 -0.052457343786954914 0.13890822231769562
v -0.016859784722328196 -0.05246620252728466 0.14028985798358917
v -0.011092000640928752 -0.05192699655890468 0.1393020898103714
v -0.011092000640928752 -0.05192699655890468 0.1393020898103714
v -0.016859784722328196 -0.05246620252728466 0.14028985798358917
v -0.016859784722328196 -0.05193237587809566 0.1406824141740799
v -0.011092000640928752 -0.05192699655890468 0.1393020898103714
v -0.016859784722328196 -0.05193237587809566 0.1406824141740799
v -0.011092000640928752 -0.05129678547382358 0.13951297104358673
v -0.011092000640928752 -0.05129678547382358 0.13951297104358673
v -0.016859784722328196 -0.05193237587809566 0.1406824141740799
v -0.016859784722328196 -0.051297895610332524 0.1408967524766922
v -0.011092000640928752 -0.05129678547382358 0.13951297104358673
v -0.016859784722328196 -0.051297895610332524 0.1408967524766922
v -0.013351256027817735 -0.05099999904632572 0.14000435173511505
v -0.013351256027817735 -0.05099999904632572 0.14000435173511505
v -0.016859784722328196 -0.051297895610332524 0.1408967524766922
v -0.016761891543865214 -0.05099999904632572 0.14119775593280792
v 0.028564581647515314 0.009746439754962928 0.10542614012956619
v 0.02294983156025411 0.011953172273933896 0.10419911891222
v 0.02294983156025411 0.0025252825580537337 0.1076785996556282
v 0.02294983156025411 0.0025252825580537337 0.1076785996556282
v 0.02294983156025411 0.011953172273933896 0.10419911891222
v 0.017209554091095935 0.004115669988095763 0.10653788596391678
v 0.02294983156025411 0.0025252825580537337 0.1076785996556282
v 0.017209554091095935 0.004115669988095763 0.10653788596391678
v 0.017209554091095935 -0.005573585629463199 0.10864192992448807
v 0.017209554091095935 -0.005573585629463199 0.10864192992448807
v 0.017209554091095935 0.004115669988095763 0.10653788596391678
v 0.011440484784543521 -0.004538367968052628 0.10769099742174149
v 0.017209554091095935 -0.005573585629463199 0.10864192992448807
v 0.011440484784543521 -0.004538367968052628 0.10769099742174149
v 0.011440484784543521 -0.014537877403199683 0.1104617789387703
v 0.011440484784543521 -0.014537877403199683 0.1104617789387703
v 0.011440484784543521 -0.004538367968052628 0.10769099742174149
v 0.005738519132137302 -0.013987130485475072 0.10982663184404373
v 0.011440484784543521 -0.014537877403199683 0.1104617789387703
v 0.005738519132137302 -0.013987130485475072 0.10982663184404373
v 0.005738519132137302 -0.023769076913595217 0.11373300105333328
v 0.005738519132137302 -0.023769076913595217 0.11373300105333328
v 0.005738519132137302 -0.013987130485475072 0.10982663184404373
v -0.005397376604378227 -0.02374857850372793 0.1137053444981575
v 0.005738519132137302 -0.023769076913595217 0.11373300105333328
v -0.005397376604378227 -0.02374857850372793 0.1137053444981575
v -0.005397376604378227 -0.033014502376318 0.11877281218767166
v -0.005397376604378227 -0.033014502376318 0.11877281218767166
v -0.005397376604378227 -0.02374857850372793 0.1137053444981575
v -0.011092000640928752 -0.03336613625288012 0.11952275782823563
v -0.005397376604378227 -0.033014502376318 0.11877281218767166
v -0.011092000640928752 -0.03336613625288012 0.11952275782823563
v -0.011092000640928752 -0.04180089756846431 0.1256781369447708
v -0.011092000640928752 -0.04180089756846431 0.1256781369447708
v -0.011092000640928752 -0.03336613625288012 0.11952275782823563
v -0.016859784722328196 -0.04220155999064448 0.12706585228443146
v -0.011092000640928752 -0.04180089756846431 0.1256781369447708
v -0.016859784722328196 -0.04220155999064448 0.12706585228443146
v -0.016859784722328196 -0.049515824764967 0.13411135971546173
v -0.016859784722328196 -0.049515824764967 0.13411135971546173
v -0.016859784722328196 -0.04220155999064448 0.12706585228443146
v -0.022604495286941542 -0.049754139035940205 0.1361522227525711
v -0.016859784722328196 -0.049515824764967 0.13411135971546173
v -0.022604495286941542 -0.049754139035940205 0.1361522227525711
v -0.022604495286941542 -0.052843946963548695 0.13992555439472198
v -0.022604495286941542 -0.052843946963548695 0.13992555439472198
v -0.022604495286941542 -0.049754139035940205 0.1361522227525711
v -0.028229752555489557 -0.05293081700801853 0.1425919085741043
v -0.022604495286941542 -0.052843946963548695 0.13992555439472198
v -0.028229752555489557 -0.05293081700801853 0.1425919085741043
v -0.022604495286941542 -0.05305157601833347 0.1405157595872879
v -0.022604495286941542 -0.05305157601833347 0.1405157595872879
v -0.028229752555489557 -0.05293081700801853 0.1425919085741043
v -0.028229752555489557 -0.05311371758580211 0.14317460358142853
v -0.022604495286941542 -0.05305157601833347 0.1405157595872879
v -0.028229752555489557 -0.05311371758580211 0.14317460358142853
v -0.022604495286941542 -0.05305521190166477 0.14116473495960236
v -0.022604495286941542 -0.05305521190166477 0.14116473495960236
v -0.028229752555489557 -0.05311371758580211 0.14317460358142853
v -0.028229752555489557 -0.0530977584421635 0.14381439983844757
v -0.022604495286941542 -0.05305521190166477 0.14116473495960236
v -0.028229752555489557 -0.0530977584421635 0.14381439983844757
v -0.022604495286941542 -0.05285602435469631 0.1417737752199173
v -0.022604495286941542 -0.05285602435469631 0.1417737752199173
v -0.028229752555489557 -0.0530977584421635 0.14381439983844757
v -0.028229752555489557 -0.052883956581354176 0.14441461861133575
v -0.022604495286941542 -0.05285602435469631 0.1417737752199173
v -0.028229752555489557 -0.052883956581354176 0.14441461861133575
v -0.022604495286941542 -0.052479434758424794 0.14229066669940948
v -0.022604495286941542 -0.052479434758424794 0.14229066669940948
v -0.028229752555489557 -0.052883956581354176 0.14441461861133575
v -0.028229752555489557 -0.05249714478850368 0.14492447674274445
v -0.022604495286941542 -0.052479434758424794 0.14229066669940948
v -0.028229752555489557 -0.05249714478850368 0.14492447674274445
v -0.022604495286941542 -0.05194018036127094 0.14268095791339874
v -0.022604495286941542 -0.05194018036127094 0.14268095791339874
v -0.028229752555489557 -0.05249714478850368 0.14492447674274445
v -0.028229752555489557 -0.05195046961307529 0.14531166851520538
v -0.022604495286941542 -0.05194018036127094 0.14268095791339874
v -0.028229752555489557 -0.05195046961307529 0.14531166851520538
v -0.022604495286941542 -0.051299780607223545 0.14289911091327667
v -0.022604495286941542 -0.051299780607223545 0.14289911091327667
v -0.028229752555489557 -0.05195046961307529 0.14531166851520538
v -0.028229752555489557 -0.05130245909094814 0.1455337554216385
v -0.022604495286941542 -0.051299780607223545 0.14289911091327667
v -0.028229752555489557 -0.05130245909094814 0.1455337554216385
v -0.026033025234937685 -0.05099999904632572 0.14444191753864288
v -0.026033025234937685 -0.05099999904632572 0.14444191753864288
v -0.028229752555489557 -0.05130245909094814 0.1455337554216385
v -0.028110200539231318 -0.05099999904632572 0.14574702084064484
v 0.017091557383537303 -0.07174307107925419 0.12674041092395782
v 0.011821994557976731 -0.06863152980804448 0.11228889971971512
v 0.02277721837162973 -0.06549012660980229 0.1114855483174324
v 0.011821994557976731 -0.06863152980804448 0.11228889971971512
v 0.017091557383537303 -0.07174307107925419 0.12674041092395782
v 0.011821994557976731 -0.07296665757894522 0.1271483451128006
v 0.011821994557976731 -0.07296665757894522 0.1271483451128006
v 0.017091557383537303 -0.07174307107925419 0.12674041092395782
v 0.017091557383537303 -0.0812648013234139 0.15601535141468048
v 0.011821994557976731 -0.07296665757894522 0.1271483451128006
v 0.017091557383537303 -0.0812648013234139 0.15601535141468048
v 0.011821994557976731 -0.08238656073808676 0.15663857758045197
v 0.011821994557976731 -0.08238656073808676 0.15663857758045197
v 0.017091557383537303 -0.0812648013234139 0.15601535141468048
v 0.017091557383537303 -0.08936259895563131 0.1856030970811844
v 0.011821994557976731 -0.08238656073808676 0.15663857758045197
v 0.017091557383537303 -0.08936259895563131 0.1856030970811844
v 0.011821994557976731 -0.09035305678844457 0.18651290237903595
v -0.059444963932037395 -0.059157229959964794 0.16204150021076202
v -0.059444963932037395 -0.05650113523006443 0.15727944672107697
v -0.05837079882621769 -0.06052260845899586 0.1614210158586502
v -0.05837079882621769 -0.06052260845899586 0.1614210158586502
v -0.059444963932037395 -0.05650113523006443 0.15727944672107697
v -0.05837079882621769 -0.05756610259413723 0.15639765560626984
v -0.05837079882621769 -0.06052260845899586 0.1614210158586502
v -0.05837079882621769 -0.05756610259413723 0.15639765560626984
v -0.05668956786394123 -0.06456214189529423 0.16558118164539337
v -0.05668956786394123 -0.06456214189529423 0.16558118164539337
v -0.05837079882621769 -0.05756610259413723 0.15639765560626984
v -0.05668956786394123 -0.06176882237195973 0.16025789082050323
v -0.05668956786394123 -0.06456214189529423 0.16558118164539337
v -0.05668956786394123 -0.06176882237195973 0.16025789082050323
v -0.05437964573502544 -0.06855332106351857 0.1696915179491043
v -0.05437964573502544 -0.06855332106351857 0.1696915179491043
v -0.05668956786394123 -0.06176882237195973 0.16025789082050323
v -0.05437964573502544 -0.0659212097525597 0.16407187283039093
v -0.05437964573502544 -0.06855332106351857 0.1696915179491043
v -0.05437964573502544 -0.0659212097525597 0.16407187283039093
v -0.05144087597727779 -0.07242634892463688 0.1736801415681839
v -0.05144087597727779 -0.07242634892463688 0.1736801415681839
v -0.05437964573502544 -0.0659212097525597 0.16407187283039093
v -0.05144087597727779 -0.06995064765214924 0.16777296364307404
v -0.05144087597727779 -0.07242634892463688 0.1736801415681839
v -0.05144087597727779 -0.06995064765214924 0.16777296364307404
v -0.04789213836193088 -0.07610889524221426 0.17747242748737335
v -0.04789213836193088 -0.07610889524221426 0.17747242748737335
v -0.05144087597727779 -0.06995064765214924 0.16777296364307404
v -0.04789213836193088 -0.07378188520669943 0.1712920218706131
v -0.04789213836193088 -0.07610889524221426 0.17747242748737335
v -0.04789213836193088 -0.07378188520669943 0.1712920218706131
v -0.043776482343673734 -0.07953311502933508 0.18099863827228546
v -0.043776482343673734 -0.07953311502933508 0.18099863827228546
v -0.04789213836193088 -0.07378188520669943 0.1712920218706131
v -0.043776482343673734 -0.07734433561563497 0.1745641976594925
v -0.043776482343673734 -0.07953311502933508 0.18099863827228546
v -0.043776482343673734 -0.07734433561563497 0.1745641976594925
v -0.0391553342342377 -0.08263565599918371 0.18419356644153595
v -0.0391553342342377 -0.08263565599918371 0.18419356644153595
v -0.043776482343673734 -0.07734433561563497 0.1745641976594925
v -0.0391553342342377 -0.08057209104299551 0.17752893269062042
v -0.0391553342342377 -0.08263565599918371 0.18419356644153595
v -0.0391553342342377 -0.08057209104299551 0.17752893269062042
v -0.034109439700841925 -0.0853665247559548 0.18700559437274933
v -0.034109439700841925 -0.0853665247559548 0.18700559437274933
v -0.0391553342342377 -0.08057209104299551 0.17752893269062042
v -0.034109439700841925 -0.0834131464362145 0.18013842403888702
v -0.034109439700841925 -0.0853665247559548 0.18700559437274933
v -0.034109439700841925 -0.0834131464362145 0.18013842403888702
v -0.028731683269143125 -0.08768579363822943 0.18939371407032013
v -0.028731683269143125 -0.08768579363822943 0.18939371407032013
v -0.034109439700841925 -0.0834131464362145 0.18013842403888702
v -0.028731683269143125 -0.08582594990730291 0.1823546439409256
v -0.028731683269143125 -0.08768579363822943 0.18939371407032013
v -0.028731683269143125 -0.08582594990730291 0.1823546439409256
v -0.02312232926487924 -0.0895718783140183 0.19133563339710236
v -0.02312232926487924 -0.0895718783140183 0.19133563339710236
v -0.028731683269143125 -0.08582594990730291 0.1823546439409256
v -0.02312232926487924 -0.0877880603075028 0.1841568499803543
v -0.02312232926487924 -0.0895718783140183 0.19133563339710236
v -0.02312232926487924 -0.0877880603075028 0.1841568499803543
v -0.017384400591254245 -0.09101495891809469 0.19282133877277374
v -0.017384400591254245 -0.09101495891809469 0.19282133877277374
v -0.02312232926487924 -0.0877880603075028 0.1841568499803543
v -0.017384400591254245 -0.0892892554402352 0.1855357438325882
v -0.017384400591254245 -0.09101495891809469 0.19282133877277374
v -0.017384400591254245 -0.0892892554402352 0.1855357438325882
v -0.011614818125963218 -0.09202310442924505 0.1938590556383133
v -0.011614818125963218 -0.09202310442924505 0.1938590556383133
v -0.017384400591254245 -0.0892892554402352 0.1855357438325882
v -0.011614818125963218 -0.09033793210983282 0.1864989548921585
v -0.011614818125963218 -0.09202310442924505 0.1938590556383133
v -0.011614818125963218 -0.09033793210983282 0.1864989548921585
v -0.003546169260516765 -0.09116430580616003 0.18725796043872833
v -0.003546169260516765 -0.09116430580616003 0.18725796043872833
v -0.011614818125963218 -0.09033793210983282 0.1864989548921585
v -0.003546169260516765 -0.08743654191493994 0.1721753627061844
v -0.003546169260516765 -0.09116430580616003 0.18725796043872833
v -0.003546169260516765 -0.08743654191493994 0.1721753627061844
v 0.00299041345715523 -0.08735533058643347 0.17211778461933136
v 0.00299041345715523 -0.08735533058643347 0.17211778461933136
v -0.003546169260516765 -0.08743654191493994 0.1721753627061844
v 0.00299041345715523 -0.08321981877088552 0.15710099041461945
v 0.00299041345715523 -0.08735533058643347 0.17211778461933136
v 0.00299041345715523 -0.08321981877088552 0.15710099041461945
v 0.011821994557976731 -0.08238656073808676 0.15663857758045197
v 0.011821994557976731 -0.08238656073808676 0.15663857758045197
v 0.00299041345715523 -0.08321981877088552 0.15710099041461945
v 0.00299041345715523 -0.0787022933363915 0.14221520721912384
v 0.011821994557976731 -0.08238656073808676 0.15663857758045197
v 0.00299041345715523 -0.0787022933363915 0.14221520721912384
v 0.011821994557976731 -0.07296665757894522 0.1271483451128006
v 0.05939660966396336 -0.03417596220970156 0.12306172400712967
v 0.05939660966396336 -0.040800120681524304 0.13352568447589874
v 0.05828642845153813 -0.03915370255708697 0.1252032071352005
v 0.05828642845153813 -0.03915370255708697 0.1252032071352005
v 0.05939660966396336 -0.040800120681524304 0.13352568447589874
v 0.05828642845153813 -0.04554251581430438 0.13616175949573517
v 0.05828642845153813 -0.03915370255708697 0.1252032071352005
v 0.05828642845153813 -0.04554251581430438 0.13616175949573517
v 0.05656765401363376 -0.044148724526166944 0.12735207378864288
v 0.05656765401363376 -0.044148724526166944 0.12735207378864288
v 0.05828642845153813 -0.04554251581430438 0.13616175949573517
v 0.05656765401363376 -0.05030135437846187 0.13880689442157745
v 0.05656765401363376 -0.044148724526166944 0.12735207378864288
v 0.05656765401363376 -0.05030135437846187 0.13880689442157745
v 0.054219275712966954 -0.054998345673084294 0.14141757786273956
v 0.054219275712966954 -0.054998345673084294 0.14141757786273956
v 0.05656765401363376 -0.05030135437846187 0.13880689442157745
v 0.05656765401363376 -0.0620246641337872 0.16049285233020782
v 0.054219275712966954 -0.054998345673084294 0.14141757786273956
v 0.05656765401363376 -0.0620246641337872 0.16049285233020782
v 0.054219275712966954 -0.06617163866758351 0.16430194675922394
v 0.054219275712966954 -0.06617163866758351 0.16430194675922394
v 0.05656765401363376 -0.0620246641337872 0.16049285233020782
v 0.05656765401363376 -0.06481188535690312 0.16582711040973663
v 0.054219275712966954 -0.06617163866758351 0.16430194675922394
v 0.05656765401363376 -0.06481188535690312 0.16582711040973663
v 0.054219275712966954 -0.06879770755767826 0.16993243992328644
v 0.054219275712966954 -0.06879770755767826 0.16993243992328644
v 0.05656765401363376 -0.06481188535690312 0.16582711040973663
v 0.05656765401363376 -0.06706977635622029 0.17115862667560577
v 0.054219275712966954 -0.06879770755767826 0.16993243992328644
v 0.05656765401363376 -0.06706977635622029 0.17115862667560577
v 0.054219275712966954 -0.07085859030485157 0.17553766071796417
v 0.054219275712966954 -0.07085859030485157 0.17553766071796417
v 0.05656765401363376 -0.06706977635622029 0.17115862667560577
v 0.05656765401363376 -0.06864006072282795 0.17683251202106476
v 0.054219275712966954 -0.07085859030485157 0.17553766071796417
v 0.05656765401363376 -0.06864006072282795 0.17683251202106476
v 0.054219275712966954 -0.07218790054321293 0.18148775398731232
v 0.054219275712966954 -0.07218790054321293 0.18148775398731232
v 0.05656765401363376 -0.06864006072282795 0.17683251202106476
v 0.05656765401363376 -0.06943636387586598 0.18271298706531525
v 0.054219275712966954 -0.07218790054321293 0.18148775398731232
v 0.05656765401363376 -0.06943636387586598 0.18271298706531525
v 0.054219275712966954 -0.07269546389579777 0.18763764202594757
v 0.02277721837162973 -0.0796003863215447 0.15509064495563507
v 0.02277721837162973 -0.06992778927087788 0.1261349469423294
v 0.028397269546985644 -0.07740974426269537 0.15387339890003204
v 0.028397269546985644 -0.07740974426269537 0.15387339890003204
v 0.02277721837162973 -0.06992778927087788 0.1261349469423294
v 0.028397269546985644 -0.06753876060247425 0.12533803284168243
v 0.028397269546985644 -0.07740974426269537 0.15387339890003204
v 0.028397269546985644 -0.06753876060247425 0.12533803284168243
v 0.033792003989219686 -0.07470768690109258 0.15237171947956085
v 0.033792003989219686 -0.07470768690109258 0.15237171947956085
v 0.028397269546985644 -0.06753876060247425 0.12533803284168243
v 0.033792003989219686 -0.06459216028451924 0.1243550255894661
v 0.033792003989219686 -0.07470768690109258 0.15237171947956085
v 0.033792003989219686 -0.06459216028451924 0.1243550255894661
v 0.03886068984866145 -0.07151822000741963 0.15059919655323029
v 0.03886068984866145 -0.07151822000741963 0.15059919655323029
v 0.033792003989219686 -0.06459216028451924 0.1243550255894661
v 0.03886068984866145 -0.06111415848135952 0.12319452315568924
v 0.03886068984866145 -0.07151822000741963 0.15059919655323029
v 0.03886068984866145 -0.06111415848135952 0.12319452315568924
v 0.0435101427137852 -0.0678876787424088 0.14858146011829376
v 0.0435101427137852 -0.0678876787424088 0.14858146011829376
v 0.03886068984866145 -0.06111415848135952 0.12319452315568924
v 0.0435101427137852 -0.05715529248118404 0.12187356501817703
v 0.0435101427137852 -0.0678876787424088 0.14858146011829376
v 0.0435101427137852 -0.05715529248118404 0.12187356501817703
v 0.04765824973583225 -0.06387384235858921 0.14635069668293
v 0.04765824973583225 -0.06387384235858921 0.14635069668293
v 0.0435101427137852 -0.05715529248118404 0.12187356501817703
v 0.04765824973583225 -0.05277856811881069 0.12041301280260086
v 0.04765824973583225 -0.06387384235858921 0.14635069668293
v 0.04765824973583225 -0.05277856811881069 0.12041301280260086
v 0.05124292895197872 -0.05955089256167416 0.14394791424274445
v 0.05124292895197872 -0.05955089256167416 0.14394791424274445
v 0.04765824973583225 -0.05277856811881069 0.12041301280260086
v 0.05124292895197872 -0.048064872622489964 0.1188400462269783
v 0.05124292895197872 -0.05955089256167416 0.14394791424274445
v 0.05124292895197872 -0.048064872622489964 0.1188400462269783
v 0.054219275712966954 -0.054998345673084294 0.14141757786273956
v 0.054219275712966954 -0.054998345673084294 0.14141757786273956
v 0.05124292895197872 -0.048064872622489964 0.1188400462269783
v 0.054219275712966954 -0.04310090839862826 0.1171833947300911
v 0.054219275712966954 -0.054998345673084294 0.14141757786273956
v 0.054219275712966954 -0.04310090839862826 0.1171833947300911
v 0.05656765401363376 -0.044148724526166944 0.12735207378864288
v 0.05656765401363376 -0.044148724526166944 0.12735207378864288
v 0.054219275712966954 -0.04310090839862826 0.1171833947300911
v 0.05656765401363376 -0.03797951340675357 0.115474171936512
v 0.05656765401363376 -0.044148724526166944 0.12735207378864288
v 0.05656765401363376 -0.03797951340675357 0.115474171936512
v 0.05828642845153813 -0.03915370255708697 0.1252032071352005
v 0.05828642845153813 -0.03915370255708697 0.1252032071352005
v 0.05656765401363376 -0.03797951340675357 0.115474171936512
v 0.05828642845153813 -0.03279075026512148 0.1137424185872078
v 0.05828642845153813 -0.03915370255708697 0.1252032071352005
v 0.05828642845153813 -0.03279075026512148 0.1137424185872078
v 0.05939660966396336 -0.03417596220970156 0.12306172400712967
v 0.05939660966396336 -0.03417596220970156 0.12306172400712967
v 0.05828642845153813 -0.03279075026512148 0.1137424185872078
v 0.05939660966396336 -0.02761997655034067 0.11201662570238113
v 0.05939660966396336 -0.03417596220970156 0.12306172400712967
v 0.05939660966396336 -0.02761997655034067 0.11201662570238113
v 0.05994019284844403 -0.02449531853199007 0.11889690905809402
v 0.05994019284844403 -0.02449531853199007 0.11889690905809402
v 0.05939660966396336 -0.02761997655034067 0.11201662570238113
v 0.05994019284844403 -0.01756403222680093 0.10866016894578934
v 0.05994019284844403 -0.02449531853199007 0.11889690905809402
v 0.05994019284844403 -0.01756403222680093 0.10866016894578934
v 0.05942105129361157 -0.019621219485998168 0.11680001765489578
v 0.011821994557976731 -0.06035386025905613 0.06646455079317093
v 0.011821994557976731 -0.05921497568488125 0.05099446699023247
v 0.02277721837162973 -0.05700723081827167 0.06616503745317459
v 0.02277721837162973 -0.05700723081827167 0.06616503745317459
v 0.011821994557976731 -0.05921497568488125 0.05099446699023247
v 0.02277721837162973 -0.05584345012903217 0.050849150866270065
v 0.02277721837162973 -0.05700723081827167 0.06616503745317459
v 0.02277721837162973 -0.05584345012903217 0.050849150866270065
v 0.028397269546985644 -0.054376579821109806 0.06592942029237747
v 0.028397269546985644 -0.054376579821109806 0.06592942029237747
v 0.02277721837162973 -0.05584345012903217 0.050849150866270065
v 0.028397269546985644 -0.05319307744503025 0.05073488876223564
v 0.028397269546985644 -0.054376579821109806 0.06592942029237747
v 0.028397269546985644 -0.05319307744503025 0.05073488876223564
v 0.033792003989219686 -0.051132127642631565 0.06563872843980789
v 0.033792003989219686 -0.051132127642631565 0.06563872843980789
v 0.028397269546985644 -0.05319307744503025 0.05073488876223564
v 0.033792003989219686 -0.04992422088980678 0.05059398338198662
v 0.033792003989219686 -0.051132127642631565 0.06563872843980789
v 0.033792003989219686 -0.04992422088980678 0.05059398338198662
v 0.03886068984866145 -0.04730271548032764 0.06529558449983597
v 0.03886068984866145 -0.04730271548032764 0.06529558449983597
v 0.033792003989219686 -0.04992422088980678 0.05059398338198662
v 0.03886068984866145 -0.046065930277109174 0.05042756721377373
v 0.03886068984866145 -0.04730271548032764 0.06529558449983597
v 0.03886068984866145 -0.046065930277109174 0.05042756721377373
v 0.0435101427137852 -0.04294396936893466 0.06490493565797806
v 0.0435101427137852 -0.04294396936893466 0.06490493565797806
v 0.03886068984866145 -0.046065930277109174 0.05042756721377373
v 0.0435101427137852 -0.04167426005005839 0.05023820325732231
v 0.0435101427137852 -0.04294396936893466 0.06490493565797806
v 0.0435101427137852 -0.04167426005005839 0.05023820325732231
v 0.04765824973583225 -0.03812526538968089 0.0644729807972908
v 0.04765824973583225 -0.03812526538968089 0.0644729807972908
v 0.0435101427137852 -0.04167426005005839 0.05023820325732231
v 0.04765824973583225 -0.036819104105234174 0.050028812140226364
v 0.04765824973583225 -0.03812526538968089 0.0644729807972908
v 0.04765824973583225 -0.036819104105234174 0.050028812140226364
v 0.05124292895197872 -0.03293566405773165 0.06400776654481888
v 0.05124292895197872 -0.03293566405773165 0.06400776654481888
v 0.04765824973583225 -0.036819104105234174 0.050028812140226364
v 0.05124292895197872 -0.03159020096063616 0.049803268164396286
v 0.05124292895197872 -0.03293566405773165 0.06400776654481888
v 0.05124292895197872 -0.03159020096063616 0.049803268164396286
v 0.054219275712966954 -0.02747060917317869 0.06351775676012039
v 0.054219275712966954 -0.02747060917317869 0.06351775676012039
v 0.05124292895197872 -0.03159020096063616 0.049803268164396286
v 0.054219275712966954 -0.026083713397383707 0.04956580325961113
v 0.054219275712966954 -0.02747060917317869 0.06351775676012039
v 0.054219275712966954 -0.026083713397383707 0.04956580325961113
v 0.05656765401363376 -0.021832313388586058 0.06301219016313553
v 0.05656765401363376 -0.021832313388586058 0.06301219016313553
v 0.054219275712966954 -0.026083713397383707 0.04956580325961113
v 0.05656765401363376 -0.02040263637900354 0.049320708960294724
v 0.05656765401363376 -0.021832313388586058 0.06301219016313553
v 0.05656765401363376 -0.02040263637900354 0.049320708960294724
v 0.05828642845153813 -0.01611992157995702 0.06249995157122612
v 0.05828642845153813 -0.01611992157995702 0.06249995157122612
v 0.05656765401363376 -0.02040263637900354 0.049320708960294724
v 0.05828642845153813 -0.014646866358816634 0.04907245561480522
v 0.05828642845153813 -0.01611992157995702 0.06249995157122612
v 0.05828642845153813 -0.014646866358816634 0.04907245561480522
v 0.05939660966396336 -0.010427403263747699 0.061989497393369675
v 0.05939660966396336 -0.010427403263747699 0.061989497393369675
v 0.05828642845153813 -0.014646866358816634 0.04907245561480522
v 0.05939660966396336 -0.008911087177693849 0.048825036734342575
v 0.05939660966396336 -0.010427403263747699 0.061989497393369675
v 0.05939660966396336 -0.008911087177693849 0.048825036734342575
v 0.05994019284844403 0.000643037434201688 0.06099660322070122
v 0.05994019284844403 0.000643037434201688 0.06099660322070122
v 0.05939660966396336 -0.008911087177693849 0.048825036734342575
v 0.05994019284844403 0.002243565628305079 0.04834384843707085
v 0.05994019284844403 0.000643037434201688 0.06099660322070122
v 0.05994019284844403 0.002243565628305079 0.04834384843707085
v 0.058328893035650295 0.011906777508556851 0.05998630449175835
v 0.058328893035650295 0.011906777508556851 0.05998630449175835
v 0.05994019284844403 0.002243565628305079 0.04834384843707085
v 0.058328893035650295 0.013593101873993882 0.04785425588488579
v 0.058328893035650295 0.011906777508556851 0.05998630449175835
v 0.058328893035650295 0.013593101873993882 0.04785425588488579
v 0.056628901511430775 0.017619337886571895 0.05947382375597954
v 0.056628901511430775 0.017619337886571895 0.05947382375597954
v 0.058328893035650295 0.013593101873993882 0.04785425588488579
v 0.056628901511430775 0.01934922114014627 0.047605883330106735
v 0.056628901511430775 0.017619337886571895 0.05947382375597954
v 0.056628901511430775 0.01934922114014627 0.047605883330106735
v 0.05429974943399433 0.02326046116650106 0.05896778032183647
v 0.05429974943399433 0.02326046116650106 0.05896778032183647
v 0.056628901511430775 0.01934922114014627 0.047605883330106735
v 0.05429974943399433 0.02503339387476446 0.04736066982150078
v 0.05429974943399433 0.02326046116650106 0.05896778032183647
v 0.05429974943399433 0.02503339387476446 0.04736066982150078
v 0.05134218186140064 0.028731219470500967 0.05847693607211113
v 0.05134218186140064 0.028731219470500967 0.05847693607211113
v 0.05429974943399433 0.02503339387476446 0.04736066982150078
v 0.05134218186140064 0.030545936897397062 0.047122787684202194
v 0.05134218186140064 0.028731219470500967 0.05847693607211113
v 0.05134218186140064 0.030545936897397062 0.047122787684202194
v 0.04777545109391216 0.03392934799194338 0.0580105297267437
v 0.04777545109391216 0.03392934799194338 0.0580105297267437
v 0.05134218186140064 0.030545936897397062 0.047122787684202194
v 0.04777545109391216 0.03578380495309832 0.04689682647585869
v 0.04777545109391216 0.03392934799194338 0.0580105297267437
v 0.04777545109391216 0.03578380495309832 0.04689682647585869
v 0.04364354535937312 0.03875915706157687 0.05757708474993706
v 0.011821994557976731 -0.06230815872550015 0.08187974244356155
v 0.011821994557976731 -0.06035386025905613 0.06646455079317093
v 0.02277721837162973 -0.059008706361055416 0.08142495900392532
v 0.02277721837162973 -0.059008706361055416 0.08142495900392532
v 0.011821994557976731 -0.06035386025905613 0.06646455079317093
v 0.02277721837162973 -0.05700723081827167 0.06616503745317459
v 0.02277721837162973 -0.059008706361055416 0.08142495900392532
v 0.02277721837162973 -0.05700723081827167 0.06616503745317459
v 0.028397269546985644 -0.056415159255266224 0.08106721192598343
v 0.028397269546985644 -0.056415159255266224 0.08106721192598343
v 0.02277721837162973 -0.05700723081827167 0.06616503745317459
v 0.028397269546985644 -0.054376579821109806 0.06592942029237747
v 0.028397269546985644 -0.056415159255266224 0.08106721192598343
v 0.028397269546985644 -0.054376579821109806 0.06592942029237747
v 0.033792003989219686 -0.05321646854281429 0.08062577992677689
v 0.033792003989219686 -0.05321646854281429 0.08062577992677689
v 0.028397269546985644 -0.054376579821109806 0.06592942029237747
v 0.033792003989219686 -0.051132127642631565 0.06563872843980789
v 0.033792003989219686 -0.05321646854281429 0.08062577992677689
v 0.033792003989219686 -0.051132127642631565 0.06563872843980789
v 0.03886068984866145 -0.04944107308983806 0.08010465651750565
v 0.03886068984866145 -0.04944107308983806 0.08010465651750565
v 0.033792003989219686 -0.051132127642631565 0.06563872843980789
v 0.03886068984866145 -0.04730271548032764 0.06529558449983597
v 0.03886068984866145 -0.04944107308983806 0.08010465651750565
v 0.03886068984866145 -0.04730271548032764 0.06529558449983597
v 0.0435101427137852 -0.04514381662011149 0.07951135188341141
v 0.0435101427137852 -0.04514381662011149 0.07951135188341141
v 0.03886068984866145 -0.04730271548032764 0.06529558449983597
v 0.0435101427137852 -0.04294396936893466 0.06490493565797806
v 0.0435101427137852 -0.04514381662011149 0.07951135188341141
v 0.0435101427137852 -0.04294396936893466 0.06490493565797806
v 0.04765824973583225 -0.040393095463514356 0.07885534316301346
v 0.04765824973583225 -0.040393095463514356 0.07885534316301346
v 0.0435101427137852 -0.04294396936893466 0.06490493565797806
v 0.04765824973583225 -0.03812526538968089 0.0644729807972908
v 0.04765824973583225 -0.040393095463514356 0.07885534316301346
v 0.04765824973583225 -0.03812526538968089 0.0644729807972908
v 0.05124292895197872 -0.03527670726180079 0.07814878970384598
v 0.05124292895197872 -0.03527670726180079 0.07814878970384598
v 0.04765824973583225 -0.03812526538968089 0.0644729807972908
v 0.05124292895197872 -0.03293566405773165 0.06400776654481888
v 0.05124292895197872 -0.03527670726180079 0.07814878970384598
v 0.05124292895197872 -0.03293566405773165 0.06400776654481888
v 0.054219275712966954 -0.029888760298490545 0.07740468531847
v 0.054219275712966954 -0.029888760298490545 0.07740468531847
v 0.05124292895197872 -0.03293566405773165 0.06400776654481888
v 0.054219275712966954 -0.02747060917317869 0.06351775676012039
v 0.054219275712966954 -0.029888760298490545 0.07740468531847
v 0.054219275712966954 -0.02747060917317869 0.06351775676012039
v 0.05656765401363376 -0.024330021813511866 0.07663685828447342
v 0.05656765401363376 -0.024330021813511866 0.07663685828447342
v 0.054219275712966954 -0.02747060917317869 0.06351775676012039
v 0.05656765401363376 -0.021832313388586058 0.06301219016313553
v 0.05656765401363376 -0.024330021813511866 0.07663685828447342
v 0.05656765401363376 -0.021832313388586058 0.06301219016313553
v 0.05828642845153813 -0.018698232248425498 0.07585889846086502
v 0.05828642845153813 -0.018698232248425498 0.07585889846086502
v 0.05656765401363376 -0.021832313388586058 0.06301219016313553
v 0.05828642845153813 -0.01611992157995702 0.06249995157122612
v 0.05828642845153813 -0.018698232248425498 0.07585889846086502
v 0.05828642845153813 -0.01611992157995702 0.06249995157122612
v 0.05939660966396336 -0.013086036778986463 0.07508362084627151
v 0.05939660966396336 -0.013086036778986463 0.07508362084627151
v 0.05828642845153813 -0.01611992157995702 0.06249995157122612
v 0.05939660966396336 -0.010427403263747699 0.061989497393369675
v 0.05939660966396336 -0.013086036778986463 0.07508362084627151
v 0.05939660966396336 -0.010427403263747699 0.061989497393369675
v 0.05994019284844403 -0.002171813510358335 0.07357568293809891
v 0.05994019284844403 -0.002171813510358335 0.07357568293809891
v 0.05939660966396336 -0.010427403263747699 0.061989497393369675
v 0.05994019284844403 0.000643037434201688 0.06099660322070122
v 0.05994019284844403 -0.002171813510358335 0.07357568293809891
v 0.05994019284844403 0.000643037434201688 0.06099660322070122
v 0.058328893035650295 0.008932973258197313 0.07204122096300125
v 0.058328893035650295 0.008932973258197313 0.07204122096300125
v 0.05994019284844403 0.000643037434201688 0.06099660322070122
v 0.058328893035650295 0.011906777508556851 0.05998630449175835
v 0.058328893035650295 0.008932973258197313 0.07204122096300125
v 0.058328893035650295 0.011906777508556851 0.05998630449175835
v 0.056628901511430775 0.014564914628863345 0.0712629035115242
v 0.056628901511430775 0.014564914628863345 0.0712629035115242
v 0.058328893035650295 0.011906777508556851 0.05998630449175835
v 0.056628901511430775 0.017619337886571895 0.05947382375597954
v 0.056628901511430775 0.014564914628863345 0.0712629035115242
v 0.056628901511430775 0.017619337886571895 0.05947382375597954
v 0.05429974943399433 0.02012642472982408 0.07049424201250076
v 0.05429974943399433 0.02012642472982408 0.07049424201250076
v 0.056628901511430775 0.017619337886571895 0.05947382375597954
v 0.05429974943399433 0.02326046116650106 0.05896778032183647
v 0.05429974943399433 0.02012642472982408 0.07049424201250076
v 0.05429974943399433 0.02326046116650106 0.05896778032183647
v 0.05134218186140064 0.025519972667098063 0.06974876672029495
v 0.05134218186140064 0.025519972667098063 0.06974876672029495
v 0.05429974943399433 0.02326046116650106 0.05896778032183647
v 0.05134218186140064 0.028731219470500967 0.05847693607211113
v 0.05134218186140064 0.025519972667098063 0.06974876672029495
v 0.05134218186140064 0.028731219470500967 0.05847693607211113
v 0.04777545109391216 0.030644731596112272 0.06904036551713943
v 0.04777545109391216 0.030644731596112272 0.06904036551713943
v 0.05134218186140064 0.028731219470500967 0.05847693607211113
v 0.04777545109391216 0.03392934799194338 0.0580105297267437
v 0.04777545109391216 0.030644731596112272 0.06904036551713943
v 0.04777545109391216 0.03392934799194338 0.0580105297267437
v 0.04364354535937312 0.03540637344121935 0.06838203221559525
v 0.04364354535937312 0.03540637344121935 0.06838203221559525
v 0.04777545109391216 0.03392934799194338 0.0580105297267437
v 0.04364354535937312 0.03875915706157687 0.05757708474993706
v 0.04364354535937312 0.03540637344121935 0.06838203221559525
v 0.04364354535937312 0.03875915706157687 0.05757708474993706
v 0.039008203893899945 0.03971682861447337 0.06778604537248611
v 0.028431277722120302 0.05255120992660526 0.037000011652708054
v 0.03395087271928789 0.04893031716346744 0.04632950946688652
v 0.028431277722120302 0.05255120992660526 0.037000011652708054
v 0.028564581647515314 0.05221624299883846 0.046187710016965866
v 0.03395087271928789 0.04893031716346744 0.04632950946688652
v 0.028564581647515314 0.05221624299883846 0.046187710016965866
v 0.028564581647515314 0.05023668706417087 0.05654681846499443
v 0.028564581647515314 0.05023668706417087 0.05654681846499443
v 0.028564581647515314 0.05221624299883846 0.046187710016965866
v 0.02294983156025411 0.05288419127464298 0.0563090555369854
v 0.028564581647515314 0.05023668706417087 0.05654681846499443
v 0.02294983156025411 0.05288419127464298 0.0563090555369854
v 0.02294983156025411 0.0493319965898991 0.06645596772432327
v 0.017105786129832278 0.05718190595507625 0.037000011652708054
v 0.02294983156025411 0.05488418415188793 0.04607255384325981
v 0.017105786129832278 0.05718190595507625 0.037000011652708054
v 0.017209554091095935 0.05692062154412273 0.045984577387571335
v 0.02294983156025411 0.05488418415188793 0.04607255384325981
v 0.017209554091095935 0.05692062154412273 0.045984577387571335
v 0.017209554091095935 0.054904948920011555 0.05612744018435478
v 0.017209554091095935 0.054904948920011555 0.05612744018435478
v 0.017209554091095935 0.05692062154412273 0.045984577387571335
v 0.011440484784543521 0.056311152875423466 0.05600101873278618
v 0.017209554091095935 0.054904948920011555 0.05612744018435478
v 0.011440484784543521 0.056311152875423466 0.05600101873278618
v 0.005738519132137302 0.05552217364311222 0.060935746878385544
v 0.005738519132137302 0.05712829157710079 0.05592740699648857
v 0.00016779782890807848 0.05739925801754002 0.05590273067355156
v -0.005397376604378227 0.05555133521556858 0.060931574553251266
v -0.005397376604378227 0.05555133521556858 0.060931574553251266
v 0.00016779782890807848 0.05739925801754002 0.05590273067355156
v -0.005397376604378227 0.05715784430503849 0.05592406913638115
v -0.005397376604378227 0.05555133521556858 0.060931574553251266
v -0.005397376604378227 0.05715784430503849 0.05592406913638115
v -0.011092000640928752 0.056373156607151066 0.05599410459399223
v 0.02294983156025411 0.05288419127464298 0.0563090555369854
v 0.017209554091095935 0.05331286787986759 0.06118727847933769
v 0.02294983156025411 0.0493319965898991 0.06645596772432327
v 0.02294983156025411 0.0493319965898991 0.06645596772432327
v 0.017209554091095935 0.05331286787986759 0.06118727847933769
v 0.017209554091095935 0.05132421478629116 0.06618011742830276
v 0.02294983156025411 0.0493319965898991 0.06645596772432327
v 0.017209554091095935 0.05132421478629116 0.06618011742830276
v 0.017209554091095935 0.04894151911139492 0.07105941325426102
v 0.038869764655828504 0.04544951021671298 0.037000011652708054
v 0.03740938752889636 0.04690988734364513 0.037000011652708054
v 0.039008203893899945 0.04505627229809764 0.04649670049548149
v 0.039008203893899945 0.04505627229809764 0.04649670049548149
v 0.03740938752889636 0.04690988734364513 0.037000011652708054
v 0.03395087271928789 0.04893031716346744 0.04632950946688652
v 0.039008203893899945 0.04505627229809764 0.04649670049548149
v 0.03395087271928789 0.04893031716346744 0.04632950946688652
v 0.03395087271928789 0.046975854784250294 0.05683959648013115
v 0.03395087271928789 0.046975854784250294 0.05683959648013115
v 0.03395087271928789 0.04893031716346744 0.04632950946688652
v 0.028564581647515314 0.05023668706417087 0.05654681846499443
v 0.03395087271928789 0.046975854784250294 0.05683959648013115
v 0.028564581647515314 0.05023668706417087 0.05654681846499443
v 0.028564581647515314 0.04672187566757205 0.06681711226701736
v 0.028564581647515314 0.04672187566757205 0.06681711226701736
v 0.028564581647515314 0.05023668706417087 0.05654681846499443
v 0.02294983156025411 0.0493319965898991 0.06645596772432327
v 0.028564581647515314 0.04672187566757205 0.06681711226701736
v 0.02294983156025411 0.0493319965898991 0.06645596772432327
v 0.02294983156025411 0.04422563686966899 0.07615471631288528
v 0.02294983156025411 0.04422563686966899 0.07615471631288528
v 0.02294983156025411 0.0493319965898991 0.06645596772432327
v 0.017209554091095935 0.04894151911139492 0.07105941325426102
v -0.059444963932037395 -0.008581416681408887 0.04880930110812187
v -0.059444963932037395 -0.010106390342116363 0.061953794211149216
v -0.05992415919899945 0.002564681926742198 0.048328470438718796
v -0.05992415919899945 0.002564681926742198 0.048328470438718796
v -0.059444963932037395 -0.010106390342116363 0.061953794211149216
v -0.05992415919899945 0.0009555072174407548 0.06096161529421806
v -0.05992415919899945 0.002564681926742198 0.048328470438718796
v -0.05992415919899945 0.0009555072174407548 0.06096161529421806
v -0.05824340507388119 0.013927402906119832 0.04783828184008598
v -0.05824340507388119 0.013927402906119832 0.04783828184008598
v -0.05992415919899945 0.0009555072174407548 0.06096161529421806
v -0.05824340507388119 0.012232502922415742 0.05995030328631401
v -0.05824340507388119 0.013927402906119832 0.04783828184008598
v -0.05824340507388119 0.012232502922415742 0.05995030328631401
v -0.05650582909584049 0.019682304933667197 0.04759008809924126
v -0.05650582909584049 0.019682304933667197 0.04759008809924126
v -0.05824340507388119 0.012232502922415742 0.05995030328631401
v -0.05650582909584049 0.017944034188985835 0.059438180178403854
v -0.05650582909584049 0.019682304933667197 0.04759008809924126
v -0.05650582909584049 0.017944034188985835 0.059438180178403854
v -0.05413822457194332 0.025359600782394427 0.04734517261385918
v -0.05413822457194332 0.025359600782394427 0.04734517261385918
v -0.05650582909584049 0.017944034188985835 0.059438180178403854
v -0.05413822457194332 0.02357857674360277 0.05893291160464287
v -0.05413822457194332 0.025359600782394427 0.04734517261385918
v -0.05413822457194332 0.02357857674360277 0.05893291160464287
v -0.05114311352372173 0.030859177932143232 0.0471080057322979
v -0.05114311352372173 0.030859177932143232 0.0471080057322979
v -0.05413822457194332 0.02357857674360277 0.05893291160464287
v -0.05114311352372173 0.02903677709400656 0.05844355747103691
v -0.05114311352372173 0.030859177932143232 0.0471080057322979
v -0.05114311352372173 0.02903677709400656 0.05844355747103691
v -0.047540526837110554 0.0360781252384186 0.04688287898898125
v -0.047540526837110554 0.0360781252384186 0.04688287898898125
v -0.05114311352372173 0.02903677709400656 0.05844355747103691
v -0.047540526837110554 0.034216493368148825 0.05797923728823662
v -0.047540526837110554 0.0360781252384186 0.04688287898898125
v -0.047540526837110554 0.034216493368148825 0.05797923728823662
v -0.04337627440690997 0.04092051461339 0.04667402431368828
v -0.04337627440690997 0.04092051461339 0.04667402431368828
v -0.047540526837110554 0.034216493368148825 0.05797923728823662
v -0.04337627440690997 0.03902253136038783 0.057548414915800095
v -0.04337627440690997 0.04092051461339 0.04667402431368828
v -0.04337627440690997 0.03902253136038783 0.057548414915800095
v -0.038712788373231916 0.04529692232608798 0.04648531600832939
v -0.038712788373231916 0.04529692232608798 0.04648531600832939
v -0.04337627440690997 0.03902253136038783 0.057548414915800095
v -0.038712788373231916 0.04336613044142726 0.05715913698077202
v -0.038712788373231916 0.04529692232608798 0.04648531600832939
v -0.038712788373231916 0.04336613044142726 0.05715913698077202
v -0.0336328372359276 0.04913811385631565 0.04631967470049858
v -0.0336328372359276 0.04913811385631565 0.04631967470049858
v -0.038712788373231916 0.04336613044142726 0.05715913698077202
v -0.0336328372359276 0.047178577631711995 0.05681748315691948
v -0.0336328372359276 0.04913811385631565 0.04631967470049858
v -0.0336328372359276 0.047178577631711995 0.05681748315691948
v -0.028229752555489557 0.05238850414752964 0.04617954418063164
v -0.028229752555489557 0.05238850414752964 0.04617954418063164
v -0.0336328372359276 0.047178577631711995 0.05681748315691948
v -0.028229752555489557 0.0504047013819218 0.05652846023440361
v -0.028229752555489557 0.05238850414752964 0.04617954418063164
v -0.028229752555489557 0.0504047013819218 0.05652846023440361
v -0.022604495286941542 0.05501985922455791 0.04606611654162407
v -0.022604495286941542 0.05501985922455791 0.04606611654162407
v -0.028229752555489557 0.0504047013819218 0.05652846023440361
v -0.022604495286941542 0.05301647633314136 0.0562945120036602
v -0.022604495286941542 0.05501985922455791 0.04606611654162407
v -0.022604495286941542 0.05301647633314136 0.0562945120036602
v -0.016859784722328196 0.05701961368322376 0.04597986862063408
v -0.016859784722328196 0.05701961368322376 0.04597986862063408
v -0.022604495286941542 0.05301647633314136 0.0562945120036602
v -0.016859784722328196 0.05500142276287082 0.05611683055758476
v -0.016859784722328196 0.05701961368322376 0.04597986862063408
v -0.016859784722328196 0.05500142276287082 0.05611683055758476
v -0.011092000640928752 0.058401480317115825 0.04592038318514824
v -0.011092000640928752 0.058401480317115825 0.04592038318514824
v -0.016859784722328196 0.05500142276287082 0.05611683055758476
v -0.011092000640928752 0.056373156607151066 0.05599410459399223
v -0.011092000640928752 0.058401480317115825 0.04592038318514824
v -0.011092000640928752 0.056373156607151066 0.05599410459399223
v -0.005397376604378227 0.059191841632127803 0.04588634893298149
v -0.005397376604378227 0.059191841632127803 0.04588634893298149
v -0.011092000640928752 0.056373156607151066 0.05599410459399223
v -0.005397376604378227 0.05715784430503849 0.05592406913638115
v -0.005397376604378227 0.059191841632127803 0.04588634893298149
v -0.005397376604378227 0.05715784430503849 0.05592406913638115
v 0.00016779782890807848 0.05943480134010319 0.0458759181201458
v 0.00016779782890807848 0.05943480134010319 0.0458759181201458
v -0.005397376604378227 0.05715784430503849 0.05592406913638115
v 0.00016779782890807848 0.05739925801754002 0.05590273067355156
v 0.00016779782890807848 0.05943480134010319 0.0458759181201458
v 0.00016779782890807848 0.05739925801754002 0.05590273067355156
v 0.005738519132137302 0.05916148051619534 0.0458877794444561
v 0.005738519132137302 0.05916148051619534 0.0458877794444561
v 0.00016779782890807848 0.05739925801754002 0.05590273067355156
v 0.005738519132137302 0.05712829157710079 0.05592740699648857
v 0.005738519132137302 0.05916148051619534 0.0458877794444561
v 0.005738519132137302 0.05712829157710079 0.05592740699648857
v 0.011440484784543521 0.058337830007076305 0.045923423022031784
v 0.011821994557976731 -0.06507138907909397 0.09717614203691483
v 0.011821994557976731 -0.06230815872550015 0.08187974244356155
v 0.02277721837162973 -0.06184135749936108 0.09655631333589554
v 0.02277721837162973 -0.06184135749936108 0.09655631333589554
v 0.011821994557976731 -0.06230815872550015 0.08187974244356155
v 0.02277721837162973 -0.059008706361055416 0.08142495900392532
v 0.02277721837162973 -0.06184135749936108 0.09655631333589554
v 0.02277721837162973 -0.059008706361055416 0.08142495900392532
v 0.028397269546985644 -0.05930232629179959 0.09606874734163284
v 0.028397269546985644 -0.05930232629179959 0.09606874734163284
v 0.02277721837162973 -0.059008706361055416 0.08142495900392532
v 0.028397269546985644 -0.056415159255266224 0.08106721192598343
v 0.028397269546985644 -0.05930232629179959 0.09606874734163284
v 0.028397269546985644 -0.056415159255266224 0.08106721192598343
v 0.033792003989219686 -0.05617085471749309 0.09546709805727005
v 0.033792003989219686 -0.05617085471749309 0.09546709805727005
v 0.028397269546985644 -0.056415159255266224 0.08106721192598343
v 0.033792003989219686 -0.05321646854281429 0.08062577992677689
v 0.033792003989219686 -0.05617085471749309 0.09546709805727005
v 0.033792003989219686 -0.05321646854281429 0.08062577992677689
v 0.03886068984866145 -0.05247477069497112 0.09475690871477127
v 0.03886068984866145 -0.05247477069497112 0.09475690871477127
v 0.033792003989219686 -0.05321646854281429 0.08062577992677689
v 0.03886068984866145 -0.04944107308983806 0.08010465651750565
v 0.03886068984866145 -0.05247477069497112 0.09475690871477127
v 0.03886068984866145 -0.04944107308983806 0.08010465651750565
v 0.0435101427137852 -0.04826777800917629 0.09394831210374832
v 0.0435101427137852 -0.04826777800917629 0.09394831210374832
v 0.03886068984866145 -0.04944107308983806 0.08010465651750565
v 0.0435101427137852 -0.04514381662011149 0.07951135188341141
v 0.0435101427137852 -0.04826777800917629 0.09394831210374832
v 0.0435101427137852 -0.04514381662011149 0.07951135188341141
v 0.04765824973583225 -0.04361682385206225 0.09305430203676224
v 0.04765824973583225 -0.04361682385206225 0.09305430203676224
v 0.0435101427137852 -0.04514381662011149 0.07951135188341141
v 0.04765824973583225 -0.040393095463514356 0.07885534316301346
v 0.04765824973583225 -0.04361682385206225 0.09305430203676224
v 0.04765824973583225 -0.040393095463514356 0.07885534316301346
v 0.05124292895197872 -0.038607869297266034 0.09209132939577103
v 0.05124292895197872 -0.038607869297266034 0.09209132939577103
v 0.04765824973583225 -0.040393095463514356 0.07885534316301346
v 0.05124292895197872 -0.03527670726180079 0.07814878970384598
v 0.05124292895197872 -0.038607869297266034 0.09209132939577103
v 0.05124292895197872 -0.03527670726180079 0.07814878970384598
v 0.054219275712966954 -0.03333304449915888 0.09107715636491776
v 0.054219275712966954 -0.03333304449915888 0.09107715636491776
v 0.05124292895197872 -0.03527670726180079 0.07814878970384598
v 0.054219275712966954 -0.029888760298490545 0.07740468531847
v 0.054219275712966954 -0.03333304449915888 0.09107715636491776
v 0.054219275712966954 -0.029888760298490545 0.07740468531847
v 0.05656765401363376 -0.02789100259542467 0.09003067761659622
v 0.05656765401363376 -0.02789100259542467 0.09003067761659622
v 0.054219275712966954 -0.029888760298490545 0.07740468531847
v 0.05656765401363376 -0.024330021813511866 0.07663685828447342
v 0.05656765401363376 -0.02789100259542467 0.09003067761659622
v 0.05656765401363376 -0.024330021813511866 0.07663685828447342
v 0.05828642845153813 -0.02237743325531484 0.08897043019533157
v 0.05828642845153813 -0.02237743325531484 0.08897043019533157
v 0.05656765401363376 -0.024330021813511866 0.07663685828447342
v 0.05828642845153813 -0.018698232248425498 0.07585889846086502
v 0.05828642845153813 -0.02237743325531484 0.08897043019533157
v 0.05828642845153813 -0.018698232248425498 0.07585889846086502
v 0.05939660966396336 -0.016883037984371196 0.08791375905275345
v 0.05939660966396336 -0.016883037984371196 0.08791375905275345
v 0.05828642845153813 -0.018698232248425498 0.07585889846086502
v 0.05939660966396336 -0.013086036778986463 0.07508362084627151
v 0.05939660966396336 -0.016883037984371196 0.08791375905275345
v 0.05939660966396336 -0.013086036778986463 0.07508362084627151
v 0.05994019284844403 -0.006197875831276183 0.0858585312962532
v 0.05994019284844403 -0.006197875831276183 0.0858585312962532
v 0.05939660966396336 -0.013086036778986463 0.07508362084627151
v 0.05994019284844403 -0.002171813510358335 0.07357568293809891
v 0.05994019284844403 -0.006197875831276183 0.0858585312962532
v 0.05994019284844403 -0.002171813510358335 0.07357568293809891
v 0.058328893035650295 0.004673885181546215 0.08376718312501907
v 0.058328893035650295 0.004673885181546215 0.08376718312501907
v 0.05994019284844403 -0.002171813510358335 0.07357568293809891
v 0.058328893035650295 0.008932973258197313 0.07204122096300125
v 0.058328893035650295 0.004673885181546215 0.08376718312501907
v 0.058328893035650295 0.008932973258197313 0.07204122096300125
v 0.056628901511430775 0.010187658481299884 0.08270639926195145
v 0.056628901511430775 0.010187658481299884 0.08270639926195145
v 0.058328893035650295 0.008932973258197313 0.07204122096300125
v 0.056628901511430775 0.014564914628863345 0.0712629035115242
v 0.056628901511430775 0.010187658481299884 0.08270639926195145
v 0.056628901511430775 0.014564914628863345 0.0712629035115242
v 0.05429974943399433 0.01563248783349992 0.08165878802537918
v 0.05429974943399433 0.01563248783349992 0.08165878802537918
v 0.056628901511430775 0.014564914628863345 0.0712629035115242
v 0.05429974943399433 0.02012642472982408 0.07049424201250076
v 0.05429974943399433 0.01563248783349992 0.08165878802537918
v 0.05429974943399433 0.02012642472982408 0.07049424201250076
v 0.05134218186140064 0.020912891253829016 0.0806427076458931
v 0.05134218186140064 0.020912891253829016 0.0806427076458931
v 0.05429974943399433 0.02012642472982408 0.07049424201250076
v 0.05134218186140064 0.025519972667098063 0.06974876672029495
v 0.05134218186140064 0.020912891253829016 0.0806427076458931
v 0.05134218186140064 0.025519972667098063 0.06974876672029495
v 0.04777545109391216 0.025930156931281107 0.07967717200517654
v 0.04777545109391216 0.025930156931281107 0.07967717200517654
v 0.05134218186140064 0.025519972667098063 0.06974876672029495
v 0.04777545109391216 0.030644731596112272 0.06904036551713943
v 0.04777545109391216 0.025930156931281107 0.07967717200517654
v 0.04777545109391216 0.030644731596112272 0.06904036551713943
v 0.04364354535937312 0.03059193305671217 0.07877994328737259
v 0.04364354535937312 0.03059193305671217 0.07877994328737259
v 0.04777545109391216 0.030644731596112272 0.06904036551713943
v 0.04364354535937312 0.03540637344121935 0.06838203221559525
v 0.04364354535937312 0.03059193305671217 0.07877994328737259
v 0.04364354535937312 0.03540637344121935 0.06838203221559525
v 0.039008203893899945 0.034811999648809454 0.07796759158372879
v 0.039008203893899945 0.034811999648809454 0.07796759158372879
v 0.04364354535937312 0.03540637344121935 0.06838203221559525
v 0.039008203893899945 0.03971682861447337 0.06778604537248611
v 0.039008203893899945 0.034811999648809454 0.07796759158372879
v 0.039008203893899945 0.03971682861447337 0.06778604537248611
v 0.03395087271928789 0.03852279111742976 0.07725317031145096
v 0.038869764655828504 0.04544951021671298 0.037000011652708054
v 0.04364354535937312 0.04065058752894404 0.04668683931231499
v 0.038869764655828504 0.04544951021671298 0.037000011652708054
v 0.039008203893899945 0.04505627229809764 0.04649670049548149
v 0.04364354535937312 0.04065058752894404 0.04668683931231499
v 0.039008203893899945 0.04505627229809764 0.04649670049548149
v 0.039008203893899945 0.0431313328444958 0.05718470737338066
v 0.039008203893899945 0.0431313328444958 0.05718470737338066
v 0.039008203893899945 0.04505627229809764 0.04649670049548149
v 0.03395087271928789 0.046975854784250294 0.05683959648013115
v 0.039008203893899945 0.0431313328444958 0.05718470737338066
v 0.03395087271928789 0.046975854784250294 0.05683959648013115
v 0.03395087271928789 0.043507080525159864 0.06726182252168655
v 0.03395087271928789 0.043507080525159864 0.06726182252168655
v 0.03395087271928789 0.046975854784250294 0.05683959648013115
v 0.028564581647515314 0.04672187566757205 0.06681711226701736
v 0.03395087271928789 0.043507080525159864 0.06726182252168655
v 0.028564581647515314 0.04672187566757205 0.06681711226701736
v 0.028564581647515314 0.041670206934213666 0.07664705067873001
v 0.028564581647515314 0.041670206934213666 0.07664705067873001
v 0.028564581647515314 0.04672187566757205 0.06681711226701736
v 0.02294983156025411 0.04422563686966899 0.07615471631288528
v 0.028564581647515314 0.041670206934213666 0.07664705067873001
v 0.02294983156025411 0.04422563686966899 0.07615471631288528
v 0.02294983156025411 0.03767431154847148 0.08504689484834671
v 0.011821994557976731 -0.06863152980804448 0.11228889971971512
v 0.011821994557976731 -0.06507138907909397 0.09717614203691483
v 0.02277721837162973 -0.06549012660980229 0.1114855483174324
v 0.02277721837162973 -0.06549012660980229 0.1114855483174324
v 0.011821994557976731 -0.06507138907909397 0.09717614203691483
v 0.02277721837162973 -0.06184135749936108 0.09655631333589554
v 0.02277721837162973 -0.06549012660980229 0.1114855483174324
v 0.02277721837162973 -0.06184135749936108 0.09655631333589554
v 0.028397269546985644 -0.06302069872617726 0.11085350066423416
v 0.028397269546985644 -0.06302069872617726 0.11085350066423416
v 0.02277721837162973 -0.06184135749936108 0.09655631333589554
v 0.028397269546985644 -0.05930232629179959 0.09606874734163284
v 0.028397269546985644 -0.06302069872617726 0.11085350066423416
v 0.028397269546985644 -0.05930232629179959 0.09606874734163284
v 0.033792003989219686 -0.05997503548860554 0.11007387191057205
v 0.033792003989219686 -0.05997503548860554 0.11007387191057205
v 0.028397269546985644 -0.05930232629179959 0.09606874734163284
v 0.033792003989219686 -0.05617085471749309 0.09546709805727005
v 0.033792003989219686 -0.05997503548860554 0.11007387191057205
v 0.033792003989219686 -0.05617085471749309 0.09546709805727005
v 0.03886068984866145 -0.056380204856395756 0.10915333777666092
v 0.03886068984866145 -0.056380204856395756 0.10915333777666092
v 0.033792003989219686 -0.05617085471749309 0.09546709805727005
v 0.03886068984866145 -0.05247477069497112 0.09475690871477127
v 0.03886068984866145 -0.056380204856395756 0.10915333777666092
v 0.03886068984866145 -0.05247477069497112 0.09475690871477127
v 0.0435101427137852 -0.05228843539953235 0.10810548812150955
v 0.0435101427137852 -0.05228843539953235 0.10810548812150955
v 0.03886068984866145 -0.05247477069497112 0.09475690871477127
v 0.0435101427137852 -0.04826777800917629 0.09394831210374832
v 0.0435101427137852 -0.05228843539953235 0.10810548812150955
v 0.0435101427137852 -0.04826777800917629 0.09394831210374832
v 0.04765824973583225 -0.04776484146714214 0.10694677382707596
v 0.04765824973583225 -0.04776484146714214 0.10694677382707596
v 0.0435101427137852 -0.04826777800917629 0.09394831210374832
v 0.04765824973583225 -0.04361682385206225 0.09305430203676224
v 0.04765824973583225 -0.04776484146714214 0.10694677382707596
v 0.04765824973583225 -0.04361682385206225 0.09305430203676224
v 0.05124292895197872 -0.042893040925264386 0.10569889098405838
v 0.05124292895197872 -0.042893040925264386 0.10569889098405838
v 0.04765824973583225 -0.04361682385206225 0.09305430203676224
v 0.05124292895197872 -0.038607869297266034 0.09209132939577103
v 0.05124292895197872 -0.042893040925264386 0.10569889098405838
v 0.05124292895197872 -0.038607869297266034 0.09209132939577103
v 0.054219275712966954 -0.03776262328028682 0.10438448935747147
v 0.054219275712966954 -0.03776262328028682 0.10438448935747147
v 0.05124292895197872 -0.038607869297266034 0.09209132939577103
v 0.054219275712966954 -0.03333304449915888 0.09107715636491776
v 0.054219275712966954 -0.03776262328028682 0.10438448935747147
v 0.054219275712966954 -0.03333304449915888 0.09107715636491776
v 0.05656765401363376 -0.032469555735588095 0.10302836447954178
v 0.05656765401363376 -0.032469555735588095 0.10302836447954178
v 0.054219275712966954 -0.03333304449915888 0.09107715636491776
v 0.05656765401363376 -0.02789100259542467 0.09003067761659622
v 0.05656765401363376 -0.032469555735588095 0.10302836447954178
v 0.05656765401363376 -0.02789100259542467 0.09003067761659622
v 0.05828642845153813 -0.027106901630759257 0.10165435820817947
v 0.05828642845153813 -0.027106901630759257 0.10165435820817947
v 0.05656765401363376 -0.02789100259542467 0.09003067761659622
v 0.05828642845153813 -0.02237743325531484 0.08897043019533157
v 0.05828642845153813 -0.027106901630759257 0.10165435820817947
v 0.05828642845153813 -0.02237743325531484 0.08897043019533157
v 0.05939660966396336 -0.021762885153293623 0.10028500109910965
v 0.05939660966396336 -0.021762885153293623 0.10028500109910965
v 0.05828642845153813 -0.02237743325531484 0.08897043019533157
v 0.05939660966396336 -0.016883037984371196 0.08791375905275345
v 0.05939660966396336 -0.021762885153293623 0.10028500109910965
v 0.05939660966396336 -0.016883037984371196 0.08791375905275345
v 0.05994019284844403 -0.011370138265192516 0.0976216271519661
v 0.05994019284844403 -0.011370138265192516 0.0976216271519661
v 0.05939660966396336 -0.016883037984371196 0.08791375905275345
v 0.05994019284844403 -0.006197875831276183 0.0858585312962532
v 0.05994019284844403 -0.011370138265192516 0.0976216271519661
v 0.05994019284844403 -0.006197875831276183 0.0858585312962532
v 0.058328893035650295 -0.0007958511705510324 0.09491140395402908
v 0.058328893035650295 -0.0007958511705510324 0.09491140395402908
v 0.05994019284844403 -0.006197875831276183 0.0858585312962532
v 0.058328893035650295 0.004673885181546215 0.08376718312501907
v 0.058328893035650295 -0.0007958511705510324 0.09491140395402908
v 0.058328893035650295 0.004673885181546215 0.08376718312501907
v 0.056628901511430775 0.004567072261124853 0.09353674203157425
v 0.056628901511430775 0.004567072261124853 0.09353674203157425
v 0.058328893035650295 0.004673885181546215 0.08376718312501907
v 0.056628901511430775 0.010187658481299884 0.08270639926195145
v 0.056628901511430775 0.004567072261124853 0.09353674203157425
v 0.056628901511430775 0.010187658481299884 0.08270639926195145
v 0.05429974943399433 0.009862952865660198 0.09217918664216995
v 0.05429974943399433 0.009862952865660198 0.09217918664216995
v 0.056628901511430775 0.010187658481299884 0.08270639926195145
v 0.05429974943399433 0.01563248783349992 0.08165878802537918
v 0.05429974943399433 0.009862952865660198 0.09217918664216995
v 0.05429974943399433 0.01563248783349992 0.08165878802537918
v 0.05134218186140064 0.01499891933053733 0.09086252003908157
v 0.05134218186140064 0.01499891933053733 0.09086252003908157
v 0.05429974943399433 0.01563248783349992 0.08165878802537918
v 0.05134218186140064 0.020912891253829016 0.0806427076458931
v 0.05134218186140064 0.01499891933053733 0.09086252003908157
v 0.05134218186140064 0.020912891253829016 0.0806427076458931
v 0.04777545109391216 0.019878963008523 0.08961129933595657
v 0.04777545109391216 0.019878963008523 0.08961129933595657
v 0.05134218186140064 0.020912891253829016 0.0806427076458931
v 0.04777545109391216 0.025930156931281107 0.07967717200517654
v 0.04777545109391216 0.019878963008523 0.08961129933595657
v 0.04777545109391216 0.025930156931281107 0.07967717200517654
v 0.04364354535937312 0.0244132559746504 0.08844859153032303
v 0.04364354535937312 0.0244132559746504 0.08844859153032303
v 0.04777545109391216 0.025930156931281107 0.07967717200517654
v 0.04364354535937312 0.03059193305671217 0.07877994328737259
v 0.04364354535937312 0.0244132559746504 0.08844859153032303
v 0.04364354535937312 0.03059193305671217 0.07877994328737259
v 0.039008203893899945 0.028517939150333422 0.08739597350358963
v 0.039008203893899945 0.028517939150333422 0.08739597350358963
v 0.04364354535937312 0.03059193305671217 0.07877994328737259
v 0.039008203893899945 0.034811999648809454 0.07796759158372879
v 0.039008203893899945 0.028517939150333422 0.08739597350358963
v 0.039008203893899945 0.034811999648809454 0.07796759158372879
v 0.03395087271928789 0.03212729096412661 0.08647019416093826
v 0.03395087271928789 0.03212729096412661 0.08647019416093826
v 0.039008203893899945 0.034811999648809454 0.07796759158372879
v 0.03395087271928789 0.03852279111742976 0.07725317031145096
v 0.03395087271928789 0.03212729096412661 0.08647019416093826
v 0.03395087271928789 0.03852279111742976 0.07725317031145096
v 0.028564581647515314 0.03518868982791903 0.08568478375673294
v 0.028564581647515314 0.03518868982791903 0.08568478375673294
v 0.028564581647515314 0.027488237246871012 0.09361983090639114
v 0.03395087271928789 0.03212729096412661 0.08647019416093826
v 0.03395087271928789 0.03212729096412661 0.08647019416093826
v 0.028564581647515314 0.027488237246871012 0.09361983090639114
v 0.03395087271928789 0.024525674059987086 0.09460914880037308
v 0.03395087271928789 0.03212729096412661 0.08647019416093826
v 0.03395087271928789 0.024525674059987086 0.09460914880037308
v 0.039008203893899945 0.028517939150333422 0.08739597350358963
v 0.039008203893899945 0.028517939150333422 0.08739597350358963
v 0.03395087271928789 0.024525674059987086 0.09460914880037308
v 0.039008203893899945 0.021032936871051802 0.09577537328004837
v 0.039008203893899945 0.028517939150333422 0.08739597350358963
v 0.039008203893899945 0.021032936871051802 0.09577537328004837
v 0.04364354535937312 0.0244132559746504 0.08844859153032303
v 0.04364354535937312 0.0244132559746504 0.08844859153032303
v 0.039008203893899945 0.021032936871051802 0.09577537328004837
v 0.04364354535937312 0.017060944810509692 0.09710157662630081
v 0.04364354535937312 0.0244132559746504 0.08844859153032303
v 0.04364354535937312 0.017060944810509692 0.09710157662630081
v 0.04777545109391216 0.019878963008523 0.08961129933595657
v 0.04777545109391216 0.019878963008523 0.08961129933595657
v 0.04364354535937312 0.017060944810509692 0.09710157662630081
v 0.04777545109391216 0.012673299759626397 0.09856647998094559
v 0.04777545109391216 0.019878963008523 0.08961129933595657
v 0.04777545109391216 0.012673299759626397 0.09856647998094559
v 0.05134218186140064 0.01499891933053733 0.09086252003908157
v 0.05134218186140064 0.01499891933053733 0.09086252003908157
v 0.04777545109391216 0.012673299759626397 0.09856647998094559
v 0.05134218186140064 0.007951146923005586 0.10014290362596512
v 0.05134218186140064 0.01499891933053733 0.09086252003908157
v 0.05134218186140064 0.007951146923005586 0.10014290362596512
v 0.05429974943399433 0.009862952865660198 0.09217918664216995
v 0.05429974943399433 0.009862952865660198 0.09217918664216995
v 0.05134218186140064 0.007951146923005586 0.10014290362596512
v 0.05429974943399433 0.0029814061708748362 0.10180205851793289
v 0.05429974943399433 0.009862952865660198 0.09217918664216995
v 0.05429974943399433 0.0029814061708748362 0.10180205851793289
v 0.056628901511430775 0.004567072261124853 0.09353674203157425
v 0.056628901511430775 0.004567072261124853 0.09353674203157425
v 0.05429974943399433 0.0029814061708748362 0.10180205851793289
v 0.056628901511430775 -0.0021430256310850395 0.1035127118229866
v 0.056628901511430775 0.004567072261124853 0.09353674203157425
v 0.056628901511430775 -0.0021430256310850395 0.1035127118229866
v 0.058328893035650295 -0.0007958511705510324 0.09491140395402908
v 0.058328893035650295 -0.0007958511705510324 0.09491140395402908
v 0.056628901511430775 -0.0021430256310850395 0.1035127118229866
v 0.058328893035650295 -0.0073322844691574626 0.10524482280015945
v 0.058328893035650295 -0.0007958511705510324 0.09491140395402908
v 0.058328893035650295 -0.0073322844691574626 0.10524482280015945
v 0.05994019284844403 -0.011370138265192516 0.0976216271519661
v 0.05994019284844403 -0.011370138265192516 0.0976216271519661
v 0.058328893035650295 -0.0073322844691574626 0.10524482280015945
v 0.05994019284844403 -0.01756403222680093 0.10866016894578934
v 0.05994019284844403 -0.011370138265192516 0.0976216271519661
v 0.05994019284844403 -0.01756403222680093 0.10866016894578934
v 0.05939660966396336 -0.021762885153293623 0.10028500109910965
v 0.05939660966396336 -0.021762885153293623 0.10028500109910965
v 0.05994019284844403 -0.01756403222680093 0.10866016894578934
v 0.05939660966396336 -0.02761997655034067 0.11201662570238113
v 0.05939660966396336 -0.021762885153293623 0.10028500109910965
v 0.05939660966396336 -0.02761997655034067 0.11201662570238113
v 0.05828642845153813 -0.027106901630759257 0.10165435820817947
v 0.05828642845153813 -0.027106901630759257 0.10165435820817947
v 0.05939660966396336 -0.02761997655034067 0.11201662570238113
v 0.05828642845153813 -0.03279075026512148 0.1137424185872078
v 0.05828642845153813 -0.027106901630759257 0.10165435820817947
v 0.05828642845153813 -0.03279075026512148 0.1137424185872078
v 0.05656765401363376 -0.032469555735588095 0.10302836447954178
v 0.05656765401363376 -0.032469555735588095 0.10302836447954178
v 0.05828642845153813 -0.03279075026512148 0.1137424185872078
v 0.05656765401363376 -0.03797951340675357 0.115474171936512
v 0.05656765401363376 -0.032469555735588095 0.10302836447954178
v 0.05656765401363376 -0.03797951340675357 0.115474171936512
v 0.054219275712966954 -0.03776262328028682 0.10438448935747147
v 0.054219275712966954 -0.03776262328028682 0.10438448935747147
v 0.05656765401363376 -0.03797951340675357 0.115474171936512
v 0.054219275712966954 -0.04310090839862826 0.1171833947300911
v 0.054219275712966954 -0.03776262328028682 0.10438448935747147
v 0.054219275712966954 -0.04310090839862826 0.1171833947300911
v 0.05124292895197872 -0.042893040925264386 0.10569889098405838
v 0.05124292895197872 -0.042893040925264386 0.10569889098405838
v 0.054219275712966954 -0.04310090839862826 0.1171833947300911
v 0.05124292895197872 -0.048064872622489964 0.1188400462269783
v 0.05124292895197872 -0.042893040925264386 0.10569889098405838
v 0.05124292895197872 -0.048064872622489964 0.1188400462269783
v 0.04765824973583225 -0.04776484146714214 0.10694677382707596
v 0.04765824973583225 -0.04776484146714214 0.10694677382707596
v 0.05124292895197872 -0.048064872622489964 0.1188400462269783
v 0.04765824973583225 -0.05277856811881069 0.12041301280260086
v 0.04765824973583225 -0.04776484146714214 0.10694677382707596
v 0.04765824973583225 -0.05277856811881069 0.12041301280260086
v 0.0435101427137852 -0.05228843539953235 0.10810548812150955
v 0.0435101427137852 -0.05228843539953235 0.10810548812150955
v 0.04765824973583225 -0.05277856811881069 0.12041301280260086
v 0.0435101427137852 -0.05715529248118404 0.12187356501817703
v 0.0435101427137852 -0.05228843539953235 0.10810548812150955
v 0.0435101427137852 -0.05715529248118404 0.12187356501817703
v 0.03886068984866145 -0.056380204856395756 0.10915333777666092
v 0.03886068984866145 -0.056380204856395756 0.10915333777666092
v 0.0435101427137852 -0.05715529248118404 0.12187356501817703
v 0.03886068984866145 -0.06111415848135952 0.12319452315568924
v 0.03886068984866145 -0.056380204856395756 0.10915333777666092
v 0.03886068984866145 -0.06111415848135952 0.12319452315568924
v 0.033792003989219686 -0.05997503548860554 0.11007387191057205
v 0.033792003989219686 -0.05997503548860554 0.11007387191057205
v 0.03886068984866145 -0.06111415848135952 0.12319452315568924
v 0.033792003989219686 -0.06459216028451924 0.1243550255894661
v 0.033792003989219686 -0.05997503548860554 0.11007387191057205
v 0.033792003989219686 -0.06459216028451924 0.1243550255894661
v 0.028397269546985644 -0.06302069872617726 0.11085350066423416
v 0.028397269546985644 -0.06302069872617726 0.11085350066423416
v 0.033792003989219686 -0.06459216028451924 0.1243550255894661
v 0.028397269546985644 -0.06753876060247425 0.12533803284168243
v 0.028397269546985644 -0.06302069872617726 0.11085350066423416
v 0.028397269546985644 -0.06753876060247425 0.12533803284168243
v 0.02277721837162973 -0.06549012660980229 0.1114855483174324
v 0.02277721837162973 -0.06549012660980229 0.1114855483174324
v 0.028397269546985644 -0.06753876060247425 0.12533803284168243
v 0.02277721837162973 -0.06992778927087788 0.1261349469423294
v 0.02277721837162973 -0.06549012660980229 0.1114855483174324
v 0.02277721837162973 -0.06992778927087788 0.1261349469423294
v 0.017091557383537303 -0.07174307107925419 0.12674041092395782
v 0.017091557383537303 -0.07174307107925419 0.12674041092395782
v 0.02277721837162973 -0.06992778927087788 0.1261349469423294
v 0.02277721837162973 -0.0796003863215447 0.15509064495563507
v 0.017091557383537303 -0.07174307107925419 0.12674041092395782
v 0.02277721837162973 -0.0796003863215447 0.15509064495563507
v 0.017091557383537303 -0.0812648013234139 0.15601535141468048
v 0.017091557383537303 -0.0812648013234139 0.15601535141468048
v 0.02277721837162973 -0.0796003863215447 0.15509064495563507
v 0.02277721837162973 -0.08789303153753286 0.1842532902956009
v 0.017091557383537303 -0.0812648013234139 0.15601535141468048
v 0.02277721837162973 -0.08789303153753286 0.1842532902956009
v 0.017091557383537303 -0.08936259895563131 0.1856030970811844
v 0.017091557383537303 -0.08936259895563131 0.1856030970811844
v 0.02277721837162973 -0.08789303153753286 0.1842532902956009
v 0.02277721837162973 -0.0896743312478066 0.19143660366535187
v 0.017091557383537303 -0.08936259895563131 0.1856030970811844
v 0.02277721837162973 -0.0896743312478066 0.19143660366535187
v 0.011821994557976731 -0.09035305678844457 0.18651290237903595
v 0.011821994557976731 -0.09035305678844457 0.18651290237903595
v 0.02277721837162973 -0.0896743312478066 0.19143660366535187
v 0.011821994557976731 -0.09203843027353292 0.19387252628803253
v 0.011821994557976731 -0.09035305678844457 0.18651290237903595
v 0.011821994557976731 -0.09203843027353292 0.19387252628803253
v 0.00299041345715523 -0.09108883887529379 0.18718869984149933
v 0.00299041345715523 -0.09108883887529379 0.18718869984149933
v 0.011821994557976731 -0.09203843027353292 0.19387252628803253
v 0.00299041345715523 -0.09274533390998846 0.194601371884346
v 0.00299041345715523 -0.09108883887529379 0.18718869984149933
v 0.00299041345715523 -0.09274533390998846 0.194601371884346
v -0.0015107626095414173 -0.09281007200479513 0.1946684867143631
v -0.0015107626095414173 -0.09281007200479513 0.1946684867143631
v 0.00299041345715523 -0.09274533390998846 0.194601371884346
v 0.00299041345715523 -0.09361867606639868 0.20185156166553497
v -0.0015107626095414173 -0.09281007200479513 0.1946684867143631
v 0.00299041345715523 -0.09361867606639868 0.20185156166553497
v -0.0015107626095414173 -0.09367974847555166 0.201923206448555
v -0.0015107626095414173 -0.09367974847555166 0.201923206448555
v 0.00299041345715523 -0.09361867606639868 0.20185156166553497
v 0.00299041345715523 -0.09349829703569418 0.20946116745471954
v -0.0015107626095414173 -0.09367974847555166 0.201923206448555
v 0.00299041345715523 -0.09349829703569418 0.20946116745471954
v -0.0015107626095414173 -0.09355522692203527 0.20953722298145294
v -0.0015107626095414173 -0.09355522692203527 0.20953722298145294
v 0.00299041345715523 -0.09349829703569418 0.20946116745471954
v 0.00299041345715523 -0.09227085113525396 0.21722812950611115
v -0.0015107626095414173 -0.09355522692203527 0.20953722298145294
v 0.00299041345715523 -0.09227085113525396 0.21722812950611115
v -0.0015107626095414173 -0.0923230648040772 0.21730835735797882
v -0.0015107626095414173 -0.0923230648040772 0.21730835735797882
v 0.00299041345715523 -0.09227085113525396 0.21722812950611115
v 0.00299041345715523 -0.08988048136234289 0.22491152584552765
v -0.0015107626095414173 -0.0923230648040772 0.21730835735797882
v 0.00299041345715523 -0.08988048136234289 0.22491152584552765
v -0.0015107626095414173 -0.08992722630500799 0.2249956876039505
v -0.0015107626095414173 -0.08992722630500799 0.2249956876039505
v 0.00299041345715523 -0.08988048136234289 0.22491152584552765
v 0.00299041345715523 -0.08634354174137121 0.2322506457567215
v -0.0015107626095414173 -0.08992722630500799 0.2249956876039505
v 0.00299041345715523 -0.08634354174137121 0.2322506457567215
v -0.0015107626095414173 -0.08638411015272146 0.23233826458454132
v 0.05942105129361157 -0.019621219485998168 0.11680001765489578
v 0.05994019284844403 -0.01756403222680093 0.10866016894578934
v 0.058328893035650295 -0.014645298011600982 0.1146591380238533
v 0.058328893035650295 -0.014645298011600982 0.1146591380238533
v 0.05994019284844403 -0.01756403222680093 0.10866016894578934
v 0.058328893035650295 -0.0073322844691574626 0.10524482280015945
v 0.058328893035650295 -0.014645298011600982 0.1146591380238533
v 0.058328893035650295 -0.0073322844691574626 0.10524482280015945
v 0.056628901511430775 -0.009649585932493217 0.11250979453325272
v 0.056628901511430775 -0.009649585932493217 0.11250979453325272
v 0.058328893035650295 -0.0073322844691574626 0.10524482280015945
v 0.056628901511430775 -0.0021430256310850395 0.1035127118229866
v 0.056628901511430775 -0.009649585932493217 0.11250979453325272
v 0.056628901511430775 -0.0021430256310850395 0.1035127118229866
v 0.05429974943399433 -0.004716241266578439 0.11038727313280106
v 0.05429974943399433 -0.004716241266578439 0.11038727313280106
v 0.056628901511430775 -0.0021430256310850395 0.1035127118229866
v 0.05429974943399433 0.0029814061708748362 0.10180205851793289
v 0.05429974943399433 -0.004716241266578439 0.11038727313280106
v 0.05429974943399433 0.0029814061708748362 0.10180205851793289
v 0.05134218186140064 6.822444265708331e-05 0.10832876712083817
v 0.05134218186140064 6.822444265708331e-05 0.10832876712083817
v 0.05429974943399433 0.0029814061708748362 0.10180205851793289
v 0.05134218186140064 0.007951146923005586 0.10014290362596512
v 0.05134218186140064 6.822444265708331e-05 0.10832876712083817
v 0.05134218186140064 0.007951146923005586 0.10014290362596512
v 0.04777545109391216 0.004614379722625021 0.10637278109788895
v 0.04777545109391216 0.004614379722625021 0.10637278109788895
v 0.05134218186140064 0.007951146923005586 0.10014290362596512
v 0.04777545109391216 0.012673299759626397 0.09856647998094559
v 0.04777545109391216 0.004614379722625021 0.10637278109788895
v 0.04777545109391216 0.012673299759626397 0.09856647998094559
v 0.04364354535937312 0.008838545531034475 0.10455519706010818
v 0.04364354535937312 0.008838545531034475 0.10455519706010818
v 0.04777545109391216 0.012673299759626397 0.09856647998094559
v 0.04364354535937312 0.017060944810509692 0.09710157662630081
v 0.04364354535937312 0.008838545531034475 0.10455519706010818
v 0.04364354535937312 0.017060944810509692 0.09710157662630081
v 0.039008203893899945 0.012662600725889215 0.10290975123643875
v 0.039008203893899945 0.012662600725889215 0.10290975123643875
v 0.04364354535937312 0.017060944810509692 0.09710157662630081
v 0.039008203893899945 0.021032936871051802 0.09577537328004837
v 0.039008203893899945 0.012662600725889215 0.10290975123643875
v 0.039008203893899945 0.021032936871051802 0.09577537328004837
v 0.03395087271928789 0.01602531224489213 0.10146290808916092
v 0.03395087271928789 0.01602531224489213 0.10146290808916092
v 0.039008203893899945 0.021032936871051802 0.09577537328004837
v 0.03395087271928789 0.024525674059987086 0.09460914880037308
v 0.03395087271928789 0.01602531224489213 0.10146290808916092
v 0.03395087271928789 0.024525674059987086 0.09460914880037308
v 0.028564581647515314 0.018877658993005766 0.10023541003465652
v 0.028564581647515314 0.018877658993005766 0.10023541003465652
v 0.03395087271928789 0.024525674059987086 0.09460914880037308
v 0.028564581647515314 0.027488237246871012 0.09361983090639114
v 0.028564581647515314 0.018877658993005766 0.10023541003465652
v 0.028564581647515314 0.027488237246871012 0.09361983090639114
v 0.02294983156025411 0.021193703636527075 0.099238820374012
v 0.02294983156025411 0.021193703636527075 0.099238820374012
v 0.028564581647515314 0.027488237246871012 0.09361983090639114
v 0.02294983156025411 0.029893698170781156 0.09281641989946365
v 0.02294983156025411 0.021193703636527075 0.099238820374012
v 0.02294983156025411 0.029893698170781156 0.09281641989946365
v 0.017209554091095935 0.02296170219779016 0.09847790747880936
v 0.017209554091095935 0.04894151911139492 0.07105941325426102
v 0.017209554091095935 0.04617613926529887 0.0757787898182869
v 0.02294983156025411 0.04422563686966899 0.07615471631288528
v 0.02294983156025411 0.04422563686966899 0.07615471631288528
v 0.017209554091095935 0.04617613926529887 0.0757787898182869
v 0.017209554091095935 0.04304430633783343 0.08029282838106155
v 0.02294983156025411 0.04422563686966899 0.07615471631288528
v 0.017209554091095935 0.04304430633783343 0.08029282838106155
v 0.02294983156025411 0.03767431154847148 0.08504689484834671
v 0.02294983156025411 0.03767431154847148 0.08504689484834671
v 0.017209554091095935 0.04304430633783343 0.08029282838106155
v 0.017209554091095935 0.03957156091928485 0.08455974608659744
v 0.02294983156025411 0.03767431154847148 0.08504689484834671
v 0.017209554091095935 0.03957156091928485 0.08455974608659744
v 0.017209554091095935 0.0317298583686352 0.09220302850008011
v 0.017209554091095935 0.0317298583686352 0.09220302850008011
v 0.017209554091095935 0.03957156091928485 0.08455974608659744
v 0.005738519132137302 0.033750612288713476 0.0915275290608406
v 0.017209554091095935 0.0317298583686352 0.09220302850008011
v 0.005738519132137302 0.033750612288713476 0.0915275290608406
v 0.005738519132137302 0.02490776591002943 0.09764010459184647
v 0.005738519132137302 0.02490776591002943 0.09764010459184647
v 0.005738519132137302 0.033750612288713476 0.0915275290608406
v -0.005397376604378227 0.024935381487011927 0.09762764722108841
v 0.005738519132137302 0.02490776591002943 0.09764010459184647
v -0.005397376604378227 0.024935381487011927 0.09762764722108841
v -0.005397376604378227 0.015518843196332465 0.10221488028764725
v -0.005397376604378227 0.015518843196332465 0.10221488028764725
v -0.005397376604378227 0.024935381487011927 0.09762764722108841
v -0.016859784722328196 0.013724359683692464 0.10321158915758133
v -0.005397376604378227 0.015518843196332465 0.10221488028764725
v -0.016859784722328196 0.013724359683692464 0.10321158915758133
v -0.016859784722328196 0.00419447245076299 0.10647851973772049
v -0.016859784722328196 0.00419447245076299 0.10647851973772049
v -0.016859784722328196 0.013724359683692464 0.10321158915758133
v -0.022604495286941542 0.0026332363486289995 0.10759741812944412
v -0.016859784722328196 0.00419447245076299 0.10647851973772049
v -0.022604495286941542 0.0026332363486289995 0.10759741812944412
v -0.022604495286941542 -0.006956727243959908 0.10991234332323074
v -0.022604495286941542 -0.006956727243959908 0.10991234332323074
v -0.022604495286941542 0.0026332363486289995 0.10759741812944412
v -0.028229752555489557 -0.008877016603946691 0.1116761639714241
v -0.022604495286941542 -0.006956727243959908 0.10991234332323074
v -0.028229752555489557 -0.008877016603946691 0.1116761639714241
v -0.028229752555489557 -0.01849673502147199 0.11504597216844559
v -0.028229752555489557 -0.01849673502147199 0.11504597216844559
v -0.028229752555489557 -0.008877016603946691 0.1116761639714241
v -0.0336328372359276 -0.02066351287066938 0.11755115538835526
v -0.028229752555489557 -0.01849673502147199 0.11504597216844559
v -0.0336328372359276 -0.02066351287066938 0.11755115538835526
v -0.0336328372359276 -0.029509518295526525 0.12241775542497635
v -0.0336328372359276 -0.029509518295526525 0.12241775542497635
v -0.0336328372359276 -0.02066351287066938 0.11755115538835526
v -0.038712788373231916 -0.03171215578913691 0.12574703991413116
v -0.0336328372359276 -0.029509518295526525 0.12241775542497635
v -0.038712788373231916 -0.03171215578913691 0.12574703991413116
v -0.038712788373231916 -0.03921180963516238 0.1319698840379715
v -0.038712788373231916 -0.03921180963516238 0.1319698840379715
v -0.038712788373231916 -0.03171215578913691 0.12574703991413116
v -0.04337627440690997 -0.04116508737206462 0.1361275464296341
v -0.038712788373231916 -0.03921180963516238 0.1319698840379715
v -0.04337627440690997 -0.04116508737206462 0.1361275464296341
v -0.04337627440690997 -0.04687535762786869 0.14324314892292023
v -0.04337627440690997 -0.04687535762786869 0.14324314892292023
v -0.04337627440690997 -0.04116508737206462 0.1361275464296341
v -0.047540526837110554 -0.04828173294663433 0.14810998737812042
v -0.04337627440690997 -0.04687535762786869 0.14324314892292023
v -0.047540526837110554 -0.04828173294663433 0.14810998737812042
v -0.047540526837110554 -0.05201319605112079 0.15548987686634064
v -0.047540526837110554 -0.05201319605112079 0.15548987686634064
v -0.047540526837110554 -0.04828173294663433 0.14810998737812042
v -0.05114311352372173 -0.05263581499457363 0.16081853210926056
v -0.047540526837110554 -0.05201319605112079 0.15548987686634064
v -0.05114311352372173 -0.05263581499457363 0.16081853210926056
v -0.05114311352372173 -0.053645636886358296 0.16440947353839874
v -0.05114311352372173 -0.053645636886358296 0.16440947353839874
v -0.05114311352372173 -0.05263581499457363 0.16081853210926056
v -0.05271804332733158 -0.0537362135946751 0.16716714203357697
v -0.05114311352372173 -0.053645636886358296 0.16440947353839874
v -0.05271804332733158 -0.0537362135946751 0.16716714203357697
v -0.05114311352372173 -0.0536543466150761 0.1646607667207718
v -0.05114311352372173 -0.0536543466150761 0.1646607667207718
v -0.05271804332733158 -0.0537362135946751 0.16716714203357697
v -0.05271804332733158 -0.05373170599341396 0.1674150973558426
v 0.028431277722120302 0.05255120992660526 0.037000011652708054
v 0.026033025234937685 0.05405813083052639 0.037000011652708054
v 0.028564581647515314 0.05221624299883846 0.046187710016965866
v 0.028564581647515314 0.05221624299883846 0.046187710016965866
v 0.026033025234937685 0.05405813083052639 0.037000011652708054
v 0.02294983156025411 0.05488418415188793 0.04607255384325981
v 0.028564581647515314 0.05221624299883846 0.046187710016965866
v 0.02294983156025411 0.05488418415188793 0.04607255384325981
v 0.02294983156025411 0.05288419127464298 0.0563090555369854
v 0.02294983156025411 0.05288419127464298 0.0563090555369854
v 0.02294983156025411 0.05488418415188793 0.04607255384325981
v 0.017209554091095935 0.054904948920011555 0.05612744018435478
v 0.02294983156025411 0.05288419127464298 0.0563090555369854
v 0.017209554091095935 0.054904948920011555 0.05612744018435478
v 0.017209554091095935 0.05331286787986759 0.06118727847933769
v 0.017209554091095935 0.05331286787986759 0.06118727847933769
v 0.017209554091095935 0.054904948920011555 0.05612744018435478
v 0.005738519132137302 0.05552217364311222 0.060935746878385544
v 0.017209554091095935 0.05331286787986759 0.06118727847933769
v 0.005738519132137302 0.05552217364311222 0.060935746878385544
v 0.017209554091095935 0.05132421478629116 0.06618011742830276
v 0.017209554091095935 0.05132421478629116 0.06618011742830276
v 0.005738519132137302 0.05552217364311222 0.060935746878385544
v 0.005738519132137302 0.05351613834500316 0.06587613373994827
v 0.017209554091095935 0.05132421478629116 0.06618011742830276
v 0.005738519132137302 0.05351613834500316 0.06587613373994827
v 0.017209554091095935 0.04894151911139492 0.07105941325426102
v 0.017209554091095935 0.04894151911139492 0.07105941325426102
v 0.005738519132137302 0.05351613834500316 0.06587613373994827
v 0.005738519132137302 0.05111232027411464 0.07070142775774002
v 0.017209554091095935 0.04894151911139492 0.07105941325426102
v 0.005738519132137302 0.05111232027411464 0.07070142775774002
v 0.017209554091095935 0.04617613926529887 0.0757787898182869
v 0.017209554091095935 0.04617613926529887 0.0757787898182869
v 0.005738519132137302 0.05111232027411464 0.07070142775774002
v 0.005738519132137302 0.0483222454786301 0.07536441832780838
v 0.017209554091095935 0.04617613926529887 0.0757787898182869
v 0.005738519132137302 0.0483222454786301 0.07536441832780838
v 0.017209554091095935 0.04304430633783343 0.08029282838106155
v 0.017209554091095935 0.04304430633783343 0.08029282838106155
v 0.005738519132137302 0.0483222454786301 0.07536441832780838
v 0.005738519132137302 0.04516253992915156 0.07981903105974197
v 0.017209554091095935 0.04304430633783343 0.08029282838106155
v 0.005738519132137302 0.04516253992915156 0.07981903105974197
v 0.017209554091095935 0.03957156091928485 0.08455974608659744
v 0.017209554091095935 0.03957156091928485 0.08455974608659744
v 0.005738519132137302 0.04516253992915156 0.07981903105974197
v 0.005738519132137302 0.04165918380022052 0.08402294665575027
v 0.017209554091095935 0.03957156091928485 0.08455974608659744
v 0.005738519132137302 0.04165918380022052 0.08402294665575027
v 0.005738519132137302 0.033750612288713476 0.0915275290608406
v 0.005738519132137302 0.033750612288713476 0.0915275290608406
v 0.005738519132137302 0.04165918380022052 0.08402294665575027
v -0.005397376604378227 0.03377857431769373 0.09151721745729446
v 0.005738519132137302 0.033750612288713476 0.0915275290608406
v -0.005397376604378227 0.03377857431769373 0.09151721745729446
v -0.005397376604378227 0.024935381487011927 0.09762764722108841
v -0.005397376604378227 0.024935381487011927 0.09762764722108841
v -0.005397376604378227 0.03377857431769373 0.09151721745729446
v -0.016859784722328196 0.02305148728191854 0.09843761473894119
v -0.005397376604378227 0.024935381487011927 0.09762764722108841
v -0.016859784722328196 0.02305148728191854 0.09843761473894119
v -0.016859784722328196 0.013724359683692464 0.10321158915758133
v -0.016859784722328196 0.013724359683692464 0.10321158915758133
v -0.016859784722328196 0.02305148728191854 0.09843761473894119
v -0.022604495286941542 0.012071693316102037 0.10412973910570145
v -0.016859784722328196 0.013724359683692464 0.10321158915758133
v -0.022604495286941542 0.012071693316102037 0.10412973910570145
v -0.022604495286941542 0.0026332363486289995 0.10759741812944412
v -0.022604495286941542 0.0026332363486289995 0.10759741812944412
v -0.022604495286941542 0.012071693316102037 0.10412973910570145
v -0.028229752555489557 0.0005788105772808198 0.10906989127397537
v -0.022604495286941542 0.0026332363486289995 0.10759741812944412
v -0.028229752555489557 0.0005788105772808198 0.10906989127397537
v -0.028229752555489557 -0.008877016603946691 0.1116761639714241
v -0.028229752555489557 -0.008877016603946691 0.1116761639714241
v -0.028229752555489557 0.0005788105772808198 0.10906989127397537
v -0.0336328372359276 -0.011249230243265636 0.11385507136583328
v -0.028229752555489557 -0.008877016603946691 0.1116761639714241
v -0.0336328372359276 -0.011249230243265636 0.11385507136583328
v -0.0336328372359276 -0.02066351287066938 0.11755115538835526
v -0.0336328372359276 -0.02066351287066938 0.11755115538835526
v -0.0336328372359276 -0.011249230243265636 0.11385507136583328
v -0.038712788373231916 -0.02322443947196008 0.12051183730363846
v -0.0336328372359276 -0.02066351287066938 0.11755115538835526
v -0.038712788373231916 -0.02322443947196008 0.12051183730363846
v -0.038712788373231916 -0.03171215578913691 0.12574703991413116
v -0.038712788373231916 -0.03171215578913691 0.12574703991413116
v -0.038712788373231916 -0.02322443947196008 0.12051183730363846
v -0.04337627440690997 -0.034222014248371145 0.12954039871692657
v -0.038712788373231916 -0.03171215578913691 0.12574703991413116
v -0.04337627440690997 -0.034222014248371145 0.12954039871692657
v -0.04337627440690997 -0.04116508737206462 0.1361275464296341
v -0.04337627440690997 -0.04116508737206462 0.1361275464296341
v -0.04337627440690997 -0.034222014248371145 0.12954039871692657
v -0.047540526837110554 -0.03699938580393794 0.13373787701129913
v -0.04337627440690997 -0.04116508737206462 0.1361275464296341
v -0.047540526837110554 -0.03699938580393794 0.13373787701129913
v -0.047540526837110554 -0.040336206555366544 0.13715417683124542
v -0.047540526837110554 -0.040336206555366544 0.13715417683124542
v -0.047540526837110554 -0.03699938580393794 0.13373787701129913
v -0.05114311352372173 -0.039992980659008054 0.13826175034046173
v -0.047540526837110554 -0.040336206555366544 0.13715417683124542
v -0.05114311352372173 -0.039992980659008054 0.13826175034046173
v -0.05114311352372173 -0.04301952943205836 0.14190895855426788
v -0.05114311352372173 -0.04301952943205836 0.14190895855426788
v -0.05114311352372173 -0.039992980659008054 0.13826175034046173
v -0.05413822457194332 -0.04314776510000232 0.14302892982959747
v -0.05114311352372173 -0.04301952943205836 0.14190895855426788
v -0.05413822457194332 -0.04314776510000232 0.14302892982959747
v -0.05413822457194332 -0.04584734514355662 0.14691956341266632
v -0.05413822457194332 -0.04584734514355662 0.14691956341266632
v -0.05413822457194332 -0.04314776510000232 0.14302892982959747
v -0.05650582909584049 -0.046404693275690106 0.14795036613941193
v -0.05413822457194332 -0.04584734514355662 0.14691956341266632
v -0.05650582909584049 -0.046404693275690106 0.14795036613941193
v -0.05650582909584049 -0.04876673221588138 0.15209229290485382
v -0.05650582909584049 -0.04876673221588138 0.15209229290485382
v -0.05650582909584049 -0.046404693275690106 0.14795036613941193
v -0.05824340507388119 -0.049706328660249745 0.15293903648853302
v -0.05650582909584049 -0.04876673221588138 0.15209229290485382
v -0.05824340507388119 -0.049706328660249745 0.15293903648853302
v -0.05824340507388119 -0.05172619596123699 0.15733583271503448
v -0.05824340507388119 -0.05172619596123699 0.15733583271503448
v -0.05824340507388119 -0.049706328660249745 0.15293903648853302
v -0.05888218805193905 -0.05135693028569225 0.15543301403522491
v -0.05824340507388119 -0.05172619596123699 0.15733583271503448
v -0.05888218805193905 -0.05135693028569225 0.15543301403522491
v -0.05888218805193905 -0.05320573970675472 0.1599571257829666
v -0.05888218805193905 -0.05320573970675472 0.1599571257829666
v -0.05888218805193905 -0.05135693028569225 0.15543301403522491
v -0.05937164276838307 -0.05299831554293636 0.15791304409503937
v -0.05888218805193905 -0.05320573970675472 0.1599571257829666
v -0.05937164276838307 -0.05299831554293636 0.15791304409503937
v -0.05937164276838307 -0.05467702075839046 0.162563756108284
v -0.05937164276838307 -0.05467702075839046 0.162563756108284
v -0.05937164276838307 -0.05299831554293636 0.15791304409503937
v -0.05971692502498631 -0.05462308600544933 0.1603679209947586
v -0.05937164276838307 -0.05467702075839046 0.162563756108284
v -0.05971692502498631 -0.05462308600544933 0.1603679209947586
v -0.05992415919899945 -0.05756994336843495 0.16768904030323029
v -0.05992415919899945 -0.05756994336843495 0.16768904030323029
v -0.05971692502498631 -0.05462308600544933 0.1603679209947586
v -0.05992415919899945 -0.05622569844126705 0.16278918087482452
v -0.05992415919899945 -0.05756994336843495 0.16768904030323029
v -0.05992415919899945 -0.05622569844126705 0.16278918087482452
v -0.059947486966848415 -0.05940118804574017 0.16758687794208527
v -0.059947486966848415 -0.05940118804574017 0.16758687794208527
v -0.05992415919899945 -0.05622569844126705 0.16278918087482452
v -0.059947486966848415 -0.057718344032764476 0.16253919899463654
v 0.017105786129832278 0.05718190595507625 0.037000011652708054
v 0.013351256027817735 0.058495674282312435 0.037000011652708054
v 0.017209554091095935 0.05692062154412273 0.045984577387571335
v 0.017209554091095935 0.05692062154412273 0.045984577387571335
v 0.013351256027817735 0.058495674282312435 0.037000011652708054
v 0.011440484784543521 0.058337830007076305 0.045923423022031784
v 0.017209554091095935 0.05692062154412273 0.045984577387571335
v 0.011440484784543521 0.058337830007076305 0.045923423022031784
v 0.011440484784543521 0.056311152875423466 0.05600101873278618
v 0.011440484784543521 0.056311152875423466 0.05600101873278618
v 0.011440484784543521 0.058337830007076305 0.045923423022031784
v 0.005738519132137302 0.05712829157710079 0.05592740699648857
v 0.011440484784543521 0.056311152875423466 0.05600101873278618
v 0.005738519132137302 0.05712829157710079 0.05592740699648857
v 0.005738519132137302 0.05552217364311222 0.060935746878385544
v 0.005738519132137302 0.05552217364311222 0.060935746878385544
v 0.005738519132137302 0.05712829157710079 0.05592740699648857
v -0.005397376604378227 0.05555133521556858 0.060931574553251266
v 0.005738519132137302 0.05552217364311222 0.060935746878385544
v -0.005397376604378227 0.05555133521556858 0.060931574553251266
v 0.005738519132137302 0.05351613834500316 0.06587613373994827
v 0.005738519132137302 0.05351613834500316 0.06587613373994827
v -0.005397376604378227 0.05555133521556858 0.060931574553251266
v -0.005397376604378227 0.05354522913694385 0.06587106734514236
v 0.005738519132137302 0.05351613834500316 0.06587613373994827
v -0.005397376604378227 0.05354522913694385 0.06587106734514236
v 0.005738519132137302 0.05111232027411464 0.07070142775774002
v 0.005738519132137302 0.05111232027411464 0.07070142775774002
v -0.005397376604378227 0.05354522913694385 0.06587106734514236
v -0.005397376604378227 0.0511412508785725 0.07069534808397293
v 0.005738519132137302 0.05111232027411464 0.07070142775774002
v -0.005397376604378227 0.0511412508785725 0.07069534808397293
v 0.005738519132137302 0.0483222454786301 0.07536441832780838
v 0.005738519132137302 0.0483222454786301 0.07536441832780838
v -0.005397376604378227 0.0511412508785725 0.07069534808397293
v -0.005397376604378227 0.04835090413689617 0.07535738497972488
v 0.005738519132137302 0.0483222454786301 0.07536441832780838
v -0.005397376604378227 0.04835090413689617 0.07535738497972488
v 0.005738519132137302 0.04516253992915156 0.07981903105974197
v 0.005738519132137302 0.04516253992915156 0.07981903105974197
v -0.005397376604378227 0.04835090413689617 0.07535738497972488
v -0.005397376604378227 0.045190922915935544 0.07981104403734207
v 0.005738519132137302 0.04516253992915156 0.07981903105974197
v -0.005397376604378227 0.045190922915935544 0.07981104403734207
v 0.005738519132137302 0.04165918380022052 0.08402294665575027
v 0.005738519132137302 0.04165918380022052 0.08402294665575027
v -0.005397376604378227 0.045190922915935544 0.07981104403734207
v -0.005397376604378227 0.04168729484081271 0.08401400595903397
v 0.005738519132137302 0.04165918380022052 0.08402294665575027
v -0.005397376604378227 0.04168729484081271 0.08401400595903397
v -0.005397376604378227 0.03377857431769373 0.09151721745729446
v -0.005397376604378227 0.03377857431769373 0.09151721745729446
v -0.005397376604378227 0.04168729484081271 0.08401400595903397
v -0.016859784722328196 0.03182090446352961 0.09216964989900589
v -0.005397376604378227 0.03377857431769373 0.09151721745729446
v -0.016859784722328196 0.03182090446352961 0.09216964989900589
v -0.016859784722328196 0.02305148728191854 0.09843761473894119
v -0.016859784722328196 0.02305148728191854 0.09843761473894119
v -0.016859784722328196 0.03182090446352961 0.09216964989900589
v -0.022604495286941542 0.02131663076579572 0.09918374568223953
v -0.016859784722328196 0.02305148728191854 0.09843761473894119
v -0.022604495286941542 0.02131663076579572 0.09918374568223953
v -0.022604495286941542 0.012071693316102037 0.10412973910570145
v -0.022604495286941542 0.012071693316102037 0.10412973910570145
v -0.022604495286941542 0.02131663076579572 0.09918374568223953
v -0.028229752555489557 0.009896775707602508 0.10533828288316727
v -0.022604495286941542 0.012071693316102037 0.10412973910570145
v -0.028229752555489557 0.009896775707602508 0.10533828288316727
v -0.028229752555489557 0.0005788105772808198 0.10906989127397537
v -0.028229752555489557 0.0005788105772808198 0.10906989127397537
v -0.028229752555489557 0.009896775707602508 0.10533828288316727
v -0.0336328372359276 -0.001958991633728148 0.11088890582323074
v -0.028229752555489557 0.0005788105772808198 0.10906989127397537
v -0.0336328372359276 -0.001958991633728148 0.11088890582323074
v -0.0336328372359276 -0.011249230243265636 0.11385507136583328
v -0.0336328372359276 -0.011249230243265636 0.11385507136583328
v -0.0336328372359276 -0.001958991633728148 0.11088890582323074
v -0.038712788373231916 -0.014052769169211396 0.11643011122941971
v -0.0336328372359276 -0.011249230243265636 0.11385507136583328
v -0.038712788373231916 -0.014052769169211396 0.11643011122941971
v -0.038712788373231916 -0.02322443947196008 0.12051183730363846
v -0.038712788373231916 -0.02322443947196008 0.12051183730363846
v -0.038712788373231916 -0.014052769169211396 0.11643011122941971
v -0.04337627440690997 -0.02614246495068075 0.12388498336076736
v -0.038712788373231916 -0.02322443947196008 0.12051183730363846
v -0.04337627440690997 -0.02614246495068075 0.12388498336076736
v -0.04337627440690997 -0.034222014248371145 0.12954039871692657
v -0.04337627440690997 -0.034222014248371145 0.12954039871692657
v -0.04337627440690997 -0.02614246495068075 0.12388498336076736
v -0.047540526837110554 -0.02937142737209799 0.12761743366718292
v -0.04337627440690997 -0.034222014248371145 0.12954039871692657
v -0.047540526837110554 -0.02937142737209799 0.12761743366718292
v -0.047540526837110554 -0.03333195298910143 0.13054199516773224
v -0.047540526837110554 -0.03333195298910143 0.13054199516773224
v -0.047540526837110554 -0.02937142737209799 0.12761743366718292
v -0.05114311352372173 -0.03285169228911402 0.13164015114307404
v -0.047540526837110554 -0.03333195298910143 0.13054199516773224
v -0.05114311352372173 -0.03285169228911402 0.13164015114307404
v -0.05114311352372173 -0.03659078851342204 0.13481850922107697
v -0.05114311352372173 -0.03659078851342204 0.13481850922107697
v -0.05114311352372173 -0.03285169228911402 0.13164015114307404
v -0.05413822457194332 -0.03651928529143336 0.13587923347949982
v -0.05114311352372173 -0.03659078851342204 0.13481850922107697
v -0.05413822457194332 -0.03651928529143336 0.13587923347949982
v -0.05413822457194332 -0.0400250814855099 0.13932497799396515
v -0.05413822457194332 -0.0400250814855099 0.13932497799396515
v -0.05413822457194332 -0.03651928529143336 0.13587923347949982
v -0.05650582909584049 -0.04030556976795199 0.14025528728961945
v -0.05413822457194332 -0.0400250814855099 0.13932497799396515
v -0.05650582909584049 -0.04030556976795199 0.14025528728961945
v -0.05650582909584049 -0.043570555746555356 0.1439771205186844
v -0.05650582909584049 -0.043570555746555356 0.1439771205186844
v -0.05650582909584049 -0.04030556976795199 0.14025528728961945
v -0.05824340507388119 -0.04414376989006999 0.14469130337238312
v -0.05650582909584049 -0.043570555746555356 0.1439771205186844
v -0.05824340507388119 -0.04414376989006999 0.14469130337238312
v -0.05824340507388119 -0.04716468229889873 0.14869292080402374
v -0.05824340507388119 -0.04716468229889873 0.14869292080402374
v -0.05824340507388119 -0.04414376989006999 0.14469130337238312
v -0.05888218805193905 -0.04606259986758235 0.14690883457660675
v -0.05824340507388119 -0.04716468229889873 0.14869292080402374
v -0.05888218805193905 -0.04606259986758235 0.14690883457660675
v -0.05888218805193905 -0.048961509019136464 0.15105040371418
v -0.05888218805193905 -0.048961509019136464 0.15105040371418
v -0.05888218805193905 -0.04606259986758235 0.14690883457660675
v -0.05937164276838307 -0.047970701009035145 0.1491139680147171
v -0.05888218805193905 -0.048961509019136464 0.15105040371418
v -0.05937164276838307 -0.047970701009035145 0.1491139680147171
v -0.05937164276838307 -0.05074829608201984 0.15339477360248566
v -0.05937164276838307 -0.05074829608201984 0.15339477360248566
v -0.05937164276838307 -0.047970701009035145 0.1491139680147171
v -0.059561923146247905 -0.0489180609583855 0.15020890533924103
v -0.05937164276838307 -0.05074829608201984 0.15339477360248566
v -0.059561923146247905 -0.0489180609583855 0.15020890533924103
v -0.05971692502498631 -0.04985947906970981 0.15129680931568146
v -0.05971692502498631 -0.04985947906970981 0.15129680931568146
v -0.059561923146247905 -0.0489180609583855 0.15020890533924103
v -0.05971692502498631 -0.04672058299183848 0.1472063809633255
v -0.05971692502498631 -0.04985947906970981 0.15129680931568146
v -0.05971692502498631 -0.04672058299183848 0.1472063809633255
v -0.05992415919899945 -0.05172248557209972 0.15344984829425812
v -0.05992415919899945 -0.05172248557209972 0.15344984829425812
v -0.05971692502498631 -0.04672058299183848 0.1472063809633255
v -0.05992415919899945 -0.045245345681905774 0.14508087933063507
v -0.05992415919899945 -0.05172248557209972 0.15344984829425812
v -0.05992415919899945 -0.045245345681905774 0.14508087933063507
v -0.05999948084354405 -0.04726612195372585 0.14693696796894073
v -0.05999948084354405 -0.04726612195372585 0.14693696796894073
v -0.05992415919899945 -0.045245345681905774 0.14508087933063507
v -0.05999948084354405 -0.04048582166433337 0.1385088711977005
v -0.05999948084354405 -0.04726612195372585 0.14693696796894073
v -0.05999948084354405 -0.04048582166433337 0.1385088711977005
v -0.059947486966848415 -0.042645685374736814 0.14005739986896515
v -0.059947486966848415 -0.042645685374736814 0.14005739986896515
v -0.05999948084354405 -0.04048582166433337 0.1385088711977005
v -0.059947486966848415 -0.035870835185050985 0.13077659904956818
v -0.059947486966848415 -0.042645685374736814 0.14005739986896515
v -0.059947486966848415 -0.035870835185050985 0.13077659904956818
v -0.059444963932037395 -0.04702768847346309 0.143199160695076
v -0.059444963932037395 -0.04702768847346309 0.143199160695076
v -0.059947486966848415 -0.035870835185050985 0.13077659904956818
v -0.059444963932037395 -0.04051099717617038 0.13335593044757843
v -0.059444963932037395 -0.04702768847346309 0.143199160695076
v -0.059444963932037395 -0.04051099717617038 0.13335593044757843
v -0.05837079882621769 -0.04524990916252139 0.1359902173280716
v -0.05837079882621769 -0.04524990916252139 0.1359902173280716
v -0.059444963932037395 -0.04051099717617038 0.13335593044757843
v -0.059444963932037395 -0.033876340836286566 0.12292713671922684
v -0.05837079882621769 -0.04524990916252139 0.1359902173280716
v -0.059444963932037395 -0.033876340836286566 0.12292713671922684
v -0.05837079882621769 -0.03885035216808322 0.1250670701265335
v -0.05837079882621769 -0.03885035216808322 0.1250670701265335
v -0.059444963932037395 -0.033876340836286566 0.12292713671922684
v -0.059444963932037395 -0.027316486462950724 0.11190492659807205
v -0.05837079882621769 -0.03885035216808322 0.1250670701265335
v -0.059444963932037395 -0.027316486462950724 0.11190492659807205
v -0.05837079882621769 -0.03248324617743494 0.1136295273900032
v -0.05837079882621769 -0.03248324617743494 0.1136295273900032
v -0.059444963932037395 -0.027316486462950724 0.11190492659807205
v -0.059444963932037395 -0.021457584574818625 0.10018820315599442
v -0.05837079882621769 -0.03248324617743494 0.1136295273900032
v -0.059444963932037395 -0.021457584574818625 0.10018820315599442
v -0.05837079882621769 -0.026797300204634684 0.10155672580003738
v -0.05837079882621769 -0.026797300204634684 0.10155672580003738
v -0.059444963932037395 -0.021457584574818625 0.10018820315599442
v -0.059444963932037395 -0.016571754589676867 0.08783770352602005
v -0.05837079882621769 -0.026797300204634684 0.10155672580003738
v -0.059444963932037395 -0.016571754589676867 0.08783770352602005
v -0.05837079882621769 -0.022061679512262358 0.0888938382267952
v -0.05837079882621769 -0.022061679512262358 0.0888938382267952
v -0.059444963932037395 -0.016571754589676867 0.08783770352602005
v -0.059444963932037395 -0.012770035304129132 0.07502824813127518
v -0.05837079882621769 -0.022061679512262358 0.0888938382267952
v -0.059444963932037395 -0.012770035304129132 0.07502824813127518
v -0.05837079882621769 -0.018377628177404418 0.07580310851335526
v -0.05837079882621769 -0.018377628177404418 0.07580310851335526
v -0.059444963932037395 -0.012770035304129132 0.07502824813127518
v -0.059444963932037395 -0.010106390342116363 0.061953794211149216
v -0.05837079882621769 -0.018377628177404418 0.07580310851335526
v -0.059444963932037395 -0.010106390342116363 0.061953794211149216
v -0.05837079882621769 -0.01579425111413003 0.06246400997042656
v -0.05837079882621769 -0.01579425111413003 0.06246400997042656
v -0.059444963932037395 -0.010106390342116363 0.061953794211149216
v -0.059444963932037395 -0.008581416681408887 0.04880930110812187
v -0.05837079882621769 -0.01579425111413003 0.06246400997042656
v -0.059444963932037395 -0.008581416681408887 0.04880930110812187
v -0.05837079882621769 -0.014312615618109712 0.04905654117465019
v -0.05837079882621769 -0.014312615618109712 0.04905654117465019
v -0.059444963932037395 -0.008581416681408887 0.04880930110812187
v -0.05908706784248356 -0.008102484047412878 0.037000011652708054
v -0.05837079882621769 -0.014312615618109712 0.04905654117465019
v -0.05908706784248356 -0.008102484047412878 0.037000011652708054
v -0.058495674282312435 -0.013351256027817735 0.037000011652708054
v 0.02277721837162973 -0.08439180254936224 0.2280917912721634
v 0.017091557383537303 -0.08866681158542639 0.22275717556476593
v 0.02277721837162973 -0.08763245493173605 0.2209230214357376
v 0.02277721837162973 -0.08763245493173605 0.2209230214357376
v 0.017091557383537303 -0.08866681158542639 0.22275717556476593
v 0.02277721837162973 -0.08976266533136373 0.21343274414539337
v 0.02277721837162973 -0.08763245493173605 0.2209230214357376
v 0.02277721837162973 -0.08976266533136373 0.21343274414539337
v 0.028397269546985644 -0.08627074956893926 0.21850891411304474
v 0.028397269546985644 -0.08627074956893926 0.21850891411304474
v 0.02277721837162973 -0.08976266533136373 0.21343274414539337
v 0.028397269546985644 -0.08824345469474798 0.21113570034503937
v 0.028397269546985644 -0.08627074956893926 0.21850891411304474
v 0.028397269546985644 -0.08824345469474798 0.21113570034503937
v 0.033792003989219686 -0.08459088206291204 0.21553130447864532
v 0.033792003989219686 -0.08459088206291204 0.21553130447864532
v 0.028397269546985644 -0.08824345469474798 0.21113570034503937
v 0.033792003989219686 -0.08636930584907537 0.2083025723695755
v 0.033792003989219686 -0.08459088206291204 0.21553130447864532
v 0.033792003989219686 -0.08636930584907537 0.2083025723695755
v 0.03886068984866145 -0.08260776847600942 0.2120165377855301
v 0.03886068984866145 -0.08260776847600942 0.2120165377855301
v 0.033792003989219686 -0.08636930584907537 0.2083025723695755
v 0.03886068984866145 -0.08415684849023825 0.20495839416980743
v 0.03886068984866145 -0.08260776847600942 0.2120165377855301
v 0.03886068984866145 -0.08415684849023825 0.20495839416980743
v 0.0435101427137852 -0.08035020530223852 0.20801563560962677
v 0.0435101427137852 -0.08035020530223852 0.20801563560962677
v 0.03886068984866145 -0.08415684849023825 0.20495839416980743
v 0.0435101427137852 -0.08163823187351232 0.2011518031358719
v 0.0435101427137852 -0.08035020530223852 0.20801563560962677
v 0.0435101427137852 -0.08163823187351232 0.2011518031358719
v 0.04765824973583225 -0.07785413414239889 0.20359237492084503
v 0.04765824973583225 -0.07785413414239889 0.20359237492084503
v 0.0435101427137852 -0.08163823187351232 0.2011518031358719
v 0.04765824973583225 -0.07885353267192846 0.19694335758686066
v 0.04765824973583225 -0.07785413414239889 0.20359237492084503
v 0.04765824973583225 -0.07885353267192846 0.19694335758686066
v 0.05124292895197872 -0.07516568154096609 0.19882841408252716
v 0.05124292895197872 -0.07516568154096609 0.19882841408252716
v 0.04765824973583225 -0.07885353267192846 0.19694335758686066
v 0.05124292895197872 -0.07585421949625021 0.1924109011888504
v 0.05124292895197872 -0.07516568154096609 0.19882841408252716
v 0.05124292895197872 -0.07585421949625021 0.1924109011888504
v 0.054219275712966954 -0.07233431190252308 0.19381149113178253
v 0.054219275712966954 -0.07233431190252308 0.19381149113178253
v 0.05124292895197872 -0.07585421949625021 0.1924109011888504
v 0.054219275712966954 -0.07269546389579777 0.18763764202594757
v 0.054219275712966954 -0.07233431190252308 0.19381149113178253
v 0.054219275712966954 -0.07269546389579777 0.18763764202594757
v 0.05656765401363376 -0.06941297650337223 0.1886354237794876
v 0.05656765401363376 -0.06941297650337223 0.1886354237794876
v 0.054219275712966954 -0.07269546389579777 0.18763764202594757
v 0.05656765401363376 -0.06943636387586598 0.18271298706531525
v 0.05656765401363376 -0.06941297650337223 0.1886354237794876
v 0.05656765401363376 -0.06943636387586598 0.18271298706531525
v 0.05828642845153813 -0.06645305454730992 0.1833910495042801
v 0.05828642845153813 -0.06645305454730992 0.1833910495042801
v 0.05656765401363376 -0.06943636387586598 0.18271298706531525
v 0.05828642845153813 -0.06613422185182576 0.1777234822511673
v 0.05828642845153813 -0.06645305454730992 0.1833910495042801
v 0.05828642845153813 -0.06613422185182576 0.1777234822511673
v 0.05939660966396336 -0.06350326538085942 0.17816491425037384
v 0.05939660966396336 -0.06350326538085942 0.17816491425037384
v 0.05828642845153813 -0.06613422185182576 0.1777234822511673
v 0.05939660966396336 -0.06284338980913166 0.1727512627840042
v 0.05939660966396336 -0.06350326538085942 0.17816491425037384
v 0.05939660966396336 -0.06284338980913166 0.1727512627840042
v 0.05994019284844403 -0.0577662363648415 0.16800101101398468
v 0.05994019284844403 -0.0577662363648415 0.16800101101398468
v 0.05939660966396336 -0.06284338980913166 0.1727512627840042
v 0.05993241816759114 -0.05961848795413975 0.16787882149219513
v 0.05994019284844403 -0.0577662363648415 0.16800101101398468
v 0.05993241816759114 -0.05961848795413975 0.16787882149219513
v 0.05994019284844403 -0.05644309148192409 0.1630813628435135
v 0.05994019284844403 -0.05644309148192409 0.1630813628435135
v 0.05993241816759114 -0.05961848795413975 0.16787882149219513
v 0.05993241816759114 -0.05795245617628102 0.16280992329120636
v 0.05994019284844403 -0.05644309148192409 0.1630813628435135
v 0.05993241816759114 -0.05795245617628102 0.16280992329120636
v 0.05994019284844403 -0.05449578538537029 0.1582750827074051
v 0.05994019284844403 -0.05449578538537029 0.1582750827074051
v 0.05993241816759114 -0.05795245617628102 0.16280992329120636
v 0.05993241816759114 -0.055656503885984455 0.15796835720539093
v 0.05994019284844403 -0.05449578538537029 0.1582750827074051
v 0.05993241816759114 -0.055656503885984455 0.15796835720539093
v 0.05999994277954106 -0.053810626268386876 0.15583522617816925
v 0.05999994277954106 -0.053810626268386876 0.15583522617816925
v 0.05993241816759114 -0.055656503885984455 0.15796835720539093
v 0.05993241816759114 -0.05280555039644245 0.15346141159534454
v 0.05999994277954106 -0.053810626268386876 0.15583522617816925
v 0.05993241816759114 -0.05280555039644245 0.15346141159534454
v 0.05999994277954106 -0.05086380988359455 0.15146155655384064
v 0.05999994277954106 -0.05086380988359455 0.15146155655384064
v 0.05993241816759114 -0.05280555039644245 0.15346141159534454
v 0.05993241816759114 -0.0495330169796944 0.14901919662952423
v 0.05999994277954106 -0.05086380988359455 0.15146155655384064
v 0.05993241816759114 -0.0495330169796944 0.14901919662952423
v 0.05999994277954106 -0.0475128069519997 0.14716358482837677
v 0.05999994277954106 -0.0475128069519997 0.14716358482837677
v 0.05993241816759114 -0.0495330169796944 0.14901919662952423
v 0.05993241816759114 -0.03615289181470873 0.1309424191713333
v 0.05999994277954106 -0.0475128069519997 0.14716358482837677
v 0.05993241816759114 -0.03615289181470873 0.1309424191713333
v 0.05999994277954106 -0.03386472538113596 0.12967057526111603
v 0.05999994277954106 -0.03386472538113596 0.12967057526111603
v 0.05993241816759114 -0.03615289181470873 0.1309424191713333
v 0.05939660966396336 -0.03417596220970156 0.12306172400712967
v 0.05999994277954106 -0.03386472538113596 0.12967057526111603
v 0.05939660966396336 -0.03417596220970156 0.12306172400712967
v 0.05994019284844403 -0.03157712891697886 0.12839896976947784
v 0.05994019284844403 -0.03157712891697886 0.12839896976947784
v 0.05939660966396336 -0.03417596220970156 0.12306172400712967
v 0.05994019284844403 -0.02449531853199007 0.11889690905809402
v 0.05994019284844403 -0.03157712891697886 0.12839896976947784
v 0.05994019284844403 -0.02449531853199007 0.11889690905809402
v 0.05942105129361157 -0.02693342976272108 0.12581761181354523
v 0.05942105129361157 -0.02693342976272108 0.12581761181354523
v 0.05994019284844403 -0.02449531853199007 0.11889690905809402
v 0.05942105129361157 -0.019621219485998168 0.11680001765489578
v 0.05942105129361157 -0.02693342976272108 0.12581761181354523
v 0.05942105129361157 -0.019621219485998168 0.11680001765489578
v 0.058328893035650295 -0.022192701697349562 0.12318236380815506
v 0.058328893035650295 -0.022192701697349562 0.12318236380815506
v 0.05942105129361157 -0.019621219485998168 0.11680001765489578
v 0.058328893035650295 -0.014645298011600982 0.1146591380238533
v 0.058328893035650295 -0.022192701697349562 0.12318236380815506
v 0.058328893035650295 -0.014645298011600982 0.1146591380238533
v 0.056628901511430775 -0.017433099448680888 0.12053651362657547
v 0.056628901511430775 -0.017433099448680888 0.12053651362657547
v 0.058328893035650295 -0.014645298011600982 0.1146591380238533
v 0.056628901511430775 -0.009649585932493217 0.11250979453325272
v 0.056628901511430775 -0.017433099448680888 0.12053651362657547
v 0.056628901511430775 -0.009649585932493217 0.11250979453325272
v 0.05429974943399433 -0.012732897885143766 0.11792368441820145
v 0.05429974943399433 -0.012732897885143766 0.11792368441820145
v 0.056628901511430775 -0.009649585932493217 0.11250979453325272
v 0.05429974943399433 -0.004716241266578439 0.11038727313280106
v 0.05429974943399433 -0.012732897885143766 0.11792368441820145
v 0.05429974943399433 -0.004716241266578439 0.11038727313280106
v 0.05134218186140064 -0.008174517191946512 0.11538953334093094
v 0.05134218186140064 -0.008174517191946512 0.11538953334093094
v 0.05429974943399433 -0.004716241266578439 0.11038727313280106
v 0.05134218186140064 6.822444265708331e-05 0.10832876712083817
v 0.05134218186140064 -0.008174517191946512 0.11538953334093094
v 0.05134218186140064 6.822444265708331e-05 0.10832876712083817
v 0.04777545109391216 -0.0038431626744568374 0.11298162490129471
v 0.04777545109391216 -0.0038431626744568374 0.11298162490129471
v 0.05134218186140064 6.822444265708331e-05 0.10832876712083817
v 0.04777545109391216 0.004614379722625021 0.10637278109788895
v 0.04777545109391216 -0.0038431626744568374 0.11298162490129471
v 0.04777545109391216 0.004614379722625021 0.10637278109788895
v 0.04364354535937312 0.00018144115165341656 0.1107441857457161
v 0.04364354535937312 0.00018144115165341656 0.1107441857457161
v 0.04777545109391216 0.004614379722625021 0.10637278109788895
v 0.04364354535937312 0.008838545531034475 0.10455519706010818
v 0.04364354535937312 0.00018144115165341656 0.1107441857457161
v 0.04364354535937312 0.008838545531034475 0.10455519706010818
v 0.039008203893899945 0.003824864979833367 0.10871858149766922
v 0.039008203893899945 0.003824864979833367 0.10871858149766922
v 0.04364354535937312 0.008838545531034475 0.10455519706010818
v 0.039008203893899945 0.012662600725889215 0.10290975123643875
v 0.039008203893899945 0.003824864979833367 0.10871858149766922
v 0.039008203893899945 0.012662600725889215 0.10290975123643875
v 0.03395087271928789 0.007028767373412852 0.1069372370839119
v 0.03395087271928789 0.007028767373412852 0.1069372370839119
v 0.039008203893899945 0.012662600725889215 0.10290975123643875
v 0.03395087271928789 0.01602531224489213 0.10146290808916092
v 0.03395087271928789 0.007028767373412852 0.1069372370839119
v 0.03395087271928789 0.01602531224489213 0.10146290808916092
v 0.028564581647515314 0.009746439754962928 0.10542614012956619
v 0.028564581647515314 0.009746439754962928 0.10542614012956619
v 0.03395087271928789 0.01602531224489213 0.10146290808916092
v 0.028564581647515314 0.018877658993005766 0.10023541003465652
v 0.028564581647515314 0.009746439754962928 0.10542614012956619
v 0.028564581647515314 0.018877658993005766 0.10023541003465652
v 0.02294983156025411 0.011953172273933896 0.10419911891222
v 0.02294983156025411 0.011953172273933896 0.10419911891222
v 0.028564581647515314 0.018877658993005766 0.10023541003465652
v 0.02294983156025411 0.021193703636527075 0.099238820374012
v 0.02294983156025411 0.011953172273933896 0.10419911891222
v 0.02294983156025411 0.021193703636527075 0.099238820374012
v 0.017209554091095935 0.01363776810467244 0.10326225310564041
v 0.017209554091095935 0.01363776810467244 0.10326225310564041
v 0.02294983156025411 0.021193703636527075 0.099238820374012
v 0.017209554091095935 0.02296170219779016 0.09847790747880936
v 0.017209554091095935 0.01363776810467244 0.10326225310564041
v 0.017209554091095935 0.02296170219779016 0.09847790747880936
v 0.005738519132137302 0.015492189675569545 0.10223061591386795
v -0.05437964573502544 -0.06893865764141087 0.2051296979188919
v -0.05668956786394123 -0.06682541966438298 0.19954271614551544
v -0.05668956786394123 -0.06839802861213688 0.19408102333545685
v -0.05668956786394123 -0.06839802861213688 0.19408102333545685
v -0.05668956786394123 -0.06682541966438298 0.19954271614551544
v -0.05837079882621769 -0.06582684069871907 0.1886102706193924
v -0.05668956786394123 -0.06839802861213688 0.19408102333545685
v -0.05837079882621769 -0.06582684069871907 0.1886102706193924
v -0.05837079882621769 -0.06625083833932881 0.18306763470172882
v -0.05837079882621769 -0.06625083833932881 0.18306763470172882
v -0.05837079882621769 -0.06582684069871907 0.1886102706193924
v -0.059444963932037395 -0.06330283731222157 0.17784519493579865
v -0.05837079882621769 -0.06625083833932881 0.18306763470172882
v -0.059444963932037395 -0.06330283731222157 0.17784519493579865
v -0.059444963932037395 -0.06262136995792393 0.17245180904865265
v -0.059444963932037395 -0.06262136995792393 0.17245180904865265
v -0.059444963932037395 -0.06330283731222157 0.17784519493579865
v -0.059947486966848415 -0.05940118804574017 0.16758687794208527
v -0.059444963932037395 -0.06262136995792393 0.17245180904865265
v -0.059947486966848415 -0.05940118804574017 0.16758687794208527
v -0.059444963932037395 -0.06122375652194027 0.16713793575763702
v -0.059444963932037395 -0.06122375652194027 0.16713793575763702
v -0.059947486966848415 -0.05940118804574017 0.16758687794208527
v -0.059947486966848415 -0.057718344032764476 0.16253919899463654
v -0.059444963932037395 -0.06122375652194027 0.16713793575763702
v -0.059947486966848415 -0.057718344032764476 0.16253919899463654
v -0.059444963932037395 -0.059157229959964794 0.16204150021076202
v -0.059444963932037395 -0.059157229959964794 0.16204150021076202
v -0.059947486966848415 -0.057718344032764476 0.16253919899463654
v -0.059947486966848415 -0.05541390553116802 0.15771575272083282
v -0.059444963932037395 -0.059157229959964794 0.16204150021076202
v -0.059947486966848415 -0.05541390553116802 0.15771575272083282
v -0.059444963932037395 -0.05650113523006443 0.15727944672107697
v -0.059444963932037395 -0.05650113523006443 0.15727944672107697
v -0.059947486966848415 -0.05541390553116802 0.15771575272083282
v -0.059444963932037395 -0.05338215455412868 0.1525547057390213
v -0.059444963932037395 -0.05650113523006443 0.15727944672107697
v -0.059444963932037395 -0.05338215455412868 0.1525547057390213
v -0.05837079882621769 -0.05756610259413723 0.15639765560626984
v -0.05837079882621769 -0.05756610259413723 0.15639765560626984
v -0.059444963932037395 -0.05338215455412868 0.1525547057390213
v -0.05837079882621769 -0.04524990916252139 0.1359902173280716
v -0.05837079882621769 -0.05756610259413723 0.15639765560626984
v -0.05837079882621769 -0.04524990916252139 0.1359902173280716
v -0.05668956786394123 -0.06176882237195973 0.16025789082050323
v -0.05668956786394123 -0.06176882237195973 0.16025789082050323
v -0.05837079882621769 -0.04524990916252139 0.1359902173280716
v -0.05668956786394123 -0.05001008883118633 0.13863630592823029
v -0.05668956786394123 -0.06176882237195973 0.16025789082050323
v -0.05668956786394123 -0.05001008883118633 0.13863630592823029
v -0.05437964573502544 -0.0659212097525597 0.16407187283039093
v -0.05437964573502544 -0.0659212097525597 0.16407187283039093
v -0.05668956786394123 -0.05001008883118633 0.13863630592823029
v -0.05437964573502544 -0.0547132641077042 0.14125080406665802
v -0.05437964573502544 -0.0659212097525597 0.16407187283039093
v -0.05437964573502544 -0.0547132641077042 0.14125080406665802
v -0.05144087597727779 -0.06995064765214924 0.16777296364307404
v -0.05144087597727779 -0.06995064765214924 0.16777296364307404
v -0.05437964573502544 -0.0547132641077042 0.14125080406665802
v -0.05144087597727779 -0.05927719920873646 0.14378805458545685
v -0.05144087597727779 -0.06995064765214924 0.16777296364307404
v -0.05144087597727779 -0.05927719920873646 0.14378805458545685
v -0.04789213836193088 -0.07378188520669943 0.1712920218706131
v -0.04789213836193088 -0.07378188520669943 0.1712920218706131
v -0.05144087597727779 -0.05927719920873646 0.14378805458545685
v -0.04789213836193088 -0.0636166483163834 0.14620037376880646
v -0.04789213836193088 -0.07378188520669943 0.1712920218706131
v -0.04789213836193088 -0.0636166483163834 0.14620037376880646
v -0.043776482343673734 -0.07734433561563497 0.1745641976594925
v -0.043776482343673734 -0.07734433561563497 0.1745641976594925
v -0.04789213836193088 -0.0636166483163834 0.14620037376880646
v -0.043776482343673734 -0.06765166670084004 0.14844365417957306
v -0.043776482343673734 -0.07734433561563497 0.1745641976594925
v -0.043776482343673734 -0.06765166670084004 0.14844365417957306
v -0.0391553342342377 -0.08057209104299551 0.17752893269062042
v -0.0391553342342377 -0.08057209104299551 0.17752893269062042
v -0.043776482343673734 -0.06765166670084004 0.14844365417957306
v -0.0391553342342377 -0.07130760699510579 0.15047629177570343
v -0.0391553342342377 -0.08057209104299551 0.17752893269062042
v -0.0391553342342377 -0.07130760699510579 0.15047629177570343
v -0.034109439700841925 -0.0834131464362145 0.18013842403888702
v -0.034109439700841925 -0.0834131464362145 0.18013842403888702
v -0.0391553342342377 -0.07130760699510579 0.15047629177570343
v -0.034109439700841925 -0.07452555745840078 0.15226538479328156
v -0.034109439700841925 -0.0834131464362145 0.18013842403888702
v -0.034109439700841925 -0.07452555745840078 0.15226538479328156
v -0.028731683269143125 -0.08582594990730291 0.1823546439409256
v -0.028731683269143125 -0.08582594990730291 0.1823546439409256
v -0.034109439700841925 -0.07452555745840078 0.15226538479328156
v -0.028731683269143125 -0.07725846022367483 0.15378494560718536
v -0.028731683269143125 -0.08582594990730291 0.1823546439409256
v -0.028731683269143125 -0.07725846022367483 0.15378494560718536
v -0.02312232926487924 -0.0877880603075028 0.1841568499803543
v -0.02312232926487924 -0.0877880603075028 0.1841568499803543
v -0.028731683269143125 -0.07725846022367483 0.15378494560718536
v -0.02312232926487924 -0.07948088645935064 0.15502066910266876
v -0.02312232926487924 -0.0877880603075028 0.1841568499803543
v -0.02312232926487924 -0.07948088645935064 0.15502066910266876
v -0.017384400591254245 -0.0892892554402352 0.1855357438325882
v -0.017384400591254245 -0.0892892554402352 0.1855357438325882
v -0.02312232926487924 -0.07948088645935064 0.15502066910266876
v -0.017384400591254245 -0.08118127286434179 0.1559663563966751
v -0.017384400591254245 -0.0892892554402352 0.1855357438325882
v -0.017384400591254245 -0.08118127286434179 0.1559663563966751
v -0.011614818125963218 -0.09033793210983282 0.1864989548921585
v -0.011614818125963218 -0.09033793210983282 0.1864989548921585
v -0.017384400591254245 -0.08118127286434179 0.1559663563966751
v -0.011614818125963218 -0.08236911892890936 0.15662701427936554
v -0.011614818125963218 -0.09033793210983282 0.1864989548921585
v -0.011614818125963218 -0.08236911892890936 0.15662701427936554
v -0.003546169260516765 -0.08330520987510687 0.15714795887470245
v -0.003546169260516765 -0.08330520987510687 0.15714795887470245
v -0.011614818125963218 -0.08236911892890936 0.15662701427936554
v -0.003546169260516765 -0.07879213243722921 0.1422535926103592
v -0.003546169260516765 -0.08330520987510687 0.15714795887470245
v -0.003546169260516765 -0.07879213243722921 0.1422535926103592
v 0.00299041345715523 -0.0787022933363915 0.14221520721912384
v 0.00299041345715523 -0.0787022933363915 0.14221520721912384
v -0.003546169260516765 -0.07879213243722921 0.1422535926103592
v 0.00299041345715523 -0.07387603819370275 0.12745101749897003
v 0.00299041345715523 -0.0787022933363915 0.14221520721912384
v 0.00299041345715523 -0.07387603819370275 0.12745101749897003
v 0.011821994557976731 -0.07296665757894522 0.1271483451128006
v 0.011821994557976731 -0.07296665757894522 0.1271483451128006
v 0.00299041345715523 -0.07387603819370275 0.12745101749897003
v 0.00299041345715523 -0.06957198679447178 0.11252851039171219
v 0.011821994557976731 -0.07296665757894522 0.1271483451128006
v 0.00299041345715523 -0.06957198679447178 0.11252851039171219
v 0.011821994557976731 -0.06863152980804448 0.11228889971971512
v 0.011821994557976731 -0.06863152980804448 0.11228889971971512
v 0.00299041345715523 -0.06957198679447178 0.11252851039171219
v 0.00299041345715523 -0.06603849679231648 0.09736091643571854
v 0.011821994557976731 -0.06863152980804448 0.11228889971971512
v 0.00299041345715523 -0.06603849679231648 0.09736091643571854
v 0.011821994557976731 -0.06507138907909397 0.09717614203691483
v 0.011821994557976731 -0.06507138907909397 0.09717614203691483
v 0.00299041345715523 -0.06603849679231648 0.09736091643571854
v 0.00299041345715523 -0.06329614669084553 0.08201540261507034
v 0.011821994557976731 -0.06507138907909397 0.09717614203691483
v 0.00299041345715523 -0.06329614669084553 0.08201540261507034
v 0.011821994557976731 -0.06230815872550015 0.08187974244356155
v 0.011821994557976731 -0.06230815872550015 0.08187974244356155
v 0.00299041345715523 -0.06329614669084553 0.08201540261507034
v 0.00299041345715523 -0.06135595217347149 0.06655389815568924
v 0.011821994557976731 -0.06230815872550015 0.08187974244356155
v 0.00299041345715523 -0.06135595217347149 0.06655389815568924
v 0.011821994557976731 -0.06035386025905613 0.06646455079317093
v 0.011821994557976731 -0.06035386025905613 0.06646455079317093
v 0.00299041345715523 -0.06135595217347149 0.06655389815568924
v 0.00299041345715523 -0.060224231332540554 0.05103791877627373
v 0.011821994557976731 -0.06035386025905613 0.06646455079317093
v 0.00299041345715523 -0.060224231332540554 0.05103791877627373
v 0.011821994557976731 -0.05921497568488125 0.05099446699023247
v 0.011821994557976731 -0.05921497568488125 0.05099446699023247
v 0.00299041345715523 -0.060224231332540554 0.05103791877627373
v 0.01179782487452031 -0.05867070332169537 0.037000011652708054
v 0.011821994557976731 -0.05921497568488125 0.05099446699023247
v 0.01179782487452031 -0.05867070332169537 0.037000011652708054
v 0.013351256027817735 -0.058495674282312435 0.037000011652708054
v 0.04765641316771511 0.036221303045749685 0.037000011652708054
v 0.04690988734364513 0.03740938752889636 0.037000011652708054
v 0.04777545109391216 0.03578380495309832 0.04689682647585869
v 0.04777545109391216 0.03578380495309832 0.04689682647585869
v 0.04690988734364513 0.03740938752889636 0.037000011652708054
v 0.04364354535937312 0.04065058752894404 0.04668683931231499
v 0.04777545109391216 0.03578380495309832 0.04689682647585869
v 0.04364354535937312 0.04065058752894404 0.04668683931231499
v 0.04364354535937312 0.03875915706157687 0.05757708474993706
v 0.04364354535937312 0.03875915706157687 0.05757708474993706
v 0.04364354535937312 0.04065058752894404 0.04668683931231499
v 0.039008203893899945 0.0431313328444958 0.05718470737338066
v 0.04364354535937312 0.03875915706157687 0.05757708474993706
v 0.039008203893899945 0.0431313328444958 0.05718470737338066
v 0.039008203893899945 0.03971682861447337 0.06778604537248611
v 0.039008203893899945 0.03971682861447337 0.06778604537248611
v 0.039008203893899945 0.0431313328444958 0.05718470737338066
v 0.03395087271928789 0.043507080525159864 0.06726182252168655
v 0.039008203893899945 0.03971682861447337 0.06778604537248611
v 0.03395087271928789 0.043507080525159864 0.06726182252168655
v 0.03395087271928789 0.03852279111742976 0.07725317031145096
v 0.03395087271928789 0.03852279111742976 0.07725317031145096
v 0.03395087271928789 0.043507080525159864 0.06726182252168655
v 0.028564581647515314 0.041670206934213666 0.07664705067873001
v 0.03395087271928789 0.03852279111742976 0.07725317031145096
v 0.028564581647515314 0.041670206934213666 0.07664705067873001
v 0.028564581647515314 0.03518868982791903 0.08568478375673294
v 0.028564581647515314 0.03518868982791903 0.08568478375673294
v 0.028564581647515314 0.041670206934213666 0.07664705067873001
v 0.02294983156025411 0.03767431154847148 0.08504689484834671
v 0.028564581647515314 0.03518868982791903 0.08568478375673294
v 0.02294983156025411 0.03767431154847148 0.08504689484834671
v 0.02294983156025411 0.029893698170781156 0.09281641989946365
v 0.02294983156025411 0.029893698170781156 0.09281641989946365
v 0.02294983156025411 0.03767431154847148 0.08504689484834671
v 0.017209554091095935 0.0317298583686352 0.09220302850008011
v 0.02294983156025411 0.029893698170781156 0.09281641989946365
v 0.017209554091095935 0.0317298583686352 0.09220302850008011
v 0.017209554091095935 0.02296170219779016 0.09847790747880936
v 0.017209554091095935 0.02296170219779016 0.09847790747880936
v 0.017209554091095935 0.0317298583686352 0.09220302850008011
v 0.005738519132137302 0.02490776591002943 0.09764010459184647
v 0.017209554091095935 0.02296170219779016 0.09847790747880936
v 0.005738519132137302 0.02490776591002943 0.09764010459184647
v 0.005738519132137302 0.015492189675569545 0.10223061591386795
v 0.005738519132137302 0.015492189675569545 0.10223061591386795
v 0.005738519132137302 0.02490776591002943 0.09764010459184647
v -0.005397376604378227 0.015518843196332465 0.10221488028764725
v 0.005738519132137302 0.015492189675569545 0.10223061591386795
v -0.005397376604378227 0.015518843196332465 0.10221488028764725
v -0.005397376604378227 0.005890135653316979 0.10526377707719803
v -0.005397376604378227 0.005890135653316979 0.10526377707719803
v -0.005397376604378227 0.015518843196332465 0.10221488028764725
v -0.016859784722328196 0.00419447245076299 0.10647851973772049
v -0.005397376604378227 0.005890135653316979 0.10526377707719803
v -0.016859784722328196 0.00419447245076299 0.10647851973772049
v -0.011092000640928752 -0.004489393904805186 0.10764605551958084
v -0.011092000640928752 -0.004489393904805186 0.10764605551958084
v -0.016859784722328196 0.00419447245076299 0.10647851973772049
v -0.016859784722328196 -0.005497529171407226 0.10857207328081131
v -0.011092000640928752 -0.004489393904805186 0.10764605551958084
v -0.016859784722328196 -0.005497529171407226 0.10857207328081131
v -0.016859784722328196 -0.015410415828228007 0.11147672683000565
v -0.016859784722328196 -0.015410415828228007 0.11147672683000565
v -0.016859784722328196 -0.005497529171407226 0.10857207328081131
v -0.022604495286941542 -0.01674291491508485 0.11301786452531815
v -0.016859784722328196 -0.015410415828228007 0.11147672683000565
v -0.022604495286941542 -0.01674291491508485 0.11301786452531815
v -0.022604495286941542 -0.02613767050206663 0.11732012778520584
v -0.022604495286941542 -0.02613767050206663 0.11732012778520584
v -0.022604495286941542 -0.01674291491508485 0.11301786452531815
v -0.028229752555489557 -0.02764596603810789 0.11960060149431229
v -0.022604495286941542 -0.02613767050206663 0.11732012778520584
v -0.028229752555489557 -0.02764596603810789 0.11960060149431229
v -0.028229752555489557 -0.0360473729670048 0.12523312866687775
v -0.028229752555489557 -0.0360473729670048 0.12523312866687775
v -0.028229752555489557 -0.02764596603810789 0.11960060149431229
v -0.0336328372359276 -0.037497635930776624 0.12832076847553253
v -0.028229752555489557 -0.0360473729670048 0.12523312866687775
v -0.0336328372359276 -0.037497635930776624 0.12832076847553253
v -0.0336328372359276 -0.044489111751318006 0.13498468697071075
v -0.0336328372359276 -0.044489111751318006 0.13498468697071075
v -0.0336328372359276 -0.037497635930776624 0.12832076847553253
v -0.038712788373231916 -0.04560444876551631 0.1388448029756546
v -0.0336328372359276 -0.044489111751318006 0.13498468697071075
v -0.038712788373231916 -0.04560444876551631 0.1388448029756546
v -0.038712788373231916 -0.050913538783788716 0.14607758820056915
v -0.038712788373231916 -0.050913538783788716 0.14607758820056915
v -0.038712788373231916 -0.04560444876551631 0.1388448029756546
v -0.04337627440690997 -0.05143554508686069 0.15054567158222198
v -0.038712788373231916 -0.050913538783788716 0.14607758820056915
v -0.04337627440690997 -0.05143554508686069 0.15054567158222198
v -0.04337627440690997 -0.053311061114072834 0.15421314537525177
v -0.04337627440690997 -0.053311061114072834 0.15421314537525177
v -0.04337627440690997 -0.05143554508686069 0.15054567158222198
v -0.047540526837110554 -0.05347201228141788 0.15912051498889923
v -0.04337627440690997 -0.053311061114072834 0.15421314537525177
v -0.047540526837110554 -0.05347201228141788 0.15912051498889923
v -0.04337627440690997 -0.053386893123388325 0.15476413071155548
v -0.04337627440690997 -0.053386893123388325 0.15476413071155548
v -0.047540526837110554 -0.05347201228141788 0.15912051498889923
v -0.047540526837110554 -0.05350611358881 0.15937800705432892
v -0.04337627440690997 -0.053386893123388325 0.15476413071155548
v -0.047540526837110554 -0.05350611358881 0.15937800705432892
v -0.047540526837110554 -0.05350279808044437 0.1596582680940628
v -0.047540526837110554 -0.05350279808044437 0.1596582680940628
v -0.047540526837110554 -0.05350611358881 0.15937800705432892
v -0.05114311352372173 -0.0536543466150761 0.1646607667207718
v -0.047540526837110554 -0.05350279808044437 0.1596582680940628
v -0.05114311352372173 -0.0536543466150761 0.1646607667207718
v -0.05114311352372173 -0.0536279417574406 0.16493315994739532
v -0.05114311352372173 -0.0536279417574406 0.16493315994739532
v -0.05114311352372173 -0.0536543466150761 0.1646607667207718
v -0.05271804332733158 -0.05373170599341396 0.1674150973558426
v -0.05114311352372173 -0.0536279417574406 0.16493315994739532
v -0.05271804332733158 -0.05373170599341396 0.1674150973558426
v -0.05271804332733158 -0.05369326472282413 0.1676834374666214
v -0.05271804332733158 -0.05369326472282413 0.1676834374666214
v -0.05271804332733158 -0.05373170599341396 0.1674150973558426
v -0.05413822457194332 -0.05381073802709583 0.17022760212421417
v -0.05271804332733158 -0.05369326472282413 0.1676834374666214
v -0.05413822457194332 -0.05381073802709583 0.17022760212421417
v -0.05413822457194332 -0.053760010749101673 0.1704917699098587
v -0.05413822457194332 -0.053760010749101673 0.1704917699098587
v -0.05413822457194332 -0.05381073802709583 0.17022760212421417
v -0.05540147051215175 -0.05389107763767246 0.1730850487947464
v -0.05413822457194332 -0.053760010749101673 0.1704917699098587
v -0.05540147051215175 -0.05389107763767246 0.1730850487947464
v -0.05540147051215175 -0.053827870637178456 0.17334504425525665
v -0.05540147051215175 -0.053827870637178456 0.17334504425525665
v -0.05540147051215175 -0.05389107763767246 0.1730850487947464
v -0.05650582909584049 -0.053972352296114 0.17597444355487823
v -0.05540147051215175 -0.053827870637178456 0.17334504425525665
v -0.05650582909584049 -0.053972352296114 0.17597444355487823
v -0.05650582909584049 -0.05389653146266941 0.1762302666902542
v -0.05650582909584049 -0.05389653146266941 0.1762302666902542
v -0.05650582909584049 -0.053972352296114 0.17597444355487823
v -0.057452216744422954 -0.05411366745829586 0.17864902317523956
v -0.05650582909584049 -0.05389653146266941 0.1762302666902542
v -0.057452216744422954 -0.05411366745829586 0.17864902317523956
v -0.057452216744422954 -0.05396569520235065 0.17913492023944855
v -0.057452216744422954 -0.05396569520235065 0.17913492023944855
v -0.057452216744422954 -0.05411366745829586 0.17864902317523956
v -0.05824340507388119 -0.0540350824594498 0.18204720318317413
v -0.057452216744422954 -0.05396569520235065 0.17913492023944855
v -0.05824340507388119 -0.0540350824594498 0.18204720318317413
v -0.05824340507388119 -0.05373366922140125 0.18255765736103058
v -0.05824340507388119 -0.05373366922140125 0.18255765736103058
v -0.05824340507388119 -0.0540350824594498 0.18204720318317413
v -0.05888218805193905 -0.05430568009614948 0.1844847947359085
v -0.05824340507388119 -0.05373366922140125 0.18255765736103058
v -0.05888218805193905 -0.05430568009614948 0.1844847947359085
v -0.05937164276838307 -0.05382943898439411 0.18833835422992706
v -0.05937164276838307 -0.05382943898439411 0.18833835422992706
v -0.05888218805193905 -0.05430568009614948 0.1844847947359085
v -0.05937164276838307 -0.05440111458301548 0.18738408386707306
v -0.05937164276838307 -0.05382943898439411 0.18833835422992706
v -0.05937164276838307 -0.05440111458301548 0.18738408386707306
v -0.05992415919899945 -0.05458883196115497 0.19308491051197052
v -0.05992415919899945 -0.05458883196115497 0.19308491051197052
v -0.05937164276838307 -0.05440111458301548 0.18738408386707306
v -0.05937164276838307 -0.055340722203254734 0.18396683037281036
v -0.05992415919899945 -0.05458883196115497 0.19308491051197052
v -0.05937164276838307 -0.055340722203254734 0.18396683037281036
v -0.05992415919899945 -0.05601196736097339 0.18971092998981476
v -0.05992415919899945 -0.05601196736097339 0.18971092998981476
v -0.05937164276838307 -0.055340722203254734 0.18396683037281036
v -0.05992415919899945 -0.058017469942569774 0.1817973405122757
v -0.05992415919899945 -0.05601196736097339 0.18971092998981476
v -0.05992415919899945 -0.058017469942569774 0.1817973405122757
v -0.059444963932037395 -0.06125611439347271 0.19300241768360138
v -0.059444963932037395 -0.06125611439347271 0.19300241768360138
v -0.05992415919899945 -0.058017469942569774 0.1817973405122757
v -0.059444963932037395 -0.06255754083395008 0.18825896084308624
v -0.059444963932037395 -0.06125611439347271 0.19300241768360138
v -0.059444963932037395 -0.06255754083395008 0.18825896084308624
v -0.05837079882621769 -0.06292150914669041 0.1987641602754593
v -0.05837079882621769 -0.06292150914669041 0.1987641602754593
v -0.059444963932037395 -0.06255754083395008 0.18825896084308624
v -0.05837079882621769 -0.06468666344881062 0.19388814270496368
v -0.05837079882621769 -0.06292150914669041 0.1987641602754593
v -0.05837079882621769 -0.06468666344881062 0.19388814270496368
v -0.05668956786394123 -0.0645944401621819 0.20455177128314972
v -0.05668956786394123 -0.0645944401621819 0.20455177128314972
v -0.05837079882621769 -0.06468666344881062 0.19388814270496368
v -0.05668956786394123 -0.06682541966438298 0.19954271614551544
v -0.05668956786394123 -0.0645944401621819 0.20455177128314972
v -0.05668956786394123 -0.06682541966438298 0.19954271614551544
v -0.05437964573502544 -0.06624740362167363 0.2102702409029007
v -0.05437964573502544 -0.06624740362167363 0.2102702409029007
v -0.05668956786394123 -0.06682541966438298 0.19954271614551544
v -0.05437964573502544 -0.06893865764141087 0.2051296979188919
v -0.05437964573502544 -0.06624740362167363 0.2102702409029007
v -0.05437964573502544 -0.06893865764141087 0.2051296979188919
v -0.05144087597727779 -0.06785149872303013 0.2158193141222
v -0.05144087597727779 -0.06785149872303013 0.2158193141222
v -0.05437964573502544 -0.06893865764141087 0.2051296979188919
v -0.05144087597727779 -0.07098941504955296 0.2105512171983719
v -0.05144087597727779 -0.06785149872303013 0.2158193141222
v -0.05144087597727779 -0.07098941504955296 0.2105512171983719
v -0.04789213836193088 -0.06937675923109059 0.22109563648700714
v -0.04789213836193088 -0.06937675923109059 0.22109563648700714
v -0.05144087597727779 -0.07098941504955296 0.2105512171983719
v -0.04789213836193088 -0.07293939590454107 0.21570618450641632
v -0.04789213836193088 -0.06937675923109059 0.22109563648700714
v -0.04789213836193088 -0.07293939590454107 0.21570618450641632
v -0.043776482343673734 -0.07079510390758519 0.2260018140077591
v -0.043776482343673734 -0.07079510390758519 0.2260018140077591
v -0.04789213836193088 -0.07293939590454107 0.21570618450641632
v -0.043776482343673734 -0.074752688407898 0.22049959003925323
v -0.043776482343673734 -0.07079510390758519 0.2260018140077591
v -0.043776482343673734 -0.074752688407898 0.22049959003925323
v -0.0391553342342377 -0.07208028435707096 0.23044724762439728
v -0.0391553342342377 -0.07208028435707096 0.23044724762439728
v -0.043776482343673734 -0.074752688407898 0.22049959003925323
v -0.0391553342342377 -0.07639574259519583 0.2248426228761673
v -0.0391553342342377 -0.07208028435707096 0.23044724762439728
v -0.0391553342342377 -0.07639574259519583 0.2248426228761673
v -0.034109439700841925 -0.07321159541606909 0.23436017334461212
v -0.034109439700841925 -0.07321159541606909 0.23436017334461212
v -0.0391553342342377 -0.07639574259519583 0.2248426228761673
v -0.034109439700841925 -0.07784207910299307 0.22866542637348175
v -0.034109439700841925 -0.07321159541606909 0.23436017334461212
v -0.034109439700841925 -0.07784207910299307 0.22866542637348175
v -0.028731683269143125 -0.07417248934507376 0.23768337070941925
v -0.028731683269143125 -0.07417248934507376 0.23768337070941925
v -0.034109439700841925 -0.07784207910299307 0.22866542637348175
v -0.028731683269143125 -0.07907055318355566 0.23191221058368683
v -0.028731683269143125 -0.07417248934507376 0.23768337070941925
v -0.028731683269143125 -0.07907055318355566 0.23191221058368683
v -0.02312232926487924 -0.07495401799678808 0.24038584530353546
v -0.02312232926487924 -0.07495401799678808 0.24038584530353546
v -0.028731683269143125 -0.07907055318355566 0.23191221058368683
v -0.02312232926487924 -0.08006972074508673 0.23455257713794708
v -0.02312232926487924 -0.07495401799678808 0.24038584530353546
v -0.02312232926487924 -0.08006972074508673 0.23455257713794708
v -0.017384400591254245 -0.07555211335420614 0.24245376884937286
v -0.017384400591254245 -0.07555211335420614 0.24245376884937286
v -0.02312232926487924 -0.08006972074508673 0.23455257713794708
v -0.017384400591254245 -0.08083437383174902 0.23657281696796417
v -0.017384400591254245 -0.07555211335420614 0.24245376884937286
v -0.017384400591254245 -0.08083437383174902 0.23657281696796417
v -0.011614818125963218 -0.07597009837627416 0.24389846622943878
v -0.011614818125963218 -0.07597009837627416 0.24389846622943878
v -0.017384400591254245 -0.08083437383174902 0.23657281696796417
v -0.011614818125963218 -0.08136876672506338 0.23798413574695587
v -0.011614818125963218 -0.07597009837627416 0.24389846622943878
v -0.011614818125963218 -0.08136876672506338 0.23798413574695587
v -0.003546169260516765 -0.08179035782814031 0.2390967160463333
v -0.003546169260516765 -0.08179035782814031 0.2390967160463333
v -0.011614818125963218 -0.08136876672506338 0.23798413574695587
v -0.003546169260516765 -0.08638864755630499 0.2323485165834427
v -0.003546169260516765 -0.08179035782814031 0.2390967160463333
v -0.003546169260516765 -0.08638864755630499 0.2323485165834427
v -0.0015107626095414173 -0.08178658783435827 0.23908622562885284
v -0.0015107626095414173 -0.08178658783435827 0.23908622562885284
v -0.003546169260516765 -0.08638864755630499 0.2323485165834427
v -0.0015107626095414173 -0.08638411015272146 0.23233826458454132
v -0.0015107626095414173 -0.08178658783435827 0.23908622562885284
v -0.0015107626095414173 -0.08638411015272146 0.23233826458454132
v 0.00299041345715523 -0.0817528441548348 0.2389957457780838
v 0.00299041345715523 -0.0817528441548348 0.2389957457780838
v -0.0015107626095414173 -0.08638411015272146 0.23233826458454132
v 0.00299041345715523 -0.08634354174137121 0.2322506457567215
v 0.00299041345715523 -0.0817528441548348 0.2389957457780838
v 0.00299041345715523 -0.08634354174137121 0.2322506457567215
v 0.011821994557976731 -0.08137964457273489 0.23800654709339142
v 0.011821994557976731 -0.08137964457273489 0.23800654709339142
v 0.00299041345715523 -0.08634354174137121 0.2322506457567215
v 0.011821994557976731 -0.08589488267898565 0.23129339516162872
v 0.011821994557976731 -0.08137964457273489 0.23800654709339142
v 0.011821994557976731 -0.08589488267898565 0.23129339516162872
v 0.017091557383537303 -0.08087637275457388 0.236674502491951
v 0.017091557383537303 -0.08087637275457388 0.236674502491951
v 0.011821994557976731 -0.08589488267898565 0.23129339516162872
v 0.017091557383537303 -0.08528985083103185 0.23000438511371613
v 0.017091557383537303 -0.08087637275457388 0.236674502491951
v 0.017091557383537303 -0.08528985083103185 0.23000438511371613
v 0.02277721837162973 -0.0801293551921845 0.23469777405261993
v 0.02277721837162973 -0.0801293551921845 0.23469777405261993
v 0.017091557383537303 -0.08528985083103185 0.23000438511371613
v 0.02277721837162973 -0.08439180254936224 0.2280917912721634
v 0.02277721837162973 -0.0801293551921845 0.23469777405261993
v 0.02277721837162973 -0.08439180254936224 0.2280917912721634
v 0.028397269546985644 -0.07914593070745474 0.23209591209888458
v 0.028397269546985644 -0.07914593070745474 0.23209591209888458
v 0.02277721837162973 -0.08439180254936224 0.2280917912721634
v 0.028397269546985644 -0.08320952951908117 0.22557444870471954
v 0.028397269546985644 -0.07914593070745474 0.23209591209888458
v 0.028397269546985644 -0.08320952951908117 0.22557444870471954
v 0.033792003989219686 -0.07793270796537405 0.228886678814888
v 0.033792003989219686 -0.07793270796537405 0.228886678814888
v 0.028397269546985644 -0.08320952951908117 0.22557444870471954
v 0.033792003989219686 -0.08175101876258856 0.2224692851305008
v 0.033792003989219686 -0.07793270796537405 0.228886678814888
v 0.033792003989219686 -0.08175101876258856 0.2224692851305008
v 0.03886068984866145 -0.07650048285722738 0.22509832680225372
v 0.03886068984866145 -0.07650048285722738 0.22509832680225372
v 0.033792003989219686 -0.08175101876258856 0.2224692851305008
v 0.03886068984866145 -0.08002920448780065 0.21880395710468292
v 0.03886068984866145 -0.07650048285722738 0.22509832680225372
v 0.03886068984866145 -0.08002920448780065 0.21880395710468292
v 0.0435101427137852 -0.07487004250288015 0.22078604996204376
v 0.0435101427137852 -0.07487004250288015 0.22078604996204376
v 0.03886068984866145 -0.08002920448780065 0.21880395710468292
v 0.0435101427137852 -0.07806911319494253 0.21463163197040558
v 0.0435101427137852 -0.07487004250288015 0.22078604996204376
v 0.0435101427137852 -0.07806911319494253 0.21463163197040558
v 0.04765824973583225 -0.07306733727455145 0.21601851284503937
v 0.04765824973583225 -0.07306733727455145 0.21601851284503937
v 0.0435101427137852 -0.07806911319494253 0.21463163197040558
v 0.04765824973583225 -0.07590192556381231 0.2100188285112381
v 0.04765824973583225 -0.07306733727455145 0.21601851284503937
v 0.04765824973583225 -0.07590192556381231 0.2100188285112381
v 0.05124292895197872 -0.07112569361925129 0.21088369190692902
v 0.05124292895197872 -0.07112569361925129 0.21088369190692902
v 0.04765824973583225 -0.07590192556381231 0.2100188285112381
v 0.05124292895197872 -0.07356770336627966 0.2050507813692093
v 0.05124292895197872 -0.07112569361925129 0.21088369190692902
v 0.05124292895197872 -0.07356770336627966 0.2050507813692093
v 0.054219275712966954 -0.06908081471920018 0.20547600090503693
v 0.054219275712966954 -0.06908081471920018 0.20547600090503693
v 0.05124292895197872 -0.07356770336627966 0.2050507813692093
v 0.054219275712966954 -0.07110937684774403 0.19981880486011505
v 0.054219275712966954 -0.06908081471920018 0.20547600090503693
v 0.054219275712966954 -0.07110937684774403 0.19981880486011505
v 0.05656765401363376 -0.06697096675634388 0.19989676773548126
v 0.05656765401363376 -0.06697096675634388 0.19989676773548126
v 0.054219275712966954 -0.07110937684774403 0.19981880486011505
v 0.05656765401363376 -0.06857294589281086 0.19442076981067657
v 0.05656765401363376 -0.06697096675634388 0.19989676773548126
v 0.05656765401363376 -0.06857294589281086 0.19442076981067657
v 0.05828642845153813 -0.0648332536220551 0.19424410164356232
v 0.05828642845153813 -0.0648332536220551 0.19424410164356232
v 0.05656765401363376 -0.06857294589281086 0.19442076981067657
v 0.05828642845153813 -0.06600301712751393 0.18895168602466583
v 0.05828642845153813 -0.0648332536220551 0.19424410164356232
v 0.05828642845153813 -0.06600301712751393 0.18895168602466583
v 0.05939660966396336 -0.06270284950733189 0.1886107474565506
v 0.05939660966396336 -0.06270284950733189 0.1886107474565506
v 0.05828642845153813 -0.06600301712751393 0.18895168602466583
v 0.05939660966396336 -0.06344187259674076 0.1835014373064041
v 0.05939660966396336 -0.06270284950733189 0.1886107474565506
v 0.05939660966396336 -0.06344187259674076 0.1835014373064041
v 0.05994019284844403 -0.05855943262577061 0.1776551753282547
v 0.05994019284844403 -0.05855943262577061 0.1776551753282547
v 0.05939660966396336 -0.06344187259674076 0.1835014373064041
v 0.05994019284844403 -0.05846071243286137 0.1729017049074173
v 0.05994019284844403 -0.05855943262577061 0.1776551753282547
v 0.05994019284844403 -0.05846071243286137 0.1729017049074173
v 0.05942105129361157 -0.0559526160359383 0.16756482422351837
v 0.05942105129361157 -0.0559526160359383 0.16756482422351837
v 0.05994019284844403 -0.05846071243286137 0.1729017049074173
v 0.05994019284844403 -0.0577662363648415 0.16800101101398468
v 0.05942105129361157 -0.0559526160359383 0.16756482422351837
v 0.05994019284844403 -0.0577662363648415 0.16800101101398468
v 0.05942105129361157 -0.054877553135156666 0.16288359463214874
v 0.05942105129361157 -0.054877553135156666 0.16288359463214874
v 0.05994019284844403 -0.0577662363648415 0.16800101101398468
v 0.05994019284844403 -0.05644309148192409 0.1630813628435135
v 0.05942105129361157 -0.054877553135156666 0.16288359463214874
v 0.05994019284844403 -0.05644309148192409 0.1630813628435135
v 0.059749271720647854 -0.054842822253704106 0.1606636792421341
v 0.059749271720647854 -0.054842822253704106 0.1606636792421341
v 0.05994019284844403 -0.05644309148192409 0.1630813628435135
v 0.05994019284844403 -0.05449578538537029 0.1582750827074051
v 0.059749271720647854 -0.054842822253704106 0.1606636792421341
v 0.05994019284844403 -0.05449578538537029 0.1582750827074051
v 0.059749271720647854 -0.05275376513600353 0.15598972141742706
v 0.059749271720647854 -0.05275376513600353 0.15598972141742706
v 0.05994019284844403 -0.05449578538537029 0.1582750827074051
v 0.05994019284844403 -0.05196519568562511 0.15370257198810577
v 0.059749271720647854 -0.05275376513600353 0.15598972141742706
v 0.05994019284844403 -0.05196519568562511 0.15370257198810577
v 0.059749271720647854 -0.050104942172765767 0.15155287086963654
v 0.059749271720647854 -0.050104942172765767 0.15155287086963654
v 0.05994019284844403 -0.05196519568562511 0.15370257198810577
v 0.05994019284844403 -0.04892254993319515 0.14946229755878448
v 0.059749271720647854 -0.050104942172765767 0.15155287086963654
v 0.05994019284844403 -0.04892254993319515 0.14946229755878448
v 0.05994019284844403 -0.04549309983849528 0.1453084498643875
v 0.05994019284844403 -0.04549309983849528 0.1453084498643875
v 0.05994019284844403 -0.04892254993319515 0.14946229755878448
v 0.05999994277954106 -0.0475128069519997 0.14716358482837677
v 0.05994019284844403 -0.04549309983849528 0.1453084498643875
v 0.05999994277954106 -0.0475128069519997 0.14716358482837677
v 0.05994019284844403 -0.04199732095003131 0.14124949276447296
v 0.05994019284844403 -0.04199732095003131 0.14124949276447296
v 0.05999994277954106 -0.0475128069519997 0.14716358482837677
v 0.05999994277954106 -0.03386472538113596 0.12967057526111603
v 0.05994019284844403 -0.04199732095003131 0.14124949276447296
v 0.05999994277954106 -0.03386472538113596 0.12967057526111603
v 0.05994019284844403 -0.03858036175370219 0.13715286552906036
v 0.05994019284844403 -0.03858036175370219 0.13715286552906036
v 0.05999994277954106 -0.03386472538113596 0.12967057526111603
v 0.05994019284844403 -0.03157712891697886 0.12839896976947784
v 0.05994019284844403 -0.03858036175370219 0.13715286552906036
v 0.05994019284844403 -0.03157712891697886 0.12839896976947784
v 0.059749271720647854 -0.03640270233154299 0.13559146225452423
v 0.059749271720647854 -0.03640270233154299 0.13559146225452423
v 0.05994019284844403 -0.03157712891697886 0.12839896976947784
v 0.05942105129361157 -0.03419501706957819 0.1340087205171585
v 0.059749271720647854 -0.03640270233154299 0.13559146225452423
v 0.05942105129361157 -0.03419501706957819 0.1340087205171585
v 0.05942105129361157 -0.03774688020348552 0.13779647648334503
v 0.05942105129361157 -0.03774688020348552 0.13779647648334503
v 0.05942105129361157 -0.03419501706957819 0.1340087205171585
v 0.058949396014213604 -0.035583946853876135 0.13603933155536652
v 0.05942105129361157 -0.03774688020348552 0.13779647648334503
v 0.058949396014213604 -0.035583946853876135 0.13603933155536652
v 0.058949396014213604 -0.03930686041712764 0.13962633907794952
v 0.058949396014213604 -0.03930686041712764 0.13962633907794952
v 0.058949396014213604 -0.035583946853876135 0.13603933155536652
v 0.058328893035650295 -0.03720765188336375 0.13769812881946564
v 0.058949396014213604 -0.03930686041712764 0.13962633907794952
v 0.058328893035650295 -0.03720765188336375 0.13769812881946564
v 0.058328893035650295 -0.04439448937773707 0.14495404064655304
v 0.058328893035650295 -0.04439448937773707 0.14495404064655304
v 0.058328893035650295 -0.03720765188336375 0.13769812881946564
v 0.056628901511430775 -0.04055465757846835 0.14051707088947296
v 0.058328893035650295 -0.04439448937773707 0.14495404064655304
v 0.056628901511430775 -0.04055465757846835 0.14051707088947296
v 0.056628901511430775 -0.04381035640835765 0.14425738155841827
v 0.056628901511430775 -0.04381035640835765 0.14425738155841827
v 0.056628901511430775 -0.04055465757846835 0.14051707088947296
v 0.05429974943399433 -0.04025926813483241 0.1395992785692215
v 0.056628901511430775 -0.04381035640835765 0.14425738155841827
v 0.05429974943399433 -0.04025926813483241 0.1395992785692215
v 0.05429974943399433 -0.04336491599678996 0.14332421123981476
v 0.05429974943399433 -0.04336491599678996 0.14332421123981476
v 0.05429974943399433 -0.04025926813483241 0.1395992785692215
v 0.05134218186140064 -0.03681520745158198 0.13508184254169464
v 0.05429974943399433 -0.04336491599678996 0.14332421123981476
v 0.05134218186140064 -0.03681520745158198 0.13508184254169464
v 0.05134218186140064 -0.04020104929804805 0.1385449916124344
v 0.05134218186140064 -0.04020104929804805 0.1385449916124344
v 0.05134218186140064 -0.03681520745158198 0.13508184254169464
v 0.04777545109391216 -0.033542539924383184 0.1307893544435501
v 0.05134218186140064 -0.04020104929804805 0.1385449916124344
v 0.04777545109391216 -0.033542539924383184 0.1307893544435501
v 0.04777545109391216 -0.03719461709260943 0.13400395214557648
v 0.04777545109391216 -0.03719461709260943 0.13400395214557648
v 0.04777545109391216 -0.033542539924383184 0.1307893544435501
v 0.04364354535937312 -0.03050150163471701 0.12680096924304962
v 0.04777545109391216 -0.03719461709260943 0.13400395214557648
v 0.04364354535937312 -0.03050150163471701 0.12680096924304962
v 0.04364354535937312 -0.034400954842567465 0.12978442013263702
v 0.04364354535937312 -0.034400954842567465 0.12978442013263702
v 0.04364354535937312 -0.03050150163471701 0.12680096924304962
v 0.039008203893899945 -0.031871728599071524 0.12596459686756134
v 0.04364354535937312 -0.034400954842567465 0.12978442013263702
v 0.039008203893899945 -0.031871728599071524 0.12596459686756134
v 0.04364354535937312 -0.03800813853740695 0.13300259411334991
v 0.04364354535937312 -0.03800813853740695 0.13300259411334991
v 0.039008203893899945 -0.031871728599071524 0.12596459686756134
v 0.039008203893899945 -0.03933720290660861 0.13221438229084015
v 0.04364354535937312 -0.03800813853740695 0.13300259411334991
v 0.039008203893899945 -0.03933720290660861 0.13221438229084015
v 0.04364354535937312 -0.04130569845438006 0.13640184700489044
v 0.04364354535937312 -0.04130569845438006 0.13640184700489044
v 0.039008203893899945 -0.03933720290660861 0.13221438229084015
v 0.039008203893899945 -0.045685812830925016 0.13910670578479767
v 0.04364354535937312 -0.04130569845438006 0.13640184700489044
v 0.039008203893899945 -0.045685812830925016 0.13910670578479767
v 0.04364354535937312 -0.046966597437858616 0.14353688061237335
v 0.04364354535937312 -0.046966597437858616 0.14353688061237335
v 0.039008203893899945 -0.045685812830925016 0.13910670578479767
v 0.039008203893899945 -0.05094678699970249 0.14634104073047638
v 0.04364354535937312 -0.046966597437858616 0.14353688061237335
v 0.039008203893899945 -0.05094678699970249 0.14634104073047638
v 0.04364354535937312 -0.051472835242748295 0.15084119141101837
v 0.04364354535937312 -0.051472835242748295 0.15084119141101837
v 0.039008203893899945 -0.05094678699970249 0.14634104073047638
v 0.039008203893899945 -0.053187485784292256 0.15002913773059845
v 0.04364354535937312 -0.051472835242748295 0.15084119141101837
v 0.039008203893899945 -0.053187485784292256 0.15002913773059845
v 0.04364354535937312 -0.05333540961146358 0.15449471771717072
v 0.04364354535937312 -0.05333540961146358 0.15449471771717072
v 0.039008203893899945 -0.053187485784292256 0.15002913773059845
v 0.04364354535937312 -0.053396485745906865 0.15476198494434357
v 0.04364354535937312 -0.05333540961146358 0.15449471771717072
v 0.04364354535937312 -0.053396485745906865 0.15476198494434357
v 0.04777545109391216 -0.05353644117712978 0.159689262509346
v 0.04777545109391216 -0.05353644117712978 0.159689262509346
v 0.04364354535937312 -0.053396485745906865 0.15476198494434357
v 0.04777545109391216 -0.05353374779224399 0.15997381508350372
v 0.04777545109391216 -0.05353644117712978 0.159689262509346
v 0.04777545109391216 -0.05353374779224399 0.15997381508350372
v 0.05134218186140064 -0.053661137819290196 0.16526909172534943
v 0.05134218186140064 -0.053661137819290196 0.16526909172534943
v 0.04777545109391216 -0.05353374779224399 0.15997381508350372
v 0.05134218186140064 -0.05359394103288654 0.1655571013689041
v 0.05134218186140064 -0.053661137819290196 0.16526909172534943
v 0.05134218186140064 -0.05359394103288654 0.1655571013689041
v 0.052898470312356984 -0.05372741818428043 0.1680273562669754
v 0.052898470312356984 -0.05372741818428043 0.1680273562669754
v 0.05134218186140064 -0.05359394103288654 0.1655571013689041
v 0.052898470312356984 -0.053531002253294026 0.16859252750873566
v 0.052898470312356984 -0.05372741818428043 0.1680273562669754
v 0.052898470312356984 -0.053531002253294026 0.16859252750873566
v 0.05429974943399433 -0.05379500985145572 0.1708420068025589
v 0.05429974943399433 -0.05379500985145572 0.1708420068025589
v 0.052898470312356984 -0.053531002253294026 0.16859252750873566
v 0.05429974943399433 -0.05357799679040912 0.1713981181383133
v 0.05429974943399433 -0.05379500985145572 0.1708420068025589
v 0.05429974943399433 -0.05357799679040912 0.1713981181383133
v 0.05554382130503658 -0.053863599896431004 0.17370004951953888
v 0.05554382130503658 -0.053863599896431004 0.17370004951953888
v 0.05429974943399433 -0.05357799679040912 0.1713981181383133
v 0.056628901511430775 -0.05367380008101467 0.17712588608264923
v 0.05554382130503658 -0.053863599896431004 0.17370004951953888
v 0.056628901511430775 -0.05367380008101467 0.17712588608264923
v 0.056628901511430775 -0.0539328716695309 0.17658837139606476
v 0.056628901511430775 -0.0539328716695309 0.17658837139606476
v 0.056628901511430775 -0.05367380008101467 0.17712588608264923
v 0.05755632743239407 -0.05400253832340244 0.1794946938753128
v 0.056628901511430775 -0.0539328716695309 0.17658837139606476
v 0.05755632743239407 -0.05400253832340244 0.1794946938753128
v 0.056628901511430775 -0.05400788411498073 0.1763274222612381
v 0.056628901511430775 -0.05400788411498073 0.1763274222612381
v 0.05755632743239407 -0.05400253832340244 0.1794946938753128
v 0.05755632743239407 -0.05409021675586704 0.17923791706562042
v 0.056628901511430775 -0.05400788411498073 0.1763274222612381
v 0.05755632743239407 -0.05409021675586704 0.17923791706562042
v 0.056628901511430775 -0.05404894053936008 0.17608459293842316
v 0.056628901511430775 -0.05404894053936008 0.17608459293842316
v 0.05755632743239407 -0.05409021675586704 0.17923791706562042
v 0.05755632743239407 -0.05414510145783428 0.1789984256029129
v 0.056628901511430775 -0.05404894053936008 0.17608459293842316
v 0.05755632743239407 -0.05414510145783428 0.1789984256029129
v 0.05755632743239407 -0.054358854889869725 0.1755332499742508
v 0.05755632743239407 -0.054358854889869725 0.1755332499742508
v 0.05755632743239407 -0.05414510145783428 0.1789984256029129
v 0.058328893035650295 -0.054702732712030445 0.17847569286823273
v 0.05755632743239407 -0.054358854889869725 0.1755332499742508
v 0.058328893035650295 -0.054702732712030445 0.17847569286823273
v 0.058328893035650295 -0.05492263659834865 0.1747465878725052
v 0.058328893035650295 -0.05492263659834865 0.1747465878725052
v 0.058328893035650295 -0.054702732712030445 0.17847569286823273
v 0.05942105129361157 -0.056496534496545826 0.17650504410266876
v 0.058328893035650295 -0.05492263659834865 0.1747465878725052
v 0.05942105129361157 -0.056496534496545826 0.17650504410266876
v 0.058949396014213604 -0.0556660816073418 0.17363186180591583
v 0.058949396014213604 -0.0556660816073418 0.17363186180591583
v 0.05942105129361157 -0.056496534496545826 0.17650504410266876
v 0.05942105129361157 -0.0559526160359383 0.16756482422351837
v 0.058949396014213604 -0.0556660816073418 0.17363186180591583
v 0.05942105129361157 -0.0559526160359383 0.16756482422351837
v 0.058949396014213604 -0.05467626824975017 0.16484899818897247
v 0.058949396014213604 -0.05467626824975017 0.16484899818897247
v 0.05942105129361157 -0.0559526160359383 0.16756482422351837
v 0.05942105129361157 -0.054877553135156666 0.16288359463214874
v 0.058949396014213604 -0.05467626824975017 0.16484899818897247
v 0.05942105129361157 -0.054877553135156666 0.16288359463214874
v 0.058949396014213604 -0.053407531231641804 0.16027946770191193
v 0.058949396014213604 -0.053407531231641804 0.16027946770191193
v 0.05942105129361157 -0.054877553135156666 0.16288359463214874
v 0.05942105129361157 -0.053220450878143345 0.15821261703968048
v 0.058949396014213604 -0.053407531231641804 0.16027946770191193
v 0.05942105129361157 -0.053220450878143345 0.15821261703968048
v 0.058949396014213604 -0.05158048123121265 0.1557350903749466
v 0.058949396014213604 -0.05158048123121265 0.1557350903749466
v 0.05942105129361157 -0.053220450878143345 0.15821261703968048
v 0.05942105129361157 -0.0509876944124699 0.15367276966571808
v 0.058949396014213604 -0.05158048123121265 0.1557350903749466
v 0.05942105129361157 -0.0509876944124699 0.15367276966571808
v 0.058949396014213604 -0.04920246824622158 0.15133078396320343
v 0.058949396014213604 -0.04920246824622158 0.15133078396320343
v 0.05942105129361157 -0.0509876944124699 0.15367276966571808
v 0.05942105129361157 -0.04821901395916942 0.1493736058473587
v 0.058949396014213604 -0.04920246824622158 0.15133078396320343
v 0.05942105129361157 -0.04821901395916942 0.1493736058473587
v 0.058949396014213604 -0.046312637627124814 0.14717061817646027
v 0.058949396014213604 -0.046312637627124814 0.14717061817646027
v 0.05942105129361157 -0.04821901395916942 0.1493736058473587
v 0.05942105129361157 -0.041393205523490934 0.14154262840747833
v 0.058949396014213604 -0.046312637627124814 0.14717061817646027
v 0.05942105129361157 -0.041393205523490934 0.14154262840747833
v 0.058949396014213604 -0.03930686041712764 0.13962633907794952
v 0.058949396014213604 -0.03930686041712764 0.13962633907794952
v 0.05942105129361157 -0.041393205523490934 0.14154262840747833
v 0.05942105129361157 -0.03774688020348552 0.13779647648334503
v 1.1226314948196163e-17 -0.059999998658895534 0.037000011652708054
v -3.4694469519536165e-18 -0.059999998658895534 0.017000028863549232
v 0.0029645706526935122 -0.059665974229574245 0.037000011652708054
v 0.013351256027817735 -0.058495674282312435 0.017000028863549232
v 0.01179782487452031 -0.05867070332169537 0.037000011652708054
v 0.013351256027817735 -0.058495674282312435 0.037000011652708054
v 0.013351256027817735 -0.058495674282312435 0.037000011652708054
v 0.013351256027817735 -0.058495674282312435 0.017000028863549232
v 0.022680245339870467 -0.0552313216030598 0.037000011652708054
v 0.026033025234937685 -0.05405813083052639 0.017000028863549232
v 0.026033025234937685 -0.05405813083052639 0.037000011652708054
v 0.026033025234937685 -0.05405813083052639 0.037000011652708054
v 0.026033025234937685 -0.05405813083052639 0.017000028863549232
v 0.028270684182643908 -0.0526521168649197 0.037000011652708054
v 0.03740938752889636 -0.04690988734364513 0.017000028863549232
v 0.033613555133342764 -0.049294967204332386 0.037000011652708054
v 0.04690988734364513 -0.03740938752889636 0.037000011652708054
v 0.04325770959258082 -0.04106156900525096 0.037000011652708054
v 0.04690988734364513 -0.03740938752889636 0.017000028863549232
v 0.03873312100768092 -0.04558615759015086 0.037000011652708054
v 0.03740938752889636 -0.04690988734364513 0.017000028863549232
v 0.03740938752889636 -0.04690988734364513 0.037000011652708054
v 0.03740938752889636 -0.04690988734364513 0.037000011652708054
v 0.04690988734364513 -0.03740938752889636 0.037000011652708054
v 0.04690988734364513 -0.03740938752889636 0.017000028863549232
v 0.047553990036249195 -0.036384303122758886 0.037000011652708054
v 0.05405813083052639 -0.026033025234937685 0.017000028863549232
v 0.05092863738536838 -0.03101358376443388 0.037000011652708054
v 0.058495674282312435 -0.013351256027817735 0.017000028863549232
v 0.05819726735353474 -0.014204057864844808 0.037000011652708054
v 0.05405813083052639 -0.026033025234937685 0.017000028863549232
v 0.05621197819709781 -0.019877688959240927 0.037000011652708054
v 0.05418136343359951 -0.02568084746599199 0.037000011652708054
v 0.05405813083052639 -0.026033025234937685 0.037000011652708054
v 0.05405813083052639 -0.026033025234937685 0.037000011652708054
v 0.059999998658895534 1.0794572163377173e-17 0.017000028863549232
v 0.05904802307486538 -0.008449044078588491 0.037000011652708054
v 0.058495674282312435 -0.013351256027817735 0.017000028863549232
v 0.058495674282312435 -0.013351256027817735 0.037000011652708054
v 0.058495674282312435 -0.013351256027817735 0.037000011652708054
v 0.058495674282312435 0.013351256027817735 0.017000028863549232
v 0.05970015749335293 0.0026611902285367268 0.037000011652708054
v 0.059999998658895534 1.0794572163377173e-17 0.017000028863549232
v 0.059999998658895534 1.0794572163377173e-17 0.037000011652708054
v 0.059999998658895534 1.0794572163377173e-17 0.037000011652708054
v 0.054243274033069645 0.025503916665911692 0.037000011652708054
v 0.05627294257283214 0.019703455269336714 0.037000011652708054
v 0.05405813083052639 0.026033025234937685 0.017000028863549232
v 0.058256428688764614 0.014034979045391091 0.037000011652708054
v 0.058495674282312435 0.013351256027817735 0.017000028863549232
v 0.058495674282312435 0.013351256027817735 0.037000011652708054
v 0.058495674282312435 0.013351256027817735 0.037000011652708054
v 0.04690988734364513 0.03740938752889636 0.037000011652708054
v 0.04765641316771511 0.036221303045749685 0.037000011652708054
v 0.04690988734364513 0.03740938752889636 0.017000028863549232
v 0.05103043466806415 0.03085157461464407 0.037000011652708054
v 0.05405813083052639 0.026033025234937685 0.017000028863549232
v 0.05405813083052639 0.026033025234937685 0.037000011652708054
v 0.05405813083052639 0.026033025234937685 0.037000011652708054
v 0.04690988734364513 0.03740938752889636 0.037000011652708054
v 0.04690988734364513 0.03740938752889636 0.017000028863549232
v 0.043394912034273175 0.04092436283826831 0.037000011652708054
v 0.03740938752889636 0.04690988734364513 0.017000028863549232
v 0.038869764655828504 0.04544951021671298 0.037000011652708054
v 0.026033025234937685 0.05405813083052639 0.037000011652708054
v 0.028431277722120302 0.05255120992660526 0.037000011652708054
v 0.026033025234937685 0.05405813083052639 0.017000028863549232
v 0.03377642109990122 0.04919263347983364 0.037000011652708054
v 0.03740938752889636 0.04690988734364513 0.017000028863549232
v 0.03740938752889636 0.04690988734364513 0.037000011652708054
v 0.03740938752889636 0.04690988734364513 0.037000011652708054
v 0.026033025234937685 0.05405813083052639 0.037000011652708054
v 0.026033025234937685 0.05405813083052639 0.017000028863549232
v 0.022856216877698912 0.055169746279716526 0.037000011652708054
v 0.013351256027817735 0.058495674282312435 0.017000028863549232
v 0.017105786129832278 0.05718190595507625 0.037000011652708054
v 0.005738125648349527 0.05971721187233929 0.037000011652708054
v 0.005899561103433375 0.059709254652261776 0.037000011652708054
v -1.0817327074847894e-17 0.059999998658895534 0.017000028863549232
v -1.0817327074847894e-17 0.059999998658895534 0.017000028863549232
v 0.005899561103433375 0.059709254652261776 0.037000011652708054
v 0.01142583508044482 0.05880924686789517 0.037000011652708054
v -1.0817327074847894e-17 0.059999998658895534 0.017000028863549232
v 0.01142583508044482 0.05880924686789517 0.037000011652708054
v 0.013351256027817735 0.058495674282312435 0.017000028863549232
v 0.013351256027817735 0.058495674282312435 0.017000028863549232
v 0.01142583508044482 0.05880924686789517 0.037000011652708054
v 0.013351256027817735 0.058495674282312435 0.037000011652708054
v 0.013351256027817735 0.058495674282312435 0.037000011652708054
v -0.013351256027817735 0.058495674282312435 0.037000011652708054
v -0.011068009771406657 0.05875293537974362 0.037000011652708054
v -0.013351256027817735 0.058495674282312435 0.017000028863549232
v -0.005356745794415477 0.05939643830060963 0.037000011652708054
v -1.0817327074847894e-17 0.059999998658895534 0.017000028863549232
v -1.0817327074847894e-17 0.059999998658895534 0.037000011652708054
v -1.0817327074847894e-17 0.059999998658895534 0.037000011652708054
v -0.013351256027817735 0.058495674282312435 0.037000011652708054
v -0.013351256027817735 0.058495674282312435 0.017000028863549232
v -0.016761891543865214 0.057302240282297176 0.037000011652708054
v -0.026033025234937685 0.05405813083052639 0.017000028863549232
v -0.022504357621073737 0.05529286712408069 0.037000011652708054
v -0.03740938752889636 0.04690988734364513 0.037000011652708054
v -0.033450722694396993 0.04939728602766994 0.037000011652708054
v -0.03740938752889636 0.04690988734364513 0.017000028863549232
v -0.02811019867658617 0.05275295674800876 0.037000011652708054
v -0.026033025234937685 0.05405813083052639 0.017000028863549232
v -0.026033025234937685 0.05405813083052639 0.037000011652708054
v -0.026033025234937685 0.05405813083052639 0.037000011652708054
v -0.03740938752889636 0.04690988734364513 0.037000011652708054
v -0.03740938752889636 0.04690988734364513 0.017000028863549232
v -0.03859652578830722 0.045722749084234265 0.037000011652708054
v -0.04690988734364513 0.03740938752889636 0.017000028863549232
v -0.04312048479914668 0.0411987900733948 0.037000011652708054
v -0.05405813083052639 0.026033025234937685 0.037000011652708054
v -0.05082679912447933 0.031175661832094213 0.037000011652708054
v -0.05405813083052639 0.026033025234937685 0.017000028863549232
v -0.04745157808065418 0.0365472920238972 0.037000011652708054
v -0.04690988734364513 0.03740938752889636 0.017000028863549232
v -0.04690988734364513 0.03740938752889636 0.037000011652708054
v -0.04690988734364513 0.03740938752889636 0.037000011652708054
v -0.05405813083052639 0.026033025234937685 0.037000011652708054
v -0.05405813083052639 0.026033025234937685 0.017000028863549232
v -0.0561509691178799 0.02005204185843469 0.037000011652708054
v -0.058495674282312435 0.013351256027817735 0.017000028863549232
v -0.058138035237789196 0.014373326674103747 0.037000011652708054
v -0.059999998658895534 -3.9011893231823e-18 0.017000028863549232
v -0.0596624538302422 0.0029958190862089417 0.037000011652708054
v -0.058495674282312435 0.013351256027817735 0.017000028863549232
v -0.058495674282312435 0.013351256027817735 0.037000011652708054
v -0.058495674282312435 0.013351256027817735 0.037000011652708054
v -0.058495674282312435 -0.013351256027817735 0.017000028863549232
v -0.05908706784248356 -0.008102484047412878 0.037000011652708054
v -0.059999998658895534 -3.9011893231823e-18 0.017000028863549232
v -0.059999998658895534 -3.9011893231823e-18 0.037000011652708054
v -0.059999998658895534 -3.9011893231823e-18 0.037000011652708054
v -0.05405813083052639 -0.026033025234937685 0.017000028863549232
v -0.05430517345666889 -0.025327024981379526 0.037000011652708054
v -0.058495674282312435 -0.013351256027817735 0.017000028863549232
v -0.05633386969566349 -0.01952934451401235 0.037000011652708054
v -0.058315526694059414 -0.013866093941032895 0.037000011652708054
v -0.058495674282312435 -0.013351256027817735 0.037000011652708054
v -0.058495674282312435 -0.013351256027817735 0.037000011652708054
v -0.04690988734364513 -0.03740938752889636 0.037000011652708054
v -0.04775884002447132 -0.03605828806757929 0.037000011652708054
v -0.04690988734364513 -0.03740938752889636 0.017000028863549232
v -0.05113218724727634 -0.030689636245369932 0.037000011652708054
v -0.05405813083052639 -0.026033025234937685 0.017000028863549232
v -0.05405813083052639 -0.026033025234937685 0.037000011652708054
v -0.05405813083052639 -0.026033025234937685 0.037000011652708054
v -0.04690988734364513 -0.03740938752889636 0.037000011652708054
v -0.04690988734364513 -0.03740938752889636 0.017000028863549232
v -0.043532099574804334 -0.04078717902302745 0.037000011652708054
v -0.03740938752889636 -0.04690988734364513 0.017000028863549232
v -0.039006460458040265 -0.04531281441450122 0.037000011652708054
v -0.026033025234937685 -0.05405813083052639 0.037000011652708054
v -0.028591975569725054 -0.05245023593306545 0.037000011652708054
v -0.026033025234937685 -0.05405813083052639 0.017000028863549232
v -0.033939313143491766 -0.049090281128883397 0.037000011652708054
v -0.03740938752889636 -0.04690988734364513 0.017000028863549232
v -0.03740938752889636 -0.04690988734364513 0.037000011652708054
v -0.03740938752889636 -0.04690988734364513 0.037000011652708054
v -0.026033025234937685 -0.05405813083052639 0.037000011652708054
v -0.026033025234937685 -0.05405813083052639 0.017000028863549232
v -0.023032270371913924 -0.05510814115405086 0.037000011652708054
v -0.013351256027817735 -0.058495674282312435 0.017000028863549232
v -0.01727796718478204 -0.057121660560369526 0.037000011652708054
v 1.1226314948196163e-17 -0.059999998658895534 0.037000011652708054
v -0.003501816885545852 -0.05960543826222424 0.037000011652708054
v -3.4694469519536165e-18 -0.059999998658895534 0.017000028863549232
v -0.011595489457249648 -0.058693502098321956 0.037000011652708054
v -0.013351256027817735 -0.058495674282312435 0.017000028863549232
v -0.013351256027817735 -0.058495674282312435 0.037000011652708054
v -0.013351256027817735 -0.058495674282312435 0.037000011652708054
v -0.04963544383645061 0.006026833783835177 0.017000028863549232
v -0.058495674282312435 0.013351256027817735 0.017000028863549232
v -0.0467508137226105 0.017730243504047404 0.017000028863549232
v -0.05405813083052639 0.026033025234937685 0.017000028863549232
v -0.04114919155836108 0.02840323746204378 0.017000028863549232
v -0.04690988734364513 0.03740938752889636 0.017000028863549232
v -0.03315613418817522 0.03742553666234019 0.017000028863549232
v -0.03740938752889636 0.04690988734364513 0.017000028863549232
v -0.023236159235239043 0.044272802770137815 0.017000028863549232
v -0.026033025234937685 0.05405813083052639 0.017000028863549232
v -0.011965783312916764 0.04854708909988407 0.017000028863549232
v -0.013351256027817735 0.058495674282312435 0.017000028863549232
v -6.123234262925843e-18 0.050000000745058094 0.017000028863549232
v -1.0817327074847894e-17 0.059999998658895534 0.017000028863549232
v 0.011965783312916764 0.04854708909988407 0.017000028863549232
v 0.013351256027817735 0.058495674282312435 0.017000028863549232
v 0.023236159235239043 0.044272802770137815 0.017000028863549232
v 0.026033025234937685 0.05405813083052639 0.017000028863549232
v 0.03315613418817522 0.03742553666234019 0.017000028863549232
v 0.03740938752889636 0.04690988734364513 0.017000028863549232
v 0.04114919155836108 0.02840323746204378 0.017000028863549232
v 0.04690988734364513 0.03740938752889636 0.017000028863549232
v 0.0467508137226105 0.017730243504047404 0.017000028863549232
v 0.05405813083052639 0.026033025234937685 0.017000028863549232
v 0.04963544383645061 0.006026833783835177 0.017000028863549232
v 0.058495674282312435 0.013351256027817735 0.017000028863549232
v 0.04963544383645061 -0.006026833783835177 0.017000028863549232
v 0.059999998658895534 1.0794572163377173e-17 0.017000028863549232
v 0.058495674282312435 -0.013351256027817735 0.017000028863549232
v 0.0467508137226105 -0.017730243504047404 0.017000028863549232
v 0.05405813083052639 -0.026033025234937685 0.017000028863549232
v 0.04114919155836108 -0.02840323746204378 0.017000028863549232
v 0.04690988734364513 -0.03740938752889636 0.017000028863549232
v 0.03315613418817522 -0.03742553666234019 0.017000028863549232
v 0.03740938752889636 -0.04690988734364513 0.017000028863549232
v 0.023236159235239043 -0.044272802770137815 0.017000028863549232
v 0.026033025234937685 -0.05405813083052639 0.017000028863549232
v 0.011965783312916764 -0.04854708909988407 0.017000028863549232
v 0.013351256027817735 -0.058495674282312435 0.017000028863549232
v 1.2246468525851686e-17 -0.050000000745058094 0.017000028863549232
v -3.4694469519536165e-18 -0.059999998658895534 0.017000028863549232
v -0.011965783312916764 -0.04854708909988407 0.017000028863549232
v -0.013351256027817735 -0.058495674282312435 0.017000028863549232
v -0.023236159235239043 -0.044272802770137815 0.017000028863549232
v -0.026033025234937685 -0.05405813083052639 0.017000028863549232
v -0.03315613418817522 -0.03742553666234019 0.017000028863549232
v -0.03740938752889636 -0.04690988734364513 0.017000028863549232
v -0.04114919155836108 -0.02840323746204378 0.017000028863549232
v -0.04690988734364513 -0.03740938752889636 0.017000028863549232
v -0.0467508137226105 -0.017730243504047404 0.017000028863549232
v -0.05405813083052639 -0.026033025234937685 0.017000028863549232
v -0.04963544383645061 -0.006026833783835177 0.017000028863549232
v -0.058495674282312435 -0.013351256027817735 0.017000028863549232
v -0.059999998658895534 -3.9011893231823e-18 0.017000028863549232
v -0.011965783312916764 -0.04854708909988407 0.017000028863549232
v 3.1386797488691196e-27 -0.050000000745058094 1.0013580187262505e-08
v 1.2246468525851686e-17 -0.050000000745058094 0.017000028863549232
v 1.2246468525851686e-17 -0.050000000745058094 0.017000028863549232
v 3.1386797488691196e-27 -0.050000000745058094 1.0013580187262505e-08
v 0.011965783312916764 -0.04854708909988407 1.0013580187262505e-08
v 0.011965783312916764 -0.04854708909988407 0.017000028863549232
v 0.011965783312916764 -0.04854708909988407 0.017000028863549232
v 0.011965783312916764 -0.04854708909988407 1.0013580187262505e-08
v 0.023236159235239043 -0.044272802770137815 1.0013580187262505e-08
v 0.023236159235239043 -0.044272802770137815 0.017000028863549232
v 0.023236159235239043 -0.044272802770137815 0.017000028863549232
v 0.023236159235239043 -0.044272802770137815 1.0013580187262505e-08
v 0.03315613418817522 -0.03742553666234019 1.0013580187262505e-08
v 0.03315613418817522 -0.03742553666234019 0.017000028863549232
v 0.03315613418817522 -0.03742553666234019 0.017000028863549232
v 0.03315613418817522 -0.03742553666234019 1.0013580187262505e-08
v 0.04114919155836108 -0.02840323746204378 1.0013580187262505e-08
v 0.04114919155836108 -0.02840323746204378 0.017000028863549232
v 0.04114919155836108 -0.02840323746204378 0.017000028863549232
v 0.04114919155836108 -0.02840323746204378 1.0013580187262505e-08
v 0.0467508137226105 -0.017730243504047404 1.0013580187262505e-08
v 0.0467508137226105 -0.017730243504047404 0.017000028863549232
v 0.0467508137226105 -0.017730243504047404 0.017000028863549232
v 0.0467508137226105 -0.017730243504047404 1.0013580187262505e-08
v 0.04963544383645061 -0.006026833783835177 1.0013580187262505e-08
v 0.04963544383645061 -0.006026833783835177 0.017000028863549232
v 0.04963544383645061 -0.006026833783835177 0.017000028863549232
v 0.04963544383645061 -0.006026833783835177 1.0013580187262505e-08
v 0.04963544383645061 0.006026833783835177 1.0013580187262505e-08
v 0.04963544383645061 0.006026833783835177 0.017000028863549232
v 0.04963544383645061 0.006026833783835177 0.017000028863549232
v 0.04963544383645061 0.006026833783835177 1.0013580187262505e-08
v 0.0467508137226105 0.017730243504047404 1.0013580187262505e-08
v 0.0467508137226105 0.017730243504047404 0.017000028863549232
v 0.0467508137226105 0.017730243504047404 0.017000028863549232
v 0.0467508137226105 0.017730243504047404 1.0013580187262505e-08
v 0.04114919155836108 0.02840323746204378 1.0013580187262505e-08
v 0.04114919155836108 0.02840323746204378 0.017000028863549232
v 0.04114919155836108 0.02840323746204378 0.017000028863549232
v 0.04114919155836108 0.02840323746204378 1.0013580187262505e-08
v 0.03315613418817522 0.03742553666234019 1.0013580187262505e-08
v 0.03315613418817522 0.03742553666234019 0.017000028863549232
v 0.03315613418817522 0.03742553666234019 0.017000028863549232
v 0.03315613418817522 0.03742553666234019 1.0013580187262505e-08
v 0.023236159235239043 0.044272802770137815 1.0013580187262505e-08
v 0.023236159235239043 0.044272802770137815 0.017000028863549232
v 0.023236159235239043 0.044272802770137815 0.017000028863549232
v 0.023236159235239043 0.044272802770137815 1.0013580187262505e-08
v 0.011965783312916764 0.04854708909988407 1.0013580187262505e-08
v 0.011965783312916764 0.04854708909988407 0.017000028863549232
v 0.011965783312916764 0.04854708909988407 0.017000028863549232
v 0.011965783312916764 0.04854708909988407 1.0013580187262505e-08
v -6.123234262925843e-18 0.050000000745058094 1.0013580187262505e-08
v -6.123234262925843e-18 0.050000000745058094 0.017000028863549232
v -6.123234262925843e-18 0.050000000745058094 0.017000028863549232
v -6.123234262925843e-18 0.050000000745058094 1.0013580187262505e-08
v -0.011965783312916764 0.04854708909988407 1.0013580187262505e-08
v -0.011965783312916764 0.04854708909988407 0.017000028863549232
v -0.011965783312916764 0.04854708909988407 0.017000028863549232
v -0.011965783312916764 0.04854708909988407 1.0013580187262505e-08
v -0.023236159235239043 0.044272802770137815 1.0013580187262505e-08
v -0.023236159235239043 0.044272802770137815 0.017000028863549232
v -0.023236159235239043 0.044272802770137815 0.017000028863549232
v -0.023236159235239043 0.044272802770137815 1.0013580187262505e-08
v -0.03315613418817522 0.03742553666234019 1.0013580187262505e-08
v -0.03315613418817522 0.03742553666234019 0.017000028863549232
v -0.03315613418817522 0.03742553666234019 0.017000028863549232
v -0.03315613418817522 0.03742553666234019 1.0013580187262505e-08
v -0.04114919155836108 0.02840323746204378 1.0013580187262505e-08
v -0.04114919155836108 0.02840323746204378 0.017000028863549232
v -0.04114919155836108 0.02840323746204378 0.017000028863549232
v -0.04114919155836108 0.02840323746204378 1.0013580187262505e-08
v -0.0467508137226105 0.017730243504047404 1.0013580187262505e-08
v -0.0467508137226105 0.017730243504047404 0.017000028863549232
v -0.0467508137226105 0.017730243504047404 0.017000028863549232
v -0.0467508137226105 0.017730243504047404 1.0013580187262505e-08
v -0.04963544383645061 0.006026833783835177 1.0013580187262505e-08
v -0.04963544383645061 0.006026833783835177 0.017000028863549232
v -0.04963544383645061 0.006026833783835177 0.017000028863549232
v -0.04963544383645061 0.006026833783835177 1.0013580187262505e-08
v -0.04963544383645061 -0.006026833783835177 1.0013580187262505e-08
v -0.04963544383645061 -0.006026833783835177 0.017000028863549232
v -0.04963544383645061 -0.006026833783835177 0.017000028863549232
v -0.04963544383645061 -0.006026833783835177 1.0013580187262505e-08
v -0.0467508137226105 -0.017730243504047404 1.0013580187262505e-08
v -0.0467508137226105 -0.017730243504047404 0.017000028863549232
v -0.0467508137226105 -0.017730243504047404 0.017000028863549232
v -0.0467508137226105 -0.017730243504047404 1.0013580187262505e-08
v -0.04114919155836108 -0.02840323746204378 1.0013580187262505e-08
v -0.04114919155836108 -0.02840323746204378 0.017000028863549232
v -0.04114919155836108 -0.02840323746204378 0.017000028863549232
v -0.04114919155836108 -0.02840323746204378 1.0013580187262505e-08
v -0.03315613418817522 -0.03742553666234019 1.0013580187262505e-08
v -0.03315613418817522 -0.03742553666234019 0.017000028863549232
v -0.03315613418817522 -0.03742553666234019 0.017000028863549232
v -0.03315613418817522 -0.03742553666234019 1.0013580187262505e-08
v -0.023236159235239043 -0.044272802770137815 1.0013580187262505e-08
v -0.023236159235239043 -0.044272802770137815 0.017000028863549232
v -0.023236159235239043 -0.044272802770137815 0.017000028863549232
v -0.023236159235239043 -0.044272802770137815 1.0013580187262505e-08
v -0.011965783312916764 -0.04854708909988407 1.0013580187262505e-08
v -0.011965783312916764 -0.04854708909988407 0.017000028863549232
v -0.011965783312916764 -0.04854708909988407 1.0013580187262505e-08
v 0.023236159235239043 0.044272802770137815 1.0013580187262505e-08
v -0.011965783312916764 -0.04854708909988407 1.0013580187262505e-08
v 0.011965783312916764 0.04854708909988407 1.0013580187262505e-08
v -0.023236159235239043 -0.044272802770137815 1.0013580187262505e-08
v -0.03315613418817522 -0.03742553666234019 1.0013580187262505e-08
v 0.04963544383645061 -0.006026833783835177 1.0013580187262505e-08
v 0.0467508137226105 -0.017730243504047404 1.0013580187262505e-08
v 0.04114919155836108 -0.02840323746204378 1.0013580187262505e-08
v -0.04114919155836108 -0.02840323746204378 1.0013580187262505e-08
v -0.0467508137226105 -0.017730243504047404 1.0013580187262505e-08
v -0.04963544383645061 -0.006026833783835177 1.0013580187262505e-08
v -0.04114919155836108 0.02840323746204378 1.0013580187262505e-08
v -0.03315613418817522 0.03742553666234019 1.0013580187262505e-08
v -0.023236159235239043 0.044272802770137815 1.0013580187262505e-08
v 0.03315613418817522 0.03742553666234019 1.0013580187262505e-08
v 0.04114919155836108 0.02840323746204378 1.0013580187262505e-08
v 0.0467508137226105 0.017730243504047404 1.0013580187262505e-08
v 0.03315613418817522 -0.03742553666234019 1.0013580187262505e-08
v 0.023236159235239043 -0.044272802770137815 1.0013580187262505e-08
v 0.011965783312916764 -0.04854708909988407 1.0013580187262505e-08
v 0.04963544383645061 0.006026833783835177 1.0013580187262505e-08
v 3.1386797488691196e-27 -0.050000000745058094 1.0013580187262505e-08
v -0.04963544383645061 0.006026833783835177 1.0013580187262505e-08
v -0.0467508137226105 0.017730243504047404 1.0013580187262505e-08
v -6.123234262925843e-18 0.050000000745058094 1.0013580187262505e-08
v -0.011965783312916764 0.04854708909988407 1.0013580187262505e-08
usemtl material_DefaultMaterial
f 1 2 3
f 3 2 4
f 3 4 5
f 6 7 8
f 8 7 9
f 9 7 10
f 9 10 11
f 12 13 14
f 15 16 17
f 18 19 20
f 21 22 23
f 20 24 25
f 26 27 28
f 28 27 29
f 30 31 32
f 33 34 35
f 36 37 38
f 39 40 41
f 42 43 44
f 45 46 47
f 48 49 50
f 50 49 51
f 50 51 52
f 53 54 55
f 56 57 58
f 56 58 59
f 59 58 60
f 59 60 61
f 62 63 64
f 65 66 67
f 68 69 70
f 71 72 73
f 74 75 76
f 74 76 77
f 78 79 80
f 77 81 82
f 83 84 85
f 86 73 87
f 86 87 88
f 89 90 91
f 92 93 94
f 94 93 95
f 96 97 98
f 99 100 101
f 102 103 104
f 105 106 107
f 107 106 108
f 109 110 111
f 112 113 114
f 115 116 117
f 118 119 120
f 118 120 99
f 121 122 123
f 123 122 124
f 123 124 125
f 126 127 128
f 128 127 129
f 128 129 130
f 131 132 133
f 134 135 136
f 134 136 137
f 137 136 138
f 139 140 141
f 142 143 144
f 145 146 147
f 148 149 150
f 147 151 152
f 153 154 155
f 156 157 158
f 159 160 161
f 161 160 162
f 161 162 163
f 164 165 166
f 166 165 167
f 168 169 170
f 171 172 173
f 174 175 176
f 177 178 179
f 180 181 182
f 183 184 185
f 183 185 186
f 186 185 187
f 186 187 188
f 189 190 191
f 192 193 194
f 182 195 196
f 197 198 199
f 200 201 202
f 200 202 203
f 203 202 204
f 203 204 205
f 206 207 208
f 209 210 211
f 212 213 214
f 211 215 216
f 217 218 219
f 217 219 220
f 221 222 223
f 224 225 226
f 227 228 229
f 227 229 230
f 230 231 232
f 230 232 233
f 234 235 236
f 237 238 239
f 237 239 240
f 240 241 242
f 243 244 245
f 1 246 2
f 247 248 249
f 250 251 252
f 253 254 255
f 253 255 256
f 257 258 259
f 259 258 260
f 259 260 261
f 261 260 262
f 261 262 263
f 263 262 264
f 263 264 265
f 265 264 266
f 265 266 267
f 267 266 268
f 267 268 269
f 269 268 270
f 269 270 271
f 271 270 272
f 271 272 273
f 273 272 274
f 273 274 275
f 275 274 276
f 275 276 277
f 277 276 278
f 277 278 279
f 279 278 280
f 279 280 281
f 281 280 282
f 281 282 283
f 282 284 283
f 283 284 285
f 283 285 286
f 286 285 287
f 286 287 288
f 288 287 289
f 288 289 290
f 290 289 291
f 290 291 292
f 292 291 293
f 292 293 294
f 294 293 295
f 294 295 296
f 296 295 297
f 296 297 298
f 298 297 299
f 298 299 300
f 300 299 301
f 300 301 302
f 302 301 303
f 302 303 304
f 304 303 305
f 304 305 306
f 306 305 307
f 306 307 308
f 308 307 309
f 308 309 257
f 257 309 310
f 257 310 258
f 311 312 313
f 314 315 316
f 314 316 317
f 318 319 320
f 318 320 321
f 322 323 324
f 322 324 325
f 326 327 328
f 326 328 329
f 330 331 332
f 330 332 333
f 334 335 336
f 334 336 337
f 338 339 340
f 338 340 341
f 342 343 344
f 342 344 345
f 346 347 348
f 346 348 349
f 350 351 352
f 350 352 353
f 354 355 356
f 354 356 357
f 358 359 360
f 358 360 361
f 362 363 364
f 362 364 365
f 366 367 368
f 366 368 369
f 370 371 372
f 370 372 373
f 374 375 376
f 374 376 377
f 378 379 380
f 378 380 381
f 382 383 384
f 382 384 385
f 386 387 388
f 386 388 389
f 390 391 392
f 390 392 393
f 394 395 396
f 394 396 397
f 398 399 400
f 398 400 401
f 402 403 404
f 402 404 405
f 406 407 408
f 406 408 409
f 410 411 412
f 410 412 413
f 311 414 312
f 415 416 417
f 415 418 416
f 416 418 419
f 416 419 420
f 417 421 415
f 415 421 422
f 415 422 423
f 420 424 416
f 416 424 425
f 416 425 426
f 427 428 429
f 429 428 430
f 429 430 416
f 426 431 416
f 416 431 432
f 416 432 429
f 423 433 415
f 415 433 434
f 415 434 435
f 435 436 415
f 415 436 437
f 415 437 438
f 438 437 439
f 438 439 440
f 441 442 443
f 444 445 446
f 447 448 449
f 450 451 452
f 453 454 455
f 456 457 458
f 459 460 461
f 462 463 464
f 465 466 467
f 468 469 470
f 471 472 473
f 474 475 476
f 477 478 479
f 480 481 482
f 483 484 485
f 486 487 488
f 489 490 491
f 492 493 494
f 495 496 497
f 498 499 500
f 501 502 503
f 504 505 506
f 507 508 509
f 510 511 512
f 513 514 515
f 516 517 518
f 519 520 521
f 522 523 524
f 524 523 525
f 526 527 528
f 529 530 531
f 532 533 534
f 534 533 535
f 536 537 538
f 539 540 541
f 542 543 544
f 545 546 547
f 548 549 550
f 551 552 553
f 553 552 554
f 555 556 557
f 558 559 560
f 561 562 563
f 564 565 566
f 567 568 569
f 570 571 572
f 573 574 575
f 576 577 578
f 579 580 581
f 582 583 584
f 559 585 560
f 586 587 588
f 589 590 591
f 589 591 592
f 593 594 595
f 596 597 598
f 599 600 601
f 602 603 604
f 605 606 607
f 600 608 601
f 609 610 611
f 612 613 614
f 612 614 615
f 616 617 618
f 619 620 621
f 622 623 624
f 625 626 627
f 628 629 630
f 631 632 633
f 634 635 636
f 623 637 624
f 638 639 640
f 641 642 643
f 641 643 644
f 645 646 647
f 648 649 650
f 651 652 653
f 654 655 656
f 657 658 659
f 652 660 653
f 661 662 663
f 664 665 666
f 667 668 669
f 670 671 672
f 670 672 673
f 674 675 676
f 677 678 679
f 680 681 682
f 683 684 685
f 683 685 686
f 687 688 689
f 690 691 692
f 693 694 695
f 696 697 698
f 696 698 699
f 700 701 702
f 702 701 703
f 704 705 706
f 707 708 709
f 710 711 712
f 713 714 715
f 716 717 718
f 719 720 721
f 719 721 722
f 723 724 725
f 726 727 728
f 729 730 731
f 732 733 734
f 735 736 737
f 738 739 740
f 741 742 743
f 744 745 746
f 747 748 749
f 750 751 752
f 753 754 755
f 756 757 758
f 756 758 759
f 760 761 762
f 763 764 765
f 766 767 768
f 769 770 771
f 769 771 772
f 773 774 775
f 776 777 778
f 779 780 781
f 782 783 784
f 782 784 785
f 786 787 788
f 789 790 791
f 792 793 794
f 795 796 797
f 795 797 798
f 799 800 801
f 801 800 802
f 803 804 805
f 806 807 808
f 809 810 811
f 812 813 814
f 815 816 817
f 818 819 820
f 821 822 823
f 824 825 826
f 824 826 827
f 828 829 830
f 831 832 833
f 829 828 834
f 835 836 837
f 838 839 840
f 841 842 843
f 844 845 846
f 847 848 849
f 850 851 852
f 853 854 855
f 856 857 858
f 859 860 861
f 862 863 864
f 865 866 867
f 865 867 868
f 869 870 871
f 872 873 874
f 875 876 877
f 878 879 880
f 881 882 883
f 884 885 886
f 887 888 889
f 890 891 892
f 893 894 895
f 896 897 898
f 899 900 901
f 902 903 904
f 902 904 905
f 906 907 908
f 909 910 911
f 912 913 914
f 915 916 917
f 918 919 920
f 921 922 923
f 924 925 926
f 927 928 929
f 929 928 930
f 931 932 933
f 934 935 936
f 937 938 939
f 940 941 942
f 943 944 945
f 946 947 948
f 949 950 951
f 952 953 954
f 955 956 957
f 958 959 960
f 958 960 961
f 962 963 964
f 965 966 967
f 968 969 970
f 971 972 973
f 971 973 974
f 975 976 977
f 978 979 980
f 981 982 983
f 984 985 986
f 987 988 989
f 990 991 992
f 993 994 995
f 996 997 998
f 999 1000 1001
f 1002 1003 1004
f 1005 1006 1007
f 1007 1006 1008
f 1009 1010 1011
f 1012 1013 1014
f 1012 1014 1015
f 1016 1017 1018
f 1019 1020 1021
f 1022 1023 1024
f 1025 1026 1027
f 1028 1029 1030
f 1031 1032 1033
f 1034 1035 1036
f 1037 1038 1039
f 1037 1039 1040
f 1041 1042 1043
f 1044 1045 1046
f 1047 1048 1049
f 1050 1051 1052
f 1053 1054 1055
f 1056 1057 1058
f 1059 1060 1061
f 1062 1063 1064
f 1065 1066 1067
f 1068 1069 1070
f 1068 1070 1071
f 1072 1073 1074
f 1075 1076 1077
f 1078 1079 1080
f 1081 1082 1083
f 1081 1083 1084
f 1085 1086 1087
f 1088 1089 1090
f 1091 1092 1093
f 1094 1095 1096
f 1097 1098 1099
f 1100 1101 1102
f 1100 1102 1103
f 1104 1105 1106
f 1107 1108 1109
f 1110 1111 1112
f 1112 1111 1113
f 1114 1115 1116
f 1117 1118 1119
f 1120 1121 1122
f 1123 1124 1125
f 1126 1127 1128
f 1129 1130 1131
f 1132 1133 1134
f 1135 1136 1137
f 1138 1139 1140
f 1141 1142 1143
f 1141 1143 1144
f 1145 1146 1147
f 1148 1149 1150
f 1151 1152 1153
f 1154 1155 1156
f 1157 1158 1159
f 1160 1161 1162
f 1163 1164 1165
f 1166 1167 1168
f 1169 1170 1171
f 1172 1173 1174
f 1175 1176 1177
f 1178 1179 1180
f 1181 1182 1183
f 1184 1185 1186
f 1187 1188 1189
f 1190 1191 1192
f 1193 1194 1195
f 1196 1197 1198
f 1199 1200 1201
f 1202 1203 1204
f 1205 1206 1207
f 1208 1209 1210
f 1211 1212 1213
f 1214 1215 1216
f 1217 1218 1219
f 1220 1221 1222
f 1223 1224 1225
f 1226 1227 1228
f 1229 1230 1231
f 1232 1233 1234
f 1235 1236 1237
f 1238 1239 1240
f 1241 1242 1243
f 1244 1245 1246
f 1247 1248 1249
f 1250 1251 1252
f 1253 1254 1255
f 1256 1257 1258
f 1259 1260 1261
f 1262 1263 1264
f 1265 1266 1267
f 1268 1269 1270
f 1271 1272 1273
f 1274 1275 1276
f 1277 1278 1279
f 1280 1281 1282
f 1283 1284 1285
f 1286 1287 1288
f 1289 1290 1291
f 1292 1293 1294
f 1295 1296 1297
f 1298 1299 1300
f 1301 1302 1303
f 1304 1305 1306
f 1307 1308 1309
f 1310 1311 1312
f 1313 1314 1315
f 1316 1317 1318
f 1319 1320 1321
f 1322 1323 1324
f 1325 1326 1327
f 1328 1329 1330
f 1331 1332 1333
f 1334 1335 1336
f 1337 1338 1339
f 1340 1341 1342
f 1343 1344 1345
f 1346 1347 1348
f 1349 1350 1351
f 1352 1353 1354
f 1355 1356 1357
f 1358 1359 1360
f 1361 1362 1363
f 1364 1365 1366
f 1367 1368 1369
f 1370 1371 1372
f 1373 1374 1375
f 1376 1377 1378
f 1379 1380 1381
f 1382 1383 1384
f 1385 1386 1387
f 1388 1389 1390
f 1391 1392 1393
f 1394 1395 1396
f 1397 1398 1399
f 1400 1401 1402
f 1403 1404 1405
f 1406 1407 1408
f 1409 1410 1411
f 1412 1413 1414
f 1415 1416 1417
f 1418 1419 1420
f 1421 1422 1423
f 1424 1425 1426
f 1427 1428 1429
f 1430 1431 1432
f 1433 1434 1435
f 1436 1437 1438
f 1439 1440 1441
f 1442 1443 1444
f 1445 1446 1447
f 1448 1449 1450
f 1451 1452 1453
f 1454 1455 1456
f 1457 1458 1459
f 1460 1461 1462
f 1463 1464 1465
f 1466 1467 1468
f 1469 1470 1471
f 1472 1473 1474
f 1475 1476 1477
f 1478 1479 1480
f 1481 1482 1483
f 1484 1485 1486
f 1487 1488 1489
f 1490 1491 1492
f 1493 1494 1495
f 1496 1497 1498
f 1499 1500 1501
f 1502 1503 1504
f 1505 1506 1507
f 1508 1509 1510
f 1511 1512 1513
f 1514 1515 1516
f 1517 1518 1519
f 1520 1521 1522
f 1523 1524 1525
f 1526 1527 1528
f 1529 1530 1531
f 1532 1533 1534
f 1535 1536 1537
f 1538 1539 1540
f 1541 1542 1543
f 1544 1545 1546
f 1547 1548 1549
f 1550 1551 1552
f 1553 1554 1555
f 1556 1557 1558
f 1559 1560 1561
f 1562 1563 1564
f 1565 1566 1567
f 1568 1569 1570
f 1571 1572 1573
f 1574 1575 1576
f 1577 1578 1579
f 1580 1581 1582
f 1583 1584 1585
f 1586 1587 1588
f 1589 1590 1591
f 1592 1593 1594
f 1595 1596 1597
f 1598 1599 1600
f 1601 1602 1603
f 1604 1605 1606
f 1607 1608 1609
f 1610 1611 1612
f 1613 1614 1615
f 1616 1617 1618
f 1619 1620 1621
f 1622 1623 1624
f 1625 1626 1627
f 1628 1629 1630
f 1631 1632 1633
f 1634 1635 1636
f 1637 1638 1639
f 1640 1641 1642
f 1643 1644 1645
f 1646 1647 1648
f 1649 1650 1651
f 1652 1653 1654
f 1655 1656 1657
f 1658 1659 1660
f 1661 1662 1663
f 1664 1665 1666
f 1667 1668 1669
f 1670 1671 1672
f 1673 1674 1675
f 1676 1677 1678
f 1679 1680 1681
f 1682 1683 1684
f 1685 1686 1687
f 1688 1689 1690
f 1691 1692 1693
f 1694 1695 1696
f 1697 1698 1699
f 1700 1701 1702
f 1703 1704 1705
f 1706 1707 1708
f 1709 1710 1711
f 1712 1713 1714
f 1715 1716 1717
f 1718 1719 1720
f 1721 1722 1723
f 1724 1725 1726
f 1727 1728 1729
f 1730 1731 1732
f 1733 1734 1735
f 1736 1737 1738
f 1739 1740 1741
f 1742 1743 1744
f 1745 1746 1747
f 1748 1749 1750
f 1751 1752 1753
f 1754 1755 1756
f 1757 1758 1759
f 1760 1761 1762
f 1763 1764 1765
f 1766 1767 1768
f 1769 1770 1771
f 1772 1773 1774
f 1775 1776 1777
f 1778 1779 1780
f 1781 1782 1783
f 1784 1785 1786
f 1787 1788 1789
f 1790 1791 1792
f 1793 1794 1795
f 1796 1797 1798
f 1799 1800 1801
f 1802 1803 1804
f 1805 1806 1807
f 1808 1809 1810
f 1811 1812 1813
f 1814 1815 1816
f 1817 1818 1819
f 1820 1821 1822
f 1823 1824 1825
f 1826 1827 1828
f 1829 1830 1831
f 1832 1833 1834
f 1835 1836 1837
f 1838 1839 1840
f 1841 1842 1843
f 1844 1845 1846
f 1847 1848 1849
f 1850 1851 1852
f 1853 1854 1855
f 1856 1857 1858
f 1859 1860 1861
f 1862 1863 1864
f 1865 1866 1867
f 1868 1869 1870
f 1871 1872 1873
f 1874 1875 1876
f 1877 1878 1879
f 1880 1881 1882
f 1883 1884 1885
f 1886 1887 1888
f 1889 1890 1891
f 1892 1893 1894
f 1895 1896 1897
f 1898 1899 1900
f 1901 1902 1903
f 1904 1905 1906
f 1907 1908 1909
f 1910 1911 1912
f 1913 1914 1915
f 1916 1917 1918
f 1919 1920 1921
f 1922 1923 1924
f 1925 1926 1927
f 1928 1929 1930
f 1931 1932 1933
f 1934 1935 1936
f 1937 1938 1939
f 1940 1941 1942
f 1943 1944 1945
f 1946 1947 1948
f 1949 1950 1951
f 1952 1953 1954
f 1955 1956 1957
f 1958 1959 1960
f 1961 1962 1963
f 1964 1965 1966
f 1967 1968 1969
f 1970 1971 1972
f 1973 1974 1975
f 1976 1977 1978
f 1979 1980 1981
f 1982 1983 1984
f 1985 1986 1987
f 1988 1989 1990
f 1991 1992 1993
f 1994 1995 1996
f 1997 1998 1999
f 2000 2001 2002
f 2003 2004 2005
f 2006 2007 2008
f 2009 2010 2011
f 2012 2013 2014
f 2015 2016 2017
f 2018 2019 2020
f 2021 2022 2023
f 2024 2025 2026
f 2027 2028 2029
f 2030 2031 2032
f 2033 2034 2035
f 2036 2037 2038
f 2039 2040 2041
f 2042 2043 2044
f 2045 2046 2047
f 2048 2049 2050
f 2051 2052 2053
f 2054 2055 2056
f 2057 2058 2059
f 2060 2061 2062
f 2063 2064 2065
f 2066 2067 2068
f 2069 2070 2071
f 2072 2073 2074
f 2075 2076 2077
f 2078 2079 2080
f 2081 2082 2083
f 2084 2085 2086
f 2087 2088 2089
f 2090 2091 2092
f 2093 2094 2095
f 2096 2097 2098
f 2099 2100 2101
f 2102 2103 2104
f 2105 2106 2107
f 2108 2109 2110
f 2111 2112 2113
f 2114 2115 2116
f 2117 2118 2119
f 2120 2121 2122
f 2123 2124 2125
f 2126 2127 2128
f 2129 2130 2131
f 2132 2133 2134
f 2135 2136 2137
f 2138 2139 2140
f 2141 2142 2143
f 2144 2145 2146
f 2147 2148 2149
f 2150 2151 2152
f 2153 2154 2155
f 2156 2157 2158
f 2159 2160 2161
f 2162 2163 2164
f 2165 2166 2167
f 2168 2169 2170
f 2171 2172 2173
f 2174 2175 2176
f 2177 2178 2179
f 2180 2181 2182
f 2183 2184 2185
f 2186 2187 2188
f 2189 2190 2191
f 2192 2193 2194
f 2195 2196 2197
f 2198 2199 2200
f 2201 2202 2203
f 2204 2205 2206
f 2207 2208 2209
f 2210 2211 2212
f 2213 2214 2215
f 2216 2217 2218
f 2219 2220 2221
f 2222 2223 2224
f 2225 2226 2227
f 2228 2229 2230
f 2231 2232 2233
f 2234 2235 2236
f 2237 2238 2239
f 2240 2241 2242
f 2243 2244 2245
f 2246 2247 2248
f 2249 2250 2251
f 2252 2253 2254
f 2255 2256 2257
f 2258 2259 2260
f 2261 2262 2263
f 2264 2265 2266
f 2267 2268 2269
f 2270 2271 2272
f 2273 2274 2275
f 2276 2277 2278
f 2279 2280 2281
f 2282 2283 2284
f 2285 2286 2287
f 2288 2289 2290
f 2291 2292 2293
f 2294 2295 2296
f 2297 2298 2299
f 2300 2301 2302
f 2303 2304 2305
f 2306 2307 2308
f 2309 2310 2311
f 2312 2313 2314
f 2315 2316 2317
f 2318 2319 2320
f 2321 2322 2323
f 2324 2325 2326
f 2327 2328 2329
f 2330 2331 2332
f 2333 2334 2335
f 2336 2337 2338
f 2339 2340 2341
f 2342 2343 2344
f 2345 2346 2347
f 2348 2349 2350
f 2351 2352 2353
f 2354 2355 2356
f 2357 2358 2359
f 2360 2361 2362
f 2363 2364 2365
f 2366 2367 2368
f 2369 2370 2371
f 2372 2373 2374
f 2375 2376 2377
f 2378 2379 2380
f 2381 2382 2383
f 2384 2385 2386
f 2387 2388 2389
f 2390 2391 2392
f 2393 2394 2395
f 2396 2397 2398
f 2399 2400 2401
f 2402 2403 2404
f 2405 2406 2407
f 2408 2409 2410
f 2411 2412 2413
f 2414 2415 2416
f 2417 2418 2419
f 2420 2421 2422
f 2423 2424 2425
f 2426 2427 2428
f 2429 2430 2431
f 2432 2433 2434
f 2435 2436 2437
f 2438 2439 2440
f 2441 2442 2443
f 2444 2445 2446
f 2447 2448 2449
f 2450 2451 2452
f 2453 2454 2455
f 2456 2457 2458
f 2459 2460 2461
f 2462 2463 2464
f 2465 2466 2467
f 2468 2469 2470
f 2471 2472 2473
f 2474 2475 2476
f 2477 2478 2479
f 2480 2481 2482
f 2483 2484 2485
f 2486 2487 2488
f 2489 2490 2491
f 2492 2493 2494
f 2495 2496 2497
f 2498 2499 2500
f 2501 2502 2503
f 2504 2505 2506
f 2507 2508 2509
f 2510 2511 2512
f 2513 2514 2515
f 2516 2517 2518
f 2519 2520 2521
f 2522 2523 2524
f 2525 2526 2527
f 2528 2529 2530
f 2531 2532 2533
f 2534 2535 2536
f 2537 2538 2539
f 2540 2541 2542
f 2543 2544 2545
f 2546 2547 2548
f 2549 2550 2551
f 2552 2553 2554
f 2555 2556 2557
f 2558 2559 2560
f 2561 2562 2563
f 2564 2565 2566
f 2567 2568 2569
f 2570 2571 2572
f 2573 2574 2575
f 2576 2577 2578
f 2579 2580 2581
f 2582 2583 2584
f 2585 2586 2587
f 2588 2589 2590
f 2591 2592 2593
f 2594 2595 2596
f 2597 2598 2599
f 2600 2601 2602
f 2603 2604 2605
f 2606 2607 2608
f 2609 2610 2611
f 2612 2613 2614
f 2615 2616 2617
f 2618 2619 2620
f 2621 2622 2623
f 2624 2625 2626
f 2627 2628 2629
f 2630 2631 2632
f 2633 2634 2635
f 2636 2637 2638
f 2639 2640 2641
f 2642 2643 2644
f 2645 2646 2647
f 2648 2649 2650
f 2651 2652 2653
f 2654 2655 2656
f 2657 2658 2659
f 2660 2661 2662
f 2663 2664 2665
f 2666 2667 2668
f 2669 2670 2671
f 2672 2673 2674
f 2675 2676 2677
f 2678 2679 2680
f 2681 2682 2683
f 2684 2685 2686
f 2687 2688 2689
f 2690 2691 2692
f 2693 2694 2695
f 2696 2697 2698
f 2699 2700 2701
f 2702 2703 2704
f 2705 2706 2707
f 2708 2709 2710
f 2711 2712 2713
f 2714 2715 2716
f 2717 2718 2719
f 2720 2721 2722
f 2723 2724 2725
f 2726 2727 2728
f 2729 2730 2731
f 2732 2733 2734
f 2735 2736 2737
f 2738 2739 2740
f 2741 2742 2743
f 2744 2745 2746
f 2747 2748 2749
f 2750 2751 2752
f 2753 2754 2755
f 2756 2757 2758
f 2759 2760 2761
f 2762 2763 2764
f 2765 2766 2767
f 2768 2769 2770
f 2771 2772 2773
f 2774 2775 2776
f 2777 2778 2779
f 2780 2781 2782
f 2783 2784 2785
f 2786 2787 2788
f 2789 2790 2791
f 2792 2793 2794
f 2795 2796 2797
f 2798 2799 2800
f 2801 2802 2803
f 2804 2805 2806
f 2807 2808 2809
f 2810 2811 2812
f 2813 2814 2815
f 2816 2817 2818
f 2819 2820 2821
f 2822 2823 2824
f 2825 2826 2827
f 2828 2829 2830
f 2831 2832 2833
f 2834 2835 2836
f 2837 2838 2839
f 2840 2841 2842
f 2843 2844 2845
f 2846 2847 2848
f 2849 2850 2851
f 2852 2853 2854
f 2855 2856 2857
f 2858 2859 2860
f 2861 2862 2863
f 2864 2865 2866
f 2867 2868 2869
f 2870 2871 2872
f 2873 2874 2875
f 2876 2877 2878
f 2879 2880 2881
f 2882 2883 2884
f 2885 2886 2887
f 2888 2889 2890
f 2891 2892 2893
f 2894 2895 2896
f 2897 2898 2899
f 2900 2901 2902
f 2903 2904 2905
f 2906 2907 2908
f 2909 2910 2911
f 2912 2913 2914
f 2915 2916 2917
f 2918 2919 2920
f 2921 2922 2923
f 2924 2925 2926
f 2927 2928 2929
f 2930 2931 2932
f 2933 2934 2935
f 2936 2937 2938
f 2939 2940 2941
f 2942 2943 2944
f 2945 2946 2947
f 2948 2949 2950
f 2951 2952 2953
f 2954 2955 2956
f 2957 2958 2959
f 2960 2961 2962
f 2963 2964 2965
f 2966 2967 2968
f 2969 2970 2971
f 2972 2973 2974
f 2975 2976 2977
f 2978 2979 2980
f 2981 2982 2983
f 2984 2985 2986
f 2987 2988 2989
f 2990 2991 2992
f 2993 2994 2995
f 2996 2997 2998
f 2999 3000 3001
f 3002 3003 3004
f 3005 3006 3007
f 3008 3009 3010
f 3011 3012 3013
f 3014 3015 3016
f 3017 3018 3019
f 3020 3021 3022
f 3023 3024 3025
f 3026 3027 3028
f 3029 3030 3031
f 3032 3033 3034
f 3035 3036 3037
f 3038 3039 3040
f 3041 3042 3043
f 3044 3045 3046
f 3047 3048 3049
f 3050 3051 3052
f 3053 3054 3055
f 3056 3057 3058
f 3059 3060 3061
f 3062 3063 3064
f 3065 3066 3067
f 3068 3069 3070
f 3071 3072 3073
f 3074 3075 3076
f 3077 3078 3079
f 3080 3081 3082
f 3083 3084 3085
f 3086 3087 3088
f 3089 3090 3091
f 3092 3093 3094
f 3095 3096 3097
f 3098 3099 3100
f 3101 3102 3103
f 3104 3105 3106
f 3107 3108 3109
f 3110 3111 3112
f 3113 3114 3115
f 3116 3117 3118
f 3119 3120 3121
f 3122 3123 3124
f 3125 3126 3127
f 3128 3129 3130
f 3131 3132 3133
f 3134 3135 3136
f 3137 3138 3139
f 3140 3141 3142
f 3143 3144 3145
f 3146 3147 3148
f 3149 3150 3151
f 3152 3153 3154
f 3155 3156 3157
f 3158 3159 3160
f 3161 3162 3163
f 3164 3165 3166
f 3167 3168 3169
f 3170 3171 3172
f 3173 3174 3175
f 3176 3177 3178
f 3179 3180 3181
f 3182 3183 3184
f 3185 3186 3187
f 3188 3189 3190
f 3191 3192 3193
f 887 3194 888
f 3195 3196 3197
f 3198 3199 3200
f 3201 3202 3203
f 3204 3205 3206
f 3207 3208 3209
f 3210 3211 3212
f 3213 3214 3215
f 3216 3217 3218
f 3219 3220 3221
f 3222 3223 3224
f 3225 3226 3227
f 3228 3229 3230
f 3231 3232 3233
f 3234 3235 3236
f 3237 3238 3239
f 3240 3241 3242
f 3243 3244 3245
f 3246 3247 3248
f 3249 3250 3251
f 3252 3253 3254
f 3255 3256 3257
f 3258 3259 3260
f 3261 3262 3263
f 3264 3265 3266
f 3267 3268 3269
f 3270 3271 3272
f 3273 3274 3275
f 3276 3277 3278
f 3279 3280 3281
f 3282 3283 3284
f 3285 3286 3287
f 3288 3289 3290
f 3291 3292 3293
f 3294 3295 3296
f 3297 3298 3299
f 3300 3301 3302
f 3303 3304 3305
f 3306 3307 3308
f 3309 3310 3311
f 3312 3313 3314
f 3315 3316 3317
f 3318 3319 3320
f 3321 3322 3323
f 3324 3325 3326
f 3327 3328 3329
f 3330 3331 3332
f 3333 3334 3335
f 3336 3337 3338
f 3339 3340 3341
f 3342 3343 3344
f 3345 3346 3347
f 3348 3349 3350
f 3351 3352 3353
f 3354 3355 3356
f 3357 3358 3359
f 3360 3361 3362
f 3363 3364 3365
f 3366 3367 3368
f 3369 3370 3371
f 3372 3373 3374
f 3375 3376 3377
f 3378 3379 3380
f 3381 3382 3383
f 3384 3385 3386
f 3387 3388 3389
f 3390 3391 3392
f 3393 3394 3395
f 3396 3397 3398
f 3399 3400 3401
f 3402 3403 3404
f 3405 3406 3407
f 3408 3409 3410
f 3411 3412 3413
f 3414 3415 3416
f 3417 3418 3419
f 3420 3421 3422
f 3423 3424 3425
f 3426 3427 3428
f 3429 3430 3431
f 3432 3433 3434
f 3435 3436 3437
f 3438 3439 3440
f 3441 3442 3443
f 3444 3445 3446
f 3447 3448 3449
f 3450 3451 3452
f 3453 3454 3455
f 3456 3457 3458
f 3459 3460 3461
f 3462 3463 3464
f 3465 3466 3467
f 3468 3469 3470
f 3471 3472 3473
f 3474 3475 3476
f 3477 3478 3479
f 3480 3481 3482
f 3483 3484 3485
f 3486 3487 3488
f 3489 3490 3491
f 3492 3493 3494
f 3495 3496 3497
f 3498 3499 3500
f 3501 3502 3503
f 3504 3505 3506
f 3507 3508 3509
f 3510 3511 3512
f 3513 3514 3515
f 3516 3517 3518
f 3519 3520 3521
f 3522 3523 3524
f 3525 3526 3527
f 3528 3529 3530
f 3531 3532 3533
f 3534 3535 3536
f 3537 3538 3539
f 3540 3541 3542
f 3543 3544 3545
f 3546 3547 3548
f 3549 3550 3551
f 3552 3553 3554
f 3555 3556 3557
f 3558 3559 3560
f 3561 3562 3563
f 3564 3565 3566
f 3567 3568 3569
f 3570 3571 3572
f 3573 3574 3575
f 3576 3577 3578
f 3579 3580 3581
f 3582 3583 3584
f 3585 3586 3587
f 3588 3589 3590
f 3591 3592 3593
f 3594 3595 3596
f 3597 3598 3599
f 3600 3601 3602
f 3603 3604 3605
f 3606 3607 3608
f 3609 3610 3611
f 3612 3613 3614
f 3615 3616 3617
f 3618 3619 3620
f 3621 3622 3623
f 3624 3625 3626
f 3627 3628 3629
f 3630 3631 3632
f 3633 3634 3635
f 3636 3637 3638
f 3639 3640 3641
f 3642 3643 3644
f 3645 3646 3647
f 3648 3649 3650
f 3651 3652 3653
f 3654 3655 3656
f 3657 3658 3659
f 3660 3661 3662
f 3663 3664 3665
f 3666 3667 3668
f 3669 3670 3671
f 3672 3673 3674
f 3675 3676 3677
f 3678 3679 3680
f 3681 3682 3683
f 3684 3685 3686
f 3687 3688 3689
f 3690 3691 3692
f 3693 3694 3695
f 3696 3697 3698
f 3699 3700 3701
f 3702 3703 3704
f 3705 3706 3707
f 3708 3709 3710
f 3711 3712 3713
f 3714 3715 3716
f 3717 3718 3719
f 3720 3721 3722
f 3723 3724 3725
f 3726 3727 3728
f 3729 3730 3731
f 3732 3733 3734
f 3735 3736 3737
f 3738 3739 3740
f 3741 3742 3743
f 3744 3745 3746
f 3747 3748 3749
f 3750 3751 3752
f 3753 3754 3755
f 3756 3757 3758
f 3759 3760 3761
f 3762 3763 3764
f 3765 3766 3767
f 3768 3769 3770
f 3771 3772 3773
f 3774 3775 3776
f 3777 3778 3779
f 3780 3781 3782
f 3783 3784 3785
f 3786 3787 3788
f 3789 3790 3791
f 3792 3793 3794
f 3795 3796 3797
f 3798 3799 3800
f 3801 3802 3803
f 3804 3805 3806
f 3807 3808 3809
f 3810 3811 3812
f 3813 3814 3815
f 3816 3817 3818
f 3819 3820 3821
f 3822 3823 3824
f 3825 3826 3827
f 3828 3829 3830
f 3831 3832 3833
f 3834 3835 3836
f 3837 3838 3839
f 3840 3841 3842
f 3843 3844 3845
f 3846 3847 3848
f 3849 3850 3851
f 3852 3853 3854
f 3855 3856 3857
f 3858 3859 3860
f 3861 3862 3863
f 3864 3865 3866
f 3867 3868 3869
f 3870 3871 3872
f 3873 3874 3875
f 3876 3877 3878
f 3879 3880 3881
f 3882 3883 3884
f 3885 3886 3887
f 3888 3889 3890
f 3891 3892 3893
f 3894 3895 3896
f 3897 3898 3899
f 3900 3901 3902
f 3903 3904 3905
f 3906 3907 3908
f 3909 3910 3911
f 3912 3913 3914
f 3915 3916 3917
f 3918 3919 3920
f 3921 3922 3923
f 3924 3925 3926
f 3927 3928 3929
f 3930 3931 3932
f 3933 3934 3935
f 3936 3937 3938
f 3939 3940 3941
f 3942 3943 3944
f 3945 3946 3947
f 3948 3949 3950
f 3951 3952 3953
f 3954 3955 3956
f 3957 3958 3959
f 3960 3961 3962
f 3963 3964 3965
f 3966 3967 3968
f 3969 3970 3971
f 3972 3973 3974
f 3975 3976 3977
f 3978 2654 2656
f 3979 3980 3981
f 3982 3983 3984
f 3985 3986 3987
f 3988 3989 3990
f 3991 3992 3993
f 3994 3995 3996
f 3997 3998 3999
f 4000 4001 4002
f 4003 4004 4005
f 4006 4007 4008
f 4009 4010 4011
f 4012 4013 4014
f 4015 4016 4017
f 4018 4019 4020
f 4021 4022 4023
f 4024 4025 4026
f 4027 4028 4029
f 4030 4031 4032
f 4033 4034 4035
f 4036 4037 4038
f 4039 4040 4041
f 4042 4043 4044
f 4045 4046 4047
f 4048 4049 4050
f 4051 4052 4053
f 4054 4055 4056
f 4057 4058 4059
f 4060 4061 4062
f 4063 4064 4065
f 4066 4067 4068
f 4069 4070 4071
f 4072 4073 4074
f 4075 4076 4077
f 4078 4079 4080
f 4081 4082 4083
f 4084 4085 4086
f 4087 4088 4089
f 4090 4091 4092
f 4093 4094 4095
f 4096 4097 4098
f 4099 4100 4101
f 4102 4103 4104
f 4105 4106 4107
f 4108 4109 4110
f 4111 4112 4113
f 4114 4115 4116
f 4117 4118 4119
f 4120 4121 4122
f 4123 4124 4125
f 4126 4127 4128
f 4129 4130 4131
f 4132 4133 4134
f 4135 4136 4137
f 4138 4139 4140
f 4141 4142 4143
f 4144 4145 4146
f 4147 4148 4149
f 4150 4151 4152
f 4153 4154 4155
f 4156 4157 4158
f 4159 4160 4161
f 4162 4163 4164
f 4165 4166 4167
f 4168 4169 4170
f 4171 4172 4173
f 4174 4175 4176
f 4177 4178 4179
f 4180 4181 4182
f 4183 4184 4185
f 4186 4187 4188
f 4189 4190 4191
f 4192 4193 4194
f 4195 4196 4197
f 4198 4199 4200
f 4201 4202 4203
f 4204 4205 4206
f 4207 4208 4209
f 4210 4211 4212
f 4213 4214 4215
f 4216 4217 4218
f 4219 4220 4221
f 4222 4223 4224
f 4225 4226 4227
f 4228 4229 4230
f 4231 4232 4233
f 4234 4235 4236
f 4237 4238 4239
f 4240 4241 4242
f 4243 4244 4245
f 4246 4247 4248
f 4249 4250 4251
f 4252 4253 4254
f 4255 4256 4257
f 4258 4259 4260
f 4261 4262 4263
f 4264 4265 4266
f 4267 4268 4269
f 4270 4271 4272
f 4273 4274 4275
f 4276 4277 4278
f 4279 4280 4281
f 4282 4283 4284
f 4285 4286 4287
f 4288 4289 4290
f 4291 4292 4293
f 4294 4295 4296
f 4297 4298 4299
f 4300 4301 4302
f 4303 4304 4305
f 4306 4307 4308
f 4309 4310 4311
f 4312 4313 4314
f 4315 4316 4317
f 4318 4319 4320
f 4321 4322 4323
f 4324 4325 4326
f 4327 4328 4329
f 4330 4331 4332
f 4333 4334 4335
f 4336 4337 4338
f 4339 4340 4341
f 4342 4343 4344
f 4345 4346 4347
f 4348 4349 4350
f 4351 4352 4353
f 4354 4355 4356
f 4357 4358 4359
f 4360 4361 4362
f 4363 4364 4365
f 4366 4367 4368
f 4369 4370 4371
f 4372 4373 4374
f 4375 4376 4377
f 4378 4379 4380
f 4381 4382 4383
f 4384 4385 4386
f 4387 4388 4389
f 4390 4391 4392
f 4393 4394 4395
f 4396 4397 4398
f 4399 4400 4401
f 4402 4403 4404
f 4405 4406 4407
f 4408 4409 4410
f 4411 4412 4413
f 4414 4415 4416
f 4417 4418 4419
f 4420 4421 4422
f 4423 4424 4425
f 4426 4427 4428
f 4429 4430 4431
f 4432 4433 4434
f 4435 4436 4437
f 4438 4439 4440
f 4441 4442 4443
f 4444 4445 4446
f 4447 4448 4449
f 4450 4451 4452
f 4453 4454 4455
f 4456 4457 4458
f 4459 4460 4461
f 4462 4463 4464
f 4465 4466 4467
f 4468 4469 4470
f 4471 4472 4473
f 4474 4475 4476
f 4477 4478 4479
f 4480 4481 4482
f 4483 4484 4485
f 4486 4487 4488
f 4489 4490 4491
f 4492 4493 4494
f 4495 4496 4497
f 4498 4499 4500
f 4501 4502 4503
f 4504 4505 4506
f 4507 4508 4509
f 4510 4511 4512
f 4513 4514 4515
f 4516 4517 4518
f 4519 4520 4521
f 4522 4523 4524
f 4525 4526 4527
f 4528 4529 4530
f 4531 4532 4533
f 4534 4535 4536
f 4537 4538 4539
f 4540 4541 4542
f 4543 4544 4545
f 4546 4547 4548
f 4549 4550 4551
f 4552 4553 4554
f 4555 4556 4557
f 4558 4559 4560
f 4561 4562 4563
f 4564 4565 4566
f 4567 4568 4569
f 4570 4571 4572
f 4573 4574 4575
f 4576 4577 4578
f 4579 4580 4581
f 4582 4583 4584
f 4585 4586 4587
f 4588 4589 4590
f 4591 4592 4593
f 4594 4595 4596
f 4597 4598 4599
f 4600 4601 4602
f 4603 4604 4605
f 4606 4607 4608
f 4609 4610 4611
f 4612 4613 4614
f 4615 4616 4617
f 4618 4619 4620
f 4621 4622 4623
f 4624 4625 4626
f 4627 4628 4629
f 4630 4631 4632
f 4633 4634 4635
f 4636 4637 4638
f 4639 4640 4641
f 4642 4643 4644
f 4645 4646 4647
f 4648 4649 4650
f 4651 4652 4653
f 4654 4655 4656
f 4657 4658 4659
f 4660 4661 4662
f 4663 4664 4665
f 4666 4667 4668
f 4669 4670 4671
f 4672 4673 4674
f 4675 4676 4677
f 4678 4679 4680
f 4681 4682 4683
f 4684 4685 4686
f 4687 4688 4689
f 4690 4691 4692
f 4693 4694 4695
f 4696 4697 4698
f 4699 4700 4701
f 4702 4703 4704
f 4705 4706 4707
f 4708 4709 4710
f 4711 4712 4713
f 4714 4715 4716
f 4717 4718 4719
f 4720 4721 4722
f 4723 4724 4725
f 4726 4727 4728
f 4729 4730 4731
f 4732 4733 4734
f 4735 4736 4737
f 4738 4739 4740
f 4741 4742 4743
f 4744 4745 4746
f 4747 4748 4749
f 4750 4751 4752
f 4753 4754 4755
f 4756 4757 4758
f 4759 4760 4761
f 4762 4763 4764
f 4765 4766 4767
f 4768 4769 4770
f 4771 4772 4773
f 4774 4775 4776
f 4777 4778 4779
f 4780 4781 4782
f 4783 4784 4785
f 4786 4787 4788
f 4789 4790 4791
f 4792 4793 4794
f 4795 4796 4797
f 4798 4799 4800
f 4801 4802 4803
f 4804 4805 4806
f 4807 4808 4809
f 4810 4811 4812
f 4813 4814 4815
f 4816 4817 4818
f 4819 4820 4821
f 4822 4823 4824
f 4825 4826 4827
f 4828 4829 4830
f 4831 4832 4833
f 4834 4835 4836
f 4837 4838 4839
f 4840 4841 4842
f 4843 4844 4845
f 4846 4847 4848
f 4849 4850 4851
f 4852 4853 4854
f 4855 4856 4857
f 4858 4859 4860
f 4861 4862 4863
f 4864 4865 4866
f 4867 4868 4869
f 4870 4871 4872
f 4873 4874 4875
f 4876 4877 4878
f 4879 4880 4881
f 4882 4883 4884
f 4885 4886 4887
f 4888 4889 4890
f 4891 4892 4893
f 4894 4895 4896
f 4897 4898 4899
f 4900 4901 4902
f 4903 4904 4905
f 4906 4907 4908
f 4909 4910 4911
f 4912 4913 4914
f 4915 4916 4917
f 4918 4919 4920
f 4921 4922 4923
f 4924 4925 4926
f 4927 4928 4929
f 4930 4931 4932
f 4933 4934 4935
f 4936 4937 4938
f 4939 4940 4941
f 4942 4943 4944
f 4945 4946 4947
f 4948 4949 4950
f 4951 4952 4953
f 4954 4955 4956
f 4957 4958 4959
f 4960 4961 4962
f 4963 4964 4965
f 4966 4967 4968
f 4969 4970 4971
f 4972 4973 4974
f 4975 4976 4977
f 4978 4979 4980
f 4981 4982 4983
f 4984 4985 4986
f 4987 4988 4989
f 4990 4991 4992
f 4993 4994 4995
f 4996 4997 4998
f 4999 5000 5001
f 5002 5003 5004
f 5005 5006 5007
f 5008 5009 5010
f 5011 5012 5013
f 5014 5015 5016
f 5017 5018 5019
f 5020 5021 5022
f 5023 5024 5025
f 5026 5027 5028
f 5029 5030 5031
f 5032 5033 5034
f 5035 5036 5037
f 5038 5039 5040
f 5041 5042 5043
f 5044 5045 5046
f 5047 5048 5049
f 5050 5051 5052
f 5053 5054 5055
f 5056 5057 5058
f 5059 5060 5061
f 5062 5063 5064
f 5065 5066 5067
f 5068 5069 5070
f 5071 5072 5073
f 5074 5075 5076
f 5077 5078 5079
f 5080 5081 5082
f 5083 5084 5085
f 5086 5087 5088
f 5089 5090 5091
f 5092 5093 5094
f 5095 5096 5097
f 5098 5099 5100
f 5101 5102 5103
f 5104 5105 5106
f 5107 5108 5109
f 5110 5111 5112
f 5113 5114 5115
f 5116 5117 5118
f 5119 5120 5121
f 5122 5123 5124
f 5125 5126 5127
f 5128 5129 5130
f 5131 5132 5133
f 5134 5135 5136
f 5137 5138 5139
f 5140 5141 5142
f 5143 5144 5145
f 5146 5147 5148
f 5149 5150 5151
f 5152 5153 5154
f 5155 5156 5157
f 5158 5159 5160
f 5161 5162 5163
f 5164 5165 5166
f 5167 5168 5169
f 5170 5171 5172
f 5173 5174 5175
f 5176 5177 5178
f 5179 5180 5181
f 5182 5183 5184
f 5185 5186 5187
f 5188 5189 5190
f 5191 5192 5193
f 5194 5195 5196
f 5197 5198 5199
f 5200 5201 5202
f 5203 5204 5205
f 5206 5207 5208
f 5209 5210 5211
f 5212 5213 5214
f 5215 5216 5217
f 5218 5219 5220
f 5221 5222 5223
f 5224 5225 5226
f 5227 5228 5229
f 5230 5231 5232
f 5233 5234 5235
f 5236 5237 5238
f 5239 5240 5241
f 5242 5243 5244
f 5245 5246 5247
f 5248 5249 5250
f 5251 5252 5253
f 5254 5255 5256
f 5257 5258 5259
f 5260 5261 5262
f 5263 5264 5265
f 5266 5267 5268
f 5269 5270 5271
f 5272 497 496
f 5273 5274 5275
f 5276 5277 5278
f 5279 5280 5281
f 5282 5283 5284
f 5285 5286 5287
f 5288 5289 5290
f 5291 5292 5293
f 5294 5295 5296
f 5297 5298 5299
f 5300 5301 5302
f 5303 5304 5305
f 5306 5307 5308
f 5309 5310 5311
f 5312 5313 5314
f 5315 5316 5317
f 5318 5319 5320
f 5321 5322 5323
f 5324 5325 5326
f 5327 5328 5329
f 5330 5331 5332
f 5333 5334 5335
f 5336 5337 5338
f 5339 5340 5341
f 5342 5343 5344
f 5345 5346 5347
f 5348 5349 5350
f 5351 5352 5353
f 5354 5355 5356
f 5357 5358 5359
f 5360 5361 5362
f 5363 5364 5365
f 5366 5367 5368
f 5369 5370 5371
f 5372 5373 5374
f 5375 5376 5377
f 5378 5379 5380
f 5381 5382 5383
f 5384 5385 5386
f 5387 5388 5389
f 5390 5391 5392
f 5393 5394 5395
f 5396 5397 5398
f 5399 5400 5401
f 5402 5403 5404
f 5405 5406 5407
f 5408 5409 5410
f 5411 5412 5413
f 5414 5415 5416
f 5417 5418 5419
f 5420 5421 5422
f 5423 5424 5425
f 5426 5427 5428
f 5429 5430 5431
f 5432 5433 5434
f 5435 5436 5437
f 5438 5439 5440
f 5441 5442 5443
f 5444 5445 5446
f 5447 5448 5449
f 5450 5451 5452
f 5453 5454 5455
f 5456 5457 5458
f 5459 5460 5461
f 5462 5463 5464
f 5465 5466 5467
f 5468 5469 5470
f 5471 5472 5473
f 5474 5475 5476
f 5477 5478 5479
f 5480 5481 5482
f 5483 5484 5485
f 5486 5487 5488
f 5489 5490 5491
f 5492 5493 5494
f 5495 5496 5497
f 5498 5499 5500
f 5501 5502 5503
f 5504 5505 5506
f 5507 5508 5509
f 5510 5511 5512
f 5513 5514 5515
f 5516 5517 5518
f 5519 5520 5521
f 5522 5523 5524
f 5525 5526 5527
f 5528 5529 5530
f 5531 5532 5533
f 5534 5535 5536
f 5537 5538 5539
f 5540 5541 5542
f 5543 5544 5545
f 5546 5547 5548
f 5549 5550 5551
f 5552 5553 5554
f 5555 5556 5557
f 5558 5559 5560
f 5561 5562 5563
f 5564 5565 5566
f 5567 5568 5569
f 5570 5571 5572
f 5573 5574 5575
f 5576 5577 5578
f 5579 5580 5581
f 5582 5583 5584
f 5585 5586 5587
f 5588 5589 5590
f 5591 5592 5593
f 5594 5595 5596
f 5597 5598 5599
f 5600 5601 5602
f 5603 5604 5605
f 5606 5607 5608
f 5609 5610 5611
f 5612 5613 5614
f 5615 5616 5617
f 5618 5619 5620
f 5621 5622 5623
f 5624 5625 5626
f 5627 5628 5629
f 5630 5631 5632
f 5633 5634 5635
f 5636 5637 5638
f 5639 5640 5641
f 5642 5643 5644
f 5645 5646 5647
f 5648 5649 5650
f 5651 5652 5653
f 5654 5655 5656
f 5657 5658 5659
f 5660 5661 5662
f 5663 5664 5665
f 5666 5667 5668
f 5669 5670 5671
f 5672 5673 5674
f 5675 5676 5677
f 5678 5679 5680
f 5681 5682 5683
f 5684 5685 5686
f 5687 5688 5689
f 5690 5691 5692
f 5693 5694 5695
f 5696 5697 5698
f 5699 5700 5701
f 5702 5703 5704
f 5705 5706 5707
f 5708 5709 5710
f 5711 5712 5713
f 5714 5715 5716
f 5717 5718 5719
f 5720 5721 5722
f 5723 5724 5725
f 5726 5727 5728
f 5729 5730 5731
f 5732 5733 5734
f 5735 5736 5737
f 5738 5739 5740
f 5741 5742 5743
f 5744 5745 5746
f 5747 5748 5749
f 5750 5751 5752
f 5753 5754 5755
f 5756 5757 5758
f 5759 5760 5761
f 5762 5763 5764
f 5765 5766 5767
f 5768 5769 5770
f 5771 5772 5773
f 5774 5775 5776
f 5777 5778 5779
f 5780 5781 5782
f 5783 5784 5785
f 5786 5787 5788
f 5789 5790 5791
f 5792 5793 5794
f 5795 5796 5797
f 5798 5799 5800
f 5801 5802 5803
f 5804 5805 5806
f 5807 5808 5809
f 5810 5811 5812
f 5813 5814 5815
f 5816 5817 5818
f 5819 5820 5821
f 5822 5823 5824
f 5825 5826 5827
f 5828 5829 5830
f 5831 5832 5833
f 5834 5835 5836
f 5837 5838 5839
f 5840 5841 5842
f 5843 5844 5845
f 5846 5847 5848
f 5849 5850 5851
f 5852 5853 5854
f 5855 5856 5857
f 5858 5859 5860
f 5861 5862 5863
f 5864 5865 5866
f 5867 5868 5869
f 5870 5871 5872
f 5873 5874 5875
f 5876 5877 5878
f 5879 5880 5881
f 5882 5883 5884
f 5885 5886 5887
f 5888 5889 5890
f 5891 5892 5893
f 5894 5895 5896
f 5897 5898 5899
f 5900 5901 5902
f 5903 5904 5905
f 5906 5907 5908
f 5909 5910 5911
f 5912 5913 5914
f 5915 5916 5917
f 5918 5919 5920
f 5921 5922 5923
f 5924 5925 5926
f 5927 5928 5929
f 5930 5931 5932
f 5933 5934 5935
f 5936 5937 5938
f 5939 5940 5941
f 5942 5943 5944
f 5945 5946 5947
f 5948 5949 5950
f 5951 5952 5953
f 5954 5955 5956
f 5957 5958 5959
f 5960 5961 5962
f 5963 5964 5965
f 5966 5967 5968
f 5969 5970 5971
f 5972 5973 5974
f 5975 5976 5977
f 5978 5979 5980
f 5981 5982 5983
f 5984 5985 5986
f 5987 5988 5989
f 5990 5991 5992
f 5993 5994 5995
f 5996 5997 5998
f 5999 6000 6001
f 6002 6003 6004
f 6005 6006 6007
f 6008 6009 6010
f 6011 6012 6013
f 6014 6015 6016
f 6017 6018 6019
f 6020 6021 6022
f 6023 6024 6025
f 6026 6027 6028
f 6029 6030 6031
f 6032 6033 6034
f 6035 6036 6037
f 6038 6039 6040
f 6041 6042 6043
f 6044 6045 6046
f 6047 6048 6049
f 6050 6051 6052
f 6053 6054 6055
f 6056 6057 6058
f 6059 6060 6061
f 6062 6063 6064
f 6065 6066 6067
f 6068 6069 6070
f 6071 6072 6073
f 6074 6075 6076
f 6077 6078 6079
f 6080 6081 6082
f 6083 6084 6085
f 6086 6087 6088
f 6089 6090 6091
f 6092 6093 6094
f 6095 6096 6097
f 6098 6099 6100
f 6101 6102 6103
f 6104 6105 6106
f 6107 6108 6109
f 6110 6111 6112
f 6113 6114 6115
f 6116 6117 6118
f 6119 6120 6121
f 6122 6123 6124
f 6125 6126 6127
f 6128 6129 6130
f 6131 6132 6133
f 6134 6135 6136
f 6137 6138 6139
f 6140 6141 6142
f 6143 6144 6145
f 6146 6147 6148
f 6149 6150 6151
f 6152 6153 6154
f 6155 6156 6157
f 6158 6159 6160
f 6161 6162 6163
f 6164 6165 6166
f 6167 6168 6169
f 6170 6171 6172
f 6173 6174 6175
f 6176 6177 6178
f 6179 6180 6181
f 6182 6183 6184
f 6185 6186 6187
f 6188 6189 6190
f 6191 6192 6193
f 6194 6195 6196
f 6197 6198 6199
f 6200 6201 6202
f 6203 6204 6205
f 6206 6207 6208
f 6209 6210 6211
f 6212 500 499
f 6213 6214 6215
f 6216 6217 6218
f 6219 6220 6221
f 6222 6223 6224
f 6225 6226 6227
f 6228 6229 6230
f 6231 6232 6233
f 6234 6235 6236
f 6237 6238 6239
f 6240 6241 6242
f 6243 6244 6245
f 6246 6247 6248
f 6249 6250 6251
f 6252 6253 6254
f 6255 6256 6257
f 6258 6259 6260
f 6261 6262 6263
f 6264 6265 6266
f 6267 6268 6269
f 6270 6271 6272
f 6273 6274 6275
f 6276 6277 6278
f 6279 6280 6281
f 6282 6283 6284
f 6285 6286 6287
f 6288 6289 6290
f 6291 6292 6293
f 6294 6295 6296
f 6297 6298 6299
f 6300 6301 6302
f 6303 6304 6305
f 6306 6307 6308
f 6309 6310 6311
f 6312 6313 6314
f 6315 6316 6317
f 6318 6319 6320
f 6321 6322 6323
f 6324 6325 6326
f 6327 6328 6329
f 6330 6331 6332
f 6333 6334 6335
f 6336 6337 6338
f 6339 6340 6341
f 6342 6343 6344
f 6345 6346 6347
f 6348 6349 6350
f 6351 6352 6353
f 6354 6355 6356
f 6357 6358 6359
f 6360 6361 6362
f 6363 6364 6365
f 6366 6367 6368
f 6369 6370 6371
f 6372 6373 6374
f 6375 6376 6377
f 6378 6379 6380
f 6381 6382 6383
f 6384 6385 6386
f 6387 6388 6389
f 6390 6391 6392
f 6393 6394 6395
f 6396 6397 6398
f 6399 6400 6401
f 6402 6403 6404
f 6405 6406 6407
f 6408 6409 6410
f 6411 6412 6413
f 6414 6415 6416
f 6417 6418 6419
f 6420 6421 6422
f 6423 6424 6425
f 6426 6427 6428
f 6429 6430 6431
f 6432 6433 6434
f 6435 6436 6437
f 6438 6439 6440
f 6441 6442 6443
f 6444 6445 6446
f 6447 6448 6449
f 6450 6451 6452
f 6453 6454 6455
f 6456 6457 6458
f 6459 6460 6461
f 6462 6463 6464
f 6465 6466 6467
f 6468 6469 6470
f 6471 6472 6473
f 6474 6475 6476
f 6477 6478 6479
f 6480 6481 6482
f 6483 6484 6485
f 6486 6487 6488
f 6489 6490 6491
f 6492 6493 6494
f 6495 6496 6497
f 6498 6499 6500
f 6501 6502 6503
f 6504 6505 6506
f 6507 6508 6509
f 6510 6511 6512
f 6513 6514 6515
f 6516 6517 6518
f 6519 6520 6521
f 6522 6523 6524
f 6525 6526 6527
f 6528 6529 6530
f 6531 6532 6533
f 6534 6535 6536
f 6537 6538 6539
f 6540 6541 6542
f 6543 6544 6545
f 6546 6547 6548
f 6549 6550 6551
f 6552 6553 6554
f 6555 6556 6557
f 6558 6559 6560
f 6561 6562 6563
f 6564 6565 6566
f 6567 6568 6569
f 6570 6571 6572
f 6573 6574 6575
f 6576 6577 6578
f 6579 6580 6581
f 6582 6583 6584
f 6585 6586 6587
f 6588 6589 6590
f 6591 6592 6593
f 6594 6595 6596
f 6597 6598 6599
f 6600 6601 6602
f 6603 6604 6605
f 6606 6607 6608
f 6609 6610 6611
f 6612 6613 6614
f 6615 6616 6617
f 6618 6619 6620
f 6621 6622 6623
f 6624 6625 6626
f 6627 6628 6629
f 6630 6631 6632
f 6633 6634 6635
f 6636 6637 6638
f 6639 6640 6641
f 6642 6643 6644
f 6645 6646 6647
f 6648 6649 6650
f 6651 6652 6653
f 6654 6655 6656
f 6657 6658 6659
f 6660 6661 6662
f 6663 6664 6665
f 6666 6667 6668
f 6669 6670 6671
f 6672 6673 6674
f 6675 6676 6677
f 6678 6679 6680
f 6681 6682 6683
f 6684 6685 6686
f 6687 6688 6689
f 6690 6691 6692
f 6693 6694 6695
f 6696 6697 6698
f 6699 6700 6701
f 6702 6703 6704
f 6705 6706 6707
f 6708 6709 6710
f 6711 6712 6713
f 6714 6715 6716
f 6717 6718 6719
f 6720 6721 6722
f 6723 6724 6725
f 6726 6727 6728
f 6729 6730 6731
f 6732 6733 6734
f 6735 6736 6737
f 6738 6739 6740
f 6741 6742 6743
f 6744 6745 6746
f 6747 6748 6749
f 6750 6751 6752
f 6753 6754 6755
f 6756 6757 6758
f 6759 6760 6761
f 6762 6763 6764
f 6765 6766 6767
f 6768 6769 6770
f 6771 6772 6773
f 6774 6775 6776
f 6777 6778 6779
f 6780 6781 6782
f 6783 6784 6785
f 6786 6787 6788
f 6789 6790 6791
f 6792 6793 6794
f 6795 6796 6797
f 6798 6799 6800
f 6801 6802 6803
f 6804 6805 6806
f 6807 6808 6809
f 6810 6811 6812
f 6813 6814 6815
f 6816 6817 6818
f 6819 6820 6821
f 6822 6823 6824
f 6825 6826 6827
f 6828 6829 6830
f 6831 6832 6833
f 517 6834 518
f 6835 6836 6837
f 6838 6839 6840
f 6841 6842 6843
f 6844 6845 6846
f 520 6847 521
f 6848 6849 6850
f 6851 6852 6853
f 6854 6855 6856
f 6857 6858 6859
f 6860 6861 6862
f 6863 6864 6865
f 6866 6867 6868
f 6869 6870 6871
f 6872 6873 6874
f 6875 6876 6877
f 6878 6879 6880
f 6881 6882 6883
f 6884 6885 6886
f 6887 6888 6889
f 6890 6891 6892
f 6893 6894 6895
f 6896 6897 6898
f 6899 6900 6901
f 6902 6903 6904
f 6905 6906 6907
f 6908 6909 6910
f 6911 6912 6913
f 6914 6915 6916
f 6917 6918 6919
f 6920 6921 6922
f 6923 6924 6925
f 6926 6927 6928
f 6929 6930 6931
f 6932 6933 6934
f 6935 6936 6937
f 6938 6939 6940
f 6941 6942 6943
f 6944 6945 6946
f 6947 6948 6949
f 6950 6951 6952
f 6953 6954 6955
f 6956 6957 6958
f 6959 6960 6961
f 6962 6963 6964
f 6965 6966 6967
f 6968 6969 6970
f 6971 6972 6973
f 6974 6975 6976
f 6977 6978 6979
f 6980 6981 6982
f 6983 6984 6985
f 6986 6987 6988
f 6989 6990 6991
f 6992 6993 6994
f 6995 6996 6997
f 6998 6999 7000
f 7001 7002 7003
f 7004 7005 7006
f 7007 7008 7009
f 7010 7011 7012
f 7013 7014 7015
f 7016 7017 7018
f 7019 7020 7021
f 7022 7023 7024
f 7025 7026 7027
f 7028 7029 7030
f 7031 7032 7033
f 7034 7035 7036
f 7037 7038 7039
f 7040 7041 7042
f 7043 7044 7045
f 7046 7047 7048
f 7049 7050 7051
f 7052 7053 7054
f 7055 7056 7057
f 7058 7059 7060
f 7061 7062 7063
f 7064 7065 7066
f 7067 7068 7069
f 7070 7071 7072
f 7073 7074 7075
f 7076 7077 7078
f 7079 7080 7081
f 7082 7083 7084
f 7085 7086 7087
f 7088 7089 7090
f 7091 7092 7093
f 7094 7095 7096
f 7097 7098 7099
f 7100 7101 7102
f 7103 7104 7105
f 7106 7107 7108
f 7109 7110 7111
f 7112 7113 7114
f 7115 7116 7117
f 514 7118 515
f 7119 7120 7121
f 7122 7123 7124
f 7125 7126 7127
f 7128 7129 7130
f 7131 7132 7133
f 7134 7135 7136
f 7137 7138 7139
f 7140 7141 7142
f 7143 7144 7145
f 7146 7147 7148
f 7149 7150 7151
f 7152 7153 7154
f 7155 7156 7157
f 7158 7159 7160
f 7161 7162 7163
f 7164 7165 7166
f 7167 7168 7169
f 7170 7171 7172
f 7173 7174 7175
f 7176 7177 7178
f 7179 7180 7181
f 7182 7183 7184
f 7185 7186 7187
f 7188 7189 7190
f 7191 7192 7193
f 7194 7195 7196
f 7197 7198 7199
f 7200 7201 7202
f 7203 7204 7205
f 7206 7207 7208
f 7209 7210 7211
f 7212 7213 7214
f 7215 7216 7217
f 7218 7219 7220
f 7221 7222 7223
f 7224 7225 7226
f 7227 7228 7229
f 7230 7231 7232
f 7233 7234 7235
f 7236 7237 7238
f 7239 7240 7241
f 7242 7243 7244
f 7245 7246 7247
f 7248 7249 7250
f 7251 7252 7253
f 7254 7255 7256
f 7257 7258 7259
f 7260 7261 7262
f 7263 7264 7265
f 7266 7267 7268
f 7269 7270 7271
f 7272 7273 7274
f 7275 7276 7277
f 7278 7279 7280
f 7281 7282 7283
f 7284 7285 7286
f 7287 7288 7289
f 7290 7291 7292
f 7293 7294 7295
f 7296 7297 7298
f 7299 7300 7301
f 7302 7303 7304
f 7305 7306 7307
f 7308 7309 7310
f 7311 7312 7313
f 7314 7315 7316
f 7317 7318 7319
f 7320 7321 7322
f 7323 7324 7325
f 7326 7327 7328
f 7329 7330 7331
f 7332 7333 7334
f 7335 7336 7337
f 7338 7339 7340
f 7341 7342 7343
f 7344 7345 7346
f 7347 7348 7349
f 7350 7351 7352
f 7353 7354 7355
f 7356 7357 7358
f 7359 7360 7361
f 7362 7363 7364
f 7365 7366 7367
f 7368 7369 7370
f 7371 7372 7373
f 7374 7375 7376
f 7377 7378 7379
f 7380 7381 7382
f 7383 7384 7385
f 7386 7387 7388
f 7389 7390 7391
f 7392 7393 7394
f 7395 7396 7397
f 7398 7399 7400
f 7401 7402 7403
f 7404 7405 7406
f 7407 7408 7409
f 7410 7411 7412
f 7413 7414 7415
f 7416 7417 7418
f 7419 7420 7421
f 7422 7423 7424
f 7425 7426 7427
f 7428 7429 7430
f 7431 7432 7433
f 7434 7435 7436
f 7437 7438 7439
f 7440 7441 7442
f 7443 7444 7445
f 7446 7447 7448
f 7449 7450 7451
f 7452 7453 7454
f 7455 7456 7457
f 7458 7459 7460
f 7461 7462 7463
f 7464 7465 7466
f 7467 7468 7469
f 7470 7471 7472
f 7473 7474 7475
f 7476 7477 7478
f 7479 7480 7481
f 7482 7483 7484
f 7485 7486 7487
f 7488 7489 7490
f 7491 7492 7493
f 7494 7495 7496
f 7497 7498 7499
f 7500 7501 7502
f 7503 7504 7505
f 7506 7507 7508
f 7509 7510 7511
f 7512 7513 7514
f 7515 7516 7517
f 7518 7519 7520
f 7521 7522 7523
f 7524 7525 7526
f 7527 7528 7529
f 7530 7531 7532
f 7533 7534 7535
f 7536 7537 7538
f 7539 7540 7541
f 7542 7543 7544
f 7545 7546 7547
f 7548 7549 7550
f 7551 7552 7553
f 7554 7555 7556
f 7557 7558 7559
f 7560 7561 7562
f 7563 7564 7565
f 7566 7567 7568
f 7569 7570 7571
f 7572 7573 7574
f 7575 7576 7577
f 7578 7579 7580
f 7581 7582 7583
f 7584 7585 7586
f 7587 7588 7589
f 7590 7591 7592
f 7593 7594 7595
f 7596 7597 7598
f 7599 7600 7601
f 7602 7603 7604
f 7605 7606 7607
f 7608 7609 7610
f 7611 7612 7613
f 7614 7615 7616
f 7617 7618 7619
f 7620 7621 7622
f 7623 7624 7625
f 7626 7627 7628
f 7629 7630 7631
f 7632 7633 7634
f 7635 7636 7637
f 7638 7639 7640
f 7641 7642 7643
f 7644 7645 7646
f 7647 7648 7649
f 7650 7651 7652
f 7653 7654 7655
f 7656 7657 7658
f 7659 7660 7661
f 7662 7663 7664
f 7665 7666 7667
f 7668 7669 7670
f 7671 7672 7673
f 7674 7675 7676
f 7677 7678 7679
f 7680 7681 7682
f 7683 7684 7685
f 7686 7687 7688
f 7689 7690 7691
f 7692 7693 7694
f 7695 7696 7697
f 7698 7699 7700
f 7701 7702 7703
f 7704 7705 7706
f 7707 7708 7709
f 7710 7711 7712
f 7713 7714 7715
f 7716 7717 7718
f 7719 7720 7721
f 7722 7723 7724
f 7725 7726 7727
f 7728 7729 7730
f 7731 7732 7733
f 7734 7735 7736
f 7737 7738 7739
f 7740 7741 7742
f 7743 7744 7745
f 7746 7747 7748
f 7749 7750 7751
f 7752 7753 7754
f 7755 7756 7757
f 7758 7759 7760
f 7761 7762 7763
f 7764 7765 7766
f 7767 7768 7769
f 7770 7771 7772
f 7773 7774 7775
f 7776 7777 7778
f 7779 7780 7781
f 7782 7783 7784
f 7785 7786 7787
f 7788 7789 7790
f 7791 7792 7793
f 7794 7795 7796
f 7797 7798 7799
f 7800 7801 7802
f 7803 7804 7805
f 7806 7807 7808
f 7809 7810 7811
f 7812 7813 7814
f 7815 7816 7817
f 7818 7819 7820
f 7821 7822 7823
f 7824 7825 7826
f 7827 7828 7829
f 7830 7831 7832
f 7833 7834 7835
f 7836 7837 7838
f 7839 7840 7841
f 7842 7843 7844
f 7845 7846 7847
f 7848 7849 7850
f 7851 7852 7853
f 7854 7855 7856
f 7857 7858 7859
f 7860 7861 7862
f 7863 7864 7865
f 7866 7867 7868
f 7869 7870 7871
f 7872 7873 7874
f 7875 7876 7877
f 7878 7879 7880
f 7881 7882 7883
f 7884 7885 7886
f 7887 7888 7889
f 7890 7891 7892
f 7893 7894 7895
f 7896 7897 7898
f 7899 7900 7901
f 7902 7903 7904
f 7905 7906 7907
f 7908 7909 7910
f 7911 7912 7913
f 7914 7915 7916
f 7917 7918 7919
f 7920 7921 7922
f 7923 7924 7925
f 7926 7927 7928
f 7929 7930 7931
f 7932 7933 7934
f 7935 7936 7937
f 7938 7939 7940
f 7941 7942 7943
f 7944 7945 7946
f 7947 7948 7949
f 7950 7951 7952
f 7953 7954 7955
f 7956 7957 7958
f 7959 7960 7961
f 7962 7963 7964
f 7965 7966 7967
f 7968 7969 7970
f 7971 7972 7973
f 7974 7975 7976
f 7977 7978 7979
f 7980 7981 7982
f 7983 7984 7985
f 7986 7987 7988
f 7989 7990 7991
f 7992 7993 7994
f 7995 7996 7997
f 7998 7999 8000
f 8001 8002 8003
f 8004 8005 8006
f 8007 8008 8009
f 8010 8011 8012
f 8013 8014 8015
f 8016 8017 8018
f 8019 8020 8021
f 8022 8023 8024
f 8025 8026 8027
f 8028 8029 8030
f 8031 8032 8033
f 8034 8035 8036
f 8037 8038 8039
f 8040 8041 8042
f 8043 8044 8045
f 8046 8047 8048
f 8049 8050 8051
f 8052 8053 8054
f 8055 8056 8057
f 8058 8059 8060
f 8061 8062 8063
f 8064 8065 8066
f 8067 8068 8069
f 8070 8071 8072
f 8073 8074 8075
f 8076 8077 8078
f 8079 8080 8081
f 8082 8083 8084
f 8085 8086 8087
f 8088 8089 8090
f 8091 8092 8093
f 8094 8095 8096
f 8097 8098 8099
f 8100 8101 8102
f 8103 8104 8105
f 8106 8107 8108
f 8109 8110 8111
f 8112 8113 8114
f 8115 8116 8117
f 8118 8119 8120
f 8121 8122 8123
f 8124 8125 8126
f 8127 8128 8129
f 8130 8131 8132
f 8133 8134 8135
f 8136 8137 8138
f 8139 8140 8141
f 8142 8143 8144
f 8145 8146 8147
f 8148 8149 8150
f 8151 8152 8153
f 8154 8155 8156
f 8157 8158 8159
f 8160 8161 8162
f 8163 8164 8165
f 8166 8167 8168
f 8169 8170 8171
f 8172 8173 8174
f 8175 8176 8177
f 8178 8179 8180
f 8181 8182 8183
f 8184 8185 8186
f 8187 8188 8189
f 8190 8191 8192
f 8193 8194 8195
f 8196 8197 8198
f 8199 8200 8201
f 8202 8203 8204
f 8205 8206 8207
f 8208 8209 8210
f 8211 8212 8213
f 8214 8215 8216
f 8217 8218 8219
f 8220 8221 8222
f 8223 8224 8225
f 8226 8227 8228
f 8229 8230 8231
f 8232 8233 8234
f 8235 8236 8237
f 8238 8239 8240
f 8241 8242 8243
f 8244 8245 8246
f 8247 8248 8249
f 8250 8251 8252
f 8253 8254 8255
f 8256 8257 8258
f 8259 8260 8261
f 8262 8263 8264
f 8265 8266 8267
f 8268 8269 8270
f 8271 8272 8273
f 8274 8275 8276
f 8277 8278 8279
f 8280 8281 8282
f 8283 8284 8285
f 8286 8287 8288
f 8289 8290 8291
f 8292 8293 8294
f 8295 8296 8297
f 8298 8299 8300
f 8301 8302 8303
f 8304 8305 8306
f 8307 8308 8309
f 8310 8311 8312
f 8313 8314 8315
f 8316 8317 8318
f 8319 8320 8321
f 8322 8323 8324
f 8325 8326 8327
f 8328 8329 8330
f 8331 8332 8333
f 8334 8335 8336
f 8337 8338 8339
f 8340 8341 8342
f 8343 8344 8345
f 8346 8347 8348
f 8349 8350 8351
f 8352 8353 8354
f 8355 8356 8357
f 8358 8359 8360
f 8361 8362 8363
f 8364 8365 8366
f 8367 8368 8369
f 8370 8371 8372
f 8373 8374 8375
f 8376 8377 8378
f 8379 8380 8381
f 8382 8383 8384
f 8385 8386 8387
f 8388 8389 8390
f 8391 8392 8393
f 8394 8395 8396
f 8397 8398 8399
f 8400 8401 8402
f 8403 8404 8405
f 8406 8407 8408
f 8409 8410 8411
f 8412 8413 8414
f 8415 8416 8417
f 8418 8419 8420
f 8421 8422 8423
f 8424 8425 8426
f 8427 8428 8429
f 8430 8431 8432
f 8433 8434 8435
f 8436 8437 8438
f 8439 8440 8441
f 8442 8443 8444
f 8445 8446 8447
f 8448 8449 8450
f 8451 8452 8453
f 8454 8455 8456
f 8457 8458 8459
f 8460 8461 8462
f 8463 8464 8465
f 8466 8467 8468
f 8469 8470 8471
f 8472 8473 8474
f 8475 8476 8477
f 8478 8479 8480
f 8481 8482 8483
f 8484 8485 8486
f 8487 8488 8489
f 8490 8491 8492
f 8493 8494 8495
f 8496 8497 8498
f 8499 8500 8501
f 8502 8503 8504
f 8505 8506 8507
f 8508 8509 8510
f 8511 8512 8513
f 8514 8515 8516
f 8517 8518 8519
f 8520 8521 8522
f 8523 8524 8525
f 8526 8527 8528
f 8529 8530 8531
f 8532 8533 8534
f 8535 8536 8537
f 8538 8539 8540
f 8541 8542 8543
f 8544 8545 8546
f 8547 8548 8549
f 8550 8551 8552
f 8553 8554 8555
f 8556 8557 8558
f 8559 8560 8561
f 8562 8563 8564
f 8565 8566 8567
f 8568 8569 8570
f 8571 8572 8573
f 8574 8575 8576
f 8577 8578 8579
f 8580 8581 8582
f 8583 8584 8585
f 8586 8587 8588
f 8589 8590 8591
f 8592 8593 8594
f 8595 8596 8597
f 8598 8599 8600
f 8601 8602 8603
f 8604 8605 8606
f 8607 8608 8609
f 8610 8611 8612
f 8613 8614 8615
f 8616 8617 8618
f 8619 8620 8621
f 8622 8623 8624
f 8625 8626 8627
f 8628 8629 8630
f 8631 8632 8633
f 8634 8635 8636
f 8637 8638 8639
f 8640 8641 8642
f 8643 8644 8645
f 8646 8647 8648
f 8649 8650 8651
f 8652 8653 8654
f 8655 8656 8657
f 8658 8659 8660
f 8661 8662 8663
f 8664 8665 8666
f 8667 8668 8669
f 8670 8671 8672
f 8673 8674 8675
f 8676 8677 8678
f 8679 8680 8681
f 8682 8683 8684
f 8685 8686 8687
f 8688 8689 8690
f 8691 8692 8693
f 8694 8695 8696
f 8697 8698 8699
f 8700 8701 8702
f 8703 8704 8705
f 8706 8707 8708
f 8709 8710 8711
f 8712 8713 8714
f 8715 8716 8717
f 8718 8719 8720
f 8721 8722 8723
f 8724 8725 8726
f 8727 8728 8729
f 8730 8731 8732
f 8733 8734 8735
f 8736 8737 8738
f 8739 8740 8741
f 8742 8743 8744
f 8745 8746 8747
f 8748 8749 8750
f 8751 8752 8753
f 8754 8755 8756
f 8757 8758 8759
f 8760 8761 8762
f 8763 8764 8765
f 8766 8767 8768
f 8769 8770 8771
f 8772 8773 8774
f 8775 8776 8777
f 8778 8779 8780
f 8781 8782 8783
f 8784 8785 8786
f 8787 8788 8789
f 8790 8791 8792
f 8793 8794 8795
f 8796 8797 8798
f 8799 8800 8801
f 8802 8803 8804
f 8805 8806 8807
f 8808 8809 8810
f 8811 8812 8813
f 8814 8815 8816
f 8817 8818 8819
f 8820 8821 8822
f 8823 8824 8825
f 8826 8827 8828
f 8829 8830 8831
f 8832 8833 8834
f 8835 8836 8837
f 8838 8839 8840
f 8841 8842 8843
f 8844 8845 8846
f 8847 8848 8849
f 8850 8851 8852
f 8853 8854 8855
f 8856 8857 8858
f 8859 8860 8861
f 8862 8863 8864
f 8865 8866 8867
f 8868 8869 8870
f 8871 8872 8873
f 8874 8875 8876
f 8877 8878 8879
f 8880 8881 8882
f 8883 8884 8885
f 8886 8887 8888
f 8889 8890 8891
f 8891 8890 8892
f 8891 8892 8893
f 8893 8892 8894
f 8895 8896 8897
f 8897 8896 8898
f 8897 8898 8899
f 8900 8901 8902
f 8902 8901 8903
f 8902 8903 8904
f 8905 8906 8907
f 8907 8906 8908
f 8907 8908 8909
f 8909 8908 8910
f 8903 8911 8904
f 8912 8913 8914
f 8914 8913 8915
f 8914 8915 8916
f 8917 8918 8919
f 8919 8918 8920
f 8920 8921 8919
f 8919 8921 8922
f 8915 8923 8916
f 8924 8925 8926
f 8926 8925 8927
f 8917 8928 8918
f 8929 8930 8931
f 8931 8930 8932
f 8924 8933 8925
f 8934 8935 8936
f 8936 8935 8937
f 8936 8937 8938
f 8938 8937 8939
f 8929 8940 8930
f 8941 8942 8943
f 8943 8942 8944
f 8943 8944 8945
f 8945 8944 8946
f 8936 8947 8934
f 8948 8949 8950
f 8950 8949 8951
f 8950 8951 8952
f 8953 8954 8955
f 8955 8954 8956
f 8955 8956 8957
f 8957 8956 8958
f 8951 8959 8952
f 8960 8961 8962
f 8962 8961 8963
f 8962 8963 8964
f 8965 8966 8967
f 8968 8969 8970
f 8971 8972 8973
f 8974 8975 8976
f 8963 8977 8964
f 8978 8979 8980
f 8980 8979 8981
f 8980 8981 8982
f 8982 8981 8983
f 8967 8984 8965
f 8985 8986 8987
f 8987 8986 8988
f 8987 8988 8989
f 8990 8991 8992
f 8992 8991 8993
f 8992 8993 8994
f 8994 8993 8995
f 8988 8996 8989
f 8997 8998 8999
f 8999 8998 9000
f 8999 9000 9001
f 9002 9003 9004
f 9004 9003 9005
f 9004 9005 9006
f 9006 9005 9007
f 9000 9008 9001
f 9009 9010 9011
f 9011 9010 9012
f 9011 9012 9013
f 9014 9015 9016
f 9016 9015 9017
f 9012 9018 9013
f 9019 9020 9021
f 9021 9020 9022
f 9014 9023 9015
f 9024 9025 9026
f 9026 9025 9027
f 9027 9028 9026
f 9026 9028 9029
f 9019 9030 9020
f 9031 9032 9033
f 9033 9032 9034
f 9033 9034 9035
f 9035 9034 9036
f 9024 9037 9025
f 9038 9039 9040
f 9040 9039 9041
f 9040 9041 9042
f 9043 9044 9045
f 9045 9044 9046
f 9045 9046 9047
f 9047 9046 9048
f 9041 9049 9042
f 9050 9051 9052
f 9052 9051 9053
f 9052 9053 9054
f 9055 9056 9057
f 9057 9056 9058
f 9057 9058 9059
f 9059 9058 9060
f 9053 9061 9054
f 9062 9063 9064
f 9064 9063 9065
f 9064 9065 9066
f 9066 9065 9067
f 9066 9067 9068
f 9068 9067 9069
f 9068 9069 9070
f 9070 9069 9071
f 9070 9071 9072
f 9072 9071 9073
f 9072 9073 9074
f 9074 9073 9075
f 9074 9075 9076
f 9076 9075 9077
f 9076 9077 9078
f 9078 9077 9079
f 9078 9079 9080
f 9080 9079 9081
f 9080 9081 9082
f 9082 9081 9083
f 9082 9083 9084
f 9084 9083 9085
f 9084 9085 9086
f 9086 9085 9087
f 9086 9087 9088
f 9087 9089 9088
f 9088 9089 9090
f 9088 9090 9091
f 9091 9090 9092
f 9091 9092 9093
f 9093 9092 9094
f 9093 9094 9095
f 9095 9094 9096
f 9095 9096 9097
f 9097 9096 9098
f 9097 9098 9099
f 9099 9098 9100
f 9099 9100 9101
f 9101 9100 9102
f 9101 9102 9103
f 9103 9102 9104
f 9103 9104 9105
f 9105 9104 9106
f 9105 9106 9107
f 9107 9106 9108
f 9107 9108 9109
f 9109 9108 9110
f 9109 9110 9111
f 9111 9110 9112
f 9111 9112 9113
f 9113 9112 9114
f 9113 9114 9062
f 9062 9114 9115
f 9062 9115 9063
f 9116 9117 9118
f 9119 9120 9121
f 9119 9121 9122
f 9123 9124 9125
f 9123 9125 9126
f 9127 9128 9129
f 9127 9129 9130
f 9131 9132 9133
f 9131 9133 9134
f 9135 9136 9137
f 9135 9137 9138
f 9139 9140 9141
f 9139 9141 9142
f 9143 9144 9145
f 9143 9145 9146
f 9147 9148 9149
f 9147 9149 9150
f 9151 9152 9153
f 9151 9153 9154
f 9155 9156 9157
f 9155 9157 9158
f 9159 9160 9161
f 9159 9161 9162
f 9163 9164 9165
f 9163 9165 9166
f 9167 9168 9169
f 9167 9169 9170
f 9171 9172 9173
f 9171 9173 9174
f 9175 9176 9177
f 9175 9177 9178
f 9179 9180 9181
f 9179 9181 9182
f 9183 9184 9185
f 9183 9185 9186
f 9187 9188 9189
f 9187 9189 9190
f 9191 9192 9193
f 9191 9193 9194
f 9195 9196 9197
f 9195 9197 9198
f 9199 9200 9201
f 9199 9201 9202
f 9203 9204 9205
f 9203 9205 9206
f 9207 9208 9209
f 9207 9209 9210
f 9211 9212 9213
f 9211 9213 9214
f 9215 9216 9217
f 9215 9217 9218
f 9116 9219 9117
f 9220 9221 9222
f 9222 9221 9223
f 9222 9223 9224
f 9225 9226 9227
f 9224 9228 9222
f 9222 9228 9229
f 9222 9229 9230
f 9231 9232 9233
f 9220 9234 9221
f 9221 9234 9235
f 9221 9235 9236
f 9227 9237 9225
f 9225 9237 9238
f 9225 9238 9239
f 9236 9240 9221
f 9221 9240 9225
f 9221 9225 9241
f 9241 9225 9239
f 9230 9242 9222
f 9222 9242 9243
f 9222 9243 9244
f 9231 9233 9243
f 9243 9233 9245
f 9243 9245 9244
