mtllib kuka_link_1_visuals.mtl
v -0.042216397821903257 0.026791339740157145 0.017000002786517143
v -0.04690988734364513 0.03740938752889636 0.017000002786517143
v -0.03422735631465914 0.03644843026995661 0.017000002786517143
v -0.03740938752889636 0.04690988734364513 0.017000002786517143
v -0.02408768422901632 0.04381533339619639 0.017000002786517143
v -0.026033025234937685 0.05405813083052639 0.017000002786517143
v -0.01243449468165637 0.04842915758490566 0.017000002786517143
v -0.013351256027817735 0.058495674282312435 0.017000002786517143
v 2.1185229388259608e-33 0.050000000745058094 0.017000002786517143
v -1.0817327902028507e-17 0.059999998658895534 0.017000002786517143
v 0.01243449468165637 0.04842915758490566 0.017000002786517143
v 0.013351256027817735 0.058495674282312435 0.017000002786517143
v 0.02408768422901632 0.04381533339619639 0.017000002786517143
v 0.026033025234937685 0.05405813083052639 0.017000002786517143
v 0.03422735631465914 0.03644843026995661 0.017000002786517143
v 0.03740938752889636 0.04690988734364513 0.017000002786517143
v 0.042216397821903257 0.026791339740157145 0.017000002786517143
v 0.04690988734364513 0.03740938752889636 0.017000002786517143
v 0.05405813083052639 0.026033025234937685 0.017000002786517143
v 0.04755282402038578 0.015450850129127513 0.017000002786517143
v 0.058495674282312435 0.013351256027817735 0.017000002786517143
v 0.04990133643150333 0.0031395258847624085 0.017000002786517143
v 0.059999998658895534 1.123866144601913e-17 0.017000002786517143
v 0.049114361405372654 -0.009369065985083587 0.017000002786517143
v 0.058495674282312435 -0.013351256027817735 0.017000002786517143
v 0.04524135217070582 -0.021288964897394194 0.017000002786517143
v 0.05405813083052639 -0.026033025234937685 0.017000002786517143
v 0.038525663316249875 -0.03187119960784914 0.017000002786517143
v 0.04690988734364513 -0.03740938752889636 0.017000002786517143
v 0.029389262199401876 -0.04045084863901141 0.017000002786517143
v 0.03740938752889636 -0.04690988734364513 0.017000002786517143
v 0.01840622723102571 -0.04648882523179057 0.017000002786517143
v 0.026033025234937685 -0.05405813083052639 0.017000002786517143
v 0.006266661453992133 -0.04960573464632038 0.017000002786517143
v 0.013351256027817735 -0.058495674282312435 0.017000002786517143
v -6.123234262925843e-18 -0.050000000745058094 0.017000002786517143
v -3.4694469519536165e-18 -0.059999998658895534 0.017000002786517143
v -0.006266661453992133 -0.04960573464632038 0.017000002786517143
v -0.013351256027817735 -0.058495674282312435 0.017000002786517143
v -0.01840622723102571 -0.04648882523179057 0.017000002786517143
v -0.026033025234937685 -0.05405813083052639 0.017000002786517143
v -0.029389262199401876 -0.04045084863901141 0.017000002786517143
v -0.03740938752889636 -0.04690988734364513 0.017000002786517143
v -0.038525663316249875 -0.03187119960784914 0.017000002786517143
v -0.04690988734364513 -0.03740938752889636 0.017000002786517143
v -0.04524135217070582 -0.021288964897394194 0.017000002786517143
v -0.05405813083052639 -0.026033025234937685 0.017000002786517143
v -0.049114361405372654 -0.009369065985083587 0.017000002786517143
v -0.058495674282312435 -0.013351256027817735 0.017000002786517143
v -0.04990133643150333 0.0031395258847624085 0.017000002786517143
v -0.059999998658895534 -3.4571000405403437e-18 0.017000002786517143
v -0.04755282402038578 0.015450850129127513 0.017000002786517143
v -0.058495674282312435 0.013351256027817735 0.017000002786517143
v -0.05405813083052639 0.026033025234937685 0.017000002786517143
v 1.1226314948196163e-17 -0.059999998658895534 0.03699999675154686
v -3.4694469519536165e-18 -0.059999998658895534 0.017000002786517143
v 0.0029645706526935122 -0.059665974229574245 0.03699999675154686
v 0.013351256027817735 -0.058495674282312435 0.017000002786517143
v 0.01179782487452031 -0.05867070332169537 0.03699999675154686
v 0.013351256027817735 -0.058495674282312435 0.03699999675154686
v 0.013351256027817735 -0.058495674282312435 0.03699999675154686
v 0.013351256027817735 -0.058495674282312435 0.017000002786517143
v 0.022680245339870467 -0.0552313216030598 0.03699999675154686
v 0.026033025234937685 -0.05405813083052639 0.017000002786517143
v 0.026033025234937685 -0.05405813083052639 0.03699999675154686
v 0.026033025234937685 -0.05405813083052639 0.03699999675154686
v 0.026033025234937685 -0.05405813083052639 0.017000002786517143
v 0.028270684182643908 -0.0526521168649197 0.03699999675154686
v 0.03740938752889636 -0.04690988734364513 0.017000002786517143
v 0.033613555133342764 -0.049294967204332386 0.03699999675154686
v 0.04690988734364513 -0.03740938752889636 0.03699999675154686
v 0.04325770959258082 -0.04106156900525096 0.03699999675154686
v 0.04690988734364513 -0.03740938752889636 0.017000002786517143
v 0.03873312100768092 -0.04558615759015086 0.03699999675154686
v 0.03740938752889636 -0.04690988734364513 0.017000002786517143
v 0.03740938752889636 -0.04690988734364513 0.03699999675154686
v 0.03740938752889636 -0.04690988734364513 0.03699999675154686
v 0.04690988734364513 -0.03740938752889636 0.03699999675154686
v 0.04690988734364513 -0.03740938752889636 0.017000002786517143
v 0.047553990036249195 -0.036384303122758886 0.03699999675154686
v 0.05405813083052639 -0.026033025234937685 0.017000002786517143
v 0.05092863738536838 -0.03101358376443388 0.03699999675154686
v 0.058495674282312435 -0.013351256027817735 0.017000002786517143
v 0.05819726735353474 -0.014204057864844808 0.03699999675154686
v 0.05405813083052639 -0.026033025234937685 0.017000002786517143
v 0.05621197819709781 -0.019877688959240927 0.03699999675154686
v 0.05418136343359951 -0.02568084746599199 0.03699999675154686
v 0.05405813083052639 -0.026033025234937685 0.03699999675154686
v 0.05405813083052639 -0.026033025234937685 0.03699999675154686
v 0.059999998658895534 1.123866144601913e-17 0.017000002786517143
v 0.05904802307486538 -0.008449044078588491 0.03699999675154686
v 0.058495674282312435 -0.013351256027817735 0.017000002786517143
v 0.058495674282312435 -0.013351256027817735 0.03699999675154686
v 0.058495674282312435 -0.013351256027817735 0.03699999675154686
v 0.058495674282312435 0.013351256027817735 0.017000002786517143
v 0.05970015749335293 0.0026611902285367268 0.03699999675154686
v 0.059999998658895534 1.123866144601913e-17 0.017000002786517143
v 0.059999998658895534 1.123866144601913e-17 0.03699999675154686
v 0.059999998658895534 1.123866144601913e-17 0.03699999675154686
v 0.05405813083052639 0.026033025234937685 0.017000002786517143
v 0.05405813083052639 0.026033025234937685 0.03699999675154686
v 0.054243274033069645 0.025503916665911692 0.03699999675154686
v 0.05627294257283214 0.019703455269336714 0.03699999675154686
v 0.058256428688764614 0.014034979045391091 0.03699999675154686
v 0.058495674282312435 0.013351256027817735 0.017000002786517143
v 0.058495674282312435 0.013351256027817735 0.03699999675154686
v 0.058495674282312435 0.013351256027817735 0.03699999675154686
v 0.05405813083052639 0.026033025234937685 0.03699999675154686
v 0.05405813083052639 0.026033025234937685 0.017000002786517143
v 0.05103043466806415 0.03085157461464407 0.03699999675154686
v 0.04690988734364513 0.03740938752889636 0.017000002786517143
v 0.04765641316771511 0.036221303045749685 0.03699999675154686
v 0.03740938752889636 0.04690988734364513 0.03699999675154686
v 0.038869764655828504 0.04544951021671298 0.03699999675154686
v 0.03740938752889636 0.04690988734364513 0.017000002786517143
v 0.043394912034273175 0.04092436283826831 0.03699999675154686
v 0.04690988734364513 0.03740938752889636 0.017000002786517143
v 0.04690988734364513 0.03740938752889636 0.03699999675154686
v 0.04690988734364513 0.03740938752889636 0.03699999675154686
v 0.03740938752889636 0.04690988734364513 0.03699999675154686
v 0.03740938752889636 0.04690988734364513 0.017000002786517143
v 0.03377642109990122 0.04919263347983364 0.03699999675154686
v 0.026033025234937685 0.05405813083052639 0.017000002786517143
v 0.028431277722120302 0.05255120992660526 0.03699999675154686
v 0.013351256027817735 0.058495674282312435 0.03699999675154686
v 0.017105786129832278 0.05718190595507625 0.03699999675154686
v 0.013351256027817735 0.058495674282312435 0.017000002786517143
v 0.022856216877698912 0.055169746279716526 0.03699999675154686
v 0.026033025234937685 0.05405813083052639 0.017000002786517143
v 0.026033025234937685 0.05405813083052639 0.03699999675154686
v 0.026033025234937685 0.05405813083052639 0.03699999675154686
v 0.013351256027817735 0.058495674282312435 0.03699999675154686
v 0.013351256027817735 0.058495674282312435 0.017000002786517143
v 0.01142583508044482 0.05880924686789517 0.03699999675154686
v 0.01142583508044482 0.05880924686789517 0.03699999675154686
v 0.013351256027817735 0.058495674282312435 0.017000002786517143
v -1.0817327902028507e-17 0.059999998658895534 0.017000002786517143
v 0.01142583508044482 0.05880924686789517 0.03699999675154686
v -1.0817327902028507e-17 0.059999998658895534 0.017000002786517143
v 0.005899561103433375 0.059709254652261776 0.03699999675154686
v -0.013351256027817735 0.058495674282312435 0.03699999675154686
v -0.011068009771406657 0.05875293537974362 0.03699999675154686
v -0.013351256027817735 0.058495674282312435 0.017000002786517143
v -0.005356745794415477 0.05939643830060963 0.03699999675154686
v -1.0817327902028507e-17 0.059999998658895534 0.017000002786517143
v -1.0817327902028507e-17 0.059999998658895534 0.03699999675154686
v -1.0817327902028507e-17 0.059999998658895534 0.017000002786517143
v -1.0817327902028507e-17 0.059999998658895534 0.03699999675154686
v 0.005899561103433375 0.059709254652261776 0.03699999675154686
v -0.013351256027817735 0.058495674282312435 0.03699999675154686
v -0.013351256027817735 0.058495674282312435 0.017000002786517143
v -0.016761891543865214 0.057302240282297176 0.03699999675154686
v -0.026033025234937685 0.05405813083052639 0.017000002786517143
v -0.022504357621073737 0.05529286712408069 0.03699999675154686
v -0.03740938752889636 0.04690988734364513 0.03699999675154686
v -0.033450722694396993 0.04939728602766994 0.03699999675154686
v -0.03740938752889636 0.04690988734364513 0.017000002786517143
v -0.02811019867658617 0.05275295674800876 0.03699999675154686
v -0.026033025234937685 0.05405813083052639 0.017000002786517143
v -0.026033025234937685 0.05405813083052639 0.03699999675154686
v -0.026033025234937685 0.05405813083052639 0.03699999675154686
v -0.03740938752889636 0.04690988734364513 0.03699999675154686
v -0.03740938752889636 0.04690988734364513 0.017000002786517143
v -0.03859652578830722 0.045722749084234265 0.03699999675154686
v -0.04690988734364513 0.03740938752889636 0.017000002786517143
v -0.04312048479914668 0.0411987900733948 0.03699999675154686
v -0.05405813083052639 0.026033025234937685 0.03699999675154686
v -0.05082679912447933 0.031175661832094213 0.03699999675154686
v -0.05405813083052639 0.026033025234937685 0.017000002786517143
v -0.04745157808065418 0.0365472920238972 0.03699999675154686
v -0.04690988734364513 0.03740938752889636 0.017000002786517143
v -0.04690988734364513 0.03740938752889636 0.03699999675154686
v -0.04690988734364513 0.03740938752889636 0.03699999675154686
v -0.05405813083052639 0.026033025234937685 0.03699999675154686
v -0.05405813083052639 0.026033025234937685 0.017000002786517143
v -0.0561509691178799 0.02005204185843469 0.03699999675154686
v -0.058495674282312435 0.013351256027817735 0.017000002786517143
v -0.058138035237789196 0.014373326674103747 0.03699999675154686
v -0.059999998658895534 -3.4571000405403437e-18 0.017000002786517143
v -0.0596624538302422 0.0029958190862089417 0.03699999675154686
v -0.058495674282312435 0.013351256027817735 0.017000002786517143
v -0.058495674282312435 0.013351256027817735 0.03699999675154686
v -0.058495674282312435 0.013351256027817735 0.03699999675154686
v -0.058495674282312435 -0.013351256027817735 0.017000002786517143
v -0.05908706784248356 -0.008102484047412878 0.03699999675154686
v -0.059999998658895534 -3.4571000405403437e-18 0.017000002786517143
v -0.059999998658895534 -3.4571000405403437e-18 0.03699999675154686
v -0.059999998658895534 -3.4571000405403437e-18 0.03699999675154686
v -0.05405813083052639 -0.026033025234937685 0.017000002786517143
v -0.05430517345666889 -0.025327024981379526 0.03699999675154686
v -0.058495674282312435 -0.013351256027817735 0.017000002786517143
v -0.05633386969566349 -0.01952934451401235 0.03699999675154686
v -0.058315526694059414 -0.013866093941032895 0.03699999675154686
v -0.058495674282312435 -0.013351256027817735 0.03699999675154686
v -0.058495674282312435 -0.013351256027817735 0.03699999675154686
v -0.04690988734364513 -0.03740938752889636 0.03699999675154686
v -0.04775884002447132 -0.03605828806757929 0.03699999675154686
v -0.04690988734364513 -0.03740938752889636 0.017000002786517143
v -0.05113218724727634 -0.030689636245369932 0.03699999675154686
v -0.05405813083052639 -0.026033025234937685 0.017000002786517143
v -0.05405813083052639 -0.026033025234937685 0.03699999675154686
v -0.05405813083052639 -0.026033025234937685 0.03699999675154686
v -0.04690988734364513 -0.03740938752889636 0.03699999675154686
v -0.04690988734364513 -0.03740938752889636 0.017000002786517143
v -0.043532099574804334 -0.04078717902302745 0.03699999675154686
v -0.03740938752889636 -0.04690988734364513 0.017000002786517143
v -0.039006460458040265 -0.04531281441450122 0.03699999675154686
v -0.026033025234937685 -0.05405813083052639 0.03699999675154686
v -0.028591975569725054 -0.05245023593306545 0.03699999675154686
v -0.026033025234937685 -0.05405813083052639 0.017000002786517143
v -0.033939313143491766 -0.049090281128883397 0.03699999675154686
v -0.03740938752889636 -0.04690988734364513 0.017000002786517143
v -0.03740938752889636 -0.04690988734364513 0.03699999675154686
v -0.03740938752889636 -0.04690988734364513 0.03699999675154686
v -0.026033025234937685 -0.05405813083052639 0.03699999675154686
v -0.026033025234937685 -0.05405813083052639 0.017000002786517143
v -0.023032270371913924 -0.05510814115405086 0.03699999675154686
v -0.013351256027817735 -0.058495674282312435 0.017000002786517143
v -0.01727796718478204 -0.057121660560369526 0.03699999675154686
v 1.1226314948196163e-17 -0.059999998658895534 0.03699999675154686
v -0.003501816885545852 -0.05960543826222424 0.03699999675154686
v -3.4694469519536165e-18 -0.059999998658895534 0.017000002786517143
v -0.011595489457249648 -0.058693502098321956 0.03699999675154686
v -0.013351256027817735 -0.058495674282312435 0.017000002786517143
v -0.013351256027817735 -0.058495674282312435 0.03699999675154686
v -0.013351256027817735 -0.058495674282312435 0.03699999675154686
v 0.00299041345715523 -0.08783337473869329 0.165448397397995
v 0.00299041345715523 -0.0863859504461289 0.1610722839832306
v 0.011821994557976731 -0.08536574989557272 0.1604805290699005
v 0.028397269546985644 -0.05330621078610424 0.053146135061979294
v 0.033792003989219686 -0.050028793513774907 0.05290194973349571
v 0.033792003989219686 -0.05162550508975986 0.07050800323486328
v 0.039008203893899945 -0.013663773424923429 0.16267842054367065
v 0.0388697758316994 -0.012500000186264524 0.16305050253868103
v 0.04339492321014407 -0.012500000186264524 0.1675756573677063
v 0.017209554091095935 -0.01353345438838006 0.15075799822807312
v 0.017105789855122577 -0.012500000186264524 0.15131810307502747
v 0.02285622060298921 -0.012500000186264524 0.1533302664756775
v 0.00016779782890807848 -0.012684115208685407 0.14119334518909454
v -0.005397376604378227 -0.012721049599349507 0.1414508819580078
v -0.005397376604378227 -0.0142117664217949 0.14552398025989532
v 0.013351256027817735 -0.012500000186264524 0.1500043272972107
v 0.028564581647515314 -0.013585188426077375 0.1554853320121765
v 0.02843128331005575 -0.012500000186264524 0.15594878792762756
v 0.03377642855048182 -0.012500000186264524 0.1593073606491089
v 0.02294983156025411 -0.014037420973181733 0.1524563431739807
v 0.02294983156025411 -0.013555867597460755 0.15280458331108093
v 0.028564581647515314 -0.013585188426077375 0.1554853320121765
v 0.03740938752889636 -0.012500000186264524 0.1615900993347168
v 0.03395087271928789 -0.014137920923531064 0.15845873951911926
v 0.03395087271928789 -0.013621266931295404 0.1587866246700287
v 0.039008203893899945 -0.013663773424923429 0.16267842054367065
v 0.039008203893899945 -0.01420325320214034 0.16236340999603271
v 0.039008203893899945 -0.014644465409219275 0.16193324327468872
v 0.03395087271928789 -0.014552097767591487 0.15801286697387695
v 0.04777545109391216 -0.013765439391136178 0.17199254035949707
v 0.047656424343586 -0.012500000186264524 0.17227870225906372
v 0.051030449569225346 -0.012500000186264524 0.17764845490455627
v 0.04777545109391216 -0.013765439391136178 0.17199254035949707
v 0.04777545109391216 -0.014865122735500346 0.17131507396697998
v 0.04364354535937312 -0.014749366790056239 0.16639110445976257
v 0.056628901511430775 -0.015255371108651172 0.1879405975341797
v 0.058328893035650295 -0.015391876921057712 0.19376295804977417
v 0.058328893035650295 -0.01709958538413049 0.19245177507400513
v 0.05994019284844403 -0.015660807490348826 0.2052423655986786
v 0.05994019284844403 -0.01781763695180417 0.20412972569465637
v 0.058328893035650295 -0.01709958538413049 0.19245177507400513
v 0.05994019284844403 -0.024969819933176058 0.19988852739334106
v 0.05994019284844403 -0.028175195679068583 0.19761595129966736
v 0.058328893035650295 -0.024374533444643038 0.18483492732048035
v 0.05429974943399433 -0.02156387269496919 0.1686059534549713
v 0.05429974943399433 -0.02238002419471742 0.1648288071155548
v 0.05134218186140064 -0.019519478082656874 0.15853333473205566
v 0.05429974943399433 -0.022849457338452353 0.1606510579586029
v 0.05429974943399433 -0.02284464612603189 0.15615731477737427
v 0.05134218186140064 -0.01906559802591802 0.15009519457817078
v 0.05828642845153813 -0.024030569940805453 0.21994814276695251
v 0.05656765401363376 -0.0249118320643902 0.22606617212295532
v 0.05656765401363376 -0.03051719628274443 0.22472313046455383
v 0.011797823943197736 -0.012500000186264524 0.2671706974506378
v 0.0029645704198628686 -0.012500000186264524 0.2681659758090973
v 0.00299041345715523 -0.03100687824189665 0.26838868856430054
v 0.0073463190346956305 -0.08106454461812979 0.24956560134887695
v 0.011821994557976731 -0.0805725902318955 0.2487756311893463
v 0.011821994557976731 -0.07391756772995 0.25559213757514954
v 0.011821994557976731 -0.07391756772995 0.25559213757514954
v 0.011821994557976731 -0.0805725902318955 0.2487756311893463
v 0.017091557383537303 -0.07309573143720632 0.25406402349472046
v 0.05429974943399433 -0.01936810836195947 0.14209896326065063
v 0.05429974943399433 -0.017309457063674937 0.13740958273410797
v 0.05134218186140064 -0.012403182685375222 0.13232989609241486
v -0.0035018171183764956 -0.012500000186264524 0.2681054472923279
v -0.011595490388572223 -0.012500000186264524 0.2671934962272644
v -0.011614818125963218 -0.03084900975227358 0.2672957479953766
v -0.02859198302030565 -0.012500000186264524 0.2609502375125885
v -0.03393932059407236 -0.012500000186264524 0.25759026408195496
v -0.034109439700841925 -0.021099746227264418 0.25757497549057007
v -0.003546169260516765 -0.05800794437527661 0.26603269577026367
v -0.003546169260516765 -0.04912390932440761 0.26805758476257324
v -0.011614818125963218 -0.04874468967318538 0.266781747341156
v -0.04690988734364513 -0.012500000186264524 0.24590939283370972
v -0.04775885120034221 -0.012500000186264524 0.24455827474594116
v -0.04789213836193088 -0.016565082594752322 0.24440351128578186
v -0.003546169260516765 -0.08655498176813131 0.24214375019073486
v -0.003546169260516765 -0.08133104443550115 0.2499949336051941
v -0.011614818125963218 -0.08055353164672857 0.24874892830848694
v -0.017384400591254245 -0.09096658229827886 0.21367469429969788
v -0.02312232926487924 -0.08913581818342214 0.21177938580513
v -0.02312232926487924 -0.08950372040271765 0.2027861773967743
v -0.04789213836193088 -0.07095907628536229 0.1782044768333435
v -0.05144087597727779 -0.06596162915229802 0.17395305633544922
v -0.05144087597727779 -0.06245169043540959 0.1588505208492279
v -0.05271804332733158 -0.015033437870442878 0.17900338768959045
v -0.05413822457194332 -0.01509904582053424 0.1818128526210785
v -0.05114311352372173 -0.013817125931382188 0.17691174149513245
v -0.04337627440690997 -0.013707196339964875 0.1668097972869873
v -0.04312047734856608 -0.012500000186264524 0.167301207780838
v -0.03859651833772662 -0.012500000186264524 0.16277724504470825
v -0.011092000640928752 -0.012841798365116128 0.14229027926921844
v -0.016859784722328196 -0.01305311731994153 0.14375841617584229
v -0.016859784722328196 -0.014348595403134833 0.14775708317756653
v -0.013351256027817735 -0.012500000186264524 0.1500043272972107
v -0.011068009771406657 -0.012500000186264524 0.1497470736503601
v -0.011092000640928752 -0.01300238724797965 0.14947348833084106
v -0.005356745794415477 -0.012500000186264524 0.1491035521030426
v -0.0336328372359276 0.017514748498797427 0.10308724641799927
v -0.038712788373231916 0.013695834204554566 0.10575053095817566
v -0.038712788373231916 0.006947430316358809 0.111922487616539
v -0.003501816885545852 -0.05960543826222424 0.03699999675154686
v -0.003546169260516765 -0.06046484783291821 0.053679388016462326
v -0.011614818125963218 -0.0593332946300507 0.05359504744410515
v 0.033792003989219686 -0.050028793513774907 0.05290194973349571
v 0.028397269546985644 -0.05330621078610424 0.053146135061979294
v 0.033613555133342764 -0.049294967204332386 0.03699999675154686
v 0.05092863738536838 -0.03101358376443388 0.03699999675154686
v 0.05124292895197872 -0.03164958953857424 0.05153260752558708
v 0.04765824973583225 -0.03689107671380046 0.05192313715815544
v 0.005899561103433375 0.059709254652261776 0.03699999675154686
v 0.005738519132137302 0.059296786785125774 0.04475615546107292
v 0.011440484784543521 0.05847252905368809 0.04481757804751396
v 0.02294983156025411 0.055013623088598286 0.04507533833384514
v 0.017105786129832278 0.05718190595507625 0.03699999675154686
v 0.017209554091095935 0.05705339089035991 0.04492334648966789
v 0.017209554091095935 0.05705339089035991 0.04492334648966789
v 0.017105786129832278 0.05718190595507625 0.03699999675154686
v 0.013351256027817735 0.058495674282312435 0.03699999675154686
v 0.017209554091095935 0.05705339089035991 0.04492334648966789
v 0.013351256027817735 0.058495674282312435 0.03699999675154686
v 0.011440484784543521 0.05847252905368809 0.04481757804751396
v 0.011440484784543521 0.05847252905368809 0.04481757804751396
v 0.013351256027817735 0.058495674282312435 0.03699999675154686
v 0.01142583508044482 0.05880924686789517 0.03699999675154686
v 0.005899561103433375 0.059709254652261776 0.03699999675154686
v 0.03395087271928789 0.04904874041676525 0.04551982507109642
v 0.028431277722120302 0.05255120992660526 0.03699999675154686
v 0.028564581647515314 0.05234089866280559 0.045274507254362106
v 0.028564581647515314 0.05234089866280559 0.045274507254362106
v 0.028431277722120302 0.05255120992660526 0.03699999675154686
v 0.026033025234937685 0.05405813083052639 0.03699999675154686
v 0.028564581647515314 0.05234089866280559 0.045274507254362106
v 0.026033025234937685 0.05405813083052639 0.03699999675154686
v 0.02294983156025411 0.055013623088598286 0.04507533833384514
v 0.02294983156025411 0.055013623088598286 0.04507533833384514
v 0.026033025234937685 0.05405813083052639 0.03699999675154686
v 0.022856216877698912 0.055169746279716526 0.03699999675154686
v 0.017105786129832278 0.05718190595507625 0.03699999675154686
v 0.04364354535937312 0.04075246676802638 0.04613799974322319
v 0.038869764655828504 0.04544951021671298 0.03699999675154686
v 0.039008203893899945 0.04516706988215449 0.045809056609869
v 0.039008203893899945 0.04516706988215449 0.045809056609869
v 0.038869764655828504 0.04544951021671298 0.03699999675154686
v 0.03740938752889636 0.04690988734364513 0.03699999675154686
v 0.039008203893899945 0.04516706988215449 0.045809056609869
v 0.03740938752889636 0.04690988734364513 0.03699999675154686
v 0.03395087271928789 0.04904874041676525 0.04551982507109642
v 0.03395087271928789 0.04904874041676525 0.04551982507109642
v 0.03740938752889636 0.04690988734364513 0.03699999675154686
v 0.03377642109990122 0.04919263347983364 0.03699999675154686
v 0.028431277722120302 0.05255120992660526 0.03699999675154686
v 0.05134218186140064 0.03062671609222891 0.04689249023795128
v 0.04765641316771511 0.036221303045749685 0.03699999675154686
v 0.04777545109391216 0.03587561473250391 0.04650137946009636
v 0.04777545109391216 0.03587561473250391 0.04650137946009636
v 0.04765641316771511 0.036221303045749685 0.03699999675154686
v 0.04690988734364513 0.03740938752889636 0.03699999675154686
v 0.04777545109391216 0.03587561473250391 0.04650137946009636
v 0.04690988734364513 0.03740938752889636 0.03699999675154686
v 0.04364354535937312 0.04075246676802638 0.04613799974322319
v 0.04364354535937312 0.04075246676802638 0.04613799974322319
v 0.04690988734364513 0.03740938752889636 0.03699999675154686
v 0.043394912034273175 0.04092436283826831 0.03699999675154686
v 0.038869764655828504 0.04544951021671298 0.03699999675154686
v 0.058328893035650295 0.013637179508805284 0.048158373683691025
v 0.05627294257283214 0.019703455269336714 0.03699999675154686
v 0.056628901511430775 0.019405907019972815 0.04772854968905449
v 0.056628901511430775 0.019405907019972815 0.04772854968905449
v 0.05627294257283214 0.019703455269336714 0.03699999675154686
v 0.054243274033069645 0.025503916665911692 0.03699999675154686
v 0.056628901511430775 0.019405907019972815 0.04772854968905449
v 0.054243274033069645 0.025503916665911692 0.03699999675154686
v 0.05429974943399433 0.025102388113737124 0.04730410501360893
v 0.05429974943399433 0.025102388113737124 0.04730410501360893
v 0.054243274033069645 0.025503916665911692 0.03699999675154686
v 0.05405813083052639 0.026033025234937685 0.03699999675154686
v 0.05429974943399433 0.025102388113737124 0.04730410501360893
v 0.05405813083052639 0.026033025234937685 0.03699999675154686
v 0.05134218186140064 0.03062671609222891 0.04689249023795128
v 0.05134218186140064 0.03062671609222891 0.04689249023795128
v 0.05405813083052639 0.026033025234937685 0.03699999675154686
v 0.05103043466806415 0.03085157461464407 0.03699999675154686
v 0.04765641316771511 0.036221303045749685 0.03699999675154686
v 0.059999998658895534 1.123866144601913e-17 0.03699999675154686
v 0.05970015749335293 0.0026611902285367268 0.03699999675154686
v 0.05994019284844403 0.0022623979020863784 0.0490059070289135
v 0.058495674282312435 0.013351256027817735 0.03699999675154686
v 0.05994019284844403 0.0022623979020863784 0.0490059070289135
v 0.058495674282312435 0.013351256027817735 0.03699999675154686
v 0.058328893035650295 0.013637179508805284 0.048158373683691025
v 0.058328893035650295 0.013637179508805284 0.048158373683691025
v 0.058495674282312435 0.013351256027817735 0.03699999675154686
v 0.058256428688764614 0.014034979045391091 0.03699999675154686
v 0.05627294257283214 0.019703455269336714 0.03699999675154686
v 0.059999998658895534 1.123866144601913e-17 0.03699999675154686
v 0.05994019284844403 0.0022623979020863784 0.0490059070289135
v 0.05904802307486538 -0.008449044078588491 0.03699999675154686
v 0.05904802307486538 -0.008449044078588491 0.03699999675154686
v 0.05994019284844403 0.0022623979020863784 0.0490059070289135
v 0.05939660966396336 -0.008917533792555337 0.04983891174197197
v 0.05904802307486538 -0.008449044078588491 0.03699999675154686
v 0.05939660966396336 -0.008917533792555337 0.04983891174197197
v 0.058495674282312435 -0.013351256027817735 0.03699999675154686
v 0.058495674282312435 -0.013351256027817735 0.03699999675154686
v 0.05939660966396336 -0.008917533792555337 0.04983891174197197
v 0.05828642845153813 -0.014666493982076655 0.05026724562048912
v 0.058495674282312435 -0.013351256027817735 0.03699999675154686
v 0.05828642845153813 -0.014666493982076655 0.05026724562048912
v 0.05819726735353474 -0.014204057864844808 0.03699999675154686
v 0.05819726735353474 -0.014204057864844808 0.03699999675154686
v 0.05828642845153813 -0.014666493982076655 0.05026724562048912
v 0.05656765401363376 -0.02043562382459642 0.050697099417448044
v 0.05819726735353474 -0.014204057864844808 0.03699999675154686
v 0.05656765401363376 -0.02043562382459642 0.050697099417448044
v 0.05621197819709781 -0.019877688959240927 0.03699999675154686
v 0.05621197819709781 -0.019877688959240927 0.03699999675154686
v 0.05656765401363376 -0.02043562382459642 0.050697099417448044
v 0.054219275712966954 -0.026130029931664484 0.051121365278959274
v 0.05621197819709781 -0.019877688959240927 0.03699999675154686
v 0.054219275712966954 -0.026130029931664484 0.051121365278959274
v 0.05418136343359951 -0.02568084746599199 0.03699999675154686
v 0.05124292895197872 -0.03164958953857424 0.05153260752558708
v 0.05092863738536838 -0.03101358376443388 0.03699999675154686
v 0.054219275712966954 -0.026130029931664484 0.051121365278959274
v 0.054219275712966954 -0.026130029931664484 0.051121365278959274
v 0.05092863738536838 -0.03101358376443388 0.03699999675154686
v 0.05405813083052639 -0.026033025234937685 0.03699999675154686
v 0.05405813083052639 -0.026033025234937685 0.03699999675154686
v 0.04325770959258082 -0.04106156900525096 0.03699999675154686
v 0.04690988734364513 -0.03740938752889636 0.03699999675154686
v 0.04765824973583225 -0.03689107671380046 0.05192313715815544
v 0.04765824973583225 -0.03689107671380046 0.05192313715815544
v 0.04690988734364513 -0.03740938752889636 0.03699999675154686
v 0.047553990036249195 -0.036384303122758886 0.03699999675154686
v 0.05092863738536838 -0.03101358376443388 0.03699999675154686
v 0.03740938752889636 -0.04690988734364513 0.03699999675154686
v 0.03873312100768092 -0.04558615759015086 0.03699999675154686
v 0.03886068984866145 -0.04616069048643115 0.0526137612760067
v 0.04325770959258082 -0.04106156900525096 0.03699999675154686
v 0.03886068984866145 -0.04616069048643115 0.0526137612760067
v 0.04325770959258082 -0.04106156900525096 0.03699999675154686
v 0.0435101427137852 -0.04175809398293498 0.052285756915807724
v 0.0435101427137852 -0.04175809398293498 0.052285756915807724
v 0.04325770959258082 -0.04106156900525096 0.03699999675154686
v 0.04765824973583225 -0.03689107671380046 0.05192313715815544
v 0.022680245339870467 -0.0552313216030598 0.03699999675154686
v 0.026033025234937685 -0.05405813083052639 0.03699999675154686
v 0.028397269546985644 -0.05330621078610424 0.053146135061979294
v 0.028397269546985644 -0.05330621078610424 0.053146135061979294
v 0.026033025234937685 -0.05405813083052639 0.03699999675154686
v 0.028270684182643908 -0.0526521168649197 0.03699999675154686
v 0.033613555133342764 -0.049294967204332386 0.03699999675154686
v -0.003546169260516765 -0.06046484783291821 0.053679388016462326
v -0.003501816885545852 -0.05960543826222424 0.03699999675154686
v 0.00299041345715523 -0.06035880371928219 0.053671520203351974
v 0.00299041345715523 -0.06035880371928219 0.053671520203351974
v -0.003501816885545852 -0.05960543826222424 0.03699999675154686
v 1.1226314948196163e-17 -0.059999998658895534 0.03699999675154686
v 0.00299041345715523 -0.06035880371928219 0.053671520203351974
v 1.1226314948196163e-17 -0.059999998658895534 0.03699999675154686
v 0.0029645706526935122 -0.059665974229574245 0.03699999675154686
v -0.01727796718478204 -0.057121660560369526 0.03699999675154686
v -0.013351256027817735 -0.058495674282312435 0.03699999675154686
v -0.011614818125963218 -0.0593332946300507 0.05359504744410515
v -0.011614818125963218 -0.0593332946300507 0.05359504744410515
v -0.013351256027817735 -0.058495674282312435 0.03699999675154686
v -0.011595489457249648 -0.058693502098321956 0.03699999675154686
v -0.003501816885545852 -0.05960543826222424 0.03699999675154686
v -0.011614818125963218 -0.0593332946300507 0.05359504744410515
v -0.017384400591254245 -0.05789567530155186 0.05348792299628258
v -0.01727796718478204 -0.057121660560369526 0.03699999675154686
v -0.01727796718478204 -0.057121660560369526 0.03699999675154686
v -0.017384400591254245 -0.05789567530155186 0.05348792299628258
v -0.02312232926487924 -0.05583677068352703 0.05333448573946953
v -0.01727796718478204 -0.057121660560369526 0.03699999675154686
v -0.02312232926487924 -0.05583677068352703 0.05333448573946953
v -0.023032270371913924 -0.05510814115405086 0.03699999675154686
v -0.026033025234937685 -0.05405813083052639 0.03699999675154686
v -0.026033025234937685 -0.05405813083052639 0.03699999675154686
v -0.02312232926487924 -0.05583677068352703 0.05333448573946953
v -0.028731683269143125 -0.05314501002430919 0.05313391610980034
v -0.026033025234937685 -0.05405813083052639 0.03699999675154686
v -0.028731683269143125 -0.05314501002430919 0.05313391610980034
v -0.028591975569725054 -0.05245023593306545 0.03699999675154686
v -0.028591975569725054 -0.05245023593306545 0.03699999675154686
v -0.028731683269143125 -0.05314501002430919 0.05313391610980034
v -0.034109439700841925 -0.04983438923954967 0.052887212485075
v -0.028591975569725054 -0.05245023593306545 0.03699999675154686
v -0.034109439700841925 -0.04983438923954967 0.052887212485075
v -0.033939313143491766 -0.049090281128883397 0.03699999675154686
v -0.043776482343673734 -0.0415059067308903 0.05226663872599602
v -0.039006460458040265 -0.04531281441450122 0.03699999675154686
v -0.0391553342342377 -0.04593568667769435 0.05259671434760094
v -0.0391553342342377 -0.04593568667769435 0.05259671434760094
v -0.039006460458040265 -0.04531281441450122 0.03699999675154686
v -0.03740938752889636 -0.04690988734364513 0.03699999675154686
v -0.05144087597727779 -0.03135770931839945 0.05151047930121422
v -0.04775884002447132 -0.03605828806757929 0.03699999675154686
v -0.04789213836193088 -0.036616422235965757 0.051902320235967636
v -0.04789213836193088 -0.036616422235965757 0.051902320235967636
v -0.04775884002447132 -0.03605828806757929 0.03699999675154686
v -0.04690988734364513 -0.03740938752889636 0.03699999675154686
v -0.04789213836193088 -0.036616422235965757 0.051902320235967636
v -0.04690988734364513 -0.03740938752889636 0.03699999675154686
v -0.043776482343673734 -0.0415059067308903 0.05226663872599602
v -0.043776482343673734 -0.0415059067308903 0.05226663872599602
v -0.04690988734364513 -0.03740938752889636 0.03699999675154686
v -0.043532099574804334 -0.04078717902302745 0.03699999675154686
v -0.039006460458040265 -0.04531281441450122 0.03699999675154686
v -0.058495674282312435 -0.013351256027817735 0.03699999675154686
v -0.058315526694059414 -0.013866093941032895 0.03699999675154686
v -0.05837079882621769 -0.014357109554111968 0.05024376139044762
v -0.05633386969566349 -0.01952934451401235 0.03699999675154686
v -0.05837079882621769 -0.014357109554111968 0.05024376139044762
v -0.05633386969566349 -0.01952934451401235 0.03699999675154686
v -0.05668956786394123 -0.02012654393911363 0.05067364498972893
v -0.05668956786394123 -0.02012654393911363 0.05067364498972893
v -0.05633386969566349 -0.01952934451401235 0.03699999675154686
v -0.05430517345666889 -0.025327024981379526 0.03699999675154686
v -0.05668956786394123 -0.02012654393911363 0.05067364498972893
v -0.05430517345666889 -0.025327024981379526 0.03699999675154686
v -0.05437964573502544 -0.025826640427112597 0.051098357886075974
v -0.05437964573502544 -0.025826640427112597 0.051098357886075974
v -0.05430517345666889 -0.025327024981379526 0.03699999675154686
v -0.05405813083052639 -0.026033025234937685 0.03699999675154686
v -0.05437964573502544 -0.025826640427112597 0.051098357886075974
v -0.05405813083052639 -0.026033025234937685 0.03699999675154686
v -0.05144087597727779 -0.03135770931839945 0.05151047930121422
v -0.05144087597727779 -0.03135770931839945 0.05151047930121422
v -0.05405813083052639 -0.026033025234937685 0.03699999675154686
v -0.05113218724727634 -0.030689636245369932 0.03699999675154686
v -0.04775884002447132 -0.03605828806757929 0.03699999675154686
v -0.058495674282312435 -0.013351256027817735 0.03699999675154686
v -0.05837079882621769 -0.014357109554111968 0.05024376139044762
v -0.05908706784248356 -0.008102484047412878 0.03699999675154686
v -0.05908706784248356 -0.008102484047412878 0.03699999675154686
v -0.05837079882621769 -0.014357109554111968 0.05024376139044762
v -0.059444963932037395 -0.008613219484686857 0.04981578513979912
v -0.05908706784248356 -0.008102484047412878 0.03699999675154686
v -0.059444963932037395 -0.008613219484686857 0.04981578513979912
v -0.059999998658895534 -3.4571000405403437e-18 0.03699999675154686
v -0.059999998658895534 -3.4571000405403437e-18 0.03699999675154686
v -0.059444963932037395 -0.008613219484686857 0.04981578513979912
v -0.05992415919899945 0.002557913307100536 0.048983436077833176
v -0.059999998658895534 -3.4571000405403437e-18 0.03699999675154686
v -0.05992415919899945 0.002557913307100536 0.048983436077833176
v -0.0596624538302422 0.0029958190862089417 0.03699999675154686
v -0.058495674282312435 0.013351256027817735 0.03699999675154686
v -0.058495674282312435 0.013351256027817735 0.03699999675154686
v -0.05992415919899945 0.002557913307100536 0.048983436077833176
v -0.05824340507388119 0.013946631923317918 0.04813488945364952
v -0.058495674282312435 0.013351256027817735 0.03699999675154686
v -0.05824340507388119 0.013946631923317918 0.04813488945364952
v -0.058138035237789196 0.014373326674103747 0.03699999675154686
v -0.058138035237789196 0.014373326674103747 0.03699999675154686
v -0.05824340507388119 0.013946631923317918 0.04813488945364952
v -0.05650582909584049 0.01971489749848844 0.04770511016249657
v -0.058138035237789196 0.014373326674103747 0.03699999675154686
v -0.05650582909584049 0.01971489749848844 0.04770511016249657
v -0.0561509691178799 0.02005204185843469 0.03699999675154686
v -0.0561509691178799 0.02005204185843469 0.03699999675154686
v -0.05650582909584049 0.01971489749848844 0.04770511016249657
v -0.05413822457194332 0.02540551684796812 0.04728112742304802
v -0.0561509691178799 0.02005204185843469 0.03699999675154686
v -0.05413822457194332 0.02540551684796812 0.04728112742304802
v -0.05405813083052639 0.026033025234937685 0.03699999675154686
v -0.05405813083052639 0.026033025234937685 0.03699999675154686
v -0.05413822457194332 0.02540551684796812 0.04728112742304802
v -0.05114311352372173 0.03091815672814848 0.0468703918159008
v -0.05405813083052639 0.026033025234937685 0.03699999675154686
v -0.05114311352372173 0.03091815672814848 0.0468703918159008
v -0.05082679912447933 0.031175661832094213 0.03699999675154686
v -0.05082679912447933 0.031175661832094213 0.03699999675154686
v -0.05114311352372173 0.03091815672814848 0.0468703918159008
v -0.047540526837110554 0.03614966571331026 0.046480607241392136
v -0.05082679912447933 0.031175661832094213 0.03699999675154686
v -0.047540526837110554 0.03614966571331026 0.046480607241392136
v -0.04745157808065418 0.0365472920238972 0.03699999675154686
v -0.04690988734364513 0.03740938752889636 0.03699999675154686
v -0.04690988734364513 0.03740938752889636 0.03699999675154686
v -0.047540526837110554 0.03614966571331026 0.046480607241392136
v -0.04337627440690997 0.04100389406085017 0.04611894115805626
v -0.04690988734364513 0.03740938752889636 0.03699999675154686
v -0.04337627440690997 0.04100389406085017 0.04611894115805626
v -0.04312048479914668 0.0411987900733948 0.03699999675154686
v -0.04312048479914668 0.0411987900733948 0.03699999675154686
v -0.04337627440690997 0.04100389406085017 0.04611894115805626
v -0.038712788373231916 0.04539119452238086 0.04579206928610802
v -0.04312048479914668 0.0411987900733948 0.03699999675154686
v -0.038712788373231916 0.04539119452238086 0.04579206928610802
v -0.03859652578830722 0.045722749084234265 0.03699999675154686
v -0.03740938752889636 0.04690988734364513 0.03699999675154686
v -0.03740938752889636 0.04690988734364513 0.03699999675154686
v -0.038712788373231916 0.04539119452238086 0.04579206928610802
v -0.0336328372359276 0.04924216493964199 0.045505162328481674
v -0.03740938752889636 0.04690988734364513 0.03699999675154686
v -0.0336328372359276 0.04924216493964199 0.045505162328481674
v -0.033450722694396993 0.04939728602766994 0.03699999675154686
v -0.033450722694396993 0.04939728602766994 0.03699999675154686
v -0.0336328372359276 0.04924216493964199 0.045505162328481674
v -0.028229752555489557 0.05250107124447826 0.04526236280798912
v -0.033450722694396993 0.04939728602766994 0.03699999675154686
v -0.028229752555489557 0.05250107124447826 0.04526236280798912
v -0.02811019867658617 0.05275295674800876 0.03699999675154686
v -0.026033025234937685 0.05405813083052639 0.03699999675154686
v -0.026033025234937685 0.05405813083052639 0.03699999675154686
v -0.028229752555489557 0.05250107124447826 0.04526236280798912
v -0.022604495286941542 0.05513960123062137 0.04506578668951988
v -0.026033025234937685 0.05405813083052639 0.03699999675154686
v -0.022604495286941542 0.05513960123062137 0.04506578668951988
v -0.022504357621073737 0.05529286712408069 0.03699999675154686
v -0.022504357621073737 0.05529286712408069 0.03699999675154686
v -0.022604495286941542 0.05513960123062137 0.04506578668951988
v -0.016859784722328196 0.05714512243866924 0.044916387647390366
v -0.022504357621073737 0.05529286712408069 0.03699999675154686
v -0.016859784722328196 0.05714512243866924 0.044916387647390366
v -0.016761891543865214 0.057302240282297176 0.03699999675154686
v -0.013351256027817735 0.058495674282312435 0.03699999675154686
v -0.013351256027817735 0.058495674282312435 0.03699999675154686
v -0.016859784722328196 0.05714512243866924 0.044916387647390366
v -0.011092000640928752 0.058531377464532894 0.044813122600317
v -0.013351256027817735 0.058495674282312435 0.03699999675154686
v -0.011092000640928752 0.058531377464532894 0.044813122600317
v -0.011068009771406657 0.05875293537974362 0.03699999675154686
v -0.011068009771406657 0.05875293537974362 0.03699999675154686
v -0.011092000640928752 0.058531377464532894 0.044813122600317
v -0.005397376604378227 0.05932477116584782 0.0447540245950222
v -0.011068009771406657 0.05875293537974362 0.03699999675154686
v -0.005397376604378227 0.05932477116584782 0.0447540245950222
v -0.005356745794415477 0.05939643830060963 0.03699999675154686
v 0.005738519132137302 0.059296786785125774 0.04475615546107292
v 0.005899561103433375 0.059709254652261776 0.03699999675154686
v -0.005397376604378227 0.05932477116584782 0.0447540245950222
v -0.005397376604378227 0.05932477116584782 0.0447540245950222
v 0.005899561103433375 0.059709254652261776 0.03699999675154686
v -1.0817327902028507e-17 0.059999998658895534 0.03699999675154686
v -1.0817327902028507e-17 0.059999998658895534 0.03699999675154686
v -0.034109439700841925 -0.05142203718423847 0.0704675018787384
v -0.034109439700841925 -0.04983438923954967 0.052887212485075
v -0.028731683269143125 -0.0547357760369778 0.07098560035228729
v -0.028731683269143125 -0.0547357760369778 0.07098560035228729
v -0.034109439700841925 -0.04983438923954967 0.052887212485075
v -0.028731683269143125 -0.05314501002430919 0.05313391610980034
v -0.028731683269143125 -0.0547357760369778 0.07098560035228729
v -0.028731683269143125 -0.05314501002430919 0.05313391610980034
v -0.02312232926487924 -0.057430226355791134 0.07140703499317169
v -0.02312232926487924 -0.057430226355791134 0.07140703499317169
v -0.028731683269143125 -0.05314501002430919 0.05313391610980034
v -0.02312232926487924 -0.05583677068352703 0.05333448573946953
v -0.02312232926487924 -0.057430226355791134 0.07140703499317169
v -0.02312232926487924 -0.05583677068352703 0.05333448573946953
v -0.017384400591254245 -0.05949138477444653 0.0717296153306961
v -0.017384400591254245 -0.05949138477444653 0.0717296153306961
v -0.02312232926487924 -0.05583677068352703 0.05333448573946953
v -0.017384400591254245 -0.05789567530155186 0.05348792299628258
v -0.017384400591254245 -0.05949138477444653 0.0717296153306961
v -0.017384400591254245 -0.05789567530155186 0.05348792299628258
v -0.011614818125963218 -0.060930807143449825 0.0719551146030426
v -0.011614818125963218 -0.060930807143449825 0.0719551146030426
v -0.017384400591254245 -0.05789567530155186 0.05348792299628258
v -0.011614818125963218 -0.0593332946300507 0.05359504744410515
v -0.011614818125963218 -0.060930807143449825 0.0719551146030426
v -0.011614818125963218 -0.0593332946300507 0.05359504744410515
v -0.003546169260516765 -0.062064245343208355 0.0721331238746643
v -0.003546169260516765 -0.062064245343208355 0.0721331238746643
v -0.011614818125963218 -0.0593332946300507 0.05359504744410515
v -0.003546169260516765 -0.06046484783291821 0.053679388016462326
v -0.003546169260516765 -0.062064245343208355 0.0721331238746643
v -0.003546169260516765 -0.06046484783291821 0.053679388016462326
v 0.00299041345715523 -0.061958979815244716 0.07211753726005554
v 0.00299041345715523 -0.061958979815244716 0.07211753726005554
v -0.003546169260516765 -0.06046484783291821 0.053679388016462326
v 0.00299041345715523 -0.06035880371928219 0.053671520203351974
v 0.00299041345715523 -0.061958979815244716 0.07211753726005554
v 0.00299041345715523 -0.06035880371928219 0.053671520203351974
v 0.011821994557976731 -0.06094593554735188 0.07196049392223358
v 0.011821994557976731 -0.07861574739217764 0.143476203083992
v 0.00299041345715523 -0.0830571204423905 0.15252971649169922
v 0.00299041345715523 -0.079634539783001 0.14397431910037994
v 0.00299041345715523 -0.079634539783001 0.14397431910037994
v 0.00299041345715523 -0.0830571204423905 0.15252971649169922
v -0.0015107626095414173 -0.08315069973468786 0.1525796353816986
v 0.00299041345715523 -0.079634539783001 0.14397431910037994
v -0.0015107626095414173 -0.08315069973468786 0.1525796353816986
v -0.003546169260516765 -0.07973976433277136 0.14402496814727783
v -0.003546169260516765 -0.07973976433277136 0.14402496814727783
v -0.0015107626095414173 -0.08315069973468786 0.1525796353816986
v -0.003546169260516765 -0.08316172659397131 0.15258553624153137
v -0.003546169260516765 -0.07973976433277136 0.14402496814727783
v -0.003546169260516765 -0.08316172659397131 0.15258553624153137
v -0.011614818125963218 -0.08534462749958044 0.1604686677455902
v -0.034109439700841925 -0.075742356479168 0.15490081906318665
v -0.034109439700841925 -0.06902316212654118 0.13876765966415405
v -0.028731683269143125 -0.07908806204795843 0.15684086084365845
v -0.028731683269143125 -0.07908806204795843 0.15684086084365845
v -0.034109439700841925 -0.06902316212654118 0.13876765966415405
v -0.028731683269143125 -0.07235959172248844 0.1404038369655609
v -0.028731683269143125 -0.07908806204795843 0.15684086084365845
v -0.028731683269143125 -0.07235959172248844 0.1404038369655609
v -0.02312232926487924 -0.08180882036685949 0.15841850638389587
v -0.02312232926487924 -0.08180882036685949 0.15841850638389587
v -0.028731683269143125 -0.07235959172248844 0.1404038369655609
v -0.02312232926487924 -0.0750726461410523 0.14173449575901031
v -0.02312232926487924 -0.08180882036685949 0.15841850638389587
v -0.02312232926487924 -0.0750726461410523 0.14173449575901031
v -0.017384400591254245 -0.08389046043157583 0.15962550044059753
v -0.017384400591254245 -0.08389046043157583 0.15962550044059753
v -0.02312232926487924 -0.0750726461410523 0.14173449575901031
v -0.017384400591254245 -0.07714819163084036 0.14275267720222473
v -0.017384400591254245 -0.08389046043157583 0.15962550044059753
v -0.017384400591254245 -0.07714819163084036 0.14275267720222473
v -0.011614818125963218 -0.08534462749958044 0.1604686677455902
v -0.011614818125963218 -0.08534462749958044 0.1604686677455902
v -0.017384400591254245 -0.07714819163084036 0.14275267720222473
v -0.011614818125963218 -0.07859785854816442 0.1434640884399414
v -0.011614818125963218 -0.08534462749958044 0.1604686677455902
v -0.011614818125963218 -0.07859785854816442 0.1434640884399414
v -0.003546169260516765 -0.07973976433277136 0.14402496814727783
v -0.003546169260516765 -0.08793760091066366 0.16551172733306885
v -0.003546169260516765 -0.08649055659770971 0.1611330509185791
v -0.0015107626095414173 -0.08647953718900686 0.16112661361694336
v -0.0015107626095414173 -0.09134234488010412 0.17899397015571594
v -0.003546169260516765 -0.08923278748989111 0.16995498538017273
v -0.0015107626095414173 -0.08922193199396139 0.1699480414390564
v -0.0015107626095414173 -0.08922193199396139 0.1699480414390564
v -0.003546169260516765 -0.08923278748989111 0.16995498538017273
v -0.003546169260516765 -0.08793760091066366 0.16551172733306885
v -0.0015107626095414173 -0.08922193199396139 0.1699480414390564
v -0.003546169260516765 -0.08793760091066366 0.16551172733306885
v 0.00299041345715523 -0.08783337473869329 0.165448397397995
v 0.00299041345715523 -0.08783337473869329 0.165448397397995
v -0.003546169260516765 -0.08793760091066366 0.16551172733306885
v -0.0015107626095414173 -0.08647953718900686 0.16112661361694336
v 0.00299041345715523 -0.08783337473869329 0.165448397397995
v -0.0015107626095414173 -0.08647953718900686 0.16112661361694336
v 0.00299041345715523 -0.0863859504461289 0.1610722839832306
v -0.04337627440690997 -0.00823110062628985 0.13054193556308746
v -0.04337627440690997 -0.0031445769127458356 0.12274754047393799
v -0.047540526837110554 -0.012145820073783406 0.1354776918888092
v -0.047540526837110554 -0.012145820073783406 0.1354776918888092
v -0.04337627440690997 -0.0031445769127458356 0.12274754047393799
v -0.047540526837110554 -0.007452503778040414 0.12720799446105957
v -0.047540526837110554 -0.012145820073783406 0.1354776918888092
v -0.047540526837110554 -0.007452503778040414 0.12720799446105957
v -0.05114311352372173 -0.016365155577659617 0.14079739153385162
v -0.05114311352372173 -0.016365155577659617 0.14079739153385162
v -0.047540526837110554 -0.007452503778040414 0.12720799446105957
v -0.05114311352372173 -0.012095672078430661 0.13201552629470825
v -0.05413822457194332 -0.020811554044485106 0.1464032530784607
v -0.05413822457194332 -0.016988737508654605 0.13708177208900452
v -0.05650582909584049 -0.025401800870895403 0.15219035744667053
v -0.05650582909584049 -0.025401800870895403 0.15219035744667053
v -0.05413822457194332 -0.016988737508654605 0.13708177208900452
v -0.05650582909584049 -0.02204012311995031 0.1423119157552719
v -0.059444963932037395 -0.047190319746732746 0.16835173964500427
v -0.05992415919899945 -0.038487080484628705 0.1639324128627777
v -0.05992415919899945 -0.037271611392498044 0.1580822467803955
v -0.05992415919899945 -0.037271611392498044 0.1580822467803955
v -0.05992415919899945 -0.038487080484628705 0.1639324128627777
v -0.05824340507388119 -0.02880605496466162 0.15287351608276367
v -0.05992415919899945 -0.037271611392498044 0.1580822467803955
v -0.05824340507388119 -0.02880605496466162 0.15287351608276367
v -0.05824340507388119 -0.027160746976733225 0.14761371910572052
v -0.05650582909584049 -0.02204012311995031 0.1423119157552719
v -0.05824340507388119 -0.027160746976733225 0.14761371910572052
v -0.05650582909584049 -0.025401800870895403 0.15219035744667053
v -0.05650582909584049 -0.025401800870895403 0.15219035744667053
v -0.05824340507388119 -0.027160746976733225 0.14761371910572052
v -0.05824340507388119 -0.02880605496466162 0.15287351608276367
v -0.05650582909584049 -0.025401800870895403 0.15219035744667053
v -0.05824340507388119 -0.02880605496466162 0.15287351608276367
v -0.05824340507388119 -0.030054943636059782 0.15805667638778687
v -0.05824340507388119 -0.030054943636059782 0.15805667638778687
v -0.05824340507388119 -0.02880605496466162 0.15287351608276367
v -0.05992415919899945 -0.038487080484628705 0.1639324128627777
v -0.04337627440690997 -0.011925657279789456 0.13865648210048676
v -0.04337627440690997 -0.00823110062628985 0.13054193556308746
v -0.047540526837110554 -0.015243181958794604 0.14397938549518585
v -0.047540526837110554 -0.015243181958794604 0.14397938549518585
v -0.04337627440690997 -0.00823110062628985 0.13054193556308746
v -0.047540526837110554 -0.012145820073783406 0.1354776918888092
v -0.047540526837110554 -0.015243181958794604 0.14397938549518585
v -0.047540526837110554 -0.012145820073783406 0.1354776918888092
v -0.05114311352372173 -0.018818959593772902 0.14971649646759033
v -0.05114311352372173 -0.018818959593772902 0.14971649646759033
v -0.047540526837110554 -0.012145820073783406 0.1354776918888092
v -0.05114311352372173 -0.016365155577659617 0.14079739153385162
v -0.05114311352372173 -0.018818959593772902 0.14971649646759033
v -0.05114311352372173 -0.016365155577659617 0.14079739153385162
v -0.05413822457194332 -0.020811554044485106 0.1464032530784607
v -0.05413822457194332 -0.020811554044485106 0.1464032530784607
v -0.05114311352372173 -0.016365155577659617 0.14079739153385162
v -0.05114311352372173 -0.012095672078430661 0.13201552629470825
v -0.05413822457194332 -0.020811554044485106 0.1464032530784607
v -0.05114311352372173 -0.012095672078430661 0.13201552629470825
v -0.05413822457194332 -0.016988737508654605 0.13708177208900452
v 0.005738519132137302 -0.01396494824439288 0.14813992381095886
v 0.005738519132137302 -0.014306280761957177 0.14765280485153198
v -0.005397376604378227 -0.014304152689874181 0.1476171761751175
v -0.005397376604378227 -0.014304152689874181 0.1476171761751175
v 0.005738519132137302 -0.014306280761957177 0.14765280485153198
v -0.005397376604378227 -0.014479909092187892 0.14706484973430634
v -0.005397376604378227 -0.014304152689874181 0.1476171761751175
v -0.005397376604378227 -0.014479909092187892 0.14706484973430634
v -0.011092000640928752 -0.014504045248031627 0.1478661298751831
v -0.011092000640928752 -0.014504045248031627 0.1478661298751831
v -0.005397376604378227 -0.014479909092187892 0.14706484973430634
v -0.011092000640928752 -0.014528332278132449 0.14733141660690308
v -0.011092000640928752 -0.014504045248031627 0.1478661298751831
v -0.011092000640928752 -0.014528332278132449 0.14733141660690308
v -0.016859784722328196 -0.014584640040993701 0.1487407386302948
v -0.016859784722328196 -0.014584640040993701 0.1487407386302948
v -0.011092000640928752 -0.014528332278132449 0.14733141660690308
v -0.016859784722328196 -0.014348595403134833 0.14775708317756653
v -0.016859784722328196 -0.014584640040993701 0.1487407386302948
v -0.016859784722328196 -0.014348595403134833 0.14775708317756653
v -0.022604495286941542 -0.014474806375801574 0.1498136818408966
v -0.022604495286941542 -0.014474806375801574 0.1498136818408966
v -0.016859784722328196 -0.014348595403134833 0.14775708317756653
v -0.016859784722328196 -0.01305311731994153 0.14375841617584229
v -0.022604495286941542 -0.014474806375801574 0.1498136818408966
v -0.016859784722328196 -0.01305311731994153 0.14375841617584229
v -0.022604495286941542 -0.013359050266444692 0.14588336646556854
v -0.013351256027817735 -0.012500000186264524 0.1500043272972107
v -0.016859784722328196 -0.01300915516912938 0.15085923671722412
v -0.016761889681220065 -0.012500000186264524 0.15119776129722595
v -0.016761889681220065 -0.012500000186264524 0.15119776129722595
v -0.016859784722328196 -0.01300915516912938 0.15085923671722412
v -0.022604495286941542 -0.013553366996347913 0.15265622735023499
v -0.016761889681220065 -0.012500000186264524 0.15119776129722595
v -0.022604495286941542 -0.013553366996347913 0.15265622735023499
v -0.022504353895783438 -0.012500000186264524 0.15320712327957153
v 0.005738519132137302 -0.013000648468732843 0.14871037006378174
v 0.005738519132137302 -0.013508676551282415 0.1485045850276947
v -0.005397376604378227 -0.013508095405995854 0.14847111701965332
v -0.005397376604378227 -0.013508095405995854 0.14847111701965332
v 0.005738519132137302 -0.013508676551282415 0.1485045850276947
v -0.005397376604378227 -0.01396411284804345 0.1481042206287384
v -0.005397376604378227 -0.013508095405995854 0.14847111701965332
v -0.005397376604378227 -0.01396411284804345 0.1481042206287384
v -0.011092000640928752 -0.013977244496345529 0.14889773726463318
v -0.011092000640928752 -0.013977244496345529 0.14889773726463318
v -0.005397376604378227 -0.01396411284804345 0.1481042206287384
v -0.011092000640928752 -0.014322145842015752 0.1484140157699585
v -0.011092000640928752 -0.013977244496345529 0.14889773726463318
v -0.011092000640928752 -0.014322145842015752 0.1484140157699585
v -0.016859784722328196 -0.01435413584113122 0.1498090624809265
v -0.016859784722328196 -0.01435413584113122 0.1498090624809265
v -0.011092000640928752 -0.014322145842015752 0.1484140157699585
v -0.016859784722328196 -0.01454703975468875 0.14926835894584656
v -0.016859784722328196 -0.01435413584113122 0.1498090624809265
v -0.016859784722328196 -0.01454703975468875 0.14926835894584656
v -0.022604495286941542 -0.014609753154218207 0.1512983739376068
v -0.022604495286941542 -0.014609753154218207 0.1512983739376068
v -0.016859784722328196 -0.01454703975468875 0.14926835894584656
v -0.022604495286941542 -0.014666575938463221 0.15078061819076538
v -0.022604495286941542 -0.014609753154218207 0.1512983739376068
v -0.022604495286941542 -0.014666575938463221 0.15078061819076538
v -0.028229752555489557 -0.01477472484111787 0.15346509218215942
v -0.028229752555489557 -0.01477472484111787 0.15346509218215942
v -0.022604495286941542 -0.014666575938463221 0.15078061819076538
v -0.028229752555489557 -0.014640978537499915 0.15252014994621277
v -0.028229752555489557 -0.01477472484111787 0.15346509218215942
v -0.028229752555489557 -0.014640978537499915 0.15252014994621277
v -0.0336328372359276 -0.014846321195364009 0.15586361289024353
v -0.0336328372359276 -0.014846321195364009 0.15586361289024353
v -0.028229752555489557 -0.014640978537499915 0.15252014994621277
v -0.028229752555489557 -0.013761701993644246 0.1486797034740448
v -0.0336328372359276 -0.014846321195364009 0.15586361289024353
v -0.028229752555489557 -0.013761701993644246 0.1486797034740448
v -0.0336328372359276 -0.01425915304571391 0.15213409066200256
v -0.028229752555489557 -0.013582036830484876 0.15529721975326538
v -0.0336328372359276 -0.014132451266050347 0.1582183837890625
v -0.0336328372359276 -0.01361748669296504 0.15855994820594788
v -0.0336328372359276 -0.01361748669296504 0.15855994820594788
v -0.0336328372359276 -0.014132451266050347 0.1582183837890625
v -0.038712788373231916 -0.014628933742642413 0.1616554856300354
v -0.038712788373231916 -0.013659408316016206 0.16241607069969177
v -0.03859651833772662 -0.012500000186264524 0.16277724504470825
v -0.03740938752889636 -0.012500000186264524 0.1615900993347168
v -0.03740938752889636 -0.012500000186264524 0.1615900993347168
v -0.0334507152438164 -0.012500000186264524 0.15910270810127258
v -0.0336328372359276 -0.01361748669296504 0.15855994820594788
v -0.02811019308865072 -0.012500000186264524 0.15574705600738525
v -0.0336328372359276 -0.01361748669296504 0.15855994820594788
v -0.02811019308865072 -0.012500000186264524 0.15574705600738525
v -0.028229752555489557 -0.013582036830484876 0.15529721975326538
v -0.028229752555489557 -0.013582036830484876 0.15529721975326538
v -0.02811019308865072 -0.012500000186264524 0.15574705600738525
v -0.026033025234937685 -0.012500000186264524 0.15444186329841614
v -0.013351256027817735 -0.012500000186264524 0.1500043272972107
v -0.011092000640928752 -0.01300238724797965 0.14947348833084106
v -0.016859784722328196 -0.01300915516912938 0.15085923671722412
v -0.016859784722328196 -0.01300915516912938 0.15085923671722412
v -0.011092000640928752 -0.01300238724797965 0.14947348833084106
v -0.016859784722328196 -0.013531611301004895 0.1506495177745819
v -0.016859784722328196 -0.01300915516912938 0.15085923671722412
v -0.016859784722328196 -0.013531611301004895 0.1506495177745819
v -0.022604495286941542 -0.013553366996347913 0.15265622735023499
v -0.022604495286941542 -0.013553366996347913 0.15265622735023499
v -0.016859784722328196 -0.013531611301004895 0.1506495177745819
v -0.022604495286941542 -0.014033807441592225 0.15229874849319458
v -0.022604495286941542 -0.013553366996347913 0.15265622735023499
v -0.022604495286941542 -0.014033807441592225 0.15229874849319458
v -0.028229752555489557 -0.014077918604016313 0.15494674444198608
v -0.028229752555489557 -0.014077918604016313 0.15494674444198608
v -0.022604495286941542 -0.014033807441592225 0.15229874849319458
v -0.028229752555489557 -0.014462349936366092 0.15448784828186035
v -0.028229752555489557 -0.014077918604016313 0.15494674444198608
v -0.028229752555489557 -0.014462349936366092 0.15448784828186035
v -0.0336328372359276 -0.014538627117872249 0.15777280926704407
v -0.0336328372359276 -0.014538627117872249 0.15777280926704407
v -0.028229752555489557 -0.014462349936366092 0.15448784828186035
v -0.0336328372359276 -0.014795321971178065 0.15727093815803528
v -0.0336328372359276 -0.014538627117872249 0.15777280926704407
v -0.0336328372359276 -0.014795321971178065 0.15727093815803528
v -0.038712788373231916 -0.014916915446519862 0.16117209196090698
v -0.038712788373231916 -0.014916915446519862 0.16117209196090698
v -0.0336328372359276 -0.014795321971178065 0.15727093815803528
v -0.038712788373231916 -0.015066999942064296 0.16070058941841125
v -0.038712788373231916 -0.014916915446519862 0.16117209196090698
v -0.038712788373231916 -0.015066999942064296 0.16070058941841125
v -0.04337627440690997 -0.015247683972120295 0.16516607999801636
v -0.04337627440690997 -0.015247683972120295 0.16516607999801636
v -0.038712788373231916 -0.015066999942064296 0.16070058941841125
v -0.04337627440690997 -0.015365667641162883 0.16431716084480286
v -0.04337627440690997 -0.015247683972120295 0.16516607999801636
v -0.04337627440690997 -0.015365667641162883 0.16431716084480286
v -0.047540526837110554 -0.015671784058213244 0.16929882764816284
v -0.047540526837110554 -0.015671784058213244 0.16929882764816284
v -0.04337627440690997 -0.015365667641162883 0.16431716084480286
v -0.04337627440690997 -0.015516992658376704 0.16086795926094055
v -0.047540526837110554 -0.015671784058213244 0.16929882764816284
v -0.04337627440690997 -0.015516992658376704 0.16086795926094055
v -0.047540526837110554 -0.016258276998996745 0.16601479053497314
v -0.047540526837110554 -0.016258276998996745 0.16601479053497314
v -0.04337627440690997 -0.015516992658376704 0.16086795926094055
v -0.04337627440690997 -0.015216461382806312 0.1540304720401764
v -0.047540526837110554 -0.016258276998996745 0.16601479053497314
v -0.04337627440690997 -0.015216461382806312 0.1540304720401764
v -0.047540526837110554 -0.01683771237730981 0.15948209166526794
v -0.047540526837110554 -0.01683771237730981 0.15948209166526794
v -0.04337627440690997 -0.015216461382806312 0.1540304720401764
v -0.04337627440690997 -0.014123007655143746 0.1466492861509323
v -0.047540526837110554 -0.01683771237730981 0.15948209166526794
v -0.04337627440690997 -0.014123007655143746 0.1466492861509323
v -0.047540526837110554 -0.01663482002913953 0.15217670798301697
v -0.047540526837110554 -0.01663482002913953 0.15217670798301697
v -0.05114311352372173 -0.019342085346579566 0.15813428163528442
v -0.05114311352372173 -0.01858509518206121 0.16535794734954834
v -0.05413822457194332 -0.022195041179656996 0.16441255807876587
v -0.05650582909584049 -0.025140292942523974 0.17089399695396423
v -0.05650582909584049 -0.022327451035380377 0.17794233560562134
v -0.05650582909584049 -0.022327451035380377 0.17794233560562134
v -0.05650582909584049 -0.025140292942523974 0.17089399695396423
v -0.05824340507388119 -0.028125904500484484 0.1774643063545227
v -0.059444963932037395 -0.04584771767258647 0.19307932257652283
v -0.059444963932037395 -0.043202895671129254 0.19849494099617004
v -0.05992415919899945 -0.03644513711333277 0.18593186140060425
v -0.05992415919899945 -0.03644513711333277 0.18593186140060425
v -0.059444963932037395 -0.043202895671129254 0.19849494099617004
v -0.05992415919899945 -0.03402107208967211 0.1904377043247223
v -0.05992415919899945 -0.03644513711333277 0.18593186140060425
v -0.05992415919899945 -0.03402107208967211 0.1904377043247223
v -0.05824340507388119 -0.028125904500484484 0.1774643063545227
v -0.05824340507388119 -0.028125904500484484 0.1774643063545227
v -0.05992415919899945 -0.03402107208967211 0.1904377043247223
v -0.05824340507388119 -0.026299856603145617 0.18124046921730042
v -0.05824340507388119 -0.028125904500484484 0.1774643063545227
v -0.05824340507388119 -0.026299856603145617 0.18124046921730042
v -0.05650582909584049 -0.022327451035380377 0.17794233560562134
v -0.05413822457194332 -0.022195041179656996 0.16441255807876587
v -0.05650582909584049 -0.022327451035380377 0.17794233560562134
v -0.05413822457194332 -0.020426496863365187 0.1715499758720398
v -0.05413822457194332 -0.020426496863365187 0.1715499758720398
v -0.05650582909584049 -0.022327451035380377 0.17794233560562134
v -0.05650582909584049 -0.018768433481454863 0.18344202637672424
v -0.05413822457194332 -0.020426496863365187 0.1715499758720398
v -0.05650582909584049 -0.018768433481454863 0.18344202637672424
v -0.05413822457194332 -0.017899218946695338 0.17740747332572937
v -0.047540526837110554 -0.01663482002913953 0.15217670798301697
v -0.05114311352372173 -0.01858509518206121 0.16535794734954834
v -0.047540526837110554 -0.01683771237730981 0.15948209166526794
v -0.047540526837110554 -0.01683771237730981 0.15948209166526794
v -0.05114311352372173 -0.01858509518206121 0.16535794734954834
v -0.05114311352372173 -0.01705724745988847 0.17156192660331726
v -0.047540526837110554 -0.01683771237730981 0.15948209166526794
v -0.05114311352372173 -0.01705724745988847 0.17156192660331726
v -0.047540526837110554 -0.016258276998996745 0.16601479053497314
v -0.047540526837110554 -0.016258276998996745 0.16601479053497314
v -0.05114311352372173 -0.01705724745988847 0.17156192660331726
v -0.05114311352372173 -0.01600174978375436 0.1746680736541748
v -0.047540526837110554 -0.016258276998996745 0.16601479053497314
v -0.05114311352372173 -0.01600174978375436 0.1746680736541748
v -0.047540526837110554 -0.015671784058213244 0.16929882764816284
v -0.047540526837110554 -0.015671784058213244 0.16929882764816284
v -0.05114311352372173 -0.01600174978375436 0.1746680736541748
v -0.047540526837110554 -0.015447778627276431 0.17010721564292908
v -0.047540526837110554 -0.015671784058213244 0.16929882764816284
v -0.047540526837110554 -0.015447778627276431 0.17010721564292908
v -0.04337627440690997 -0.015247683972120295 0.16516607999801636
v -0.04337627440690997 -0.015247683972120295 0.16516607999801636
v -0.047540526837110554 -0.015447778627276431 0.17010721564292908
v -0.04337627440690997 -0.015055663883686076 0.16561713814735413
v -0.04337627440690997 -0.015247683972120295 0.16516607999801636
v -0.04337627440690997 -0.015055663883686076 0.16561713814735413
v -0.038712788373231916 -0.014916915446519862 0.16117209196090698
v -0.038712788373231916 -0.014916915446519862 0.16117209196090698
v -0.04337627440690997 -0.015055663883686076 0.16561713814735413
v -0.038712788373231916 -0.014628933742642413 0.1616554856300354
v -0.038712788373231916 -0.014916915446519862 0.16117209196090698
v -0.038712788373231916 -0.014628933742642413 0.1616554856300354
v -0.0336328372359276 -0.014538627117872249 0.15777280926704407
v -0.0336328372359276 -0.014538627117872249 0.15777280926704407
v -0.038712788373231916 -0.014628933742642413 0.1616554856300354
v -0.0336328372359276 -0.014132451266050347 0.1582183837890625
v -0.0336328372359276 -0.014538627117872249 0.15777280926704407
v -0.0336328372359276 -0.014132451266050347 0.1582183837890625
v -0.028229752555489557 -0.014077918604016313 0.15494674444198608
v -0.028229752555489557 -0.014077918604016313 0.15494674444198608
v -0.0336328372359276 -0.014132451266050347 0.1582183837890625
v -0.028229752555489557 -0.013582036830484876 0.15529721975326538
v -0.028229752555489557 -0.014077918604016313 0.15494674444198608
v -0.028229752555489557 -0.013582036830484876 0.15529721975326538
v -0.022604495286941542 -0.013553366996347913 0.15265622735023499
v -0.022604495286941542 -0.013553366996347913 0.15265622735023499
v -0.028229752555489557 -0.013582036830484876 0.15529721975326538
v -0.026033025234937685 -0.012500000186264524 0.15444186329841614
v -0.026033025234937685 -0.012500000186264524 0.15444186329841614
v -0.03859651833772662 -0.012500000186264524 0.16277724504470825
v -0.038712788373231916 -0.013659408316016206 0.16241607069969177
v -0.04337627440690997 -0.013707196339964875 0.1668097972869873
v -0.04337627440690997 -0.013707196339964875 0.1668097972869873
v -0.038712788373231916 -0.013659408316016206 0.16241607069969177
v -0.04337627440690997 -0.014731965027749549 0.16607961058616638
v -0.04337627440690997 -0.013707196339964875 0.1668097972869873
v -0.04337627440690997 -0.014731965027749549 0.16607961058616638
v -0.047540526837110554 -0.014846093952655803 0.17097526788711548
v -0.047540526837110554 -0.014846093952655803 0.17097526788711548
v -0.04337627440690997 -0.014731965027749549 0.16607961058616638
v -0.047540526837110554 -0.015209375880658637 0.17053577303886414
v -0.047540526837110554 -0.014846093952655803 0.17097526788711548
v -0.047540526837110554 -0.015209375880658637 0.17053577303886414
v -0.05114311352372173 -0.01566358655691148 0.1754327118396759
v -0.05271804332733158 -0.015033437870442878 0.17900338768959045
v -0.05271804332733158 -0.01577615924179555 0.17820942401885986
v -0.05413822457194332 -0.016349498182535182 0.18032613396644592
v -0.05271804332733158 -0.015033437870442878 0.17900338768959045
v -0.05413822457194332 -0.016349498182535182 0.18032613396644592
v -0.05413822457194332 -0.01509904582053424 0.1818128526210785
v -0.05413822457194332 -0.01509904582053424 0.1818128526210785
v -0.05413822457194332 -0.016349498182535182 0.18032613396644592
v -0.05650582909584049 -0.0167085211724043 0.1861671805381775
v -0.05413822457194332 -0.01509904582053424 0.1818128526210785
v -0.05650582909584049 -0.0167085211724043 0.1861671805381775
v -0.05650582909584049 -0.015233170241117488 0.18755370378494263
v -0.05650582909584049 -0.015233170241117488 0.18755370378494263
v -0.05650582909584049 -0.0167085211724043 0.1861671805381775
v -0.05824340507388119 -0.017072487622499476 0.19208815693855286
v -0.05650582909584049 -0.015233170241117488 0.18755370378494263
v -0.05824340507388119 -0.017072487622499476 0.19208815693855286
v -0.05824340507388119 -0.015369211323559295 0.19337332248687744
v -0.059444963932037395 -0.043202895671129254 0.19849494099617004
v -0.059444963932037395 -0.03980416059494021 0.20316463708877563
v -0.05992415919899945 -0.03402107208967211 0.1904377043247223
v -0.05992415919899945 -0.03402107208967211 0.1904377043247223
v -0.059444963932037395 -0.03980416059494021 0.20316463708877563
v -0.05992415919899945 -0.03115132451057436 0.19421151280403137
v -0.05992415919899945 -0.03402107208967211 0.1904377043247223
v -0.05992415919899945 -0.03115132451057436 0.19421151280403137
v -0.05824340507388119 -0.026299856603145617 0.18124046921730042
v -0.05824340507388119 -0.026299856603145617 0.18124046921730042
v -0.05992415919899945 -0.03115132451057436 0.19421151280403137
v -0.05824340507388119 -0.024254437536001223 0.18442228436470032
v -0.05824340507388119 -0.026299856603145617 0.18124046921730042
v -0.05824340507388119 -0.024254437536001223 0.18442228436470032
v -0.05650582909584049 -0.022327451035380377 0.17794233560562134
v -0.05650582909584049 -0.022327451035380377 0.17794233560562134
v -0.05824340507388119 -0.024254437536001223 0.18442228436470032
v -0.05824340507388119 -0.019649561494588866 0.18955913186073303
v -0.05650582909584049 -0.022327451035380377 0.17794233560562134
v -0.05824340507388119 -0.019649561494588866 0.18955913186073303
v -0.05650582909584049 -0.018768433481454863 0.18344202637672424
v -0.05992415919899945 -0.015638038516044627 0.20486459136009216
v -0.05824340507388119 -0.015369211323559295 0.19337332248687744
v -0.05992415919899945 -0.017791204154491435 0.20377910137176514
v -0.05992415919899945 -0.017791204154491435 0.20377910137176514
v -0.05824340507388119 -0.015369211323559295 0.19337332248687744
v -0.05824340507388119 -0.017072487622499476 0.19208815693855286
v -0.05992415919899945 -0.017791204154491435 0.20377910137176514
v -0.05824340507388119 -0.017072487622499476 0.19208815693855286
v -0.05992415919899945 -0.021389381960034384 0.20163723826408386
v -0.058495674282312435 -0.012500000186264524 0.19514873623847961
v -0.05824340507388119 -0.015369211323559295 0.19337332248687744
v -0.0596624501049519 -0.012500000186264524 0.2055041491985321
v -0.0596624501049519 -0.012500000186264524 0.2055041491985321
v -0.05824340507388119 -0.015369211323559295 0.19337332248687744
v -0.05992415919899945 -0.015638038516044627 0.20486459136009216
v -0.0596624501049519 -0.012500000186264524 0.2055041491985321
v -0.05992415919899945 -0.015638038516044627 0.20486459136009216
v -0.059999998658895534 -0.012500000186264524 0.2084999978542328
v -0.059444963932037395 -0.03591041639447214 0.20693612098693848
v -0.059444963932037395 -0.03179174289107325 0.20976868271827698
v -0.05992415919899945 -0.02805928327143194 0.19721710681915283
v -0.05992415919899945 -0.02805928327143194 0.19721710681915283
v -0.059444963932037395 -0.03179174289107325 0.20976868271827698
v -0.059444963932037395 -0.027617329731583613 0.21174356341362
v -0.05992415919899945 -0.02805928327143194 0.19721710681915283
v -0.059444963932037395 -0.027617329731583613 0.21174356341362
v -0.05992415919899945 -0.021389381960034384 0.20163723826408386
v -0.05992415919899945 -0.021389381960034384 0.20163723826408386
v -0.059444963932037395 -0.027617329731583613 0.21174356341362
v -0.059444963932037395 -0.023096134886145606 0.21348536014556885
v -0.05992415919899945 -0.021389381960034384 0.20163723826408386
v -0.059444963932037395 -0.023096134886145606 0.21348536014556885
v -0.05992415919899945 -0.017791204154491435 0.20377910137176514
v -0.05992415919899945 -0.017791204154491435 0.20377910137176514
v -0.059444963932037395 -0.023096134886145606 0.21348536014556885
v -0.059444963932037395 -0.01849632896482946 0.21524754166603088
v -0.05992415919899945 -0.017791204154491435 0.20377910137176514
v -0.059444963932037395 -0.01849632896482946 0.21524754166603088
v -0.05992415919899945 -0.015638038516044627 0.20486459136009216
v -0.058495674282312435 -0.012500000186264524 0.19514873623847961
v -0.0581380277872086 -0.012500000186264524 0.19412663578987122
v -0.05824340507388119 -0.015369211323559295 0.19337332248687744
v -0.05615095794200901 -0.012500000186264524 0.18844792246818542
v -0.05824340507388119 -0.015369211323559295 0.19337332248687744
v -0.05615095794200901 -0.012500000186264524 0.18844792246818542
v -0.05650582909584049 -0.015233170241117488 0.18755370378494263
v -0.05650582909584049 -0.015233170241117488 0.18755370378494263
v -0.05615095794200901 -0.012500000186264524 0.18844792246818542
v -0.054119434207677876 -0.012500000186264524 0.1826421618461609
v -0.05650582909584049 -0.015233170241117488 0.18755370378494263
v -0.054119434207677876 -0.012500000186264524 0.1826421618461609
v -0.05413822457194332 -0.01509904582053424 0.1818128526210785
v -0.05413822457194332 -0.01509904582053424 0.1818128526210785
v -0.054119434207677876 -0.012500000186264524 0.1826421618461609
v -0.05405813083052639 -0.012500000186264524 0.18246698379516602
v -0.05413822457194332 -0.01509904582053424 0.1818128526210785
v -0.05405813083052639 -0.012500000186264524 0.18246698379516602
v -0.05114311352372173 -0.013817125931382188 0.17691174149513245
v -0.05114311352372173 -0.013817125931382188 0.17691174149513245
v -0.05405813083052639 -0.012500000186264524 0.18246698379516602
v -0.05082678794860843 -0.012500000186264524 0.1773243248462677
v -0.04745157063007358 -0.012500000186264524 0.17195269465446472
v -0.05271804332733158 -0.01577615924179555 0.17820942401885986
v -0.05271804332733158 -0.015033437870442878 0.17900338768959045
v -0.05114311352372173 -0.014969209209084521 0.17625200748443604
v -0.05114311352372173 -0.014969209209084521 0.17625200748443604
v -0.05271804332733158 -0.015033437870442878 0.17900338768959045
v -0.05114311352372173 -0.013817125931382188 0.17691174149513245
v -0.05114311352372173 -0.014969209209084521 0.17625200748443604
v -0.05114311352372173 -0.013817125931382188 0.17691174149513245
v -0.047540526837110554 -0.01376009453088046 0.17167162895202637
v -0.047540526837110554 -0.01376009453088046 0.17167162895202637
v -0.05114311352372173 -0.013817125931382188 0.17691174149513245
v -0.04745157063007358 -0.012500000186264524 0.17195269465446472
v -0.047540526837110554 -0.01376009453088046 0.17167162895202637
v -0.04745157063007358 -0.012500000186264524 0.17195269465446472
v -0.04690988734364513 -0.012500000186264524 0.17109060287475586
v -0.059444963932037395 -0.03980416059494021 0.20316463708877563
v -0.059444963932037395 -0.03591041639447214 0.20693612098693848
v -0.05992415919899945 -0.03115132451057436 0.19421151280403137
v -0.05992415919899945 -0.03115132451057436 0.19421151280403137
v -0.059444963932037395 -0.03591041639447214 0.20693612098693848
v -0.05992415919899945 -0.02805928327143194 0.19721710681915283
v -0.05992415919899945 -0.03115132451057436 0.19421151280403137
v -0.05992415919899945 -0.02805928327143194 0.19721710681915283
v -0.05824340507388119 -0.024254437536001223 0.18442228436470032
v -0.05824340507388119 -0.024254437536001223 0.18442228436470032
v -0.05992415919899945 -0.02805928327143194 0.19721710681915283
v -0.05992415919899945 -0.021389381960034384 0.20163723826408386
v -0.05824340507388119 -0.024254437536001223 0.18442228436470032
v -0.05992415919899945 -0.021389381960034384 0.20163723826408386
v -0.05824340507388119 -0.019649561494588866 0.18955913186073303
v -0.05824340507388119 -0.019649561494588866 0.18955913186073303
v -0.05992415919899945 -0.021389381960034384 0.20163723826408386
v -0.05824340507388119 -0.017072487622499476 0.19208815693855286
v -0.05824340507388119 -0.019649561494588866 0.18955913186073303
v -0.05824340507388119 -0.017072487622499476 0.19208815693855286
v -0.05650582909584049 -0.018768433481454863 0.18344202637672424
v -0.05650582909584049 -0.018768433481454863 0.18344202637672424
v -0.05824340507388119 -0.017072487622499476 0.19208815693855286
v -0.05650582909584049 -0.0167085211724043 0.1861671805381775
v -0.05650582909584049 -0.018768433481454863 0.18344202637672424
v -0.05650582909584049 -0.0167085211724043 0.1861671805381775
v -0.05413822457194332 -0.017899218946695338 0.17740747332572937
v -0.05413822457194332 -0.017899218946695338 0.17740747332572937
v -0.05650582909584049 -0.0167085211724043 0.1861671805381775
v -0.05413822457194332 -0.016349498182535182 0.18032613396644592
v -0.05413822457194332 -0.017899218946695338 0.17740747332572937
v -0.05413822457194332 -0.016349498182535182 0.18032613396644592
v -0.05271804332733158 -0.016173804178833972 0.17746755480766296
v -0.05271804332733158 -0.016173804178833972 0.17746755480766296
v -0.05413822457194332 -0.016349498182535182 0.18032613396644592
v -0.05271804332733158 -0.01577615924179555 0.17820942401885986
v -0.05271804332733158 -0.016173804178833972 0.17746755480766296
v -0.05271804332733158 -0.01577615924179555 0.17820942401885986
v -0.05114311352372173 -0.01566358655691148 0.1754327118396759
v -0.05114311352372173 -0.01566358655691148 0.1754327118396759
v -0.05271804332733158 -0.01577615924179555 0.17820942401885986
v -0.05114311352372173 -0.014969209209084521 0.17625200748443604
v -0.05114311352372173 -0.01566358655691148 0.1754327118396759
v -0.05114311352372173 -0.014969209209084521 0.17625200748443604
v -0.047540526837110554 -0.014846093952655803 0.17097526788711548
v -0.047540526837110554 -0.014846093952655803 0.17097526788711548
v -0.05114311352372173 -0.014969209209084521 0.17625200748443604
v -0.047540526837110554 -0.01376009453088046 0.17167162895202637
v -0.047540526837110554 -0.014846093952655803 0.17097526788711548
v -0.047540526837110554 -0.01376009453088046 0.17167162895202637
v -0.04337627440690997 -0.013707196339964875 0.1668097972869873
v -0.04337627440690997 -0.013707196339964875 0.1668097972869873
v -0.047540526837110554 -0.01376009453088046 0.17167162895202637
v -0.04690988734364513 -0.012500000186264524 0.17109060287475586
v -0.04690988734364513 -0.012500000186264524 0.17109060287475586
v -0.05144087597727779 -0.06245169043540959 0.1588505208492279
v -0.05144087597727779 -0.06596162915229802 0.17395305633544922
v -0.05437964573502544 -0.05696232989430431 0.15502282977104187
v -0.05437964573502544 -0.05696232989430431 0.15502282977104187
v -0.05144087597727779 -0.06596162915229802 0.17395305633544922
v -0.05437964573502544 -0.06070568785071377 0.16948163509368896
v -0.05437964573502544 -0.05696232989430431 0.15502282977104187
v -0.05437964573502544 -0.06070568785071377 0.16948163509368896
v -0.05668956786394123 -0.05130551755428318 0.15107834339141846
v -0.05668956786394123 -0.05130551755428318 0.15107834339141846
v -0.05437964573502544 -0.06070568785071377 0.16948163509368896
v -0.05668956786394123 -0.055289424955844914 0.16487377882003784
v -0.05668956786394123 -0.05130551755428318 0.15107834339141846
v -0.05668956786394123 -0.055289424955844914 0.16487377882003784
v -0.05837079882621769 -0.04558017477393153 0.1470860093832016
v -0.05837079882621769 -0.04558017477393153 0.1470860093832016
v -0.05668956786394123 -0.055289424955844914 0.16487377882003784
v -0.05837079882621769 -0.04980754852294925 0.1602100431919098
v -0.05837079882621769 -0.04558017477393153 0.1470860093832016
v -0.05837079882621769 -0.04980754852294925 0.1602100431919098
v -0.059444963932037395 -0.03988043218851092 0.14311151206493378
v -0.059444963932037395 -0.03988043218851092 0.14311151206493378
v -0.05837079882621769 -0.04980754852294925 0.1602100431919098
v -0.059444963932037395 -0.04435019195079806 0.15556713938713074
v -0.059444963932037395 -0.03988043218851092 0.14311151206493378
v -0.059444963932037395 -0.04435019195079806 0.15556713938713074
v -0.05992415919899945 -0.028795847669243833 0.1353820264339447
v -0.05992415919899945 -0.028795847669243833 0.1353820264339447
v -0.059444963932037395 -0.04435019195079806 0.15556713938713074
v -0.05992415919899945 -0.0337369963526726 0.1465376764535904
v -0.05992415919899945 -0.028795847669243833 0.1353820264339447
v -0.05992415919899945 -0.0337369963526726 0.1465376764535904
v -0.05824340507388119 -0.017496278509497653 0.12750250101089478
v -0.05824340507388119 -0.017496278509497653 0.12750250101089478
v -0.05992415919899945 -0.0337369963526726 0.1465376764535904
v -0.05824340507388119 -0.02291798591613771 0.137332946062088
v -0.05824340507388119 -0.017496278509497653 0.12750250101089478
v -0.05824340507388119 -0.02291798591613771 0.137332946062088
v -0.05650582909584049 -0.011773543432354936 0.12351182103157043
v -0.05650582909584049 -0.011773543432354936 0.12351182103157043
v -0.05824340507388119 -0.02291798591613771 0.137332946062088
v -0.05650582909584049 -0.0174386389553547 0.13267108798027039
v -0.05650582909584049 -0.011773543432354936 0.12351182103157043
v -0.05650582909584049 -0.0174386389553547 0.13267108798027039
v -0.05413822457194332 -0.006128116510808472 0.11957500874996185
v -0.05413822457194332 -0.006128116510808472 0.11957500874996185
v -0.05650582909584049 -0.0174386389553547 0.13267108798027039
v -0.05413822457194332 -0.012033318169415006 0.12807215750217438
v -0.05413822457194332 -0.006128116510808472 0.11957500874996185
v -0.05413822457194332 -0.012033318169415006 0.12807215750217438
v -0.05114311352372173 -0.0006595524027943615 0.11576150357723236
v -0.05114311352372173 -0.0006595524027943615 0.11576150357723236
v -0.05413822457194332 -0.012033318169415006 0.12807215750217438
v -0.05114311352372173 -0.006797344889491801 0.1236172616481781
v -0.05114311352372173 -0.0006595524027943615 0.11576150357723236
v -0.05114311352372173 -0.006797344889491801 0.1236172616481781
v -0.047540526837110554 0.004529804456979039 0.1121426671743393
v -0.047540526837110554 0.004529804456979039 0.1121426671743393
v -0.05114311352372173 -0.006797344889491801 0.1236172616481781
v -0.047540526837110554 -0.0018287105485796941 0.11938975751399994
v -0.047540526837110554 0.004529804456979039 0.1121426671743393
v -0.047540526837110554 -0.0018287105485796941 0.11938975751399994
v -0.04337627440690997 0.009344574064016349 0.1087850034236908
v -0.04337627440690997 0.009344574064016349 0.1087850034236908
v -0.047540526837110554 -0.0018287105485796941 0.11938975751399994
v -0.04337627440690997 0.0027812614571303147 0.11546735465526581
v -0.04337627440690997 0.009344574064016349 0.1087850034236908
v -0.04337627440690997 0.0027812614571303147 0.11546735465526581
v -0.038712788373231916 0.013695834204554566 0.10575053095817566
v -0.043776482343673734 -0.07252432405948643 0.16587397456169128
v -0.0391553342342377 -0.07692166417837148 0.16894009709358215
v -0.0391553342342377 -0.07865945994853979 0.1772957146167755
v -0.0391553342342377 -0.07865945994853979 0.1772957146167755
v -0.0391553342342377 -0.07692166417837148 0.16894009709358215
v -0.034109439700841925 -0.08245880901813513 0.1802217960357666
v -0.0391553342342377 -0.07865945994853979 0.1772957146167755
v -0.043776482343673734 -0.07434299588203436 0.1739712953567505
v -0.043776482343673734 -0.07252432405948643 0.16587397456169128
v -0.043776482343673734 -0.07252432405948643 0.16587397456169128
v -0.043776482343673734 -0.07434299588203436 0.1739712953567505
v -0.04789213836193088 -0.07095907628536229 0.1782044768333435
v -0.043776482343673734 -0.07252432405948643 0.16587397456169128
v -0.04789213836193088 -0.07095907628536229 0.1782044768333435
v -0.04789213836193088 -0.06767106801271443 0.16248992085456848
v -0.04789213836193088 -0.06767106801271443 0.16248992085456848
v -0.04789213836193088 -0.07095907628536229 0.1782044768333435
v -0.05144087597727779 -0.06245169043540959 0.1588505208492279
v -0.043776482343673734 -0.0756059736013413 0.18215763568878174
v -0.043776482343673734 -0.07629145681858068 0.19038620591163635
v -0.04789213836193088 -0.07205893099308018 0.19409948587417603
v -0.04337627440690997 -0.0031445769127458356 0.12274754047393799
v -0.04337627440690997 0.0027812614571303147 0.11546735465526581
v -0.047540526837110554 -0.007452503778040414 0.12720799446105957
v -0.047540526837110554 -0.007452503778040414 0.12720799446105957
v -0.04337627440690997 0.0027812614571303147 0.11546735465526581
v -0.047540526837110554 -0.0018287105485796941 0.11938975751399994
v -0.047540526837110554 -0.007452503778040414 0.12720799446105957
v -0.047540526837110554 -0.0018287105485796941 0.11938975751399994
v -0.05114311352372173 -0.012095672078430661 0.13201552629470825
v -0.05114311352372173 -0.012095672078430661 0.13201552629470825
v -0.047540526837110554 -0.0018287105485796941 0.11938975751399994
v -0.05114311352372173 -0.006797344889491801 0.1236172616481781
v -0.05114311352372173 -0.012095672078430661 0.13201552629470825
v -0.05114311352372173 -0.006797344889491801 0.1236172616481781
v -0.05413822457194332 -0.016988737508654605 0.13708177208900452
v -0.05413822457194332 -0.016988737508654605 0.13708177208900452
v -0.05114311352372173 -0.006797344889491801 0.1236172616481781
v -0.05413822457194332 -0.012033318169415006 0.12807215750217438
v -0.05413822457194332 -0.016988737508654605 0.13708177208900452
v -0.05413822457194332 -0.012033318169415006 0.12807215750217438
v -0.05650582909584049 -0.02204012311995031 0.1423119157552719
v -0.05650582909584049 -0.02204012311995031 0.1423119157552719
v -0.05413822457194332 -0.012033318169415006 0.12807215750217438
v -0.05650582909584049 -0.0174386389553547 0.13267108798027039
v -0.05650582909584049 -0.02204012311995031 0.1423119157552719
v -0.05650582909584049 -0.0174386389553547 0.13267108798027039
v -0.05824340507388119 -0.027160746976733225 0.14761371910572052
v -0.05824340507388119 -0.027160746976733225 0.14761371910572052
v -0.05650582909584049 -0.0174386389553547 0.13267108798027039
v -0.05824340507388119 -0.02291798591613771 0.137332946062088
v -0.05824340507388119 -0.027160746976733225 0.14761371910572052
v -0.05824340507388119 -0.02291798591613771 0.137332946062088
v -0.05992415919899945 -0.037271611392498044 0.1580822467803955
v -0.05992415919899945 -0.037271611392498044 0.1580822467803955
v -0.05824340507388119 -0.02291798591613771 0.137332946062088
v -0.05992415919899945 -0.0337369963526726 0.1465376764535904
v -0.05992415919899945 -0.037271611392498044 0.1580822467803955
v -0.05992415919899945 -0.0337369963526726 0.1465376764535904
v -0.059444963932037395 -0.047190319746732746 0.16835173964500427
v -0.059444963932037395 -0.047190319746732746 0.16835173964500427
v -0.05992415919899945 -0.0337369963526726 0.1465376764535904
v -0.059444963932037395 -0.04435019195079806 0.15556713938713074
v -0.059444963932037395 -0.047190319746732746 0.16835173964500427
v -0.059444963932037395 -0.04435019195079806 0.15556713938713074
v -0.05837079882621769 -0.052290637046098744 0.17363241314888
v -0.05837079882621769 -0.052290637046098744 0.17363241314888
v -0.059444963932037395 -0.04435019195079806 0.15556713938713074
v -0.05837079882621769 -0.04980754852294925 0.1602100431919098
v -0.05837079882621769 -0.052290637046098744 0.17363241314888
v -0.05837079882621769 -0.04980754852294925 0.1602100431919098
v -0.05668956786394123 -0.05741392821073536 0.17893683910369873
v -0.05668956786394123 -0.05741392821073536 0.17893683910369873
v -0.05837079882621769 -0.04980754852294925 0.1602100431919098
v -0.05668956786394123 -0.055289424955844914 0.16487377882003784
v -0.05668956786394123 -0.05741392821073536 0.17893683910369873
v -0.05668956786394123 -0.055289424955844914 0.16487377882003784
v -0.05437964573502544 -0.06247595325112347 0.18417781591415405
v -0.05437964573502544 -0.06247595325112347 0.18417781591415405
v -0.05668956786394123 -0.055289424955844914 0.16487377882003784
v -0.05437964573502544 -0.06070568785071377 0.16948163509368896
v -0.05437964573502544 -0.06247595325112347 0.18417781591415405
v -0.05437964573502544 -0.06070568785071377 0.16948163509368896
v -0.05144087597727779 -0.06738819926977162 0.1892637014389038
v -0.05144087597727779 -0.06738819926977162 0.1892637014389038
v -0.05437964573502544 -0.06070568785071377 0.16948163509368896
v -0.05144087597727779 -0.06596162915229802 0.17395305633544922
v -0.05144087597727779 -0.06738819926977162 0.1892637014389038
v -0.05144087597727779 -0.06596162915229802 0.17395305633544922
v -0.04789213836193088 -0.07205893099308018 0.19409948587417603
v -0.04789213836193088 -0.07205893099308018 0.19409948587417603
v -0.05144087597727779 -0.06596162915229802 0.17395305633544922
v -0.04789213836193088 -0.07095907628536229 0.1782044768333435
v -0.04789213836193088 -0.07205893099308018 0.19409948587417603
v -0.04789213836193088 -0.07095907628536229 0.1782044768333435
v -0.043776482343673734 -0.0756059736013413 0.18215763568878174
v -0.043776482343673734 -0.0756059736013413 0.18215763568878174
v -0.04789213836193088 -0.07095907628536229 0.1782044768333435
v -0.043776482343673734 -0.07434299588203436 0.1739712953567505
v -0.043776482343673734 -0.0756059736013413 0.18215763568878174
v -0.043776482343673734 -0.07434299588203436 0.1739712953567505
v -0.0391553342342377 -0.07981634885072714 0.18573936820030212
v -0.0391553342342377 -0.07981634885072714 0.18573936820030212
v -0.043776482343673734 -0.07434299588203436 0.1739712953567505
v -0.0391553342342377 -0.07865945994853979 0.1772957146167755
v -0.0391553342342377 -0.07981634885072714 0.18573936820030212
v -0.0391553342342377 -0.07865945994853979 0.1772957146167755
v -0.034109439700841925 -0.08352235704660421 0.1888919472694397
v -0.034109439700841925 -0.08352235704660421 0.1888919472694397
v -0.0391553342342377 -0.07865945994853979 0.1772957146167755
v -0.034109439700841925 -0.08245880901813513 0.1802217960357666
v -0.034109439700841925 -0.08352235704660421 0.1888919472694397
v -0.034109439700841925 -0.08245880901813513 0.1802217960357666
v -0.028731683269143125 -0.0866698026657105 0.19156929850578308
v -0.028731683269143125 -0.08568546175956732 0.1827067732810974
v -0.034109439700841925 -0.08079222589731222 0.1716388463973999
v -0.028731683269143125 -0.08407941460609442 0.1739307940006256
v -0.028731683269143125 -0.08407941460609442 0.1739307940006256
v -0.034109439700841925 -0.08079222589731222 0.1716388463973999
v -0.034109439700841925 -0.07854507863521581 0.16317814588546753
v -0.028731683269143125 -0.08407941460609442 0.1739307940006256
v -0.034109439700841925 -0.07854507863521581 0.16317814588546753
v -0.028731683269143125 -0.08187175542116171 0.16528767347335815
v -0.02312232926487924 -0.08922939747571951 0.19374650716781616
v -0.028731683269143125 -0.08568546175956732 0.1827067732810974
v -0.02312232926487924 -0.08830941468477255 0.18472754955291748
v -0.02312232926487924 -0.08830941468477255 0.18472754955291748
v -0.028731683269143125 -0.08568546175956732 0.1827067732810974
v -0.028731683269143125 -0.08407941460609442 0.1739307940006256
v -0.02312232926487924 -0.08830941468477255 0.18472754955291748
v -0.028731683269143125 -0.08407941460609442 0.1739307940006256
v -0.02312232926487924 -0.0867526456713677 0.1757946014404297
v -0.02312232926487924 -0.0867526456713677 0.1757946014404297
v -0.028731683269143125 -0.08407941460609442 0.1739307940006256
v -0.028731683269143125 -0.08187175542116171 0.16528767347335815
v -0.02312232926487924 -0.0867526456713677 0.1757946014404297
v -0.028731683269143125 -0.08187175542116171 0.16528767347335815
v -0.02312232926487924 -0.08457709848880773 0.16700315475463867
v -0.043776482343673734 -0.07629145681858068 0.19038620591163635
v -0.043776482343673734 -0.0756059736013413 0.18215763568878174
v -0.0391553342342377 -0.08037465065717703 0.19421857595443726
v -0.0391553342342377 -0.08037465065717703 0.19421857595443726
v -0.043776482343673734 -0.0756059736013413 0.18215763568878174
v -0.0391553342342377 -0.07981634885072714 0.18573936820030212
v -0.0391553342342377 -0.08037465065717703 0.19421857595443726
v -0.0391553342342377 -0.07981634885072714 0.18573936820030212
v -0.034109439700841925 -0.0839687809348107 0.19759181141853333
v -0.034109439700841925 -0.0839687809348107 0.19759181141853333
v -0.0391553342342377 -0.07981634885072714 0.18573936820030212
v -0.034109439700841925 -0.08352235704660421 0.1888919472694397
v -0.034109439700841925 -0.0839687809348107 0.19759181141853333
v -0.034109439700841925 -0.08352235704660421 0.1888919472694397
v -0.028731683269143125 -0.08702126890420919 0.20045655965805054
v -0.028731683269143125 -0.08702126890420919 0.20045655965805054
v -0.034109439700841925 -0.08352235704660421 0.1888919472694397
v -0.028731683269143125 -0.0866698026657105 0.19156929850578308
v -0.028731683269143125 -0.08702126890420919 0.20045655965805054
v -0.028731683269143125 -0.0866698026657105 0.19156929850578308
v -0.02312232926487924 -0.08950372040271765 0.2027861773967743
v -0.017384400591254245 -0.09140320867300039 0.20456856489181519
v -0.02312232926487924 -0.08922939747571951 0.19374650716781616
v -0.017384400591254245 -0.09118781983852392 0.19541221857070923
v -0.017384400591254245 -0.09118781983852392 0.19541221857070923
v -0.02312232926487924 -0.08922939747571951 0.19374650716781616
v -0.02312232926487924 -0.08830941468477255 0.18472754955291748
v -0.017384400591254245 -0.09118781983852392 0.19541221857070923
v -0.02312232926487924 -0.08830941468477255 0.18472754955291748
v -0.017384400591254245 -0.09031699597835546 0.18627357482910156
v -0.017384400591254245 -0.09031699597835546 0.18627357482910156
v -0.02312232926487924 -0.08830941468477255 0.18472754955291748
v -0.02312232926487924 -0.0867526456713677 0.1757946014404297
v -0.017384400591254245 -0.09031699597835546 0.18627357482910156
v -0.02312232926487924 -0.0867526456713677 0.1757946014404297
v -0.017384400591254245 -0.08879799395799642 0.17722058296203613
v -0.017384400591254245 -0.08879799395799642 0.17722058296203613
v -0.02312232926487924 -0.0867526456713677 0.1757946014404297
v -0.02312232926487924 -0.08457709848880773 0.16700315475463867
v -0.017384400591254245 -0.08879799395799642 0.17722058296203613
v -0.02312232926487924 -0.08457709848880773 0.16700315475463867
v -0.017384400591254245 -0.08664701879024511 0.16831564903259277
v -0.02312232926487924 -0.08950372040271765 0.2027861773967743
v -0.02312232926487924 -0.08913581818342214 0.21177938580513
v -0.028731683269143125 -0.08702126890420919 0.20045655965805054
v -0.028731683269143125 -0.08702126890420919 0.20045655965805054
v -0.02312232926487924 -0.08913581818342214 0.21177938580513
v -0.028731683269143125 -0.08674322813749319 0.2093023955821991
v -0.028731683269143125 -0.08702126890420919 0.20045655965805054
v -0.028731683269143125 -0.08674322813749319 0.2093023955821991
v -0.034109439700841925 -0.0839687809348107 0.19759181141853333
v -0.034109439700841925 -0.0839687809348107 0.19759181141853333
v -0.028731683269143125 -0.08674322813749319 0.2093023955821991
v -0.034109439700841925 -0.08380127698183065 0.20625659823417664
v -0.034109439700841925 -0.0839687809348107 0.19759181141853333
v -0.034109439700841925 -0.08380127698183065 0.20625659823417664
v -0.0391553342342377 -0.08037465065717703 0.19421857595443726
v -0.0391553342342377 -0.08037465065717703 0.19421857595443726
v -0.034109439700841925 -0.08380127698183065 0.20625659823417664
v -0.0391553342342377 -0.08033734560012823 0.2026703655719757
v -0.0391553342342377 -0.08037465065717703 0.19421857595443726
v -0.0391553342342377 -0.08033734560012823 0.2026703655719757
v -0.043776482343673734 -0.07629145681858068 0.19038620591163635
v -0.043776482343673734 -0.07629145681858068 0.19038620591163635
v -0.0391553342342377 -0.08033734560012823 0.2026703655719757
v -0.043776482343673734 -0.076402097940445 0.19859609007835388
v -0.043776482343673734 -0.07629145681858068 0.19038620591163635
v -0.043776482343673734 -0.076402097940445 0.19859609007835388
v -0.04789213836193088 -0.07205893099308018 0.19409948587417603
v -0.011614818125963218 -0.09224574267864233 0.21499887108802795
v -0.017384400591254245 -0.09140320867300039 0.20456856489181519
v -0.011614818125963218 -0.09273032099008566 0.20581364631652832
v -0.011614818125963218 -0.09273032099008566 0.20581364631652832
v -0.017384400591254245 -0.09140320867300039 0.20456856489181519
v -0.017384400591254245 -0.09118781983852392 0.19541221857070923
v -0.011614818125963218 -0.09273032099008566 0.20581364631652832
v -0.017384400591254245 -0.09118781983852392 0.19541221857070923
v -0.011614818125963218 -0.09255599975585943 0.19657579064369202
v -0.011614818125963218 -0.09255599975585943 0.19657579064369202
v -0.017384400591254245 -0.09118781983852392 0.19541221857070923
v -0.017384400591254245 -0.09031699597835546 0.18627357482910156
v -0.011614818125963218 -0.09255599975585943 0.19657579064369202
v -0.017384400591254245 -0.09031699597835546 0.18627357482910156
v -0.011614818125963218 -0.09171943366527563 0.18735352158546448
v -0.011614818125963218 -0.09171943366527563 0.18735352158546448
v -0.017384400591254245 -0.09031699597835546 0.18627357482910156
v -0.017384400591254245 -0.08879799395799642 0.17722058296203613
v -0.011614818125963218 -0.09171943366527563 0.18735352158546448
v -0.017384400591254245 -0.08879799395799642 0.17722058296203613
v -0.011614818125963218 -0.09022688865661627 0.17821666598320007
v -0.011614818125963218 -0.09022688865661627 0.17821666598320007
v -0.017384400591254245 -0.08879799395799642 0.17722058296203613
v -0.017384400591254245 -0.08664701879024511 0.16831564903259277
v -0.003546169260516765 -0.09135307371616369 0.17900153994560242
v -0.0015107626095414173 -0.09281399846076971 0.18819615244865417
v -0.003546169260516765 -0.09282461553812033 0.18820443749427795
v -0.003546169260516765 -0.09282461553812033 0.18820443749427795
v -0.0015107626095414173 -0.09281399846076971 0.18819615244865417
v -0.0015107626095414173 -0.09362410753965383 0.19748368859291077
v -0.003546169260516765 -0.09282461553812033 0.18820443749427795
v -0.0015107626095414173 -0.09362410753965383 0.19748368859291077
v -0.003546169260516765 -0.0936343669891358 0.1974925696849823
v -0.003546169260516765 -0.0936343669891358 0.1974925696849823
v -0.0015107626095414173 -0.09362410753965383 0.19748368859291077
v -0.0015107626095414173 -0.09376671165227897 0.20678529143333435
v -0.003546169260516765 -0.0936343669891358 0.1974925696849823
v -0.0015107626095414173 -0.09376671165227897 0.20678529143333435
v -0.003546169260516765 -0.09377653151750572 0.20679476857185364
v -0.017384400591254245 -0.08664701879024511 0.16831564903259277
v -0.011614818125963218 -0.08809307962656027 0.16923248767852783
v -0.011614818125963218 -0.09022688865661627 0.17821666598320007
v -0.011614818125963218 -0.09022688865661627 0.17821666598320007
v -0.011614818125963218 -0.08809307962656027 0.16923248767852783
v -0.003546169260516765 -0.09135307371616369 0.17900153994560242
v -0.011614818125963218 -0.09022688865661627 0.17821666598320007
v -0.003546169260516765 -0.09135307371616369 0.17900153994560242
v -0.011614818125963218 -0.09171943366527563 0.18735352158546448
v -0.011614818125963218 -0.09171943366527563 0.18735352158546448
v -0.003546169260516765 -0.09135307371616369 0.17900153994560242
v -0.003546169260516765 -0.09282461553812033 0.18820443749427795
v -0.011614818125963218 -0.09171943366527563 0.18735352158546448
v -0.003546169260516765 -0.09282461553812033 0.18820443749427795
v -0.011614818125963218 -0.09255599975585943 0.19657579064369202
v -0.011614818125963218 -0.09255599975585943 0.19657579064369202
v -0.003546169260516765 -0.09282461553812033 0.18820443749427795
v -0.003546169260516765 -0.0936343669891358 0.1974925696849823
v -0.011614818125963218 -0.09255599975585943 0.19657579064369202
v -0.003546169260516765 -0.0936343669891358 0.1974925696849823
v -0.011614818125963218 -0.09273032099008566 0.20581364631652832
v -0.011614818125963218 -0.09273032099008566 0.20581364631652832
v -0.003546169260516765 -0.0936343669891358 0.1974925696849823
v -0.003546169260516765 -0.09377653151750572 0.20679476857185364
v -0.011614818125963218 -0.09273032099008566 0.20581364631652832
v -0.003546169260516765 -0.09377653151750572 0.20679476857185364
v -0.011614818125963218 -0.09224574267864233 0.21499887108802795
v -0.011614818125963218 -0.08534462749958044 0.1604686677455902
v -0.011614818125963218 -0.08809307962656027 0.16923248767852783
v -0.017384400591254245 -0.08389046043157583 0.15962550044059753
v -0.017384400591254245 -0.08389046043157583 0.15962550044059753
v -0.011614818125963218 -0.08809307962656027 0.16923248767852783
v -0.017384400591254245 -0.08664701879024511 0.16831564903259277
v -0.017384400591254245 -0.08389046043157583 0.15962550044059753
v -0.017384400591254245 -0.08664701879024511 0.16831564903259277
v -0.02312232926487924 -0.08180882036685949 0.15841850638389587
v -0.02312232926487924 -0.08180882036685949 0.15841850638389587
v -0.017384400591254245 -0.08664701879024511 0.16831564903259277
v -0.02312232926487924 -0.08457709848880773 0.16700315475463867
v -0.02312232926487924 -0.08180882036685949 0.15841850638389587
v -0.02312232926487924 -0.08457709848880773 0.16700315475463867
v -0.028731683269143125 -0.07908806204795843 0.15684086084365845
v -0.028731683269143125 -0.07908806204795843 0.15684086084365845
v -0.02312232926487924 -0.08457709848880773 0.16700315475463867
v -0.028731683269143125 -0.08187175542116171 0.16528767347335815
v -0.028731683269143125 -0.07908806204795843 0.15684086084365845
v -0.028731683269143125 -0.08187175542116171 0.16528767347335815
v -0.034109439700841925 -0.075742356479168 0.15490081906318665
v -0.034109439700841925 -0.075742356479168 0.15490081906318665
v -0.028731683269143125 -0.08187175542116171 0.16528767347335815
v -0.034109439700841925 -0.07854507863521581 0.16317814588546753
v -0.034109439700841925 -0.075742356479168 0.15490081906318665
v -0.034109439700841925 -0.07854507863521581 0.16317814588546753
v -0.0391553342342377 -0.07692166417837148 0.16894009709358215
v -0.0391553342342377 -0.07692166417837148 0.16894009709358215
v -0.034109439700841925 -0.07854507863521581 0.16317814588546753
v -0.034109439700841925 -0.08079222589731222 0.1716388463973999
v -0.0391553342342377 -0.07692166417837148 0.16894009709358215
v -0.034109439700841925 -0.08079222589731222 0.1716388463973999
v -0.034109439700841925 -0.08245880901813513 0.1802217960357666
v -0.034109439700841925 -0.08245880901813513 0.1802217960357666
v -0.034109439700841925 -0.08079222589731222 0.1716388463973999
v -0.028731683269143125 -0.08568546175956732 0.1827067732810974
v -0.034109439700841925 -0.08245880901813513 0.1802217960357666
v -0.028731683269143125 -0.08568546175956732 0.1827067732810974
v -0.028731683269143125 -0.0866698026657105 0.19156929850578308
v -0.028731683269143125 -0.0866698026657105 0.19156929850578308
v -0.028731683269143125 -0.08568546175956732 0.1827067732810974
v -0.02312232926487924 -0.08922939747571951 0.19374650716781616
v -0.028731683269143125 -0.0866698026657105 0.19156929850578308
v -0.02312232926487924 -0.08922939747571951 0.19374650716781616
v -0.02312232926487924 -0.08950372040271765 0.2027861773967743
v -0.02312232926487924 -0.08950372040271765 0.2027861773967743
v -0.02312232926487924 -0.08922939747571951 0.19374650716781616
v -0.017384400591254245 -0.09140320867300039 0.20456856489181519
v -0.02312232926487924 -0.08950372040271765 0.2027861773967743
v -0.017384400591254245 -0.09140320867300039 0.20456856489181519
v -0.017384400591254245 -0.09096658229827886 0.21367469429969788
v -0.017384400591254245 -0.09096658229827886 0.21367469429969788
v -0.017384400591254245 -0.09140320867300039 0.20456856489181519
v -0.011614818125963218 -0.09224574267864233 0.21499887108802795
v -0.0015107626095414173 -0.09376671165227897 0.20678529143333435
v -0.0015107626095414173 -0.09324484318494802 0.21603289246559143
v -0.003546169260516765 -0.09377653151750572 0.20679476857185364
v -0.003546169260516765 -0.09377653151750572 0.20679476857185364
v -0.0015107626095414173 -0.09324484318494802 0.21603289246559143
v -0.003546169260516765 -0.09325424581766134 0.21604272723197937
v -0.003546169260516765 -0.09377653151750572 0.20679476857185364
v -0.003546169260516765 -0.09325424581766134 0.21604272723197937
v -0.011614818125963218 -0.09224574267864233 0.21499887108802795
v -0.011614818125963218 -0.09224574267864233 0.21499887108802795
v -0.003546169260516765 -0.09325424581766134 0.21604272723197937
v -0.011614818125963218 -0.09112129360437399 0.2240612506866455
v -0.011614818125963218 -0.09224574267864233 0.21499887108802795
v -0.011614818125963218 -0.09112129360437399 0.2240612506866455
v -0.017384400591254245 -0.09096658229827886 0.21367469429969788
v -0.017384400591254245 -0.09096658229827886 0.21367469429969788
v -0.011614818125963218 -0.09112129360437399 0.2240612506866455
v -0.017384400591254245 -0.08989681303501135 0.22266212105751038
v -0.017384400591254245 -0.09096658229827886 0.21367469429969788
v -0.017384400591254245 -0.08989681303501135 0.22266212105751038
v -0.02312232926487924 -0.08913581818342214 0.21177938580513
v -0.02312232926487924 -0.08913581818342214 0.21177938580513
v -0.017384400591254245 -0.08989681303501135 0.22266212105751038
v -0.02312232926487924 -0.08814417570829397 0.22065970301628113
v -0.02312232926487924 -0.08913581818342214 0.21177938580513
v -0.02312232926487924 -0.08814417570829397 0.22065970301628113
v -0.028731683269143125 -0.08674322813749319 0.2093023955821991
v -0.028731683269143125 -0.08674322813749319 0.2093023955821991
v -0.02312232926487924 -0.08814417570829397 0.22065970301628113
v -0.028731683269143125 -0.0858535990118981 0.21804273128509521
v -0.028731683269143125 -0.08674322813749319 0.2093023955821991
v -0.028731683269143125 -0.0858535990118981 0.21804273128509521
v -0.034109439700841925 -0.08380127698183065 0.20625659823417664
v -0.034109439700841925 -0.08380127698183065 0.20625659823417664
v -0.028731683269143125 -0.0858535990118981 0.21804273128509521
v -0.034109439700841925 -0.0830370038747788 0.21482491493225098
v -0.034109439700841925 -0.08380127698183065 0.20625659823417664
v -0.034109439700841925 -0.0830370038747788 0.21482491493225098
v -0.0391553342342377 -0.08033734560012823 0.2026703655719757
v -0.0391553342342377 -0.08033734560012823 0.2026703655719757
v -0.034109439700841925 -0.0830370038747788 0.21482491493225098
v -0.0391553342342377 -0.07972060889005667 0.21103617548942566
v -0.0391553342342377 -0.08033734560012823 0.2026703655719757
v -0.0391553342342377 -0.07972060889005667 0.21103617548942566
v -0.043776482343673734 -0.076402097940445 0.19859609007835388
v -0.043776482343673734 -0.076402097940445 0.19859609007835388
v -0.0391553342342377 -0.07972060889005667 0.21103617548942566
v -0.043776482343673734 -0.07595291733741766 0.20673194527626038
v -0.043776482343673734 -0.076402097940445 0.19859609007835388
v -0.043776482343673734 -0.07595291733741766 0.20673194527626038
v -0.04789213836193088 -0.07205893099308018 0.19409948587417603
v -0.04789213836193088 -0.07205893099308018 0.19409948587417603
v -0.043776482343673734 -0.07595291733741766 0.20673194527626038
v -0.04789213836193088 -0.0717946290969849 0.20198151469230652
v -0.04789213836193088 -0.07205893099308018 0.19409948587417603
v -0.04789213836193088 -0.0717946290969849 0.20198151469230652
v -0.05144087597727779 -0.06738819926977162 0.1892637014389038
v -0.05144087597727779 -0.06738819926977162 0.1892637014389038
v -0.04789213836193088 -0.0717946290969849 0.20198151469230652
v -0.05144087597727779 -0.06732267886400227 0.19687286019325256
v -0.05144087597727779 -0.06738819926977162 0.1892637014389038
v -0.05144087597727779 -0.06732267886400227 0.19687286019325256
v -0.05437964573502544 -0.06247595325112347 0.18417781591415405
v -0.05437964573502544 -0.06247595325112347 0.18417781591415405
v -0.05144087597727779 -0.06732267886400227 0.19687286019325256
v -0.05437964573502544 -0.06261944770812992 0.1915000081062317
v -0.05437964573502544 -0.06247595325112347 0.18417781591415405
v -0.05437964573502544 -0.06261944770812992 0.1915000081062317
v -0.05668956786394123 -0.05741392821073536 0.17893683910369873
v -0.05668956786394123 -0.05741392821073536 0.17893683910369873
v -0.05437964573502544 -0.06261944770812992 0.1915000081062317
v -0.05668956786394123 -0.057772774249315303 0.18596333265304565
v -0.05668956786394123 -0.05741392821073536 0.17893683910369873
v -0.05668956786394123 -0.057772774249315303 0.18596333265304565
v -0.05837079882621769 -0.052290637046098744 0.17363241314888
v -0.05837079882621769 -0.052290637046098744 0.17363241314888
v -0.05668956786394123 -0.057772774249315303 0.18596333265304565
v -0.05837079882621769 -0.05286741256713871 0.18035966157913208
v -0.05837079882621769 -0.052290637046098744 0.17363241314888
v -0.05837079882621769 -0.05286741256713871 0.18035966157913208
v -0.059444963932037395 -0.047190319746732746 0.16835173964500427
v -0.059444963932037395 -0.047190319746732746 0.16835173964500427
v -0.05837079882621769 -0.05286741256713871 0.18035966157913208
v -0.059444963932037395 -0.04798401519656185 0.17478111386299133
v -0.059444963932037395 -0.047190319746732746 0.16835173964500427
v -0.059444963932037395 -0.04798401519656185 0.17478111386299133
v -0.05992415919899945 -0.038487080484628705 0.1639324128627777
v -0.05992415919899945 -0.038487080484628705 0.1639324128627777
v -0.059444963932037395 -0.04798401519656185 0.17478111386299133
v -0.05992415919899945 -0.039242703467607526 0.16963964700698853
v -0.05992415919899945 -0.038487080484628705 0.1639324128627777
v -0.05992415919899945 -0.039242703467607526 0.16963964700698853
v -0.05824340507388119 -0.030054943636059782 0.15805667638778687
v -0.05824340507388119 -0.030054943636059782 0.15805667638778687
v -0.05992415919899945 -0.039242703467607526 0.16963964700698853
v -0.05824340507388119 -0.03060278855264189 0.16324585676193237
v -0.05824340507388119 -0.030054943636059782 0.15805667638778687
v -0.05824340507388119 -0.03060278855264189 0.16324585676193237
v -0.05650582909584049 -0.025401800870895403 0.15219035744667053
v -0.05650582909584049 -0.025401800870895403 0.15219035744667053
v -0.05824340507388119 -0.03060278855264189 0.16324585676193237
v -0.05650582909584049 -0.02626838721334936 0.15713271498680115
v -0.05650582909584049 -0.025401800870895403 0.15219035744667053
v -0.05650582909584049 -0.02626838721334936 0.15713271498680115
v -0.05413822457194332 -0.020811554044485106 0.1464032530784607
v -0.05413822457194332 -0.020811554044485106 0.1464032530784607
v -0.05650582909584049 -0.02626838721334936 0.15713271498680115
v -0.05413822457194332 -0.02199264988303186 0.15110215544700623
v -0.05413822457194332 -0.020811554044485106 0.1464032530784607
v -0.05413822457194332 -0.02199264988303186 0.15110215544700623
v -0.05114311352372173 -0.018818959593772902 0.14971649646759033
v -0.0015107626095414173 -0.09207741916179663 0.2251540720462799
v -0.0015107626095414173 -0.09010370075702673 0.23375028371810913
v -0.003546169260516765 -0.09208652377128607 0.22516435384750366
v -0.003546169260516765 -0.09208652377128607 0.22516435384750366
v -0.0015107626095414173 -0.09010370075702673 0.23375028371810913
v -0.003546169260516765 -0.09011230617761617 0.23376142978668213
v -0.003546169260516765 -0.09208652377128607 0.22516435384750366
v -0.003546169260516765 -0.09011230617761617 0.23376142978668213
v -0.011614818125963218 -0.08919611573219305 0.23260754346847534
v -0.011614818125963218 -0.08919611573219305 0.23260754346847534
v -0.003546169260516765 -0.09011230617761617 0.23376142978668213
v -0.011614818125963218 -0.08570059388875967 0.24094048142433167
v -0.011614818125963218 -0.08919611573219305 0.23260754346847534
v -0.011614818125963218 -0.08570059388875967 0.24094048142433167
v -0.017384400591254245 -0.0880339145660401 0.23114320635795593
v -0.017384400591254245 -0.0880339145660401 0.23114320635795593
v -0.011614818125963218 -0.08570059388875967 0.24094048142433167
v -0.017384400591254245 -0.08461729437112814 0.23941391706466675
v -0.017384400591254245 -0.0880339145660401 0.23114320635795593
v -0.017384400591254245 -0.08461729437112814 0.23941391706466675
v -0.02312232926487924 -0.08637046813964849 0.22904697060585022
v -0.02312232926487924 -0.08637046813964849 0.22904697060585022
v -0.017384400591254245 -0.08461729437112814 0.23941391706466675
v -0.02312232926487924 -0.08306707441806799 0.23722884058952332
v -0.02312232926487924 -0.08637046813964849 0.22904697060585022
v -0.02312232926487924 -0.08306707441806799 0.23722884058952332
v -0.028731683269143125 -0.08419649302959448 0.22630709409713745
v -0.028731683269143125 -0.08419649302959448 0.22630709409713745
v -0.02312232926487924 -0.08306707441806799 0.23722884058952332
v -0.028731683269143125 -0.08104128390550619 0.2343730330467224
v -0.028731683269143125 -0.08419649302959448 0.22630709409713745
v -0.028731683269143125 -0.08104128390550619 0.2343730330467224
v -0.034109439700841925 -0.08152331411838537 0.22293785214424133
v -0.034109439700841925 -0.08152331411838537 0.22293785214424133
v -0.028731683269143125 -0.08104128390550619 0.2343730330467224
v -0.034109439700841925 -0.07855048775672918 0.23086139559745789
v -0.034109439700841925 -0.08152331411838537 0.22293785214424133
v -0.034109439700841925 -0.07855048775672918 0.23086139559745789
v -0.0391553342342377 -0.07837579399347311 0.21897059679031372
v -0.0391553342342377 -0.07837579399347311 0.21897059679031372
v -0.034109439700841925 -0.07855048775672918 0.23086139559745789
v -0.0391553342342377 -0.075617864727974 0.22672656178474426
v -0.0391553342342377 -0.07837579399347311 0.21897059679031372
v -0.0391553342342377 -0.075617864727974 0.22672656178474426
v -0.043776482343673734 -0.07479997724294668 0.21446332335472107
v -0.043776482343673734 -0.07479997724294668 0.21446332335472107
v -0.0391553342342377 -0.075617864727974 0.22672656178474426
v -0.043776482343673734 -0.0722863152623177 0.22202906012535095
v -0.043776482343673734 -0.07479997724294668 0.21446332335472107
v -0.043776482343673734 -0.0722863152623177 0.22202906012535095
v -0.04789213836193088 -0.07085347175598149 0.2094886600971222
v -0.04789213836193088 -0.07085347175598149 0.2094886600971222
v -0.043776482343673734 -0.0722863152623177 0.22202906012535095
v -0.04789213836193088 -0.06860951334238057 0.21684452891349792
v -0.04789213836193088 -0.07085347175598149 0.2094886600971222
v -0.04789213836193088 -0.06860951334238057 0.21684452891349792
v -0.05144087597727779 -0.066609300673008 0.20413866639137268
v -0.05144087597727779 -0.066609300673008 0.20413866639137268
v -0.04789213836193088 -0.06860951334238057 0.21684452891349792
v -0.05144087597727779 -0.06465549021959309 0.21126890182495117
v -0.05144087597727779 -0.066609300673008 0.20413866639137268
v -0.05144087597727779 -0.06465549021959309 0.21126890182495117
v -0.05437964573502544 -0.06214564293622975 0.19851189851760864
v -0.05437964573502544 -0.06214564293622975 0.19851189851760864
v -0.05144087597727779 -0.06465549021959309 0.21126890182495117
v -0.05437964573502544 -0.06049706414341931 0.20540490746498108
v -0.05437964573502544 -0.06214564293622975 0.19851189851760864
v -0.05437964573502544 -0.06049706414341931 0.20540490746498108
v -0.05668956786394123 -0.05754586309194569 0.1927134096622467
v -0.05668956786394123 -0.05754586309194569 0.1927134096622467
v -0.05437964573502544 -0.06049706414341931 0.20540490746498108
v -0.05668956786394123 -0.05621191486716274 0.19936203956604004
v -0.05668956786394123 -0.05754586309194569 0.1927134096622467
v -0.05668956786394123 -0.05621191486716274 0.19936203956604004
v -0.05837079882621769 -0.05289039760828022 0.18684464693069458
v -0.05837079882621769 -0.05289039760828022 0.18684464693069458
v -0.05668956786394123 -0.05621191486716274 0.19936203956604004
v -0.05837079882621769 -0.05187495797872547 0.19324597716331482
v -0.05837079882621769 -0.05289039760828022 0.18684464693069458
v -0.05837079882621769 -0.05187495797872547 0.19324597716331482
v -0.059444963932037395 -0.04825578257441524 0.18100208044052124
v -0.059444963932037395 -0.04825578257441524 0.18100208044052124
v -0.05837079882621769 -0.05187495797872547 0.19324597716331482
v -0.059444963932037395 -0.04755749925971035 0.1871573030948639
v -0.059444963932037395 -0.04825578257441524 0.18100208044052124
v -0.059444963932037395 -0.04755749925971035 0.1871573030948639
v -0.05992415919899945 -0.0391613803803921 0.17531639337539673
v -0.05992415919899945 -0.0391613803803921 0.17531639337539673
v -0.059444963932037395 -0.04755749925971035 0.1871573030948639
v -0.05992415919899945 -0.03820838406682017 0.18082386255264282
v -0.05992415919899945 -0.0391613803803921 0.17531639337539673
v -0.05992415919899945 -0.03820838406682017 0.18082386255264282
v -0.05824340507388119 -0.03042125329375269 0.16833090782165527
v -0.05824340507388119 -0.03042125329375269 0.16833090782165527
v -0.05992415919899945 -0.03820838406682017 0.18082386255264282
v -0.05824340507388119 -0.029556550085544607 0.17312541604042053
v -0.05824340507388119 -0.03042125329375269 0.16833090782165527
v -0.05824340507388119 -0.029556550085544607 0.17312541604042053
v -0.05650582909584049 -0.026477565988898295 0.16200387477874756
v -0.05650582909584049 -0.026477565988898295 0.16200387477874756
v -0.05824340507388119 -0.029556550085544607 0.17312541604042053
v -0.05650582909584049 -0.026067879050970095 0.16663968563079834
v -0.05650582909584049 -0.026477565988898295 0.16200387477874756
v -0.05650582909584049 -0.026067879050970095 0.16663968563079834
v -0.05413822457194332 -0.022587265819311156 0.15576237440109253
v -0.05413822457194332 -0.022587265819311156 0.15576237440109253
v -0.05650582909584049 -0.026067879050970095 0.16663968563079834
v -0.05413822457194332 -0.022626407444477095 0.16024163365364075
v -0.05413822457194332 -0.022587265819311156 0.15576237440109253
v -0.05413822457194332 -0.022626407444477095 0.16024163365364075
v -0.05114311352372173 -0.019342085346579566 0.15813428163528442
v -0.0015107626095414173 -0.09324484318494802 0.21603289246559143
v -0.0015107626095414173 -0.09207741916179663 0.2251540720462799
v -0.003546169260516765 -0.09325424581766134 0.21604272723197937
v -0.003546169260516765 -0.09325424581766134 0.21604272723197937
v -0.0015107626095414173 -0.09207741916179663 0.2251540720462799
v -0.003546169260516765 -0.09208652377128607 0.22516435384750366
v -0.003546169260516765 -0.09325424581766134 0.21604272723197937
v -0.003546169260516765 -0.09208652377128607 0.22516435384750366
v -0.011614818125963218 -0.09112129360437399 0.2240612506866455
v -0.011614818125963218 -0.09112129360437399 0.2240612506866455
v -0.003546169260516765 -0.09208652377128607 0.22516435384750366
v -0.011614818125963218 -0.08919611573219305 0.23260754346847534
v -0.011614818125963218 -0.09112129360437399 0.2240612506866455
v -0.011614818125963218 -0.08919611573219305 0.23260754346847534
v -0.017384400591254245 -0.08989681303501135 0.22266212105751038
v -0.017384400591254245 -0.08989681303501135 0.22266212105751038
v -0.011614818125963218 -0.08919611573219305 0.23260754346847534
v -0.017384400591254245 -0.0880339145660401 0.23114320635795593
v -0.017384400591254245 -0.08989681303501135 0.22266212105751038
v -0.017384400591254245 -0.0880339145660401 0.23114320635795593
v -0.02312232926487924 -0.08814417570829397 0.22065970301628113
v -0.02312232926487924 -0.08814417570829397 0.22065970301628113
v -0.017384400591254245 -0.0880339145660401 0.23114320635795593
v -0.02312232926487924 -0.08637046813964849 0.22904697060585022
v -0.02312232926487924 -0.08814417570829397 0.22065970301628113
v -0.02312232926487924 -0.08637046813964849 0.22904697060585022
v -0.028731683269143125 -0.0858535990118981 0.21804273128509521
v -0.028731683269143125 -0.0858535990118981 0.21804273128509521
v -0.02312232926487924 -0.08637046813964849 0.22904697060585022
v -0.028731683269143125 -0.08419649302959448 0.22630709409713745
v -0.028731683269143125 -0.0858535990118981 0.21804273128509521
v -0.028731683269143125 -0.08419649302959448 0.22630709409713745
v -0.034109439700841925 -0.0830370038747788 0.21482491493225098
v -0.034109439700841925 -0.0830370038747788 0.21482491493225098
v -0.028731683269143125 -0.08419649302959448 0.22630709409713745
v -0.034109439700841925 -0.08152331411838537 0.22293785214424133
v -0.034109439700841925 -0.0830370038747788 0.21482491493225098
v -0.034109439700841925 -0.08152331411838537 0.22293785214424133
v -0.0391553342342377 -0.07972060889005667 0.21103617548942566
v -0.0391553342342377 -0.07972060889005667 0.21103617548942566
v -0.034109439700841925 -0.08152331411838537 0.22293785214424133
v -0.0391553342342377 -0.07837579399347311 0.21897059679031372
v -0.0391553342342377 -0.07972060889005667 0.21103617548942566
v -0.0391553342342377 -0.07837579399347311 0.21897059679031372
v -0.043776482343673734 -0.07595291733741766 0.20673194527626038
v -0.043776482343673734 -0.07595291733741766 0.20673194527626038
v -0.0391553342342377 -0.07837579399347311 0.21897059679031372
v -0.043776482343673734 -0.07479997724294668 0.21446332335472107
v -0.043776482343673734 -0.07595291733741766 0.20673194527626038
v -0.043776482343673734 -0.07479997724294668 0.21446332335472107
v -0.04789213836193088 -0.0717946290969849 0.20198151469230652
v -0.04789213836193088 -0.0717946290969849 0.20198151469230652
v -0.043776482343673734 -0.07479997724294668 0.21446332335472107
v -0.04789213836193088 -0.07085347175598149 0.2094886600971222
v -0.04789213836193088 -0.0717946290969849 0.20198151469230652
v -0.04789213836193088 -0.07085347175598149 0.2094886600971222
v -0.05144087597727779 -0.06732267886400227 0.19687286019325256
v -0.05144087597727779 -0.06732267886400227 0.19687286019325256
v -0.04789213836193088 -0.07085347175598149 0.2094886600971222
v -0.05144087597727779 -0.066609300673008 0.20413866639137268
v -0.05144087597727779 -0.06732267886400227 0.19687286019325256
v -0.05144087597727779 -0.066609300673008 0.20413866639137268
v -0.05437964573502544 -0.06261944770812992 0.1915000081062317
v -0.05437964573502544 -0.06261944770812992 0.1915000081062317
v -0.05144087597727779 -0.066609300673008 0.20413866639137268
v -0.05437964573502544 -0.06214564293622975 0.19851189851760864
v -0.05437964573502544 -0.06261944770812992 0.1915000081062317
v -0.05437964573502544 -0.06214564293622975 0.19851189851760864
v -0.05668956786394123 -0.057772774249315303 0.18596333265304565
v -0.05668956786394123 -0.057772774249315303 0.18596333265304565
v -0.05437964573502544 -0.06214564293622975 0.19851189851760864
v -0.05668956786394123 -0.05754586309194569 0.1927134096622467
v -0.05668956786394123 -0.057772774249315303 0.18596333265304565
v -0.05668956786394123 -0.05754586309194569 0.1927134096622467
v -0.05837079882621769 -0.05286741256713871 0.18035966157913208
v -0.05837079882621769 -0.05286741256713871 0.18035966157913208
v -0.05668956786394123 -0.05754586309194569 0.1927134096622467
v -0.05837079882621769 -0.05289039760828022 0.18684464693069458
v -0.05837079882621769 -0.05286741256713871 0.18035966157913208
v -0.05837079882621769 -0.05289039760828022 0.18684464693069458
v -0.059444963932037395 -0.04798401519656185 0.17478111386299133
v -0.059444963932037395 -0.04798401519656185 0.17478111386299133
v -0.05837079882621769 -0.05289039760828022 0.18684464693069458
v -0.059444963932037395 -0.04825578257441524 0.18100208044052124
v -0.059444963932037395 -0.04798401519656185 0.17478111386299133
v -0.059444963932037395 -0.04825578257441524 0.18100208044052124
v -0.05992415919899945 -0.039242703467607526 0.16963964700698853
v -0.05992415919899945 -0.039242703467607526 0.16963964700698853
v -0.059444963932037395 -0.04825578257441524 0.18100208044052124
v -0.05992415919899945 -0.0391613803803921 0.17531639337539673
v -0.05992415919899945 -0.039242703467607526 0.16963964700698853
v -0.05992415919899945 -0.0391613803803921 0.17531639337539673
v -0.05824340507388119 -0.03060278855264189 0.16324585676193237
v -0.05824340507388119 -0.03060278855264189 0.16324585676193237
v -0.05992415919899945 -0.0391613803803921 0.17531639337539673
v -0.05824340507388119 -0.03042125329375269 0.16833090782165527
v -0.05824340507388119 -0.03060278855264189 0.16324585676193237
v -0.05824340507388119 -0.03042125329375269 0.16833090782165527
v -0.05650582909584049 -0.02626838721334936 0.15713271498680115
v -0.05650582909584049 -0.02626838721334936 0.15713271498680115
v -0.05824340507388119 -0.03042125329375269 0.16833090782165527
v -0.05650582909584049 -0.026477565988898295 0.16200387477874756
v -0.05650582909584049 -0.02626838721334936 0.15713271498680115
v -0.05650582909584049 -0.026477565988898295 0.16200387477874756
v -0.05413822457194332 -0.02199264988303186 0.15110215544700623
v -0.05413822457194332 -0.02199264988303186 0.15110215544700623
v -0.05650582909584049 -0.026477565988898295 0.16200387477874756
v -0.05413822457194332 -0.022587265819311156 0.15576237440109253
v -0.05413822457194332 -0.02199264988303186 0.15110215544700623
v -0.05413822457194332 -0.022587265819311156 0.15576237440109253
v -0.05114311352372173 -0.018818959593772902 0.14971649646759033
v -0.05114311352372173 -0.018818959593772902 0.14971649646759033
v -0.05413822457194332 -0.022587265819311156 0.15576237440109253
v -0.05114311352372173 -0.019342085346579566 0.15813428163528442
v -0.05114311352372173 -0.018818959593772902 0.14971649646759033
v -0.05114311352372173 -0.019342085346579566 0.15813428163528442
v -0.047540526837110554 -0.015243181958794604 0.14397938549518585
v -0.047540526837110554 -0.015243181958794604 0.14397938549518585
v -0.05114311352372173 -0.019342085346579566 0.15813428163528442
v -0.047540526837110554 -0.01663482002913953 0.15217670798301697
v -0.047540526837110554 -0.015243181958794604 0.14397938549518585
v -0.047540526837110554 -0.01663482002913953 0.15217670798301697
v -0.04337627440690997 -0.011925657279789456 0.13865648210048676
v -0.04337627440690997 -0.011925657279789456 0.13865648210048676
v -0.047540526837110554 -0.01663482002913953 0.15217670798301697
v -0.04337627440690997 -0.014123007655143746 0.1466492861509323
v -0.05668956786394123 -0.0192231982946396 0.22706815600395203
v -0.05668956786394123 -0.01617436483502389 0.22775769233703613
v -0.05837079882621769 -0.016037845984101306 0.22193461656570435
v -0.05837079882621769 -0.023973768576979654 0.2195776402950287
v -0.05668956786394123 -0.0192231982946396 0.22706815600395203
v -0.05837079882621769 -0.018858937546610846 0.22114461660385132
v -0.05837079882621769 -0.018858937546610846 0.22114461660385132
v -0.05668956786394123 -0.0192231982946396 0.22706815600395203
v -0.05837079882621769 -0.016037845984101306 0.22193461656570435
v -0.05837079882621769 -0.018858937546610846 0.22114461660385132
v -0.05837079882621769 -0.016037845984101306 0.22193461656570435
v -0.059444963932037395 -0.01590200886130334 0.21613770723342896
v -0.05437964573502544 -0.016309328377246867 0.23351117968559265
v -0.05668956786394123 -0.01617436483502389 0.22775769233703613
v -0.05437964573502544 -0.019583124667406096 0.23292073607444763
v -0.05437964573502544 -0.019583124667406096 0.23292073607444763
v -0.05668956786394123 -0.01617436483502389 0.22775769233703613
v -0.05668956786394123 -0.0192231982946396 0.22706815600395203
v -0.05437964573502544 -0.019583124667406096 0.23292073607444763
v -0.05668956786394123 -0.0192231982946396 0.22706815600395203
v -0.05668956786394123 -0.024855354800820368 0.22569724917411804
v -0.05668956786394123 -0.024855354800820368 0.22569724917411804
v -0.05668956786394123 -0.0192231982946396 0.22706815600395203
v -0.05837079882621769 -0.023973768576979654 0.2195776402950287
v -0.05668956786394123 -0.024855354800820368 0.22569724917411804
v -0.05837079882621769 -0.023973768576979654 0.2195776402950287
v -0.05837079882621769 -0.029021304100751898 0.21802884340286255
v -0.05908707156777386 -0.012500000186264524 0.21660244464874268
v -0.059444963932037395 -0.01590200886130334 0.21613770723342896
v -0.058495674282312435 -0.012500000186264524 0.22185125946998596
v -0.058495674282312435 -0.012500000186264524 0.22185125946998596
v -0.059444963932037395 -0.01590200886130334 0.21613770723342896
v -0.05837079882621769 -0.016037845984101306 0.22193461656570435
v -0.058495674282312435 -0.012500000186264524 0.22185125946998596
v -0.05837079882621769 -0.016037845984101306 0.22193461656570435
v -0.05831553414464001 -0.012500000186264524 0.222366064786911
v -0.05831553414464001 -0.012500000186264524 0.222366064786911
v -0.05837079882621769 -0.016037845984101306 0.22193461656570435
v -0.05668956786394123 -0.01617436483502389 0.22775769233703613
v -0.05831553414464001 -0.012500000186264524 0.222366064786911
v -0.05668956786394123 -0.01617436483502389 0.22775769233703613
v -0.056333877146244084 -0.012500000186264524 0.2280293107032776
v -0.056333877146244084 -0.012500000186264524 0.2280293107032776
v -0.05668956786394123 -0.01617436483502389 0.22775769233703613
v -0.05437964573502544 -0.016309328377246867 0.23351117968559265
v -0.056333877146244084 -0.012500000186264524 0.2280293107032776
v -0.05437964573502544 -0.016309328377246867 0.23351117968559265
v -0.054305180907249485 -0.012500000186264524 0.23382699489593506
v -0.05405813083052639 -0.012500000186264524 0.23453301191329956
v -0.051132198423147236 -0.012500000186264524 0.23918962478637695
v -0.04789213836193088 -0.016565082594752322 0.24440351128578186
v -0.051132198423147236 -0.012500000186264524 0.23918962478637695
v -0.05144087597727779 -0.016440382227301608 0.2390945553779602
v -0.04789213836193088 -0.016565082594752322 0.24440351128578186
v -0.05144087597727779 -0.016440382227301608 0.2390945553779602
v -0.04789213836193088 -0.020264567807316794 0.24400004744529724
v -0.04789213836193088 -0.020264567807316794 0.24400004744529724
v -0.05144087597727779 -0.016440382227301608 0.2390945553779602
v -0.05144087597727779 -0.01993242092430593 0.23860007524490356
v -0.04789213836193088 -0.020264567807316794 0.24400004744529724
v -0.05144087597727779 -0.01993242092430593 0.23860007524490356
v -0.05144087597727779 -0.02657167054712774 0.23761075735092163
v -0.05144087597727779 -0.02657167054712774 0.23761075735092163
v -0.05144087597727779 -0.01993242092430593 0.23860007524490356
v -0.05437964573502544 -0.025726400315761584 0.23174351453781128
v -0.05144087597727779 -0.02657167054712774 0.23761075735092163
v -0.05437964573502544 -0.025726400315761584 0.23174351453781128
v -0.05437964573502544 -0.031824953854084036 0.2305801510810852
v -0.05437964573502544 -0.031824953854084036 0.2305801510810852
v -0.05437964573502544 -0.025726400315761584 0.23174351453781128
v -0.05668956786394123 -0.03043157421052458 0.22434231638908386
v -0.05437964573502544 -0.031824953854084036 0.2305801510810852
v -0.05668956786394123 -0.03043157421052458 0.22434231638908386
v -0.05668956786394123 -0.03563885763287546 0.22270599007606506
v -0.05668956786394123 -0.03563885763287546 0.22270599007606506
v -0.05668956786394123 -0.03043157421052458 0.22434231638908386
v -0.05837079882621769 -0.03371098637580874 0.2162228226661682
v -0.05668956786394123 -0.03563885763287546 0.22270599007606506
v -0.05837079882621769 -0.03371098637580874 0.2162228226661682
v -0.05837079882621769 -0.038357529789209394 0.21347928047180176
v -0.03740938752889636 -0.012500000186264524 0.2554098963737488
v -0.03900647163391116 -0.012500000186264524 0.2538128197193146
v -0.0391553342342377 -0.020853342488408103 0.2535706162452698
v -0.04353211075067523 -0.012500000186264524 0.24928715825080872
v -0.04353211075067523 -0.012500000186264524 0.24928715825080872
v -0.043776482343673734 -0.016681134700775157 0.2493402361869812
v -0.0391553342342377 -0.020853342488408103 0.2535706162452698
v -0.0391553342342377 -0.020853342488408103 0.2535706162452698
v -0.043776482343673734 -0.016681134700775157 0.2493402361869812
v -0.043776482343673734 -0.020573446527123465 0.24902120232582092
v -0.0391553342342377 -0.020853342488408103 0.2535706162452698
v -0.043776482343673734 -0.020573446527123465 0.24902120232582092
v -0.043776482343673734 -0.028122728690505045 0.24837657809257507
v -0.043776482343673734 -0.028122728690505045 0.24837657809257507
v -0.043776482343673734 -0.020573446527123465 0.24902120232582092
v -0.04789213836193088 -0.027375383302569407 0.24318936467170715
v -0.043776482343673734 -0.028122728690505045 0.24837657809257507
v -0.04789213836193088 -0.027375383302569407 0.24318936467170715
v -0.04789213836193088 -0.03446268662810328 0.24238863587379456
v -0.04789213836193088 -0.03446268662810328 0.24238863587379456
v -0.04789213836193088 -0.027375383302569407 0.24318936467170715
v -0.05144087597727779 -0.033177077770233175 0.23663330078125
v -0.04789213836193088 -0.03446268662810328 0.24238863587379456
v -0.05144087597727779 -0.033177077770233175 0.23663330078125
v -0.05144087597727779 -0.03939205408096316 0.23532766103744507
v -0.05144087597727779 -0.03939205408096316 0.23532766103744507
v -0.05144087597727779 -0.033177077770233175 0.23663330078125
v -0.05437964573502544 -0.03754364699125293 0.22911158204078674
v -0.05144087597727779 -0.03939205408096316 0.23532766103744507
v -0.05437964573502544 -0.03754364699125293 0.22911158204078674
v -0.05437964573502544 -0.04324425756931308 0.2265460193157196
v -0.05437964573502544 -0.04324425756931308 0.2265460193157196
v -0.05437964573502544 -0.03754364699125293 0.22911158204078674
v -0.05668956786394123 -0.040815617889165906 0.22005194425582886
v -0.05437964573502544 -0.04324425756931308 0.2265460193157196
v -0.05668956786394123 -0.040815617889165906 0.22005194425582886
v -0.05668956786394123 -0.04576498270034793 0.2162829041481018
v -0.05668956786394123 -0.04576498270034793 0.2162829041481018
v -0.05668956786394123 -0.040815617889165906 0.22005194425582886
v -0.05837079882621769 -0.04277788102626803 0.2097090184688568
v -0.05668956786394123 -0.04576498270034793 0.2162829041481018
v -0.05837079882621769 -0.04277788102626803 0.2097090184688568
v -0.05837079882621769 -0.046677850186824826 0.2049550712108612
v -0.04353211075067523 -0.012500000186264524 0.24928715825080872
v -0.04690988734364513 -0.012500000186264524 0.24590939283370972
v -0.043776482343673734 -0.016681134700775157 0.2493402361869812
v -0.043776482343673734 -0.016681134700775157 0.2493402361869812
v -0.04690988734364513 -0.012500000186264524 0.24590939283370972
v -0.04789213836193088 -0.016565082594752322 0.24440351128578186
v -0.043776482343673734 -0.016681134700775157 0.2493402361869812
v -0.04789213836193088 -0.016565082594752322 0.24440351128578186
v -0.043776482343673734 -0.020573446527123465 0.24902120232582092
v -0.043776482343673734 -0.020573446527123465 0.24902120232582092
v -0.04789213836193088 -0.016565082594752322 0.24440351128578186
v -0.04789213836193088 -0.020264567807316794 0.24400004744529724
v -0.043776482343673734 -0.020573446527123465 0.24902120232582092
v -0.04789213836193088 -0.020264567807316794 0.24400004744529724
v -0.04789213836193088 -0.027375383302569407 0.24318936467170715
v -0.04789213836193088 -0.027375383302569407 0.24318936467170715
v -0.04789213836193088 -0.020264567807316794 0.24400004744529724
v -0.05144087597727779 -0.02657167054712774 0.23761075735092163
v -0.04789213836193088 -0.027375383302569407 0.24318936467170715
v -0.05144087597727779 -0.02657167054712774 0.23761075735092163
v -0.05144087597727779 -0.033177077770233175 0.23663330078125
v -0.05144087597727779 -0.033177077770233175 0.23663330078125
v -0.05144087597727779 -0.02657167054712774 0.23761075735092163
v -0.05437964573502544 -0.031824953854084036 0.2305801510810852
v -0.05144087597727779 -0.033177077770233175 0.23663330078125
v -0.05437964573502544 -0.031824953854084036 0.2305801510810852
v -0.05437964573502544 -0.03754364699125293 0.22911158204078674
v -0.05437964573502544 -0.03754364699125293 0.22911158204078674
v -0.05437964573502544 -0.031824953854084036 0.2305801510810852
v -0.05668956786394123 -0.03563885763287546 0.22270599007606506
v -0.05437964573502544 -0.03754364699125293 0.22911158204078674
v -0.05668956786394123 -0.03563885763287546 0.22270599007606506
v -0.05668956786394123 -0.040815617889165906 0.22005194425582886
v -0.05668956786394123 -0.040815617889165906 0.22005194425582886
v -0.05668956786394123 -0.03563885763287546 0.22270599007606506
v -0.05837079882621769 -0.038357529789209394 0.21347928047180176
v -0.05668956786394123 -0.040815617889165906 0.22005194425582886
v -0.05837079882621769 -0.038357529789209394 0.21347928047180176
v -0.05837079882621769 -0.04277788102626803 0.2097090184688568
v -0.051132198423147236 -0.012500000186264524 0.23918962478637695
v -0.05405813083052639 -0.012500000186264524 0.23453301191329956
v -0.05144087597727779 -0.016440382227301608 0.2390945553779602
v -0.05144087597727779 -0.016440382227301608 0.2390945553779602
v -0.05405813083052639 -0.012500000186264524 0.23453301191329956
v -0.05437964573502544 -0.016309328377246867 0.23351117968559265
v -0.05144087597727779 -0.016440382227301608 0.2390945553779602
v -0.05437964573502544 -0.016309328377246867 0.23351117968559265
v -0.05144087597727779 -0.01993242092430593 0.23860007524490356
v -0.05144087597727779 -0.01993242092430593 0.23860007524490356
v -0.05437964573502544 -0.016309328377246867 0.23351117968559265
v -0.05437964573502544 -0.019583124667406096 0.23292073607444763
v -0.05144087597727779 -0.01993242092430593 0.23860007524490356
v -0.05437964573502544 -0.019583124667406096 0.23292073607444763
v -0.05437964573502544 -0.025726400315761584 0.23174351453781128
v -0.05437964573502544 -0.025726400315761584 0.23174351453781128
v -0.05437964573502544 -0.019583124667406096 0.23292073607444763
v -0.05668956786394123 -0.024855354800820368 0.22569724917411804
v -0.05437964573502544 -0.025726400315761584 0.23174351453781128
v -0.05668956786394123 -0.024855354800820368 0.22569724917411804
v -0.05668956786394123 -0.03043157421052458 0.22434231638908386
v -0.05668956786394123 -0.03043157421052458 0.22434231638908386
v -0.05668956786394123 -0.024855354800820368 0.22569724917411804
v -0.05837079882621769 -0.029021304100751898 0.21802884340286255
v -0.05668956786394123 -0.03043157421052458 0.22434231638908386
v -0.05837079882621769 -0.029021304100751898 0.21802884340286255
v -0.05837079882621769 -0.03371098637580874 0.2162228226661682
v -0.034109439700841925 -0.07404754310846334 0.23831528425216675
v -0.028731683269143125 -0.07631391286849981 0.24195027351379395
v -0.028731683269143125 -0.07015206664800648 0.2485937774181366
v -0.028731683269143125 -0.07015206664800648 0.2485937774181366
v -0.028731683269143125 -0.07631391286849981 0.24195027351379395
v -0.02312232926487924 -0.07178240269422535 0.2516244053840637
v -0.028731683269143125 -0.07015206664800648 0.2485937774181366
v -0.02312232926487924 -0.07178240269422535 0.2516244053840637
v -0.02312232926487924 -0.06425979733467106 0.25698742270469666
v -0.02312232926487924 -0.06425979733467106 0.25698742270469666
v -0.02312232926487924 -0.07178240269422535 0.2516244053840637
v -0.017384400591254245 -0.06532711535692219 0.25933676958084106
v -0.02312232926487924 -0.06425979733467106 0.25698742270469666
v -0.017384400591254245 -0.06532711535692219 0.25933676958084106
v -0.017384400591254245 -0.05691142380237583 0.2630974352359772
v -0.017384400591254245 -0.05691142380237583 0.2630974352359772
v -0.017384400591254245 -0.06532711535692219 0.25933676958084106
v -0.011614818125963218 -0.057524707168340725 0.26473864912986755
v -0.017384400591254245 -0.05691142380237583 0.2630974352359772
v -0.011614818125963218 -0.057524707168340725 0.26473864912986755
v -0.011614818125963218 -0.04874468967318538 0.266781747341156
v -0.028731683269143125 -0.07631391286849981 0.24195027351379395
v -0.02312232926487924 -0.07815720140933996 0.244906485080719
v -0.02312232926487924 -0.07178240269422535 0.2516244053840637
v -0.02312232926487924 -0.07178240269422535 0.2516244053840637
v -0.02312232926487924 -0.07815720140933996 0.244906485080719
v -0.017384400591254245 -0.07302996516227728 0.25394341349601746
v -0.02312232926487924 -0.07178240269422535 0.2516244053840637
v -0.017384400591254245 -0.07302996516227728 0.25394341349601746
v -0.017384400591254245 -0.06532711535692219 0.25933676958084106
v -0.017384400591254245 -0.06532711535692219 0.25933676958084106
v -0.017384400591254245 -0.07302996516227728 0.25394341349601746
v -0.011614818125963218 -0.0660728216171265 0.2609783411026001
v -0.017384400591254245 -0.06532711535692219 0.25933676958084106
v -0.011614818125963218 -0.0660728216171265 0.2609783411026001
v -0.011614818125963218 -0.057524707168340725 0.26473864912986755
v -0.011614818125963218 -0.057524707168340725 0.26473864912986755
v -0.011614818125963218 -0.0660728216171265 0.2609783411026001
v -0.003546169260516765 -0.0666606798768044 0.2622727155685425
v 0.00299041345715523 -0.05353071913123134 0.2671412229537964
v -0.0015107626095414173 -0.05356621369719509 0.267245352268219
v 0.00299041345715523 -0.057963725179433864 0.265916109085083
v 0.00299041345715523 -0.057963725179433864 0.265916109085083
v -0.0015107626095414173 -0.05356621369719509 0.267245352268219
v -0.0015107626095414173 -0.05800326541066174 0.26602068543434143
v 0.00299041345715523 -0.057963725179433864 0.265916109085083
v -0.0015107626095414173 -0.05800326541066174 0.26602068543434143
v 0.00299041345715523 -0.06234380975365643 0.2642531394958496
v 0.00299041345715523 -0.06234380975365643 0.2642531394958496
v -0.0015107626095414173 -0.05800326541066174 0.26602068543434143
v -0.0015107626095414173 -0.062387418001890224 0.26435789465904236
v 0.00299041345715523 -0.06234380975365643 0.2642531394958496
v -0.0015107626095414173 -0.062387418001890224 0.26435789465904236
v 0.00299041345715523 -0.06660747528076176 0.2621561884880066
v -0.011614818125963218 -0.04874468967318538 0.266781747341156
v -0.011614818125963218 -0.057524707168340725 0.26473864912986755
v -0.003546169260516765 -0.05800794437527661 0.26603269577026367
v -0.003546169260516765 -0.05800794437527661 0.26603269577026367
v -0.011614818125963218 -0.057524707168340725 0.26473864912986755
v -0.003546169260516765 -0.0666606798768044 0.2622727155685425
v -0.003546169260516765 -0.05800794437527661 0.26603269577026367
v -0.003546169260516765 -0.0666606798768044 0.2622727155685425
v -0.0015107626095414173 -0.06665515899658207 0.2622607350349426
v -0.0015107626095414173 -0.06665515899658207 0.2622607350349426
v -0.003546169260516765 -0.0666606798768044 0.2622727155685425
v -0.0015107626095414173 -0.07074053585529332 0.25974175333976746
v -0.0015107626095414173 -0.06665515899658207 0.2622607350349426
v -0.0015107626095414173 -0.07074053585529332 0.25974175333976746
v 0.00299041345715523 -0.07068889588117604 0.2596376836299896
v -0.05144087597727779 -0.06140469387173657 0.21803560853004456
v -0.04789213836193088 -0.06500238180160527 0.22380667924880981
v -0.04789213836193088 -0.06014666706323628 0.229993999004364
v -0.04789213836193088 -0.06014666706323628 0.229993999004364
v -0.04789213836193088 -0.06500238180160527 0.22380667924880981
v -0.043776482343673734 -0.06310589611530308 0.2354951798915863
v -0.04789213836193088 -0.06014666706323628 0.229993999004364
v -0.043776482343673734 -0.06310589611530308 0.2354951798915863
v -0.043776482343673734 -0.05683578550815586 0.24064761400222778
v -0.043776482343673734 -0.05683578550815586 0.24064761400222778
v -0.043776482343673734 -0.06310589611530308 0.2354951798915863
v -0.0391553342342377 -0.059130147099494976 0.24569720029830933
v -0.043776482343673734 -0.05683578550815586 0.24064761400222778
v -0.0391553342342377 -0.059130147099494976 0.24569720029830933
v -0.0391553342342377 -0.051813151687383686 0.2494606375694275
v -0.0391553342342377 -0.051813151687383686 0.2494606375694275
v -0.0391553342342377 -0.059130147099494976 0.24569720029830933
v -0.034109439700841925 -0.05347478017210964 0.25390464067459106
v -0.0391553342342377 -0.051813151687383686 0.2494606375694275
v -0.034109439700841925 -0.05347478017210964 0.25390464067459106
v -0.034109439700841925 -0.04556778445839885 0.2560967206954956
v -0.034109439700841925 -0.04556778445839885 0.2560967206954956
v -0.034109439700841925 -0.05347478017210964 0.25390464067459106
v -0.028731683269143125 -0.04667466878890994 0.259819358587265
v -0.034109439700841925 -0.04556778445839885 0.2560967206954956
v -0.028731683269143125 -0.04667466878890994 0.259819358587265
v -0.028731683269143125 -0.038504183292388944 0.26048120856285095
v -0.028731683269143125 -0.038504183292388944 0.26048120856285095
v -0.028731683269143125 -0.04667466878890994 0.259819358587265
v -0.02312232926487924 -0.03916257992386821 0.26342862844467163
v -0.028731683269143125 -0.038504183292388944 0.26048120856285095
v -0.02312232926487924 -0.03916257992386821 0.26342862844467163
v -0.02312232926487924 -0.030313873663544676 0.2635832130908966
v -0.02312232926487924 -0.030313873663544676 0.2635832130908966
v -0.02312232926487924 -0.03916257992386821 0.26342862844467163
v -0.017384400591254245 -0.030628900974988958 0.26576894521713257
v -0.043776482343673734 -0.068347841501236 0.22917303442955017
v -0.0391553342342377 -0.07137917727231984 0.23403534293174744
v -0.0391553342342377 -0.06578722596168522 0.2404797375202179
v -0.0391553342342377 -0.06578722596168522 0.2404797375202179
v -0.0391553342342377 -0.07137917727231984 0.23403534293174744
v -0.034109439700841925 -0.06814745068550114 0.24486732482910156
v -0.0391553342342377 -0.06578722596168522 0.2404797375202179
v -0.034109439700841925 -0.06814745068550114 0.24486732482910156
v -0.034109439700841925 -0.06114969775080685 0.25014206767082214
v -0.034109439700841925 -0.06114969775080685 0.25014206767082214
v -0.034109439700841925 -0.06814745068550114 0.24486732482910156
v -0.028731683269143125 -0.06286489963531498 0.2539171874523163
v -0.034109439700841925 -0.06114969775080685 0.25014206767082214
v -0.028731683269143125 -0.06286489963531498 0.2539171874523163
v -0.028731683269143125 -0.05488592758774761 0.2576789855957031
v -0.028731683269143125 -0.05488592758774761 0.2576789855957031
v -0.028731683269143125 -0.06286489963531498 0.2539171874523163
v -0.02312232926487924 -0.05603346601128582 0.26074859499931335
v -0.028731683269143125 -0.05488592758774761 0.2576789855957031
v -0.02312232926487924 -0.05603346601128582 0.26074859499931335
v -0.02312232926487924 -0.047574818134307896 0.26284679770469666
v -0.02312232926487924 -0.047574818134307896 0.26284679770469666
v -0.02312232926487924 -0.05603346601128582 0.26074859499931335
v -0.017384400591254245 -0.04826354235410694 0.2651633024215698
v -0.02312232926487924 -0.047574818134307896 0.26284679770469666
v -0.017384400591254245 -0.04826354235410694 0.2651633024215698
v -0.017384400591254245 -0.03966631367802623 0.2656836211681366
v -0.017384400591254245 -0.03966631367802623 0.2656836211681366
v -0.017384400591254245 -0.04826354235410694 0.2651633024215698
v -0.011614818125963218 -0.04001820087432864 0.26725879311561584
v -0.017384400591254245 -0.03966631367802623 0.2656836211681366
v -0.011614818125963218 -0.04001820087432864 0.26725879311561584
v -0.011614818125963218 -0.03084900975227358 0.2672957479953766
v -0.026033025234937685 -0.012500000186264524 0.26255813241004944
v -0.02859198302030565 -0.012500000186264524 0.2609502375125885
v -0.028731683269143125 -0.02130905352532865 0.26097577810287476
v -0.028731683269143125 -0.02130905352532865 0.26097577810287476
v -0.02859198302030565 -0.012500000186264524 0.2609502375125885
v -0.034109439700841925 -0.021099746227264418 0.25757497549057007
v -0.028731683269143125 -0.02130905352532865 0.26097577810287476
v -0.034109439700841925 -0.021099746227264418 0.25757497549057007
v -0.034109439700841925 -0.02939593791961672 0.25721317529678345
v -0.034109439700841925 -0.02939593791961672 0.25721317529678345
v -0.034109439700841925 -0.021099746227264418 0.25757497549057007
v -0.0391553342342377 -0.028799884021282217 0.253076434135437
v -0.034109439700841925 -0.02939593791961672 0.25721317529678345
v -0.0391553342342377 -0.028799884021282217 0.253076434135437
v -0.0391553342342377 -0.036741208285093335 0.2525889575481415
v -0.0391553342342377 -0.036741208285093335 0.2525889575481415
v -0.0391553342342377 -0.028799884021282217 0.253076434135437
v -0.043776482343673734 -0.03565810248255732 0.24774020910263062
v -0.0391553342342377 -0.036741208285093335 0.2525889575481415
v -0.043776482343673734 -0.03565810248255732 0.24774020910263062
v -0.043776482343673734 -0.0427837707102299 0.2467339038848877
v -0.043776482343673734 -0.0427837707102299 0.2467339038848877
v -0.043776482343673734 -0.03565810248255732 0.24774020910263062
v -0.04789213836193088 -0.04114955291152003 0.2412380576133728
v -0.043776482343673734 -0.0427837707102299 0.2467339038848877
v -0.04789213836193088 -0.04114955291152003 0.2412380576133728
v -0.04789213836193088 -0.04784176871180538 0.23884010314941406
v -0.04789213836193088 -0.04784176871180538 0.23884010314941406
v -0.04789213836193088 -0.04114955291152003 0.2412380576133728
v -0.05144087597727779 -0.04560098052024844 0.23284795880317688
v -0.04789213836193088 -0.04784176871180538 0.23884010314941406
v -0.05144087597727779 -0.04560098052024844 0.23284795880317688
v -0.05144087597727779 -0.05158038064837459 0.22908133268356323
v -0.05144087597727779 -0.05158038064837459 0.22908133268356323
v -0.05144087597727779 -0.04560098052024844 0.23284795880317688
v -0.05437964573502544 -0.04871635138988498 0.22277820110321045
v -0.05144087597727779 -0.05158038064837459 0.22908133268356323
v -0.05437964573502544 -0.04871635138988498 0.22277820110321045
v -0.05437964573502544 -0.053617395460605656 0.21785596013069153
v -0.05437964573502544 -0.053617395460605656 0.21785596013069153
v -0.05437964573502544 -0.04871635138988498 0.22277820110321045
v -0.05668956786394123 -0.05016848072409633 0.21144431829452515
v -0.05437964573502544 -0.053617395460605656 0.21785596013069153
v -0.05668956786394123 -0.05016848072409633 0.21144431829452515
v -0.05668956786394123 -0.053722105920314824 0.2057115137577057
v -0.05668956786394123 -0.053722105920314824 0.2057115137577057
v -0.05668956786394123 -0.05016848072409633 0.21144431829452515
v -0.05837079882621769 -0.049776036292314564 0.19938123226165771
v -0.017277969047427188 -0.012500000186264524 0.2656216621398926
v -0.023032274097204222 -0.012500000186264524 0.2636081278324127
v -0.02312232926487924 -0.021479314193129553 0.2637413442134857
v -0.013351256027817735 -0.012500000186264524 0.2669956684112549
v -0.017277969047427188 -0.012500000186264524 0.2656216621398926
v -0.017384400591254245 -0.030628900974988958 0.26576894521713257
v -0.017384400591254245 -0.030628900974988958 0.26576894521713257
v -0.017277969047427188 -0.012500000186264524 0.2656216621398926
v -0.02312232926487924 -0.021479314193129553 0.2637413442134857
v -0.017384400591254245 -0.030628900974988958 0.26576894521713257
v -0.02312232926487924 -0.021479314193129553 0.2637413442134857
v -0.02312232926487924 -0.030313873663544676 0.2635832130908966
v -0.02312232926487924 -0.030313873663544676 0.2635832130908966
v -0.02312232926487924 -0.021479314193129553 0.2637413442134857
v -0.028731683269143125 -0.029902171343565008 0.26072633266448975
v -0.02312232926487924 -0.030313873663544676 0.2635832130908966
v -0.028731683269143125 -0.029902171343565008 0.26072633266448975
v -0.028731683269143125 -0.038504183292388944 0.26048120856285095
v -0.028731683269143125 -0.038504183292388944 0.26048120856285095
v -0.028731683269143125 -0.029902171343565008 0.26072633266448975
v -0.034109439700841925 -0.037694547325372724 0.256856769323349
v -0.028731683269143125 -0.038504183292388944 0.26048120856285095
v -0.034109439700841925 -0.037694547325372724 0.256856769323349
v -0.034109439700841925 -0.04556778445839885 0.2560967206954956
v -0.034109439700841925 -0.04556778445839885 0.2560967206954956
v -0.034109439700841925 -0.037694547325372724 0.256856769323349
v -0.0391553342342377 -0.04426446557044986 0.2517135441303253
v -0.034109439700841925 -0.04556778445839885 0.2560967206954956
v -0.0391553342342377 -0.04426446557044986 0.2517135441303253
v -0.0391553342342377 -0.051813151687383686 0.2494606375694275
v -0.0391553342342377 -0.051813151687383686 0.2494606375694275
v -0.0391553342342377 -0.04426446557044986 0.2517135441303253
v -0.043776482343673734 -0.04992534220218662 0.24441200494766235
v -0.0391553342342377 -0.051813151687383686 0.2494606375694275
v -0.043776482343673734 -0.04992534220218662 0.24441200494766235
v -0.043776482343673734 -0.05683578550815586 0.24064761400222778
v -0.043776482343673734 -0.05683578550815586 0.24064761400222778
v -0.043776482343673734 -0.04992534220218662 0.24441200494766235
v -0.04789213836193088 -0.054303582757711445 0.23507460951805115
v -0.043776482343673734 -0.05683578550815586 0.24064761400222778
v -0.04789213836193088 -0.054303582757711445 0.23507460951805115
v -0.04789213836193088 -0.06014666706323628 0.229993999004364
v -0.04789213836193088 -0.06014666706323628 0.229993999004364
v -0.04789213836193088 -0.054303582757711445 0.23507460951805115
v -0.05144087597727779 -0.0569642968475819 0.22407791018486023
v -0.04789213836193088 -0.06014666706323628 0.229993999004364
v -0.05144087597727779 -0.0569642968475819 0.22407791018486023
v -0.05144087597727779 -0.06140469387173657 0.21803560853004456
v -0.05144087597727779 -0.06140469387173657 0.21803560853004456
v -0.05144087597727779 -0.0569642968475819 0.22407791018486023
v -0.05437964573502544 -0.05762104690074925 0.21196609735488892
v -0.026033025234937685 -0.012500000186264524 0.26255813241004944
v -0.02312232926487924 -0.021479314193129553 0.2637413442134857
v -0.026033025234937685 -0.012500000186264524 0.26255813241004944
v -0.028731683269143125 -0.02130905352532865 0.26097577810287476
v -0.02312232926487924 -0.021479314193129553 0.2637413442134857
v -0.028731683269143125 -0.02130905352532865 0.26097577810287476
v -0.028731683269143125 -0.029902171343565008 0.26072633266448975
v -0.028731683269143125 -0.029902171343565008 0.26072633266448975
v -0.028731683269143125 -0.02130905352532865 0.26097577810287476
v -0.034109439700841925 -0.02939593791961672 0.25721317529678345
v -0.028731683269143125 -0.029902171343565008 0.26072633266448975
v -0.034109439700841925 -0.02939593791961672 0.25721317529678345
v -0.034109439700841925 -0.037694547325372724 0.256856769323349
v -0.034109439700841925 -0.037694547325372724 0.256856769323349
v -0.034109439700841925 -0.02939593791961672 0.25721317529678345
v -0.0391553342342377 -0.036741208285093335 0.2525889575481415
v -0.034109439700841925 -0.037694547325372724 0.256856769323349
v -0.0391553342342377 -0.036741208285093335 0.2525889575481415
v -0.0391553342342377 -0.04426446557044986 0.2517135441303253
v -0.0391553342342377 -0.04426446557044986 0.2517135441303253
v -0.0391553342342377 -0.036741208285093335 0.2525889575481415
v -0.043776482343673734 -0.0427837707102299 0.2467339038848877
v -0.0391553342342377 -0.04426446557044986 0.2517135441303253
v -0.043776482343673734 -0.0427837707102299 0.2467339038848877
v -0.043776482343673734 -0.04992534220218662 0.24441200494766235
v -0.043776482343673734 -0.04992534220218662 0.24441200494766235
v -0.043776482343673734 -0.0427837707102299 0.2467339038848877
v -0.04789213836193088 -0.04784176871180538 0.23884010314941406
v -0.043776482343673734 -0.04992534220218662 0.24441200494766235
v -0.04789213836193088 -0.04784176871180538 0.23884010314941406
v -0.04789213836193088 -0.054303582757711445 0.23507460951805115
v -0.04789213836193088 -0.054303582757711445 0.23507460951805115
v -0.04789213836193088 -0.04784176871180538 0.23884010314941406
v -0.05144087597727779 -0.05158038064837459 0.22908133268356323
v -0.04789213836193088 -0.054303582757711445 0.23507460951805115
v -0.05144087597727779 -0.05158038064837459 0.22908133268356323
v -0.05144087597727779 -0.0569642968475819 0.22407791018486023
v -0.05144087597727779 -0.0569642968475819 0.22407791018486023
v -0.05144087597727779 -0.05158038064837459 0.22908133268356323
v -0.05437964573502544 -0.053617395460605656 0.21785596013069153
v -0.05144087597727779 -0.0569642968475819 0.22407791018486023
v -0.05437964573502544 -0.053617395460605656 0.21785596013069153
v -0.05437964573502544 -0.05762104690074925 0.21196609735488892
v -0.05437964573502544 -0.05762104690074925 0.21196609735488892
v -0.05437964573502544 -0.053617395460605656 0.21785596013069153
v -0.05668956786394123 -0.053722105920314824 0.2057115137577057
v -0.003546169260516765 -0.04912390932440761 0.26805758476257324
v -0.0015107626095414173 -0.0491202995181084 0.2680456042289734
v -0.0015107626095414173 -0.04029281064867976 0.26848796010017395
v -0.0015107626095414173 -0.04029281064867976 0.26848796010017395
v -0.0015107626095414173 -0.0491202995181084 0.2680456042289734
v 0.00299041345715523 -0.04027014598250392 0.2683863937854767
v -0.0015107626095414173 -0.04029281064867976 0.26848796010017395
v 0.00299041345715523 -0.04027014598250392 0.2683863937854767
v 0.00299041345715523 -0.03100687824189665 0.26838868856430054
v -1.0203847746367327e-17 -0.012500000186264524 0.2685000002384186
v -0.0035018171183764956 -0.012500000186264524 0.2681054472923279
v -0.003546169260516765 -0.03102254681289198 0.26849880814552307
v -0.003546169260516765 -0.03102254681289198 0.26849880814552307
v -0.0035018171183764956 -0.012500000186264524 0.2681054472923279
v -0.011614818125963218 -0.03084900975227358 0.2672957479953766
v -0.003546169260516765 -0.03102254681289198 0.26849880814552307
v -0.011614818125963218 -0.03084900975227358 0.2672957479953766
v -0.003546169260516765 -0.04029548168182376 0.2684999704360962
v -0.003546169260516765 -0.04029548168182376 0.2684999704360962
v -0.011614818125963218 -0.03084900975227358 0.2672957479953766
v -0.011614818125963218 -0.04001820087432864 0.26725879311561584
v -0.013351256027817735 -0.012500000186264524 0.2669956684112549
v -0.011614818125963218 -0.03084900975227358 0.2672957479953766
v -0.013351256027817735 -0.012500000186264524 0.2669956684112549
v -0.017384400591254245 -0.030628900974988958 0.26576894521713257
v -0.011614818125963218 -0.03084900975227358 0.2672957479953766
v -0.017384400591254245 -0.030628900974988958 0.26576894521713257
v -0.017384400591254245 -0.03966631367802623 0.2656836211681366
v -0.017384400591254245 -0.03966631367802623 0.2656836211681366
v -0.017384400591254245 -0.030628900974988958 0.26576894521713257
v -0.02312232926487924 -0.03916257992386821 0.26342862844467163
v -0.017384400591254245 -0.03966631367802623 0.2656836211681366
v -0.02312232926487924 -0.03916257992386821 0.26342862844467163
v -0.02312232926487924 -0.047574818134307896 0.26284679770469666
v -0.02312232926487924 -0.047574818134307896 0.26284679770469666
v -0.02312232926487924 -0.03916257992386821 0.26342862844467163
v -0.028731683269143125 -0.04667466878890994 0.259819358587265
v -0.02312232926487924 -0.047574818134307896 0.26284679770469666
v -0.028731683269143125 -0.04667466878890994 0.259819358587265
v -0.028731683269143125 -0.05488592758774761 0.2576789855957031
v -0.028731683269143125 -0.05488592758774761 0.2576789855957031
v -0.028731683269143125 -0.04667466878890994 0.259819358587265
v -0.034109439700841925 -0.05347478017210964 0.25390464067459106
v -0.028731683269143125 -0.05488592758774761 0.2576789855957031
v -0.034109439700841925 -0.05347478017210964 0.25390464067459106
v -0.034109439700841925 -0.06114969775080685 0.25014206767082214
v -0.034109439700841925 -0.06114969775080685 0.25014206767082214
v -0.034109439700841925 -0.05347478017210964 0.25390464067459106
v -0.0391553342342377 -0.059130147099494976 0.24569720029830933
v -0.034109439700841925 -0.06114969775080685 0.25014206767082214
v -0.0391553342342377 -0.059130147099494976 0.24569720029830933
v -0.0391553342342377 -0.06578722596168522 0.2404797375202179
v -0.0391553342342377 -0.06578722596168522 0.2404797375202179
v -0.0391553342342377 -0.059130147099494976 0.24569720029830933
v -0.043776482343673734 -0.06310589611530308 0.2354951798915863
v -0.0391553342342377 -0.06578722596168522 0.2404797375202179
v -0.043776482343673734 -0.06310589611530308 0.2354951798915863
v -0.043776482343673734 -0.068347841501236 0.22917303442955017
v -0.043776482343673734 -0.068347841501236 0.22917303442955017
v -0.043776482343673734 -0.06310589611530308 0.2354951798915863
v -0.04789213836193088 -0.06500238180160527 0.22380667924880981
v -0.03740938752889636 -0.012500000186264524 0.2554098963737488
v -0.034109439700841925 -0.021099746227264418 0.25757497549057007
v -0.03740938752889636 -0.012500000186264524 0.2554098963737488
v -0.0391553342342377 -0.020853342488408103 0.2535706162452698
v -0.034109439700841925 -0.021099746227264418 0.25757497549057007
v -0.0391553342342377 -0.020853342488408103 0.2535706162452698
v -0.0391553342342377 -0.028799884021282217 0.253076434135437
v -0.0391553342342377 -0.028799884021282217 0.253076434135437
v -0.0391553342342377 -0.020853342488408103 0.2535706162452698
v -0.043776482343673734 -0.028122728690505045 0.24837657809257507
v -0.0391553342342377 -0.028799884021282217 0.253076434135437
v -0.043776482343673734 -0.028122728690505045 0.24837657809257507
v -0.043776482343673734 -0.03565810248255732 0.24774020910263062
v -0.043776482343673734 -0.03565810248255732 0.24774020910263062
v -0.043776482343673734 -0.028122728690505045 0.24837657809257507
v -0.04789213836193088 -0.03446268662810328 0.24238863587379456
v -0.043776482343673734 -0.03565810248255732 0.24774020910263062
v -0.04789213836193088 -0.03446268662810328 0.24238863587379456
v -0.04789213836193088 -0.04114955291152003 0.2412380576133728
v -0.04789213836193088 -0.04114955291152003 0.2412380576133728
v -0.04789213836193088 -0.03446268662810328 0.24238863587379456
v -0.05144087597727779 -0.03939205408096316 0.23532766103744507
v -0.04789213836193088 -0.04114955291152003 0.2412380576133728
v -0.05144087597727779 -0.03939205408096316 0.23532766103744507
v -0.05144087597727779 -0.04560098052024844 0.23284795880317688
v -0.05144087597727779 -0.04560098052024844 0.23284795880317688
v -0.05144087597727779 -0.03939205408096316 0.23532766103744507
v -0.05437964573502544 -0.04324425756931308 0.2265460193157196
v -0.05144087597727779 -0.04560098052024844 0.23284795880317688
v -0.05437964573502544 -0.04324425756931308 0.2265460193157196
v -0.05437964573502544 -0.04871635138988498 0.22277820110321045
v -0.05437964573502544 -0.04871635138988498 0.22277820110321045
v -0.05437964573502544 -0.04324425756931308 0.2265460193157196
v -0.05668956786394123 -0.04576498270034793 0.2162829041481018
v -0.05437964573502544 -0.04871635138988498 0.22277820110321045
v -0.05668956786394123 -0.04576498270034793 0.2162829041481018
v -0.05668956786394123 -0.05016848072409633 0.21144431829452515
v -0.05668956786394123 -0.05016848072409633 0.21144431829452515
v -0.05668956786394123 -0.04576498270034793 0.2162829041481018
v -0.05837079882621769 -0.046677850186824826 0.2049550712108612
v -0.05668956786394123 -0.05016848072409633 0.21144431829452515
v -0.05837079882621769 -0.046677850186824826 0.2049550712108612
v -0.05837079882621769 -0.049776036292314564 0.19938123226165771
v -0.05837079882621769 -0.049776036292314564 0.19938123226165771
v -0.05837079882621769 -0.046677850186824826 0.2049550712108612
v -0.059444963932037395 -0.04584771767258647 0.19307932257652283
v -0.0015107626095414173 -0.08132399618625646 0.2499833106994629
v -0.0015107626095414173 -0.08413890004158026 0.24615320563316345
v 0.00299041345715523 -0.08407323807477957 0.24605372548103333
v 0.00299041345715523 -0.08407323807477957 0.24605372548103333
v -0.0015107626095414173 -0.08413890004158026 0.24615320563316345
v 0.00299041345715523 -0.0864784866571427 0.24203452467918396
v 0.00299041345715523 -0.08407323807477957 0.24605372548103333
v 0.00299041345715523 -0.0864784866571427 0.24203452467918396
v 0.0073463190346956305 -0.08626189082860952 0.24172812700271606
v -0.059444963932037395 -0.04584771767258647 0.19307932257652283
v -0.05837079882621769 -0.046677850186824826 0.2049550712108612
v -0.059444963932037395 -0.043202895671129254 0.19849494099617004
v -0.059444963932037395 -0.043202895671129254 0.19849494099617004
v -0.05837079882621769 -0.046677850186824826 0.2049550712108612
v -0.05837079882621769 -0.04277788102626803 0.2097090184688568
v -0.059444963932037395 -0.043202895671129254 0.19849494099617004
v -0.05837079882621769 -0.04277788102626803 0.2097090184688568
v -0.059444963932037395 -0.03980416059494021 0.20316463708877563
v -0.059444963932037395 -0.03980416059494021 0.20316463708877563
v -0.05837079882621769 -0.04277788102626803 0.2097090184688568
v -0.05837079882621769 -0.038357529789209394 0.21347928047180176
v -0.059444963932037395 -0.03980416059494021 0.20316463708877563
v -0.05837079882621769 -0.038357529789209394 0.21347928047180176
v -0.059444963932037395 -0.03591041639447214 0.20693612098693848
v -0.059444963932037395 -0.03591041639447214 0.20693612098693848
v -0.05837079882621769 -0.038357529789209394 0.21347928047180176
v -0.05837079882621769 -0.03371098637580874 0.2162228226661682
v -0.059444963932037395 -0.03591041639447214 0.20693612098693848
v -0.05837079882621769 -0.03371098637580874 0.2162228226661682
v -0.059444963932037395 -0.03179174289107325 0.20976868271827698
v -0.059444963932037395 -0.03179174289107325 0.20976868271827698
v -0.05837079882621769 -0.03371098637580874 0.2162228226661682
v -0.05837079882621769 -0.029021304100751898 0.21802884340286255
v -0.059444963932037395 -0.03179174289107325 0.20976868271827698
v -0.05837079882621769 -0.029021304100751898 0.21802884340286255
v -0.059444963932037395 -0.027617329731583613 0.21174356341362
v -0.059444963932037395 -0.027617329731583613 0.21174356341362
v -0.05837079882621769 -0.029021304100751898 0.21802884340286255
v -0.05837079882621769 -0.023973768576979654 0.2195776402950287
v -0.059444963932037395 -0.027617329731583613 0.21174356341362
v -0.05837079882621769 -0.023973768576979654 0.2195776402950287
v -0.059444963932037395 -0.023096134886145606 0.21348536014556885
v -0.059444963932037395 -0.023096134886145606 0.21348536014556885
v -0.05837079882621769 -0.023973768576979654 0.2195776402950287
v -0.05837079882621769 -0.018858937546610846 0.22114461660385132
v -0.059444963932037395 -0.023096134886145606 0.21348536014556885
v -0.05837079882621769 -0.018858937546610846 0.22114461660385132
v -0.059444963932037395 -0.01849632896482946 0.21524754166603088
v -0.059444963932037395 -0.01849632896482946 0.21524754166603088
v -0.05837079882621769 -0.018858937546610846 0.22114461660385132
v -0.059444963932037395 -0.01590200886130334 0.21613770723342896
v -0.059444963932037395 -0.01849632896482946 0.21524754166603088
v -0.059444963932037395 -0.01590200886130334 0.21613770723342896
v -0.05992415919899945 -0.015638038516044627 0.20486459136009216
v -0.05992415919899945 -0.015638038516044627 0.20486459136009216
v -0.059444963932037395 -0.01590200886130334 0.21613770723342896
v -0.05908707156777386 -0.012500000186264524 0.21660244464874268
v -0.05992415919899945 -0.015638038516044627 0.20486459136009216
v -0.05908707156777386 -0.012500000186264524 0.21660244464874268
v -0.059999998658895534 -0.012500000186264524 0.2084999978542328
v 0.011821994557976731 -0.09173990786075598 0.18736836314201355
v 0.011821994557976731 -0.09024875611066824 0.1782306730747223
v 0.017091557383537303 -0.09041544795036321 0.18634802103042603
v 0.017091557383537303 -0.09041544795036321 0.18634802103042603
v 0.011821994557976731 -0.09024875611066824 0.1782306730747223
v 0.017091557383537303 -0.0888997688889504 0.17728972434997559
v 0.017091557383537303 -0.09041544795036321 0.18634802103042603
v 0.017091557383537303 -0.0888997688889504 0.17728972434997559
v 0.02277721837162973 -0.08845027536153799 0.18483421206474304
v 0.02277721837162973 -0.08845027536153799 0.18483421206474304
v 0.017091557383537303 -0.0888997688889504 0.17728972434997559
v 0.02277721837162973 -0.08689811825752264 0.175893634557724
v 0.02277721837162973 -0.08845027536153799 0.18483421206474304
v 0.02277721837162973 -0.08689811825752264 0.175893634557724
v 0.028397269546985644 -0.08586379885673529 0.18284186720848083
v 0.028397269546985644 -0.08586379885673529 0.18284186720848083
v 0.02277721837162973 -0.08689811825752264 0.175893634557724
v 0.028397269546985644 -0.08426354825496679 0.17405617237091064
v 0.028397269546985644 -0.08586379885673529 0.18284186720848083
v 0.028397269546985644 -0.08426354825496679 0.17405617237091064
v 0.033792003989219686 -0.08267350494861608 0.18038445711135864
v 0.033792003989219686 -0.08267350494861608 0.18038445711135864
v 0.028397269546985644 -0.08426354825496679 0.17405617237091064
v 0.033792003989219686 -0.0810138732194901 0.17178982496261597
v 0.033792003989219686 -0.08267350494861608 0.18038445711135864
v 0.033792003989219686 -0.0810138732194901 0.17178982496261597
v 0.03886068984866145 -0.07890774309635168 0.17748382687568665
v 0.03886068984866145 -0.07890774309635168 0.17748382687568665
v 0.033792003989219686 -0.0810138732194901 0.17178982496261597
v 0.03886068984866145 -0.07717794924974447 0.16911467909812927
v 0.03886068984866145 -0.07890774309635168 0.17748382687568665
v 0.03886068984866145 -0.07717794924974447 0.16911467909812927
v 0.0435101427137852 -0.07462120801210409 0.17418211698532104
v 0.0435101427137852 -0.07462120801210409 0.17418211698532104
v 0.03886068984866145 -0.07717794924974447 0.16911467909812927
v 0.0435101427137852 -0.07281151413917546 0.1660696268081665
v 0.0435101427137852 -0.07462120801210409 0.17418211698532104
v 0.0435101427137852 -0.07281151413917546 0.1660696268081665
v 0.04765824973583225 -0.0679840445518494 0.16270312666893005
v 0.011821994557976731 -0.0927522704005242 0.20583143830299377
v 0.011821994557976731 -0.0925771519541741 0.19659188389778137
v 0.017091557383537303 -0.09150011837482458 0.20465540885925293
v 0.017091557383537303 -0.09150011837482458 0.20465540885925293
v 0.011821994557976731 -0.0925771519541741 0.19659188389778137
v 0.017091557383537303 -0.09128558635711675 0.19549262523651123
v 0.017091557383537303 -0.09150011837482458 0.20465540885925293
v 0.017091557383537303 -0.09128558635711675 0.19549262523651123
v 0.02277721837162973 -0.08964201062917715 0.20291051268577576
v 0.02277721837162973 -0.08964201062917715 0.20291051268577576
v 0.017091557383537303 -0.09128558635711675 0.19549262523651123
v 0.02277721837162973 -0.08936911076307302 0.19386166334152222
v 0.02277721837162973 -0.08964201062917715 0.20291051268577576
v 0.02277721837162973 -0.08936911076307302 0.19386166334152222
v 0.028397269546985644 -0.08719623833894735 0.20061400532722473
v 0.028397269546985644 -0.08719623833894735 0.20061400532722473
v 0.02277721837162973 -0.08936911076307302 0.19386166334152222
v 0.028397269546985644 -0.0868466347455979 0.19171515107154846
v 0.028397269546985644 -0.08719623833894735 0.20061400532722473
v 0.028397269546985644 -0.0868466347455979 0.19171515107154846
v 0.033792003989219686 -0.08417932689189916 0.19778135418891907
v 0.033792003989219686 -0.08417932689189916 0.19778135418891907
v 0.028397269546985644 -0.0868466347455979 0.19171515107154846
v 0.033792003989219686 -0.08373520523309713 0.18906757235527039
v 0.033792003989219686 -0.08417932689189916 0.19778135418891907
v 0.033792003989219686 -0.08373520523309713 0.18906757235527039
v 0.03886068984866145 -0.08061807602643972 0.19443780183792114
v 0.03886068984866145 -0.08061807602643972 0.19443780183792114
v 0.033792003989219686 -0.08373520523309713 0.18906757235527039
v 0.03886068984866145 -0.08006246387958532 0.18594247102737427
v 0.03886068984866145 -0.08061807602643972 0.19443780183792114
v 0.03886068984866145 -0.08006246387958532 0.18594247102737427
v 0.0435101427137852 -0.07656422257423406 0.19063186645507812
v 0.0435101427137852 -0.07656422257423406 0.19063186645507812
v 0.03886068984866145 -0.08006246387958532 0.18594247102737427
v 0.0435101427137852 -0.07588175684213644 0.18238523602485657
v 0.0435101427137852 -0.07656422257423406 0.19063186645507812
v 0.0435101427137852 -0.07588175684213644 0.18238523602485657
v 0.04765824973583225 -0.07125963270664219 0.1784524917602539
v -0.0336328372359276 0.017514748498797427 0.10308724641799927
v -0.0336328372359276 0.010603888891637332 0.10881122946739197
v -0.028229752555489557 0.020746061578392996 0.1008336991071701
v -0.028229752555489557 0.020746061578392996 0.1008336991071701
v -0.0336328372359276 0.010603888891637332 0.10881122946739197
v -0.028229752555489557 0.013697733171284207 0.10617862641811371
v -0.028229752555489557 0.020746061578392996 0.1008336991071701
v -0.028229752555489557 0.013697733171284207 0.10617862641811371
v -0.022604495286941542 0.023361718282103552 0.0990094542503357
v -0.022604495286941542 0.023361718282103552 0.0990094542503357
v -0.028229752555489557 0.013697733171284207 0.10617862641811371
v -0.022604495286941542 0.01620209962129594 0.1040475070476532
v -0.022604495286941542 0.023361718282103552 0.0990094542503357
v -0.022604495286941542 0.01620209962129594 0.1040475070476532
v -0.016859784722328196 0.025349235162138956 0.09762321412563324
v -0.016859784722328196 0.025349235162138956 0.09762321412563324
v -0.022604495286941542 0.01620209962129594 0.1040475070476532
v -0.016859784722328196 0.01810504123568536 0.10242804884910583
v -0.016859784722328196 0.025349235162138956 0.09762321412563324
v -0.016859784722328196 0.01810504123568536 0.10242804884910583
v -0.011092000640928752 0.026722280308604258 0.09666544198989868
v -0.011092000640928752 0.026722280308604258 0.09666544198989868
v -0.016859784722328196 0.01810504123568536 0.10242804884910583
v -0.011092000640928752 0.019419640302658095 0.1013091504573822
v -0.011092000640928752 0.026722280308604258 0.09666544198989868
v -0.011092000640928752 0.019419640302658095 0.1013091504573822
v -0.005397376604378227 0.027507103979587572 0.09611786901950836
v -0.005397376604378227 0.027507103979587572 0.09611786901950836
v -0.011092000640928752 0.019419640302658095 0.1013091504573822
v -0.005397376604378227 0.02017103508114816 0.10066942870616913
v -0.005397376604378227 0.027507103979587572 0.09611786901950836
v -0.005397376604378227 0.02017103508114816 0.10066942870616913
v 0.00016779782890807848 0.027747575193643587 0.09594988822937012
v 0.00016779782890807848 0.027747575193643587 0.09594988822937012
v -0.005397376604378227 0.02017103508114816 0.10066942870616913
v 0.00016779782890807848 0.02040122635662557 0.10047313570976257
v 0.00016779782890807848 0.027747575193643587 0.09594988822937012
v 0.00016779782890807848 0.02040122635662557 0.10047313570976257
v 0.005738519132137302 0.027474623173475283 0.09613993763923645
v 0.005738519132137302 0.027474623173475283 0.09613993763923645
v 0.00016779782890807848 0.02040122635662557 0.10047313570976257
v 0.005738519132137302 0.020139830186963095 0.10069507360458374
v 0.005738519132137302 0.027474623173475283 0.09613993763923645
v 0.005738519132137302 0.020139830186963095 0.10069507360458374
v 0.011440484784543521 0.026654351502656954 0.09671162068843842
v 0.011440484784543521 0.026654351502656954 0.09671162068843842
v 0.005738519132137302 0.020139830186963095 0.10069507360458374
v 0.011440484784543521 0.019354388117790236 0.10136285424232483
v 0.011440484784543521 0.026654351502656954 0.09671162068843842
v 0.011440484784543521 0.019354388117790236 0.10136285424232483
v 0.017209554091095935 0.025243790820240992 0.09769493341445923
v 0.017209554091095935 0.025243790820240992 0.09769493341445923
v 0.011440484784543521 0.019354388117790236 0.10136285424232483
v 0.017209554091095935 0.018003761768341075 0.102511465549469
v 0.017209554091095935 0.025243790820240992 0.09769493341445923
v 0.017209554091095935 0.018003761768341075 0.102511465549469
v 0.02294983156025411 0.023217432200908675 0.09910765290260315
v 0.02294983156025411 0.023217432200908675 0.09910765290260315
v 0.017209554091095935 0.018003761768341075 0.102511465549469
v 0.02294983156025411 0.016063526272773753 0.10416172444820404
v 0.02294983156025411 0.023217432200908675 0.09910765290260315
v 0.02294983156025411 0.016063526272773753 0.10416172444820404
v 0.028564581647515314 0.020563082769513144 0.10095828771591187
v 0.028564581647515314 0.020563082769513144 0.10095828771591187
v 0.02294983156025411 0.016063526272773753 0.10416172444820404
v 0.028564581647515314 0.01352200750261546 0.10632354021072388
v 0.028564581647515314 0.020563082769513144 0.10095828771591187
v 0.028564581647515314 0.01352200750261546 0.10632354021072388
v 0.03395087271928789 0.01729421317577363 0.10323746502399445
v 0.03395087271928789 0.01729421317577363 0.10323746502399445
v 0.028564581647515314 0.01352200750261546 0.10632354021072388
v 0.03395087271928789 0.010392102412879474 0.10898596048355103
v 0.03395087271928789 0.01729421317577363 0.10323746502399445
v 0.03395087271928789 0.010392102412879474 0.10898596048355103
v 0.039008203893899945 0.01344054378569127 0.10592444241046906
v 0.039008203893899945 0.01344054378569127 0.10592444241046906
v 0.03395087271928789 0.010392102412879474 0.10898596048355103
v 0.039008203893899945 0.006702271755784754 0.11212478578090668
v 0.039008203893899945 0.01344054378569127 0.10592444241046906
v 0.039008203893899945 0.006702271755784754 0.11212478578090668
v 0.04364354535937312 0.009058258496224885 0.10898005962371826
v 0.04364354535937312 0.009058258496224885 0.10898005962371826
v 0.039008203893899945 0.006702271755784754 0.11212478578090668
v 0.04364354535937312 0.0025063098873943108 0.11569425463676453
v 0.04364354535937312 0.009058258496224885 0.10898005962371826
v 0.04364354535937312 0.0025063098873943108 0.11569425463676453
v 0.04777545109391216 0.0042175296694040324 0.11235538125038147
v 0.04777545109391216 0.0042175296694040324 0.11235538125038147
v 0.04364354535937312 0.0025063098873943108 0.11569425463676453
v 0.04777545109391216 -0.0021285940892994417 0.11963720619678497
v 0.04777545109391216 0.0042175296694040324 0.11235538125038147
v 0.04777545109391216 -0.0021285940892994417 0.11963720619678497
v 0.05134218186140064 -0.0009921193122863776 0.11598800122737885
v 0.05134218186140064 -0.0009921193122863776 0.11598800122737885
v 0.04777545109391216 -0.0021285940892994417 0.11963720619678497
v 0.05134218186140064 -0.0071167242713272615 0.12388071417808533
v 0.05134218186140064 -0.0009921193122863776 0.11598800122737885
v 0.05134218186140064 -0.0071167242713272615 0.12388071417808533
v 0.05429974943399433 -0.0064748004078865095 0.1198110431432724
v 0.05429974943399433 -0.0064748004078865095 0.1198110431432724
v 0.05134218186140064 -0.0071167242713272615 0.12388071417808533
v 0.05429974943399433 -0.012366269715130338 0.12834668159484863
v 0.05429974943399433 -0.0064748004078865095 0.1198110431432724
v 0.05429974943399433 -0.012366269715130338 0.12834668159484863
v 0.056628901511430775 -0.01212803181260825 0.12375302612781525
v 0.056628901511430775 -0.01212803181260825 0.12375302612781525
v 0.05429974943399433 -0.012366269715130338 0.12834668159484863
v 0.056628901511430775 -0.01777910627424718 0.13295161724090576
v 0.056628901511430775 -0.01212803181260825 0.12375302612781525
v 0.056628901511430775 -0.01777910627424718 0.13295161724090576
v 0.058328893035650295 -0.017852682620286952 0.1277448683977127
v 0.058328893035650295 -0.017852682620286952 0.1277448683977127
v 0.056628901511430775 -0.01777910627424718 0.13295161724090576
v 0.058328893035650295 -0.023260319605469718 0.13761478662490845
v 0.058328893035650295 -0.017852682620286952 0.1277448683977127
v 0.058328893035650295 -0.023260319605469718 0.13761478662490845
v 0.05994019284844403 -0.029139814898371717 0.1356155425310135
v 0.05994019284844403 -0.029139814898371717 0.1356155425310135
v 0.058328893035650295 -0.023260319605469718 0.13761478662490845
v 0.05994019284844403 -0.03406745567917826 0.1468091458082199
v 0.05994019284844403 -0.029139814898371717 0.1356155425310135
v 0.05994019284844403 -0.03406745567917826 0.1468091458082199
v 0.05939660966396336 -0.04023269936442378 0.14335088431835175
v 0.05939660966396336 -0.04023269936442378 0.14335088431835175
v 0.05994019284844403 -0.03406745567917826 0.1468091458082199
v 0.05939660966396336 -0.04468858614563945 0.15584543347358704
v 0.05939660966396336 -0.04023269936442378 0.14335088431835175
v 0.05939660966396336 -0.04468858614563945 0.15584543347358704
v 0.05828642845153813 -0.04593654721975329 0.14732834696769714
v 0.05828642845153813 -0.04593654721975329 0.14732834696769714
v 0.05939660966396336 -0.04468858614563945 0.15584543347358704
v 0.05828642845153813 -0.050149850547313725 0.16049185395240784
v 0.05828642845153813 -0.04593654721975329 0.14732834696769714
v 0.05828642845153813 -0.050149850547313725 0.16049185395240784
v 0.05656765401363376 -0.05166015028953556 0.15131962299346924
v 0.05656765401363376 -0.05166015028953556 0.15131962299346924
v 0.05828642845153813 -0.050149850547313725 0.16049185395240784
v 0.05656765401363376 -0.05563002824783329 0.16515442728996277
v 0.05656765401363376 -0.05166015028953556 0.15131962299346924
v 0.05656765401363376 -0.05563002824783329 0.16515442728996277
v 0.054219275712966954 -0.057309340685606044 0.15525907278060913
v 0.054219275712966954 -0.057309340685606044 0.15525907278060913
v 0.05656765401363376 -0.05563002824783329 0.16515442728996277
v 0.054219275712966954 -0.06103895604610447 0.16975641250610352
v 0.054219275712966954 -0.057309340685606044 0.15525907278060913
v 0.054219275712966954 -0.06103895604610447 0.16975641250610352
v 0.05124292895197872 -0.06278477609157566 0.15907737612724304
v 0.05124292895197872 -0.06278477609157566 0.15907737612724304
v 0.054219275712966954 -0.06103895604610447 0.16975641250610352
v 0.05124292895197872 -0.06628151237964634 0.17421689629554749
v 0.05124292895197872 -0.06278477609157566 0.15907737612724304
v 0.05124292895197872 -0.06628151237964634 0.17421689629554749
v 0.04765824973583225 -0.0679840445518494 0.16270312666893005
v 0.04765824973583225 -0.0679840445518494 0.16270312666893005
v 0.05124292895197872 -0.06628151237964634 0.17421689629554749
v 0.04765824973583225 -0.07125963270664219 0.1784524917602539
v 0.04765824973583225 -0.0679840445518494 0.16270312666893005
v 0.04765824973583225 -0.07125963270664219 0.1784524917602539
v 0.0435101427137852 -0.07462120801210409 0.17418211698532104
v 0.0435101427137852 -0.07462120801210409 0.17418211698532104
v 0.04765824973583225 -0.07125963270664219 0.1784524917602539
v 0.0435101427137852 -0.07588175684213644 0.18238523602485657
v 0.0435101427137852 -0.07462120801210409 0.17418211698532104
v 0.0435101427137852 -0.07588175684213644 0.18238523602485657
v 0.03886068984866145 -0.07890774309635168 0.17748382687568665
v 0.03886068984866145 -0.07890774309635168 0.17748382687568665
v 0.0435101427137852 -0.07588175684213644 0.18238523602485657
v 0.03886068984866145 -0.08006246387958532 0.18594247102737427
v 0.03886068984866145 -0.07890774309635168 0.17748382687568665
v 0.03886068984866145 -0.08006246387958532 0.18594247102737427
v 0.033792003989219686 -0.08267350494861608 0.18038445711135864
v 0.033792003989219686 -0.08267350494861608 0.18038445711135864
v 0.03886068984866145 -0.08006246387958532 0.18594247102737427
v 0.033792003989219686 -0.08373520523309713 0.18906757235527039
v 0.033792003989219686 -0.08267350494861608 0.18038445711135864
v 0.033792003989219686 -0.08373520523309713 0.18906757235527039
v 0.028397269546985644 -0.08586379885673529 0.18284186720848083
v 0.028397269546985644 -0.08586379885673529 0.18284186720848083
v 0.033792003989219686 -0.08373520523309713 0.18906757235527039
v 0.028397269546985644 -0.0868466347455979 0.19171515107154846
v 0.028397269546985644 -0.08586379885673529 0.18284186720848083
v 0.028397269546985644 -0.0868466347455979 0.19171515107154846
v 0.02277721837162973 -0.08845027536153799 0.18483421206474304
v 0.02277721837162973 -0.08845027536153799 0.18483421206474304
v 0.028397269546985644 -0.0868466347455979 0.19171515107154846
v 0.02277721837162973 -0.08936911076307302 0.19386166334152222
v 0.02277721837162973 -0.08845027536153799 0.18483421206474304
v 0.02277721837162973 -0.08936911076307302 0.19386166334152222
v 0.017091557383537303 -0.09041544795036321 0.18634802103042603
v 0.017091557383537303 -0.09041544795036321 0.18634802103042603
v 0.02277721837162973 -0.08936911076307302 0.19386166334152222
v 0.017091557383537303 -0.09128558635711675 0.19549262523651123
v 0.017091557383537303 -0.09041544795036321 0.18634802103042603
v 0.017091557383537303 -0.09128558635711675 0.19549262523651123
v 0.011821994557976731 -0.09173990786075598 0.18736836314201355
v 0.011821994557976731 -0.09173990786075598 0.18736836314201355
v 0.017091557383537303 -0.09128558635711675 0.19549262523651123
v 0.011821994557976731 -0.0925771519541741 0.19659188389778137
v 0.05429974943399433 -0.017309457063674937 0.13740958273410797
v 0.05429974943399433 -0.01936810836195947 0.14209896326065063
v 0.056628901511430775 -0.02236828207969667 0.14264725148677826
v 0.056628901511430775 -0.02236828207969667 0.14264725148677826
v 0.05429974943399433 -0.01936810836195947 0.14209896326065063
v 0.056628901511430775 -0.024211714044213312 0.14763212203979492
v 0.056628901511430775 -0.02236828207969667 0.14264725148677826
v 0.056628901511430775 -0.024211714044213312 0.14763212203979492
v 0.058328893035650295 -0.02749095298349859 0.14795103669166565
v 0.058328893035650295 -0.02749095298349859 0.14795103669166565
v 0.056628901511430775 -0.024211714044213312 0.14763212203979492
v 0.058328893035650295 -0.0291164815425873 0.15323510766029358
v 0.058328893035650295 -0.02749095298349859 0.14795103669166565
v 0.058328893035650295 -0.0291164815425873 0.15323510766029358
v 0.05994019284844403 -0.03759101033210757 0.1584082543849945
v 0.05994019284844403 -0.03759101033210757 0.1584082543849945
v 0.058328893035650295 -0.0291164815425873 0.15323510766029358
v 0.05994019284844403 -0.038786999881267575 0.1642822027206421
v 0.05994019284844403 -0.03759101033210757 0.1584082543849945
v 0.05994019284844403 -0.038786999881267575 0.1642822027206421
v 0.05939660966396336 -0.04751703888177875 0.16868537664413452
v 0.05939660966396336 -0.04751703888177875 0.16868537664413452
v 0.05994019284844403 -0.038786999881267575 0.1642822027206421
v 0.05939660966396336 -0.048290994018316304 0.175138920545578
v 0.05939660966396336 -0.04751703888177875 0.16868537664413452
v 0.05939660966396336 -0.048290994018316304 0.175138920545578
v 0.05828642845153813 -0.05262082442641262 0.17396971583366394
v 0.05828642845153813 -0.05262082442641262 0.17396971583366394
v 0.05939660966396336 -0.048290994018316304 0.175138920545578
v 0.05828642845153813 -0.05317781493067745 0.180721253156662
v 0.05828642845153813 -0.05262082442641262 0.17396971583366394
v 0.05828642845153813 -0.05317781493067745 0.180721253156662
v 0.05656765401363376 -0.05774222314357762 0.17927232384681702
v 0.05656765401363376 -0.05774222314357762 0.17927232384681702
v 0.05828642845153813 -0.05317781493067745 0.180721253156662
v 0.05656765401363376 -0.05808153748512272 0.18632283806800842
v 0.05656765401363376 -0.05774222314357762 0.17927232384681702
v 0.05656765401363376 -0.05808153748512272 0.18632283806800842
v 0.054219275712966954 -0.06279698014259343 0.18450596928596497
v 0.054219275712966954 -0.06279698014259343 0.18450596928596497
v 0.05656765401363376 -0.05808153748512272 0.18632283806800842
v 0.054219275712966954 -0.06292147934436802 0.19185152649879456
v 0.054219275712966954 -0.06279698014259343 0.18450596928596497
v 0.054219275712966954 -0.06292147934436802 0.19185152649879456
v 0.05124292895197872 -0.06769619882106785 0.1895785629749298
v 0.05124292895197872 -0.06769619882106785 0.1895785629749298
v 0.054219275712966954 -0.06292147934436802 0.19185152649879456
v 0.05124292895197872 -0.0676125213503838 0.19721010327339172
v 0.05124292895197872 -0.06769619882106785 0.1895785629749298
v 0.05124292895197872 -0.0676125213503838 0.19721010327339172
v 0.04765824973583225 -0.07234823703765873 0.1943952739238739
v 0.04765824973583225 -0.07234823703765873 0.1943952739238739
v 0.05124292895197872 -0.0676125213503838 0.19721010327339172
v 0.04765824973583225 -0.07206693291664128 0.20229831337928772
v 0.04765824973583225 -0.07234823703765873 0.1943952739238739
v 0.04765824973583225 -0.07206693291664128 0.20229831337928772
v 0.0435101427137852 -0.07666752487421041 0.19886749982833862
v 0.0435101427137852 -0.07666752487421041 0.19886749982833862
v 0.04765824973583225 -0.07206693291664128 0.20229831337928772
v 0.0435101427137852 -0.0762027651071549 0.20702257752418518
v 0.0435101427137852 -0.07666752487421041 0.19886749982833862
v 0.0435101427137852 -0.0762027651071549 0.20702257752418518
v 0.03886068984866145 -0.08057422935962683 0.2029125690460205
v 0.03886068984866145 -0.08057422935962683 0.2029125690460205
v 0.0435101427137852 -0.0762027651071549 0.20702257752418518
v 0.03886068984866145 -0.0799435824155808 0.21129557490348816
v 0.03886068984866145 -0.08057422935962683 0.2029125690460205
v 0.03886068984866145 -0.0799435824155808 0.21129557490348816
v 0.033792003989219686 -0.08400618284940725 0.20646610856056213
v 0.033792003989219686 -0.08400618284940725 0.20646610856056213
v 0.03886068984866145 -0.0799435824155808 0.21129557490348816
v 0.033792003989219686 -0.08322985470294958 0.21504929661750793
v 0.033792003989219686 -0.08400618284940725 0.20646610856056213
v 0.033792003989219686 -0.08322985470294958 0.21504929661750793
v 0.028397269546985644 -0.08691352605819708 0.209476500749588
v 0.028397269546985644 -0.08691352605819708 0.209476500749588
v 0.033792003989219686 -0.08322985470294958 0.21504929661750793
v 0.028397269546985644 -0.08601383864879614 0.21822920441627502
v 0.028397269546985644 -0.08691352605819708 0.209476500749588
v 0.028397269546985644 -0.08601383864879614 0.21822920441627502
v 0.02277721837162973 -0.08927043527364736 0.211916983127594
v 0.02277721837162973 -0.08927043527364736 0.211916983127594
v 0.028397269546985644 -0.08601383864879614 0.21822920441627502
v 0.02277721837162973 -0.08827081322669988 0.22080710530281067
v 0.02277721837162973 -0.08927043527364736 0.211916983127594
v 0.02277721837162973 -0.08827081322669988 0.22080710530281067
v 0.017091557383537303 -0.09106098860502249 0.21377107501029968
v 0.017091557383537303 -0.09106098860502249 0.21377107501029968
v 0.02277721837162973 -0.08827081322669988 0.22080710530281067
v 0.017091557383537303 -0.08998551219701773 0.22276553511619568
v 0.017091557383537303 -0.09106098860502249 0.21377107501029968
v 0.017091557383537303 -0.08998551219701773 0.22276553511619568
v 0.011821994557976731 -0.09226758033037191 0.2150205671787262
v 0.011821994557976731 -0.09226758033037191 0.2150205671787262
v 0.017091557383537303 -0.08998551219701773 0.22276553511619568
v 0.011821994557976731 -0.09114105254411703 0.22408521175384521
v 0.011821994557976731 -0.09226758033037191 0.2150205671787262
v 0.011821994557976731 -0.09114105254411703 0.22408521175384521
v 0.0073463190346956305 -0.09175338596105581 0.22478443384170532
v -0.0015107626095414173 -0.08413890004158026 0.24615320563316345
v -0.0015107626095414173 -0.08654720336198812 0.24213236570358276
v 0.00299041345715523 -0.0864784866571427 0.24203452467918396
v 0.00299041345715523 -0.0864784866571427 0.24203452467918396
v -0.0015107626095414173 -0.08654720336198812 0.24213236570358276
v 0.00299041345715523 -0.08846279978752142 0.23788508772850037
v 0.00299041345715523 -0.0864784866571427 0.24203452467918396
v 0.00299041345715523 -0.08846279978752142 0.23788508772850037
v 0.0073463190346956305 -0.08626189082860952 0.24172812700271606
v 0.0073463190346956305 -0.08626189082860952 0.24172812700271606
v 0.00299041345715523 -0.08846279978752142 0.23788508772850037
v 0.0073463190346956305 -0.08979634195566183 0.23336154222488403
v 0.0073463190346956305 -0.08626189082860952 0.24172812700271606
v 0.0073463190346956305 -0.08979634195566183 0.23336154222488403
v 0.011821994557976731 -0.0857211202383042 0.24096456170082092
v 0.011821994557976731 -0.0857211202383042 0.24096456170082092
v 0.0073463190346956305 -0.08979634195566183 0.23336154222488403
v 0.011821994557976731 -0.08921527862548834 0.23262840509414673
v 0.011821994557976731 -0.0857211202383042 0.24096456170082092
v 0.011821994557976731 -0.08921527862548834 0.23262840509414673
v 0.017091557383537303 -0.0847002118825913 0.23952367901802063
v 0.017091557383537303 -0.0847002118825913 0.23952367901802063
v 0.011821994557976731 -0.08921527862548834 0.23262840509414673
v 0.017091557383537303 -0.08811870962381368 0.2312452495098114
v 0.017091557383537303 -0.0847002118825913 0.23952367901802063
v 0.017091557383537303 -0.08811870962381368 0.2312452495098114
v 0.02277721837162973 -0.08318502455949789 0.23738563060760498
v 0.02277721837162973 -0.08318502455949789 0.23738563060760498
v 0.017091557383537303 -0.08811870962381368 0.2312452495098114
v 0.02277721837162973 -0.08649147301912313 0.22919303178787231
v 0.02277721837162973 -0.08318502455949789 0.23738563060760498
v 0.02277721837162973 -0.08649147301912313 0.22919303178787231
v 0.028397269546985644 -0.08119041472673422 0.23457148671150208
v 0.028397269546985644 -0.08119041472673422 0.23457148671150208
v 0.02277721837162973 -0.08649147301912313 0.22919303178787231
v 0.028397269546985644 -0.08434959501028066 0.2264920473098755
v 0.028397269546985644 -0.08119041472673422 0.23457148671150208
v 0.028397269546985644 -0.08434959501028066 0.2264920473098755
v 0.033792003989219686 -0.07872985303401953 0.23110023140907288
v 0.033792003989219686 -0.07872985303401953 0.23110023140907288
v 0.028397269546985644 -0.08434959501028066 0.2264920473098755
v 0.033792003989219686 -0.0817075446248055 0.2231605350971222
v 0.033792003989219686 -0.07872985303401953 0.23110023140907288
v 0.033792003989219686 -0.0817075446248055 0.2231605350971222
v 0.03886068984866145 -0.075825184583664 0.22700271010398865
v 0.03886068984866145 -0.075825184583664 0.22700271010398865
v 0.033792003989219686 -0.0817075446248055 0.2231605350971222
v 0.03886068984866145 -0.07858879864215856 0.2192281186580658
v 0.03886068984866145 -0.075825184583664 0.22700271010398865
v 0.03886068984866145 -0.07858879864215856 0.2192281186580658
v 0.0435101427137852 -0.072518602013588 0.2223384976387024
v 0.0435101427137852 -0.072518602013588 0.2223384976387024
v 0.03886068984866145 -0.07858879864215856 0.2192281186580658
v 0.0435101427137852 -0.07503864914178854 0.21475189924240112
v 0.0435101427137852 -0.072518602013588 0.2223384976387024
v 0.0435101427137852 -0.07503864914178854 0.21475189924240112
v 0.04765824973583225 -0.06886272877454762 0.21718177199363708
v 0.04765824973583225 -0.06886272877454762 0.21718177199363708
v 0.0435101427137852 -0.07503864914178854 0.21475189924240112
v 0.04765824973583225 -0.07111360877752308 0.20980313420295715
v 0.04765824973583225 -0.06886272877454762 0.21718177199363708
v 0.04765824973583225 -0.07111360877752308 0.20980313420295715
v 0.05124292895197872 -0.06492514163255696 0.21162784099578857
v 0.05124292895197872 -0.06492514163255696 0.21162784099578857
v 0.04765824973583225 -0.07111360877752308 0.20980313420295715
v 0.05124292895197872 -0.06688621640205387 0.20447328686714172
v 0.05124292895197872 -0.06492514163255696 0.21162784099578857
v 0.05124292895197872 -0.06688621640205387 0.20447328686714172
v 0.054219275712966954 -0.060778267681598705 0.20577889680862427
v 0.054219275712966954 -0.060778267681598705 0.20577889680862427
v 0.05124292895197872 -0.06688621640205387 0.20447328686714172
v 0.054219275712966954 -0.0624342262744904 0.19886037707328796
v 0.054219275712966954 -0.060778267681598705 0.20577889680862427
v 0.054219275712966954 -0.0624342262744904 0.19886037707328796
v 0.05656765401363376 -0.05649967491626743 0.199744313955307
v 0.05656765401363376 -0.05649967491626743 0.199744313955307
v 0.054219275712966954 -0.0624342262744904 0.19886037707328796
v 0.05656765401363376 -0.05784091725945477 0.19306939840316772
v 0.05656765401363376 -0.05649967491626743 0.199744313955307
v 0.05656765401363376 -0.05784091725945477 0.19306939840316772
v 0.05828642845153813 -0.052164614200592076 0.19363024830818176
v 0.05828642845153813 -0.052164614200592076 0.19363024830818176
v 0.05656765401363376 -0.05784091725945477 0.19306939840316772
v 0.05828642845153813 -0.05318706855177883 0.18720218539237976
v 0.05828642845153813 -0.052164614200592076 0.19363024830818176
v 0.05828642845153813 -0.05318706855177883 0.18720218539237976
v 0.05939660966396336 -0.047844413667917286 0.18753722310066223
v 0.05939660966396336 -0.047844413667917286 0.18753722310066223
v 0.05828642845153813 -0.05318706855177883 0.18720218539237976
v 0.05939660966396336 -0.04854924604296688 0.18135526776313782
v 0.05939660966396336 -0.047844413667917286 0.18753722310066223
v 0.05939660966396336 -0.04854924604296688 0.18135526776313782
v 0.05994019284844403 -0.039442185312509564 0.17568746209144592
v 0.05994019284844403 -0.039442185312509564 0.17568746209144592
v 0.05939660966396336 -0.04854924604296688 0.18135526776313782
v 0.05994019284844403 -0.039529476314783124 0.16998425126075745
v 0.05994019284844403 -0.039442185312509564 0.17568746209144592
v 0.05994019284844403 -0.039529476314783124 0.16998425126075745
v 0.058328893035650295 -0.030892454087734243 0.1636301577091217
v 0.058328893035650295 -0.030892454087734243 0.1636301577091217
v 0.05994019284844403 -0.039529476314783124 0.16998425126075745
v 0.058328893035650295 -0.030351635068655035 0.15841424465179443
v 0.058328893035650295 -0.030892454087734243 0.1636301577091217
v 0.058328893035650295 -0.030351635068655035 0.15841424465179443
v 0.056628901511430775 -0.026556020602583903 0.15751484036445618
v 0.056628901511430775 -0.026556020602583903 0.15751484036445618
v 0.058328893035650295 -0.030351635068655035 0.15841424465179443
v 0.056628901511430775 -0.025696730241179484 0.15254619717597961
v 0.056628901511430775 -0.026556020602583903 0.15751484036445618
v 0.056628901511430775 -0.025696730241179484 0.15254619717597961
v 0.05429974943399433 -0.02227357774972917 0.15147578716278076
v 0.05429974943399433 -0.02227357774972917 0.15147578716278076
v 0.056628901511430775 -0.025696730241179484 0.15254619717597961
v 0.05429974943399433 -0.02109986171126367 0.14675140380859375
v 0.05429974943399433 -0.02227357774972917 0.15147578716278076
v 0.05429974943399433 -0.02109986171126367 0.14675140380859375
v 0.05134218186140064 -0.016641631722450267 0.1411314606666565
v -0.0336328372359276 0.004165277350693944 0.11517876386642456
v -0.0336328372359276 -0.0015883793821558367 0.12216629087924957
v -0.028229752555489557 0.007056182716041808 0.11218538880348206
v -0.028229752555489557 0.007056182716041808 0.11218538880348206
v -0.0336328372359276 -0.0015883793821558367 0.12216629087924957
v -0.028229752555489557 0.001038732938468457 0.1188536137342453
v -0.028229752555489557 0.007056182716041808 0.11218538880348206
v -0.028229752555489557 0.001038732938468457 0.1188536137342453
v -0.022604495286941542 0.009396167472004897 0.10976243019104004
v -0.022604495286941542 0.009396167472004897 0.10976243019104004
v -0.028229752555489557 0.001038732938468457 0.1188536137342453
v -0.022604495286941542 0.0031652320176363013 0.11617200076580048
v -0.022604495286941542 0.009396167472004897 0.10976243019104004
v -0.022604495286941542 0.0031652320176363013 0.11617200076580048
v -0.016859784722328196 0.011174073442816741 0.10792140662670135
v -0.016859784722328196 0.011174073442816741 0.10792140662670135
v -0.022604495286941542 0.0031652320176363013 0.11617200076580048
v -0.016859784722328196 0.00478097423911095 0.114134281873703
v -0.016859784722328196 0.011174073442816741 0.10792140662670135
v -0.016859784722328196 0.00478097423911095 0.114134281873703
v -0.011092000640928752 0.012402136810123929 0.10664968192577362
v -0.011092000640928752 0.012402136810123929 0.10664968192577362
v -0.016859784722328196 0.00478097423911095 0.114134281873703
v -0.011092000640928752 0.00589707819744945 0.11272642016410828
v -0.011092000640928752 0.012402136810123929 0.10664968192577362
v -0.011092000640928752 0.00589707819744945 0.11272642016410828
v -0.005397376604378227 0.01310385763645173 0.10592292249202728
v -0.005397376604378227 0.01310385763645173 0.10592292249202728
v -0.011092000640928752 0.00589707819744945 0.11272642016410828
v -0.005397376604378227 0.006534893997013573 0.11192154884338379
v -0.005397376604378227 0.01310385763645173 0.10592292249202728
v -0.005397376604378227 0.006534893997013573 0.11192154884338379
v 0.00016779782890807848 0.01331849582493306 0.10570047795772552
v 0.00016779782890807848 0.01331849582493306 0.10570047795772552
v -0.005397376604378227 0.006534893997013573 0.11192154884338379
v 0.00016779782890807848 0.006730095483362679 0.11167466640472412
v 0.00016779782890807848 0.01331849582493306 0.10570047795772552
v 0.00016779782890807848 0.006730095483362679 0.11167466640472412
v 0.005738519132137302 0.013073714450001725 0.10595369338989258
v 0.005738519132137302 0.013073714450001725 0.10595369338989258
v 0.00016779782890807848 0.006730095483362679 0.11167466640472412
v 0.005738519132137302 0.006507824640721087 0.11195409297943115
v 0.005738519132137302 0.013073714450001725 0.10595369338989258
v 0.005738519132137302 0.006507824640721087 0.11195409297943115
v 0.011440484784543521 0.012339170090854177 0.10671399533748627
v 0.011440484784543521 0.012339170090854177 0.10671399533748627
v 0.005738519132137302 0.006507824640721087 0.11195409297943115
v 0.011440484784543521 0.00584051059558988 0.11279454827308655
v 0.011440484784543521 0.012339170090854177 0.10671399533748627
v 0.011440484784543521 0.00584051059558988 0.11279454827308655
v 0.017209554091095935 0.011076419614255435 0.10802118480205536
v 0.017209554091095935 0.011076419614255435 0.10802118480205536
v 0.011440484784543521 0.00584051059558988 0.11279454827308655
v 0.017209554091095935 0.004693220369517807 0.11424009501934052
v 0.017209554091095935 0.011076419614255435 0.10802118480205536
v 0.017209554091095935 0.004693220369517807 0.11424009501934052
v 0.02294983156025411 0.009262647479772575 0.1098988801240921
v 0.02294983156025411 0.009262647479772575 0.1098988801240921
v 0.017209554091095935 0.004693220369517807 0.11424009501934052
v 0.02294983156025411 0.0030452178325504086 0.11631686985492706
v 0.02294983156025411 0.009262647479772575 0.1098988801240921
v 0.02294983156025411 0.0030452178325504086 0.11631686985492706
v 0.028564581647515314 0.006886951625347142 0.11235839128494263
v 0.028564581647515314 0.006886951625347142 0.11235839128494263
v 0.02294983156025411 0.0030452178325504086 0.11631686985492706
v 0.028564581647515314 0.0008865924319252377 0.11903738975524902
v 0.028564581647515314 0.006886951625347142 0.11235839128494263
v 0.028564581647515314 0.0008865924319252377 0.11903738975524902
v 0.03395087271928789 0.003961393609642985 0.1153872013092041
v 0.03395087271928789 0.003961393609642985 0.1153872013092041
v 0.028564581647515314 0.0008865924319252377 0.11903738975524902
v 0.03395087271928789 -0.0017716969596222054 0.1223878562450409
v 0.03395087271928789 0.003961393609642985 0.1153872013092041
v 0.03395087271928789 -0.0017716969596222054 0.1223878562450409
v 0.039008203893899945 0.0005125810857862237 0.11895780265331268
v 0.039008203893899945 0.0005125810857862237 0.11895780265331268
v 0.03395087271928789 -0.0017716969596222054 0.1223878562450409
v 0.039008203893899945 -0.0049054753035306965 0.12633779644966125
v 0.039008203893899945 0.0005125810857862237 0.11895780265331268
v 0.039008203893899945 -0.0049054753035306965 0.12633779644966125
v 0.04364354535937312 -0.0034092043060809396 0.12301811575889587
v 0.04364354535937312 -0.0034092043060809396 0.12301811575889587
v 0.039008203893899945 -0.0049054753035306965 0.12633779644966125
v 0.04364354535937312 -0.008469055406749254 0.13082963228225708
v 0.04364354535937312 -0.0034092043060809396 0.12301811575889587
v 0.04364354535937312 -0.008469055406749254 0.13082963228225708
v 0.04777545109391216 -0.007741163019090896 0.12750312685966492
v 0.04777545109391216 -0.007741163019090896 0.12750312685966492
v 0.04364354535937312 -0.008469055406749254 0.13082963228225708
v 0.04777545109391216 -0.012405372224748143 0.13579145073890686
v 0.04777545109391216 -0.007741163019090896 0.12750312685966492
v 0.04777545109391216 -0.012405372224748143 0.13579145073890686
v 0.05134218186140064 -0.012403182685375222 0.13232989609241486
v 0.05134218186140064 -0.012403182685375222 0.13232989609241486
v 0.04777545109391216 -0.012405372224748143 0.13579145073890686
v 0.05134218186140064 -0.016641631722450267 0.1411314606666565
v 0.05134218186140064 -0.012403182685375222 0.13232989609241486
v 0.05134218186140064 -0.016641631722450267 0.1411314606666565
v 0.05429974943399433 -0.01936810836195947 0.14209896326065063
v 0.05429974943399433 -0.01936810836195947 0.14209896326065063
v 0.05134218186140064 -0.016641631722450267 0.1411314606666565
v 0.05429974943399433 -0.02109986171126367 0.14675140380859375
v 0.05429974943399433 -0.01936810836195947 0.14209896326065063
v 0.05429974943399433 -0.02109986171126367 0.14675140380859375
v 0.056628901511430775 -0.024211714044213312 0.14763212203979492
v 0.056628901511430775 -0.024211714044213312 0.14763212203979492
v 0.05429974943399433 -0.02109986171126367 0.14675140380859375
v 0.056628901511430775 -0.025696730241179484 0.15254619717597961
v 0.056628901511430775 -0.024211714044213312 0.14763212203979492
v 0.056628901511430775 -0.025696730241179484 0.15254619717597961
v 0.058328893035650295 -0.0291164815425873 0.15323510766029358
v 0.058328893035650295 -0.0291164815425873 0.15323510766029358
v 0.056628901511430775 -0.025696730241179484 0.15254619717597961
v 0.058328893035650295 -0.030351635068655035 0.15841424465179443
v 0.058328893035650295 -0.0291164815425873 0.15323510766029358
v 0.058328893035650295 -0.030351635068655035 0.15841424465179443
v 0.05994019284844403 -0.038786999881267575 0.1642822027206421
v 0.05994019284844403 -0.038786999881267575 0.1642822027206421
v 0.058328893035650295 -0.030351635068655035 0.15841424465179443
v 0.05994019284844403 -0.039529476314783124 0.16998425126075745
v 0.05994019284844403 -0.038786999881267575 0.1642822027206421
v 0.05994019284844403 -0.039529476314783124 0.16998425126075745
v 0.05939660966396336 -0.048290994018316304 0.175138920545578
v 0.05939660966396336 -0.048290994018316304 0.175138920545578
v 0.05994019284844403 -0.039529476314783124 0.16998425126075745
v 0.05939660966396336 -0.04854924604296688 0.18135526776313782
v 0.05939660966396336 -0.048290994018316304 0.175138920545578
v 0.05939660966396336 -0.04854924604296688 0.18135526776313782
v 0.05828642845153813 -0.05317781493067745 0.180721253156662
v 0.05828642845153813 -0.05317781493067745 0.180721253156662
v 0.05939660966396336 -0.04854924604296688 0.18135526776313782
v 0.05828642845153813 -0.05318706855177883 0.18720218539237976
v 0.05828642845153813 -0.05317781493067745 0.180721253156662
v 0.05828642845153813 -0.05318706855177883 0.18720218539237976
v 0.05656765401363376 -0.05808153748512272 0.18632283806800842
v 0.05656765401363376 -0.05808153748512272 0.18632283806800842
v 0.05828642845153813 -0.05318706855177883 0.18720218539237976
v 0.05656765401363376 -0.05784091725945477 0.19306939840316772
v 0.05656765401363376 -0.05808153748512272 0.18632283806800842
v 0.05656765401363376 -0.05784091725945477 0.19306939840316772
v 0.054219275712966954 -0.06292147934436802 0.19185152649879456
v 0.054219275712966954 -0.06292147934436802 0.19185152649879456
v 0.05656765401363376 -0.05784091725945477 0.19306939840316772
v 0.054219275712966954 -0.0624342262744904 0.19886037707328796
v 0.054219275712966954 -0.06292147934436802 0.19185152649879456
v 0.054219275712966954 -0.0624342262744904 0.19886037707328796
v 0.05124292895197872 -0.0676125213503838 0.19721010327339172
v 0.05124292895197872 -0.0676125213503838 0.19721010327339172
v 0.054219275712966954 -0.0624342262744904 0.19886037707328796
v 0.05124292895197872 -0.06688621640205387 0.20447328686714172
v 0.05124292895197872 -0.0676125213503838 0.19721010327339172
v 0.05124292895197872 -0.06688621640205387 0.20447328686714172
v 0.04765824973583225 -0.07206693291664128 0.20229831337928772
v 0.04765824973583225 -0.07206693291664128 0.20229831337928772
v 0.05124292895197872 -0.06688621640205387 0.20447328686714172
v 0.04765824973583225 -0.07111360877752308 0.20980313420295715
v 0.04765824973583225 -0.07206693291664128 0.20229831337928772
v 0.04765824973583225 -0.07111360877752308 0.20980313420295715
v 0.0435101427137852 -0.0762027651071549 0.20702257752418518
v 0.0435101427137852 -0.0762027651071549 0.20702257752418518
v 0.04765824973583225 -0.07111360877752308 0.20980313420295715
v 0.0435101427137852 -0.07503864914178854 0.21475189924240112
v 0.0435101427137852 -0.0762027651071549 0.20702257752418518
v 0.0435101427137852 -0.07503864914178854 0.21475189924240112
v 0.03886068984866145 -0.0799435824155808 0.21129557490348816
v 0.03886068984866145 -0.0799435824155808 0.21129557490348816
v 0.0435101427137852 -0.07503864914178854 0.21475189924240112
v 0.03886068984866145 -0.07858879864215856 0.2192281186580658
v 0.03886068984866145 -0.0799435824155808 0.21129557490348816
v 0.03886068984866145 -0.07858879864215856 0.2192281186580658
v 0.033792003989219686 -0.08322985470294958 0.21504929661750793
v 0.033792003989219686 -0.08322985470294958 0.21504929661750793
v 0.03886068984866145 -0.07858879864215856 0.2192281186580658
v 0.033792003989219686 -0.0817075446248055 0.2231605350971222
v 0.033792003989219686 -0.08322985470294958 0.21504929661750793
v 0.033792003989219686 -0.0817075446248055 0.2231605350971222
v 0.028397269546985644 -0.08601383864879614 0.21822920441627502
v 0.028397269546985644 -0.08601383864879614 0.21822920441627502
v 0.033792003989219686 -0.0817075446248055 0.2231605350971222
v 0.028397269546985644 -0.08434959501028066 0.2264920473098755
v 0.028397269546985644 -0.08601383864879614 0.21822920441627502
v 0.028397269546985644 -0.08434959501028066 0.2264920473098755
v 0.02277721837162973 -0.08827081322669988 0.22080710530281067
v 0.02277721837162973 -0.08827081322669988 0.22080710530281067
v 0.028397269546985644 -0.08434959501028066 0.2264920473098755
v 0.02277721837162973 -0.08649147301912313 0.22919303178787231
v 0.02277721837162973 -0.08827081322669988 0.22080710530281067
v 0.02277721837162973 -0.08649147301912313 0.22919303178787231
v 0.017091557383537303 -0.08998551219701773 0.22276553511619568
v 0.017091557383537303 -0.08998551219701773 0.22276553511619568
v 0.02277721837162973 -0.08649147301912313 0.22919303178787231
v 0.017091557383537303 -0.08811870962381368 0.2312452495098114
v 0.017091557383537303 -0.08998551219701773 0.22276553511619568
v 0.017091557383537303 -0.08811870962381368 0.2312452495098114
v 0.011821994557976731 -0.09114105254411703 0.22408521175384521
v 0.011821994557976731 -0.09114105254411703 0.22408521175384521
v 0.017091557383537303 -0.08811870962381368 0.2312452495098114
v 0.011821994557976731 -0.08921527862548834 0.23262840509414673
v 0.011821994557976731 -0.09114105254411703 0.22408521175384521
v 0.011821994557976731 -0.08921527862548834 0.23262840509414673
v 0.0073463190346956305 -0.09175338596105581 0.22478443384170532
v 0.0073463190346956305 -0.09175338596105581 0.22478443384170532
v 0.011821994557976731 -0.08921527862548834 0.23262840509414673
v 0.0073463190346956305 -0.08979634195566183 0.23336154222488403
v -0.0336328372359276 0.010603888891637332 0.10881122946739197
v -0.0336328372359276 0.004165277350693944 0.11517876386642456
v -0.028229752555489557 0.013697733171284207 0.10617862641811371
v -0.028229752555489557 0.013697733171284207 0.10617862641811371
v -0.0336328372359276 0.004165277350693944 0.11517876386642456
v -0.028229752555489557 0.007056182716041808 0.11218538880348206
v -0.028229752555489557 0.013697733171284207 0.10617862641811371
v -0.028229752555489557 0.007056182716041808 0.11218538880348206
v -0.022604495286941542 0.01620209962129594 0.1040475070476532
v -0.022604495286941542 0.01620209962129594 0.1040475070476532
v -0.028229752555489557 0.007056182716041808 0.11218538880348206
v -0.022604495286941542 0.009396167472004897 0.10976243019104004
v -0.022604495286941542 0.01620209962129594 0.1040475070476532
v -0.022604495286941542 0.009396167472004897 0.10976243019104004
v -0.016859784722328196 0.01810504123568536 0.10242804884910583
v -0.016859784722328196 0.01810504123568536 0.10242804884910583
v -0.022604495286941542 0.009396167472004897 0.10976243019104004
v -0.016859784722328196 0.011174073442816741 0.10792140662670135
v -0.016859784722328196 0.01810504123568536 0.10242804884910583
v -0.016859784722328196 0.011174073442816741 0.10792140662670135
v -0.011092000640928752 0.019419640302658095 0.1013091504573822
v -0.011092000640928752 0.019419640302658095 0.1013091504573822
v -0.016859784722328196 0.011174073442816741 0.10792140662670135
v -0.011092000640928752 0.012402136810123929 0.10664968192577362
v -0.011092000640928752 0.019419640302658095 0.1013091504573822
v -0.011092000640928752 0.012402136810123929 0.10664968192577362
v -0.005397376604378227 0.02017103508114816 0.10066942870616913
v -0.005397376604378227 0.02017103508114816 0.10066942870616913
v -0.011092000640928752 0.012402136810123929 0.10664968192577362
v -0.005397376604378227 0.01310385763645173 0.10592292249202728
v -0.005397376604378227 0.02017103508114816 0.10066942870616913
v -0.005397376604378227 0.01310385763645173 0.10592292249202728
v 0.00016779782890807848 0.02040122635662557 0.10047313570976257
v 0.00016779782890807848 0.02040122635662557 0.10047313570976257
v -0.005397376604378227 0.01310385763645173 0.10592292249202728
v 0.00016779782890807848 0.01331849582493306 0.10570047795772552
v 0.00016779782890807848 0.02040122635662557 0.10047313570976257
v 0.00016779782890807848 0.01331849582493306 0.10570047795772552
v 0.005738519132137302 0.020139830186963095 0.10069507360458374
v 0.005738519132137302 0.020139830186963095 0.10069507360458374
v 0.00016779782890807848 0.01331849582493306 0.10570047795772552
v 0.005738519132137302 0.013073714450001725 0.10595369338989258
v 0.005738519132137302 0.020139830186963095 0.10069507360458374
v 0.005738519132137302 0.013073714450001725 0.10595369338989258
v 0.011440484784543521 0.019354388117790236 0.10136285424232483
v 0.011440484784543521 0.019354388117790236 0.10136285424232483
v 0.005738519132137302 0.013073714450001725 0.10595369338989258
v 0.011440484784543521 0.012339170090854177 0.10671399533748627
v 0.011440484784543521 0.019354388117790236 0.10136285424232483
v 0.011440484784543521 0.012339170090854177 0.10671399533748627
v 0.017209554091095935 0.018003761768341075 0.102511465549469
v 0.017209554091095935 0.018003761768341075 0.102511465549469
v 0.011440484784543521 0.012339170090854177 0.10671399533748627
v 0.017209554091095935 0.011076419614255435 0.10802118480205536
v 0.017209554091095935 0.018003761768341075 0.102511465549469
v 0.017209554091095935 0.011076419614255435 0.10802118480205536
v 0.02294983156025411 0.016063526272773753 0.10416172444820404
v 0.02294983156025411 0.016063526272773753 0.10416172444820404
v 0.017209554091095935 0.011076419614255435 0.10802118480205536
v 0.02294983156025411 0.009262647479772575 0.1098988801240921
v 0.02294983156025411 0.016063526272773753 0.10416172444820404
v 0.02294983156025411 0.009262647479772575 0.1098988801240921
v 0.028564581647515314 0.01352200750261546 0.10632354021072388
v 0.028564581647515314 0.01352200750261546 0.10632354021072388
v 0.02294983156025411 0.009262647479772575 0.1098988801240921
v 0.028564581647515314 0.006886951625347142 0.11235839128494263
v 0.028564581647515314 0.01352200750261546 0.10632354021072388
v 0.028564581647515314 0.006886951625347142 0.11235839128494263
v 0.03395087271928789 0.010392102412879474 0.10898596048355103
v 0.03395087271928789 0.010392102412879474 0.10898596048355103
v 0.028564581647515314 0.006886951625347142 0.11235839128494263
v 0.03395087271928789 0.003961393609642985 0.1153872013092041
v 0.03395087271928789 0.010392102412879474 0.10898596048355103
v 0.03395087271928789 0.003961393609642985 0.1153872013092041
v 0.039008203893899945 0.006702271755784754 0.11212478578090668
v 0.039008203893899945 0.006702271755784754 0.11212478578090668
v 0.03395087271928789 0.003961393609642985 0.1153872013092041
v 0.039008203893899945 0.0005125810857862237 0.11895780265331268
v 0.039008203893899945 0.006702271755784754 0.11212478578090668
v 0.039008203893899945 0.0005125810857862237 0.11895780265331268
v 0.04364354535937312 0.0025063098873943108 0.11569425463676453
v 0.04364354535937312 0.0025063098873943108 0.11569425463676453
v 0.039008203893899945 0.0005125810857862237 0.11895780265331268
v 0.04364354535937312 -0.0034092043060809396 0.12301811575889587
v 0.04364354535937312 0.0025063098873943108 0.11569425463676453
v 0.04364354535937312 -0.0034092043060809396 0.12301811575889587
v 0.04777545109391216 -0.0021285940892994417 0.11963720619678497
v 0.04777545109391216 -0.0021285940892994417 0.11963720619678497
v 0.04364354535937312 -0.0034092043060809396 0.12301811575889587
v 0.04777545109391216 -0.007741163019090896 0.12750312685966492
v 0.04777545109391216 -0.0021285940892994417 0.11963720619678497
v 0.04777545109391216 -0.007741163019090896 0.12750312685966492
v 0.05134218186140064 -0.0071167242713272615 0.12388071417808533
v 0.05134218186140064 -0.0071167242713272615 0.12388071417808533
v 0.04777545109391216 -0.007741163019090896 0.12750312685966492
v 0.05134218186140064 -0.012403182685375222 0.13232989609241486
v 0.05134218186140064 -0.0071167242713272615 0.12388071417808533
v 0.05134218186140064 -0.012403182685375222 0.13232989609241486
v 0.05429974943399433 -0.012366269715130338 0.12834668159484863
v 0.05429974943399433 -0.012366269715130338 0.12834668159484863
v 0.05134218186140064 -0.012403182685375222 0.13232989609241486
v 0.05429974943399433 -0.017309457063674937 0.13740958273410797
v 0.05429974943399433 -0.012366269715130338 0.12834668159484863
v 0.05429974943399433 -0.017309457063674937 0.13740958273410797
v 0.056628901511430775 -0.01777910627424718 0.13295161724090576
v 0.056628901511430775 -0.01777910627424718 0.13295161724090576
v 0.05429974943399433 -0.017309457063674937 0.13740958273410797
v 0.056628901511430775 -0.02236828207969667 0.14264725148677826
v 0.056628901511430775 -0.01777910627424718 0.13295161724090576
v 0.056628901511430775 -0.02236828207969667 0.14264725148677826
v 0.058328893035650295 -0.023260319605469718 0.13761478662490845
v 0.058328893035650295 -0.023260319605469718 0.13761478662490845
v 0.056628901511430775 -0.02236828207969667 0.14264725148677826
v 0.058328893035650295 -0.02749095298349859 0.14795103669166565
v 0.058328893035650295 -0.023260319605469718 0.13761478662490845
v 0.058328893035650295 -0.02749095298349859 0.14795103669166565
v 0.05994019284844403 -0.03406745567917826 0.1468091458082199
v 0.05994019284844403 -0.03406745567917826 0.1468091458082199
v 0.058328893035650295 -0.02749095298349859 0.14795103669166565
v 0.05994019284844403 -0.03759101033210757 0.1584082543849945
v 0.05994019284844403 -0.03406745567917826 0.1468091458082199
v 0.05994019284844403 -0.03759101033210757 0.1584082543849945
v 0.05939660966396336 -0.04468858614563945 0.15584543347358704
v 0.05939660966396336 -0.04468858614563945 0.15584543347358704
v 0.05994019284844403 -0.03759101033210757 0.1584082543849945
v 0.05939660966396336 -0.04751703888177875 0.16868537664413452
v 0.05939660966396336 -0.04468858614563945 0.15584543347358704
v 0.05939660966396336 -0.04751703888177875 0.16868537664413452
v 0.05828642845153813 -0.050149850547313725 0.16049185395240784
v 0.05828642845153813 -0.050149850547313725 0.16049185395240784
v 0.05939660966396336 -0.04751703888177875 0.16868537664413452
v 0.05828642845153813 -0.05262082442641262 0.17396971583366394
v 0.05828642845153813 -0.050149850547313725 0.16049185395240784
v 0.05828642845153813 -0.05262082442641262 0.17396971583366394
v 0.05656765401363376 -0.05563002824783329 0.16515442728996277
v 0.05656765401363376 -0.05563002824783329 0.16515442728996277
v 0.05828642845153813 -0.05262082442641262 0.17396971583366394
v 0.05656765401363376 -0.05774222314357762 0.17927232384681702
v 0.05656765401363376 -0.05563002824783329 0.16515442728996277
v 0.05656765401363376 -0.05774222314357762 0.17927232384681702
v 0.054219275712966954 -0.06103895604610447 0.16975641250610352
v 0.054219275712966954 -0.06103895604610447 0.16975641250610352
v 0.05656765401363376 -0.05774222314357762 0.17927232384681702
v 0.054219275712966954 -0.06279698014259343 0.18450596928596497
v 0.054219275712966954 -0.06103895604610447 0.16975641250610352
v 0.054219275712966954 -0.06279698014259343 0.18450596928596497
v 0.05124292895197872 -0.06628151237964634 0.17421689629554749
v 0.05124292895197872 -0.06628151237964634 0.17421689629554749
v 0.054219275712966954 -0.06279698014259343 0.18450596928596497
v 0.05124292895197872 -0.06769619882106785 0.1895785629749298
v 0.05124292895197872 -0.06628151237964634 0.17421689629554749
v 0.05124292895197872 -0.06769619882106785 0.1895785629749298
v 0.04765824973583225 -0.07125963270664219 0.1784524917602539
v 0.04765824973583225 -0.07125963270664219 0.1784524917602539
v 0.05124292895197872 -0.06769619882106785 0.1895785629749298
v 0.04765824973583225 -0.07234823703765873 0.1943952739238739
v 0.04765824973583225 -0.07125963270664219 0.1784524917602539
v 0.04765824973583225 -0.07234823703765873 0.1943952739238739
v 0.0435101427137852 -0.07656422257423406 0.19063186645507812
v 0.0435101427137852 -0.07656422257423406 0.19063186645507812
v 0.04765824973583225 -0.07234823703765873 0.1943952739238739
v 0.0435101427137852 -0.07666752487421041 0.19886749982833862
v 0.0435101427137852 -0.07656422257423406 0.19063186645507812
v 0.0435101427137852 -0.07666752487421041 0.19886749982833862
v 0.03886068984866145 -0.08061807602643972 0.19443780183792114
v 0.03886068984866145 -0.08061807602643972 0.19443780183792114
v 0.0435101427137852 -0.07666752487421041 0.19886749982833862
v 0.03886068984866145 -0.08057422935962683 0.2029125690460205
v 0.03886068984866145 -0.08061807602643972 0.19443780183792114
v 0.03886068984866145 -0.08057422935962683 0.2029125690460205
v 0.033792003989219686 -0.08417932689189916 0.19778135418891907
v 0.033792003989219686 -0.08417932689189916 0.19778135418891907
v 0.03886068984866145 -0.08057422935962683 0.2029125690460205
v 0.033792003989219686 -0.08400618284940725 0.20646610856056213
v 0.033792003989219686 -0.08417932689189916 0.19778135418891907
v 0.033792003989219686 -0.08400618284940725 0.20646610856056213
v 0.028397269546985644 -0.08719623833894735 0.20061400532722473
v 0.028397269546985644 -0.08719623833894735 0.20061400532722473
v 0.033792003989219686 -0.08400618284940725 0.20646610856056213
v 0.028397269546985644 -0.08691352605819708 0.209476500749588
v 0.028397269546985644 -0.08719623833894735 0.20061400532722473
v 0.028397269546985644 -0.08691352605819708 0.209476500749588
v 0.02277721837162973 -0.08964201062917715 0.20291051268577576
v 0.02277721837162973 -0.08964201062917715 0.20291051268577576
v 0.028397269546985644 -0.08691352605819708 0.209476500749588
v 0.02277721837162973 -0.08927043527364736 0.211916983127594
v 0.02277721837162973 -0.08964201062917715 0.20291051268577576
v 0.02277721837162973 -0.08927043527364736 0.211916983127594
v 0.017091557383537303 -0.09150011837482458 0.20465540885925293
v 0.017091557383537303 -0.09150011837482458 0.20465540885925293
v 0.02277721837162973 -0.08927043527364736 0.211916983127594
v 0.017091557383537303 -0.09106098860502249 0.21377107501029968
v 0.017091557383537303 -0.09150011837482458 0.20465540885925293
v 0.017091557383537303 -0.09106098860502249 0.21377107501029968
v 0.011821994557976731 -0.0927522704005242 0.20583143830299377
v 0.011821994557976731 -0.0927522704005242 0.20583143830299377
v 0.017091557383537303 -0.09106098860502249 0.21377107501029968
v 0.011821994557976731 -0.09226758033037191 0.2150205671787262
v -0.017384400591254245 -0.07956779003143316 0.24716848134994507
v -0.011614818125963218 -0.08055353164672857 0.24874892830848694
v -0.011614818125963218 -0.07390171289443975 0.25556376576423645
v -0.011614818125963218 -0.07390171289443975 0.25556376576423645
v -0.011614818125963218 -0.08055353164672857 0.24874892830848694
v -0.003546169260516765 -0.08133104443550115 0.2499949336051941
v -0.011614818125963218 -0.07390171289443975 0.25556376576423645
v -0.003546169260516765 -0.08133104443550115 0.2499949336051941
v -0.003546169260516765 -0.07458915561437612 0.25684139132499695
v -0.003546169260516765 -0.07458915561437612 0.25684139132499695
v -0.003546169260516765 -0.08133104443550115 0.2499949336051941
v -0.0015107626095414173 -0.07812582701444631 0.25356027483940125
v -0.003546169260516765 -0.07458915561437612 0.25684139132499695
v -0.0015107626095414173 -0.07812582701444631 0.25356027483940125
v -0.0015107626095414173 -0.07458283752202993 0.25682953000068665
v -0.0015107626095414173 -0.07458283752202993 0.25682953000068665
v -0.0015107626095414173 -0.07812582701444631 0.25356027483940125
v 0.00299041345715523 -0.07806678861379629 0.25345805287361145
v -0.0015107626095414173 -0.07458283752202993 0.25682953000068665
v 0.00299041345715523 -0.07806678861379629 0.25345805287361145
v 0.00299041345715523 -0.07452739775180822 0.2567262649536133
v 0.00299041345715523 -0.07452739775180822 0.2567262649536133
v 0.00299041345715523 -0.07806678861379629 0.25345805287361145
v 0.0073463190346956305 -0.07435294240713125 0.25640174746513367
v -0.02312232926487924 -0.07815720140933996 0.244906485080719
v -0.017384400591254245 -0.07956779003143316 0.24716848134994507
v -0.017384400591254245 -0.07302996516227728 0.25394341349601746
v -0.017384400591254245 -0.07302996516227728 0.25394341349601746
v -0.017384400591254245 -0.07956779003143316 0.24716848134994507
v -0.011614818125963218 -0.07390171289443975 0.25556376576423645
v -0.017384400591254245 -0.07302996516227728 0.25394341349601746
v -0.011614818125963218 -0.07390171289443975 0.25556376576423645
v -0.011614818125963218 -0.0660728216171265 0.2609783411026001
v -0.011614818125963218 -0.0660728216171265 0.2609783411026001
v -0.011614818125963218 -0.07390171289443975 0.25556376576423645
v -0.003546169260516765 -0.07458915561437612 0.25684139132499695
v -0.011614818125963218 -0.0660728216171265 0.2609783411026001
v -0.003546169260516765 -0.07458915561437612 0.25684139132499695
v -0.003546169260516765 -0.0666606798768044 0.2622727155685425
v -0.003546169260516765 -0.0666606798768044 0.2622727155685425
v -0.003546169260516765 -0.07458915561437612 0.25684139132499695
v -0.0015107626095414173 -0.07458283752202993 0.25682953000068665
v -0.003546169260516765 -0.0666606798768044 0.2622727155685425
v -0.0015107626095414173 -0.07458283752202993 0.25682953000068665
v -0.0015107626095414173 -0.07074053585529332 0.25974175333976746
v -0.0015107626095414173 -0.07074053585529332 0.25974175333976746
v -0.0015107626095414173 -0.07458283752202993 0.25682953000068665
v 0.00299041345715523 -0.07452739775180822 0.2567262649536133
v -0.0015107626095414173 -0.07074053585529332 0.25974175333976746
v 0.00299041345715523 -0.07452739775180822 0.2567262649536133
v 0.00299041345715523 -0.07068889588117604 0.2596376836299896
v 0.00299041345715523 -0.07068889588117604 0.2596376836299896
v 0.00299041345715523 -0.07452739775180822 0.2567262649536133
v 0.0073463190346956305 -0.07435294240713125 0.25640174746513367
v 0.00299041345715523 -0.06660747528076176 0.2621561884880066
v 0.011821994557976731 -0.06608511507511143 0.2610073685646057
v 0.00299041345715523 -0.06234380975365643 0.2642531394958496
v 0.00299041345715523 -0.06234380975365643 0.2642531394958496
v 0.011821994557976731 -0.06608511507511143 0.2610073685646057
v 0.011821994557976731 -0.06186717748641972 0.2631024718284607
v 0.00299041345715523 -0.06234380975365643 0.2642531394958496
v 0.011821994557976731 -0.06186717748641972 0.2631024718284607
v 0.00299041345715523 -0.057963725179433864 0.265916109085083
v 0.00299041345715523 -0.057963725179433864 0.265916109085083
v 0.011821994557976731 -0.06186717748641972 0.2631024718284607
v 0.011821994557976731 -0.05753327161073689 0.2647674083709717
v 0.00299041345715523 -0.057963725179433864 0.265916109085083
v 0.011821994557976731 -0.05753327161073689 0.2647674083709717
v 0.00299041345715523 -0.05353071913123134 0.2671412229537964
v 0.011821994557976731 -0.048752069473266636 0.26680833101272583
v 0.011821994557976731 -0.053146407008171116 0.26599830389022827
v 0.017091557383537303 -0.05695390328764919 0.2632196545600891
v 0.011821994557976731 -0.040023226290941266 0.26728078722953796
v 0.0073463190346956305 -0.048992801457643544 0.26761752367019653
v 0.011821994557976731 -0.048752069473266636 0.26680833101272583
v 0.011821994557976731 -0.048752069473266636 0.26680833101272583
v 0.0073463190346956305 -0.048992801457643544 0.26761752367019653
v 0.00299041345715523 -0.05353071913123134 0.2671412229537964
v 0.011821994557976731 -0.048752069473266636 0.26680833101272583
v 0.00299041345715523 -0.05353071913123134 0.2671412229537964
v 0.011821994557976731 -0.053146407008171116 0.26599830389022827
v 0.011821994557976731 -0.053146407008171116 0.26599830389022827
v 0.00299041345715523 -0.05353071913123134 0.2671412229537964
v 0.011821994557976731 -0.05753327161073689 0.2647674083709717
v 0.011821994557976731 -0.053146407008171116 0.26599830389022827
v 0.011821994557976731 -0.05753327161073689 0.2647674083709717
v 0.017091557383537303 -0.05695390328764919 0.2632196545600891
v 0.017091557383537303 -0.05695390328764919 0.2632196545600891
v 0.011821994557976731 -0.05753327161073689 0.2647674083709717
v 0.011821994557976731 -0.06186717748641972 0.2631024718284607
v 0.017091557383537303 -0.05695390328764919 0.2632196545600891
v 0.011821994557976731 -0.06186717748641972 0.2631024718284607
v 0.017091557383537303 -0.06538151949644093 0.25945940613746643
v 0.017091557383537303 -0.06538151949644093 0.25945940613746643
v 0.011821994557976731 -0.06186717748641972 0.2631024718284607
v 0.011821994557976731 -0.06608511507511143 0.2610073685646057
v 0.017091557383537303 -0.06538151949644093 0.25945940613746643
v 0.011821994557976731 -0.06608511507511143 0.2610073685646057
v 0.011821994557976731 -0.07012196630239491 0.25849446654319763
v 0.011821994557976731 -0.07012196630239491 0.25849446654319763
v 0.011821994557976731 -0.06608511507511143 0.2610073685646057
v 0.00299041345715523 -0.06660747528076176 0.2621561884880066
v 0.033792003989219686 -0.0742118507623673 0.23856762051582336
v 0.03886068984866145 -0.07156907767057423 0.23432707786560059
v 0.03886068984866145 -0.06595188379287724 0.24078208208084106
v 0.03886068984866145 -0.06595188379287724 0.24078208208084106
v 0.03886068984866145 -0.07156907767057423 0.23432707786560059
v 0.0435101427137852 -0.06329038739204411 0.23583397269248962
v 0.03886068984866145 -0.06595188379287724 0.24078208208084106
v 0.0435101427137852 -0.06329038739204411 0.23583397269248962
v 0.0435101427137852 -0.05698892474174503 0.2409919798374176
v 0.0435101427137852 -0.05698892474174503 0.2409919798374176
v 0.0435101427137852 -0.06329038739204411 0.23583397269248962
v 0.04765824973583225 -0.054470486938953434 0.23544996976852417
v 0.0435101427137852 -0.05698892474174503 0.2409919798374176
v 0.04765824973583225 -0.054470486938953434 0.23544996976852417
v 0.04765824973583225 -0.04797277227044109 0.23921427130699158
v 0.028397269546985644 -0.0764505416154862 0.24215999245643616
v 0.033792003989219686 -0.0742118507623673 0.23856762051582336
v 0.033792003989219686 -0.06828989833593373 0.2451288402080536
v 0.033792003989219686 -0.06828989833593373 0.2451288402080536
v 0.033792003989219686 -0.0742118507623673 0.23856762051582336
v 0.03886068984866145 -0.06595188379287724 0.24078208208084106
v 0.033792003989219686 -0.06828989833593373 0.2451288402080536
v 0.03886068984866145 -0.06595188379287724 0.24078208208084106
v 0.03886068984866145 -0.05926681682467465 0.24600455164909363
v 0.03886068984866145 -0.05926681682467465 0.24600455164909363
v 0.03886068984866145 -0.06595188379287724 0.24078208208084106
v 0.0435101427137852 -0.05698892474174503 0.2409919798374176
v 0.03886068984866145 -0.05926681682467465 0.24600455164909363
v 0.0435101427137852 -0.05698892474174503 0.2409919798374176
v 0.0435101427137852 -0.05004556477069858 0.24475529789924622
v 0.0435101427137852 -0.05004556477069858 0.24475529789924622
v 0.0435101427137852 -0.05698892474174503 0.2409919798374176
v 0.04765824973583225 -0.04797277227044109 0.23921427130699158
v 0.0435101427137852 -0.05004556477069858 0.24475529789924622
v 0.04765824973583225 -0.04797277227044109 0.23921427130699158
v 0.04765824973583225 -0.04125500842928889 0.2415998876094818
v 0.017091557383537303 -0.05695390328764919 0.2632196545600891
v 0.017091557383537303 -0.04829783737659458 0.26528123021125793
v 0.011821994557976731 -0.048752069473266636 0.26680833101272583
v 0.011821994557976731 -0.048752069473266636 0.26680833101272583
v 0.017091557383537303 -0.04829783737659458 0.26528123021125793
v 0.017091557383537303 -0.039690855890512494 0.26579272747039795
v 0.011821994557976731 -0.048752069473266636 0.26680833101272583
v 0.017091557383537303 -0.039690855890512494 0.26579272747039795
v 0.011821994557976731 -0.040023226290941266 0.26728078722953796
v 0.011821994557976731 -0.040023226290941266 0.26728078722953796
v 0.017091557383537303 -0.039690855890512494 0.26579272747039795
v 0.017091557383537303 -0.030645141378045103 0.2658746540546417
v 0.033792003989219686 -0.03774810582399371 0.25709500908851624
v 0.028397269546985644 -0.03854866698384288 0.26067909598350525
v 0.028397269546985644 -0.04673671349883082 0.2600323259830475
v 0.028397269546985644 -0.029931467026472112 0.2609180510044098
v 0.028397269546985644 -0.03854866698384288 0.26067909598350525
v 0.033792003989219686 -0.029431186616420767 0.25744402408599854
v 0.033792003989219686 -0.029431186616420767 0.25744402408599854
v 0.028397269546985644 -0.03854866698384288 0.26067909598350525
v 0.033792003989219686 -0.03774810582399371 0.25709500908851624
v 0.033792003989219686 -0.029431186616420767 0.25744402408599854
v 0.033792003989219686 -0.03774810582399371 0.25709500908851624
v 0.03886068984866145 -0.02884063683450224 0.253343403339386
v 0.013351256027817735 -0.012500000186264524 0.2669956684112549
v 0.011797823943197736 -0.012500000186264524 0.2671706974506378
v 0.011821994557976731 -0.03085276298224928 0.2673170268535614
v 0.011821994557976731 -0.03085276298224928 0.2673170268535614
v 0.011797823943197736 -0.012500000186264524 0.2671706974506378
v 0.00299041345715523 -0.03100687824189665 0.26838868856430054
v 0.011821994557976731 -0.03085276298224928 0.2673170268535614
v 0.00299041345715523 -0.03100687824189665 0.26838868856430054
v 0.0073463190346956305 -0.04019940271973613 0.2680695950984955
v 0.0073463190346956305 -0.04019940271973613 0.2680695950984955
v 0.00299041345715523 -0.03100687824189665 0.26838868856430054
v 0.00299041345715523 -0.04027014598250392 0.2683863937854767
v 0.0073463190346956305 -0.04019940271973613 0.2680695950984955
v 0.00299041345715523 -0.04027014598250392 0.2683863937854767
v 0.00299041345715523 -0.04908941686153415 0.26794207096099854
v 0.00299041345715523 -0.04908941686153415 0.26794207096099854
v 0.00299041345715523 -0.04027014598250392 0.2683863937854767
v -0.0015107626095414173 -0.0491202995181084 0.2680456042289734
v 0.02277721837162973 -0.05609430372715 0.26092275977134705
v 0.028397269546985644 -0.04673671349883082 0.2600323259830475
v 0.02277721837162973 -0.04762383550405506 0.26301512122154236
v 0.02277721837162973 -0.04762383550405506 0.26301512122154236
v 0.028397269546985644 -0.04673671349883082 0.2600323259830475
v 0.028397269546985644 -0.03854866698384288 0.26067909598350525
v 0.02277721837162973 -0.04762383550405506 0.26301512122154236
v 0.028397269546985644 -0.03854866698384288 0.26067909598350525
v 0.02277721837162973 -0.039197713136673 0.2635848820209503
v 0.02277721837162973 -0.039197713136673 0.2635848820209503
v 0.028397269546985644 -0.03854866698384288 0.26067909598350525
v 0.028397269546985644 -0.029931467026472112 0.2609180510044098
v 0.02277721837162973 -0.039197713136673 0.2635848820209503
v 0.028397269546985644 -0.029931467026472112 0.2609180510044098
v 0.02277721837162973 -0.030337031930685064 0.2637346088886261
v 0.02277721837162973 -0.030337031930685064 0.2637346088886261
v 0.028397269546985644 -0.029931467026472112 0.2609180510044098
v 0.026033025234937685 -0.012500000186264524 0.26255813241004944
v 0.02277721837162973 -0.030337031930685064 0.2637346088886261
v 0.026033025234937685 -0.012500000186264524 0.26255813241004944
v 0.02268024161458017 -0.012500000186264524 0.26373133063316345
v 0.017091557383537303 -0.06538151949644093 0.25945940613746643
v 0.02277721837162973 -0.05609430372715 0.26092275977134705
v 0.017091557383537303 -0.05695390328764919 0.2632196545600891
v 0.017091557383537303 -0.05695390328764919 0.2632196545600891
v 0.02277721837162973 -0.05609430372715 0.26092275977134705
v 0.02277721837162973 -0.04762383550405506 0.26301512122154236
v 0.017091557383537303 -0.05695390328764919 0.2632196545600891
v 0.02277721837162973 -0.04762383550405506 0.26301512122154236
v 0.017091557383537303 -0.04829783737659458 0.26528123021125793
v 0.017091557383537303 -0.04829783737659458 0.26528123021125793
v 0.02277721837162973 -0.04762383550405506 0.26301512122154236
v 0.02277721837162973 -0.039197713136673 0.2635848820209503
v 0.017091557383537303 -0.04829783737659458 0.26528123021125793
v 0.02277721837162973 -0.039197713136673 0.2635848820209503
v 0.017091557383537303 -0.039690855890512494 0.26579272747039795
v 0.017091557383537303 -0.039690855890512494 0.26579272747039795
v 0.02277721837162973 -0.039197713136673 0.2635848820209503
v 0.02277721837162973 -0.030337031930685064 0.2637346088886261
v 0.017091557383537303 -0.039690855890512494 0.26579272747039795
v 0.02277721837162973 -0.030337031930685064 0.2637346088886261
v 0.017091557383537303 -0.030645141378045103 0.2658746540546417
v 0.017091557383537303 -0.030645141378045103 0.2658746540546417
v 0.02277721837162973 -0.030337031930685064 0.2637346088886261
v 0.02268024161458017 -0.012500000186264524 0.26373133063316345
v 0.0073463190346956305 -0.07435294240713125 0.25640174746513367
v 0.011821994557976731 -0.07012196630239491 0.25849446654319763
v 0.00299041345715523 -0.07068889588117604 0.2596376836299896
v 0.00299041345715523 -0.07068889588117604 0.2596376836299896
v 0.011821994557976731 -0.07012196630239491 0.25849446654319763
v 0.00299041345715523 -0.06660747528076176 0.2621561884880066
v 0.00299041345715523 -0.07068889588117604 0.2596376836299896
v 0.00299041345715523 -0.06660747528076176 0.2621561884880066
v -0.0015107626095414173 -0.06665515899658207 0.2622607350349426
v -0.0015107626095414173 -0.06665515899658207 0.2622607350349426
v 0.00299041345715523 -0.06660747528076176 0.2621561884880066
v -0.0015107626095414173 -0.062387418001890224 0.26435789465904236
v -0.0015107626095414173 -0.06665515899658207 0.2622607350349426
v -0.0015107626095414173 -0.062387418001890224 0.26435789465904236
v -0.003546169260516765 -0.05800794437527661 0.26603269577026367
v -0.003546169260516765 -0.05800794437527661 0.26603269577026367
v -0.0015107626095414173 -0.062387418001890224 0.26435789465904236
v -0.0015107626095414173 -0.05800326541066174 0.26602068543434143
v -0.003546169260516765 -0.05800794437527661 0.26603269577026367
v -0.0015107626095414173 -0.05800326541066174 0.26602068543434143
v -0.003546169260516765 -0.04912390932440761 0.26805758476257324
v -0.003546169260516765 -0.04912390932440761 0.26805758476257324
v -0.0015107626095414173 -0.05800326541066174 0.26602068543434143
v -0.0015107626095414173 -0.05356621369719509 0.267245352268219
v -0.003546169260516765 -0.04912390932440761 0.26805758476257324
v -0.0015107626095414173 -0.05356621369719509 0.267245352268219
v -0.0015107626095414173 -0.0491202995181084 0.2680456042289734
v -0.0015107626095414173 -0.0491202995181084 0.2680456042289734
v -0.0015107626095414173 -0.05356621369719509 0.267245352268219
v 0.00299041345715523 -0.05353071913123134 0.2671412229537964
v -0.0015107626095414173 -0.0491202995181084 0.2680456042289734
v 0.00299041345715523 -0.05353071913123134 0.2671412229537964
v 0.00299041345715523 -0.04908941686153415 0.26794207096099854
v 0.00299041345715523 -0.04908941686153415 0.26794207096099854
v 0.00299041345715523 -0.05353071913123134 0.2671412229537964
v 0.0073463190346956305 -0.048992801457643544 0.26761752367019653
v 0.00299041345715523 -0.04908941686153415 0.26794207096099854
v 0.0073463190346956305 -0.048992801457643544 0.26761752367019653
v 0.0073463190346956305 -0.04019940271973613 0.2680695950984955
v 0.0073463190346956305 -0.04019940271973613 0.2680695950984955
v 0.0073463190346956305 -0.048992801457643544 0.26761752367019653
v 0.011821994557976731 -0.040023226290941266 0.26728078722953796
v 0.0073463190346956305 -0.04019940271973613 0.2680695950984955
v 0.011821994557976731 -0.040023226290941266 0.26728078722953796
v 0.011821994557976731 -0.03085276298224928 0.2673170268535614
v 0.011821994557976731 -0.03085276298224928 0.2673170268535614
v 0.011821994557976731 -0.040023226290941266 0.26728078722953796
v 0.017091557383537303 -0.030645141378045103 0.2658746540546417
v 0.011821994557976731 -0.03085276298224928 0.2673170268535614
v 0.017091557383537303 -0.030645141378045103 0.2658746540546417
v 0.013351256027817735 -0.012500000186264524 0.2669956684112549
v 0.013351256027817735 -0.012500000186264524 0.2669956684112549
v 0.017091557383537303 -0.030645141378045103 0.2658746540546417
v 0.02268024161458017 -0.012500000186264524 0.26373133063316345
v 0.02277721837162973 -0.07826527208089834 0.24507224559783936
v 0.028397269546985644 -0.0764505416154862 0.24215999245643616
v 0.028397269546985644 -0.07027047872543339 0.24881115555763245
v 0.028397269546985644 -0.07027047872543339 0.24881115555763245
v 0.028397269546985644 -0.0764505416154862 0.24215999245643616
v 0.033792003989219686 -0.06828989833593373 0.2451288402080536
v 0.028397269546985644 -0.07027047872543339 0.24881115555763245
v 0.033792003989219686 -0.06828989833593373 0.2451288402080536
v 0.033792003989219686 -0.061267908662557644 0.25040796399116516
v 0.033792003989219686 -0.061267908662557644 0.25040796399116516
v 0.033792003989219686 -0.06828989833593373 0.2451288402080536
v 0.03886068984866145 -0.05926681682467465 0.24600455164909363
v 0.033792003989219686 -0.061267908662557644 0.25040796399116516
v 0.03886068984866145 -0.05926681682467465 0.24600455164909363
v 0.03886068984866145 -0.05192043632268909 0.249767005443573
v 0.03886068984866145 -0.05192043632268909 0.249767005443573
v 0.03886068984866145 -0.05926681682467465 0.24600455164909363
v 0.0435101427137852 -0.05004556477069858 0.24475529789924622
v 0.03886068984866145 -0.05192043632268909 0.249767005443573
v 0.0435101427137852 -0.05004556477069858 0.24475529789924622
v 0.0435101427137852 -0.04288053512573245 0.24706590175628662
v 0.0435101427137852 -0.04288053512573245 0.24706590175628662
v 0.0435101427137852 -0.05004556477069858 0.24475529789924622
v 0.04765824973583225 -0.04125500842928889 0.2415998876094818
v 0.0435101427137852 -0.04288053512573245 0.24706590175628662
v 0.04765824973583225 -0.04125500842928889 0.2415998876094818
v 0.04765824973583225 -0.03453831747174265 0.24272510409355164
v 0.017091557383537303 -0.07964379340410238 0.24728471040725708
v 0.02277721837162973 -0.07826527208089834 0.24507224559783936
v 0.02277721837162973 -0.0718760341405869 0.25179624557495117
v 0.02277721837162973 -0.0718760341405869 0.25179624557495117
v 0.02277721837162973 -0.07826527208089834 0.24507224559783936
v 0.028397269546985644 -0.07027047872543339 0.24881115555763245
v 0.02277721837162973 -0.0718760341405869 0.25179624557495117
v 0.028397269546985644 -0.07027047872543339 0.24881115555763245
v 0.028397269546985644 -0.06296313554048542 0.25413820147514343
v 0.028397269546985644 -0.06296313554048542 0.25413820147514343
v 0.028397269546985644 -0.07027047872543339 0.24881115555763245
v 0.033792003989219686 -0.061267908662557644 0.25040796399116516
v 0.028397269546985644 -0.06296313554048542 0.25413820147514343
v 0.033792003989219686 -0.061267908662557644 0.25040796399116516
v 0.033792003989219686 -0.05356754735112194 0.25416967272758484
v 0.033792003989219686 -0.05356754735112194 0.25416967272758484
v 0.033792003989219686 -0.061267908662557644 0.25040796399116516
v 0.03886068984866145 -0.05192043632268909 0.249767005443573
v 0.033792003989219686 -0.05356754735112194 0.25416967272758484
v 0.03886068984866145 -0.05192043632268909 0.249767005443573
v 0.03886068984866145 -0.0443508215248585 0.2520098090171814
v 0.03886068984866145 -0.0443508215248585 0.2520098090171814
v 0.03886068984866145 -0.05192043632268909 0.249767005443573
v 0.0435101427137852 -0.04288053512573245 0.24706590175628662
v 0.03886068984866145 -0.0443508215248585 0.2520098090171814
v 0.0435101427137852 -0.04288053512573245 0.24706590175628662
v 0.0435101427137852 -0.03572750836610796 0.24804899096488953
v 0.0435101427137852 -0.03572750836610796 0.24804899096488953
v 0.0435101427137852 -0.04288053512573245 0.24706590175628662
v 0.04765824973583225 -0.03453831747174265 0.24272510409355164
v 0.0435101427137852 -0.03572750836610796 0.24804899096488953
v 0.04765824973583225 -0.03453831747174265 0.24272510409355164
v 0.04765824973583225 -0.02742515131831171 0.24351537227630615
v 0.05994019284844403 -0.028175195679068583 0.19761595129966736
v 0.05994019284844403 -0.024969819933176058 0.19988852739334106
v 0.05939660966396336 -0.03191044554114344 0.21017682552337646
v 0.05939660966396336 -0.03191044554114344 0.21017682552337646
v 0.05994019284844403 -0.024969819933176058 0.19988852739334106
v 0.05939660966396336 -0.027702284976840037 0.21212124824523926
v 0.05939660966396336 -0.03191044554114344 0.21017682552337646
v 0.05939660966396336 -0.027702284976840037 0.21212124824523926
v 0.05828642845153813 -0.033831074833869955 0.21663543581962585
v 0.05828642845153813 -0.033831074833869955 0.21663543581962585
v 0.05939660966396336 -0.027702284976840037 0.21212124824523926
v 0.05828642845153813 -0.02910730242729189 0.21841126680374146
v 0.05828642845153813 -0.033831074833869955 0.21663543581962585
v 0.05828642845153813 -0.02910730242729189 0.21841126680374146
v 0.05656765401363376 -0.035758353769779226 0.22311636805534363
v 0.011821994557976731 -0.0805725902318955 0.2487756311893463
v 0.017091557383537303 -0.07964379340410238 0.24728471040725708
v 0.017091557383537303 -0.07309573143720632 0.25406402349472046
v 0.017091557383537303 -0.07309573143720632 0.25406402349472046
v 0.017091557383537303 -0.07964379340410238 0.24728471040725708
v 0.02277721837162973 -0.0718760341405869 0.25179624557495117
v 0.017091557383537303 -0.07309573143720632 0.25406402349472046
v 0.02277721837162973 -0.0718760341405869 0.25179624557495117
v 0.02277721837162973 -0.06433743238449101 0.2571621537208557
v 0.02277721837162973 -0.06433743238449101 0.2571621537208557
v 0.02277721837162973 -0.0718760341405869 0.25179624557495117
v 0.028397269546985644 -0.06296313554048542 0.25413820147514343
v 0.02277721837162973 -0.06433743238449101 0.2571621537208557
v 0.028397269546985644 -0.06296313554048542 0.25413820147514343
v 0.028397269546985644 -0.0549629703164101 0.25789928436279297
v 0.028397269546985644 -0.0549629703164101 0.25789928436279297
v 0.028397269546985644 -0.06296313554048542 0.25413820147514343
v 0.033792003989219686 -0.05356754735112194 0.25416967272758484
v 0.028397269546985644 -0.0549629703164101 0.25789928436279297
v 0.033792003989219686 -0.05356754735112194 0.25416967272758484
v 0.033792003989219686 -0.04564246907830241 0.2563529908657074
v 0.033792003989219686 -0.04564246907830241 0.2563529908657074
v 0.033792003989219686 -0.05356754735112194 0.25416967272758484
v 0.03886068984866145 -0.0443508215248585 0.2520098090171814
v 0.033792003989219686 -0.04564246907830241 0.2563529908657074
v 0.03886068984866145 -0.0443508215248585 0.2520098090171814
v 0.03886068984866145 -0.03680314496159556 0.2528645098209381
v 0.03886068984866145 -0.03680314496159556 0.2528645098209381
v 0.03886068984866145 -0.0443508215248585 0.2520098090171814
v 0.0435101427137852 -0.03572750836610796 0.24804899096488953
v 0.03886068984866145 -0.03680314496159556 0.2528645098209381
v 0.0435101427137852 -0.03572750836610796 0.24804899096488953
v 0.0435101427137852 -0.028168391436338442 0.24867576360702515
v 0.0435101427137852 -0.028168391436338442 0.24867576360702515
v 0.0435101427137852 -0.03572750836610796 0.24804899096488953
v 0.04765824973583225 -0.02742515131831171 0.24351537227630615
v 0.0435101427137852 -0.028168391436338442 0.24867576360702515
v 0.04765824973583225 -0.02742515131831171 0.24351537227630615
v 0.04765824973583225 -0.020288106054067626 0.24431964755058289
v 0.054219275712966954 -0.01960932277143003 0.23327499628067017
v 0.05418135598301891 -0.012500000186264524 0.23418086767196655
v 0.05405813083052639 -0.012500000186264524 0.23453301191329956
v 0.05124292895197872 -0.04574036598205569 0.2332463562488556
v 0.054219275712966954 -0.03766057640314105 0.2295129895210266
v 0.05124292895197872 -0.03950428962707522 0.23571282625198364
v 0.05124292895197872 -0.03950428962707522 0.23571282625198364
v 0.054219275712966954 -0.03766057640314105 0.2295129895210266
v 0.054219275712966954 -0.03190876916050913 0.23095297813415527
v 0.05124292895197872 -0.03950428962707522 0.23571282625198364
v 0.054219275712966954 -0.03190876916050913 0.23095297813415527
v 0.05124292895197872 -0.03325755521655085 0.236991286277771
v 0.05124292895197872 -0.03325755521655085 0.236991286277771
v 0.054219275712966954 -0.03190876916050913 0.23095297813415527
v 0.054219275712966954 -0.025781625881791132 0.23210474848747253
v 0.05124292895197872 -0.03325755521655085 0.236991286277771
v 0.054219275712966954 -0.025781625881791132 0.23210474848747253
v 0.05124292895197872 -0.026624655351042765 0.23795762658119202
v 0.05124292895197872 -0.026624655351042765 0.23795762658119202
v 0.054219275712966954 -0.025781625881791132 0.23210474848747253
v 0.054219275712966954 -0.01960932277143003 0.23327499628067017
v 0.05124292895197872 -0.026624655351042765 0.23795762658119202
v 0.054219275712966954 -0.01960932277143003 0.23327499628067017
v 0.05124292895197872 -0.01995750889182092 0.23894017934799194
v 0.05124292895197872 -0.01995750889182092 0.23894017934799194
v 0.054219275712966954 -0.01960932277143003 0.23327499628067017
v 0.05405813083052639 -0.012500000186264524 0.23453301191329956
v 0.05124292895197872 -0.01995750889182092 0.23894017934799194
v 0.05405813083052639 -0.012500000186264524 0.23453301191329956
v 0.050928626209497486 -0.012500000186264524 0.2395136058330536
v 0.04765824973583225 -0.054470486938953434 0.23544996976852417
v 0.05124292895197872 -0.04574036598205569 0.2332463562488556
v 0.04765824973583225 -0.04797277227044109 0.23921427130699158
v 0.04765824973583225 -0.04797277227044109 0.23921427130699158
v 0.05124292895197872 -0.04574036598205569 0.2332463562488556
v 0.05124292895197872 -0.03950428962707522 0.23571282625198364
v 0.04765824973583225 -0.04797277227044109 0.23921427130699158
v 0.05124292895197872 -0.03950428962707522 0.23571282625198364
v 0.04765824973583225 -0.04125500842928889 0.2415998876094818
v 0.04765824973583225 -0.04125500842928889 0.2415998876094818
v 0.05124292895197872 -0.03950428962707522 0.23571282625198364
v 0.05124292895197872 -0.03325755521655085 0.236991286277771
v 0.04765824973583225 -0.04125500842928889 0.2415998876094818
v 0.05124292895197872 -0.03325755521655085 0.236991286277771
v 0.04765824973583225 -0.03453831747174265 0.24272510409355164
v 0.04765824973583225 -0.03453831747174265 0.24272510409355164
v 0.05124292895197872 -0.03325755521655085 0.236991286277771
v 0.05124292895197872 -0.026624655351042765 0.23795762658119202
v 0.04765824973583225 -0.03453831747174265 0.24272510409355164
v 0.05124292895197872 -0.026624655351042765 0.23795762658119202
v 0.04765824973583225 -0.02742515131831171 0.24351537227630615
v 0.04765824973583225 -0.02742515131831171 0.24351537227630615
v 0.05124292895197872 -0.026624655351042765 0.23795762658119202
v 0.05124292895197872 -0.01995750889182092 0.23894017934799194
v 0.04765824973583225 -0.02742515131831171 0.24351537227630615
v 0.05124292895197872 -0.01995750889182092 0.23894017934799194
v 0.04765824973583225 -0.020288106054067626 0.24431964755058289
v 0.04765824973583225 -0.020288106054067626 0.24431964755058289
v 0.05124292895197872 -0.01995750889182092 0.23894017934799194
v 0.050928626209497486 -0.012500000186264524 0.2395136058330536
v 0.04765824973583225 -0.020288106054067626 0.24431964755058289
v 0.050928626209497486 -0.012500000186264524 0.2395136058330536
v 0.0475539825856686 -0.012500000186264524 0.24488431215286255
v 0.05656765401363376 -0.01925005950033666 0.2274300754070282
v 0.05656765401363376 -0.0249118320643902 0.22606617212295532
v 0.05828642845153813 -0.018886037170887007 0.2215081751346588
v 0.05828642845153813 -0.018886037170887007 0.2215081751346588
v 0.05656765401363376 -0.0249118320643902 0.22606617212295532
v 0.05828642845153813 -0.024030569940805453 0.21994814276695251
v 0.05828642845153813 -0.018886037170887007 0.2215081751346588
v 0.05828642845153813 -0.024030569940805453 0.21994814276695251
v 0.05939660966396336 -0.018523249775171294 0.21560677886009216
v 0.05939660966396336 -0.018523249775171294 0.21560677886009216
v 0.05939660966396336 -0.01592485234141351 0.21652370691299438
v 0.05828642845153813 -0.018886037170887007 0.2215081751346588
v 0.05828642845153813 -0.018886037170887007 0.2215081751346588
v 0.05939660966396336 -0.01592485234141351 0.21652370691299438
v 0.05828642845153813 -0.016060519963502894 0.22232425212860107
v 0.05828642845153813 -0.018886037170887007 0.2215081751346588
v 0.05828642845153813 -0.016060519963502894 0.22232425212860107
v 0.05656765401363376 -0.01925005950033666 0.2274300754070282
v 0.05656765401363376 -0.01925005950033666 0.2274300754070282
v 0.05828642845153813 -0.016060519963502894 0.22232425212860107
v 0.05656765401363376 -0.016196584329009066 0.22814476490020752
v 0.05621196702122692 -0.012500000186264524 0.22837772965431213
v 0.05656765401363376 -0.016196584329009066 0.22814476490020752
v 0.058197256177663845 -0.012500000186264524 0.22270408272743225
v 0.058197256177663845 -0.012500000186264524 0.22270408272743225
v 0.05656765401363376 -0.016196584329009066 0.22814476490020752
v 0.05828642845153813 -0.016060519963502894 0.22232425212860107
v 0.058197256177663845 -0.012500000186264524 0.22270408272743225
v 0.05828642845153813 -0.016060519963502894 0.22232425212860107
v 0.058495674282312435 -0.012500000186264524 0.22185125946998596
v 0.058495674282312435 -0.012500000186264524 0.22185125946998596
v 0.05828642845153813 -0.016060519963502894 0.22232425212860107
v 0.05939660966396336 -0.01592485234141351 0.21652370691299438
v 0.058495674282312435 -0.012500000186264524 0.22185125946998596
v 0.05939660966396336 -0.01592485234141351 0.21652370691299438
v 0.059048019349575084 -0.012500000186264524 0.21694907546043396
v 0.059999998658895534 -0.012500000186264524 0.2084999978542328
v 0.05418135598301891 -0.012500000186264524 0.23418086767196655
v 0.05656765401363376 -0.016196584329009066 0.22814476490020752
v 0.05418135598301891 -0.012500000186264524 0.23418086767196655
v 0.054219275712966954 -0.01960932277143003 0.23327499628067017
v 0.05656765401363376 -0.016196584329009066 0.22814476490020752
v 0.054219275712966954 -0.01960932277143003 0.23327499628067017
v 0.05656765401363376 -0.01925005950033666 0.2274300754070282
v 0.05656765401363376 -0.01925005950033666 0.2274300754070282
v 0.054219275712966954 -0.01960932277143003 0.23327499628067017
v 0.054219275712966954 -0.025781625881791132 0.23210474848747253
v 0.05656765401363376 -0.01925005950033666 0.2274300754070282
v 0.054219275712966954 -0.025781625881791132 0.23210474848747253
v 0.05656765401363376 -0.0249118320643902 0.22606617212295532
v 0.05656765401363376 -0.0249118320643902 0.22606617212295532
v 0.054219275712966954 -0.025781625881791132 0.23210474848747253
v 0.054219275712966954 -0.03190876916050913 0.23095297813415527
v 0.05656765401363376 -0.0249118320643902 0.22606617212295532
v 0.054219275712966954 -0.03190876916050913 0.23095297813415527
v 0.05656765401363376 -0.03051719628274443 0.22472313046455383
v 0.05656765401363376 -0.03051719628274443 0.22472313046455383
v 0.054219275712966954 -0.03190876916050913 0.23095297813415527
v 0.054219275712966954 -0.03766057640314105 0.2295129895210266
v 0.04690988734364513 -0.012500000186264524 0.24590939283370972
v 0.04325769841670993 -0.012500000186264524 0.24956157803535461
v 0.0435101427137852 -0.020595030859112753 0.24931448698043823
v 0.038733109831810025 -0.012500000186264524 0.2540861666202545
v 0.0435101427137852 -0.020595030859112753 0.24931448698043823
v 0.038733109831810025 -0.012500000186264524 0.2540861666202545
v 0.03886068984866145 -0.02884063683450224 0.253343403339386
v 0.03886068984866145 -0.02884063683450224 0.253343403339386
v 0.038733109831810025 -0.012500000186264524 0.2540861666202545
v 0.03740938752889636 -0.012500000186264524 0.2554098963737488
v 0.03886068984866145 -0.02884063683450224 0.253343403339386
v 0.03740938752889636 -0.012500000186264524 0.2554098963737488
v 0.033792003989219686 -0.029431186616420767 0.25744402408599854
v 0.033792003989219686 -0.029431186616420767 0.25744402408599854
v 0.03740938752889636 -0.012500000186264524 0.2554098963737488
v 0.03361354768276217 -0.012500000186264524 0.25779497623443604
v 0.033792003989219686 -0.029431186616420767 0.25744402408599854
v 0.03361354768276217 -0.012500000186264524 0.25779497623443604
v 0.028397269546985644 -0.029931467026472112 0.2609180510044098
v 0.028397269546985644 -0.029931467026472112 0.2609180510044098
v 0.03361354768276217 -0.012500000186264524 0.25779497623443604
v 0.02827067859470846 -0.012500000186264524 0.26115211844444275
v 0.026033025234937685 -0.012500000186264524 0.26255813241004944
v 0.05429974943399433 -0.02284464612603189 0.15615731477737427
v 0.05429974943399433 -0.022849457338452353 0.1606510579586029
v 0.056628901511430775 -0.026741124689579027 0.16240793466567993
v 0.056628901511430775 -0.026741124689579027 0.16240793466567993
v 0.05429974943399433 -0.022849457338452353 0.1606510579586029
v 0.056628901511430775 -0.02629619278013708 0.16705864667892456
v 0.056628901511430775 -0.026741124689579027 0.16240793466567993
v 0.056628901511430775 -0.02629619278013708 0.16705864667892456
v 0.058328893035650295 -0.030686717480421087 0.1687374711036682
v 0.058328893035650295 -0.030686717480421087 0.1687374711036682
v 0.056628901511430775 -0.02629619278013708 0.16705864667892456
v 0.058328893035650295 -0.029786404222250006 0.17354708909988403
v 0.058328893035650295 -0.030686717480421087 0.1687374711036682
v 0.058328893035650295 -0.029786404222250006 0.17354708909988403
v 0.05994019284844403 -0.03846583515405658 0.1812170147895813
v 0.05994019284844403 -0.03846583515405658 0.1812170147895813
v 0.058328893035650295 -0.029786404222250006 0.17354708909988403
v 0.05994019284844403 -0.03666776418685916 0.18633994460105896
v 0.05994019284844403 -0.03846583515405658 0.1812170147895813
v 0.05994019284844403 -0.03666776418685916 0.18633994460105896
v 0.05939660966396336 -0.04611071571707728 0.19348156452178955
v 0.05939660966396336 -0.04611071571707728 0.19348156452178955
v 0.05994019284844403 -0.03666776418685916 0.18633994460105896
v 0.05939660966396336 -0.043430469930171994 0.19891226291656494
v 0.05939660966396336 -0.04611071571707728 0.19348156452178955
v 0.05939660966396336 -0.043430469930171994 0.19891226291656494
v 0.05828642845153813 -0.05004149302840236 0.19978776574134827
v 0.05828642845153813 -0.05004149302840236 0.19978776574134827
v 0.05939660966396336 -0.043430469930171994 0.19891226291656494
v 0.05828642845153813 -0.046907693147659336 0.20537671446800232
v 0.05828642845153813 -0.05004149302840236 0.19978776574134827
v 0.05828642845153813 -0.046907693147659336 0.20537671446800232
v 0.05656765401363376 -0.05398578196763996 0.2061157524585724
v 0.05656765401363376 -0.05398578196763996 0.2061157524585724
v 0.05828642845153813 -0.046907693147659336 0.20537671446800232
v 0.05656765401363376 -0.05039689317345623 0.2118634581565857
v 0.05656765401363376 -0.05398578196763996 0.2061157524585724
v 0.05656765401363376 -0.05039689317345623 0.2118634581565857
v 0.054219275712966954 -0.05787868052721028 0.2123614251613617
v 0.054219275712966954 -0.05787868052721028 0.2123614251613617
v 0.05656765401363376 -0.05039689317345623 0.2118634581565857
v 0.054219275712966954 -0.053840663284063374 0.21826577186584473
v 0.054219275712966954 -0.05787868052721028 0.2123614251613617
v 0.054219275712966954 -0.053840663284063374 0.21826577186584473
v 0.05124292895197872 -0.061651725322008175 0.21841490268707275
v 0.05124292895197872 -0.061651725322008175 0.21841490268707275
v 0.054219275712966954 -0.053840663284063374 0.21826577186584473
v 0.05124292895197872 -0.057178437709808384 0.2244710624217987
v 0.05124292895197872 -0.061651725322008175 0.21841490268707275
v 0.05124292895197872 -0.057178437709808384 0.2244710624217987
v 0.04765824973583225 -0.0652343332767487 0.2241629660129547
v 0.04765824973583225 -0.0652343332767487 0.2241629660129547
v 0.05124292895197872 -0.057178437709808384 0.2244710624217987
v 0.04765824973583225 -0.060347776859998745 0.23036324977874756
v 0.04765824973583225 -0.0652343332767487 0.2241629660129547
v 0.04765824973583225 -0.060347776859998745 0.23036324977874756
v 0.0435101427137852 -0.06856061518192295 0.2294999063014984
v 0.05429974943399433 -0.02238002419471742 0.1648288071155548
v 0.05429974943399433 -0.02156387269496919 0.1686059534549713
v 0.056628901511430775 -0.025329526513814943 0.17131999135017395
v 0.056628901511430775 -0.025329526513814943 0.17131999135017395
v 0.05429974943399433 -0.02156387269496919 0.1686059534549713
v 0.056628901511430775 -0.0239909738302231 0.17509594559669495
v 0.056628901511430775 -0.025329526513814943 0.17131999135017395
v 0.056628901511430775 -0.0239909738302231 0.17509594559669495
v 0.058328893035650295 -0.028316266834735888 0.17789307236671448
v 0.058328893035650295 -0.028316266834735888 0.17789307236671448
v 0.056628901511430775 -0.0239909738302231 0.17509594559669495
v 0.058328893035650295 -0.026448763906955736 0.18166780471801758
v 0.058328893035650295 -0.028316266834735888 0.17789307236671448
v 0.058328893035650295 -0.026448763906955736 0.18166780471801758
v 0.05994019284844403 -0.03420507162809374 0.19085276126861572
v 0.05994019284844403 -0.03420507162809374 0.19085276126861572
v 0.058328893035650295 -0.026448763906955736 0.18166780471801758
v 0.05994019284844403 -0.031294774264097235 0.19462507963180542
v 0.05994019284844403 -0.03420507162809374 0.19085276126861572
v 0.05994019284844403 -0.031294774264097235 0.19462507963180542
v 0.05939660966396336 -0.03999245166778567 0.2035890519618988
v 0.05939660966396336 -0.03999245166778567 0.2035890519618988
v 0.05994019284844403 -0.031294774264097235 0.19462507963180542
v 0.05939660966396336 -0.03605746477842333 0.20735904574394226
v 0.05939660966396336 -0.03999245166778567 0.2035890519618988
v 0.05939660966396336 -0.03605746477842333 0.20735904574394226
v 0.05828642845153813 -0.04296822845935824 0.2101377546787262
v 0.05828642845153813 -0.04296822845935824 0.2101377546787262
v 0.05939660966396336 -0.03605746477842333 0.20735904574394226
v 0.05828642845153813 -0.03850642219185832 0.21390658617019653
v 0.05828642845153813 -0.04296822845935824 0.2101377546787262
v 0.05828642845153813 -0.03850642219185832 0.21390658617019653
v 0.05656765401363376 -0.045954294502735166 0.21670907735824585
v 0.05656765401363376 -0.045954294502735166 0.21670907735824585
v 0.05828642845153813 -0.03850642219185832 0.21390658617019653
v 0.05656765401363376 -0.04096388071775439 0.2204766869544983
v 0.05656765401363376 -0.045954294502735166 0.21670907735824585
v 0.05656765401363376 -0.04096388071775439 0.2204766869544983
v 0.054219275712966954 -0.048901509493589436 0.22319483757019043
v 0.054219275712966954 -0.048901509493589436 0.22319483757019043
v 0.05656765401363376 -0.04096388071775439 0.2204766869544983
v 0.054219275712966954 -0.043389413505792646 0.22696131467819214
v 0.054219275712966954 -0.048901509493589436 0.22319483757019043
v 0.054219275712966954 -0.043389413505792646 0.22696131467819214
v 0.05124292895197872 -0.051758054643869435 0.22948101162910461
v -0.0336328372359276 -0.006296610925346617 0.1296243518590927
v -0.0336328372359276 -0.009860819205641753 0.1372702717781067
v -0.028229752555489557 -0.004070580471307042 0.12605230510234833
v -0.028229752555489557 -0.004070580471307042 0.12605230510234833
v -0.0336328372359276 -0.009860819205641753 0.1372702717781067
v -0.028229752555489557 -0.008175177499651914 0.1335611194372177
v -0.028229752555489557 -0.004070580471307042 0.12605230510234833
v -0.028229752555489557 -0.008175177499651914 0.1335611194372177
v -0.022604495286941542 -0.0022688845638185753 0.1231609582901001
v -0.022604495286941542 -0.0022688845638185753 0.1231609582901001
v -0.028229752555489557 -0.008175177499651914 0.1335611194372177
v -0.022604495286941542 -0.006810745690017943 0.13055887818336487
v -0.022604495286941542 -0.0022688845638185753 0.1231609582901001
v -0.022604495286941542 -0.006810745690017943 0.13055887818336487
v -0.016859784722328196 -0.0009001087164506323 0.12096412479877472
v -0.016859784722328196 -0.0009001087164506323 0.12096412479877472
v -0.022604495286941542 -0.006810745690017943 0.13055887818336487
v -0.016859784722328196 -0.005774031858891252 0.12827786803245544
v -0.016859784722328196 -0.0009001087164506323 0.12096412479877472
v -0.016859784722328196 -0.005774031858891252 0.12827786803245544
v -0.011092000640928752 4.518263813224624e-05 0.11944666504859924
v -0.011092000640928752 4.518263813224624e-05 0.11944666504859924
v -0.016859784722328196 -0.005774031858891252 0.12827786803245544
v -0.011092000640928752 -0.005057902541011575 0.12670235335826874
v -0.011092000640928752 4.518263813224624e-05 0.11944666504859924
v -0.011092000640928752 -0.005057902541011575 0.12670235335826874
v -0.005397376604378227 0.0005850966554135088 0.11857955157756805
v -0.005397376604378227 0.0005850966554135088 0.11857955157756805
v -0.011092000640928752 -0.005057902541011575 0.12670235335826874
v -0.005397376604378227 -0.0046486589126288926 0.12580221891403198
v -0.005397376604378227 0.0005850966554135088 0.11857955157756805
v -0.005397376604378227 -0.0046486589126288926 0.12580221891403198
v 0.00016779782890807848 0.0007498768973164266 0.11831428110599518
v 0.00016779782890807848 0.0007498768973164266 0.11831428110599518
v -0.005397376604378227 -0.0046486589126288926 0.12580221891403198
v 0.00016779782890807848 -0.004523410927504304 0.1255270540714264
v 0.00016779782890807848 0.0007498768973164266 0.11831428110599518
v 0.00016779782890807848 -0.004523410927504304 0.1255270540714264
v 0.005738519132137302 0.0005608162027783695 0.11861665546894073
v 0.005738519132137302 0.0005608162027783695 0.11861665546894073
v 0.00016779782890807848 -0.004523410927504304 0.1255270540714264
v 0.005738519132137302 -0.004666027147322897 0.12584137916564941
v 0.005738519132137302 0.0005608162027783695 0.11861665546894073
v 0.005738519132137302 -0.004666027147322897 0.12584137916564941
v 0.011440484784543521 -5.467969003802867e-06 0.11952418088912964
v 0.011440484784543521 -5.467969003802867e-06 0.11952418088912964
v 0.005738519132137302 -0.004666027147322897 0.12584137916564941
v 0.011440484784543521 -0.0050941975787282025 0.12678413093090057
v 0.011440484784543521 -5.467969003802867e-06 0.11952418088912964
v 0.011440484784543521 -0.0050941975787282025 0.12678413093090057
v 0.017209554091095935 -0.0009785770671442158 0.12108436226844788
v 0.017209554091095935 -0.0009785770671442158 0.12108436226844788
v 0.011440484784543521 -0.0050941975787282025 0.12678413093090057
v 0.017209554091095935 -0.005830336362123493 0.1284046471118927
v 0.017209554091095935 -0.0009785770671442158 0.12108436226844788
v 0.017209554091095935 -0.005830336362123493 0.1284046471118927
v 0.02294983156025411 -0.002376075135543944 0.12332537770271301
v 0.02294983156025411 -0.002376075135543944 0.12332537770271301
v 0.017209554091095935 -0.005830336362123493 0.1284046471118927
v 0.02294983156025411 -0.006887748837471013 0.13073217868804932
v 0.02294983156025411 -0.002376075135543944 0.12332537770271301
v 0.02294983156025411 -0.006887748837471013 0.13073217868804932
v 0.028564581647515314 -0.004206349607557061 0.1262606978416443
v 0.028564581647515314 -0.004206349607557061 0.1262606978416443
v 0.02294983156025411 -0.006887748837471013 0.13073217868804932
v 0.028564581647515314 -0.00827279314398766 0.13378073275089264
v 0.028564581647515314 -0.004206349607557061 0.1262606978416443
v 0.028564581647515314 -0.00827279314398766 0.13378073275089264
v 0.03395087271928789 -0.006460100412368779 0.12987543642520905
v 0.03395087271928789 -0.006460100412368779 0.12987543642520905
v 0.028564581647515314 -0.00827279314398766 0.13378073275089264
v 0.03395087271928789 -0.00997843965888024 0.13753482699394226
v 0.03395087271928789 -0.006460100412368779 0.12987543642520905
v 0.03395087271928789 -0.00997843965888024 0.13753482699394226
v 0.039008203893899945 -0.009116825647652156 0.13413670659065247
v 0.039008203893899945 -0.009116825647652156 0.13413670659065247
v 0.03395087271928789 -0.00997843965888024 0.13753482699394226
v 0.039008203893899945 -0.011989174410700807 0.1419602930545807
v 0.039008203893899945 -0.009116825647652156 0.13413670659065247
v 0.039008203893899945 -0.011989174410700807 0.1419602930545807
v 0.04364354535937312 -0.012137789279222497 0.1389823853969574
v 0.04364354535937312 -0.012137789279222497 0.1389823853969574
v 0.039008203893899945 -0.011989174410700807 0.1419602930545807
v 0.04364354535937312 -0.014275684021413335 0.14699262380599976
v 0.04364354535937312 -0.012137789279222497 0.1389823853969574
v 0.04364354535937312 -0.014275684021413335 0.14699262380599976
v 0.04777545109391216 -0.01547461561858655 0.14433486759662628
v 0.04777545109391216 -0.01547461561858655 0.14433486759662628
v 0.04364354535937312 -0.014275684021413335 0.14699262380599976
v 0.04777545109391216 -0.01680135354399682 0.15255123376846313
v 0.04777545109391216 -0.01547461561858655 0.14433486759662628
v 0.04777545109391216 -0.01680135354399682 0.15255123376846313
v 0.05134218186140064 -0.01906559802591802 0.15009519457817078
v 0.05134218186140064 -0.01906559802591802 0.15009519457817078
v 0.04777545109391216 -0.01680135354399682 0.15255123376846313
v 0.05134218186140064 -0.019519478082656874 0.15853333473205566
v 0.05134218186140064 -0.01906559802591802 0.15009519457817078
v 0.05134218186140064 -0.019519478082656874 0.15853333473205566
v 0.05429974943399433 -0.022849457338452353 0.1606510579586029
v 0.05429974943399433 -0.022849457338452353 0.1606510579586029
v 0.05134218186140064 -0.019519478082656874 0.15853333473205566
v 0.05429974943399433 -0.02238002419471742 0.1648288071155548
v 0.05429974943399433 -0.022849457338452353 0.1606510579586029
v 0.05429974943399433 -0.02238002419471742 0.1648288071155548
v 0.056628901511430775 -0.02629619278013708 0.16705864667892456
v 0.056628901511430775 -0.02629619278013708 0.16705864667892456
v 0.05429974943399433 -0.02238002419471742 0.1648288071155548
v 0.056628901511430775 -0.025329526513814943 0.17131999135017395
v 0.056628901511430775 -0.02629619278013708 0.16705864667892456
v 0.056628901511430775 -0.025329526513814943 0.17131999135017395
v 0.058328893035650295 -0.029786404222250006 0.17354708909988403
v 0.058328893035650295 -0.029786404222250006 0.17354708909988403
v 0.056628901511430775 -0.025329526513814943 0.17131999135017395
v 0.058328893035650295 -0.028316266834735888 0.17789307236671448
v 0.058328893035650295 -0.029786404222250006 0.17354708909988403
v 0.058328893035650295 -0.028316266834735888 0.17789307236671448
v 0.05994019284844403 -0.03666776418685916 0.18633994460105896
v 0.05994019284844403 -0.03666776418685916 0.18633994460105896
v 0.058328893035650295 -0.028316266834735888 0.17789307236671448
v 0.05994019284844403 -0.03420507162809374 0.19085276126861572
v 0.05994019284844403 -0.03666776418685916 0.18633994460105896
v 0.05994019284844403 -0.03420507162809374 0.19085276126861572
v 0.05939660966396336 -0.043430469930171994 0.19891226291656494
v 0.05939660966396336 -0.043430469930171994 0.19891226291656494
v 0.05994019284844403 -0.03420507162809374 0.19085276126861572
v 0.05939660966396336 -0.03999245166778567 0.2035890519618988
v 0.05939660966396336 -0.043430469930171994 0.19891226291656494
v 0.05939660966396336 -0.03999245166778567 0.2035890519618988
v 0.05828642845153813 -0.046907693147659336 0.20537671446800232
v 0.05828642845153813 -0.046907693147659336 0.20537671446800232
v 0.05939660966396336 -0.03999245166778567 0.2035890519618988
v 0.05828642845153813 -0.04296822845935824 0.2101377546787262
v 0.05828642845153813 -0.046907693147659336 0.20537671446800232
v 0.05828642845153813 -0.04296822845935824 0.2101377546787262
v 0.05656765401363376 -0.05039689317345623 0.2118634581565857
v 0.05656765401363376 -0.05039689317345623 0.2118634581565857
v 0.05828642845153813 -0.04296822845935824 0.2101377546787262
v 0.05656765401363376 -0.045954294502735166 0.21670907735824585
v 0.05656765401363376 -0.05039689317345623 0.2118634581565857
v 0.05656765401363376 -0.045954294502735166 0.21670907735824585
v 0.054219275712966954 -0.053840663284063374 0.21826577186584473
v 0.054219275712966954 -0.053840663284063374 0.21826577186584473
v 0.05656765401363376 -0.045954294502735166 0.21670907735824585
v 0.054219275712966954 -0.048901509493589436 0.22319483757019043
v 0.054219275712966954 -0.053840663284063374 0.21826577186584473
v 0.054219275712966954 -0.048901509493589436 0.22319483757019043
v 0.05124292895197872 -0.057178437709808384 0.2244710624217987
v 0.05124292895197872 -0.057178437709808384 0.2244710624217987
v 0.054219275712966954 -0.048901509493589436 0.22319483757019043
v 0.05124292895197872 -0.051758054643869435 0.22948101162910461
v 0.05124292895197872 -0.057178437709808384 0.2244710624217987
v 0.05124292895197872 -0.051758054643869435 0.22948101162910461
v 0.04765824973583225 -0.060347776859998745 0.23036324977874756
v 0.058328893035650295 -0.01709958538413049 0.19245177507400513
v 0.058328893035650295 -0.015391876921057712 0.19376295804977417
v 0.05994019284844403 -0.015660807490348826 0.2052423655986786
v 0.05994019284844403 -0.015660807490348826 0.2052423655986786
v 0.058328893035650295 -0.015391876921057712 0.19376295804977417
v 0.058495674282312435 -0.012500000186264524 0.19514873623847961
v 0.05994019284844403 -0.015660807490348826 0.2052423655986786
v 0.058495674282312435 -0.012500000186264524 0.19514873623847961
v 0.05970015749335293 -0.012500000186264524 0.20583882927894592
v 0.039008203893899945 -0.014644465409219275 0.16193324327468872
v 0.039008203893899945 -0.01420325320214034 0.16236340999603271
v 0.04364354535937312 -0.014749366790056239 0.16639110445976257
v 0.04364354535937312 -0.014749366790056239 0.16639110445976257
v 0.039008203893899945 -0.01420325320214034 0.16236340999603271
v 0.04364354535937312 -0.013712089508771905 0.16710400581359863
v 0.04364354535937312 -0.014749366790056239 0.16639110445976257
v 0.04364354535937312 -0.013712089508771905 0.16710400581359863
v 0.04777545109391216 -0.013765439391136178 0.17199254035949707
v 0.04777545109391216 -0.014865122735500346 0.17131507396697998
v 0.04777545109391216 -0.013765439391136178 0.17199254035949707
v 0.05134218186140064 -0.01498959306627513 0.17661413550376892
v 0.05134218186140064 -0.01498959306627513 0.17661413550376892
v 0.04777545109391216 -0.013765439391136178 0.17199254035949707
v 0.051030449569225346 -0.012500000186264524 0.17764845490455627
v 0.05134218186140064 -0.01498959306627513 0.17661413550376892
v 0.051030449569225346 -0.012500000186264524 0.17764845490455627
v 0.05429974943399433 -0.015120490454137336 0.18219071626663208
v 0.051030449569225346 -0.012500000186264524 0.17764845490455627
v 0.05405813083052639 -0.012500000186264524 0.18246698379516602
v 0.05429974943399433 -0.015120490454137336 0.18219071626663208
v 0.05429974943399433 -0.015120490454137336 0.18219071626663208
v 0.05405813083052639 -0.012500000186264524 0.18246698379516602
v 0.05424328520894054 -0.012500000186264524 0.18299612402915955
v 0.05429974943399433 -0.015120490454137336 0.18219071626663208
v 0.05424328520894054 -0.012500000186264524 0.18299612402915955
v 0.056628901511430775 -0.015255371108651172 0.1879405975341797
v 0.056628901511430775 -0.015255371108651172 0.1879405975341797
v 0.05424328520894054 -0.012500000186264524 0.18299612402915955
v 0.05627295374870304 -0.012500000186264524 0.18879657983779907
v 0.056628901511430775 -0.015255371108651172 0.1879405975341797
v 0.05627295374870304 -0.012500000186264524 0.18879657983779907
v 0.058328893035650295 -0.015391876921057712 0.19376295804977417
v 0.058328893035650295 -0.015391876921057712 0.19376295804977417
v 0.05627295374870304 -0.012500000186264524 0.18879657983779907
v 0.05825643986463551 -0.012500000186264524 0.1944650411605835
v 0.058495674282312435 -0.012500000186264524 0.19514873623847961
v 0.017209554091095935 -0.009862842038273818 0.1360318660736084
v 0.017209554091095935 -0.013069916516542443 0.143868088722229
v 0.02294983156025411 -0.01054517179727555 0.13832683861255646
v 0.02294983156025411 -0.01054517179727555 0.13832683861255646
v 0.017209554091095935 -0.013069916516542443 0.143868088722229
v 0.02294983156025411 -0.013382019475102433 0.14603352546691895
v 0.02294983156025411 -0.01054517179727555 0.13832683861255646
v 0.02294983156025411 -0.013382019475102433 0.14603352546691895
v 0.028564581647515314 -0.01143896114081145 0.14133289456367493
v 0.028564581647515314 -0.01143896114081145 0.14133289456367493
v 0.02294983156025411 -0.013382019475102433 0.14603352546691895
v 0.028564581647515314 -0.013790815137326726 0.14887022972106934
v 0.028564581647515314 -0.01143896114081145 0.14133289456367493
v 0.028564581647515314 -0.013790815137326726 0.14887022972106934
v 0.03395087271928789 -0.012539676390588292 0.1450347900390625
v 0.03395087271928789 -0.012539676390588292 0.1450347900390625
v 0.028564581647515314 -0.013790815137326726 0.14887022972106934
v 0.03395087271928789 -0.014294227585196504 0.15236377716064453
v 0.03395087271928789 -0.012539676390588292 0.1450347900390625
v 0.03395087271928789 -0.014294227585196504 0.15236377716064453
v 0.039008203893899945 -0.01383730676025153 0.14939886331558228
v 0.039008203893899945 -0.01383730676025153 0.14939886331558228
v 0.03395087271928789 -0.014294227585196504 0.15236377716064453
v 0.039008203893899945 -0.014887678436934958 0.15648245811462402
v 0.039008203893899945 -0.01383730676025153 0.14939886331558228
v 0.039008203893899945 -0.014887678436934958 0.15648245811462402
v 0.04364354535937312 -0.01531293522566558 0.15436145663261414
v 0.04364354535937312 -0.01531293522566558 0.15436145663261414
v 0.039008203893899945 -0.014887678436934958 0.15648245811462402
v 0.04364354535937312 -0.015562516637146483 0.1611662209033966
v 0.04364354535937312 -0.01531293522566558 0.15436145663261414
v 0.04364354535937312 -0.015562516637146483 0.1611662209033966
v 0.04777545109391216 -0.016942933201789866 0.15984311699867249
v 0.04777545109391216 -0.016942933201789866 0.15984311699867249
v 0.04364354535937312 -0.015562516637146483 0.1611662209033966
v 0.04777545109391216 -0.016307935118675242 0.16634005308151245
v 0.04777545109391216 -0.016942933201789866 0.15984311699867249
v 0.04777545109391216 -0.016307935118675242 0.16634005308151245
v 0.05134218186140064 -0.018697153776884093 0.16574248671531677
v 0.05134218186140064 -0.018697153776884093 0.16574248671531677
v 0.04777545109391216 -0.016307935118675242 0.16634005308151245
v 0.05134218186140064 -0.017110148444771777 0.17190825939178467
v 0.05134218186140064 -0.018697153776884093 0.16574248671531677
v 0.05134218186140064 -0.017110148444771777 0.17190825939178467
v 0.05429974943399433 -0.020543312653899207 0.17195099592208862
v 0.05429974943399433 -0.020543312653899207 0.17195099592208862
v 0.05134218186140064 -0.017110148444771777 0.17190825939178467
v 0.05429974943399433 -0.01795439235866071 0.17776834964752197
v 0.05429974943399433 -0.020543312653899207 0.17195099592208862
v 0.05429974943399433 -0.01795439235866071 0.17776834964752197
v 0.056628901511430775 -0.02244689874351026 0.17835256457328796
v 0.056628901511430775 -0.02244689874351026 0.17835256457328796
v 0.05429974943399433 -0.01795439235866071 0.17776834964752197
v 0.056628901511430775 -0.018824884667992606 0.18381080031394958
v 0.056628901511430775 -0.02244689874351026 0.17835256457328796
v 0.056628901511430775 -0.018824884667992606 0.18381080031394958
v 0.058328893035650295 -0.024374533444643038 0.18483492732048035
v 0.058328893035650295 -0.024374533444643038 0.18483492732048035
v 0.056628901511430775 -0.018824884667992606 0.18381080031394958
v 0.058328893035650295 -0.019706364721059813 0.18992966413497925
v 0.058328893035650295 -0.024374533444643038 0.18483492732048035
v 0.058328893035650295 -0.019706364721059813 0.18992966413497925
v 0.05994019284844403 -0.024969819933176058 0.19988852739334106
v 0.05994019284844403 -0.024969819933176058 0.19988852739334106
v 0.058328893035650295 -0.019706364721059813 0.18992966413497925
v 0.05994019284844403 -0.02144432440400125 0.2019941806793213
v 0.05994019284844403 -0.024969819933176058 0.19988852739334106
v 0.05994019284844403 -0.02144432440400125 0.2019941806793213
v 0.05939660966396336 -0.027702284976840037 0.21212124824523926
v 0.05939660966396336 -0.027702284976840037 0.21212124824523926
v 0.05994019284844403 -0.02144432440400125 0.2019941806793213
v 0.05939660966396336 -0.02315234020352365 0.21385127305984497
v 0.05939660966396336 -0.027702284976840037 0.21212124824523926
v 0.05939660966396336 -0.02315234020352365 0.21385127305984497
v 0.05828642845153813 -0.02910730242729189 0.21841126680374146
v 0.02294983156025411 -0.014680091291666041 0.15092632174491882
v 0.028564581647515314 -0.01470892783254386 0.1541624367237091
v 0.028564581647515314 -0.014791703782975684 0.1536499261856079
v 0.028564581647515314 -0.014791703782975684 0.1536499261856079
v 0.028564581647515314 -0.01470892783254386 0.1541624367237091
v 0.03395087271928789 -0.014814793132245551 0.15750259160995483
v 0.028564581647515314 -0.014791703782975684 0.1536499261856079
v 0.03395087271928789 -0.014814793132245551 0.15750259160995483
v 0.03395087271928789 -0.014928905293345462 0.15700417757034302
v 0.03395087271928789 -0.014928905293345462 0.15700417757034302
v 0.03395087271928789 -0.014814793132245551 0.15750259160995483
v 0.039008203893899945 -0.014939360320568095 0.1614401936531067
v 0.03395087271928789 -0.014928905293345462 0.15700417757034302
v 0.039008203893899945 -0.014939360320568095 0.1614401936531067
v 0.039008203893899945 -0.015090439468622218 0.16095852851867676
v 0.039008203893899945 -0.015090439468622218 0.16095852851867676
v 0.039008203893899945 -0.014939360320568095 0.1614401936531067
v 0.04364354535937312 -0.015080809593200694 0.16591781377792358
v 0.039008203893899945 -0.015090439468622218 0.16095852851867676
v 0.04364354535937312 -0.015080809593200694 0.16591781377792358
v 0.04364354535937312 -0.015273948200047027 0.1654554009437561
v 0.04364354535937312 -0.015273948200047027 0.1654554009437561
v 0.04364354535937312 -0.015080809593200694 0.16591781377792358
v 0.04777545109391216 -0.015236875973641883 0.17086374759674072
v 0.04364354535937312 -0.015273948200047027 0.1654554009437561
v 0.04777545109391216 -0.015236875973641883 0.17086374759674072
v 0.04777545109391216 -0.015476490370929252 0.1704227328300476
v 0.04777545109391216 -0.015476490370929252 0.1704227328300476
v 0.04777545109391216 -0.015236875973641883 0.17086374759674072
v 0.05134218186140064 -0.015694323927164088 0.17576870322227478
v 0.058328893035650295 -0.01709958538413049 0.19245177507400513
v 0.056628901511430775 -0.016735367476940165 0.18652895092964172
v 0.056628901511430775 -0.015255371108651172 0.1879405975341797
v 0.056628901511430775 -0.015255371108651172 0.1879405975341797
v 0.056628901511430775 -0.016735367476940165 0.18652895092964172
v 0.05429974943399433 -0.01592344418168069 0.18139484524726868
v 0.056628901511430775 -0.015255371108651172 0.1879405975341797
v 0.05429974943399433 -0.01592344418168069 0.18139484524726868
v 0.05429974943399433 -0.015120490454137336 0.18219071626663208
v 0.05429974943399433 -0.015120490454137336 0.18219071626663208
v 0.05429974943399433 -0.01592344418168069 0.18139484524726868
v 0.05134218186140064 -0.015694323927164088 0.17576870322227478
v 0.05429974943399433 -0.015120490454137336 0.18219071626663208
v 0.05134218186140064 -0.015694323927164088 0.17576870322227478
v 0.05134218186140064 -0.01498959306627513 0.17661413550376892
v 0.05134218186140064 -0.01498959306627513 0.17661413550376892
v 0.05134218186140064 -0.015694323927164088 0.17576870322227478
v 0.04777545109391216 -0.015236875973641883 0.17086374759674072
v 0.05134218186140064 -0.01498959306627513 0.17661413550376892
v 0.04777545109391216 -0.015236875973641883 0.17086374759674072
v 0.04777545109391216 -0.014865122735500346 0.17131507396697998
v 0.04777545109391216 -0.014865122735500346 0.17131507396697998
v 0.04777545109391216 -0.015236875973641883 0.17086374759674072
v 0.04364354535937312 -0.015080809593200694 0.16591781377792358
v 0.04777545109391216 -0.014865122735500346 0.17131507396697998
v 0.04364354535937312 -0.015080809593200694 0.16591781377792358
v 0.04364354535937312 -0.014749366790056239 0.16639110445976257
v 0.04364354535937312 -0.014749366790056239 0.16639110445976257
v 0.04364354535937312 -0.015080809593200694 0.16591781377792358
v 0.039008203893899945 -0.014939360320568095 0.1614401936531067
v 0.04364354535937312 -0.014749366790056239 0.16639110445976257
v 0.039008203893899945 -0.014939360320568095 0.1614401936531067
v 0.039008203893899945 -0.014644465409219275 0.16193324327468872
v 0.039008203893899945 -0.014644465409219275 0.16193324327468872
v 0.039008203893899945 -0.014939360320568095 0.1614401936531067
v 0.03395087271928789 -0.014814793132245551 0.15750259160995483
v 0.039008203893899945 -0.014644465409219275 0.16193324327468872
v 0.03395087271928789 -0.014814793132245551 0.15750259160995483
v 0.03395087271928789 -0.014552097767591487 0.15801286697387695
v 0.03395087271928789 -0.014552097767591487 0.15801286697387695
v 0.03395087271928789 -0.014814793132245551 0.15750259160995483
v 0.028564581647515314 -0.01470892783254386 0.1541624367237091
v 0.017209554091095935 -0.01435659732669593 0.1478646844625473
v 0.02294983156025411 -0.014680091291666041 0.15092632174491882
v 0.02294983156025411 -0.014485714957118045 0.1499609649181366
v 0.02294983156025411 -0.014485714957118045 0.1499609649181366
v 0.02294983156025411 -0.014680091291666041 0.15092632174491882
v 0.028564581647515314 -0.014791703782975684 0.1536499261856079
v 0.02294983156025411 -0.014485714957118045 0.1499609649181366
v 0.028564581647515314 -0.014791703782975684 0.1536499261856079
v 0.028564581647515314 -0.014654775150120269 0.15270698070526123
v 0.028564581647515314 -0.014654775150120269 0.15270698070526123
v 0.028564581647515314 -0.014791703782975684 0.1536499261856079
v 0.03395087271928789 -0.014928905293345462 0.15700417757034302
v 0.028564581647515314 -0.014654775150120269 0.15270698070526123
v 0.03395087271928789 -0.014928905293345462 0.15700417757034302
v 0.03395087271928789 -0.014862916432321082 0.15608882904052734
v 0.03395087271928789 -0.014862916432321082 0.15608882904052734
v 0.03395087271928789 -0.014928905293345462 0.15700417757034302
v 0.039008203893899945 -0.015090439468622218 0.16095852851867676
v 0.03395087271928789 -0.014862916432321082 0.15608882904052734
v 0.039008203893899945 -0.015090439468622218 0.16095852851867676
v 0.039008203893899945 -0.015108246356248866 0.16007572412490845
v 0.039008203893899945 -0.015108246356248866 0.16007572412490845
v 0.039008203893899945 -0.015090439468622218 0.16095852851867676
v 0.04364354535937312 -0.015273948200047027 0.1654554009437561
v 0.039008203893899945 -0.015108246356248866 0.16007572412490845
v 0.04364354535937312 -0.015273948200047027 0.1654554009437561
v 0.04364354535937312 -0.015387185849249373 0.16460955142974854
v 0.04364354535937312 -0.015387185849249373 0.16460955142974854
v 0.04364354535937312 -0.015273948200047027 0.1654554009437561
v 0.04777545109391216 -0.015476490370929252 0.1704227328300476
v 0.04364354535937312 -0.015387185849249373 0.16460955142974854
v 0.04777545109391216 -0.015476490370929252 0.1704227328300476
v 0.04777545109391216 -0.015695268288254748 0.16961774230003357
v 0.04777545109391216 -0.015695268288254748 0.16961774230003357
v 0.04777545109391216 -0.015476490370929252 0.1704227328300476
v 0.05134218186140064 -0.015694323927164088 0.17576870322227478
v 0.04777545109391216 -0.015695268288254748 0.16961774230003357
v 0.05134218186140064 -0.015694323927164088 0.17576870322227478
v 0.05134218186140064 -0.016026796773076068 0.1750076413154602
v 0.05134218186140064 -0.016026796773076068 0.1750076413154602
v 0.05134218186140064 -0.015694323927164088 0.17576870322227478
v 0.05429974943399433 -0.01592344418168069 0.18139484524726868
v 0.05134218186140064 -0.016026796773076068 0.1750076413154602
v 0.05429974943399433 -0.01592344418168069 0.18139484524726868
v 0.05429974943399433 -0.016375670209527026 0.1806800663471222
v 0.05429974943399433 -0.016375670209527026 0.1806800663471222
v 0.05429974943399433 -0.01592344418168069 0.18139484524726868
v 0.056628901511430775 -0.016735367476940165 0.18652895092964172
v 0.017209554091095935 -0.013069916516542443 0.143868088722229
v 0.017209554091095935 -0.01435659732669593 0.1478646844625473
v 0.02294983156025411 -0.013382019475102433 0.14603352546691895
v 0.02294983156025411 -0.013382019475102433 0.14603352546691895
v 0.017209554091095935 -0.01435659732669593 0.1478646844625473
v 0.02294983156025411 -0.014485714957118045 0.1499609649181366
v 0.02294983156025411 -0.013382019475102433 0.14603352546691895
v 0.02294983156025411 -0.014485714957118045 0.1499609649181366
v 0.028564581647515314 -0.013790815137326726 0.14887022972106934
v 0.028564581647515314 -0.013790815137326726 0.14887022972106934
v 0.02294983156025411 -0.014485714957118045 0.1499609649181366
v 0.028564581647515314 -0.014654775150120269 0.15270698070526123
v 0.028564581647515314 -0.013790815137326726 0.14887022972106934
v 0.028564581647515314 -0.014654775150120269 0.15270698070526123
v 0.03395087271928789 -0.014294227585196504 0.15236377716064453
v 0.03395087271928789 -0.014294227585196504 0.15236377716064453
v 0.028564581647515314 -0.014654775150120269 0.15270698070526123
v 0.03395087271928789 -0.014862916432321082 0.15608882904052734
v 0.03395087271928789 -0.014294227585196504 0.15236377716064453
v 0.03395087271928789 -0.014862916432321082 0.15608882904052734
v 0.039008203893899945 -0.014887678436934958 0.15648245811462402
v 0.039008203893899945 -0.014887678436934958 0.15648245811462402
v 0.03395087271928789 -0.014862916432321082 0.15608882904052734
v 0.039008203893899945 -0.015108246356248866 0.16007572412490845
v 0.039008203893899945 -0.014887678436934958 0.15648245811462402
v 0.039008203893899945 -0.015108246356248866 0.16007572412490845
v 0.04364354535937312 -0.015562516637146483 0.1611662209033966
v 0.04364354535937312 -0.015562516637146483 0.1611662209033966
v 0.039008203893899945 -0.015108246356248866 0.16007572412490845
v 0.04364354535937312 -0.015387185849249373 0.16460955142974854
v 0.04364354535937312 -0.015562516637146483 0.1611662209033966
v 0.04364354535937312 -0.015387185849249373 0.16460955142974854
v 0.04777545109391216 -0.016307935118675242 0.16634005308151245
v 0.04777545109391216 -0.016307935118675242 0.16634005308151245
v 0.04364354535937312 -0.015387185849249373 0.16460955142974854
v 0.04777545109391216 -0.015695268288254748 0.16961774230003357
v 0.04777545109391216 -0.016307935118675242 0.16634005308151245
v 0.04777545109391216 -0.015695268288254748 0.16961774230003357
v 0.05134218186140064 -0.017110148444771777 0.17190825939178467
v 0.05134218186140064 -0.017110148444771777 0.17190825939178467
v 0.04777545109391216 -0.015695268288254748 0.16961774230003357
v 0.05134218186140064 -0.016026796773076068 0.1750076413154602
v 0.05134218186140064 -0.017110148444771777 0.17190825939178467
v 0.05134218186140064 -0.016026796773076068 0.1750076413154602
v 0.05429974943399433 -0.01795439235866071 0.17776834964752197
v 0.05429974943399433 -0.01795439235866071 0.17776834964752197
v 0.05134218186140064 -0.016026796773076068 0.1750076413154602
v 0.05429974943399433 -0.016375670209527026 0.1806800663471222
v 0.05429974943399433 -0.01795439235866071 0.17776834964752197
v 0.05429974943399433 -0.016375670209527026 0.1806800663471222
v 0.056628901511430775 -0.018824884667992606 0.18381080031394958
v 0.056628901511430775 -0.018824884667992606 0.18381080031394958
v 0.05429974943399433 -0.016375670209527026 0.1806800663471222
v 0.056628901511430775 -0.016735367476940165 0.18652895092964172
v 0.056628901511430775 -0.018824884667992606 0.18381080031394958
v 0.056628901511430775 -0.016735367476940165 0.18652895092964172
v 0.058328893035650295 -0.019706364721059813 0.18992966413497925
v 0.058328893035650295 -0.019706364721059813 0.18992966413497925
v 0.056628901511430775 -0.016735367476940165 0.18652895092964172
v 0.058328893035650295 -0.01709958538413049 0.19245177507400513
v 0.058328893035650295 -0.019706364721059813 0.18992966413497925
v 0.058328893035650295 -0.01709958538413049 0.19245177507400513
v 0.05994019284844403 -0.02144432440400125 0.2019941806793213
v 0.05994019284844403 -0.02144432440400125 0.2019941806793213
v 0.058328893035650295 -0.01709958538413049 0.19245177507400513
v 0.05994019284844403 -0.01781763695180417 0.20412972569465637
v 0.05994019284844403 -0.02144432440400125 0.2019941806793213
v 0.05994019284844403 -0.01781763695180417 0.20412972569465637
v 0.05939660966396336 -0.02315234020352365 0.21385127305984497
v 0.03395087271928789 -0.013621266931295404 0.1587866246700287
v 0.03395087271928789 -0.014137920923531064 0.15845873951911926
v 0.028564581647515314 -0.014082475565373906 0.15514636039733887
v 0.028564581647515314 -0.014082475565373906 0.15514636039733887
v 0.03395087271928789 -0.014137920923531064 0.15845873951911926
v 0.028564581647515314 -0.014473614282906066 0.15468716621398926
v 0.028564581647515314 -0.014082475565373906 0.15514636039733887
v 0.028564581647515314 -0.014473614282906066 0.15468716621398926
v 0.02294983156025411 -0.014409733936190616 0.15198639035224915
v 0.02294983156025411 -0.014409733936190616 0.15198639035224915
v 0.028564581647515314 -0.014473614282906066 0.15468716621398926
v 0.02294983156025411 -0.014622736722230922 0.15145006775856018
v 0.02294983156025411 -0.014409733936190616 0.15198639035224915
v 0.02294983156025411 -0.014622736722230922 0.15145006775856018
v 0.017209554091095935 -0.014556671492755423 0.14937928318977356
v 0.017209554091095935 -0.014556671492755423 0.14937928318977356
v 0.02294983156025411 -0.014622736722230922 0.15145006775856018
v 0.017209554091095935 -0.014594645239412795 0.14884719252586365
v 0.017209554091095935 -0.014556671492755423 0.14937928318977356
v 0.017209554091095935 -0.014594645239412795 0.14884719252586365
v 0.011440484784543521 -0.014534873887896548 0.14739996194839478
v 0.011440484784543521 -0.014534873887896548 0.14739996194839478
v 0.017209554091095935 -0.014594645239412795 0.14884719252586365
v 0.011440484784543521 -0.014266650192439565 0.14640553295612335
v 0.011440484784543521 -0.014534873887896548 0.14739996194839478
v 0.011440484784543521 -0.014266650192439565 0.14640553295612335
v 0.005738519132137302 -0.014214254915714273 0.14555710554122925
v 0.005738519132137302 -0.014214254915714273 0.14555710554122925
v 0.011440484784543521 -0.014266650192439565 0.14640553295612335
v 0.011440484784543521 -0.01285263057798148 0.1423608660697937
v 0.005738519132137302 -0.014214254915714273 0.14555710554122925
v 0.011440484784543521 -0.01285263057798148 0.1423608660697937
v 0.005738519132137302 -0.012726235203444966 0.1414846032857895
v 0.02294983156025411 -0.013555867597460755 0.15280458331108093
v 0.02294983156025411 -0.014037420973181733 0.1524563431739807
v 0.017209554091095935 -0.01400298811495305 0.15040242671966553
v 0.017209554091095935 -0.01400298811495305 0.15040242671966553
v 0.02294983156025411 -0.014037420973181733 0.1524563431739807
v 0.017209554091095935 -0.014360790140926848 0.14992424845695496
v 0.017209554091095935 -0.01400298811495305 0.15040242671966553
v 0.017209554091095935 -0.014360790140926848 0.14992424845695496
v 0.011440484784543521 -0.014326504431664954 0.1484883427619934
v 0.011440484784543521 -0.014326504431664954 0.1484883427619934
v 0.017209554091095935 -0.014360790140926848 0.14992424845695496
v 0.011440484784543521 -0.014510356821119796 0.14793764054775238
v 0.011440484784543521 -0.014326504431664954 0.1484883427619934
v 0.011440484784543521 -0.014510356821119796 0.14793764054775238
v 0.005738519132137302 -0.014482993632555018 0.1470990777015686
v 0.005738519132137302 -0.014482993632555018 0.1470990777015686
v 0.011440484784543521 -0.014510356821119796 0.14793764054775238
v 0.005738519132137302 -0.014499729499220858 0.1465584933757782
v 0.005738519132137302 -0.014482993632555018 0.1470990777015686
v 0.005738519132137302 -0.014499729499220858 0.1465584933757782
v -0.005397376604378227 -0.01449654158204795 0.14652574062347412
v -0.005397376604378227 -0.01449654158204795 0.14652574062347412
v 0.005738519132137302 -0.014499729499220858 0.1465584933757782
v -0.005397376604378227 -0.0142117664217949 0.14552398025989532
v -0.005397376604378227 -0.01449654158204795 0.14652574062347412
v -0.005397376604378227 -0.0142117664217949 0.14552398025989532
v -0.011092000640928752 -0.014261473901569852 0.14633622765541077
v -0.011092000640928752 -0.014261473901569852 0.14633622765541077
v -0.005397376604378227 -0.0142117664217949 0.14552398025989532
v -0.005397376604378227 -0.012721049599349507 0.1414508819580078
v -0.011092000640928752 -0.014261473901569852 0.14633622765541077
v -0.005397376604378227 -0.012721049599349507 0.1414508819580078
v -0.011092000640928752 -0.012841798365116128 0.14229027926921844
v 0.00569715537130833 -0.012500000186264524 0.14914190769195557
v 0.013351256027817735 -0.012500000186264524 0.1500043272972107
v 0.005738519132137302 -0.013000648468732843 0.14871037006378174
v 0.005738519132137302 -0.013000648468732843 0.14871037006378174
v 0.013351256027817735 -0.012500000186264524 0.1500043272972107
v 0.017209554091095935 -0.01353345438838006 0.15075799822807312
v 0.005738519132137302 -0.013000648468732843 0.14871037006378174
v 0.017209554091095935 -0.01353345438838006 0.15075799822807312
v 0.005738519132137302 -0.013508676551282415 0.1485045850276947
v 0.005738519132137302 -0.013508676551282415 0.1485045850276947
v 0.017209554091095935 -0.01353345438838006 0.15075799822807312
v 0.005738519132137302 -0.01396494824439288 0.14813992381095886
v 0.005738519132137302 -0.013508676551282415 0.1485045850276947
v 0.005738519132137302 -0.01396494824439288 0.14813992381095886
v -0.005397376604378227 -0.01396411284804345 0.1481042206287384
v -0.005397376604378227 -0.01396411284804345 0.1481042206287384
v 0.005738519132137302 -0.01396494824439288 0.14813992381095886
v -0.005397376604378227 -0.014304152689874181 0.1476171761751175
v -0.005397376604378227 -0.01396411284804345 0.1481042206287384
v -0.005397376604378227 -0.014304152689874181 0.1476171761751175
v -0.011092000640928752 -0.014322145842015752 0.1484140157699585
v -0.011092000640928752 -0.014322145842015752 0.1484140157699585
v -0.005397376604378227 -0.014304152689874181 0.1476171761751175
v -0.011092000640928752 -0.014504045248031627 0.1478661298751831
v -0.011092000640928752 -0.014322145842015752 0.1484140157699585
v -0.011092000640928752 -0.014504045248031627 0.1478661298751831
v -0.016859784722328196 -0.01454703975468875 0.14926835894584656
v -0.016859784722328196 -0.01454703975468875 0.14926835894584656
v -0.011092000640928752 -0.014504045248031627 0.1478661298751831
v -0.016859784722328196 -0.014584640040993701 0.1487407386302948
v -0.016859784722328196 -0.01454703975468875 0.14926835894584656
v -0.016859784722328196 -0.014584640040993701 0.1487407386302948
v -0.022604495286941542 -0.014666575938463221 0.15078061819076538
v -0.022604495286941542 -0.014666575938463221 0.15078061819076538
v -0.016859784722328196 -0.014584640040993701 0.1487407386302948
v -0.022604495286941542 -0.014474806375801574 0.1498136818408966
v -0.022604495286941542 -0.014666575938463221 0.15078061819076538
v -0.022604495286941542 -0.014474806375801574 0.1498136818408966
v -0.028229752555489557 -0.014640978537499915 0.15252014994621277
v -0.028229752555489557 -0.014640978537499915 0.15252014994621277
v -0.022604495286941542 -0.014474806375801574 0.1498136818408966
v -0.022604495286941542 -0.013359050266444692 0.14588336646556854
v -0.028229752555489557 -0.014640978537499915 0.15252014994621277
v -0.022604495286941542 -0.013359050266444692 0.14588336646556854
v -0.028229752555489557 -0.013761701993644246 0.1486797034740448
v 0.03740938752889636 -0.012500000186264524 0.1615900993347168
v 0.039008203893899945 -0.013663773424923429 0.16267842054367065
v 0.03377642855048182 -0.012500000186264524 0.1593073606491089
v 0.03377642855048182 -0.012500000186264524 0.1593073606491089
v 0.039008203893899945 -0.013663773424923429 0.16267842054367065
v 0.03395087271928789 -0.013621266931295404 0.1587866246700287
v 0.03377642855048182 -0.012500000186264524 0.1593073606491089
v 0.03395087271928789 -0.013621266931295404 0.1587866246700287
v 0.028564581647515314 -0.013585188426077375 0.1554853320121765
v 0.028564581647515314 -0.013585188426077375 0.1554853320121765
v 0.03395087271928789 -0.013621266931295404 0.1587866246700287
v 0.028564581647515314 -0.014082475565373906 0.15514636039733887
v 0.028564581647515314 -0.013585188426077375 0.1554853320121765
v 0.028564581647515314 -0.014082475565373906 0.15514636039733887
v 0.02294983156025411 -0.014037420973181733 0.1524563431739807
v 0.02294983156025411 -0.014037420973181733 0.1524563431739807
v 0.028564581647515314 -0.014082475565373906 0.15514636039733887
v 0.02294983156025411 -0.014409733936190616 0.15198639035224915
v 0.02294983156025411 -0.014037420973181733 0.1524563431739807
v 0.02294983156025411 -0.014409733936190616 0.15198639035224915
v 0.017209554091095935 -0.014360790140926848 0.14992424845695496
v 0.017209554091095935 -0.014360790140926848 0.14992424845695496
v 0.02294983156025411 -0.014409733936190616 0.15198639035224915
v 0.017209554091095935 -0.014556671492755423 0.14937928318977356
v 0.017209554091095935 -0.014360790140926848 0.14992424845695496
v 0.017209554091095935 -0.014556671492755423 0.14937928318977356
v 0.011440484784543521 -0.014510356821119796 0.14793764054775238
v 0.011440484784543521 -0.014510356821119796 0.14793764054775238
v 0.017209554091095935 -0.014556671492755423 0.14937928318977356
v 0.011440484784543521 -0.014534873887896548 0.14739996194839478
v 0.011440484784543521 -0.014510356821119796 0.14793764054775238
v 0.011440484784543521 -0.014534873887896548 0.14739996194839478
v 0.005738519132137302 -0.014499729499220858 0.1465584933757782
v 0.005738519132137302 -0.014499729499220858 0.1465584933757782
v 0.011440484784543521 -0.014534873887896548 0.14739996194839478
v 0.005738519132137302 -0.014214254915714273 0.14555710554122925
v 0.005738519132137302 -0.014499729499220858 0.1465584933757782
v 0.005738519132137302 -0.014214254915714273 0.14555710554122925
v -0.005397376604378227 -0.0142117664217949 0.14552398025989532
v -0.005397376604378227 -0.0142117664217949 0.14552398025989532
v 0.005738519132137302 -0.014214254915714273 0.14555710554122925
v 0.005738519132137302 -0.012726235203444966 0.1414846032857895
v -0.005397376604378227 -0.0142117664217949 0.14552398025989532
v 0.005738519132137302 -0.012726235203444966 0.1414846032857895
v 0.00016779782890807848 -0.012684115208685407 0.14119334518909454
v -0.011092000640928752 -0.012841798365116128 0.14229027926921844
v -0.016859784722328196 -0.014348595403134833 0.14775708317756653
v -0.011092000640928752 -0.014261473901569852 0.14633622765541077
v -0.011092000640928752 -0.014261473901569852 0.14633622765541077
v -0.016859784722328196 -0.014348595403134833 0.14775708317756653
v -0.011092000640928752 -0.014528332278132449 0.14733141660690308
v -0.011092000640928752 -0.014261473901569852 0.14633622765541077
v -0.011092000640928752 -0.014528332278132449 0.14733141660690308
v -0.005397376604378227 -0.01449654158204795 0.14652574062347412
v -0.005397376604378227 -0.01449654158204795 0.14652574062347412
v -0.011092000640928752 -0.014528332278132449 0.14733141660690308
v -0.005397376604378227 -0.014479909092187892 0.14706484973430634
v -0.005397376604378227 -0.01449654158204795 0.14652574062347412
v -0.005397376604378227 -0.014479909092187892 0.14706484973430634
v 0.005738519132137302 -0.014482993632555018 0.1470990777015686
v 0.005738519132137302 -0.014482993632555018 0.1470990777015686
v -0.005397376604378227 -0.014479909092187892 0.14706484973430634
v 0.005738519132137302 -0.014306280761957177 0.14765280485153198
v 0.005738519132137302 -0.014482993632555018 0.1470990777015686
v 0.005738519132137302 -0.014306280761957177 0.14765280485153198
v 0.011440484784543521 -0.014326504431664954 0.1484883427619934
v 0.011440484784543521 -0.014326504431664954 0.1484883427619934
v 0.005738519132137302 -0.014306280761957177 0.14765280485153198
v 0.005738519132137302 -0.01396494824439288 0.14813992381095886
v 0.011440484784543521 -0.014326504431664954 0.1484883427619934
v 0.005738519132137302 -0.01396494824439288 0.14813992381095886
v 0.017209554091095935 -0.01400298811495305 0.15040242671966553
v 0.017209554091095935 -0.01400298811495305 0.15040242671966553
v 0.005738519132137302 -0.01396494824439288 0.14813992381095886
v 0.017209554091095935 -0.01353345438838006 0.15075799822807312
v 0.017209554091095935 -0.01400298811495305 0.15040242671966553
v 0.017209554091095935 -0.01353345438838006 0.15075799822807312
v 0.02294983156025411 -0.013555867597460755 0.15280458331108093
v 0.02294983156025411 -0.013555867597460755 0.15280458331108093
v 0.017209554091095935 -0.01353345438838006 0.15075799822807312
v 0.02285622060298921 -0.012500000186264524 0.1533302664756775
v 0.02294983156025411 -0.013555867597460755 0.15280458331108093
v 0.02285622060298921 -0.012500000186264524 0.1533302664756775
v 0.028564581647515314 -0.013585188426077375 0.1554853320121765
v 0.028564581647515314 -0.013585188426077375 0.1554853320121765
v 0.02285622060298921 -0.012500000186264524 0.1533302664756775
v 0.026033025234937685 -0.012500000186264524 0.15444186329841614
v 0.026033025234937685 -0.012500000186264524 0.15444186329841614
v -0.0336328372359276 -0.012465367093682298 0.14477981626987457
v -0.0336328372359276 -0.01425915304571391 0.15213409066200256
v -0.028229752555489557 -0.011377306655049331 0.1411212831735611
v -0.028229752555489557 -0.011377306655049331 0.1411212831735611
v -0.0336328372359276 -0.01425915304571391 0.15213409066200256
v -0.028229752555489557 -0.013761701993644246 0.1486797034740448
v -0.028229752555489557 -0.011377306655049331 0.1411212831735611
v -0.028229752555489557 -0.013761701993644246 0.1486797034740448
v -0.022604495286941542 -0.010496553964912898 0.13815991580486298
v -0.022604495286941542 -0.010496553964912898 0.13815991580486298
v -0.028229752555489557 -0.013761701993644246 0.1486797034740448
v -0.022604495286941542 -0.013359050266444692 0.14588336646556854
v -0.022604495286941542 -0.010496553964912898 0.13815991580486298
v -0.022604495286941542 -0.013359050266444692 0.14588336646556854
v -0.016859784722328196 -0.009827311150729663 0.1359098106622696
v -0.016859784722328196 -0.009827311150729663 0.1359098106622696
v -0.022604495286941542 -0.013359050266444692 0.14588336646556854
v -0.016859784722328196 -0.01305311731994153 0.14375841617584229
v -0.016859784722328196 -0.009827311150729663 0.1359098106622696
v -0.016859784722328196 -0.01305311731994153 0.14375841617584229
v -0.011092000640928752 -0.00936497654765845 0.13435550034046173
v -0.011092000640928752 -0.00936497654765845 0.13435550034046173
v -0.016859784722328196 -0.01305311731994153 0.14375841617584229
v -0.011092000640928752 -0.012841798365116128 0.14229027926921844
v -0.011092000640928752 -0.00936497654765845 0.13435550034046173
v -0.011092000640928752 -0.012841798365116128 0.14229027926921844
v -0.005397376604378227 -0.009100710973143583 0.13346725702285767
v -0.005397376604378227 -0.009100710973143583 0.13346725702285767
v -0.011092000640928752 -0.012841798365116128 0.14229027926921844
v -0.005397376604378227 -0.012721049599349507 0.1414508819580078
v -0.005397376604378227 -0.009100710973143583 0.13346725702285767
v -0.005397376604378227 -0.012721049599349507 0.1414508819580078
v 0.00016779782890807848 -0.009019742719829088 0.1331954002380371
v 0.00016779782890807848 -0.009019742719829088 0.1331954002380371
v -0.005397376604378227 -0.012721049599349507 0.1414508819580078
v 0.00016779782890807848 -0.012684115208685407 0.14119334518909454
v 0.00016779782890807848 -0.009019742719829088 0.1331954002380371
v 0.00016779782890807848 -0.012684115208685407 0.14119334518909454
v 0.005738519132137302 -0.009111656807363038 0.13350491225719452
v 0.005738519132137302 -0.009111656807363038 0.13350491225719452
v 0.00016779782890807848 -0.012684115208685407 0.14119334518909454
v 0.005738519132137302 -0.012726235203444966 0.1414846032857895
v 0.005738519132137302 -0.009111656807363038 0.13350491225719452
v 0.005738519132137302 -0.012726235203444966 0.1414846032857895
v 0.011440484784543521 -0.00938786659389735 0.13443417847156525
v 0.011440484784543521 -0.00938786659389735 0.13443417847156525
v 0.005738519132137302 -0.012726235203444966 0.1414846032857895
v 0.011440484784543521 -0.01285263057798148 0.1423608660697937
v 0.011440484784543521 -0.00938786659389735 0.13443417847156525
v 0.011440484784543521 -0.01285263057798148 0.1423608660697937
v 0.017209554091095935 -0.009862842038273818 0.1360318660736084
v 0.017209554091095935 -0.009862842038273818 0.1360318660736084
v 0.011440484784543521 -0.01285263057798148 0.1423608660697937
v 0.017209554091095935 -0.013069916516542443 0.143868088722229
v 0.017209554091095935 -0.013069916516542443 0.143868088722229
v 0.011440484784543521 -0.01285263057798148 0.1423608660697937
v 0.011440484784543521 -0.014266650192439565 0.14640553295612335
v 0.017209554091095935 -0.013069916516542443 0.143868088722229
v 0.011440484784543521 -0.014266650192439565 0.14640553295612335
v 0.017209554091095935 -0.01435659732669593 0.1478646844625473
v 0.017209554091095935 -0.01435659732669593 0.1478646844625473
v 0.011440484784543521 -0.014266650192439565 0.14640553295612335
v 0.017209554091095935 -0.014594645239412795 0.14884719252586365
v 0.017209554091095935 -0.01435659732669593 0.1478646844625473
v 0.017209554091095935 -0.014594645239412795 0.14884719252586365
v 0.02294983156025411 -0.014680091291666041 0.15092632174491882
v 0.02294983156025411 -0.014680091291666041 0.15092632174491882
v 0.017209554091095935 -0.014594645239412795 0.14884719252586365
v 0.02294983156025411 -0.014622736722230922 0.15145006775856018
v 0.02294983156025411 -0.014680091291666041 0.15092632174491882
v 0.02294983156025411 -0.014622736722230922 0.15145006775856018
v 0.028564581647515314 -0.01470892783254386 0.1541624367237091
v 0.028564581647515314 -0.01470892783254386 0.1541624367237091
v 0.02294983156025411 -0.014622736722230922 0.15145006775856018
v 0.028564581647515314 -0.014473614282906066 0.15468716621398926
v 0.028564581647515314 -0.01470892783254386 0.1541624367237091
v 0.028564581647515314 -0.014473614282906066 0.15468716621398926
v 0.03395087271928789 -0.014552097767591487 0.15801286697387695
v 0.03395087271928789 -0.014552097767591487 0.15801286697387695
v 0.028564581647515314 -0.014473614282906066 0.15468716621398926
v 0.03395087271928789 -0.014137920923531064 0.15845873951911926
v 0.03395087271928789 -0.014552097767591487 0.15801286697387695
v 0.03395087271928789 -0.014137920923531064 0.15845873951911926
v 0.039008203893899945 -0.01420325320214034 0.16236340999603271
v 0.039008203893899945 -0.01420325320214034 0.16236340999603271
v 0.03395087271928789 -0.014137920923531064 0.15845873951911926
v 0.039008203893899945 -0.013663773424923429 0.16267842054367065
v 0.039008203893899945 -0.01420325320214034 0.16236340999603271
v 0.039008203893899945 -0.013663773424923429 0.16267842054367065
v 0.04364354535937312 -0.013712089508771905 0.16710400581359863
v 0.04364354535937312 -0.013712089508771905 0.16710400581359863
v 0.039008203893899945 -0.013663773424923429 0.16267842054367065
v 0.04339492321014407 -0.012500000186264524 0.1675756573677063
v 0.04364354535937312 -0.013712089508771905 0.16710400581359863
v 0.04339492321014407 -0.012500000186264524 0.1675756573677063
v 0.04777545109391216 -0.013765439391136178 0.17199254035949707
v 0.04777545109391216 -0.013765439391136178 0.17199254035949707
v 0.04339492321014407 -0.012500000186264524 0.1675756573677063
v 0.04690988734364513 -0.012500000186264524 0.17109060287475586
v 0.04690988734364513 -0.012500000186264524 0.17109060287475586
v -0.0336328372359276 -0.009860819205641753 0.1372702717781067
v -0.0336328372359276 -0.012465367093682298 0.14477981626987457
v -0.028229752555489557 -0.008175177499651914 0.1335611194372177
v -0.028229752555489557 -0.008175177499651914 0.1335611194372177
v -0.0336328372359276 -0.012465367093682298 0.14477981626987457
v -0.028229752555489557 -0.011377306655049331 0.1411212831735611
v -0.028229752555489557 -0.008175177499651914 0.1335611194372177
v -0.028229752555489557 -0.011377306655049331 0.1411212831735611
v -0.022604495286941542 -0.006810745690017943 0.13055887818336487
v -0.022604495286941542 -0.006810745690017943 0.13055887818336487
v -0.028229752555489557 -0.011377306655049331 0.1411212831735611
v -0.022604495286941542 -0.010496553964912898 0.13815991580486298
v -0.022604495286941542 -0.006810745690017943 0.13055887818336487
v -0.022604495286941542 -0.010496553964912898 0.13815991580486298
v -0.016859784722328196 -0.005774031858891252 0.12827786803245544
v -0.016859784722328196 -0.005774031858891252 0.12827786803245544
v -0.022604495286941542 -0.010496553964912898 0.13815991580486298
v -0.016859784722328196 -0.009827311150729663 0.1359098106622696
v -0.016859784722328196 -0.005774031858891252 0.12827786803245544
v -0.016859784722328196 -0.009827311150729663 0.1359098106622696
v -0.011092000640928752 -0.005057902541011575 0.12670235335826874
v -0.011092000640928752 -0.005057902541011575 0.12670235335826874
v -0.016859784722328196 -0.009827311150729663 0.1359098106622696
v -0.011092000640928752 -0.00936497654765845 0.13435550034046173
v -0.011092000640928752 -0.005057902541011575 0.12670235335826874
v -0.011092000640928752 -0.00936497654765845 0.13435550034046173
v -0.005397376604378227 -0.0046486589126288926 0.12580221891403198
v -0.005397376604378227 -0.0046486589126288926 0.12580221891403198
v -0.011092000640928752 -0.00936497654765845 0.13435550034046173
v -0.005397376604378227 -0.009100710973143583 0.13346725702285767
v -0.005397376604378227 -0.0046486589126288926 0.12580221891403198
v -0.005397376604378227 -0.009100710973143583 0.13346725702285767
v 0.00016779782890807848 -0.004523410927504304 0.1255270540714264
v 0.00016779782890807848 -0.004523410927504304 0.1255270540714264
v -0.005397376604378227 -0.009100710973143583 0.13346725702285767
v 0.00016779782890807848 -0.009019742719829088 0.1331954002380371
v 0.00016779782890807848 -0.004523410927504304 0.1255270540714264
v 0.00016779782890807848 -0.009019742719829088 0.1331954002380371
v 0.005738519132137302 -0.004666027147322897 0.12584137916564941
v 0.005738519132137302 -0.004666027147322897 0.12584137916564941
v 0.00016779782890807848 -0.009019742719829088 0.1331954002380371
v 0.005738519132137302 -0.009111656807363038 0.13350491225719452
v 0.005738519132137302 -0.004666027147322897 0.12584137916564941
v 0.005738519132137302 -0.009111656807363038 0.13350491225719452
v 0.011440484784543521 -0.0050941975787282025 0.12678413093090057
v 0.011440484784543521 -0.0050941975787282025 0.12678413093090057
v 0.005738519132137302 -0.009111656807363038 0.13350491225719452
v 0.011440484784543521 -0.00938786659389735 0.13443417847156525
v 0.011440484784543521 -0.0050941975787282025 0.12678413093090057
v 0.011440484784543521 -0.00938786659389735 0.13443417847156525
v 0.017209554091095935 -0.005830336362123493 0.1284046471118927
v 0.017209554091095935 -0.005830336362123493 0.1284046471118927
v 0.011440484784543521 -0.00938786659389735 0.13443417847156525
v 0.017209554091095935 -0.009862842038273818 0.1360318660736084
v 0.017209554091095935 -0.005830336362123493 0.1284046471118927
v 0.017209554091095935 -0.009862842038273818 0.1360318660736084
v 0.02294983156025411 -0.006887748837471013 0.13073217868804932
v 0.02294983156025411 -0.006887748837471013 0.13073217868804932
v 0.017209554091095935 -0.009862842038273818 0.1360318660736084
v 0.02294983156025411 -0.01054517179727555 0.13832683861255646
v 0.02294983156025411 -0.006887748837471013 0.13073217868804932
v 0.02294983156025411 -0.01054517179727555 0.13832683861255646
v 0.028564581647515314 -0.00827279314398766 0.13378073275089264
v 0.028564581647515314 -0.00827279314398766 0.13378073275089264
v 0.02294983156025411 -0.01054517179727555 0.13832683861255646
v 0.028564581647515314 -0.01143896114081145 0.14133289456367493
v 0.028564581647515314 -0.00827279314398766 0.13378073275089264
v 0.028564581647515314 -0.01143896114081145 0.14133289456367493
v 0.03395087271928789 -0.00997843965888024 0.13753482699394226
v 0.03395087271928789 -0.00997843965888024 0.13753482699394226
v 0.028564581647515314 -0.01143896114081145 0.14133289456367493
v 0.03395087271928789 -0.012539676390588292 0.1450347900390625
v 0.03395087271928789 -0.00997843965888024 0.13753482699394226
v 0.03395087271928789 -0.012539676390588292 0.1450347900390625
v 0.039008203893899945 -0.011989174410700807 0.1419602930545807
v 0.039008203893899945 -0.011989174410700807 0.1419602930545807
v 0.03395087271928789 -0.012539676390588292 0.1450347900390625
v 0.039008203893899945 -0.01383730676025153 0.14939886331558228
v 0.039008203893899945 -0.011989174410700807 0.1419602930545807
v 0.039008203893899945 -0.01383730676025153 0.14939886331558228
v 0.04364354535937312 -0.014275684021413335 0.14699262380599976
v 0.04364354535937312 -0.014275684021413335 0.14699262380599976
v 0.039008203893899945 -0.01383730676025153 0.14939886331558228
v 0.04364354535937312 -0.01531293522566558 0.15436145663261414
v 0.04364354535937312 -0.014275684021413335 0.14699262380599976
v 0.04364354535937312 -0.01531293522566558 0.15436145663261414
v 0.04777545109391216 -0.01680135354399682 0.15255123376846313
v 0.04777545109391216 -0.01680135354399682 0.15255123376846313
v 0.04364354535937312 -0.01531293522566558 0.15436145663261414
v 0.04777545109391216 -0.016942933201789866 0.15984311699867249
v 0.04777545109391216 -0.01680135354399682 0.15255123376846313
v 0.04777545109391216 -0.016942933201789866 0.15984311699867249
v 0.05134218186140064 -0.019519478082656874 0.15853333473205566
v 0.05134218186140064 -0.019519478082656874 0.15853333473205566
v 0.04777545109391216 -0.016942933201789866 0.15984311699867249
v 0.05134218186140064 -0.018697153776884093 0.16574248671531677
v 0.05134218186140064 -0.019519478082656874 0.15853333473205566
v 0.05134218186140064 -0.018697153776884093 0.16574248671531677
v 0.05429974943399433 -0.02156387269496919 0.1686059534549713
v 0.05429974943399433 -0.02156387269496919 0.1686059534549713
v 0.05134218186140064 -0.018697153776884093 0.16574248671531677
v 0.05429974943399433 -0.020543312653899207 0.17195099592208862
v 0.05429974943399433 -0.02156387269496919 0.1686059534549713
v 0.05429974943399433 -0.020543312653899207 0.17195099592208862
v 0.056628901511430775 -0.0239909738302231 0.17509594559669495
v 0.056628901511430775 -0.0239909738302231 0.17509594559669495
v 0.05429974943399433 -0.020543312653899207 0.17195099592208862
v 0.056628901511430775 -0.02244689874351026 0.17835256457328796
v 0.056628901511430775 -0.0239909738302231 0.17509594559669495
v 0.056628901511430775 -0.02244689874351026 0.17835256457328796
v 0.058328893035650295 -0.026448763906955736 0.18166780471801758
v 0.058328893035650295 -0.026448763906955736 0.18166780471801758
v 0.056628901511430775 -0.02244689874351026 0.17835256457328796
v 0.058328893035650295 -0.024374533444643038 0.18483492732048035
v 0.058328893035650295 -0.026448763906955736 0.18166780471801758
v 0.058328893035650295 -0.024374533444643038 0.18483492732048035
v 0.05994019284844403 -0.031294774264097235 0.19462507963180542
v 0.05994019284844403 -0.031294774264097235 0.19462507963180542
v 0.058328893035650295 -0.024374533444643038 0.18483492732048035
v 0.05994019284844403 -0.028175195679068583 0.19761595129966736
v 0.05994019284844403 -0.031294774264097235 0.19462507963180542
v 0.05994019284844403 -0.028175195679068583 0.19761595129966736
v 0.05939660966396336 -0.03605746477842333 0.20735904574394226
v 0.05939660966396336 -0.03605746477842333 0.20735904574394226
v 0.05994019284844403 -0.028175195679068583 0.19761595129966736
v 0.05939660966396336 -0.03191044554114344 0.21017682552337646
v 0.05939660966396336 -0.03605746477842333 0.20735904574394226
v 0.05939660966396336 -0.03191044554114344 0.21017682552337646
v 0.05828642845153813 -0.03850642219185832 0.21390658617019653
v 0.05828642845153813 -0.03850642219185832 0.21390658617019653
v 0.05939660966396336 -0.03191044554114344 0.21017682552337646
v 0.05828642845153813 -0.033831074833869955 0.21663543581962585
v 0.05828642845153813 -0.03850642219185832 0.21390658617019653
v 0.05828642845153813 -0.033831074833869955 0.21663543581962585
v 0.05656765401363376 -0.04096388071775439 0.2204766869544983
v 0.05656765401363376 -0.04096388071775439 0.2204766869544983
v 0.05828642845153813 -0.033831074833869955 0.21663543581962585
v 0.05656765401363376 -0.035758353769779226 0.22311636805534363
v 0.05656765401363376 -0.04096388071775439 0.2204766869544983
v 0.05656765401363376 -0.035758353769779226 0.22311636805534363
v 0.054219275712966954 -0.043389413505792646 0.22696131467819214
v 0.059999998658895534 -0.012500000186264524 0.2084999978542328
v 0.05994019284844403 -0.015660807490348826 0.2052423655986786
v 0.059999998658895534 -0.012500000186264524 0.2084999978542328
v 0.05939660966396336 -0.01592485234141351 0.21652370691299438
v 0.05994019284844403 -0.015660807490348826 0.2052423655986786
v 0.05939660966396336 -0.01592485234141351 0.21652370691299438
v 0.05994019284844403 -0.01781763695180417 0.20412972569465637
v 0.05994019284844403 -0.01781763695180417 0.20412972569465637
v 0.05939660966396336 -0.01592485234141351 0.21652370691299438
v 0.05939660966396336 -0.018523249775171294 0.21560677886009216
v 0.05994019284844403 -0.01781763695180417 0.20412972569465637
v 0.05939660966396336 -0.018523249775171294 0.21560677886009216
v 0.05939660966396336 -0.02315234020352365 0.21385127305984497
v 0.05939660966396336 -0.02315234020352365 0.21385127305984497
v 0.05939660966396336 -0.018523249775171294 0.21560677886009216
v 0.05828642845153813 -0.024030569940805453 0.21994814276695251
v 0.05939660966396336 -0.02315234020352365 0.21385127305984497
v 0.05828642845153813 -0.024030569940805453 0.21994814276695251
v 0.05828642845153813 -0.02910730242729189 0.21841126680374146
v 0.05828642845153813 -0.02910730242729189 0.21841126680374146
v 0.05828642845153813 -0.024030569940805453 0.21994814276695251
v 0.05656765401363376 -0.03051719628274443 0.22472313046455383
v 0.05828642845153813 -0.02910730242729189 0.21841126680374146
v 0.05656765401363376 -0.03051719628274443 0.22472313046455383
v 0.05656765401363376 -0.035758353769779226 0.22311636805534363
v 0.05656765401363376 -0.035758353769779226 0.22311636805534363
v 0.05656765401363376 -0.03051719628274443 0.22472313046455383
v 0.054219275712966954 -0.03766057640314105 0.2295129895210266
v 0.05656765401363376 -0.035758353769779226 0.22311636805534363
v 0.054219275712966954 -0.03766057640314105 0.2295129895210266
v 0.054219275712966954 -0.043389413505792646 0.22696131467819214
v 0.054219275712966954 -0.043389413505792646 0.22696131467819214
v 0.054219275712966954 -0.03766057640314105 0.2295129895210266
v 0.05124292895197872 -0.04574036598205569 0.2332463562488556
v 0.054219275712966954 -0.043389413505792646 0.22696131467819214
v 0.05124292895197872 -0.04574036598205569 0.2332463562488556
v 0.05124292895197872 -0.051758054643869435 0.22948101162910461
v 0.05124292895197872 -0.051758054643869435 0.22948101162910461
v 0.05124292895197872 -0.04574036598205569 0.2332463562488556
v 0.04765824973583225 -0.054470486938953434 0.23544996976852417
v 0.05124292895197872 -0.051758054643869435 0.22948101162910461
v 0.04765824973583225 -0.054470486938953434 0.23544996976852417
v 0.04765824973583225 -0.060347776859998745 0.23036324977874756
v 0.04765824973583225 -0.060347776859998745 0.23036324977874756
v 0.04765824973583225 -0.054470486938953434 0.23544996976852417
v 0.0435101427137852 -0.06329038739204411 0.23583397269248962
v 0.04765824973583225 -0.060347776859998745 0.23036324977874756
v 0.0435101427137852 -0.06329038739204411 0.23583397269248962
v 0.0435101427137852 -0.06856061518192295 0.2294999063014984
v 0.0435101427137852 -0.06856061518192295 0.2294999063014984
v 0.0435101427137852 -0.06329038739204411 0.23583397269248962
v 0.03886068984866145 -0.07156907767057423 0.23432707786560059
v -0.0336328372359276 -0.0015883793821558367 0.12216629087924957
v -0.0336328372359276 -0.006296610925346617 0.1296243518590927
v -0.028229752555489557 0.001038732938468457 0.1188536137342453
v -0.028229752555489557 0.001038732938468457 0.1188536137342453
v -0.0336328372359276 -0.006296610925346617 0.1296243518590927
v -0.028229752555489557 -0.004070580471307042 0.12605230510234833
v -0.028229752555489557 0.001038732938468457 0.1188536137342453
v -0.028229752555489557 -0.004070580471307042 0.12605230510234833
v -0.022604495286941542 0.0031652320176363013 0.11617200076580048
v -0.022604495286941542 0.0031652320176363013 0.11617200076580048
v -0.028229752555489557 -0.004070580471307042 0.12605230510234833
v -0.022604495286941542 -0.0022688845638185753 0.1231609582901001
v -0.022604495286941542 0.0031652320176363013 0.11617200076580048
v -0.022604495286941542 -0.0022688845638185753 0.1231609582901001
v -0.016859784722328196 0.00478097423911095 0.114134281873703
v -0.016859784722328196 0.00478097423911095 0.114134281873703
v -0.022604495286941542 -0.0022688845638185753 0.1231609582901001
v -0.016859784722328196 -0.0009001087164506323 0.12096412479877472
v -0.016859784722328196 0.00478097423911095 0.114134281873703
v -0.016859784722328196 -0.0009001087164506323 0.12096412479877472
v -0.011092000640928752 0.00589707819744945 0.11272642016410828
v -0.011092000640928752 0.00589707819744945 0.11272642016410828
v -0.016859784722328196 -0.0009001087164506323 0.12096412479877472
v -0.011092000640928752 4.518263813224624e-05 0.11944666504859924
v -0.011092000640928752 0.00589707819744945 0.11272642016410828
v -0.011092000640928752 4.518263813224624e-05 0.11944666504859924
v -0.005397376604378227 0.006534893997013573 0.11192154884338379
v -0.005397376604378227 0.006534893997013573 0.11192154884338379
v -0.011092000640928752 4.518263813224624e-05 0.11944666504859924
v -0.005397376604378227 0.0005850966554135088 0.11857955157756805
v -0.005397376604378227 0.006534893997013573 0.11192154884338379
v -0.005397376604378227 0.0005850966554135088 0.11857955157756805
v 0.00016779782890807848 0.006730095483362679 0.11167466640472412
v 0.00016779782890807848 0.006730095483362679 0.11167466640472412
v -0.005397376604378227 0.0005850966554135088 0.11857955157756805
v 0.00016779782890807848 0.0007498768973164266 0.11831428110599518
v 0.00016779782890807848 0.006730095483362679 0.11167466640472412
v 0.00016779782890807848 0.0007498768973164266 0.11831428110599518
v 0.005738519132137302 0.006507824640721087 0.11195409297943115
v 0.005738519132137302 0.006507824640721087 0.11195409297943115
v 0.00016779782890807848 0.0007498768973164266 0.11831428110599518
v 0.005738519132137302 0.0005608162027783695 0.11861665546894073
v 0.005738519132137302 0.006507824640721087 0.11195409297943115
v 0.005738519132137302 0.0005608162027783695 0.11861665546894073
v 0.011440484784543521 0.00584051059558988 0.11279454827308655
v 0.011440484784543521 0.00584051059558988 0.11279454827308655
v 0.005738519132137302 0.0005608162027783695 0.11861665546894073
v 0.011440484784543521 -5.467969003802867e-06 0.11952418088912964
v 0.011440484784543521 0.00584051059558988 0.11279454827308655
v 0.011440484784543521 -5.467969003802867e-06 0.11952418088912964
v 0.017209554091095935 0.004693220369517807 0.11424009501934052
v 0.017209554091095935 0.004693220369517807 0.11424009501934052
v 0.011440484784543521 -5.467969003802867e-06 0.11952418088912964
v 0.017209554091095935 -0.0009785770671442158 0.12108436226844788
v 0.017209554091095935 0.004693220369517807 0.11424009501934052
v 0.017209554091095935 -0.0009785770671442158 0.12108436226844788
v 0.02294983156025411 0.0030452178325504086 0.11631686985492706
v 0.02294983156025411 0.0030452178325504086 0.11631686985492706
v 0.017209554091095935 -0.0009785770671442158 0.12108436226844788
v 0.02294983156025411 -0.002376075135543944 0.12332537770271301
v 0.02294983156025411 0.0030452178325504086 0.11631686985492706
v 0.02294983156025411 -0.002376075135543944 0.12332537770271301
v 0.028564581647515314 0.0008865924319252377 0.11903738975524902
v 0.028564581647515314 0.0008865924319252377 0.11903738975524902
v 0.02294983156025411 -0.002376075135543944 0.12332537770271301
v 0.028564581647515314 -0.004206349607557061 0.1262606978416443
v 0.028564581647515314 0.0008865924319252377 0.11903738975524902
v 0.028564581647515314 -0.004206349607557061 0.1262606978416443
v 0.03395087271928789 -0.0017716969596222054 0.1223878562450409
v 0.03395087271928789 -0.0017716969596222054 0.1223878562450409
v 0.028564581647515314 -0.004206349607557061 0.1262606978416443
v 0.03395087271928789 -0.006460100412368779 0.12987543642520905
v 0.03395087271928789 -0.0017716969596222054 0.1223878562450409
v 0.03395087271928789 -0.006460100412368779 0.12987543642520905
v 0.039008203893899945 -0.0049054753035306965 0.12633779644966125
v 0.039008203893899945 -0.0049054753035306965 0.12633779644966125
v 0.03395087271928789 -0.006460100412368779 0.12987543642520905
v 0.039008203893899945 -0.009116825647652156 0.13413670659065247
v 0.039008203893899945 -0.0049054753035306965 0.12633779644966125
v 0.039008203893899945 -0.009116825647652156 0.13413670659065247
v 0.04364354535937312 -0.008469055406749254 0.13082963228225708
v 0.04364354535937312 -0.008469055406749254 0.13082963228225708
v 0.039008203893899945 -0.009116825647652156 0.13413670659065247
v 0.04364354535937312 -0.012137789279222497 0.1389823853969574
v 0.04364354535937312 -0.008469055406749254 0.13082963228225708
v 0.04364354535937312 -0.012137789279222497 0.1389823853969574
v 0.04777545109391216 -0.012405372224748143 0.13579145073890686
v 0.04777545109391216 -0.012405372224748143 0.13579145073890686
v 0.04364354535937312 -0.012137789279222497 0.1389823853969574
v 0.04777545109391216 -0.01547461561858655 0.14433486759662628
v 0.04777545109391216 -0.012405372224748143 0.13579145073890686
v 0.04777545109391216 -0.01547461561858655 0.14433486759662628
v 0.05134218186140064 -0.016641631722450267 0.1411314606666565
v 0.05134218186140064 -0.016641631722450267 0.1411314606666565
v 0.04777545109391216 -0.01547461561858655 0.14433486759662628
v 0.05134218186140064 -0.01906559802591802 0.15009519457817078
v 0.05134218186140064 -0.016641631722450267 0.1411314606666565
v 0.05134218186140064 -0.01906559802591802 0.15009519457817078
v 0.05429974943399433 -0.02227357774972917 0.15147578716278076
v 0.05429974943399433 -0.02227357774972917 0.15147578716278076
v 0.05134218186140064 -0.01906559802591802 0.15009519457817078
v 0.05429974943399433 -0.02284464612603189 0.15615731477737427
v 0.05429974943399433 -0.02227357774972917 0.15147578716278076
v 0.05429974943399433 -0.02284464612603189 0.15615731477737427
v 0.056628901511430775 -0.026556020602583903 0.15751484036445618
v 0.056628901511430775 -0.026556020602583903 0.15751484036445618
v 0.05429974943399433 -0.02284464612603189 0.15615731477737427
v 0.056628901511430775 -0.026741124689579027 0.16240793466567993
v 0.056628901511430775 -0.026556020602583903 0.15751484036445618
v 0.056628901511430775 -0.026741124689579027 0.16240793466567993
v 0.058328893035650295 -0.030892454087734243 0.1636301577091217
v 0.058328893035650295 -0.030892454087734243 0.1636301577091217
v 0.056628901511430775 -0.026741124689579027 0.16240793466567993
v 0.058328893035650295 -0.030686717480421087 0.1687374711036682
v 0.058328893035650295 -0.030892454087734243 0.1636301577091217
v 0.058328893035650295 -0.030686717480421087 0.1687374711036682
v 0.05994019284844403 -0.039442185312509564 0.17568746209144592
v 0.05994019284844403 -0.039442185312509564 0.17568746209144592
v 0.058328893035650295 -0.030686717480421087 0.1687374711036682
v 0.05994019284844403 -0.03846583515405658 0.1812170147895813
v 0.05994019284844403 -0.039442185312509564 0.17568746209144592
v 0.05994019284844403 -0.03846583515405658 0.1812170147895813
v 0.05939660966396336 -0.047844413667917286 0.18753722310066223
v 0.05939660966396336 -0.047844413667917286 0.18753722310066223
v 0.05994019284844403 -0.03846583515405658 0.1812170147895813
v 0.05939660966396336 -0.04611071571707728 0.19348156452178955
v 0.05939660966396336 -0.047844413667917286 0.18753722310066223
v 0.05939660966396336 -0.04611071571707728 0.19348156452178955
v 0.05828642845153813 -0.052164614200592076 0.19363024830818176
v 0.05828642845153813 -0.052164614200592076 0.19363024830818176
v 0.05939660966396336 -0.04611071571707728 0.19348156452178955
v 0.05828642845153813 -0.05004149302840236 0.19978776574134827
v 0.05828642845153813 -0.052164614200592076 0.19363024830818176
v 0.05828642845153813 -0.05004149302840236 0.19978776574134827
v 0.05656765401363376 -0.05649967491626743 0.199744313955307
v 0.05656765401363376 -0.05649967491626743 0.199744313955307
v 0.05828642845153813 -0.05004149302840236 0.19978776574134827
v 0.05656765401363376 -0.05398578196763996 0.2061157524585724
v 0.05656765401363376 -0.05649967491626743 0.199744313955307
v 0.05656765401363376 -0.05398578196763996 0.2061157524585724
v 0.054219275712966954 -0.060778267681598705 0.20577889680862427
v 0.054219275712966954 -0.060778267681598705 0.20577889680862427
v 0.05656765401363376 -0.05398578196763996 0.2061157524585724
v 0.054219275712966954 -0.05787868052721028 0.2123614251613617
v 0.054219275712966954 -0.060778267681598705 0.20577889680862427
v 0.054219275712966954 -0.05787868052721028 0.2123614251613617
v 0.05124292895197872 -0.06492514163255696 0.21162784099578857
v 0.05124292895197872 -0.06492514163255696 0.21162784099578857
v 0.054219275712966954 -0.05787868052721028 0.2123614251613617
v 0.05124292895197872 -0.061651725322008175 0.21841490268707275
v 0.05124292895197872 -0.06492514163255696 0.21162784099578857
v 0.05124292895197872 -0.061651725322008175 0.21841490268707275
v 0.04765824973583225 -0.06886272877454762 0.21718177199363708
v 0.04765824973583225 -0.06886272877454762 0.21718177199363708
v 0.05124292895197872 -0.061651725322008175 0.21841490268707275
v 0.04765824973583225 -0.0652343332767487 0.2241629660129547
v 0.04765824973583225 -0.06886272877454762 0.21718177199363708
v 0.04765824973583225 -0.0652343332767487 0.2241629660129547
v 0.0435101427137852 -0.072518602013588 0.2223384976387024
v 0.0435101427137852 -0.072518602013588 0.2223384976387024
v 0.04765824973583225 -0.0652343332767487 0.2241629660129547
v 0.0435101427137852 -0.06856061518192295 0.2294999063014984
v 0.0435101427137852 -0.072518602013588 0.2223384976387024
v 0.0435101427137852 -0.06856061518192295 0.2294999063014984
v 0.03886068984866145 -0.075825184583664 0.22700271010398865
v 0.03886068984866145 -0.075825184583664 0.22700271010398865
v 0.0435101427137852 -0.06856061518192295 0.2294999063014984
v 0.03886068984866145 -0.07156907767057423 0.23432707786560059
v 0.03886068984866145 -0.075825184583664 0.22700271010398865
v 0.03886068984866145 -0.07156907767057423 0.23432707786560059
v 0.033792003989219686 -0.07872985303401953 0.23110023140907288
v 0.033792003989219686 -0.07872985303401953 0.23110023140907288
v 0.03886068984866145 -0.07156907767057423 0.23432707786560059
v 0.033792003989219686 -0.0742118507623673 0.23856762051582336
v 0.033792003989219686 -0.07872985303401953 0.23110023140907288
v 0.033792003989219686 -0.0742118507623673 0.23856762051582336
v 0.028397269546985644 -0.08119041472673422 0.23457148671150208
v 0.028397269546985644 -0.08119041472673422 0.23457148671150208
v 0.033792003989219686 -0.0742118507623673 0.23856762051582336
v 0.028397269546985644 -0.0764505416154862 0.24215999245643616
v 0.028397269546985644 -0.08119041472673422 0.23457148671150208
v 0.028397269546985644 -0.0764505416154862 0.24215999245643616
v 0.02277721837162973 -0.08318502455949789 0.23738563060760498
v 0.02277721837162973 -0.08318502455949789 0.23738563060760498
v 0.028397269546985644 -0.0764505416154862 0.24215999245643616
v 0.02277721837162973 -0.07826527208089834 0.24507224559783936
v 0.02277721837162973 -0.08318502455949789 0.23738563060760498
v 0.02277721837162973 -0.07826527208089834 0.24507224559783936
v 0.017091557383537303 -0.0847002118825913 0.23952367901802063
v 0.017091557383537303 -0.0847002118825913 0.23952367901802063
v 0.02277721837162973 -0.07826527208089834 0.24507224559783936
v 0.017091557383537303 -0.07964379340410238 0.24728471040725708
v 0.017091557383537303 -0.0847002118825913 0.23952367901802063
v 0.017091557383537303 -0.07964379340410238 0.24728471040725708
v 0.011821994557976731 -0.0857211202383042 0.24096456170082092
v 0.011821994557976731 -0.0857211202383042 0.24096456170082092
v 0.017091557383537303 -0.07964379340410238 0.24728471040725708
v 0.011821994557976731 -0.0805725902318955 0.2487756311893463
v 0.011821994557976731 -0.0857211202383042 0.24096456170082092
v 0.011821994557976731 -0.0805725902318955 0.2487756311893463
v 0.0073463190346956305 -0.08626189082860952 0.24172812700271606
v 0.0073463190346956305 -0.08626189082860952 0.24172812700271606
v 0.011821994557976731 -0.0805725902318955 0.2487756311893463
v 0.0073463190346956305 -0.08106454461812979 0.24956560134887695
v 0.0073463190346956305 -0.08626189082860952 0.24172812700271606
v 0.0073463190346956305 -0.08106454461812979 0.24956560134887695
v 0.00299041345715523 -0.08407323807477957 0.24605372548103333
v 0.00299041345715523 -0.08407323807477957 0.24605372548103333
v 0.0073463190346956305 -0.08106454461812979 0.24956560134887695
v 0.00299041345715523 -0.08126154541969305 0.24988237023353577
v 0.00299041345715523 -0.08407323807477957 0.24605372548103333
v 0.00299041345715523 -0.08126154541969305 0.24988237023353577
v -0.0015107626095414173 -0.08132399618625646 0.2499833106994629
v 0.013351256027817735 -0.058495674282312435 0.03699999675154686
v 0.022680245339870467 -0.0552313216030598 0.03699999675154686
v 0.02277721837162973 -0.05596379563212398 0.05334412679076195
v 0.02277721837162973 -0.05596379563212398 0.05334412679076195
v 0.022680245339870467 -0.0552313216030598 0.03699999675154686
v 0.028397269546985644 -0.05330621078610424 0.053146135061979294
v 0.02277721837162973 -0.05596379563212398 0.05334412679076195
v 0.028397269546985644 -0.05330621078610424 0.053146135061979294
v 0.028397269546985644 -0.0549045950174332 0.07101932168006897
v 0.028397269546985644 -0.0549045950174332 0.07101932168006897
v 0.028397269546985644 -0.05330621078610424 0.053146135061979294
v 0.033792003989219686 -0.05162550508975986 0.07050800323486328
v 0.028397269546985644 -0.0549045950174332 0.07101932168006897
v 0.033792003989219686 -0.05162550508975986 0.07050800323486328
v 0.033792003989219686 -0.054362535476684605 0.08802354335784912
v -0.034109439700841925 -0.054157510399818455 0.08795998990535736
v -0.034109439700841925 -0.05142203718423847 0.0704675018787384
v -0.028731683269143125 -0.057474158704280895 0.08874978125095367
v -0.028731683269143125 -0.057474158704280895 0.08874978125095367
v -0.034109439700841925 -0.05142203718423847 0.0704675018787384
v -0.028731683269143125 -0.0547357760369778 0.07098560035228729
v -0.028731683269143125 -0.057474158704280895 0.08874978125095367
v -0.028731683269143125 -0.0547357760369778 0.07098560035228729
v -0.02312232926487924 -0.06017100065946583 0.08939225971698761
v -0.02312232926487924 -0.06017100065946583 0.08939225971698761
v -0.028731683269143125 -0.0547357760369778 0.07098560035228729
v -0.02312232926487924 -0.057430226355791134 0.07140703499317169
v -0.02312232926487924 -0.06017100065946583 0.08939225971698761
v -0.02312232926487924 -0.057430226355791134 0.07140703499317169
v -0.017384400591254245 -0.06223401799798016 0.08988405764102936
v -0.017384400591254245 -0.06223401799798016 0.08988405764102936
v -0.02312232926487924 -0.057430226355791134 0.07140703499317169
v -0.017384400591254245 -0.05949138477444653 0.0717296153306961
v -0.017384400591254245 -0.06223401799798016 0.08988405764102936
v -0.017384400591254245 -0.05949138477444653 0.0717296153306961
v -0.011614818125963218 -0.0636747777462006 0.0902278870344162
v -0.011614818125963218 -0.0636747777462006 0.0902278870344162
v -0.017384400591254245 -0.05949138477444653 0.0717296153306961
v -0.011614818125963218 -0.060930807143449825 0.0719551146030426
v -0.011614818125963218 -0.0636747777462006 0.0902278870344162
v -0.011614818125963218 -0.060930807143449825 0.0719551146030426
v -0.003546169260516765 -0.06480933725833897 0.09049943089485168
v -0.003546169260516765 -0.06480933725833897 0.09049943089485168
v -0.011614818125963218 -0.060930807143449825 0.0719551146030426
v -0.003546169260516765 -0.062064245343208355 0.0721331238746643
v -0.003546169260516765 -0.06480933725833897 0.09049943089485168
v -0.003546169260516765 -0.062064245343208355 0.0721331238746643
v 0.00299041345715523 -0.06470411270856861 0.09047582745552063
v 0.00299041345715523 -0.06470411270856861 0.09047582745552063
v -0.003546169260516765 -0.062064245343208355 0.0721331238746643
v 0.00299041345715523 -0.061958979815244716 0.07211753726005554
v 0.00299041345715523 -0.06470411270856861 0.09047582745552063
v 0.00299041345715523 -0.061958979815244716 0.07211753726005554
v 0.011821994557976731 -0.06369039416313176 0.09023672342300415
v 0.011821994557976731 -0.06369039416313176 0.09023672342300415
v 0.00299041345715523 -0.061958979815244716 0.07211753726005554
v 0.011821994557976731 -0.06094593554735188 0.07196049392223358
v 0.011821994557976731 -0.06369039416313176 0.09023672342300415
v 0.011821994557976731 -0.06094593554735188 0.07196049392223358
v 0.02277721837162973 -0.06030520051717762 0.0894341915845871
v 0.01179782487452031 -0.05867070332169537 0.03699999675154686
v 0.013351256027817735 -0.058495674282312435 0.03699999675154686
v 0.011821994557976731 -0.05934533104300503 0.05359603092074394
v 0.011821994557976731 -0.05934533104300503 0.05359603092074394
v 0.013351256027817735 -0.058495674282312435 0.03699999675154686
v 0.02277721837162973 -0.05596379563212398 0.05334412679076195
v 0.011821994557976731 -0.05934533104300503 0.05359603092074394
v 0.02277721837162973 -0.05596379563212398 0.05334412679076195
v 0.02277721837162973 -0.05756337940692906 0.07143373787403107
v 0.02277721837162973 -0.05756337940692906 0.07143373787403107
v 0.02277721837162973 -0.05596379563212398 0.05334412679076195
v 0.028397269546985644 -0.0549045950174332 0.07101932168006897
v 0.02277721837162973 -0.05756337940692906 0.07143373787403107
v 0.028397269546985644 -0.0549045950174332 0.07101932168006897
v 0.028397269546985644 -0.05764428898692135 0.08880271017551422
v 0.028397269546985644 -0.05764428898692135 0.08880271017551422
v 0.028397269546985644 -0.0549045950174332 0.07101932168006897
v 0.033792003989219686 -0.054362535476684605 0.08802354335784912
v 0.028397269546985644 -0.05764428898692135 0.08880271017551422
v 0.033792003989219686 -0.054362535476684605 0.08802354335784912
v 0.033792003989219686 -0.058226488530635875 0.10533235967159271
v 0.01179782487452031 -0.05867070332169537 0.03699999675154686
v 0.00299041345715523 -0.06035880371928219 0.053671520203351974
v 0.01179782487452031 -0.05867070332169537 0.03699999675154686
v 0.011821994557976731 -0.05934533104300503 0.05359603092074394
v 0.00299041345715523 -0.06035880371928219 0.053671520203351974
v 0.011821994557976731 -0.05934533104300503 0.05359603092074394
v 0.011821994557976731 -0.06094593554735188 0.07196049392223358
v 0.011821994557976731 -0.06094593554735188 0.07196049392223358
v 0.011821994557976731 -0.05934533104300503 0.05359603092074394
v 0.02277721837162973 -0.05756337940692906 0.07143373787403107
v 0.011821994557976731 -0.06094593554735188 0.07196049392223358
v 0.02277721837162973 -0.05756337940692906 0.07143373787403107
v 0.02277721837162973 -0.06030520051717762 0.0894341915845871
v 0.02277721837162973 -0.06030520051717762 0.0894341915845871
v 0.02277721837162973 -0.05756337940692906 0.07143373787403107
v 0.028397269546985644 -0.05764428898692135 0.08880271017551422
v 0.02277721837162973 -0.06030520051717762 0.0894341915845871
v 0.028397269546985644 -0.05764428898692135 0.08880271017551422
v 0.028397269546985644 -0.06151223555207257 0.10638321936130524
v 0.028397269546985644 -0.06151223555207257 0.10638321936130524
v 0.028397269546985644 -0.05764428898692135 0.08880271017551422
v 0.033792003989219686 -0.058226488530635875 0.10533235967159271
v -0.034109439700841925 -0.05802680179476742 0.10524936020374298
v -0.034109439700841925 -0.054157510399818455 0.08795998990535736
v -0.028731683269143125 -0.06134660169482235 0.10631415247917175
v -0.028731683269143125 -0.06134660169482235 0.10631415247917175
v -0.034109439700841925 -0.054157510399818455 0.08795998990535736
v -0.028731683269143125 -0.057474158704280895 0.08874978125095367
v -0.028731683269143125 -0.06134660169482235 0.10631415247917175
v -0.028731683269143125 -0.057474158704280895 0.08874978125095367
v -0.02312232926487924 -0.06404590606689457 0.10718026757240295
v -0.02312232926487924 -0.06404590606689457 0.10718026757240295
v -0.028731683269143125 -0.057474158704280895 0.08874978125095367
v -0.02312232926487924 -0.06017100065946583 0.08939225971698761
v -0.02312232926487924 -0.06404590606689457 0.10718026757240295
v -0.02312232926487924 -0.06017100065946583 0.08939225971698761
v -0.017384400591254245 -0.06611068546772007 0.10784319043159485
v -0.017384400591254245 -0.06611068546772007 0.10784319043159485
v -0.02312232926487924 -0.06017100065946583 0.08939225971698761
v -0.017384400591254245 -0.06223401799798016 0.08988405764102936
v -0.017384400591254245 -0.06611068546772007 0.10784319043159485
v -0.017384400591254245 -0.06223401799798016 0.08988405764102936
v -0.011614818125963218 -0.06755252927541737 0.10830660164356232
v -0.011614818125963218 -0.06755252927541737 0.10830660164356232
v -0.017384400591254245 -0.06223401799798016 0.08988405764102936
v -0.011614818125963218 -0.0636747777462006 0.0902278870344162
v -0.011614818125963218 -0.06755252927541737 0.10830660164356232
v -0.011614818125963218 -0.0636747777462006 0.0902278870344162
v -0.003546169260516765 -0.0686876550316811 0.10867244005203247
v -0.003546169260516765 -0.0686876550316811 0.10867244005203247
v -0.011614818125963218 -0.0636747777462006 0.0902278870344162
v -0.003546169260516765 -0.06480933725833897 0.09049943089485168
v -0.003546169260516765 -0.0686876550316811 0.10867244005203247
v -0.003546169260516765 -0.06480933725833897 0.09049943089485168
v 0.00299041345715523 -0.06858178973197941 0.10864035785198212
v 0.00299041345715523 -0.06858178973197941 0.10864035785198212
v -0.003546169260516765 -0.06480933725833897 0.09049943089485168
v 0.00299041345715523 -0.06470411270856861 0.09047582745552063
v 0.00299041345715523 -0.06858178973197941 0.10864035785198212
v 0.00299041345715523 -0.06470411270856861 0.09047582745552063
v 0.011821994557976731 -0.0675662457942963 0.10831756889820099
v 0.011821994557976731 -0.0675662457942963 0.10831756889820099
v 0.00299041345715523 -0.06470411270856861 0.09047582745552063
v 0.011821994557976731 -0.06369039416313176 0.09023672342300415
v 0.011821994557976731 -0.0675662457942963 0.10831756889820099
v 0.011821994557976731 -0.06369039416313176 0.09023672342300415
v 0.017091557383537303 -0.0662012025713921 0.10788184404373169
v 0.017091557383537303 -0.0662012025713921 0.10788184404373169
v 0.011821994557976731 -0.06369039416313176 0.09023672342300415
v 0.02277721837162973 -0.06030520051717762 0.0894341915845871
v 0.017091557383537303 -0.0662012025713921 0.10788184404373169
v 0.02277721837162973 -0.06030520051717762 0.0894341915845871
v 0.02277721837162973 -0.06417649239301686 0.10723495483398438
v 0.02277721837162973 -0.06417649239301686 0.10723495483398438
v 0.02277721837162973 -0.06030520051717762 0.0894341915845871
v 0.028397269546985644 -0.06151223555207257 0.10638321936130524
v 0.033792003989219686 -0.058226488530635875 0.10533235967159271
v 0.033792003989219686 -0.06319907307624821 0.12232093513011932
v 0.028397269546985644 -0.06151223555207257 0.10638321936130524
v 0.028397269546985644 -0.06151223555207257 0.10638321936130524
v 0.033792003989219686 -0.06319907307624821 0.12232093513011932
v 0.028397269546985644 -0.06649023294448857 0.12365023791790009
v 0.028397269546985644 -0.06151223555207257 0.10638321936130524
v 0.028397269546985644 -0.06649023294448857 0.12365023791790009
v 0.02277721837162973 -0.06417649239301686 0.10723495483398438
v 0.02277721837162973 -0.06417649239301686 0.10723495483398438
v 0.028397269546985644 -0.06649023294448857 0.12365023791790009
v 0.02277721837162973 -0.06915885955095295 0.12472774088382721
v 0.02277721837162973 -0.06417649239301686 0.10723495483398438
v 0.02277721837162973 -0.06915885955095295 0.12472774088382721
v 0.017091557383537303 -0.0662012025713921 0.10788184404373169
v 0.017091557383537303 -0.0662012025713921 0.10788184404373169
v 0.02277721837162973 -0.06915885955095295 0.12472774088382721
v 0.017091557383537303 -0.07118687778711323 0.1255461871623993
v 0.017091557383537303 -0.0662012025713921 0.10788184404373169
v 0.017091557383537303 -0.07118687778711323 0.1255461871623993
v 0.011821994557976731 -0.0675662457942963 0.10831756889820099
v 0.011821994557976731 -0.0675662457942963 0.10831756889820099
v 0.017091557383537303 -0.07118687778711323 0.1255461871623993
v 0.011821994557976731 -0.07255412638187413 0.12609754502773285
v 0.011821994557976731 -0.0675662457942963 0.10831756889820099
v 0.011821994557976731 -0.07255412638187413 0.12609754502773285
v 0.00299041345715523 -0.06858178973197941 0.10864035785198212
v 0.00299041345715523 -0.06858178973197941 0.10864035785198212
v 0.011821994557976731 -0.07255412638187413 0.12609754502773285
v 0.00299041345715523 -0.0735712349414826 0.12650629878044128
v 0.00299041345715523 -0.06858178973197941 0.10864035785198212
v 0.00299041345715523 -0.0735712349414826 0.12650629878044128
v -0.003546169260516765 -0.0686876550316811 0.10867244005203247
v -0.003546169260516765 -0.0686876550316811 0.10867244005203247
v 0.00299041345715523 -0.0735712349414826 0.12650629878044128
v -0.003546169260516765 -0.07367718964815145 0.12654726207256317
v -0.003546169260516765 -0.0686876550316811 0.10867244005203247
v -0.003546169260516765 -0.07367718964815145 0.12654726207256317
v -0.011614818125963218 -0.06755252927541737 0.10830660164356232
v -0.011614818125963218 -0.06755252927541737 0.10830660164356232
v -0.003546169260516765 -0.07367718964815145 0.12654726207256317
v -0.011614818125963218 -0.07254004478454594 0.12608511745929718
v -0.011614818125963218 -0.06755252927541737 0.10830660164356232
v -0.011614818125963218 -0.07254004478454594 0.12608511745929718
v -0.017384400591254245 -0.06611068546772007 0.10784319043159485
v -0.017384400591254245 -0.06611068546772007 0.10784319043159485
v -0.011614818125963218 -0.07254004478454594 0.12608511745929718
v -0.017384400591254245 -0.07109571248292927 0.1254994124174118
v -0.017384400591254245 -0.06611068546772007 0.10784319043159485
v -0.017384400591254245 -0.07109571248292927 0.1254994124174118
v -0.02312232926487924 -0.06404590606689457 0.10718026757240295
v -0.02312232926487924 -0.06404590606689457 0.10718026757240295
v -0.017384400591254245 -0.07109571248292927 0.1254994124174118
v -0.02312232926487924 -0.06902739405632023 0.124661386013031
v -0.02312232926487924 -0.06404590606689457 0.10718026757240295
v -0.02312232926487924 -0.06902739405632023 0.124661386013031
v -0.028731683269143125 -0.06134660169482235 0.10631415247917175
v -0.028731683269143125 -0.06134660169482235 0.10631415247917175
v -0.02312232926487924 -0.06902739405632023 0.124661386013031
v -0.028731683269143125 -0.06632348895072941 0.1235663890838623
v -0.028731683269143125 -0.06134660169482235 0.10631415247917175
v -0.028731683269143125 -0.06632348895072941 0.1235663890838623
v -0.034109439700841925 -0.05802680179476742 0.10524936020374298
v -0.034109439700841925 -0.05802680179476742 0.10524936020374298
v -0.028731683269143125 -0.06632348895072941 0.1235663890838623
v -0.034109439700841925 -0.0629980638623238 0.12222012877464294
v 0.033792003989219686 -0.06319907307624821 0.12232093513011932
v 0.033792003989219686 -0.06923568993806843 0.13888151943683624
v 0.028397269546985644 -0.06649023294448857 0.12365023791790009
v 0.028397269546985644 -0.06649023294448857 0.12365023791790009
v 0.033792003989219686 -0.06923568993806843 0.13888151943683624
v 0.028397269546985644 -0.0725360214710236 0.14049847424030304
v 0.028397269546985644 -0.06649023294448857 0.12365023791790009
v 0.028397269546985644 -0.0725360214710236 0.14049847424030304
v 0.02277721837162973 -0.06915885955095295 0.12472774088382721
v 0.02277721837162973 -0.06915885955095295 0.12472774088382721
v 0.028397269546985644 -0.0725360214710236 0.14049847424030304
v 0.02277721837162973 -0.07521188259124761 0.14180929958820343
v 0.02277721837162973 -0.06915885955095295 0.12472774088382721
v 0.02277721837162973 -0.07521188259124761 0.14180929958820343
v 0.017091557383537303 -0.07118687778711323 0.1255461871623993
v 0.017091557383537303 -0.07118687778711323 0.1255461871623993
v 0.02277721837162973 -0.07521188259124761 0.14180929958820343
v 0.017091557383537303 -0.07724516838788992 0.14280514419078827
v 0.017091557383537303 -0.07118687778711323 0.1255461871623993
v 0.017091557383537303 -0.07724516838788992 0.14280514419078827
v 0.011821994557976731 -0.07255412638187413 0.12609754502773285
v 0.011821994557976731 -0.07255412638187413 0.12609754502773285
v 0.017091557383537303 -0.07724516838788992 0.14280514419078827
v 0.011821994557976731 -0.07861574739217764 0.143476203083992
v 0.011821994557976731 -0.07255412638187413 0.12609754502773285
v 0.011821994557976731 -0.07861574739217764 0.143476203083992
v 0.00299041345715523 -0.0735712349414826 0.12650629878044128
v 0.00299041345715523 -0.0735712349414826 0.12650629878044128
v 0.011821994557976731 -0.07861574739217764 0.143476203083992
v 0.00299041345715523 -0.079634539783001 0.14397431910037994
v 0.00299041345715523 -0.0735712349414826 0.12650629878044128
v 0.00299041345715523 -0.079634539783001 0.14397431910037994
v -0.003546169260516765 -0.07367718964815145 0.12654726207256317
v -0.003546169260516765 -0.07367718964815145 0.12654726207256317
v 0.00299041345715523 -0.079634539783001 0.14397431910037994
v -0.003546169260516765 -0.07973976433277136 0.14402496814727783
v -0.003546169260516765 -0.07367718964815145 0.12654726207256317
v -0.003546169260516765 -0.07973976433277136 0.14402496814727783
v -0.011614818125963218 -0.07254004478454594 0.12608511745929718
v -0.011614818125963218 -0.07254004478454594 0.12608511745929718
v -0.003546169260516765 -0.07973976433277136 0.14402496814727783
v -0.011614818125963218 -0.07859785854816442 0.1434640884399414
v -0.011614818125963218 -0.07254004478454594 0.12608511745929718
v -0.011614818125963218 -0.07859785854816442 0.1434640884399414
v -0.017384400591254245 -0.07109571248292927 0.1254994124174118
v -0.017384400591254245 -0.07109571248292927 0.1254994124174118
v -0.011614818125963218 -0.07859785854816442 0.1434640884399414
v -0.017384400591254245 -0.07714819163084036 0.14275267720222473
v -0.017384400591254245 -0.07109571248292927 0.1254994124174118
v -0.017384400591254245 -0.07714819163084036 0.14275267720222473
v -0.02312232926487924 -0.06902739405632023 0.124661386013031
v -0.02312232926487924 -0.06902739405632023 0.124661386013031
v -0.017384400591254245 -0.07714819163084036 0.14275267720222473
v -0.02312232926487924 -0.0750726461410523 0.14173449575901031
v -0.02312232926487924 -0.06902739405632023 0.124661386013031
v -0.02312232926487924 -0.0750726461410523 0.14173449575901031
v -0.028731683269143125 -0.06632348895072941 0.1235663890838623
v -0.028731683269143125 -0.06632348895072941 0.1235663890838623
v -0.02312232926487924 -0.0750726461410523 0.14173449575901031
v -0.028731683269143125 -0.07235959172248844 0.1404038369655609
v -0.028731683269143125 -0.06632348895072941 0.1235663890838623
v -0.028731683269143125 -0.07235959172248844 0.1404038369655609
v -0.034109439700841925 -0.0629980638623238 0.12222012877464294
v -0.034109439700841925 -0.0629980638623238 0.12222012877464294
v -0.028731683269143125 -0.07235959172248844 0.1404038369655609
v -0.034109439700841925 -0.06902316212654118 0.13876765966415405
v 0.00299041345715523 -0.09125062078237539 0.17892974615097046
v 0.00299041345715523 -0.08912910521030432 0.16988900303840637
v 0.011821994557976731 -0.08811520785093313 0.16924569010734558
v 0.033792003989219686 -0.06923568993806843 0.13888151943683624
v 0.033792003989219686 -0.07596465945243841 0.15502861142158508
v 0.028397269546985644 -0.0725360214710236 0.14049847424030304
v 0.028397269546985644 -0.0725360214710236 0.14049847424030304
v 0.033792003989219686 -0.07596465945243841 0.15502861142158508
v 0.028397269546985644 -0.07927270978689199 0.15694698691368103
v 0.028397269546985644 -0.0725360214710236 0.14049847424030304
v 0.028397269546985644 -0.07927270978689199 0.15694698691368103
v 0.02277721837162973 -0.07521188259124761 0.14180929958820343
v 0.02277721837162973 -0.07521188259124761 0.14180929958820343
v 0.028397269546985644 -0.07927270978689199 0.15694698691368103
v 0.02277721837162973 -0.08195466548204428 0.15850231051445007
v 0.02277721837162973 -0.07521188259124761 0.14180929958820343
v 0.02277721837162973 -0.08195466548204428 0.15850231051445007
v 0.017091557383537303 -0.07724516838788992 0.14280514419078827
v 0.017091557383537303 -0.07724516838788992 0.14280514419078827
v 0.02277721837162973 -0.08195466548204428 0.15850231051445007
v 0.017091557383537303 -0.08399237692356115 0.15968403220176697
v 0.017091557383537303 -0.07724516838788992 0.14280514419078827
v 0.017091557383537303 -0.08399237692356115 0.15968403220176697
v 0.011821994557976731 -0.07861574739217764 0.143476203083992
v 0.011821994557976731 -0.07861574739217764 0.143476203083992
v 0.017091557383537303 -0.08399237692356115 0.15968403220176697
v 0.011821994557976731 -0.08536574989557272 0.1604805290699005
v 0.011821994557976731 -0.07861574739217764 0.143476203083992
v 0.011821994557976731 -0.08536574989557272 0.1604805290699005
v 0.00299041345715523 -0.0830571204423905 0.15252971649169922
v 0.00299041345715523 -0.0830571204423905 0.15252971649169922
v 0.011821994557976731 -0.08536574989557272 0.1604805290699005
v 0.00299041345715523 -0.0863859504461289 0.1610722839832306
v 0.00299041345715523 -0.0830571204423905 0.15252971649169922
v 0.00299041345715523 -0.0863859504461289 0.1610722839832306
v -0.0015107626095414173 -0.08315069973468786 0.1525796353816986
v -0.0015107626095414173 -0.08315069973468786 0.1525796353816986
v 0.00299041345715523 -0.0863859504461289 0.1610722839832306
v -0.0015107626095414173 -0.08647953718900686 0.16112661361694336
v -0.0015107626095414173 -0.08315069973468786 0.1525796353816986
v -0.0015107626095414173 -0.08647953718900686 0.16112661361694336
v -0.003546169260516765 -0.08316172659397131 0.15258553624153137
v -0.003546169260516765 -0.08316172659397131 0.15258553624153137
v -0.0015107626095414173 -0.08647953718900686 0.16112661361694336
v -0.003546169260516765 -0.08649055659770971 0.1611330509185791
v -0.003546169260516765 -0.08316172659397131 0.15258553624153137
v -0.003546169260516765 -0.08649055659770971 0.1611330509185791
v -0.011614818125963218 -0.08534462749958044 0.1604686677455902
v -0.011614818125963218 -0.08534462749958044 0.1604686677455902
v -0.003546169260516765 -0.08649055659770971 0.1611330509185791
v -0.003546169260516765 -0.08793760091066366 0.16551172733306885
v -0.011614818125963218 -0.08534462749958044 0.1604686677455902
v -0.003546169260516765 -0.08793760091066366 0.16551172733306885
v -0.011614818125963218 -0.08809307962656027 0.16923248767852783
v -0.011614818125963218 -0.08809307962656027 0.16923248767852783
v -0.003546169260516765 -0.08793760091066366 0.16551172733306885
v -0.003546169260516765 -0.08923278748989111 0.16995498538017273
v -0.011614818125963218 -0.08809307962656027 0.16923248767852783
v -0.003546169260516765 -0.08923278748989111 0.16995498538017273
v -0.003546169260516765 -0.09135307371616369 0.17900153994560242
v -0.003546169260516765 -0.09135307371616369 0.17900153994560242
v -0.003546169260516765 -0.08923278748989111 0.16995498538017273
v -0.0015107626095414173 -0.09134234488010412 0.17899397015571594
v -0.003546169260516765 -0.09135307371616369 0.17900153994560242
v -0.0015107626095414173 -0.09134234488010412 0.17899397015571594
v -0.0015107626095414173 -0.09281399846076971 0.18819615244865417
v -0.0391553342342377 -0.0475198328495026 0.06985755264759064
v -0.0391553342342377 -0.05025190487504009 0.08703021705150604
v -0.043776482343673734 -0.043086223304271726 0.06916467845439911
v -0.043776482343673734 -0.043086223304271726 0.06916467845439911
v -0.0391553342342377 -0.05025190487504009 0.08703021705150604
v -0.043776482343673734 -0.0458144545555115 0.0859740823507309
v -0.043776482343673734 -0.043086223304271726 0.06916467845439911
v -0.043776482343673734 -0.0458144545555115 0.0859740823507309
v -0.04789213836193088 -0.03819264471530917 0.0684000551700592
v -0.04789213836193088 -0.03819264471530917 0.0684000551700592
v -0.043776482343673734 -0.0458144545555115 0.0859740823507309
v -0.04789213836193088 -0.04091665521264079 0.0848085880279541
v -0.04789213836193088 -0.03819264471530917 0.0684000551700592
v -0.04789213836193088 -0.04091665521264079 0.0848085880279541
v -0.05144087597727779 -0.03292963653802874 0.06757782399654388
v -0.05144087597727779 -0.03292963653802874 0.06757782399654388
v -0.04789213836193088 -0.04091665521264079 0.0848085880279541
v -0.05144087597727779 -0.03564912825822832 0.08355531096458435
v -0.05144087597727779 -0.03292963653802874 0.06757782399654388
v -0.05144087597727779 -0.03564912825822832 0.08355531096458435
v -0.05437964573502544 -0.027394158765673655 0.0667131096124649
v -0.05437964573502544 -0.027394158765673655 0.0667131096124649
v -0.05144087597727779 -0.03564912825822832 0.08355531096458435
v -0.05437964573502544 -0.0301089119166136 0.08223733305931091
v -0.05437964573502544 -0.027394158765673655 0.0667131096124649
v -0.05437964573502544 -0.0301089119166136 0.08223733305931091
v -0.05668956786394123 -0.021689612418413176 0.06582209467887878
v -0.05668956786394123 -0.021689612418413176 0.06582209467887878
v -0.05437964573502544 -0.0301089119166136 0.08223733305931091
v -0.05668956786394123 -0.02439949847757818 0.08087925612926483
v -0.05668956786394123 -0.021689612418413176 0.06582209467887878
v -0.05668956786394123 -0.02439949847757818 0.08087925612926483
v -0.05837079882621769 -0.015915760770440112 0.0649203360080719
v -0.05837079882621769 -0.015915760770440112 0.0649203360080719
v -0.05668956786394123 -0.02439949847757818 0.08087925612926483
v -0.05837079882621769 -0.018620731309056296 0.0795048177242279
v -0.05837079882621769 -0.015915760770440112 0.0649203360080719
v -0.05837079882621769 -0.018620731309056296 0.0795048177242279
v -0.059444963932037395 -0.010167551226913936 0.06402266025543213
v -0.059444963932037395 -0.010167551226913936 0.06402266025543213
v -0.05837079882621769 -0.018620731309056296 0.0795048177242279
v -0.059444963932037395 -0.012867643497884282 0.0781366229057312
v -0.059444963932037395 -0.010167551226913936 0.06402266025543213
v -0.059444963932037395 -0.012867643497884282 0.0781366229057312
v -0.05992415919899945 0.0010117718484252698 0.06227703019976616
v -0.05992415919899945 0.0010117718484252698 0.06227703019976616
v -0.059444963932037395 -0.012867643497884282 0.0781366229057312
v -0.05992415919899945 -0.0016788634238764655 0.07547606527805328
v -0.05992415919899945 0.0010117718484252698 0.06227703019976616
v -0.05992415919899945 -0.0016788634238764655 0.07547606527805328
v -0.05824340507388119 0.012408554553985604 0.06049772724509239
v -0.05824340507388119 0.012408554553985604 0.06049772724509239
v -0.05992415919899945 -0.0016788634238764655 0.07547606527805328
v -0.05824340507388119 0.009727516211569316 0.07276424765586853
v -0.05824340507388119 0.012408554553985604 0.06049772724509239
v -0.05824340507388119 0.009727516211569316 0.07276424765586853
v -0.05650582909584049 0.018180787563323985 0.059596654027700424
v -0.05650582909584049 0.018180787563323985 0.059596654027700424
v -0.05824340507388119 0.009727516211569316 0.07276424765586853
v -0.05650582909584049 0.015504591166973124 0.07139095664024353
v -0.05650582909584049 0.018180787563323985 0.059596654027700424
v -0.05650582909584049 0.015504591166973124 0.07139095664024353
v -0.05413822457194332 0.023875234648585337 0.058707814663648605
v -0.05413822457194332 0.023875234648585337 0.058707814663648605
v -0.05650582909584049 0.015504591166973124 0.07139095664024353
v -0.05413822457194332 0.021203802898526206 0.07003632187843323
v -0.05413822457194332 0.023875234648585337 0.058707814663648605
v -0.05413822457194332 0.021203802898526206 0.07003632187843323
v -0.05114311352372173 0.029391491785645506 0.05784688517451286
v -0.05114311352372173 0.029391491785645506 0.05784688517451286
v -0.05413822457194332 0.021203802898526206 0.07003632187843323
v -0.05114311352372173 0.026724660769104975 0.06872424483299255
v -0.05114311352372173 0.029391491785645506 0.05784688517451286
v -0.05114311352372173 0.026724660769104975 0.06872424483299255
v -0.047540526837110554 0.03462633118033411 0.05702995881438255
v -0.047540526837110554 0.03462633118033411 0.05702995881438255
v -0.05114311352372173 0.026724660769104975 0.06872424483299255
v -0.047540526837110554 0.03196385130286219 0.06747925281524658
v -0.047540526837110554 0.03462633118033411 0.05702995881438255
v -0.047540526837110554 0.03196385130286219 0.06747925281524658
v -0.04337627440690997 0.03948354348540309 0.05627208575606346
v -0.04337627440690997 0.03948354348540309 0.05627208575606346
v -0.047540526837110554 0.03196385130286219 0.06747925281524658
v -0.04337627440690997 0.036825083196163205 0.06632427871227264
v -0.04337627440690997 0.03948354348540309 0.05627208575606346
v -0.04337627440690997 0.036825083196163205 0.06632427871227264
v -0.038712788373231916 0.04387342557311061 0.05558724328875542
v -0.038712788373231916 0.04387342557311061 0.05558724328875542
v -0.04337627440690997 0.036825083196163205 0.06632427871227264
v -0.038712788373231916 0.04121857881546023 0.06528061628341675
v -0.038712788373231916 0.04387342557311061 0.05558724328875542
v -0.038712788373231916 0.04121857881546023 0.06528061628341675
v -0.0336328372359276 0.04772653058171276 0.05498626455664635
v -0.0336328372359276 0.04772653058171276 0.05498626455664635
v -0.038712788373231916 0.04121857881546023 0.06528061628341675
v -0.0336328372359276 0.045074835419654874 0.06436479091644287
v -0.0336328372359276 0.04772653058171276 0.05498626455664635
v -0.0336328372359276 0.045074835419654874 0.06436479091644287
v -0.028229752555489557 0.050987098366022145 0.054477836936712265
v -0.028229752555489557 0.050987098366022145 0.054477836936712265
v -0.0336328372359276 0.045074835419654874 0.06436479091644287
v -0.028229752555489557 0.048338048160076176 0.06359003484249115
v -0.028229752555489557 0.050987098366022145 0.054477836936712265
v -0.028229752555489557 0.048338048160076176 0.06359003484249115
v -0.022604495286941542 0.05362680554389957 0.05406640097498894
v -0.022604495286941542 0.05362680554389957 0.05406640097498894
v -0.028229752555489557 0.048338048160076176 0.06359003484249115
v -0.022604495286941542 0.05097987130284313 0.0629630982875824
v -0.022604495286941542 0.05362680554389957 0.05406640097498894
v -0.022604495286941542 0.05097987130284313 0.0629630982875824
v -0.016859784722328196 0.055633034557104145 0.05375387892127037
v -0.016859784722328196 0.055633034557104145 0.05375387892127037
v -0.022604495286941542 0.05097987130284313 0.0629630982875824
v -0.016859784722328196 0.05298767983913425 0.06248694285750389
v -0.016859784722328196 0.055633034557104145 0.05375387892127037
v -0.016859784722328196 0.05298767983913425 0.06248694285750389
v -0.011092000640928752 0.05701953545212749 0.05353812500834465
v -0.011092000640928752 0.05701953545212749 0.05353812500834465
v -0.016859784722328196 0.05298767983913425 0.06248694285750389
v -0.011092000640928752 0.05437523499131206 0.06215826794505119
v -0.011092000640928752 0.05701953545212749 0.05353812500834465
v -0.011092000640928752 0.05437523499131206 0.06215826794505119
v -0.005397376604378227 0.057812761515378994 0.05341501161456108
v -0.005397376604378227 0.057812761515378994 0.05341501161456108
v -0.011092000640928752 0.05437523499131206 0.06215826794505119
v -0.005397376604378227 0.05516901239752773 0.06197076663374901
v -0.005397376604378227 0.057812761515378994 0.05341501161456108
v -0.005397376604378227 0.05516901239752773 0.06197076663374901
v 0.005738519132137302 0.05778329446911816 0.053421031683683395
v 0.005738519132137302 0.05778329446911816 0.053421031683683395
v -0.005397376604378227 0.05516901239752773 0.06197076663374901
v 0.005738519132137302 0.0551392957568169 0.06198025867342949
v 0.005738519132137302 0.05778329446911816 0.053421031683683395
v 0.005738519132137302 0.0551392957568169 0.06198025867342949
v 0.011440484784543521 0.05695768445730213 0.053550686687231064
v 0.011440484784543521 0.05695768445730213 0.053550686687231064
v 0.005738519132137302 0.0551392957568169 0.06198025867342949
v 0.011440484784543521 0.05431287363171581 0.06217801198363304
v 0.011440484784543521 0.05695768445730213 0.053550686687231064
v 0.011440484784543521 0.05431287363171581 0.06217801198363304
v 0.017209554091095935 0.055536758154630696 0.053773295134305954
v 0.017209554091095935 0.055536758154630696 0.053773295134305954
v 0.011440484784543521 0.05431287363171581 0.06217801198363304
v 0.017209554091095935 0.05289062485098842 0.062517449259758
v 0.017209554091095935 0.055536758154630696 0.053773295134305954
v 0.017209554091095935 0.05289062485098842 0.062517449259758
v 0.02294983156025411 0.05349475145339969 0.054092880338430405
v 0.02294983156025411 0.05349475145339969 0.054092880338430405
v 0.017209554091095935 0.05289062485098842 0.062517449259758
v 0.02294983156025411 0.05084677785634998 0.06300468742847443
v 0.02294983156025411 0.05349475145339969 0.054092880338430405
v 0.02294983156025411 0.05084677785634998 0.06300468742847443
v 0.028564581647515314 0.05081934109330181 0.05451134964823723
v 0.028564581647515314 0.05081934109330181 0.05451134964823723
v 0.02294983156025411 0.05084677785634998 0.06300468742847443
v 0.028564581647515314 0.048168990761041676 0.06364263594150543
v 0.028564581647515314 0.05081934109330181 0.05451134964823723
v 0.028564581647515314 0.048168990761041676 0.06364263594150543
v 0.03395087271928789 0.04752408340573314 0.055026572197675705
v 0.03395087271928789 0.04752408340573314 0.055026572197675705
v 0.028564581647515314 0.048168990761041676 0.06364263594150543
v 0.03395087271928789 0.0448708385229111 0.06442803144454956
v 0.03395087271928789 0.04752408340573314 0.055026572197675705
v 0.03395087271928789 0.0448708385229111 0.06442803144454956
v 0.039008203893899945 0.04363892599940303 0.05563385412096977
v 0.039008203893899945 0.04363892599940303 0.05563385412096977
v 0.03395087271928789 0.0448708385229111 0.06442803144454956
v 0.039008203893899945 0.04098229482769969 0.06535375118255615
v 0.039008203893899945 0.04363892599940303 0.05563385412096977
v 0.039008203893899945 0.04098229482769969 0.06535375118255615
v 0.04364354535937312 0.03922050073742869 0.05632435902953148
v 0.04364354535937312 0.03922050073742869 0.05632435902953148
v 0.039008203893899945 0.04098229482769969 0.06535375118255615
v 0.04364354535937312 0.036560039967298535 0.06640627980232239
v 0.04364354535937312 0.03922050073742869 0.05632435902953148
v 0.04364354535937312 0.036560039967298535 0.06640627980232239
v 0.04777545109391216 0.034339558333158514 0.057087015360593796
v 0.04777545109391216 0.034339558333158514 0.057087015360593796
v 0.04364354535937312 0.036560039967298535 0.06640627980232239
v 0.04777545109391216 0.03167489171028139 0.06756876409053802
v 0.04777545109391216 0.034339558333158514 0.057087015360593796
v 0.04777545109391216 0.03167489171028139 0.06756876409053802
v 0.05134218186140064 0.029086371883749983 0.05790771171450615
v 0.05134218186140064 0.029086371883749983 0.05790771171450615
v 0.04777545109391216 0.03167489171028139 0.06756876409053802
v 0.05134218186140064 0.02641719207167627 0.06881970167160034
v 0.05134218186140064 0.029086371883749983 0.05790771171450615
v 0.05134218186140064 0.02641719207167627 0.06881970167160034
v 0.05429974943399433 0.023557636886835116 0.058771368116140366
v 0.05429974943399433 0.023557636886835116 0.058771368116140366
v 0.05134218186140064 0.02641719207167627 0.06881970167160034
v 0.05429974943399433 0.02088372409343721 0.07013608515262604
v 0.05429974943399433 0.023557636886835116 0.058771368116140366
v 0.05429974943399433 0.02088372409343721 0.07013608515262604
v 0.056628901511430775 0.01785670593380929 0.05966181680560112
v 0.056628901511430775 0.01785670593380929 0.05966181680560112
v 0.05429974943399433 0.02088372409343721 0.07013608515262604
v 0.056628901511430775 0.015177926979959021 0.07149331271648407
v 0.056628901511430775 0.01785670593380929 0.05966181680560112
v 0.056628901511430775 0.015177926979959021 0.07149331271648407
v 0.058328893035650295 0.012083557434380063 0.06056347116827965
v 0.058328893035650295 0.012083557434380063 0.06056347116827965
v 0.056628901511430775 0.015177926979959021 0.07149331271648407
v 0.058328893035650295 0.009399865753948695 0.07286758720874786
v 0.058328893035650295 0.012083557434380063 0.06056347116827965
v 0.058328893035650295 0.009399865753948695 0.07286758720874786
v 0.05994019284844403 0.0007002896745689218 0.06234109029173851
v 0.05994019284844403 0.0007002896745689218 0.06234109029173851
v 0.058328893035650295 0.009399865753948695 0.07286758720874786
v 0.05994019284844403 -0.0019930549897253526 0.07557693123817444
v 0.05994019284844403 0.0007002896745689218 0.06234109029173851
v 0.05994019284844403 -0.0019930549897253526 0.07557693123817444
v 0.05939660966396336 -0.010487703606486327 0.06408794224262238
v 0.05939660966396336 -0.010487703606486327 0.06408794224262238
v 0.05994019284844403 -0.0019930549897253526 0.07557693123817444
v 0.05939660966396336 -0.013190492056310186 0.0782393217086792
v 0.05939660966396336 -0.010487703606486327 0.06408794224262238
v 0.05939660966396336 -0.013190492056310186 0.0782393217086792
v 0.05828642845153813 -0.016240699216723452 0.06498609483242035
v 0.05828642845153813 -0.016240699216723452 0.06498609483242035
v 0.05939660966396336 -0.013190492056310186 0.0782393217086792
v 0.05828642845153813 -0.01894832774996759 0.07960815727710724
v 0.05828642845153813 -0.016240699216723452 0.06498609483242035
v 0.05828642845153813 -0.01894832774996759 0.07960815727710724
v 0.05656765401363376 -0.022013800218701376 0.06588728725910187
v 0.05656765401363376 -0.022013800218701376 0.06588728725910187
v 0.05828642845153813 -0.01894832774996759 0.07960815727710724
v 0.05656765401363376 -0.024726271629333513 0.08098165690898895
v 0.05656765401363376 -0.022013800218701376 0.06588728725910187
v 0.05656765401363376 -0.024726271629333513 0.08098165690898895
v 0.054219275712966954 -0.02771204151213171 0.06677672266960144
v 0.054219275712966954 -0.02771204151213171 0.06677672266960144
v 0.05656765401363376 -0.024726271629333513 0.08098165690898895
v 0.054219275712966954 -0.030429279431700727 0.08233720064163208
v 0.054219275712966954 -0.02771204151213171 0.06677672266960144
v 0.054219275712966954 -0.030429279431700727 0.08233720064163208
v 0.05124292895197872 -0.03323522582650187 0.06763875484466553
v 0.05124292895197872 -0.03323522582650187 0.06763875484466553
v 0.054219275712966954 -0.030429279431700727 0.08233720064163208
v 0.05124292895197872 -0.03595706820487978 0.08365093171596527
v 0.05124292895197872 -0.03323522582650187 0.06763875484466553
v 0.05124292895197872 -0.03595706820487978 0.08365093171596527
v 0.04765824973583225 -0.038480054587125806 0.06845723092556
v 0.04765824973583225 -0.038480054587125806 0.06845723092556
v 0.05124292895197872 -0.03595706820487978 0.08365093171596527
v 0.04765824973583225 -0.04120625928044322 0.08489829301834106
v 0.04765824973583225 -0.038480054587125806 0.06845723092556
v 0.04765824973583225 -0.04120625928044322 0.08489829301834106
v 0.0435101427137852 -0.04335006698966029 0.06921710073947906
v 0.0435101427137852 -0.04335006698966029 0.06921710073947906
v 0.04765824973583225 -0.04120625928044322 0.08489829301834106
v 0.0435101427137852 -0.04608030244708064 0.08605633676052094
v 0.0435101427137852 -0.04335006698966029 0.06921710073947906
v 0.0435101427137852 -0.04608030244708064 0.08605633676052094
v 0.03886068984866145 -0.0477552525699139 0.06990434229373932
v 0.03886068984866145 -0.0477552525699139 0.06990434229373932
v 0.0435101427137852 -0.04608030244708064 0.08605633676052094
v 0.03886068984866145 -0.05048911646008495 0.08710363507270813
v -0.0391553342342377 -0.04593568667769435 0.05259671434760094
v -0.0391553342342377 -0.0475198328495026 0.06985755264759064
v -0.043776482343673734 -0.0415059067308903 0.05226663872599602
v -0.043776482343673734 -0.0415059067308903 0.05226663872599602
v -0.0391553342342377 -0.0475198328495026 0.06985755264759064
v -0.043776482343673734 -0.043086223304271726 0.06916467845439911
v -0.043776482343673734 -0.0415059067308903 0.05226663872599602
v -0.043776482343673734 -0.043086223304271726 0.06916467845439911
v -0.04789213836193088 -0.036616422235965757 0.051902320235967636
v -0.04789213836193088 -0.036616422235965757 0.051902320235967636
v -0.043776482343673734 -0.043086223304271726 0.06916467845439911
v -0.04789213836193088 -0.03819264471530917 0.0684000551700592
v -0.04789213836193088 -0.036616422235965757 0.051902320235967636
v -0.04789213836193088 -0.03819264471530917 0.0684000551700592
v -0.05144087597727779 -0.03135770931839945 0.05151047930121422
v -0.05144087597727779 -0.03135770931839945 0.05151047930121422
v -0.04789213836193088 -0.03819264471530917 0.0684000551700592
v -0.05144087597727779 -0.03292963653802874 0.06757782399654388
v -0.05144087597727779 -0.03135770931839945 0.05151047930121422
v -0.05144087597727779 -0.03292963653802874 0.06757782399654388
v -0.05437964573502544 -0.025826640427112597 0.051098357886075974
v -0.05437964573502544 -0.025826640427112597 0.051098357886075974
v -0.05144087597727779 -0.03292963653802874 0.06757782399654388
v -0.05437964573502544 -0.027394158765673655 0.0667131096124649
v -0.05437964573502544 -0.025826640427112597 0.051098357886075974
v -0.05437964573502544 -0.027394158765673655 0.0667131096124649
v -0.05668956786394123 -0.02012654393911363 0.05067364498972893
v -0.05668956786394123 -0.02012654393911363 0.05067364498972893
v -0.05437964573502544 -0.027394158765673655 0.0667131096124649
v -0.05668956786394123 -0.021689612418413176 0.06582209467887878
v -0.05668956786394123 -0.02012654393911363 0.05067364498972893
v -0.05668956786394123 -0.021689612418413176 0.06582209467887878
v -0.05837079882621769 -0.014357109554111968 0.05024376139044762
v -0.05837079882621769 -0.014357109554111968 0.05024376139044762
v -0.05668956786394123 -0.021689612418413176 0.06582209467887878
v -0.05837079882621769 -0.015915760770440112 0.0649203360080719
v -0.05837079882621769 -0.014357109554111968 0.05024376139044762
v -0.05837079882621769 -0.015915760770440112 0.0649203360080719
v -0.059444963932037395 -0.008613219484686857 0.04981578513979912
v -0.059444963932037395 -0.008613219484686857 0.04981578513979912
v -0.05837079882621769 -0.015915760770440112 0.0649203360080719
v -0.059444963932037395 -0.010167551226913936 0.06402266025543213
v -0.059444963932037395 -0.008613219484686857 0.04981578513979912
v -0.059444963932037395 -0.010167551226913936 0.06402266025543213
v -0.05992415919899945 0.002557913307100536 0.048983436077833176
v -0.05992415919899945 0.002557913307100536 0.048983436077833176
v -0.059444963932037395 -0.010167551226913936 0.06402266025543213
v -0.05992415919899945 0.0010117718484252698 0.06227703019976616
v -0.05992415919899945 0.002557913307100536 0.048983436077833176
v -0.05992415919899945 0.0010117718484252698 0.06227703019976616
v -0.05824340507388119 0.013946631923317918 0.04813488945364952
v -0.05824340507388119 0.013946631923317918 0.04813488945364952
v -0.05992415919899945 0.0010117718484252698 0.06227703019976616
v -0.05824340507388119 0.012408554553985604 0.06049772724509239
v -0.05824340507388119 0.013946631923317918 0.04813488945364952
v -0.05824340507388119 0.012408554553985604 0.06049772724509239
v -0.05650582909584049 0.01971489749848844 0.04770511016249657
v -0.05650582909584049 0.01971489749848844 0.04770511016249657
v -0.05824340507388119 0.012408554553985604 0.06049772724509239
v -0.05650582909584049 0.018180787563323985 0.059596654027700424
v -0.05650582909584049 0.01971489749848844 0.04770511016249657
v -0.05650582909584049 0.018180787563323985 0.059596654027700424
v -0.05413822457194332 0.02540551684796812 0.04728112742304802
v -0.05413822457194332 0.02540551684796812 0.04728112742304802
v -0.05650582909584049 0.018180787563323985 0.059596654027700424
v -0.05413822457194332 0.023875234648585337 0.058707814663648605
v -0.05413822457194332 0.02540551684796812 0.04728112742304802
v -0.05413822457194332 0.023875234648585337 0.058707814663648605
v -0.05114311352372173 0.03091815672814848 0.0468703918159008
v -0.05114311352372173 0.03091815672814848 0.0468703918159008
v -0.05413822457194332 0.023875234648585337 0.058707814663648605
v -0.05114311352372173 0.029391491785645506 0.05784688517451286
v -0.05114311352372173 0.03091815672814848 0.0468703918159008
v -0.05114311352372173 0.029391491785645506 0.05784688517451286
v -0.047540526837110554 0.03614966571331026 0.046480607241392136
v -0.047540526837110554 0.03614966571331026 0.046480607241392136
v -0.05114311352372173 0.029391491785645506 0.05784688517451286
v -0.047540526837110554 0.03462633118033411 0.05702995881438255
v -0.047540526837110554 0.03614966571331026 0.046480607241392136
v -0.047540526837110554 0.03462633118033411 0.05702995881438255
v -0.04337627440690997 0.04100389406085017 0.04611894115805626
v -0.04337627440690997 0.04100389406085017 0.04611894115805626
v -0.047540526837110554 0.03462633118033411 0.05702995881438255
v -0.04337627440690997 0.03948354348540309 0.05627208575606346
v -0.04337627440690997 0.04100389406085017 0.04611894115805626
v -0.04337627440690997 0.03948354348540309 0.05627208575606346
v -0.038712788373231916 0.04539119452238086 0.04579206928610802
v -0.038712788373231916 0.04539119452238086 0.04579206928610802
v -0.04337627440690997 0.03948354348540309 0.05627208575606346
v -0.038712788373231916 0.04387342557311061 0.05558724328875542
v -0.038712788373231916 0.04539119452238086 0.04579206928610802
v -0.038712788373231916 0.04387342557311061 0.05558724328875542
v -0.0336328372359276 0.04924216493964199 0.045505162328481674
v -0.0336328372359276 0.04924216493964199 0.045505162328481674
v -0.038712788373231916 0.04387342557311061 0.05558724328875542
v -0.0336328372359276 0.04772653058171276 0.05498626455664635
v -0.0336328372359276 0.04924216493964199 0.045505162328481674
v -0.0336328372359276 0.04772653058171276 0.05498626455664635
v -0.028229752555489557 0.05250107124447826 0.04526236280798912
v -0.028229752555489557 0.05250107124447826 0.04526236280798912
v -0.0336328372359276 0.04772653058171276 0.05498626455664635
v -0.028229752555489557 0.050987098366022145 0.054477836936712265
v -0.028229752555489557 0.05250107124447826 0.04526236280798912
v -0.028229752555489557 0.050987098366022145 0.054477836936712265
v -0.022604495286941542 0.05513960123062137 0.04506578668951988
v -0.022604495286941542 0.05513960123062137 0.04506578668951988
v -0.028229752555489557 0.050987098366022145 0.054477836936712265
v -0.022604495286941542 0.05362680554389957 0.05406640097498894
v -0.022604495286941542 0.05513960123062137 0.04506578668951988
v -0.022604495286941542 0.05362680554389957 0.05406640097498894
v -0.016859784722328196 0.05714512243866924 0.044916387647390366
v -0.016859784722328196 0.05714512243866924 0.044916387647390366
v -0.022604495286941542 0.05362680554389957 0.05406640097498894
v -0.016859784722328196 0.055633034557104145 0.05375387892127037
v -0.016859784722328196 0.05714512243866924 0.044916387647390366
v -0.016859784722328196 0.055633034557104145 0.05375387892127037
v -0.011092000640928752 0.058531377464532894 0.044813122600317
v -0.011092000640928752 0.058531377464532894 0.044813122600317
v -0.016859784722328196 0.055633034557104145 0.05375387892127037
v -0.011092000640928752 0.05701953545212749 0.05353812500834465
v -0.011092000640928752 0.058531377464532894 0.044813122600317
v -0.011092000640928752 0.05701953545212749 0.05353812500834465
v -0.005397376604378227 0.05932477116584782 0.0447540245950222
v -0.005397376604378227 0.05932477116584782 0.0447540245950222
v -0.011092000640928752 0.05701953545212749 0.05353812500834465
v -0.005397376604378227 0.057812761515378994 0.05341501161456108
v -0.005397376604378227 0.05932477116584782 0.0447540245950222
v -0.005397376604378227 0.057812761515378994 0.05341501161456108
v 0.005738519132137302 0.059296786785125774 0.04475615546107292
v 0.005738519132137302 0.059296786785125774 0.04475615546107292
v -0.005397376604378227 0.057812761515378994 0.05341501161456108
v 0.005738519132137302 0.05778329446911816 0.053421031683683395
v 0.005738519132137302 0.059296786785125774 0.04475615546107292
v 0.005738519132137302 0.05778329446911816 0.053421031683683395
v 0.011440484784543521 0.05847252905368809 0.04481757804751396
v 0.011440484784543521 0.05847252905368809 0.04481757804751396
v 0.005738519132137302 0.05778329446911816 0.053421031683683395
v 0.011440484784543521 0.05695768445730213 0.053550686687231064
v 0.011440484784543521 0.05847252905368809 0.04481757804751396
v 0.011440484784543521 0.05695768445730213 0.053550686687231064
v 0.017209554091095935 0.05705339089035991 0.04492334648966789
v 0.017209554091095935 0.05705339089035991 0.04492334648966789
v 0.011440484784543521 0.05695768445730213 0.053550686687231064
v 0.017209554091095935 0.055536758154630696 0.053773295134305954
v 0.017209554091095935 0.05705339089035991 0.04492334648966789
v 0.017209554091095935 0.055536758154630696 0.053773295134305954
v 0.02294983156025411 0.055013623088598286 0.04507533833384514
v 0.02294983156025411 0.055013623088598286 0.04507533833384514
v 0.017209554091095935 0.055536758154630696 0.053773295134305954
v 0.02294983156025411 0.05349475145339969 0.054092880338430405
v 0.02294983156025411 0.055013623088598286 0.04507533833384514
v 0.02294983156025411 0.05349475145339969 0.054092880338430405
v 0.028564581647515314 0.05234089866280559 0.045274507254362106
v 0.028564581647515314 0.05234089866280559 0.045274507254362106
v 0.02294983156025411 0.05349475145339969 0.054092880338430405
v 0.028564581647515314 0.05081934109330181 0.05451134964823723
v 0.028564581647515314 0.05234089866280559 0.045274507254362106
v 0.028564581647515314 0.05081934109330181 0.05451134964823723
v 0.03395087271928789 0.04904874041676525 0.04551982507109642
v 0.03395087271928789 0.04904874041676525 0.04551982507109642
v 0.028564581647515314 0.05081934109330181 0.05451134964823723
v 0.03395087271928789 0.04752408340573314 0.055026572197675705
v 0.03395087271928789 0.04904874041676525 0.04551982507109642
v 0.03395087271928789 0.04752408340573314 0.055026572197675705
v 0.039008203893899945 0.04516706988215449 0.045809056609869
v 0.039008203893899945 0.04516706988215449 0.045809056609869
v 0.03395087271928789 0.04752408340573314 0.055026572197675705
v 0.039008203893899945 0.04363892599940303 0.05563385412096977
v 0.039008203893899945 0.04516706988215449 0.045809056609869
v 0.039008203893899945 0.04363892599940303 0.05563385412096977
v 0.04364354535937312 0.04075246676802638 0.04613799974322319
v 0.04364354535937312 0.04075246676802638 0.04613799974322319
v 0.039008203893899945 0.04363892599940303 0.05563385412096977
v 0.04364354535937312 0.03922050073742869 0.05632435902953148
v 0.04364354535937312 0.04075246676802638 0.04613799974322319
v 0.04364354535937312 0.03922050073742869 0.05632435902953148
v 0.04777545109391216 0.03587561473250391 0.04650137946009636
v 0.04777545109391216 0.03587561473250391 0.04650137946009636
v 0.04364354535937312 0.03922050073742869 0.05632435902953148
v 0.04777545109391216 0.034339558333158514 0.057087015360593796
v 0.04777545109391216 0.03587561473250391 0.04650137946009636
v 0.04777545109391216 0.034339558333158514 0.057087015360593796
v 0.05134218186140064 0.03062671609222891 0.04689249023795128
v 0.05134218186140064 0.03062671609222891 0.04689249023795128
v 0.04777545109391216 0.034339558333158514 0.057087015360593796
v 0.05134218186140064 0.029086371883749983 0.05790771171450615
v 0.05134218186140064 0.03062671609222891 0.04689249023795128
v 0.05134218186140064 0.029086371883749983 0.05790771171450615
v 0.05429974943399433 0.025102388113737124 0.04730410501360893
v 0.05429974943399433 0.025102388113737124 0.04730410501360893
v 0.05134218186140064 0.029086371883749983 0.05790771171450615
v 0.05429974943399433 0.023557636886835116 0.058771368116140366
v 0.05429974943399433 0.025102388113737124 0.04730410501360893
v 0.05429974943399433 0.023557636886835116 0.058771368116140366
v 0.056628901511430775 0.019405907019972815 0.04772854968905449
v 0.056628901511430775 0.019405907019972815 0.04772854968905449
v 0.05429974943399433 0.023557636886835116 0.058771368116140366
v 0.056628901511430775 0.01785670593380929 0.05966181680560112
v 0.056628901511430775 0.019405907019972815 0.04772854968905449
v 0.056628901511430775 0.01785670593380929 0.05966181680560112
v 0.058328893035650295 0.013637179508805284 0.048158373683691025
v 0.058328893035650295 0.013637179508805284 0.048158373683691025
v 0.056628901511430775 0.01785670593380929 0.05966181680560112
v 0.058328893035650295 0.012083557434380063 0.06056347116827965
v 0.058328893035650295 0.013637179508805284 0.048158373683691025
v 0.058328893035650295 0.012083557434380063 0.06056347116827965
v 0.05994019284844403 0.0022623979020863784 0.0490059070289135
v 0.05994019284844403 0.0022623979020863784 0.0490059070289135
v 0.058328893035650295 0.012083557434380063 0.06056347116827965
v 0.05994019284844403 0.0007002896745689218 0.06234109029173851
v 0.05994019284844403 0.0022623979020863784 0.0490059070289135
v 0.05994019284844403 0.0007002896745689218 0.06234109029173851
v 0.05939660966396336 -0.008917533792555337 0.04983891174197197
v 0.05939660966396336 -0.008917533792555337 0.04983891174197197
v 0.05994019284844403 0.0007002896745689218 0.06234109029173851
v 0.05939660966396336 -0.010487703606486327 0.06408794224262238
v 0.05939660966396336 -0.008917533792555337 0.04983891174197197
v 0.05939660966396336 -0.010487703606486327 0.06408794224262238
v 0.05828642845153813 -0.014666493982076655 0.05026724562048912
v 0.05828642845153813 -0.014666493982076655 0.05026724562048912
v 0.05939660966396336 -0.010487703606486327 0.06408794224262238
v 0.05828642845153813 -0.016240699216723452 0.06498609483242035
v 0.05828642845153813 -0.014666493982076655 0.05026724562048912
v 0.05828642845153813 -0.016240699216723452 0.06498609483242035
v 0.05656765401363376 -0.02043562382459642 0.050697099417448044
v 0.05656765401363376 -0.02043562382459642 0.050697099417448044
v 0.05828642845153813 -0.016240699216723452 0.06498609483242035
v 0.05656765401363376 -0.022013800218701376 0.06588728725910187
v 0.05656765401363376 -0.02043562382459642 0.050697099417448044
v 0.05656765401363376 -0.022013800218701376 0.06588728725910187
v 0.054219275712966954 -0.026130029931664484 0.051121365278959274
v 0.054219275712966954 -0.026130029931664484 0.051121365278959274
v 0.05656765401363376 -0.022013800218701376 0.06588728725910187
v 0.054219275712966954 -0.02771204151213171 0.06677672266960144
v 0.054219275712966954 -0.026130029931664484 0.051121365278959274
v 0.054219275712966954 -0.02771204151213171 0.06677672266960144
v 0.05124292895197872 -0.03164958953857424 0.05153260752558708
v 0.05124292895197872 -0.03164958953857424 0.05153260752558708
v 0.054219275712966954 -0.02771204151213171 0.06677672266960144
v 0.05124292895197872 -0.03323522582650187 0.06763875484466553
v 0.05124292895197872 -0.03164958953857424 0.05153260752558708
v 0.05124292895197872 -0.03323522582650187 0.06763875484466553
v 0.04765824973583225 -0.03689107671380046 0.05192313715815544
v 0.04765824973583225 -0.03689107671380046 0.05192313715815544
v 0.05124292895197872 -0.03323522582650187 0.06763875484466553
v 0.04765824973583225 -0.038480054587125806 0.06845723092556
v 0.04765824973583225 -0.03689107671380046 0.05192313715815544
v 0.04765824973583225 -0.038480054587125806 0.06845723092556
v 0.0435101427137852 -0.04175809398293498 0.052285756915807724
v 0.0435101427137852 -0.04175809398293498 0.052285756915807724
v 0.04765824973583225 -0.038480054587125806 0.06845723092556
v 0.0435101427137852 -0.04335006698966029 0.06921710073947906
v 0.0435101427137852 -0.04175809398293498 0.052285756915807724
v 0.0435101427137852 -0.04335006698966029 0.06921710073947906
v 0.03886068984866145 -0.04616069048643115 0.0526137612760067
v 0.03886068984866145 -0.04616069048643115 0.0526137612760067
v 0.0435101427137852 -0.04335006698966029 0.06921710073947906
v 0.03886068984866145 -0.0477552525699139 0.06990434229373932
v -0.0391553342342377 -0.05411738529801372 0.10399582982063293
v -0.0391553342342377 -0.05908203497529034 0.12063515186309814
v -0.043776482343673734 -0.04967550560832027 0.10257185995578766
v -0.043776482343673734 -0.04967550560832027 0.10257185995578766
v -0.0391553342342377 -0.05908203497529034 0.12063515186309814
v -0.043776482343673734 -0.05463266000151638 0.11883461475372314
v -0.043776482343673734 -0.04967550560832027 0.10257185995578766
v -0.043776482343673734 -0.05463266000151638 0.11883461475372314
v -0.04789213836193088 -0.0447727404534817 0.10100042819976807
v -0.04789213836193088 -0.0447727404534817 0.10100042819976807
v -0.043776482343673734 -0.05463266000151638 0.11883461475372314
v -0.04789213836193088 -0.04972163960337642 0.11684754490852356
v -0.04789213836193088 -0.0447727404534817 0.10100042819976807
v -0.04789213836193088 -0.04972163960337642 0.11684754490852356
v -0.05144087597727779 -0.039499800652265576 0.09931060671806335
v -0.05144087597727779 -0.039499800652265576 0.09931060671806335
v -0.04789213836193088 -0.04972163960337642 0.11684754490852356
v -0.05144087597727779 -0.04443982988595965 0.1147107183933258
v -0.05144087597727779 -0.039499800652265576 0.09931060671806335
v -0.05144087597727779 -0.04443982988595965 0.1147107183933258
v -0.05437964573502544 -0.03395382687449457 0.09753349423408508
v -0.05437964573502544 -0.03395382687449457 0.09753349423408508
v -0.05144087597727779 -0.04443982988595965 0.1147107183933258
v -0.05437964573502544 -0.038884539157152204 0.11246345937252045
v -0.05437964573502544 -0.03395382687449457 0.09753349423408508
v -0.05437964573502544 -0.038884539157152204 0.11246345937252045
v -0.05668956786394123 -0.02823841944336893 0.09570229053497314
v -0.05668956786394123 -0.02823841944336893 0.09570229053497314
v -0.05437964573502544 -0.038884539157152204 0.11246345937252045
v -0.05668956786394123 -0.033159542828798315 0.11014775931835175
v -0.05668956786394123 -0.02823841944336893 0.09570229053497314
v -0.05668956786394123 -0.033159542828798315 0.11014775931835175
v -0.05837079882621769 -0.02245353534817697 0.09384900331497192
v -0.05837079882621769 -0.02245353534817697 0.09384900331497192
v -0.05668956786394123 -0.033159542828798315 0.11014775931835175
v -0.05837079882621769 -0.02736495807766916 0.10780411958694458
v -0.05837079882621769 -0.02245353534817697 0.09384900331497192
v -0.05837079882621769 -0.02736495807766916 0.10780411958694458
v -0.059444963932037395 -0.01669430360198022 0.09200412034988403
v -0.059444963932037395 -0.01669430360198022 0.09200412034988403
v -0.05837079882621769 -0.02736495807766916 0.10780411958694458
v -0.059444963932037395 -0.021596081554889693 0.10547102987766266
v -0.059444963932037395 -0.01669430360198022 0.09200412034988403
v -0.059444963932037395 -0.021596081554889693 0.10547102987766266
v -0.05992415919899945 -0.0054934485815465485 0.08841653168201447
v -0.05992415919899945 -0.0054934485815465485 0.08841653168201447
v -0.059444963932037395 -0.021596081554889693 0.10547102987766266
v -0.05992415919899945 -0.01037648972123862 0.1009339988231659
v -0.05992415919899945 -0.0054934485815465485 0.08841653168201447
v -0.05992415919899945 -0.01037648972123862 0.1009339988231659
v -0.05824340507388119 0.005925419274717574 0.08475972712039948
v -0.05824340507388119 0.005925419274717574 0.08475972712039948
v -0.05992415919899945 -0.01037648972123862 0.1009339988231659
v -0.05824340507388119 0.0010614477796480066 0.09630930423736572
v -0.05824340507388119 0.005925419274717574 0.08475972712039948
v -0.05824340507388119 0.0010614477796480066 0.09630930423736572
v -0.05650582909584049 0.011708891950547702 0.08290785551071167
v -0.05650582909584049 0.011708891950547702 0.08290785551071167
v -0.05824340507388119 0.0010614477796480066 0.09630930423736572
v -0.05650582909584049 0.006854565814137463 0.09396721422672272
v -0.05650582909584049 0.011708891950547702 0.08290785551071167
v -0.05650582909584049 0.006854565814137463 0.09396721422672272
v -0.05413822457194332 0.01741446927189828 0.08108112215995789
v -0.05413822457194332 0.01741446927189828 0.08108112215995789
v -0.05650582909584049 0.006854565814137463 0.09396721422672272
v -0.05413822457194332 0.012569649145007142 0.0916568785905838
v -0.05413822457194332 0.01741446927189828 0.08108112215995789
v -0.05413822457194332 0.012569649145007142 0.0916568785905838
v -0.05114311352372173 0.02294155023992063 0.07931171357631683
v -0.05114311352372173 0.02294155023992063 0.07931171357631683
v -0.05413822457194332 0.012569649145007142 0.0916568785905838
v -0.05114311352372173 0.018105929717421542 0.08941902220249176
v -0.05114311352372173 0.02294155023992063 0.07931171357631683
v -0.05114311352372173 0.018105929717421542 0.08941902220249176
v -0.047540526837110554 0.02818670868873598 0.07763278484344482
v -0.047540526837110554 0.02818670868873598 0.07763278484344482
v -0.05114311352372173 0.018105929717421542 0.08941902220249176
v -0.047540526837110554 0.023359805345535292 0.0872955322265625
v -0.047540526837110554 0.02818670868873598 0.07763278484344482
v -0.047540526837110554 0.023359805345535292 0.0872955322265625
v -0.04337627440690997 0.03305354341864588 0.07607518136501312
v -0.04337627440690997 0.03305354341864588 0.07607518136501312
v -0.047540526837110554 0.023359805345535292 0.0872955322265625
v -0.04337627440690997 0.028234720230102556 0.0853254497051239
v -0.04337627440690997 0.03305354341864588 0.07607518136501312
v -0.04337627440690997 0.028234720230102556 0.0853254497051239
v -0.038712788373231916 0.03745217993855479 0.07466767728328705
v -0.038712788373231916 0.03745217993855479 0.07466767728328705
v -0.04337627440690997 0.028234720230102556 0.0853254497051239
v -0.038712788373231916 0.032640643417835256 0.08354516327381134
v -0.038712788373231916 0.03745217993855479 0.07466767728328705
v -0.038712788373231916 0.032640643417835256 0.08354516327381134
v -0.0336328372359276 0.041313029825687436 0.07343253493309021
v -0.0336328372359276 0.041313029825687436 0.07343253493309021
v -0.038712788373231916 0.032640643417835256 0.08354516327381134
v -0.0336328372359276 0.03650787472724917 0.08198282122612
v -0.0336328372359276 0.041313029825687436 0.07343253493309021
v -0.0336328372359276 0.03650787472724917 0.08198282122612
v -0.028229752555489557 0.04458021745085719 0.07238762080669403
v -0.028229752555489557 0.04458021745085719 0.07238762080669403
v -0.0336328372359276 0.03650787472724917 0.08198282122612
v -0.028229752555489557 0.0397804491221905 0.08066102862358093
v -0.028229752555489557 0.04458021745085719 0.07238762080669403
v -0.028229752555489557 0.0397804491221905 0.08066102862358093
v -0.022604495286941542 0.04722536355257038 0.07154200971126556
v -0.022604495286941542 0.04722536355257038 0.07154200971126556
v -0.028229752555489557 0.0397804491221905 0.08066102862358093
v -0.022604495286941542 0.04242993518710139 0.07959127426147461
v -0.022604495286941542 0.04722536355257038 0.07154200971126556
v -0.022604495286941542 0.04242993518710139 0.07959127426147461
v -0.016859784722328196 0.04923581331968311 0.07089969515800476
v -0.016859784722328196 0.04923581331968311 0.07089969515800476
v -0.022604495286941542 0.04242993518710139 0.07959127426147461
v -0.016859784722328196 0.04444366320967677 0.07877862453460693
v -0.016859784722328196 0.04923581331968311 0.07089969515800476
v -0.016859784722328196 0.04444366320967677 0.07877862453460693
v -0.011092000640928752 0.050625346601009404 0.07045628130435944
v -0.011092000640928752 0.050625346601009404 0.07045628130435944
v -0.016859784722328196 0.04444366320967677 0.07877862453460693
v -0.011092000640928752 0.04583543539047244 0.07821749150753021
v -0.011092000640928752 0.050625346601009404 0.07045628130435944
v -0.011092000640928752 0.04583543539047244 0.07821749150753021
v -0.005397376604378227 0.051420450210571324 0.07020321488380432
v -0.005397376604378227 0.051420450210571324 0.07020321488380432
v -0.011092000640928752 0.04583543539047244 0.07821749150753021
v -0.005397376604378227 0.046631786972284345 0.0778971016407013
v -0.005397376604378227 0.051420450210571324 0.07020321488380432
v -0.005397376604378227 0.046631786972284345 0.0778971016407013
v 0.005738519132137302 0.05139161273837093 0.07021556794643402
v 0.005738519132137302 0.05139161273837093 0.07021556794643402
v -0.005397376604378227 0.046631786972284345 0.0778971016407013
v 0.005738519132137302 0.04660273715853694 0.07791206240653992
v 0.005738519132137302 0.05139161273837093 0.07021556794643402
v 0.005738519132137302 0.04660273715853694 0.07791206240653992
v 0.011440484784543521 0.05056476220488552 0.07048200070858002
v 0.011440484784543521 0.05056476220488552 0.07048200070858002
v 0.005738519132137302 0.04660273715853694 0.07791206240653992
v 0.011440484784543521 0.04577442258596423 0.07824864983558655
v 0.011440484784543521 0.05056476220488552 0.07048200070858002
v 0.011440484784543521 0.04577442258596423 0.07824864983558655
v 0.017209554091095935 0.04914144799113277 0.07093948125839233
v 0.017209554091095935 0.04914144799113277 0.07093948125839233
v 0.011440484784543521 0.04577442258596423 0.07824864983558655
v 0.017209554091095935 0.0443486422300339 0.07882684469223022
v 0.017209554091095935 0.04914144799113277 0.07093948125839233
v 0.017209554091095935 0.0443486422300339 0.07882684469223022
v 0.02294983156025411 0.04709585756063465 0.07159626483917236
v 0.02294983156025411 0.04709585756063465 0.07159626483917236
v 0.017209554091095935 0.0443486422300339 0.07882684469223022
v 0.02294983156025411 0.042299546301364926 0.07965709269046783
v 0.02294983156025411 0.04709585756063465 0.07159626483917236
v 0.02294983156025411 0.042299546301364926 0.07965709269046783
v 0.028564581647515314 0.04441563412547114 0.07245627045631409
v 0.028564581647515314 0.04441563412547114 0.07245627045631409
v 0.02294983156025411 0.042299546301364926 0.07965709269046783
v 0.028564581647515314 0.03961475938558581 0.08074437081813812
v 0.028564581647515314 0.04441563412547114 0.07245627045631409
v 0.028564581647515314 0.03961475938558581 0.08074437081813812
v 0.03395087271928789 0.04111434891819957 0.07351513206958771
v 0.03395087271928789 0.04111434891819957 0.07351513206958771
v 0.028564581647515314 0.03961475938558581 0.08074437081813812
v 0.03395087271928789 0.03630787879228594 0.08208312094211578
v 0.03395087271928789 0.04111434891819957 0.07351513206958771
v 0.03395087271928789 0.03630787879228594 0.08208312094211578
v 0.039008203893899945 0.037222009152174024 0.07476319372653961
v 0.039008203893899945 0.037222009152174024 0.07476319372653961
v 0.03395087271928789 0.03630787879228594 0.08208312094211578
v 0.039008203893899945 0.032408956438303015 0.08366119861602783
v 0.039008203893899945 0.037222009152174024 0.07476319372653961
v 0.039008203893899945 0.032408956438303015 0.08366119861602783
v 0.04364354535937312 0.03279534727334978 0.0761822909116745
v 0.04364354535937312 0.03279534727334978 0.0761822909116745
v 0.039008203893899945 0.032408956438303015 0.08366119861602783
v 0.04364354535937312 0.027974823489785212 0.08545556664466858
v 0.04364354535937312 0.03279534727334978 0.0761822909116745
v 0.04364354535937312 0.027974823489785212 0.08545556664466858
v 0.04777545109391216 0.02790524438023569 0.07774966955184937
v 0.04777545109391216 0.02790524438023569 0.07774966955184937
v 0.04364354535937312 0.027974823489785212 0.08545556664466858
v 0.04777545109391216 0.023076485842466368 0.08743751049041748
v 0.04777545109391216 0.02790524438023569 0.07774966955184937
v 0.04777545109391216 0.023076485842466368 0.08743751049041748
v 0.05134218186140064 0.022642144933342948 0.07943634688854218
v 0.05134218186140064 0.022642144933342948 0.07943634688854218
v 0.04777545109391216 0.023076485842466368 0.08743751049041748
v 0.05134218186140064 0.01780453324317933 0.08957037329673767
v 0.05134218186140064 0.022642144933342948 0.07943634688854218
v 0.05134218186140064 0.01780453324317933 0.08957037329673767
v 0.05429974943399433 0.017102928832173358 0.08121129870414734
v 0.05429974943399433 0.017102928832173358 0.08121129870414734
v 0.05134218186140064 0.01780453324317933 0.08957037329673767
v 0.05429974943399433 0.012256011366844186 0.09181489050388336
v 0.05429974943399433 0.017102928832173358 0.08121129870414734
v 0.05429974943399433 0.012256011366844186 0.09181489050388336
v 0.056628901511430775 0.011391145177185542 0.08304135501384735
v 0.056628901511430775 0.011391145177185542 0.08304135501384735
v 0.05429974943399433 0.012256011366844186 0.09181489050388336
v 0.056628901511430775 0.006534642539918427 0.09412911534309387
v 0.056628901511430775 0.011391145177185542 0.08304135501384735
v 0.056628901511430775 0.006534642539918427 0.09412911534309387
v 0.058328893035650295 0.00560696562752128 0.08489440381526947
v 0.058328893035650295 0.00560696562752128 0.08489440381526947
v 0.056628901511430775 0.006534642539918427 0.09412911534309387
v 0.058328893035650295 0.0007407667580991989 0.09647248685359955
v 0.058328893035650295 0.00560696562752128 0.08489440381526947
v 0.058328893035650295 0.0007407667580991989 0.09647248685359955
v 0.05994019284844403 -0.005798158701509241 0.0885477364063263
v 0.05994019284844403 -0.005798158701509241 0.0885477364063263
v 0.058328893035650295 0.0007407667580991989 0.09647248685359955
v 0.05994019284844403 -0.010683452710509307 0.10109259188175201
v 0.05994019284844403 -0.005798158701509241 0.0885477364063263
v 0.05994019284844403 -0.010683452710509307 0.10109259188175201
v 0.05939660966396336 -0.017007764428854 0.09213784337043762
v 0.05939660966396336 -0.017007764428854 0.09213784337043762
v 0.05994019284844403 -0.010683452710509307 0.10109259188175201
v 0.05939660966396336 -0.021911794319748892 0.10563287138938904
v 0.05939660966396336 -0.017007764428854 0.09213784337043762
v 0.05939660966396336 -0.021911794319748892 0.10563287138938904
v 0.05828642845153813 -0.022771924734115614 0.09398369491100311
v 0.05828642845153813 -0.022771924734115614 0.09398369491100311
v 0.05939660966396336 -0.021911794319748892 0.10563287138938904
v 0.05828642845153813 -0.027685577049851435 0.1079673022031784
v 0.05828642845153813 -0.022771924734115614 0.09398369491100311
v 0.05828642845153813 -0.027685577049851435 0.1079673022031784
v 0.05656765401363376 -0.028556266799569147 0.0958358496427536
v 0.05656765401363376 -0.028556266799569147 0.0958358496427536
v 0.05828642845153813 -0.027685577049851435 0.1079673022031784
v 0.05656765401363376 -0.033479567617177984 0.11030974984169006
v 0.05656765401363376 -0.028556266799569147 0.0958358496427536
v 0.05656765401363376 -0.033479567617177984 0.11030974984169006
v 0.054219275712966954 -0.03426564112305643 0.09766381978988647
v 0.054219275712966954 -0.03426564112305643 0.09766381978988647
v 0.05656765401363376 -0.033479567617177984 0.11030974984169006
v 0.054219275712966954 -0.039198454469442395 0.11262163519859314
v 0.054219275712966954 -0.03426564112305643 0.09766381978988647
v 0.054219275712966954 -0.039198454469442395 0.11262163519859314
v 0.05124292895197872 -0.03979966044425967 0.09943543374538422
v 0.05124292895197872 -0.03979966044425967 0.09943543374538422
v 0.054219275712966954 -0.039198454469442395 0.11262163519859314
v 0.05124292895197872 -0.04474168643355372 0.11486230790615082
v 0.05124292895197872 -0.03979966044425967 0.09943543374538422
v 0.05124292895197872 -0.04474168643355372 0.11486230790615082
v 0.04765824973583225 -0.045054826885461835 0.1011175811290741
v 0.04765824973583225 -0.045054826885461835 0.1011175811290741
v 0.05124292895197872 -0.04474168643355372 0.11486230790615082
v 0.04765824973583225 -0.05000558495521549 0.1169898509979248
v 0.04765824973583225 -0.045054826885461835 0.1011175811290741
v 0.04765824973583225 -0.05000558495521549 0.1169898509979248
v 0.0435101427137852 -0.04993448778986934 0.1026792973279953
v 0.0435101427137852 -0.04993448778986934 0.1026792973279953
v 0.04765824973583225 -0.05000558495521549 0.1169898509979248
v 0.0435101427137852 -0.054893344640731846 0.11896513402462006
v 0.0435101427137852 -0.04993448778986934 0.1026792973279953
v 0.0435101427137852 -0.054893344640731846 0.11896513402462006
v 0.03886068984866145 -0.05434845760464672 0.10409170389175415
v 0.03886068984866145 -0.05434845760464672 0.10409170389175415
v 0.0435101427137852 -0.054893344640731846 0.11896513402462006
v 0.03886068984866145 -0.05931463092565541 0.12075163424015045
v 0.005738519132137302 0.04660273715853694 0.07791206240653992
v 0.005738519132137302 0.04090552031993869 0.08488970994949341
v 0.011440484784543521 0.04577442258596423 0.07824864983558655
v 0.011440484784543521 0.04577442258596423 0.07824864983558655
v 0.005738519132137302 0.04090552031993869 0.08488970994949341
v 0.011440484784543521 0.0400737635791302 0.08529822528362274
v 0.011440484784543521 0.04577442258596423 0.07824864983558655
v 0.011440484784543521 0.0400737635791302 0.08529822528362274
v 0.017209554091095935 0.0443486422300339 0.07882684469223022
v 0.017209554091095935 0.0443486422300339 0.07882684469223022
v 0.011440484784543521 0.0400737635791302 0.08529822528362274
v 0.017209554091095935 0.03864270821213725 0.08600050210952759
v 0.017209554091095935 0.0443486422300339 0.07882684469223022
v 0.017209554091095935 0.03864270821213725 0.08600050210952759
v 0.02294983156025411 0.042299546301364926 0.07965709269046783
v 0.02294983156025411 0.042299546301364926 0.07965709269046783
v 0.017209554091095935 0.03864270821213725 0.08600050210952759
v 0.02294983156025411 0.036586441099643735 0.0870092511177063
v 0.02294983156025411 0.042299546301364926 0.07965709269046783
v 0.02294983156025411 0.036586441099643735 0.0870092511177063
v 0.028564581647515314 0.03961475938558581 0.08074437081813812
v 0.028564581647515314 0.03961475938558581 0.08074437081813812
v 0.02294983156025411 0.036586441099643735 0.0870092511177063
v 0.028564581647515314 0.03389256447553637 0.08833050727844238
v 0.028564581647515314 0.03961475938558581 0.08074437081813812
v 0.028564581647515314 0.03389256447553637 0.08833050727844238
v 0.03395087271928789 0.03630787879228594 0.08208312094211578
v 0.03395087271928789 0.03630787879228594 0.08208312094211578
v 0.028564581647515314 0.03389256447553637 0.08833050727844238
v 0.03395087271928789 0.030574731528759024 0.08995756506919861
v 0.03395087271928789 0.03630787879228594 0.08208312094211578
v 0.03395087271928789 0.030574731528759024 0.08995756506919861
v 0.039008203893899945 0.032408956438303015 0.08366119861602783
v 0.039008203893899945 0.032408956438303015 0.08366119861602783
v 0.03395087271928789 0.030574731528759024 0.08995756506919861
v 0.039008203893899945 0.02666310407221319 0.09187565743923187
v 0.039008203893899945 0.032408956438303015 0.08366119861602783
v 0.039008203893899945 0.02666310407221319 0.09187565743923187
v 0.04364354535937312 0.027974823489785212 0.08545556664466858
v 0.04364354535937312 0.027974823489785212 0.08545556664466858
v 0.039008203893899945 0.02666310407221319 0.09187565743923187
v 0.04364354535937312 0.02221470326185228 0.09405678510665894
v 0.04364354535937312 0.027974823489785212 0.08545556664466858
v 0.04364354535937312 0.02221470326185228 0.09405678510665894
v 0.04777545109391216 0.023076485842466368 0.08743751049041748
v 0.04777545109391216 0.023076485842466368 0.08743751049041748
v 0.04364354535937312 0.02221470326185228 0.09405678510665894
v 0.04777545109391216 0.017300762236118327 0.09646603465080261
v 0.04777545109391216 0.023076485842466368 0.08743751049041748
v 0.04777545109391216 0.017300762236118327 0.09646603465080261
v 0.05134218186140064 0.01780453324317933 0.08957037329673767
v 0.05134218186140064 0.01780453324317933 0.08957037329673767
v 0.04777545109391216 0.017300762236118327 0.09646603465080261
v 0.05134218186140064 0.012012158520519742 0.0990588515996933
v 0.05134218186140064 0.01780453324317933 0.08957037329673767
v 0.05134218186140064 0.012012158520519742 0.0990588515996933
v 0.05429974943399433 0.012256011366844186 0.09181489050388336
v 0.05429974943399433 0.012256011366844186 0.09181489050388336
v 0.05134218186140064 0.012012158520519742 0.0990588515996933
v 0.05429974943399433 0.006446238141506915 0.1017875224351883
v 0.05429974943399433 0.012256011366844186 0.09181489050388336
v 0.05429974943399433 0.006446238141506915 0.1017875224351883
v 0.056628901511430775 0.006534642539918427 0.09412911534309387
v 0.056628901511430775 0.006534642539918427 0.09412911534309387
v 0.05429974943399433 0.006446238141506915 0.1017875224351883
v 0.056628901511430775 0.0007070452556945388 0.10460102558135986
v 0.056628901511430775 0.006534642539918427 0.09412911534309387
v 0.056628901511430775 0.0007070452556945388 0.10460102558135986
v 0.058328893035650295 0.0007407667580991989 0.09647248685359955
v 0.058328893035650295 0.0007407667580991989 0.09647248685359955
v 0.056628901511430775 0.0007070452556945388 0.10460102558135986
v 0.058328893035650295 -0.005104775074869398 0.10745003819465637
v 0.058328893035650295 0.0007407667580991989 0.09647248685359955
v 0.058328893035650295 -0.005104775074869398 0.10745003819465637
v 0.05994019284844403 -0.010683452710509307 0.10109259188175201
v 0.05994019284844403 -0.010683452710509307 0.10109259188175201
v 0.058328893035650295 -0.005104775074869398 0.10745003819465637
v 0.05994019284844403 -0.01656409725546838 0.11306726932525635
v 0.05994019284844403 -0.010683452710509307 0.10109259188175201
v 0.05994019284844403 -0.01656409725546838 0.11306726932525635
v 0.05939660966396336 -0.021911794319748892 0.10563287138938904
v 0.05939660966396336 -0.021911794319748892 0.10563287138938904
v 0.05994019284844403 -0.01656409725546838 0.11306726932525635
v 0.05939660966396336 -0.02782659791409971 0.11858773231506348
v 0.05939660966396336 -0.021911794319748892 0.10563287138938904
v 0.05939660966396336 -0.02782659791409971 0.11858773231506348
v 0.05828642845153813 -0.027685577049851435 0.1079673022031784
v 0.05828642845153813 -0.027685577049851435 0.1079673022031784
v 0.05939660966396336 -0.02782659791409971 0.11858773231506348
v 0.05828642845153813 -0.033617813140153906 0.12142623960971832
v 0.05828642845153813 -0.027685577049851435 0.1079673022031784
v 0.05828642845153813 -0.033617813140153906 0.12142623960971832
v 0.05656765401363376 -0.033479567617177984 0.11030974984169006
v 0.05656765401363376 -0.033479567617177984 0.11030974984169006
v 0.05828642845153813 -0.033617813140153906 0.12142623960971832
v 0.05656765401363376 -0.039429198950529126 0.12427455186843872
v 0.05656765401363376 -0.033479567617177984 0.11030974984169006
v 0.05656765401363376 -0.039429198950529126 0.12427455186843872
v 0.054219275712966954 -0.039198454469442395 0.11262163519859314
v 0.054219275712966954 -0.039198454469442395 0.11262163519859314
v 0.05656765401363376 -0.039429198950529126 0.12427455186843872
v 0.054219275712966954 -0.045165151357650785 0.12708580493927002
v 0.054219275712966954 -0.039198454469442395 0.11262163519859314
v 0.054219275712966954 -0.045165151357650785 0.12708580493927002
v 0.05124292895197872 -0.04474168643355372 0.11486230790615082
v 0.05124292895197872 -0.04474168643355372 0.11486230790615082
v 0.054219275712966954 -0.045165151357650785 0.12708580493927002
v 0.05124292895197872 -0.05072480812668804 0.12981055676937103
v 0.05124292895197872 -0.04474168643355372 0.11486230790615082
v 0.05124292895197872 -0.05072480812668804 0.12981055676937103
v 0.04765824973583225 -0.05000558495521549 0.1169898509979248
v 0.04765824973583225 -0.05000558495521549 0.1169898509979248
v 0.05124292895197872 -0.05072480812668804 0.12981055676937103
v 0.04765824973583225 -0.056004188954830204 0.1323978304862976
v 0.04765824973583225 -0.05000558495521549 0.1169898509979248
v 0.04765824973583225 -0.056004188954830204 0.1323978304862976
v 0.0435101427137852 -0.054893344640731846 0.11896513402462006
v 0.0435101427137852 -0.054893344640731846 0.11896513402462006
v 0.04765824973583225 -0.056004188954830204 0.1323978304862976
v 0.0435101427137852 -0.06090619042515759 0.1348000466823578
v 0.0435101427137852 -0.054893344640731846 0.11896513402462006
v 0.0435101427137852 -0.06090619042515759 0.1348000466823578
v 0.03886068984866145 -0.05931463092565541 0.12075163424015045
v 0.03886068984866145 -0.05931463092565541 0.12075163424015045
v 0.0435101427137852 -0.06090619042515759 0.1348000466823578
v 0.03886068984866145 -0.06534021347761158 0.1369727998971939
v 0.005738519132137302 0.04090552031993869 0.08488970994949341
v 0.005738519132137302 0.03446236252784731 0.09099414944648743
v 0.011440484784543521 0.0400737635791302 0.08529822528362274
v 0.011440484784543521 0.0400737635791302 0.08529822528362274
v 0.005738519132137302 0.03446236252784731 0.09099414944648743
v 0.011440484784543521 0.033627700060606024 0.09147806465625763
v 0.011440484784543521 0.0400737635791302 0.08529822528362274
v 0.011440484784543521 0.033627700060606024 0.09147806465625763
v 0.017209554091095935 0.03864270821213725 0.08600050210952759
v 0.017209554091095935 0.03864270821213725 0.08600050210952759
v 0.011440484784543521 0.033627700060606024 0.09147806465625763
v 0.017209554091095935 0.03219219669699671 0.09231039881706238
v 0.017209554091095935 0.03864270821213725 0.08600050210952759
v 0.017209554091095935 0.03219219669699671 0.09231039881706238
v 0.02294983156025411 0.036586441099643735 0.0870092511177063
v 0.02294983156025411 0.036586441099643735 0.0870092511177063
v 0.017209554091095935 0.03219219669699671 0.09231039881706238
v 0.02294983156025411 0.03012988530099394 0.09350620210170746
v 0.02294983156025411 0.036586441099643735 0.0870092511177063
v 0.02294983156025411 0.03012988530099394 0.09350620210170746
v 0.028564581647515314 0.03389256447553637 0.08833050727844238
v 0.028564581647515314 0.03389256447553637 0.08833050727844238
v 0.02294983156025411 0.03012988530099394 0.09350620210170746
v 0.028564581647515314 0.02742834761738779 0.0950726866722107
v 0.028564581647515314 0.03389256447553637 0.08833050727844238
v 0.028564581647515314 0.02742834761738779 0.0950726866722107
v 0.03395087271928789 0.030574731528759024 0.08995756506919861
v 0.03395087271928789 0.030574731528759024 0.08995756506919861
v 0.028564581647515314 0.02742834761738779 0.0950726866722107
v 0.03395087271928789 0.024101287126541155 0.09700191020965576
v 0.03395087271928789 0.030574731528759024 0.08995756506919861
v 0.03395087271928789 0.024101287126541155 0.09700191020965576
v 0.039008203893899945 0.02666310407221319 0.09187565743923187
v 0.039008203893899945 0.02666310407221319 0.09187565743923187
v 0.03395087271928789 0.024101287126541155 0.09700191020965576
v 0.039008203893899945 0.02017895691096784 0.0992763340473175
v 0.039008203893899945 0.02666310407221319 0.09187565743923187
v 0.039008203893899945 0.02017895691096784 0.0992763340473175
v 0.04364354535937312 0.02221470326185228 0.09405678510665894
v 0.04364354535937312 0.02221470326185228 0.09405678510665894
v 0.039008203893899945 0.02017895691096784 0.0992763340473175
v 0.04364354535937312 0.01571853645145894 0.10186278820037842
v 0.04364354535937312 0.02221470326185228 0.09405678510665894
v 0.04364354535937312 0.01571853645145894 0.10186278820037842
v 0.04777545109391216 0.017300762236118327 0.09646603465080261
v 0.04777545109391216 0.017300762236118327 0.09646603465080261
v 0.04364354535937312 0.01571853645145894 0.10186278820037842
v 0.04777545109391216 0.010791452601552017 0.1047198623418808
v 0.04777545109391216 0.017300762236118327 0.09646603465080261
v 0.04777545109391216 0.010791452601552017 0.1047198623418808
v 0.05134218186140064 0.012012158520519742 0.0990588515996933
v 0.05134218186140064 0.012012158520519742 0.0990588515996933
v 0.04777545109391216 0.010791452601552017 0.1047198623418808
v 0.05134218186140064 0.005488822236657146 0.10779471695423126
v 0.05134218186140064 0.012012158520519742 0.0990588515996933
v 0.05134218186140064 0.005488822236657146 0.10779471695423126
v 0.05429974943399433 0.006446238141506915 0.1017875224351883
v 0.05429974943399433 0.006446238141506915 0.1017875224351883
v 0.05134218186140064 0.005488822236657146 0.10779471695423126
v 0.05429974943399433 -9.175087325274951e-05 0.11103075742721558
v 0.05429974943399433 0.006446238141506915 0.1017875224351883
v 0.05429974943399433 -9.175087325274951e-05 0.11103075742721558
v 0.056628901511430775 0.0007070452556945388 0.10460102558135986
v 0.056628901511430775 0.0007070452556945388 0.10460102558135986
v 0.05429974943399433 -9.175087325274951e-05 0.11103075742721558
v 0.056628901511430775 -0.005845954641699794 0.11436748504638672
v 0.056628901511430775 0.0007070452556945388 0.10460102558135986
v 0.056628901511430775 -0.005845954641699794 0.11436748504638672
v 0.058328893035650295 -0.005104775074869398 0.10745003819465637
v 0.058328893035650295 -0.005104775074869398 0.10745003819465637
v 0.056628901511430775 -0.005845954641699794 0.11436748504638672
v 0.058328893035650295 -0.011672886088490493 0.11774641275405884
v 0.058328893035650295 -0.005104775074869398 0.10745003819465637
v 0.058328893035650295 -0.011672886088490493 0.11774641275405884
v 0.05994019284844403 -0.01656409725546838 0.11306726932525635
v 0.05994019284844403 -0.01656409725546838 0.11306726932525635
v 0.058328893035650295 -0.011672886088490493 0.11774641275405884
v 0.05994019284844403 -0.023161767050623908 0.12440860271453857
v 0.05994019284844403 -0.01656409725546838 0.11306726932525635
v 0.05994019284844403 -0.023161767050623908 0.12440860271453857
v 0.05939660966396336 -0.02782659791409971 0.11858773231506348
v 0.05939660966396336 -0.02782659791409971 0.11858773231506348
v 0.05994019284844403 -0.023161767050623908 0.12440860271453857
v 0.05939660966396336 -0.034453030675649664 0.1309562474489212
v 0.05939660966396336 -0.02782659791409971 0.11858773231506348
v 0.05939660966396336 -0.034453030675649664 0.1309562474489212
v 0.05828642845153813 -0.033617813140153906 0.12142623960971832
v 0.05828642845153813 -0.033617813140153906 0.12142623960971832
v 0.05939660966396336 -0.034453030675649664 0.1309562474489212
v 0.05828642845153813 -0.04025892168283465 0.13432301580905914
v 0.05828642845153813 -0.033617813140153906 0.12142623960971832
v 0.05828642845153813 -0.04025892168283465 0.13432301580905914
v 0.05656765401363376 -0.039429198950529126 0.12427455186843872
v 0.05656765401363376 -0.039429198950529126 0.12427455186843872
v 0.05828642845153813 -0.04025892168283465 0.13432301580905914
v 0.05656765401363376 -0.04608495160937312 0.13770146667957306
v 0.05656765401363376 -0.039429198950529126 0.12427455186843872
v 0.05656765401363376 -0.04608495160937312 0.13770146667957306
v 0.054219275712966954 -0.045165151357650785 0.12708580493927002
v 0.054219275712966954 -0.045165151357650785 0.12708580493927002
v 0.05656765401363376 -0.04608495160937312 0.13770146667957306
v 0.054219275712966954 -0.05183527246117595 0.1410360187292099
v 0.054219275712966954 -0.045165151357650785 0.12708580493927002
v 0.054219275712966954 -0.05183527246117595 0.1410360187292099
v 0.05124292895197872 -0.05072480812668804 0.12981055676937103
v 0.05124292895197872 -0.05072480812668804 0.12981055676937103
v 0.054219275712966954 -0.05183527246117595 0.1410360187292099
v 0.05124292895197872 -0.057408761233091396 0.14426805078983307
v 0.05124292895197872 -0.05072480812668804 0.12981055676937103
v 0.05124292895197872 -0.057408761233091396 0.14426805078983307
v 0.04765824973583225 -0.056004188954830204 0.1323978304862976
v 0.04765824973583225 -0.056004188954830204 0.1323978304862976
v 0.05124292895197872 -0.057408761233091396 0.14426805078983307
v 0.04765824973583225 -0.06270117312669758 0.14733709394931793
v 0.04765824973583225 -0.056004188954830204 0.1323978304862976
v 0.04765824973583225 -0.06270117312669758 0.14733709394931793
v 0.0435101427137852 -0.06090619042515759 0.1348000466823578
v 0.0435101427137852 -0.06090619042515759 0.1348000466823578
v 0.04765824973583225 -0.06270117312669758 0.14733709394931793
v 0.0435101427137852 -0.06761515885591511 0.1501867175102234
v 0.0435101427137852 -0.06090619042515759 0.1348000466823578
v 0.0435101427137852 -0.06761515885591511 0.1501867175102234
v 0.03886068984866145 -0.06534021347761158 0.1369727998971939
v 0.03886068984866145 -0.06534021347761158 0.1369727998971939
v 0.0435101427137852 -0.06761515885591511 0.1501867175102234
v 0.03886068984866145 -0.07205989956855778 0.152764230966568
v -0.0391553342342377 -0.06509437412023548 0.13684116303920746
v -0.0391553342342377 -0.07180282473564152 0.1526164412498474
v -0.043776482343673734 -0.060630690306425136 0.1346525400876999
v -0.043776482343673734 -0.060630690306425136 0.1346525400876999
v -0.0391553342342377 -0.07180282473564152 0.1526164412498474
v -0.043776482343673734 -0.06732708215713505 0.15002110600471497
v -0.043776482343673734 -0.060630690306425136 0.1346525400876999
v -0.043776482343673734 -0.06732708215713505 0.15002110600471497
v -0.04789213836193088 -0.05570403113961223 0.13223706185817719
v -0.04789213836193088 -0.05570403113961223 0.13223706185817719
v -0.043776482343673734 -0.06732708215713505 0.15002110600471497
v -0.04789213836193088 -0.06238725036382679 0.14715662598609924
v -0.04789213836193088 -0.05570403113961223 0.13223706185817719
v -0.04789213836193088 -0.06238725036382679 0.14715662598609924
v -0.05144087597727779 -0.050405543297529255 0.1296394020318985
v -0.05144087597727779 -0.050405543297529255 0.1296394020318985
v -0.04789213836193088 -0.06238725036382679 0.14715662598609924
v -0.05144087597727779 -0.05707471445202831 0.14407603442668915
v -0.05144087597727779 -0.050405543297529255 0.1296394020318985
v -0.05144087597727779 -0.05707471445202831 0.14407603442668915
v -0.05437964573502544 -0.04483283683657649 0.12690740823745728
v -0.05437964573502544 -0.04483283683657649 0.12690740823745728
v -0.05144087597727779 -0.05707471445202831 0.14407603442668915
v -0.05437964573502544 -0.05148733779788021 0.14083604514598846
v -0.05437964573502544 -0.04483283683657649 0.12690740823745728
v -0.05437964573502544 -0.05148733779788021 0.14083604514598846
v -0.05668956786394123 -0.03909000381827357 0.12409213185310364
v -0.05668956786394123 -0.03909000381827357 0.12409213185310364
v -0.05437964573502544 -0.05148733779788021 0.14083604514598846
v -0.05668956786394123 -0.04572949185967448 0.1374972015619278
v -0.05668956786394123 -0.03909000381827357 0.12409213185310364
v -0.05668956786394123 -0.04572949185967448 0.1374972015619278
v -0.05837079882621769 -0.03327747806906702 0.12124276161193848
v -0.05837079882621769 -0.03327747806906702 0.12124276161193848
v -0.05668956786394123 -0.04572949185967448 0.1374972015619278
v -0.05837079882621769 -0.03990185260772708 0.13411787152290344
v -0.05837079882621769 -0.03327747806906702 0.12124276161193848
v -0.05837079882621769 -0.03990185260772708 0.13411787152290344
v -0.059444963932037395 -0.02749083563685419 0.11840617656707764
v -0.059444963932037395 -0.02749083563685419 0.11840617656707764
v -0.05837079882621769 -0.03990185260772708 0.13411787152290344
v -0.059444963932037395 -0.03410024940967562 0.13075362145900726
v -0.059444963932037395 -0.02749083563685419 0.11840617656707764
v -0.059444963932037395 -0.03410024940967562 0.13075362145900726
v -0.05992415919899945 -0.016236945986747752 0.11288979649543762
v -0.05992415919899945 -0.016236945986747752 0.11288979649543762
v -0.059444963932037395 -0.03410024940967562 0.13075362145900726
v -0.05992415919899945 -0.022817481309175505 0.12421092391014099
v -0.05992415919899945 -0.016236945986747752 0.11288979649543762
v -0.05992415919899945 -0.022817481309175505 0.12421092391014099
v -0.05824340507388119 -0.004764392971992496 0.10726656019687653
v -0.05824340507388119 -0.004764392971992496 0.10726656019687653
v -0.05992415919899945 -0.022817481309175505 0.12421092391014099
v -0.05824340507388119 -0.011315781623125083 0.11754123866558075
v -0.05824340507388119 -0.004764392971992496 0.10726656019687653
v -0.05824340507388119 -0.011315781623125083 0.11754123866558075
v -0.05650582909584049 0.0010461151832714683 0.10441866517066956
v -0.05650582909584049 0.0010461151832714683 0.10441866517066956
v -0.05824340507388119 -0.011315781623125083 0.11754123866558075
v -0.05650582909584049 -0.005490633193403486 0.11416329443454742
v -0.05650582909584049 0.0010461151832714683 0.10441866517066956
v -0.05650582909584049 -0.005490633193403486 0.11416329443454742
v -0.05413822457194332 0.006778249051421885 0.10160928964614868
v -0.05413822457194332 0.006778249051421885 0.10160928964614868
v -0.05650582909584049 -0.005490633193403486 0.11416329443454742
v -0.05413822457194332 0.0002558549749664964 0.11083096265792847
v -0.05413822457194332 0.006778249051421885 0.10160928964614868
v -0.05413822457194332 0.0002558549749664964 0.11083096265792847
v -0.05114311352372173 0.012330933474004277 0.09888796508312225
v -0.05114311352372173 0.012330933474004277 0.09888796508312225
v -0.05413822457194332 0.0002558549749664964 0.11083096265792847
v -0.05114311352372173 0.005822348874062303 0.10760298371315002
v -0.05114311352372173 0.012330933474004277 0.09888796508312225
v -0.05114311352372173 0.005822348874062303 0.10760298371315002
v -0.047540526837110554 0.017600255087018023 0.09630562365055084
v -0.047540526837110554 0.017600255087018023 0.09630562365055084
v -0.05114311352372173 0.005822348874062303 0.10760298371315002
v -0.047540526837110554 0.01110467221587897 0.10453978180885315
v -0.047540526837110554 0.017600255087018023 0.09630562365055084
v -0.047540526837110554 0.01110467221587897 0.10453978180885315
v -0.04337627440690997 0.022489368915557875 0.09390972554683685
v -0.04337627440690997 0.022489368915557875 0.09390972554683685
v -0.047540526837110554 0.01110467221587897 0.10453978180885315
v -0.04337627440690997 0.016005737707018863 0.10169766843318939
v -0.04337627440690997 0.022489368915557875 0.09390972554683685
v -0.04337627440690997 0.016005737707018863 0.10169766843318939
v -0.038712788373231916 0.026907982304692286 0.09174452722072601
v -0.038712788373231916 0.026907982304692286 0.09174452722072601
v -0.04337627440690997 0.016005737707018863 0.10169766843318939
v -0.038712788373231916 0.020435029640793814 0.09912911057472229
v -0.038712788373231916 0.026907982304692286 0.09174452722072601
v -0.038712788373231916 0.020435029640793814 0.09912911057472229
v -0.0336328372359276 0.030786192044615766 0.08984427154064178
v -0.0336328372359276 0.030786192044615766 0.08984427154064178
v -0.038712788373231916 0.020435029640793814 0.09912911057472229
v -0.0336328372359276 0.02432247810065748 0.09687475860118866
v -0.0336328372359276 0.030786192044615766 0.08984427154064178
v -0.0336328372359276 0.02432247810065748 0.09687475860118866
v -0.028229752555489557 0.03406788036227228 0.08823646605014801
v -0.028229752555489557 0.03406788036227228 0.08823646605014801
v -0.0336328372359276 0.02432247810065748 0.09687475860118866
v -0.028229752555489557 0.027611833065748232 0.09496721625328064
v -0.028229752555489557 0.03406788036227228 0.08823646605014801
v -0.028229752555489557 0.027611833065748232 0.09496721625328064
v -0.022604495286941542 0.03672454133629802 0.08693504333496094
v -0.022604495286941542 0.03672454133629802 0.08693504333496094
v -0.028229752555489557 0.027611833065748232 0.09496721625328064
v -0.022604495286941542 0.030274534597992918 0.09342306852340698
v -0.022604495286941542 0.03672454133629802 0.08693504333496094
v -0.022604495286941542 0.030274534597992918 0.09342306852340698
v -0.016859784722328196 0.03874349221587184 0.08594624698162079
v -0.016859784722328196 0.03874349221587184 0.08594624698162079
v -0.022604495286941542 0.030274534597992918 0.09342306852340698
v -0.016859784722328196 0.03229787200689318 0.09224967658519745
v -0.016859784722328196 0.03874349221587184 0.08594624698162079
v -0.016859784722328196 0.03229787200689318 0.09224967658519745
v -0.011092000640928752 0.04013857990503314 0.08526323735713959
v -0.011092000640928752 0.04013857990503314 0.08526323735713959
v -0.016859784722328196 0.03229787200689318 0.09224967658519745
v -0.011092000640928752 0.03369574621319773 0.09143897891044617
v -0.011092000640928752 0.04013857990503314 0.08526323735713959
v -0.011092000640928752 0.03369574621319773 0.09143897891044617
v -0.005397376604378227 0.04093644767999652 0.08487296104431152
v -0.005397376604378227 0.04093644767999652 0.08487296104431152
v -0.011092000640928752 0.03369574621319773 0.09143897891044617
v -0.005397376604378227 0.034494880586862585 0.09097547829151154
v -0.005397376604378227 0.04093644767999652 0.08487296104431152
v -0.005397376604378227 0.034494880586862585 0.09097547829151154
v 0.00016779782890807848 0.041181616485118894 0.08475358784198761
v 0.00016779782890807848 0.041181616485118894 0.08475358784198761
v -0.005397376604378227 0.034494880586862585 0.09097547829151154
v 0.00016779782890807848 0.03473992273211481 0.09083329141139984
v -0.0391553342342377 -0.05908203497529034 0.12063515186309814
v -0.0391553342342377 -0.06509437412023548 0.13684116303920746
v -0.043776482343673734 -0.05463266000151638 0.11883461475372314
v -0.043776482343673734 -0.05463266000151638 0.11883461475372314
v -0.0391553342342377 -0.06509437412023548 0.13684116303920746
v -0.043776482343673734 -0.060630690306425136 0.1346525400876999
v -0.043776482343673734 -0.05463266000151638 0.11883461475372314
v -0.043776482343673734 -0.060630690306425136 0.1346525400876999
v -0.04789213836193088 -0.04972163960337642 0.11684754490852356
v -0.04789213836193088 -0.04972163960337642 0.11684754490852356
v -0.043776482343673734 -0.060630690306425136 0.1346525400876999
v -0.04789213836193088 -0.05570403113961223 0.13223706185817719
v -0.04789213836193088 -0.04972163960337642 0.11684754490852356
v -0.04789213836193088 -0.05570403113961223 0.13223706185817719
v -0.05144087597727779 -0.04443982988595965 0.1147107183933258
v -0.05144087597727779 -0.04443982988595965 0.1147107183933258
v -0.04789213836193088 -0.05570403113961223 0.13223706185817719
v -0.05144087597727779 -0.050405543297529255 0.1296394020318985
v -0.05144087597727779 -0.04443982988595965 0.1147107183933258
v -0.05144087597727779 -0.050405543297529255 0.1296394020318985
v -0.05437964573502544 -0.038884539157152204 0.11246345937252045
v -0.05437964573502544 -0.038884539157152204 0.11246345937252045
v -0.05144087597727779 -0.050405543297529255 0.1296394020318985
v -0.05437964573502544 -0.04483283683657649 0.12690740823745728
v -0.05437964573502544 -0.038884539157152204 0.11246345937252045
v -0.05437964573502544 -0.04483283683657649 0.12690740823745728
v -0.05668956786394123 -0.033159542828798315 0.11014775931835175
v -0.05668956786394123 -0.033159542828798315 0.11014775931835175
v -0.05437964573502544 -0.04483283683657649 0.12690740823745728
v -0.05668956786394123 -0.03909000381827357 0.12409213185310364
v -0.05668956786394123 -0.033159542828798315 0.11014775931835175
v -0.05668956786394123 -0.03909000381827357 0.12409213185310364
v -0.05837079882621769 -0.02736495807766916 0.10780411958694458
v -0.05837079882621769 -0.02736495807766916 0.10780411958694458
v -0.05668956786394123 -0.03909000381827357 0.12409213185310364
v -0.05837079882621769 -0.03327747806906702 0.12124276161193848
v -0.05837079882621769 -0.02736495807766916 0.10780411958694458
v -0.05837079882621769 -0.03327747806906702 0.12124276161193848
v -0.059444963932037395 -0.021596081554889693 0.10547102987766266
v -0.059444963932037395 -0.021596081554889693 0.10547102987766266
v -0.05837079882621769 -0.03327747806906702 0.12124276161193848
v -0.059444963932037395 -0.02749083563685419 0.11840617656707764
v -0.059444963932037395 -0.021596081554889693 0.10547102987766266
v -0.059444963932037395 -0.02749083563685419 0.11840617656707764
v -0.05992415919899945 -0.01037648972123862 0.1009339988231659
v -0.05992415919899945 -0.01037648972123862 0.1009339988231659
v -0.059444963932037395 -0.02749083563685419 0.11840617656707764
v -0.05992415919899945 -0.016236945986747752 0.11288979649543762
v -0.05992415919899945 -0.01037648972123862 0.1009339988231659
v -0.05992415919899945 -0.016236945986747752 0.11288979649543762
v -0.05824340507388119 0.0010614477796480066 0.09630930423736572
v -0.05824340507388119 0.0010614477796480066 0.09630930423736572
v -0.05992415919899945 -0.016236945986747752 0.11288979649543762
v -0.05824340507388119 -0.004764392971992496 0.10726656019687653
v -0.05824340507388119 0.0010614477796480066 0.09630930423736572
v -0.05824340507388119 -0.004764392971992496 0.10726656019687653
v -0.05650582909584049 0.006854565814137463 0.09396721422672272
v -0.05650582909584049 0.006854565814137463 0.09396721422672272
v -0.05824340507388119 -0.004764392971992496 0.10726656019687653
v -0.05650582909584049 0.0010461151832714683 0.10441866517066956
v -0.05650582909584049 0.006854565814137463 0.09396721422672272
v -0.05650582909584049 0.0010461151832714683 0.10441866517066956
v -0.05413822457194332 0.012569649145007142 0.0916568785905838
v -0.05413822457194332 0.012569649145007142 0.0916568785905838
v -0.05650582909584049 0.0010461151832714683 0.10441866517066956
v -0.05413822457194332 0.006778249051421885 0.10160928964614868
v -0.05413822457194332 0.012569649145007142 0.0916568785905838
v -0.05413822457194332 0.006778249051421885 0.10160928964614868
v -0.05114311352372173 0.018105929717421542 0.08941902220249176
v -0.05114311352372173 0.018105929717421542 0.08941902220249176
v -0.05413822457194332 0.006778249051421885 0.10160928964614868
v -0.05114311352372173 0.012330933474004277 0.09888796508312225
v -0.05114311352372173 0.018105929717421542 0.08941902220249176
v -0.05114311352372173 0.012330933474004277 0.09888796508312225
v -0.047540526837110554 0.023359805345535292 0.0872955322265625
v -0.047540526837110554 0.023359805345535292 0.0872955322265625
v -0.05114311352372173 0.012330933474004277 0.09888796508312225
v -0.047540526837110554 0.017600255087018023 0.09630562365055084
v -0.047540526837110554 0.023359805345535292 0.0872955322265625
v -0.047540526837110554 0.017600255087018023 0.09630562365055084
v -0.04337627440690997 0.028234720230102556 0.0853254497051239
v -0.04337627440690997 0.028234720230102556 0.0853254497051239
v -0.047540526837110554 0.017600255087018023 0.09630562365055084
v -0.04337627440690997 0.022489368915557875 0.09390972554683685
v -0.04337627440690997 0.028234720230102556 0.0853254497051239
v -0.04337627440690997 0.022489368915557875 0.09390972554683685
v -0.038712788373231916 0.032640643417835256 0.08354516327381134
v -0.038712788373231916 0.032640643417835256 0.08354516327381134
v -0.04337627440690997 0.022489368915557875 0.09390972554683685
v -0.038712788373231916 0.026907982304692286 0.09174452722072601
v -0.038712788373231916 0.032640643417835256 0.08354516327381134
v -0.038712788373231916 0.026907982304692286 0.09174452722072601
v -0.0336328372359276 0.03650787472724917 0.08198282122612
v -0.0336328372359276 0.03650787472724917 0.08198282122612
v -0.038712788373231916 0.026907982304692286 0.09174452722072601
v -0.0336328372359276 0.030786192044615766 0.08984427154064178
v -0.0336328372359276 0.03650787472724917 0.08198282122612
v -0.0336328372359276 0.030786192044615766 0.08984427154064178
v -0.028229752555489557 0.0397804491221905 0.08066102862358093
v -0.028229752555489557 0.0397804491221905 0.08066102862358093
v -0.0336328372359276 0.030786192044615766 0.08984427154064178
v -0.028229752555489557 0.03406788036227228 0.08823646605014801
v -0.028229752555489557 0.0397804491221905 0.08066102862358093
v -0.028229752555489557 0.03406788036227228 0.08823646605014801
v -0.022604495286941542 0.04242993518710139 0.07959127426147461
v -0.022604495286941542 0.04242993518710139 0.07959127426147461
v -0.028229752555489557 0.03406788036227228 0.08823646605014801
v -0.022604495286941542 0.03672454133629802 0.08693504333496094
v -0.022604495286941542 0.04242993518710139 0.07959127426147461
v -0.022604495286941542 0.03672454133629802 0.08693504333496094
v -0.016859784722328196 0.04444366320967677 0.07877862453460693
v -0.016859784722328196 0.04444366320967677 0.07877862453460693
v -0.022604495286941542 0.03672454133629802 0.08693504333496094
v -0.016859784722328196 0.03874349221587184 0.08594624698162079
v -0.016859784722328196 0.04444366320967677 0.07877862453460693
v -0.016859784722328196 0.03874349221587184 0.08594624698162079
v -0.011092000640928752 0.04583543539047244 0.07821749150753021
v -0.011092000640928752 0.04583543539047244 0.07821749150753021
v -0.016859784722328196 0.03874349221587184 0.08594624698162079
v -0.011092000640928752 0.04013857990503314 0.08526323735713959
v -0.011092000640928752 0.04583543539047244 0.07821749150753021
v -0.011092000640928752 0.04013857990503314 0.08526323735713959
v -0.005397376604378227 0.046631786972284345 0.0778971016407013
v -0.005397376604378227 0.046631786972284345 0.0778971016407013
v -0.011092000640928752 0.04013857990503314 0.08526323735713959
v -0.005397376604378227 0.04093644767999652 0.08487296104431152
v -0.005397376604378227 0.046631786972284345 0.0778971016407013
v -0.005397376604378227 0.04093644767999652 0.08487296104431152
v 0.005738519132137302 0.04660273715853694 0.07791206240653992
v 0.005738519132137302 0.04660273715853694 0.07791206240653992
v -0.005397376604378227 0.04093644767999652 0.08487296104431152
v 0.00016779782890807848 0.041181616485118894 0.08475358784198761
v 0.005738519132137302 0.04660273715853694 0.07791206240653992
v 0.00016779782890807848 0.041181616485118894 0.08475358784198761
v 0.005738519132137302 0.04090552031993869 0.08488970994949341
v 0.005738519132137302 0.04090552031993869 0.08488970994949341
v 0.00016779782890807848 0.041181616485118894 0.08475358784198761
v 0.00016779782890807848 0.03473992273211481 0.09083329141139984
v 0.005738519132137302 0.04090552031993869 0.08488970994949341
v 0.00016779782890807848 0.03473992273211481 0.09083329141139984
v 0.005738519132137302 0.03446236252784731 0.09099414944648743
v -0.0391553342342377 -0.05025190487504009 0.08703021705150604
v -0.0391553342342377 -0.05411738529801372 0.10399582982063293
v -0.043776482343673734 -0.0458144545555115 0.0859740823507309
v -0.043776482343673734 -0.0458144545555115 0.0859740823507309
v -0.0391553342342377 -0.05411738529801372 0.10399582982063293
v -0.043776482343673734 -0.04967550560832027 0.10257185995578766
v -0.043776482343673734 -0.0458144545555115 0.0859740823507309
v -0.043776482343673734 -0.04967550560832027 0.10257185995578766
v -0.04789213836193088 -0.04091665521264079 0.0848085880279541
v -0.04789213836193088 -0.04091665521264079 0.0848085880279541
v -0.043776482343673734 -0.04967550560832027 0.10257185995578766
v -0.04789213836193088 -0.0447727404534817 0.10100042819976807
v -0.04789213836193088 -0.04091665521264079 0.0848085880279541
v -0.04789213836193088 -0.0447727404534817 0.10100042819976807
v -0.05144087597727779 -0.03564912825822832 0.08355531096458435
v -0.05144087597727779 -0.03564912825822832 0.08355531096458435
v -0.04789213836193088 -0.0447727404534817 0.10100042819976807
v -0.05144087597727779 -0.039499800652265576 0.09931060671806335
v -0.05144087597727779 -0.03564912825822832 0.08355531096458435
v -0.05144087597727779 -0.039499800652265576 0.09931060671806335
v -0.05437964573502544 -0.0301089119166136 0.08223733305931091
v -0.05437964573502544 -0.0301089119166136 0.08223733305931091
v -0.05144087597727779 -0.039499800652265576 0.09931060671806335
v -0.05437964573502544 -0.03395382687449457 0.09753349423408508
v -0.05437964573502544 -0.0301089119166136 0.08223733305931091
v -0.05437964573502544 -0.03395382687449457 0.09753349423408508
v -0.05668956786394123 -0.02439949847757818 0.08087925612926483
v -0.05668956786394123 -0.02439949847757818 0.08087925612926483
v -0.05437964573502544 -0.03395382687449457 0.09753349423408508
v -0.05668956786394123 -0.02823841944336893 0.09570229053497314
v -0.05668956786394123 -0.02439949847757818 0.08087925612926483
v -0.05668956786394123 -0.02823841944336893 0.09570229053497314
v -0.05837079882621769 -0.018620731309056296 0.0795048177242279
v -0.05837079882621769 -0.018620731309056296 0.0795048177242279
v -0.05668956786394123 -0.02823841944336893 0.09570229053497314
v -0.05837079882621769 -0.02245353534817697 0.09384900331497192
v -0.05837079882621769 -0.018620731309056296 0.0795048177242279
v -0.05837079882621769 -0.02245353534817697 0.09384900331497192
v -0.059444963932037395 -0.012867643497884282 0.0781366229057312
v -0.059444963932037395 -0.012867643497884282 0.0781366229057312
v -0.05837079882621769 -0.02245353534817697 0.09384900331497192
v -0.059444963932037395 -0.01669430360198022 0.09200412034988403
v -0.059444963932037395 -0.012867643497884282 0.0781366229057312
v -0.059444963932037395 -0.01669430360198022 0.09200412034988403
v -0.05992415919899945 -0.0016788634238764655 0.07547606527805328
v -0.05992415919899945 -0.0016788634238764655 0.07547606527805328
v -0.059444963932037395 -0.01669430360198022 0.09200412034988403
v -0.05992415919899945 -0.0054934485815465485 0.08841653168201447
v -0.05992415919899945 -0.0016788634238764655 0.07547606527805328
v -0.05992415919899945 -0.0054934485815465485 0.08841653168201447
v -0.05824340507388119 0.009727516211569316 0.07276424765586853
v -0.05824340507388119 0.009727516211569316 0.07276424765586853
v -0.05992415919899945 -0.0054934485815465485 0.08841653168201447
v -0.05824340507388119 0.005925419274717574 0.08475972712039948
v -0.05824340507388119 0.009727516211569316 0.07276424765586853
v -0.05824340507388119 0.005925419274717574 0.08475972712039948
v -0.05650582909584049 0.015504591166973124 0.07139095664024353
v -0.05650582909584049 0.015504591166973124 0.07139095664024353
v -0.05824340507388119 0.005925419274717574 0.08475972712039948
v -0.05650582909584049 0.011708891950547702 0.08290785551071167
v -0.05650582909584049 0.015504591166973124 0.07139095664024353
v -0.05650582909584049 0.011708891950547702 0.08290785551071167
v -0.05413822457194332 0.021203802898526206 0.07003632187843323
v -0.05413822457194332 0.021203802898526206 0.07003632187843323
v -0.05650582909584049 0.011708891950547702 0.08290785551071167
v -0.05413822457194332 0.01741446927189828 0.08108112215995789
v -0.05413822457194332 0.021203802898526206 0.07003632187843323
v -0.05413822457194332 0.01741446927189828 0.08108112215995789
v -0.05114311352372173 0.026724660769104975 0.06872424483299255
v -0.05114311352372173 0.026724660769104975 0.06872424483299255
v -0.05413822457194332 0.01741446927189828 0.08108112215995789
v -0.05114311352372173 0.02294155023992063 0.07931171357631683
v -0.05114311352372173 0.026724660769104975 0.06872424483299255
v -0.05114311352372173 0.02294155023992063 0.07931171357631683
v -0.047540526837110554 0.03196385130286219 0.06747925281524658
v -0.047540526837110554 0.03196385130286219 0.06747925281524658
v -0.05114311352372173 0.02294155023992063 0.07931171357631683
v -0.047540526837110554 0.02818670868873598 0.07763278484344482
v -0.047540526837110554 0.03196385130286219 0.06747925281524658
v -0.047540526837110554 0.02818670868873598 0.07763278484344482
v -0.04337627440690997 0.036825083196163205 0.06632427871227264
v -0.04337627440690997 0.036825083196163205 0.06632427871227264
v -0.047540526837110554 0.02818670868873598 0.07763278484344482
v -0.04337627440690997 0.03305354341864588 0.07607518136501312
v -0.04337627440690997 0.036825083196163205 0.06632427871227264
v -0.04337627440690997 0.03305354341864588 0.07607518136501312
v -0.038712788373231916 0.04121857881546023 0.06528061628341675
v -0.038712788373231916 0.04121857881546023 0.06528061628341675
v -0.04337627440690997 0.03305354341864588 0.07607518136501312
v -0.038712788373231916 0.03745217993855479 0.07466767728328705
v -0.038712788373231916 0.04121857881546023 0.06528061628341675
v -0.038712788373231916 0.03745217993855479 0.07466767728328705
v -0.0336328372359276 0.045074835419654874 0.06436479091644287
v -0.0336328372359276 0.045074835419654874 0.06436479091644287
v -0.038712788373231916 0.03745217993855479 0.07466767728328705
v -0.0336328372359276 0.041313029825687436 0.07343253493309021
v -0.0336328372359276 0.045074835419654874 0.06436479091644287
v -0.0336328372359276 0.041313029825687436 0.07343253493309021
v -0.028229752555489557 0.048338048160076176 0.06359003484249115
v -0.028229752555489557 0.048338048160076176 0.06359003484249115
v -0.0336328372359276 0.041313029825687436 0.07343253493309021
v -0.028229752555489557 0.04458021745085719 0.07238762080669403
v -0.028229752555489557 0.048338048160076176 0.06359003484249115
v -0.028229752555489557 0.04458021745085719 0.07238762080669403
v -0.022604495286941542 0.05097987130284313 0.0629630982875824
v -0.022604495286941542 0.05097987130284313 0.0629630982875824
v -0.028229752555489557 0.04458021745085719 0.07238762080669403
v -0.022604495286941542 0.04722536355257038 0.07154200971126556
v -0.022604495286941542 0.05097987130284313 0.0629630982875824
v -0.022604495286941542 0.04722536355257038 0.07154200971126556
v -0.016859784722328196 0.05298767983913425 0.06248694285750389
v -0.016859784722328196 0.05298767983913425 0.06248694285750389
v -0.022604495286941542 0.04722536355257038 0.07154200971126556
v -0.016859784722328196 0.04923581331968311 0.07089969515800476
v -0.016859784722328196 0.05298767983913425 0.06248694285750389
v -0.016859784722328196 0.04923581331968311 0.07089969515800476
v -0.011092000640928752 0.05437523499131206 0.06215826794505119
v -0.011092000640928752 0.05437523499131206 0.06215826794505119
v -0.016859784722328196 0.04923581331968311 0.07089969515800476
v -0.011092000640928752 0.050625346601009404 0.07045628130435944
v -0.011092000640928752 0.05437523499131206 0.06215826794505119
v -0.011092000640928752 0.050625346601009404 0.07045628130435944
v -0.005397376604378227 0.05516901239752773 0.06197076663374901
v -0.005397376604378227 0.05516901239752773 0.06197076663374901
v -0.011092000640928752 0.050625346601009404 0.07045628130435944
v -0.005397376604378227 0.051420450210571324 0.07020321488380432
v -0.005397376604378227 0.05516901239752773 0.06197076663374901
v -0.005397376604378227 0.051420450210571324 0.07020321488380432
v 0.005738519132137302 0.0551392957568169 0.06198025867342949
v 0.005738519132137302 0.0551392957568169 0.06198025867342949
v -0.005397376604378227 0.051420450210571324 0.07020321488380432
v 0.005738519132137302 0.05139161273837093 0.07021556794643402
v 0.005738519132137302 0.0551392957568169 0.06198025867342949
v 0.005738519132137302 0.05139161273837093 0.07021556794643402
v 0.011440484784543521 0.05431287363171581 0.06217801198363304
v 0.011440484784543521 0.05431287363171581 0.06217801198363304
v 0.005738519132137302 0.05139161273837093 0.07021556794643402
v 0.011440484784543521 0.05056476220488552 0.07048200070858002
v 0.011440484784543521 0.05431287363171581 0.06217801198363304
v 0.011440484784543521 0.05056476220488552 0.07048200070858002
v 0.017209554091095935 0.05289062485098842 0.062517449259758
v 0.017209554091095935 0.05289062485098842 0.062517449259758
v 0.011440484784543521 0.05056476220488552 0.07048200070858002
v 0.017209554091095935 0.04914144799113277 0.07093948125839233
v 0.017209554091095935 0.05289062485098842 0.062517449259758
v 0.017209554091095935 0.04914144799113277 0.07093948125839233
v 0.02294983156025411 0.05084677785634998 0.06300468742847443
v 0.02294983156025411 0.05084677785634998 0.06300468742847443
v 0.017209554091095935 0.04914144799113277 0.07093948125839233
v 0.02294983156025411 0.04709585756063465 0.07159626483917236
v 0.02294983156025411 0.05084677785634998 0.06300468742847443
v 0.02294983156025411 0.04709585756063465 0.07159626483917236
v 0.028564581647515314 0.048168990761041676 0.06364263594150543
v 0.028564581647515314 0.048168990761041676 0.06364263594150543
v 0.02294983156025411 0.04709585756063465 0.07159626483917236
v 0.028564581647515314 0.04441563412547114 0.07245627045631409
v 0.028564581647515314 0.048168990761041676 0.06364263594150543
v 0.028564581647515314 0.04441563412547114 0.07245627045631409
v 0.03395087271928789 0.0448708385229111 0.06442803144454956
v 0.03395087271928789 0.0448708385229111 0.06442803144454956
v 0.028564581647515314 0.04441563412547114 0.07245627045631409
v 0.03395087271928789 0.04111434891819957 0.07351513206958771
v 0.03395087271928789 0.0448708385229111 0.06442803144454956
v 0.03395087271928789 0.04111434891819957 0.07351513206958771
v 0.039008203893899945 0.04098229482769969 0.06535375118255615
v 0.039008203893899945 0.04098229482769969 0.06535375118255615
v 0.03395087271928789 0.04111434891819957 0.07351513206958771
v 0.039008203893899945 0.037222009152174024 0.07476319372653961
v 0.039008203893899945 0.04098229482769969 0.06535375118255615
v 0.039008203893899945 0.037222009152174024 0.07476319372653961
v 0.04364354535937312 0.036560039967298535 0.06640627980232239
v 0.04364354535937312 0.036560039967298535 0.06640627980232239
v 0.039008203893899945 0.037222009152174024 0.07476319372653961
v 0.04364354535937312 0.03279534727334978 0.0761822909116745
v 0.04364354535937312 0.036560039967298535 0.06640627980232239
v 0.04364354535937312 0.03279534727334978 0.0761822909116745
v 0.04777545109391216 0.03167489171028139 0.06756876409053802
v 0.04777545109391216 0.03167489171028139 0.06756876409053802
v 0.04364354535937312 0.03279534727334978 0.0761822909116745
v 0.04777545109391216 0.02790524438023569 0.07774966955184937
v 0.04777545109391216 0.03167489171028139 0.06756876409053802
v 0.04777545109391216 0.02790524438023569 0.07774966955184937
v 0.05134218186140064 0.02641719207167627 0.06881970167160034
v 0.05134218186140064 0.02641719207167627 0.06881970167160034
v 0.04777545109391216 0.02790524438023569 0.07774966955184937
v 0.05134218186140064 0.022642144933342948 0.07943634688854218
v 0.05134218186140064 0.02641719207167627 0.06881970167160034
v 0.05134218186140064 0.022642144933342948 0.07943634688854218
v 0.05429974943399433 0.02088372409343721 0.07013608515262604
v 0.05429974943399433 0.02088372409343721 0.07013608515262604
v 0.05134218186140064 0.022642144933342948 0.07943634688854218
v 0.05429974943399433 0.017102928832173358 0.08121129870414734
v 0.05429974943399433 0.02088372409343721 0.07013608515262604
v 0.05429974943399433 0.017102928832173358 0.08121129870414734
v 0.056628901511430775 0.015177926979959021 0.07149331271648407
v 0.056628901511430775 0.015177926979959021 0.07149331271648407
v 0.05429974943399433 0.017102928832173358 0.08121129870414734
v 0.056628901511430775 0.011391145177185542 0.08304135501384735
v 0.056628901511430775 0.015177926979959021 0.07149331271648407
v 0.056628901511430775 0.011391145177185542 0.08304135501384735
v 0.058328893035650295 0.009399865753948695 0.07286758720874786
v 0.058328893035650295 0.009399865753948695 0.07286758720874786
v 0.056628901511430775 0.011391145177185542 0.08304135501384735
v 0.058328893035650295 0.00560696562752128 0.08489440381526947
v 0.058328893035650295 0.009399865753948695 0.07286758720874786
v 0.058328893035650295 0.00560696562752128 0.08489440381526947
v 0.05994019284844403 -0.0019930549897253526 0.07557693123817444
v 0.05994019284844403 -0.0019930549897253526 0.07557693123817444
v 0.058328893035650295 0.00560696562752128 0.08489440381526947
v 0.05994019284844403 -0.005798158701509241 0.0885477364063263
v 0.05994019284844403 -0.0019930549897253526 0.07557693123817444
v 0.05994019284844403 -0.005798158701509241 0.0885477364063263
v 0.05939660966396336 -0.013190492056310186 0.0782393217086792
v 0.05939660966396336 -0.013190492056310186 0.0782393217086792
v 0.05994019284844403 -0.005798158701509241 0.0885477364063263
v 0.05939660966396336 -0.017007764428854 0.09213784337043762
v 0.05939660966396336 -0.013190492056310186 0.0782393217086792
v 0.05939660966396336 -0.017007764428854 0.09213784337043762
v 0.05828642845153813 -0.01894832774996759 0.07960815727710724
v 0.05828642845153813 -0.01894832774996759 0.07960815727710724
v 0.05939660966396336 -0.017007764428854 0.09213784337043762
v 0.05828642845153813 -0.022771924734115614 0.09398369491100311
v 0.05828642845153813 -0.01894832774996759 0.07960815727710724
v 0.05828642845153813 -0.022771924734115614 0.09398369491100311
v 0.05656765401363376 -0.024726271629333513 0.08098165690898895
v 0.05656765401363376 -0.024726271629333513 0.08098165690898895
v 0.05828642845153813 -0.022771924734115614 0.09398369491100311
v 0.05656765401363376 -0.028556266799569147 0.0958358496427536
v 0.05656765401363376 -0.024726271629333513 0.08098165690898895
v 0.05656765401363376 -0.028556266799569147 0.0958358496427536
v 0.054219275712966954 -0.030429279431700727 0.08233720064163208
v 0.054219275712966954 -0.030429279431700727 0.08233720064163208
v 0.05656765401363376 -0.028556266799569147 0.0958358496427536
v 0.054219275712966954 -0.03426564112305643 0.09766381978988647
v 0.054219275712966954 -0.030429279431700727 0.08233720064163208
v 0.054219275712966954 -0.03426564112305643 0.09766381978988647
v 0.05124292895197872 -0.03595706820487978 0.08365093171596527
v 0.05124292895197872 -0.03595706820487978 0.08365093171596527
v 0.054219275712966954 -0.03426564112305643 0.09766381978988647
v 0.05124292895197872 -0.03979966044425967 0.09943543374538422
v 0.05124292895197872 -0.03595706820487978 0.08365093171596527
v 0.05124292895197872 -0.03979966044425967 0.09943543374538422
v 0.04765824973583225 -0.04120625928044322 0.08489829301834106
v 0.04765824973583225 -0.04120625928044322 0.08489829301834106
v 0.05124292895197872 -0.03979966044425967 0.09943543374538422
v 0.04765824973583225 -0.045054826885461835 0.1011175811290741
v 0.04765824973583225 -0.04120625928044322 0.08489829301834106
v 0.04765824973583225 -0.045054826885461835 0.1011175811290741
v 0.0435101427137852 -0.04608030244708064 0.08605633676052094
v 0.0435101427137852 -0.04608030244708064 0.08605633676052094
v 0.04765824973583225 -0.045054826885461835 0.1011175811290741
v 0.0435101427137852 -0.04993448778986934 0.1026792973279953
v 0.0435101427137852 -0.04608030244708064 0.08605633676052094
v 0.0435101427137852 -0.04993448778986934 0.1026792973279953
v 0.03886068984866145 -0.05048911646008495 0.08710363507270813
v 0.03886068984866145 -0.05048911646008495 0.08710363507270813
v 0.0435101427137852 -0.04993448778986934 0.1026792973279953
v 0.03886068984866145 -0.05434845760464672 0.10409170389175415
v -1.0203847746367327e-17 -0.012500000186264524 0.2685000002384186
v 0.00299041345715523 -0.03100687824189665 0.26838868856430054
v -1.0203847746367327e-17 -0.012500000186264524 0.2685000002384186
v -0.003546169260516765 -0.03102254681289198 0.26849880814552307
v 0.00299041345715523 -0.03100687824189665 0.26838868856430054
v -0.003546169260516765 -0.03102254681289198 0.26849880814552307
v -0.0015107626095414173 -0.04029281064867976 0.26848796010017395
v -0.0015107626095414173 -0.04029281064867976 0.26848796010017395
v -0.003546169260516765 -0.03102254681289198 0.26849880814552307
v -0.003546169260516765 -0.04029548168182376 0.2684999704360962
v -0.003546169260516765 -0.04029548168182376 0.2684999704360962
v -0.003546169260516765 -0.04912390932440761 0.26805758476257324
v -0.003546169260516765 -0.04029548168182376 0.2684999704360962
v -0.011614818125963218 -0.04001820087432864 0.26725879311561584
v -0.003546169260516765 -0.04912390932440761 0.26805758476257324
v -0.011614818125963218 -0.04001820087432864 0.26725879311561584
v -0.011614818125963218 -0.04874468967318538 0.266781747341156
v -0.011614818125963218 -0.04874468967318538 0.266781747341156
v -0.011614818125963218 -0.04001820087432864 0.26725879311561584
v -0.017384400591254245 -0.04826354235410694 0.2651633024215698
v -0.011614818125963218 -0.04874468967318538 0.266781747341156
v -0.017384400591254245 -0.04826354235410694 0.2651633024215698
v -0.017384400591254245 -0.05691142380237583 0.2630974352359772
v -0.017384400591254245 -0.05691142380237583 0.2630974352359772
v -0.017384400591254245 -0.04826354235410694 0.2651633024215698
v -0.02312232926487924 -0.05603346601128582 0.26074859499931335
v -0.017384400591254245 -0.05691142380237583 0.2630974352359772
v -0.02312232926487924 -0.05603346601128582 0.26074859499931335
v -0.02312232926487924 -0.06425979733467106 0.25698742270469666
v -0.02312232926487924 -0.06425979733467106 0.25698742270469666
v -0.02312232926487924 -0.05603346601128582 0.26074859499931335
v -0.028731683269143125 -0.06286489963531498 0.2539171874523163
v -0.02312232926487924 -0.06425979733467106 0.25698742270469666
v -0.028731683269143125 -0.06286489963531498 0.2539171874523163
v -0.028731683269143125 -0.07015206664800648 0.2485937774181366
v -0.028731683269143125 -0.07015206664800648 0.2485937774181366
v -0.028731683269143125 -0.06286489963531498 0.2539171874523163
v -0.034109439700841925 -0.06814745068550114 0.24486732482910156
v -0.028731683269143125 -0.07015206664800648 0.2485937774181366
v -0.034109439700841925 -0.06814745068550114 0.24486732482910156
v -0.034109439700841925 -0.07404754310846334 0.23831528425216675
v -0.034109439700841925 -0.07404754310846334 0.23831528425216675
v -0.034109439700841925 -0.06814745068550114 0.24486732482910156
v -0.0391553342342377 -0.07137917727231984 0.23403534293174744
v -0.03740938752889636 -0.012500000186264524 0.1615900993347168
v -0.0336328372359276 -0.01361748669296504 0.15855994820594788
v -0.038712788373231916 -0.013659408316016206 0.16241607069969177
v -0.038712788373231916 -0.013659408316016206 0.16241607069969177
v -0.0336328372359276 -0.01361748669296504 0.15855994820594788
v -0.038712788373231916 -0.014628933742642413 0.1616554856300354
v -0.038712788373231916 -0.013659408316016206 0.16241607069969177
v -0.038712788373231916 -0.014628933742642413 0.1616554856300354
v -0.04337627440690997 -0.014731965027749549 0.16607961058616638
v -0.04337627440690997 -0.014731965027749549 0.16607961058616638
v -0.038712788373231916 -0.014628933742642413 0.1616554856300354
v -0.04337627440690997 -0.015055663883686076 0.16561713814735413
v -0.04337627440690997 -0.014731965027749549 0.16607961058616638
v -0.04337627440690997 -0.015055663883686076 0.16561713814735413
v -0.047540526837110554 -0.015209375880658637 0.17053577303886414
v -0.047540526837110554 -0.015209375880658637 0.17053577303886414
v -0.04337627440690997 -0.015055663883686076 0.16561713814735413
v -0.047540526837110554 -0.015447778627276431 0.17010721564292908
v -0.047540526837110554 -0.015209375880658637 0.17053577303886414
v -0.047540526837110554 -0.015447778627276431 0.17010721564292908
v -0.05114311352372173 -0.01566358655691148 0.1754327118396759
v -0.05114311352372173 -0.01566358655691148 0.1754327118396759
v -0.047540526837110554 -0.015447778627276431 0.17010721564292908
v -0.05114311352372173 -0.01600174978375436 0.1746680736541748
v -0.05114311352372173 -0.01566358655691148 0.1754327118396759
v -0.05114311352372173 -0.01600174978375436 0.1746680736541748
v -0.05271804332733158 -0.016173804178833972 0.17746755480766296
v -0.05271804332733158 -0.016173804178833972 0.17746755480766296
v -0.05114311352372173 -0.01600174978375436 0.1746680736541748
v -0.05114311352372173 -0.01705724745988847 0.17156192660331726
v -0.05271804332733158 -0.016173804178833972 0.17746755480766296
v -0.05114311352372173 -0.01705724745988847 0.17156192660331726
v -0.05413822457194332 -0.017899218946695338 0.17740747332572937
v -0.05413822457194332 -0.017899218946695338 0.17740747332572937
v -0.05114311352372173 -0.01705724745988847 0.17156192660331726
v -0.05114311352372173 -0.01858509518206121 0.16535794734954834
v -0.05413822457194332 -0.017899218946695338 0.17740747332572937
v -0.05114311352372173 -0.01858509518206121 0.16535794734954834
v -0.05413822457194332 -0.020426496863365187 0.1715499758720398
v -0.05413822457194332 -0.020426496863365187 0.1715499758720398
v -0.05114311352372173 -0.01858509518206121 0.16535794734954834
v -0.05114311352372173 -0.019342085346579566 0.15813428163528442
v -0.05413822457194332 -0.020426496863365187 0.1715499758720398
v -0.05114311352372173 -0.019342085346579566 0.15813428163528442
v -0.05413822457194332 -0.022195041179656996 0.16441255807876587
v -0.05413822457194332 -0.022195041179656996 0.16441255807876587
v -0.05114311352372173 -0.019342085346579566 0.15813428163528442
v -0.05413822457194332 -0.022626407444477095 0.16024163365364075
v -0.05413822457194332 -0.022195041179656996 0.16441255807876587
v -0.05413822457194332 -0.022626407444477095 0.16024163365364075
v -0.05650582909584049 -0.025140292942523974 0.17089399695396423
v -0.05650582909584049 -0.025140292942523974 0.17089399695396423
v -0.05413822457194332 -0.022626407444477095 0.16024163365364075
v -0.05650582909584049 -0.026067879050970095 0.16663968563079834
v -0.05650582909584049 -0.025140292942523974 0.17089399695396423
v -0.05650582909584049 -0.026067879050970095 0.16663968563079834
v -0.05824340507388119 -0.028125904500484484 0.1774643063545227
v -0.05824340507388119 -0.028125904500484484 0.1774643063545227
v -0.05650582909584049 -0.026067879050970095 0.16663968563079834
v -0.05824340507388119 -0.029556550085544607 0.17312541604042053
v -0.05824340507388119 -0.028125904500484484 0.1774643063545227
v -0.05824340507388119 -0.029556550085544607 0.17312541604042053
v -0.05992415919899945 -0.03644513711333277 0.18593186140060425
v -0.05992415919899945 -0.03644513711333277 0.18593186140060425
v -0.05824340507388119 -0.029556550085544607 0.17312541604042053
v -0.05992415919899945 -0.03820838406682017 0.18082386255264282
v -0.05992415919899945 -0.03644513711333277 0.18593186140060425
v -0.05992415919899945 -0.03820838406682017 0.18082386255264282
v -0.059444963932037395 -0.04584771767258647 0.19307932257652283
v -0.059444963932037395 -0.04584771767258647 0.19307932257652283
v -0.05992415919899945 -0.03820838406682017 0.18082386255264282
v -0.059444963932037395 -0.04755749925971035 0.1871573030948639
v -0.059444963932037395 -0.04584771767258647 0.19307932257652283
v -0.059444963932037395 -0.04755749925971035 0.1871573030948639
v -0.05837079882621769 -0.049776036292314564 0.19938123226165771
v -0.05837079882621769 -0.049776036292314564 0.19938123226165771
v -0.059444963932037395 -0.04755749925971035 0.1871573030948639
v -0.05837079882621769 -0.05187495797872547 0.19324597716331482
v -0.05837079882621769 -0.049776036292314564 0.19938123226165771
v -0.05837079882621769 -0.05187495797872547 0.19324597716331482
v -0.05668956786394123 -0.053722105920314824 0.2057115137577057
v -0.05668956786394123 -0.053722105920314824 0.2057115137577057
v -0.05837079882621769 -0.05187495797872547 0.19324597716331482
v -0.05668956786394123 -0.05621191486716274 0.19936203956604004
v -0.05668956786394123 -0.053722105920314824 0.2057115137577057
v -0.05668956786394123 -0.05621191486716274 0.19936203956604004
v -0.05437964573502544 -0.05762104690074925 0.21196609735488892
v -0.05437964573502544 -0.05762104690074925 0.21196609735488892
v -0.05668956786394123 -0.05621191486716274 0.19936203956604004
v -0.05437964573502544 -0.06049706414341931 0.20540490746498108
v -0.05437964573502544 -0.05762104690074925 0.21196609735488892
v -0.05437964573502544 -0.06049706414341931 0.20540490746498108
v -0.05144087597727779 -0.06140469387173657 0.21803560853004456
v -0.05144087597727779 -0.06140469387173657 0.21803560853004456
v -0.05437964573502544 -0.06049706414341931 0.20540490746498108
v -0.05144087597727779 -0.06465549021959309 0.21126890182495117
v -0.05144087597727779 -0.06140469387173657 0.21803560853004456
v -0.05144087597727779 -0.06465549021959309 0.21126890182495117
v -0.04789213836193088 -0.06500238180160527 0.22380667924880981
v -0.04789213836193088 -0.06500238180160527 0.22380667924880981
v -0.05144087597727779 -0.06465549021959309 0.21126890182495117
v -0.04789213836193088 -0.06860951334238057 0.21684452891349792
v -0.04789213836193088 -0.06500238180160527 0.22380667924880981
v -0.04789213836193088 -0.06860951334238057 0.21684452891349792
v -0.043776482343673734 -0.068347841501236 0.22917303442955017
v -0.043776482343673734 -0.068347841501236 0.22917303442955017
v -0.04789213836193088 -0.06860951334238057 0.21684452891349792
v -0.043776482343673734 -0.0722863152623177 0.22202906012535095
v -0.043776482343673734 -0.068347841501236 0.22917303442955017
v -0.043776482343673734 -0.0722863152623177 0.22202906012535095
v -0.0391553342342377 -0.07137917727231984 0.23403534293174744
v -0.0391553342342377 -0.07137917727231984 0.23403534293174744
v -0.043776482343673734 -0.0722863152623177 0.22202906012535095
v -0.0391553342342377 -0.075617864727974 0.22672656178474426
v -0.0391553342342377 -0.07137917727231984 0.23403534293174744
v -0.0391553342342377 -0.075617864727974 0.22672656178474426
v -0.034109439700841925 -0.07404754310846334 0.23831528425216675
v -0.034109439700841925 -0.07404754310846334 0.23831528425216675
v -0.0391553342342377 -0.075617864727974 0.22672656178474426
v -0.034109439700841925 -0.07855048775672918 0.23086139559745789
v -0.034109439700841925 -0.07404754310846334 0.23831528425216675
v -0.034109439700841925 -0.07855048775672918 0.23086139559745789
v -0.028731683269143125 -0.07631391286849981 0.24195027351379395
v -0.028731683269143125 -0.07631391286849981 0.24195027351379395
v -0.034109439700841925 -0.07855048775672918 0.23086139559745789
v -0.028731683269143125 -0.08104128390550619 0.2343730330467224
v -0.028731683269143125 -0.07631391286849981 0.24195027351379395
v -0.028731683269143125 -0.08104128390550619 0.2343730330467224
v -0.02312232926487924 -0.07815720140933996 0.244906485080719
v -0.02312232926487924 -0.07815720140933996 0.244906485080719
v -0.028731683269143125 -0.08104128390550619 0.2343730330467224
v -0.02312232926487924 -0.08306707441806799 0.23722884058952332
v -0.02312232926487924 -0.07815720140933996 0.244906485080719
v -0.02312232926487924 -0.08306707441806799 0.23722884058952332
v -0.017384400591254245 -0.07956779003143316 0.24716848134994507
v -0.017384400591254245 -0.07956779003143316 0.24716848134994507
v -0.02312232926487924 -0.08306707441806799 0.23722884058952332
v -0.017384400591254245 -0.08461729437112814 0.23941391706466675
v -0.017384400591254245 -0.07956779003143316 0.24716848134994507
v -0.017384400591254245 -0.08461729437112814 0.23941391706466675
v -0.011614818125963218 -0.08055353164672857 0.24874892830848694
v -0.011614818125963218 -0.08055353164672857 0.24874892830848694
v -0.017384400591254245 -0.08461729437112814 0.23941391706466675
v -0.011614818125963218 -0.08570059388875967 0.24094048142433167
v -0.011614818125963218 -0.08055353164672857 0.24874892830848694
v -0.011614818125963218 -0.08570059388875967 0.24094048142433167
v -0.003546169260516765 -0.08655498176813131 0.24214375019073486
v -0.003546169260516765 -0.08655498176813131 0.24214375019073486
v -0.011614818125963218 -0.08570059388875967 0.24094048142433167
v -0.003546169260516765 -0.09011230617761617 0.23376142978668213
v -0.003546169260516765 -0.08655498176813131 0.24214375019073486
v -0.003546169260516765 -0.09011230617761617 0.23376142978668213
v -0.0015107626095414173 -0.08853443711996084 0.23798120021820068
v -0.0015107626095414173 -0.08853443711996084 0.23798120021820068
v -0.003546169260516765 -0.09011230617761617 0.23376142978668213
v -0.0015107626095414173 -0.09010370075702673 0.23375028371810913
v -0.0015107626095414173 -0.08853443711996084 0.23798120021820068
v -0.0015107626095414173 -0.09010370075702673 0.23375028371810913
v 0.00299041345715523 -0.09002938866615301 0.23365595936775208
v 0.00299041345715523 -0.09002938866615301 0.23365595936775208
v -0.0015107626095414173 -0.09010370075702673 0.23375028371810913
v -0.0015107626095414173 -0.09207741916179663 0.2251540720462799
v 0.00299041345715523 -0.09002938866615301 0.23365595936775208
v -0.0015107626095414173 -0.09207741916179663 0.2251540720462799
v 0.00299041345715523 -0.09199903160333639 0.22506478428840637
v 0.00299041345715523 -0.09199903160333639 0.22506478428840637
v -0.0015107626095414173 -0.09207741916179663 0.2251540720462799
v -0.0015107626095414173 -0.09324484318494802 0.21603289246559143
v 0.00299041345715523 -0.09199903160333639 0.22506478428840637
v -0.0015107626095414173 -0.09324484318494802 0.21603289246559143
v 0.00299041345715523 -0.09316319972276693 0.2159481942653656
v 0.00299041345715523 -0.09316319972276693 0.2159481942653656
v -0.0015107626095414173 -0.09324484318494802 0.21603289246559143
v -0.0015107626095414173 -0.09376671165227897 0.20678529143333435
v 0.00299041345715523 -0.09316319972276693 0.2159481942653656
v -0.0015107626095414173 -0.09376671165227897 0.20678529143333435
v 0.00299041345715523 -0.09368186444044119 0.20670512318611145
v 0.00299041345715523 -0.09368186444044119 0.20670512318611145
v -0.0015107626095414173 -0.09376671165227897 0.20678529143333435
v -0.0015107626095414173 -0.09362410753965383 0.19748368859291077
v 0.00299041345715523 -0.09368186444044119 0.20670512318611145
v -0.0015107626095414173 -0.09362410753965383 0.19748368859291077
v 0.00299041345715523 -0.09353632479906088 0.19740864634513855
v 0.00299041345715523 -0.09353632479906088 0.19740864634513855
v -0.0015107626095414173 -0.09362410753965383 0.19748368859291077
v -0.0015107626095414173 -0.09281399846076971 0.18819615244865417
v 0.00299041345715523 -0.09353632479906088 0.19740864634513855
v -0.0015107626095414173 -0.09281399846076971 0.18819615244865417
v 0.00299041345715523 -0.09272376447916036 0.18812647461891174
v 0.00299041345715523 -0.09272376447916036 0.18812647461891174
v -0.0015107626095414173 -0.09281399846076971 0.18819615244865417
v -0.0015107626095414173 -0.09134234488010412 0.17899397015571594
v 0.00299041345715523 -0.09272376447916036 0.18812647461891174
v -0.0015107626095414173 -0.09134234488010412 0.17899397015571594
v 0.00299041345715523 -0.09125062078237539 0.17892974615097046
v 0.00299041345715523 -0.09125062078237539 0.17892974615097046
v -0.0015107626095414173 -0.09134234488010412 0.17899397015571594
v -0.0015107626095414173 -0.08922193199396139 0.1699480414390564
v 0.00299041345715523 -0.09125062078237539 0.17892974615097046
v -0.0015107626095414173 -0.08922193199396139 0.1699480414390564
v 0.00299041345715523 -0.08912910521030432 0.16988900303840637
v 0.00299041345715523 -0.08912910521030432 0.16988900303840637
v -0.0015107626095414173 -0.08922193199396139 0.1699480414390564
v 0.00299041345715523 -0.08783337473869329 0.165448397397995
v 0.00299041345715523 -0.08912910521030432 0.16988900303840637
v 0.00299041345715523 -0.08783337473869329 0.165448397397995
v 0.011821994557976731 -0.08811520785093313 0.16924569010734558
v 0.011821994557976731 -0.08811520785093313 0.16924569010734558
v 0.00299041345715523 -0.08783337473869329 0.165448397397995
v 0.011821994557976731 -0.08536574989557272 0.1604805290699005
v 0.011821994557976731 -0.08811520785093313 0.16924569010734558
v 0.011821994557976731 -0.08536574989557272 0.1604805290699005
v 0.017091557383537303 -0.08675001561641699 0.16837972402572632
v 0.017091557383537303 -0.08675001561641699 0.16837972402572632
v 0.011821994557976731 -0.08536574989557272 0.1604805290699005
v 0.017091557383537303 -0.08399237692356115 0.15968403220176697
v 0.017091557383537303 -0.08675001561641699 0.16837972402572632
v 0.017091557383537303 -0.08399237692356115 0.15968403220176697
v 0.02277721837162973 -0.08472431451082235 0.1670948565006256
v 0.02277721837162973 -0.08472431451082235 0.1670948565006256
v 0.017091557383537303 -0.08399237692356115 0.15968403220176697
v 0.02277721837162973 -0.08195466548204428 0.15850231051445007
v 0.02277721837162973 -0.08472431451082235 0.1670948565006256
v 0.02277721837162973 -0.08195466548204428 0.15850231051445007
v 0.028397269546985644 -0.08205809444189077 0.16540378332138062
v 0.028397269546985644 -0.08205809444189077 0.16540378332138062
v 0.02277721837162973 -0.08195466548204428 0.15850231051445007
v 0.028397269546985644 -0.07927270978689199 0.15694698691368103
v 0.028397269546985644 -0.08205809444189077 0.16540378332138062
v 0.028397269546985644 -0.07927270978689199 0.15694698691368103
v 0.033792003989219686 -0.0787693783640862 0.1633179485797882
v 0.033792003989219686 -0.0787693783640862 0.1633179485797882
v 0.028397269546985644 -0.07927270978689199 0.15694698691368103
v 0.033792003989219686 -0.07596465945243841 0.15502861142158508
v 0.033792003989219686 -0.0787693783640862 0.1633179485797882
v 0.033792003989219686 -0.07596465945243841 0.15502861142158508
v 0.03886068984866145 -0.07205989956855778 0.152764230966568
v 0.03886068984866145 -0.07205989956855778 0.152764230966568
v 0.033792003989219686 -0.07596465945243841 0.15502861142158508
v 0.033792003989219686 -0.06923568993806843 0.13888151943683624
v 0.03886068984866145 -0.07205989956855778 0.152764230966568
v 0.033792003989219686 -0.06923568993806843 0.13888151943683624
v 0.03886068984866145 -0.06534021347761158 0.1369727998971939
v 0.03886068984866145 -0.06534021347761158 0.1369727998971939
v 0.033792003989219686 -0.06923568993806843 0.13888151943683624
v 0.033792003989219686 -0.06319907307624821 0.12232093513011932
v 0.03886068984866145 -0.06534021347761158 0.1369727998971939
v 0.033792003989219686 -0.06319907307624821 0.12232093513011932
v 0.03886068984866145 -0.05931463092565541 0.12075163424015045
v 0.03886068984866145 -0.05931463092565541 0.12075163424015045
v 0.033792003989219686 -0.06319907307624821 0.12232093513011932
v 0.033792003989219686 -0.058226488530635875 0.10533235967159271
v 0.03886068984866145 -0.05931463092565541 0.12075163424015045
v 0.033792003989219686 -0.058226488530635875 0.10533235967159271
v 0.03886068984866145 -0.05434845760464672 0.10409170389175415
v 0.03886068984866145 -0.05434845760464672 0.10409170389175415
v 0.033792003989219686 -0.058226488530635875 0.10533235967159271
v 0.033792003989219686 -0.054362535476684605 0.08802354335784912
v 0.03886068984866145 -0.05434845760464672 0.10409170389175415
v 0.033792003989219686 -0.054362535476684605 0.08802354335784912
v 0.03886068984866145 -0.05048911646008495 0.08710363507270813
v 0.03886068984866145 -0.05048911646008495 0.08710363507270813
v 0.033792003989219686 -0.054362535476684605 0.08802354335784912
v 0.033792003989219686 -0.05162550508975986 0.07050800323486328
v 0.03886068984866145 -0.05048911646008495 0.08710363507270813
v 0.033792003989219686 -0.05162550508975986 0.07050800323486328
v 0.03886068984866145 -0.0477552525699139 0.06990434229373932
v 0.03886068984866145 -0.0477552525699139 0.06990434229373932
v 0.033792003989219686 -0.05162550508975986 0.07050800323486328
v 0.033792003989219686 -0.050028793513774907 0.05290194973349571
v 0.03886068984866145 -0.0477552525699139 0.06990434229373932
v 0.033792003989219686 -0.050028793513774907 0.05290194973349571
v 0.03886068984866145 -0.04616069048643115 0.0526137612760067
v 0.03886068984866145 -0.04616069048643115 0.0526137612760067
v 0.033792003989219686 -0.050028793513774907 0.05290194973349571
v 0.033613555133342764 -0.049294967204332386 0.03699999675154686
v 0.03886068984866145 -0.04616069048643115 0.0526137612760067
v 0.033613555133342764 -0.049294967204332386 0.03699999675154686
v 0.03740938752889636 -0.04690988734364513 0.03699999675154686
v -0.038712788373231916 0.013695834204554566 0.10575053095817566
v -0.04337627440690997 0.0027812614571303147 0.11546735465526581
v -0.038712788373231916 0.006947430316358809 0.111922487616539
v -0.038712788373231916 0.006947430316358809 0.111922487616539
v -0.04337627440690997 0.0027812614571303147 0.11546735465526581
v -0.04337627440690997 -0.0031445769127458356 0.12274754047393799
v -0.038712788373231916 0.006947430316358809 0.111922487616539
v -0.04337627440690997 -0.0031445769127458356 0.12274754047393799
v -0.038712788373231916 0.0007485455716960138 0.1187165379524231
v -0.038712788373231916 0.0007485455716960138 0.1187165379524231
v -0.04337627440690997 -0.0031445769127458356 0.12274754047393799
v -0.04337627440690997 -0.00823110062628985 0.13054193556308746
v -0.038712788373231916 0.0007485455716960138 0.1187165379524231
v -0.04337627440690997 -0.00823110062628985 0.13054193556308746
v -0.038712788373231916 -0.004693298600614074 0.12608128786087036
v -0.038712788373231916 -0.004693298600614074 0.12608128786087036
v -0.04337627440690997 -0.00823110062628985 0.13054193556308746
v -0.04337627440690997 -0.011925657279789456 0.13865648210048676
v -0.038712788373231916 -0.004693298600614074 0.12608128786087036
v -0.04337627440690997 -0.011925657279789456 0.13865648210048676
v -0.038712788373231916 -0.008927658200263982 0.13384611904621124
v -0.038712788373231916 -0.008927658200263982 0.13384611904621124
v -0.04337627440690997 -0.011925657279789456 0.13865648210048676
v -0.04337627440690997 -0.014123007655143746 0.1466492861509323
v -0.038712788373231916 -0.008927658200263982 0.13384611904621124
v -0.04337627440690997 -0.014123007655143746 0.1466492861509323
v -0.038712788373231916 -0.011853037402033815 0.1416541337966919
v -0.038712788373231916 -0.011853037402033815 0.1416541337966919
v -0.04337627440690997 -0.014123007655143746 0.1466492861509323
v -0.04337627440690997 -0.015216461382806312 0.1540304720401764
v -0.038712788373231916 -0.011853037402033815 0.1416541337966919
v -0.04337627440690997 -0.015216461382806312 0.1540304720401764
v -0.038712788373231916 -0.013751287013292321 0.14910373091697693
v -0.038712788373231916 -0.013751287013292321 0.14910373091697693
v -0.04337627440690997 -0.015216461382806312 0.1540304720401764
v -0.04337627440690997 -0.015516992658376704 0.16086795926094055
v -0.038712788373231916 -0.013751287013292321 0.14910373091697693
v -0.04337627440690997 -0.015516992658376704 0.16086795926094055
v -0.038712788373231916 -0.014847085811197768 0.15621653199195862
v -0.038712788373231916 -0.014847085811197768 0.15621653199195862
v -0.04337627440690997 -0.015516992658376704 0.16086795926094055
v -0.04337627440690997 -0.015365667641162883 0.16431716084480286
v -0.038712788373231916 -0.014847085811197768 0.15621653199195862
v -0.04337627440690997 -0.015365667641162883 0.16431716084480286
v -0.038712788373231916 -0.015089054591953765 0.1598150134086609
v -0.038712788373231916 -0.015089054591953765 0.1598150134086609
v -0.04337627440690997 -0.015365667641162883 0.16431716084480286
v -0.038712788373231916 -0.015066999942064296 0.16070058941841125
v -0.038712788373231916 -0.015089054591953765 0.1598150134086609
v -0.038712788373231916 -0.015066999942064296 0.16070058941841125
v -0.0336328372359276 -0.014908583834767352 0.15678134560585022
v -0.0336328372359276 -0.014908583834767352 0.15678134560585022
v -0.038712788373231916 -0.015066999942064296 0.16070058941841125
v -0.0336328372359276 -0.014795321971178065 0.15727093815803528
v -0.0336328372359276 -0.014908583834767352 0.15678134560585022
v -0.0336328372359276 -0.014795321971178065 0.15727093815803528
v -0.028229752555489557 -0.014692640863358985 0.1539701521396637
v -0.028229752555489557 -0.014692640863358985 0.1539701521396637
v -0.0336328372359276 -0.014795321971178065 0.15727093815803528
v -0.028229752555489557 -0.014462349936366092 0.15448784828186035
v -0.028229752555489557 -0.014692640863358985 0.1539701521396637
v -0.028229752555489557 -0.014462349936366092 0.15448784828186035
v -0.022604495286941542 -0.014400757849216472 0.15182903409004211
v -0.022604495286941542 -0.014400757849216472 0.15182903409004211
v -0.028229752555489557 -0.014462349936366092 0.15448784828186035
v -0.022604495286941542 -0.014033807441592225 0.15229874849319458
v -0.022604495286941542 -0.014400757849216472 0.15182903409004211
v -0.022604495286941542 -0.014033807441592225 0.15229874849319458
v -0.016859784722328196 -0.014000327326357373 0.15028703212738037
v -0.016859784722328196 -0.014000327326357373 0.15028703212738037
v -0.022604495286941542 -0.014033807441592225 0.15229874849319458
v -0.016859784722328196 -0.013531611301004895 0.1506495177745819
v -0.016859784722328196 -0.014000327326357373 0.15028703212738037
v -0.016859784722328196 -0.013531611301004895 0.1506495177745819
v -0.011092000640928752 -0.01351661793887616 0.14926332235336304
v -0.011092000640928752 -0.01351661793887616 0.14926332235336304
v -0.016859784722328196 -0.013531611301004895 0.1506495177745819
v -0.011092000640928752 -0.01300238724797965 0.14947348833084106
v -0.011092000640928752 -0.01351661793887616 0.14926332235336304
v -0.011092000640928752 -0.01300238724797965 0.14947348833084106
v -0.005397376604378227 -0.012998864986002454 0.14868074655532837
v -0.005397376604378227 -0.012998864986002454 0.14868074655532837
v -0.011092000640928752 -0.01300238724797965 0.14947348833084106
v -0.005356745794415477 -0.012500000186264524 0.1491035521030426
v -0.005397376604378227 -0.012998864986002454 0.14868074655532837
v -0.005356745794415477 -0.012500000186264524 0.1491035521030426
v -2.4899608819336493e-17 -0.012500000186264524 0.148499995470047
v -0.0336328372359276 0.017514748498797427 0.10308724641799927
v -0.038712788373231916 0.006947430316358809 0.111922487616539
v -0.0336328372359276 0.010603888891637332 0.10881122946739197
v -0.0336328372359276 0.010603888891637332 0.10881122946739197
v -0.038712788373231916 0.006947430316358809 0.111922487616539
v -0.038712788373231916 0.0007485455716960138 0.1187165379524231
v -0.0336328372359276 0.010603888891637332 0.10881122946739197
v -0.038712788373231916 0.0007485455716960138 0.1187165379524231
v -0.0336328372359276 0.004165277350693944 0.11517876386642456
v -0.0336328372359276 0.004165277350693944 0.11517876386642456
v -0.038712788373231916 0.0007485455716960138 0.1187165379524231
v -0.038712788373231916 -0.004693298600614074 0.12608128786087036
v -0.0336328372359276 0.004165277350693944 0.11517876386642456
v -0.038712788373231916 -0.004693298600614074 0.12608128786087036
v -0.0336328372359276 -0.0015883793821558367 0.12216629087924957
v -0.0336328372359276 -0.0015883793821558367 0.12216629087924957
v -0.038712788373231916 -0.004693298600614074 0.12608128786087036
v -0.038712788373231916 -0.008927658200263982 0.13384611904621124
v -0.0336328372359276 -0.0015883793821558367 0.12216629087924957
v -0.038712788373231916 -0.008927658200263982 0.13384611904621124
v -0.0336328372359276 -0.006296610925346617 0.1296243518590927
v -0.0336328372359276 -0.006296610925346617 0.1296243518590927
v -0.038712788373231916 -0.008927658200263982 0.13384611904621124
v -0.038712788373231916 -0.011853037402033815 0.1416541337966919
v -0.0336328372359276 -0.006296610925346617 0.1296243518590927
v -0.038712788373231916 -0.011853037402033815 0.1416541337966919
v -0.0336328372359276 -0.009860819205641753 0.1372702717781067
v -0.0336328372359276 -0.009860819205641753 0.1372702717781067
v -0.038712788373231916 -0.011853037402033815 0.1416541337966919
v -0.038712788373231916 -0.013751287013292321 0.14910373091697693
v -0.0336328372359276 -0.009860819205641753 0.1372702717781067
v -0.038712788373231916 -0.013751287013292321 0.14910373091697693
v -0.0336328372359276 -0.012465367093682298 0.14477981626987457
v -0.0336328372359276 -0.012465367093682298 0.14477981626987457
v -0.038712788373231916 -0.013751287013292321 0.14910373091697693
v -0.038712788373231916 -0.014847085811197768 0.15621653199195862
v -0.0336328372359276 -0.012465367093682298 0.14477981626987457
v -0.038712788373231916 -0.014847085811197768 0.15621653199195862
v -0.0336328372359276 -0.01425915304571391 0.15213409066200256
v -0.0336328372359276 -0.01425915304571391 0.15213409066200256
v -0.038712788373231916 -0.014847085811197768 0.15621653199195862
v -0.038712788373231916 -0.015089054591953765 0.1598150134086609
v -0.0336328372359276 -0.01425915304571391 0.15213409066200256
v -0.038712788373231916 -0.015089054591953765 0.1598150134086609
v -0.0336328372359276 -0.014846321195364009 0.15586361289024353
v -0.0336328372359276 -0.014846321195364009 0.15586361289024353
v -0.038712788373231916 -0.015089054591953765 0.1598150134086609
v -0.0336328372359276 -0.014908583834767352 0.15678134560585022
v -0.0336328372359276 -0.014846321195364009 0.15586361289024353
v -0.0336328372359276 -0.014908583834767352 0.15678134560585022
v -0.028229752555489557 -0.01477472484111787 0.15346509218215942
v -0.028229752555489557 -0.01477472484111787 0.15346509218215942
v -0.0336328372359276 -0.014908583834767352 0.15678134560585022
v -0.028229752555489557 -0.014692640863358985 0.1539701521396637
v -0.028229752555489557 -0.01477472484111787 0.15346509218215942
v -0.028229752555489557 -0.014692640863358985 0.1539701521396637
v -0.022604495286941542 -0.014609753154218207 0.1512983739376068
v -0.022604495286941542 -0.014609753154218207 0.1512983739376068
v -0.028229752555489557 -0.014692640863358985 0.1539701521396637
v -0.022604495286941542 -0.014400757849216472 0.15182903409004211
v -0.022604495286941542 -0.014609753154218207 0.1512983739376068
v -0.022604495286941542 -0.014400757849216472 0.15182903409004211
v -0.016859784722328196 -0.01435413584113122 0.1498090624809265
v -0.016859784722328196 -0.01435413584113122 0.1498090624809265
v -0.022604495286941542 -0.014400757849216472 0.15182903409004211
v -0.016859784722328196 -0.014000327326357373 0.15028703212738037
v -0.016859784722328196 -0.01435413584113122 0.1498090624809265
v -0.016859784722328196 -0.014000327326357373 0.15028703212738037
v -0.011092000640928752 -0.013977244496345529 0.14889773726463318
v -0.011092000640928752 -0.013977244496345529 0.14889773726463318
v -0.016859784722328196 -0.014000327326357373 0.15028703212738037
v -0.011092000640928752 -0.01351661793887616 0.14926332235336304
v -0.011092000640928752 -0.013977244496345529 0.14889773726463318
v -0.011092000640928752 -0.01351661793887616 0.14926332235336304
v -0.005397376604378227 -0.013508095405995854 0.14847111701965332
v -0.005397376604378227 -0.013508095405995854 0.14847111701965332
v -0.011092000640928752 -0.01351661793887616 0.14926332235336304
v -0.005397376604378227 -0.012998864986002454 0.14868074655532837
v -0.005397376604378227 -0.013508095405995854 0.14847111701965332
v -0.005397376604378227 -0.012998864986002454 0.14868074655532837
v 0.005738519132137302 -0.013000648468732843 0.14871037006378174
v 0.005738519132137302 -0.013000648468732843 0.14871037006378174
v -0.005397376604378227 -0.012998864986002454 0.14868074655532837
v -2.4899608819336493e-17 -0.012500000186264524 0.148499995470047
v -2.4899608819336493e-17 -0.012500000186264524 0.148499995470047
v 0.04690988734364513 -0.012500000186264524 0.24590939283370972
v 0.04765824973583225 -0.020288106054067626 0.24431964755058289
v 0.04690988734364513 -0.012500000186264524 0.24590939283370972
v 0.0435101427137852 -0.020595030859112753 0.24931448698043823
v 0.04765824973583225 -0.020288106054067626 0.24431964755058289
v 0.0435101427137852 -0.020595030859112753 0.24931448698043823
v 0.0435101427137852 -0.028168391436338442 0.24867576360702515
v 0.0435101427137852 -0.028168391436338442 0.24867576360702515
v 0.0435101427137852 -0.020595030859112753 0.24931448698043823
v 0.03886068984866145 -0.02884063683450224 0.253343403339386
v 0.0435101427137852 -0.028168391436338442 0.24867576360702515
v 0.03886068984866145 -0.02884063683450224 0.253343403339386
v 0.03886068984866145 -0.03680314496159556 0.2528645098209381
v 0.03886068984866145 -0.03680314496159556 0.2528645098209381
v 0.03886068984866145 -0.02884063683450224 0.253343403339386
v 0.033792003989219686 -0.03774810582399371 0.25709500908851624
v 0.03886068984866145 -0.03680314496159556 0.2528645098209381
v 0.033792003989219686 -0.03774810582399371 0.25709500908851624
v 0.033792003989219686 -0.04564246907830241 0.2563529908657074
v 0.033792003989219686 -0.04564246907830241 0.2563529908657074
v 0.033792003989219686 -0.03774810582399371 0.25709500908851624
v 0.028397269546985644 -0.04673671349883082 0.2600323259830475
v 0.033792003989219686 -0.04564246907830241 0.2563529908657074
v 0.028397269546985644 -0.04673671349883082 0.2600323259830475
v 0.028397269546985644 -0.0549629703164101 0.25789928436279297
v 0.028397269546985644 -0.0549629703164101 0.25789928436279297
v 0.028397269546985644 -0.04673671349883082 0.2600323259830475
v 0.02277721837162973 -0.05609430372715 0.26092275977134705
v 0.028397269546985644 -0.0549629703164101 0.25789928436279297
v 0.02277721837162973 -0.05609430372715 0.26092275977134705
v 0.02277721837162973 -0.06433743238449101 0.2571621537208557
v 0.02277721837162973 -0.06433743238449101 0.2571621537208557
v 0.02277721837162973 -0.05609430372715 0.26092275977134705
v 0.017091557383537303 -0.06538151949644093 0.25945940613746643
v 0.02277721837162973 -0.06433743238449101 0.2571621537208557
v 0.017091557383537303 -0.06538151949644093 0.25945940613746643
v 0.017091557383537303 -0.07309573143720632 0.25406402349472046
v 0.017091557383537303 -0.07309573143720632 0.25406402349472046
v 0.017091557383537303 -0.06538151949644093 0.25945940613746643
v 0.011821994557976731 -0.07012196630239491 0.25849446654319763
v 0.017091557383537303 -0.07309573143720632 0.25406402349472046
v 0.011821994557976731 -0.07012196630239491 0.25849446654319763
v 0.011821994557976731 -0.07391756772995 0.25559213757514954
v 0.011821994557976731 -0.07391756772995 0.25559213757514954
v 0.011821994557976731 -0.07012196630239491 0.25849446654319763
v 0.0073463190346956305 -0.07435294240713125 0.25640174746513367
v 0.011821994557976731 -0.07391756772995 0.25559213757514954
v 0.0073463190346956305 -0.07435294240713125 0.25640174746513367
v 0.0073463190346956305 -0.08106454461812979 0.24956560134887695
v 0.0073463190346956305 -0.08106454461812979 0.24956560134887695
v 0.0073463190346956305 -0.07435294240713125 0.25640174746513367
v 0.00299041345715523 -0.07806678861379629 0.25345805287361145
v 0.0073463190346956305 -0.08106454461812979 0.24956560134887695
v 0.00299041345715523 -0.07806678861379629 0.25345805287361145
v 0.00299041345715523 -0.08126154541969305 0.24988237023353577
v 0.00299041345715523 -0.08126154541969305 0.24988237023353577
v 0.00299041345715523 -0.07806678861379629 0.25345805287361145
v -0.0015107626095414173 -0.07812582701444631 0.25356027483940125
v 0.00299041345715523 -0.08126154541969305 0.24988237023353577
v -0.0015107626095414173 -0.07812582701444631 0.25356027483940125
v -0.0015107626095414173 -0.08132399618625646 0.2499833106994629
v -0.0015107626095414173 -0.08132399618625646 0.2499833106994629
v -0.0015107626095414173 -0.07812582701444631 0.25356027483940125
v -0.003546169260516765 -0.08133104443550115 0.2499949336051941
v -0.0015107626095414173 -0.08132399618625646 0.2499833106994629
v -0.003546169260516765 -0.08133104443550115 0.2499949336051941
v -0.0015107626095414173 -0.08413890004158026 0.24615320563316345
v -0.0015107626095414173 -0.08413890004158026 0.24615320563316345
v -0.003546169260516765 -0.08133104443550115 0.2499949336051941
v -0.003546169260516765 -0.08655498176813131 0.24214375019073486
v -0.0015107626095414173 -0.08413890004158026 0.24615320563316345
v -0.003546169260516765 -0.08655498176813131 0.24214375019073486
v -0.0015107626095414173 -0.08654720336198812 0.24213236570358276
v -0.0015107626095414173 -0.08654720336198812 0.24213236570358276
v -0.003546169260516765 -0.08655498176813131 0.24214375019073486
v -0.0015107626095414173 -0.08853443711996084 0.23798120021820068
v -0.0015107626095414173 -0.08654720336198812 0.24213236570358276
v -0.0015107626095414173 -0.08853443711996084 0.23798120021820068
v 0.00299041345715523 -0.08846279978752142 0.23788508772850037
v 0.00299041345715523 -0.08846279978752142 0.23788508772850037
v -0.0015107626095414173 -0.08853443711996084 0.23798120021820068
v 0.00299041345715523 -0.09002938866615301 0.23365595936775208
v 0.00299041345715523 -0.08846279978752142 0.23788508772850037
v 0.00299041345715523 -0.09002938866615301 0.23365595936775208
v 0.0073463190346956305 -0.08979634195566183 0.23336154222488403
v 0.0073463190346956305 -0.08979634195566183 0.23336154222488403
v 0.00299041345715523 -0.09002938866615301 0.23365595936775208
v 0.00299041345715523 -0.09199903160333639 0.22506478428840637
v 0.0073463190346956305 -0.08979634195566183 0.23336154222488403
v 0.00299041345715523 -0.09199903160333639 0.22506478428840637
v 0.0073463190346956305 -0.09175338596105581 0.22478443384170532
v 0.0073463190346956305 -0.09175338596105581 0.22478443384170532
v 0.00299041345715523 -0.09199903160333639 0.22506478428840637
v 0.00299041345715523 -0.09316319972276693 0.2159481942653656
v 0.0073463190346956305 -0.09175338596105581 0.22478443384170532
v 0.00299041345715523 -0.09316319972276693 0.2159481942653656
v 0.011821994557976731 -0.09226758033037191 0.2150205671787262
v 0.011821994557976731 -0.09226758033037191 0.2150205671787262
v 0.00299041345715523 -0.09316319972276693 0.2159481942653656
v 0.00299041345715523 -0.09368186444044119 0.20670512318611145
v 0.011821994557976731 -0.09226758033037191 0.2150205671787262
v 0.00299041345715523 -0.09368186444044119 0.20670512318611145
v 0.011821994557976731 -0.0927522704005242 0.20583143830299377
v 0.011821994557976731 -0.0927522704005242 0.20583143830299377
v 0.00299041345715523 -0.09368186444044119 0.20670512318611145
v 0.00299041345715523 -0.09353632479906088 0.19740864634513855
v 0.011821994557976731 -0.0927522704005242 0.20583143830299377
v 0.00299041345715523 -0.09353632479906088 0.19740864634513855
v 0.011821994557976731 -0.0925771519541741 0.19659188389778137
v 0.011821994557976731 -0.0925771519541741 0.19659188389778137
v 0.00299041345715523 -0.09353632479906088 0.19740864634513855
v 0.00299041345715523 -0.09272376447916036 0.18812647461891174
v 0.011821994557976731 -0.0925771519541741 0.19659188389778137
v 0.00299041345715523 -0.09272376447916036 0.18812647461891174
v 0.011821994557976731 -0.09173990786075598 0.18736836314201355
v 0.011821994557976731 -0.09173990786075598 0.18736836314201355
v 0.00299041345715523 -0.09272376447916036 0.18812647461891174
v 0.00299041345715523 -0.09125062078237539 0.17892974615097046
v 0.011821994557976731 -0.09173990786075598 0.18736836314201355
v 0.00299041345715523 -0.09125062078237539 0.17892974615097046
v 0.011821994557976731 -0.09024875611066824 0.1782306730747223
v 0.011821994557976731 -0.09024875611066824 0.1782306730747223
v 0.00299041345715523 -0.09125062078237539 0.17892974615097046
v 0.011821994557976731 -0.08811520785093313 0.16924569010734558
v 0.011821994557976731 -0.09024875611066824 0.1782306730747223
v 0.011821994557976731 -0.08811520785093313 0.16924569010734558
v 0.017091557383537303 -0.0888997688889504 0.17728972434997559
v 0.017091557383537303 -0.0888997688889504 0.17728972434997559
v 0.011821994557976731 -0.08811520785093313 0.16924569010734558
v 0.017091557383537303 -0.08675001561641699 0.16837972402572632
v 0.017091557383537303 -0.0888997688889504 0.17728972434997559
v 0.017091557383537303 -0.08675001561641699 0.16837972402572632
v 0.02277721837162973 -0.08689811825752264 0.175893634557724
v 0.02277721837162973 -0.08689811825752264 0.175893634557724
v 0.017091557383537303 -0.08675001561641699 0.16837972402572632
v 0.02277721837162973 -0.08472431451082235 0.1670948565006256
v 0.02277721837162973 -0.08689811825752264 0.175893634557724
v 0.02277721837162973 -0.08472431451082235 0.1670948565006256
v 0.028397269546985644 -0.08426354825496679 0.17405617237091064
v 0.028397269546985644 -0.08426354825496679 0.17405617237091064
v 0.02277721837162973 -0.08472431451082235 0.1670948565006256
v 0.028397269546985644 -0.08205809444189077 0.16540378332138062
v 0.028397269546985644 -0.08426354825496679 0.17405617237091064
v 0.028397269546985644 -0.08205809444189077 0.16540378332138062
v 0.033792003989219686 -0.0810138732194901 0.17178982496261597
v 0.033792003989219686 -0.0810138732194901 0.17178982496261597
v 0.028397269546985644 -0.08205809444189077 0.16540378332138062
v 0.033792003989219686 -0.0787693783640862 0.1633179485797882
v 0.033792003989219686 -0.0810138732194901 0.17178982496261597
v 0.033792003989219686 -0.0787693783640862 0.1633179485797882
v 0.03886068984866145 -0.07717794924974447 0.16911467909812927
v 0.03886068984866145 -0.07717794924974447 0.16911467909812927
v 0.033792003989219686 -0.0787693783640862 0.1633179485797882
v 0.03886068984866145 -0.07205989956855778 0.152764230966568
v 0.03886068984866145 -0.07717794924974447 0.16911467909812927
v 0.03886068984866145 -0.07205989956855778 0.152764230966568
v 0.0435101427137852 -0.07281151413917546 0.1660696268081665
v 0.0435101427137852 -0.07281151413917546 0.1660696268081665
v 0.03886068984866145 -0.07205989956855778 0.152764230966568
v 0.0435101427137852 -0.06761515885591511 0.1501867175102234
v 0.0435101427137852 -0.07281151413917546 0.1660696268081665
v 0.0435101427137852 -0.06761515885591511 0.1501867175102234
v 0.04765824973583225 -0.0679840445518494 0.16270312666893005
v 0.04765824973583225 -0.0679840445518494 0.16270312666893005
v 0.0435101427137852 -0.06761515885591511 0.1501867175102234
v 0.04765824973583225 -0.06270117312669758 0.14733709394931793
v 0.04765824973583225 -0.0679840445518494 0.16270312666893005
v 0.04765824973583225 -0.06270117312669758 0.14733709394931793
v 0.05124292895197872 -0.06278477609157566 0.15907737612724304
v 0.05124292895197872 -0.06278477609157566 0.15907737612724304
v 0.04765824973583225 -0.06270117312669758 0.14733709394931793
v 0.05124292895197872 -0.057408761233091396 0.14426805078983307
v 0.05124292895197872 -0.06278477609157566 0.15907737612724304
v 0.05124292895197872 -0.057408761233091396 0.14426805078983307
v 0.054219275712966954 -0.057309340685606044 0.15525907278060913
v 0.054219275712966954 -0.057309340685606044 0.15525907278060913
v 0.05124292895197872 -0.057408761233091396 0.14426805078983307
v 0.054219275712966954 -0.05183527246117595 0.1410360187292099
v 0.054219275712966954 -0.057309340685606044 0.15525907278060913
v 0.054219275712966954 -0.05183527246117595 0.1410360187292099
v 0.05656765401363376 -0.05166015028953556 0.15131962299346924
v 0.05656765401363376 -0.05166015028953556 0.15131962299346924
v 0.054219275712966954 -0.05183527246117595 0.1410360187292099
v 0.05656765401363376 -0.04608495160937312 0.13770146667957306
v 0.05656765401363376 -0.05166015028953556 0.15131962299346924
v 0.05656765401363376 -0.04608495160937312 0.13770146667957306
v 0.05828642845153813 -0.04593654721975329 0.14732834696769714
v 0.05828642845153813 -0.04593654721975329 0.14732834696769714
v 0.05656765401363376 -0.04608495160937312 0.13770146667957306
v 0.05828642845153813 -0.04025892168283465 0.13432301580905914
v 0.05828642845153813 -0.04593654721975329 0.14732834696769714
v 0.05828642845153813 -0.04025892168283465 0.13432301580905914
v 0.05939660966396336 -0.04023269936442378 0.14335088431835175
v 0.05939660966396336 -0.04023269936442378 0.14335088431835175
v 0.05828642845153813 -0.04025892168283465 0.13432301580905914
v 0.05939660966396336 -0.034453030675649664 0.1309562474489212
v 0.05939660966396336 -0.04023269936442378 0.14335088431835175
v 0.05939660966396336 -0.034453030675649664 0.1309562474489212
v 0.05994019284844403 -0.029139814898371717 0.1356155425310135
v 0.05994019284844403 -0.029139814898371717 0.1356155425310135
v 0.05939660966396336 -0.034453030675649664 0.1309562474489212
v 0.05994019284844403 -0.023161767050623908 0.12440860271453857
v 0.05994019284844403 -0.029139814898371717 0.1356155425310135
v 0.05994019284844403 -0.023161767050623908 0.12440860271453857
v 0.058328893035650295 -0.017852682620286952 0.1277448683977127
v 0.058328893035650295 -0.017852682620286952 0.1277448683977127
v 0.05994019284844403 -0.023161767050623908 0.12440860271453857
v 0.058328893035650295 -0.011672886088490493 0.11774641275405884
v 0.058328893035650295 -0.017852682620286952 0.1277448683977127
v 0.058328893035650295 -0.011672886088490493 0.11774641275405884
v 0.056628901511430775 -0.01212803181260825 0.12375302612781525
v 0.056628901511430775 -0.01212803181260825 0.12375302612781525
v 0.058328893035650295 -0.011672886088490493 0.11774641275405884
v 0.056628901511430775 -0.005845954641699794 0.11436748504638672
v 0.056628901511430775 -0.01212803181260825 0.12375302612781525
v 0.056628901511430775 -0.005845954641699794 0.11436748504638672
v 0.05429974943399433 -0.0064748004078865095 0.1198110431432724
v 0.05429974943399433 -0.0064748004078865095 0.1198110431432724
v 0.056628901511430775 -0.005845954641699794 0.11436748504638672
v 0.05429974943399433 -9.175087325274951e-05 0.11103075742721558
v 0.05429974943399433 -0.0064748004078865095 0.1198110431432724
v 0.05429974943399433 -9.175087325274951e-05 0.11103075742721558
v 0.05134218186140064 -0.0009921193122863776 0.11598800122737885
v 0.05134218186140064 -0.0009921193122863776 0.11598800122737885
v 0.05429974943399433 -9.175087325274951e-05 0.11103075742721558
v 0.05134218186140064 0.005488822236657146 0.10779471695423126
v 0.05134218186140064 -0.0009921193122863776 0.11598800122737885
v 0.05134218186140064 0.005488822236657146 0.10779471695423126
v 0.04777545109391216 0.0042175296694040324 0.11235538125038147
v 0.04777545109391216 0.0042175296694040324 0.11235538125038147
v 0.05134218186140064 0.005488822236657146 0.10779471695423126
v 0.04777545109391216 0.010791452601552017 0.1047198623418808
v 0.04777545109391216 0.0042175296694040324 0.11235538125038147
v 0.04777545109391216 0.010791452601552017 0.1047198623418808
v 0.04364354535937312 0.009058258496224885 0.10898005962371826
v 0.04364354535937312 0.009058258496224885 0.10898005962371826
v 0.04777545109391216 0.010791452601552017 0.1047198623418808
v 0.04364354535937312 0.01571853645145894 0.10186278820037842
v 0.04364354535937312 0.009058258496224885 0.10898005962371826
v 0.04364354535937312 0.01571853645145894 0.10186278820037842
v 0.039008203893899945 0.01344054378569127 0.10592444241046906
v 0.039008203893899945 0.01344054378569127 0.10592444241046906
v 0.04364354535937312 0.01571853645145894 0.10186278820037842
v 0.039008203893899945 0.02017895691096784 0.0992763340473175
v 0.039008203893899945 0.01344054378569127 0.10592444241046906
v 0.039008203893899945 0.02017895691096784 0.0992763340473175
v 0.03395087271928789 0.01729421317577363 0.10323746502399445
v 0.03395087271928789 0.01729421317577363 0.10323746502399445
v 0.039008203893899945 0.02017895691096784 0.0992763340473175
v 0.03395087271928789 0.024101287126541155 0.09700191020965576
v 0.03395087271928789 0.01729421317577363 0.10323746502399445
v 0.03395087271928789 0.024101287126541155 0.09700191020965576
v 0.028564581647515314 0.020563082769513144 0.10095828771591187
v 0.028564581647515314 0.020563082769513144 0.10095828771591187
v 0.03395087271928789 0.024101287126541155 0.09700191020965576
v 0.028564581647515314 0.02742834761738779 0.0950726866722107
v 0.028564581647515314 0.020563082769513144 0.10095828771591187
v 0.028564581647515314 0.02742834761738779 0.0950726866722107
v 0.02294983156025411 0.023217432200908675 0.09910765290260315
v 0.02294983156025411 0.023217432200908675 0.09910765290260315
v 0.028564581647515314 0.02742834761738779 0.0950726866722107
v 0.02294983156025411 0.03012988530099394 0.09350620210170746
v 0.02294983156025411 0.023217432200908675 0.09910765290260315
v 0.02294983156025411 0.03012988530099394 0.09350620210170746
v 0.017209554091095935 0.025243790820240992 0.09769493341445923
v 0.017209554091095935 0.025243790820240992 0.09769493341445923
v 0.02294983156025411 0.03012988530099394 0.09350620210170746
v 0.017209554091095935 0.03219219669699671 0.09231039881706238
v 0.017209554091095935 0.025243790820240992 0.09769493341445923
v 0.017209554091095935 0.03219219669699671 0.09231039881706238
v 0.011440484784543521 0.026654351502656954 0.09671162068843842
v 0.011440484784543521 0.026654351502656954 0.09671162068843842
v 0.017209554091095935 0.03219219669699671 0.09231039881706238
v 0.011440484784543521 0.033627700060606024 0.09147806465625763
v 0.011440484784543521 0.026654351502656954 0.09671162068843842
v 0.011440484784543521 0.033627700060606024 0.09147806465625763
v 0.005738519132137302 0.027474623173475283 0.09613993763923645
v 0.005738519132137302 0.027474623173475283 0.09613993763923645
v 0.011440484784543521 0.033627700060606024 0.09147806465625763
v 0.005738519132137302 0.03446236252784731 0.09099414944648743
v 0.005738519132137302 0.027474623173475283 0.09613993763923645
v 0.005738519132137302 0.03446236252784731 0.09099414944648743
v 0.00016779782890807848 0.027747575193643587 0.09594988822937012
v 0.00016779782890807848 0.027747575193643587 0.09594988822937012
v 0.005738519132137302 0.03446236252784731 0.09099414944648743
v 0.00016779782890807848 0.03473992273211481 0.09083329141139984
v 0.00016779782890807848 0.027747575193643587 0.09594988822937012
v 0.00016779782890807848 0.03473992273211481 0.09083329141139984
v -0.005397376604378227 0.027507103979587572 0.09611786901950836
v -0.005397376604378227 0.027507103979587572 0.09611786901950836
v 0.00016779782890807848 0.03473992273211481 0.09083329141139984
v -0.005397376604378227 0.034494880586862585 0.09097547829151154
v -0.005397376604378227 0.027507103979587572 0.09611786901950836
v -0.005397376604378227 0.034494880586862585 0.09097547829151154
v -0.011092000640928752 0.026722280308604258 0.09666544198989868
v -0.011092000640928752 0.026722280308604258 0.09666544198989868
v -0.005397376604378227 0.034494880586862585 0.09097547829151154
v -0.011092000640928752 0.03369574621319773 0.09143897891044617
v -0.011092000640928752 0.026722280308604258 0.09666544198989868
v -0.011092000640928752 0.03369574621319773 0.09143897891044617
v -0.016859784722328196 0.025349235162138956 0.09762321412563324
v -0.016859784722328196 0.025349235162138956 0.09762321412563324
v -0.011092000640928752 0.03369574621319773 0.09143897891044617
v -0.016859784722328196 0.03229787200689318 0.09224967658519745
v -0.016859784722328196 0.025349235162138956 0.09762321412563324
v -0.016859784722328196 0.03229787200689318 0.09224967658519745
v -0.022604495286941542 0.023361718282103552 0.0990094542503357
v -0.022604495286941542 0.023361718282103552 0.0990094542503357
v -0.016859784722328196 0.03229787200689318 0.09224967658519745
v -0.022604495286941542 0.030274534597992918 0.09342306852340698
v -0.022604495286941542 0.023361718282103552 0.0990094542503357
v -0.022604495286941542 0.030274534597992918 0.09342306852340698
v -0.028229752555489557 0.020746061578392996 0.1008336991071701
v -0.028229752555489557 0.020746061578392996 0.1008336991071701
v -0.022604495286941542 0.030274534597992918 0.09342306852340698
v -0.028229752555489557 0.027611833065748232 0.09496721625328064
v -0.028229752555489557 0.020746061578392996 0.1008336991071701
v -0.028229752555489557 0.027611833065748232 0.09496721625328064
v -0.0336328372359276 0.017514748498797427 0.10308724641799927
v -0.0336328372359276 0.017514748498797427 0.10308724641799927
v -0.028229752555489557 0.027611833065748232 0.09496721625328064
v -0.0336328372359276 0.02432247810065748 0.09687475860118866
v -0.0336328372359276 0.017514748498797427 0.10308724641799927
v -0.0336328372359276 0.02432247810065748 0.09687475860118866
v -0.038712788373231916 0.013695834204554566 0.10575053095817566
v -0.038712788373231916 0.013695834204554566 0.10575053095817566
v -0.0336328372359276 0.02432247810065748 0.09687475860118866
v -0.038712788373231916 0.020435029640793814 0.09912911057472229
v -0.038712788373231916 0.013695834204554566 0.10575053095817566
v -0.038712788373231916 0.020435029640793814 0.09912911057472229
v -0.04337627440690997 0.009344574064016349 0.1087850034236908
v -0.04337627440690997 0.009344574064016349 0.1087850034236908
v -0.038712788373231916 0.020435029640793814 0.09912911057472229
v -0.04337627440690997 0.016005737707018863 0.10169766843318939
v -0.04337627440690997 0.009344574064016349 0.1087850034236908
v -0.04337627440690997 0.016005737707018863 0.10169766843318939
v -0.047540526837110554 0.004529804456979039 0.1121426671743393
v -0.047540526837110554 0.004529804456979039 0.1121426671743393
v -0.04337627440690997 0.016005737707018863 0.10169766843318939
v -0.047540526837110554 0.01110467221587897 0.10453978180885315
v -0.047540526837110554 0.004529804456979039 0.1121426671743393
v -0.047540526837110554 0.01110467221587897 0.10453978180885315
v -0.05114311352372173 -0.0006595524027943615 0.11576150357723236
v -0.05114311352372173 -0.0006595524027943615 0.11576150357723236
v -0.047540526837110554 0.01110467221587897 0.10453978180885315
v -0.05114311352372173 0.005822348874062303 0.10760298371315002
v -0.05114311352372173 -0.0006595524027943615 0.11576150357723236
v -0.05114311352372173 0.005822348874062303 0.10760298371315002
v -0.05413822457194332 -0.006128116510808472 0.11957500874996185
v -0.05413822457194332 -0.006128116510808472 0.11957500874996185
v -0.05114311352372173 0.005822348874062303 0.10760298371315002
v -0.05413822457194332 0.0002558549749664964 0.11083096265792847
v -0.05413822457194332 -0.006128116510808472 0.11957500874996185
v -0.05413822457194332 0.0002558549749664964 0.11083096265792847
v -0.05650582909584049 -0.011773543432354936 0.12351182103157043
v -0.05650582909584049 -0.011773543432354936 0.12351182103157043
v -0.05413822457194332 0.0002558549749664964 0.11083096265792847
v -0.05650582909584049 -0.005490633193403486 0.11416329443454742
v -0.05650582909584049 -0.011773543432354936 0.12351182103157043
v -0.05650582909584049 -0.005490633193403486 0.11416329443454742
v -0.05824340507388119 -0.017496278509497653 0.12750250101089478
v -0.05824340507388119 -0.017496278509497653 0.12750250101089478
v -0.05650582909584049 -0.005490633193403486 0.11416329443454742
v -0.05824340507388119 -0.011315781623125083 0.11754123866558075
v -0.05824340507388119 -0.017496278509497653 0.12750250101089478
v -0.05824340507388119 -0.011315781623125083 0.11754123866558075
v -0.05992415919899945 -0.028795847669243833 0.1353820264339447
v -0.05992415919899945 -0.028795847669243833 0.1353820264339447
v -0.05824340507388119 -0.011315781623125083 0.11754123866558075
v -0.05992415919899945 -0.022817481309175505 0.12421092391014099
v -0.05992415919899945 -0.028795847669243833 0.1353820264339447
v -0.05992415919899945 -0.022817481309175505 0.12421092391014099
v -0.059444963932037395 -0.03988043218851092 0.14311151206493378
v -0.059444963932037395 -0.03988043218851092 0.14311151206493378
v -0.05992415919899945 -0.022817481309175505 0.12421092391014099
v -0.059444963932037395 -0.03410024940967562 0.13075362145900726
v -0.059444963932037395 -0.03988043218851092 0.14311151206493378
v -0.059444963932037395 -0.03410024940967562 0.13075362145900726
v -0.05837079882621769 -0.04558017477393153 0.1470860093832016
v -0.05837079882621769 -0.04558017477393153 0.1470860093832016
v -0.059444963932037395 -0.03410024940967562 0.13075362145900726
v -0.05837079882621769 -0.03990185260772708 0.13411787152290344
v -0.05837079882621769 -0.04558017477393153 0.1470860093832016
v -0.05837079882621769 -0.03990185260772708 0.13411787152290344
v -0.05668956786394123 -0.05130551755428318 0.15107834339141846
v -0.05668956786394123 -0.05130551755428318 0.15107834339141846
v -0.05837079882621769 -0.03990185260772708 0.13411787152290344
v -0.05668956786394123 -0.04572949185967448 0.1374972015619278
v -0.05668956786394123 -0.05130551755428318 0.15107834339141846
v -0.05668956786394123 -0.04572949185967448 0.1374972015619278
v -0.05437964573502544 -0.05696232989430431 0.15502282977104187
v -0.05437964573502544 -0.05696232989430431 0.15502282977104187
v -0.05668956786394123 -0.04572949185967448 0.1374972015619278
v -0.05437964573502544 -0.05148733779788021 0.14083604514598846
v -0.05437964573502544 -0.05696232989430431 0.15502282977104187
v -0.05437964573502544 -0.05148733779788021 0.14083604514598846
v -0.05144087597727779 -0.06245169043540959 0.1588505208492279
v -0.05144087597727779 -0.06245169043540959 0.1588505208492279
v -0.05437964573502544 -0.05148733779788021 0.14083604514598846
v -0.05144087597727779 -0.05707471445202831 0.14407603442668915
v -0.05144087597727779 -0.06245169043540959 0.1588505208492279
v -0.05144087597727779 -0.05707471445202831 0.14407603442668915
v -0.04789213836193088 -0.06767106801271443 0.16248992085456848
v -0.04789213836193088 -0.06767106801271443 0.16248992085456848
v -0.05144087597727779 -0.05707471445202831 0.14407603442668915
v -0.04789213836193088 -0.06238725036382679 0.14715662598609924
v -0.04789213836193088 -0.06767106801271443 0.16248992085456848
v -0.04789213836193088 -0.06238725036382679 0.14715662598609924
v -0.043776482343673734 -0.07252432405948643 0.16587397456169128
v -0.043776482343673734 -0.07252432405948643 0.16587397456169128
v -0.04789213836193088 -0.06238725036382679 0.14715662598609924
v -0.043776482343673734 -0.06732708215713505 0.15002110600471497
v -0.043776482343673734 -0.07252432405948643 0.16587397456169128
v -0.043776482343673734 -0.06732708215713505 0.15002110600471497
v -0.0391553342342377 -0.07692166417837148 0.16894009709358215
v -0.0391553342342377 -0.07692166417837148 0.16894009709358215
v -0.043776482343673734 -0.06732708215713505 0.15002110600471497
v -0.0391553342342377 -0.07180282473564152 0.1526164412498474
v -0.0391553342342377 -0.07692166417837148 0.16894009709358215
v -0.0391553342342377 -0.07180282473564152 0.1526164412498474
v -0.034109439700841925 -0.075742356479168 0.15490081906318665
v -0.034109439700841925 -0.075742356479168 0.15490081906318665
v -0.0391553342342377 -0.07180282473564152 0.1526164412498474
v -0.0391553342342377 -0.06509437412023548 0.13684116303920746
v -0.034109439700841925 -0.075742356479168 0.15490081906318665
v -0.0391553342342377 -0.06509437412023548 0.13684116303920746
v -0.034109439700841925 -0.06902316212654118 0.13876765966415405
v -0.034109439700841925 -0.06902316212654118 0.13876765966415405
v -0.0391553342342377 -0.06509437412023548 0.13684116303920746
v -0.0391553342342377 -0.05908203497529034 0.12063515186309814
v -0.034109439700841925 -0.06902316212654118 0.13876765966415405
v -0.0391553342342377 -0.05908203497529034 0.12063515186309814
v -0.034109439700841925 -0.0629980638623238 0.12222012877464294
v -0.034109439700841925 -0.0629980638623238 0.12222012877464294
v -0.0391553342342377 -0.05908203497529034 0.12063515186309814
v -0.0391553342342377 -0.05411738529801372 0.10399582982063293
v -0.034109439700841925 -0.0629980638623238 0.12222012877464294
v -0.0391553342342377 -0.05411738529801372 0.10399582982063293
v -0.034109439700841925 -0.05802680179476742 0.10524936020374298
v -0.034109439700841925 -0.05802680179476742 0.10524936020374298
v -0.0391553342342377 -0.05411738529801372 0.10399582982063293
v -0.0391553342342377 -0.05025190487504009 0.08703021705150604
v -0.034109439700841925 -0.05802680179476742 0.10524936020374298
v -0.0391553342342377 -0.05025190487504009 0.08703021705150604
v -0.034109439700841925 -0.054157510399818455 0.08795998990535736
v -0.034109439700841925 -0.054157510399818455 0.08795998990535736
v -0.0391553342342377 -0.05025190487504009 0.08703021705150604
v -0.0391553342342377 -0.0475198328495026 0.06985755264759064
v -0.034109439700841925 -0.054157510399818455 0.08795998990535736
v -0.0391553342342377 -0.0475198328495026 0.06985755264759064
v -0.034109439700841925 -0.05142203718423847 0.0704675018787384
v -0.034109439700841925 -0.05142203718423847 0.0704675018787384
v -0.0391553342342377 -0.0475198328495026 0.06985755264759064
v -0.0391553342342377 -0.04593568667769435 0.05259671434760094
v -0.034109439700841925 -0.05142203718423847 0.0704675018787384
v -0.0391553342342377 -0.04593568667769435 0.05259671434760094
v -0.034109439700841925 -0.04983438923954967 0.052887212485075
v -0.034109439700841925 -0.04983438923954967 0.052887212485075
v -0.0391553342342377 -0.04593568667769435 0.05259671434760094
v -0.03740938752889636 -0.04690988734364513 0.03699999675154686
v -0.03740938752889636 -0.04690988734364513 0.03699999675154686
v 0.058495674282312435 -0.007499999832361942 0.19514873623847961
v 0.059999998658895534 -0.007499999832361942 0.2084999978542328
v 0.05970015749335293 -0.012500000186264524 0.20583882927894592
v 0.058495674282312435 -0.012500000186264524 0.19514873623847961
v 0.058495674282312435 -0.007499999832361942 0.19514873623847961
v 0.058495674282312435 -0.012500000186264524 0.19514873623847961
v 0.05825643986463551 -0.012500000186264524 0.1944650411605835
v 0.05405813083052639 -0.007499999832361942 0.18246698379516602
v 0.05627295374870304 -0.012500000186264524 0.18879657983779907
v 0.05424328520894054 -0.012500000186264524 0.18299612402915955
v 0.05405813083052639 -0.012500000186264524 0.18246698379516602
v 0.05405813083052639 -0.007499999832361942 0.18246698379516602
v 0.05405813083052639 -0.012500000186264524 0.18246698379516602
v 0.051030449569225346 -0.012500000186264524 0.17764845490455627
v 0.04690988734364513 -0.007499999832361942 0.17109060287475586
v 0.047656424343586 -0.012500000186264524 0.17227870225906372
v 0.04690988734364513 -0.012500000186264524 0.17109060287475586
v 0.04690988734364513 -0.007499999832361942 0.17109060287475586
v 0.04690988734364513 -0.012500000186264524 0.17109060287475586
v 0.04339492321014407 -0.012500000186264524 0.1675756573677063
v 0.03740938752889636 -0.007499999832361942 0.1615900993347168
v 0.0388697758316994 -0.012500000186264524 0.16305050253868103
v 0.03740938752889636 -0.012500000186264524 0.1615900993347168
v 0.03740938752889636 -0.007499999832361942 0.1615900993347168
v 0.03740938752889636 -0.012500000186264524 0.1615900993347168
v 0.03377642855048182 -0.012500000186264524 0.1593073606491089
v 0.026033025234937685 -0.007499999832361942 0.15444186329841614
v 0.02843128331005575 -0.012500000186264524 0.15594878792762756
v 0.026033025234937685 -0.012500000186264524 0.15444186329841614
v 0.026033025234937685 -0.007499999832361942 0.15444186329841614
v 0.026033025234937685 -0.012500000186264524 0.15444186329841614
v 0.02285622060298921 -0.012500000186264524 0.1533302664756775
v 0.013351256027817735 -0.007499999832361942 0.1500043272972107
v 0.017105789855122577 -0.012500000186264524 0.15131810307502747
v 0.013351256027817735 -0.012500000186264524 0.1500043272972107
v 0.013351256027817735 -0.007499999832361942 0.1500043272972107
v 0.013351256027817735 -0.012500000186264524 0.1500043272972107
v -1.98753137786894e-17 -0.007499999832361942 0.148499995470047
v 0.00569715537130833 -0.012500000186264524 0.14914190769195557
v -2.4899608819336493e-17 -0.012500000186264524 0.148499995470047
v -1.98753137786894e-17 -0.007499999832361942 0.148499995470047
v -2.4899608819336493e-17 -0.012500000186264524 0.148499995470047
v -0.005356745794415477 -0.012500000186264524 0.1491035521030426
v -0.013351256027817735 -0.007499999832361942 0.1500043272972107
v -0.011068009771406657 -0.012500000186264524 0.1497470736503601
v -0.013351256027817735 -0.012500000186264524 0.1500043272972107
v -0.013351256027817735 -0.007499999832361942 0.1500043272972107
v -0.013351256027817735 -0.012500000186264524 0.1500043272972107
v -0.016761889681220065 -0.012500000186264524 0.15119776129722595
v -0.026033025234937685 -0.007499999832361942 0.15444186329841614
v -0.022504353895783438 -0.012500000186264524 0.15320712327957153
v -0.026033025234937685 -0.012500000186264524 0.15444186329841614
v -0.026033025234937685 -0.007499999832361942 0.15444186329841614
v -0.026033025234937685 -0.012500000186264524 0.15444186329841614
v -0.02811019308865072 -0.012500000186264524 0.15574705600738525
v -0.03740938752889636 -0.007499999832361942 0.1615900993347168
v -0.02811019308865072 -0.012500000186264524 0.15574705600738525
v -0.0334507152438164 -0.012500000186264524 0.15910270810127258
v -0.04312047734856608 -0.012500000186264524 0.167301207780838
v -0.04690988734364513 -0.007499999832361942 0.17109060287475586
v -0.03859651833772662 -0.012500000186264524 0.16277724504470825
v -0.03740938752889636 -0.007499999832361942 0.1615900993347168
v -0.03740938752889636 -0.012500000186264524 0.1615900993347168
v -0.03740938752889636 -0.012500000186264524 0.1615900993347168
v -0.04690988734364513 -0.012500000186264524 0.17109060287475586
v -0.04690988734364513 -0.007499999832361942 0.17109060287475586
v -0.04690988734364513 -0.012500000186264524 0.17109060287475586
v -0.04745157063007358 -0.012500000186264524 0.17195269465446472
v -0.05405813083052639 -0.007499999832361942 0.18246698379516602
v -0.05082678794860843 -0.012500000186264524 0.1773243248462677
v -0.05405813083052639 -0.012500000186264524 0.18246698379516602
v -0.05405813083052639 -0.012500000186264524 0.18246698379516602
v -0.054119434207677876 -0.012500000186264524 0.1826421618461609
v -0.05405813083052639 -0.007499999832361942 0.18246698379516602
v -0.05405813083052639 -0.007499999832361942 0.18246698379516602
v -0.054119434207677876 -0.012500000186264524 0.1826421618461609
v -0.05615095794200901 -0.012500000186264524 0.18844792246818542
v -0.058495674282312435 -0.007499999832361942 0.19514873623847961
v -0.0581380277872086 -0.012500000186264524 0.19412663578987122
v -0.058495674282312435 -0.012500000186264524 0.19514873623847961
v -0.058495674282312435 -0.007499999832361942 0.19514873623847961
v -0.058495674282312435 -0.012500000186264524 0.19514873623847961
v -0.059999998658895534 -0.007499999832361942 0.2084999978542328
v -0.0596624501049519 -0.012500000186264524 0.2055041491985321
v -0.059999998658895534 -0.012500000186264524 0.2084999978542328
v -0.059999998658895534 -0.007499999832361942 0.2084999978542328
v -0.059999998658895534 -0.012500000186264524 0.2084999978542328
v -0.058495674282312435 -0.007499999832361942 0.22185125946998596
v -0.05908707156777386 -0.012500000186264524 0.21660244464874268
v -0.058495674282312435 -0.012500000186264524 0.22185125946998596
v -0.054305180907249485 -0.012500000186264524 0.23382699489593506
v -0.05405813083052639 -0.007499999832361942 0.23453301191329956
v -0.056333877146244084 -0.012500000186264524 0.2280293107032776
v -0.058495674282312435 -0.007499999832361942 0.22185125946998596
v -0.05831553414464001 -0.012500000186264524 0.222366064786911
v -0.058495674282312435 -0.012500000186264524 0.22185125946998596
v -0.05405813083052639 -0.012500000186264524 0.23453301191329956
v -0.05405813083052639 -0.007499999832361942 0.23453301191329956
v -0.05405813083052639 -0.012500000186264524 0.23453301191329956
v -0.051132198423147236 -0.012500000186264524 0.23918962478637695
v -0.04690988734364513 -0.007499999832361942 0.24590939283370972
v -0.04775885120034221 -0.012500000186264524 0.24455827474594116
v -0.04690988734364513 -0.012500000186264524 0.24590939283370972
v -0.04690988734364513 -0.007499999832361942 0.24590939283370972
v -0.04690988734364513 -0.012500000186264524 0.24590939283370972
v -0.04353211075067523 -0.012500000186264524 0.24928715825080872
v -0.03740938752889636 -0.007499999832361942 0.2554098963737488
v -0.03900647163391116 -0.012500000186264524 0.2538128197193146
v -0.03740938752889636 -0.012500000186264524 0.2554098963737488
v -0.03740938752889636 -0.007499999832361942 0.2554098963737488
v -0.03740938752889636 -0.012500000186264524 0.2554098963737488
v -0.03393932059407236 -0.012500000186264524 0.25759026408195496
v -0.026033025234937685 -0.007499999832361942 0.26255813241004944
v -0.02859198302030565 -0.012500000186264524 0.2609502375125885
v -0.026033025234937685 -0.012500000186264524 0.26255813241004944
v -0.026033025234937685 -0.007499999832361942 0.26255813241004944
v -0.026033025234937685 -0.012500000186264524 0.26255813241004944
v -0.023032274097204222 -0.012500000186264524 0.2636081278324127
v -0.013351256027817735 -0.007499999832361942 0.2669956684112549
v -0.017277969047427188 -0.012500000186264524 0.2656216621398926
v -0.013351256027817735 -0.012500000186264524 0.2669956684112549
v -0.013351256027817735 -0.007499999832361942 0.2669956684112549
v -0.013351256027817735 -0.012500000186264524 0.2669956684112549
v -0.011595490388572223 -0.012500000186264524 0.2671934962272644
v -5.179551464949315e-18 -0.007499999832361942 0.2685000002384186
v -0.0035018171183764956 -0.012500000186264524 0.2681054472923279
v -1.0203847746367327e-17 -0.012500000186264524 0.2685000002384186
v -5.179551464949315e-18 -0.007499999832361942 0.2685000002384186
v -1.0203847746367327e-17 -0.012500000186264524 0.2685000002384186
v 0.0029645704198628686 -0.012500000186264524 0.2681659758090973
v 0.013351256027817735 -0.007499999832361942 0.2669956684112549
v 0.011797823943197736 -0.012500000186264524 0.2671706974506378
v 0.013351256027817735 -0.012500000186264524 0.2669956684112549
v 0.013351256027817735 -0.007499999832361942 0.2669956684112549
v 0.013351256027817735 -0.012500000186264524 0.2669956684112549
v 0.026033025234937685 -0.007499999832361942 0.26255813241004944
v 0.02268024161458017 -0.012500000186264524 0.26373133063316345
v 0.026033025234937685 -0.012500000186264524 0.26255813241004944
v 0.026033025234937685 -0.007499999832361942 0.26255813241004944
v 0.026033025234937685 -0.012500000186264524 0.26255813241004944
v 0.02827067859470846 -0.012500000186264524 0.26115211844444275
v 0.03740938752889636 -0.007499999832361942 0.2554098963737488
v 0.03361354768276217 -0.012500000186264524 0.25779497623443604
v 0.04325769841670993 -0.012500000186264524 0.24956157803535461
v 0.04690988734364513 -0.007499999832361942 0.24590939283370972
v 0.038733109831810025 -0.012500000186264524 0.2540861666202545
v 0.03740938752889636 -0.007499999832361942 0.2554098963737488
v 0.03740938752889636 -0.012500000186264524 0.2554098963737488
v 0.03740938752889636 -0.012500000186264524 0.2554098963737488
v 0.04690988734364513 -0.012500000186264524 0.24590939283370972
v 0.04690988734364513 -0.007499999832361942 0.24590939283370972
v 0.04690988734364513 -0.012500000186264524 0.24590939283370972
v 0.0475539825856686 -0.012500000186264524 0.24488431215286255
v 0.05405813083052639 -0.007499999832361942 0.23453301191329956
v 0.050928626209497486 -0.012500000186264524 0.2395136058330536
v 0.05405813083052639 -0.012500000186264524 0.23453301191329956
v 0.058197256177663845 -0.012500000186264524 0.22270408272743225
v 0.058495674282312435 -0.007499999832361942 0.22185125946998596
v 0.05621196702122692 -0.012500000186264524 0.22837772965431213
v 0.05405813083052639 -0.007499999832361942 0.23453301191329956
v 0.05418135598301891 -0.012500000186264524 0.23418086767196655
v 0.05418135598301891 -0.012500000186264524 0.23418086767196655
v 0.05405813083052639 -0.007499999832361942 0.23453301191329956
v 0.05405813083052639 -0.012500000186264524 0.23453301191329956
v 0.058495674282312435 -0.012500000186264524 0.22185125946998596
v 0.058495674282312435 -0.007499999832361942 0.22185125946998596
v 0.058495674282312435 -0.012500000186264524 0.22185125946998596
v 0.059048019349575084 -0.012500000186264524 0.21694907546043396
v 0.059999998658895534 -0.007499999832361942 0.2084999978542328
v 0.059999998658895534 -0.012500000186264524 0.2084999978542328
v 0.059999998658895534 -0.012500000186264524 0.2084999978542328
v 0.013351256027817735 -0.007499999832361942 0.2669956684112549
v 0.026033025234937685 -0.007499999832361942 0.26255813241004944
v -0.026033025234937685 -0.007499999832361942 0.15444186329841614
v -0.013351256027817735 -0.007499999832361942 0.1500043272972107
v 0.04690988734364513 -0.007499999832361942 0.17109060287475586
v 0.03740938752889636 -0.007499999832361942 0.1615900993347168
v 0.026033025234937685 -0.007499999832361942 0.15444186329841614
v 0.03740938752889636 -0.007499999832361942 0.2554098963737488
v 0.04690988734364513 -0.007499999832361942 0.24590939283370972
v 0.058495674282312435 -0.007499999832361942 0.19514873623847961
v 0.013351256027817735 -0.007499999832361942 0.1500043272972107
v -1.98753137786894e-17 -0.007499999832361942 0.148499995470047
v -0.03740938752889636 -0.007499999832361942 0.1615900993347168
v -0.04690988734364513 -0.007499999832361942 0.17109060287475586
v -0.04690988734364513 -0.007499999832361942 0.24590939283370972
v -0.05405813083052639 -0.007499999832361942 0.18246698379516602
v -0.058495674282312435 -0.007499999832361942 0.19514873623847961
v -0.059999998658895534 -0.007499999832361942 0.2084999978542328
v -0.058495674282312435 -0.007499999832361942 0.22185125946998596
v -0.05405813083052639 -0.007499999832361942 0.23453301191329956
v -0.03740938752889636 -0.007499999832361942 0.2554098963737488
v -0.026033025234937685 -0.007499999832361942 0.26255813241004944
v 0.05405813083052639 -0.007499999832361942 0.18246698379516602
v -0.013351256027817735 -0.007499999832361942 0.2669956684112549
v -5.179551464949315e-18 -0.007499999832361942 0.2685000002384186
v 0.05405813083052639 -0.007499999832361942 0.23453301191329956
v 0.058495674282312435 -0.007499999832361942 0.22185125946998596
v 0.059999998658895534 -0.007499999832361942 0.2084999978542328
v -0.006266661453992133 -0.04960573464632038 -1.907348723406699e-09
v -1.836970278877753e-17 -0.050000000745058094 -1.907348723406699e-09
v -6.123234262925843e-18 -0.050000000745058094 0.017000002786517143
v -6.123234262925843e-18 -0.050000000745058094 0.017000002786517143
v -1.836970278877753e-17 -0.050000000745058094 -1.907348723406699e-09
v 0.006266661453992133 -0.04960573464632038 0.017000002786517143
v -0.006266661453992133 -0.04960573464632038 0.017000002786517143
v -0.006266661453992133 -0.04960573464632038 -1.907348723406699e-09
v -0.006266661453992133 -0.04960573464632038 0.017000002786517143
v -0.01840622723102571 -0.04648882523179057 0.017000002786517143
v -0.01840622723102571 -0.04648882523179057 -1.907348723406699e-09
v -0.01840622723102571 -0.04648882523179057 -1.907348723406699e-09
v -0.01840622723102571 -0.04648882523179057 0.017000002786517143
v -0.029389262199401876 -0.04045084863901141 0.017000002786517143
v -0.029389262199401876 -0.04045084863901141 -1.907348723406699e-09
v -0.029389262199401876 -0.04045084863901141 -1.907348723406699e-09
v -0.029389262199401876 -0.04045084863901141 0.017000002786517143
v -0.038525663316249875 -0.03187119960784914 0.017000002786517143
v -0.038525663316249875 -0.03187119960784914 -1.907348723406699e-09
v -0.038525663316249875 -0.03187119960784914 -1.907348723406699e-09
v -0.038525663316249875 -0.03187119960784914 0.017000002786517143
v -0.04524135217070582 -0.021288964897394194 0.017000002786517143
v -0.04524135217070582 -0.021288964897394194 -1.907348723406699e-09
v -0.04524135217070582 -0.021288964897394194 -1.907348723406699e-09
v -0.04524135217070582 -0.021288964897394194 0.017000002786517143
v -0.049114361405372654 -0.009369065985083587 0.017000002786517143
v -0.049114361405372654 -0.009369065985083587 -1.907348723406699e-09
v -0.049114361405372654 -0.009369065985083587 -1.907348723406699e-09
v -0.049114361405372654 -0.009369065985083587 0.017000002786517143
v -0.04990133643150333 0.0031395258847624085 0.017000002786517143
v -0.04990133643150333 0.0031395258847624085 -1.907348723406699e-09
v -0.04990133643150333 0.0031395258847624085 -1.907348723406699e-09
v -0.04990133643150333 0.0031395258847624085 0.017000002786517143
v -0.04755282402038578 0.015450850129127513 0.017000002786517143
v -0.04755282402038578 0.015450850129127513 -1.907348723406699e-09
v -0.04755282402038578 0.015450850129127513 -1.907348723406699e-09
v -0.04755282402038578 0.015450850129127513 0.017000002786517143
v -0.042216397821903257 0.026791339740157145 0.017000002786517143
v -0.042216397821903257 0.026791339740157145 -1.907348723406699e-09
v -0.042216397821903257 0.026791339740157145 -1.907348723406699e-09
v -0.042216397821903257 0.026791339740157145 0.017000002786517143
v -0.03422735631465914 0.03644843026995661 0.017000002786517143
v -0.03422735631465914 0.03644843026995661 -1.907348723406699e-09
v -0.03422735631465914 0.03644843026995661 -1.907348723406699e-09
v -0.03422735631465914 0.03644843026995661 0.017000002786517143
v -0.02408768422901632 0.04381533339619639 0.017000002786517143
v -0.02408768422901632 0.04381533339619639 -1.907348723406699e-09
v -0.02408768422901632 0.04381533339619639 -1.907348723406699e-09
v -0.02408768422901632 0.04381533339619639 0.017000002786517143
v -0.01243449468165637 0.04842915758490566 0.017000002786517143
v -0.01243449468165637 0.04842915758490566 -1.907348723406699e-09
v -0.01243449468165637 0.04842915758490566 -1.907348723406699e-09
v -0.01243449468165637 0.04842915758490566 0.017000002786517143
v 2.1185229388259608e-33 0.050000000745058094 0.017000002786517143
v 2.1185229388259608e-33 0.050000000745058094 -1.907348723406699e-09
v 2.1185229388259608e-33 0.050000000745058094 -1.907348723406699e-09
v 2.1185229388259608e-33 0.050000000745058094 0.017000002786517143
v 0.01243449468165637 0.04842915758490566 0.017000002786517143
v 0.01243449468165637 0.04842915758490566 -1.907348723406699e-09
v 0.01243449468165637 0.04842915758490566 -1.907348723406699e-09
v 0.01243449468165637 0.04842915758490566 0.017000002786517143
v 0.02408768422901632 0.04381533339619639 0.017000002786517143
v 0.02408768422901632 0.04381533339619639 -1.907348723406699e-09
v 0.02408768422901632 0.04381533339619639 -1.907348723406699e-09
v 0.02408768422901632 0.04381533339619639 0.017000002786517143
v 0.03422735631465914 0.03644843026995661 0.017000002786517143
v 0.03422735631465914 0.03644843026995661 -1.907348723406699e-09
v 0.03422735631465914 0.03644843026995661 -1.907348723406699e-09
v 0.03422735631465914 0.03644843026995661 0.017000002786517143
v 0.042216397821903257 0.026791339740157145 0.017000002786517143
v 0.042216397821903257 0.026791339740157145 -1.907348723406699e-09
v 0.042216397821903257 0.026791339740157145 -1.907348723406699e-09
v 0.042216397821903257 0.026791339740157145 0.017000002786517143
v 0.04755282402038578 0.015450850129127513 0.017000002786517143
v 0.04755282402038578 0.015450850129127513 -1.907348723406699e-09
v 0.04755282402038578 0.015450850129127513 -1.907348723406699e-09
v 0.04755282402038578 0.015450850129127513 0.017000002786517143
v 0.04990133643150333 0.0031395258847624085 0.017000002786517143
v 0.04990133643150333 0.0031395258847624085 -1.907348723406699e-09
v 0.04990133643150333 0.0031395258847624085 -1.907348723406699e-09
v 0.04990133643150333 0.0031395258847624085 0.017000002786517143
v 0.049114361405372654 -0.009369065985083587 0.017000002786517143
v 0.049114361405372654 -0.009369065985083587 -1.907348723406699e-09
v 0.049114361405372654 -0.009369065985083587 -1.907348723406699e-09
v 0.049114361405372654 -0.009369065985083587 0.017000002786517143
v 0.04524135217070582 -0.021288964897394194 0.017000002786517143
v 0.04524135217070582 -0.021288964897394194 -1.907348723406699e-09
v 0.04524135217070582 -0.021288964897394194 -1.907348723406699e-09
v 0.04524135217070582 -0.021288964897394194 0.017000002786517143
v 0.038525663316249875 -0.03187119960784914 0.017000002786517143
v 0.038525663316249875 -0.03187119960784914 -1.907348723406699e-09
v 0.038525663316249875 -0.03187119960784914 -1.907348723406699e-09
v 0.038525663316249875 -0.03187119960784914 0.017000002786517143
v 0.029389262199401876 -0.04045084863901141 0.017000002786517143
v 0.029389262199401876 -0.04045084863901141 -1.907348723406699e-09
v 0.029389262199401876 -0.04045084863901141 -1.907348723406699e-09
v 0.029389262199401876 -0.04045084863901141 0.017000002786517143
v 0.01840622723102571 -0.04648882523179057 0.017000002786517143
v 0.01840622723102571 -0.04648882523179057 -1.907348723406699e-09
v 0.01840622723102571 -0.04648882523179057 -1.907348723406699e-09
v 0.01840622723102571 -0.04648882523179057 0.017000002786517143
v 0.006266661453992133 -0.04960573464632038 0.017000002786517143
v 0.006266661453992133 -0.04960573464632038 -1.907348723406699e-09
v 0.006266661453992133 -0.04960573464632038 -1.907348723406699e-09
v -0.01243449468165637 0.04842915758490566 -1.907348723406699e-09
v 2.1185229388259608e-33 0.050000000745058094 -1.907348723406699e-09
v -0.006266661453992133 -0.04960573464632038 -1.907348723406699e-09
v -1.836970278877753e-17 -0.050000000745058094 -1.907348723406699e-09
v 0.006266661453992133 -0.04960573464632038 -1.907348723406699e-09
v 0.01243449468165637 0.04842915758490566 -1.907348723406699e-09
v 0.02408768422901632 0.04381533339619639 -1.907348723406699e-09
v 0.03422735631465914 0.03644843026995661 -1.907348723406699e-09
v 0.042216397821903257 0.026791339740157145 -1.907348723406699e-09
v 0.04755282402038578 0.015450850129127513 -1.907348723406699e-09
v 0.04990133643150333 0.0031395258847624085 -1.907348723406699e-09
v 0.049114361405372654 -0.009369065985083587 -1.907348723406699e-09
v 0.04524135217070582 -0.021288964897394194 -1.907348723406699e-09
v 0.038525663316249875 -0.03187119960784914 -1.907348723406699e-09
v 0.029389262199401876 -0.04045084863901141 -1.907348723406699e-09
v 0.01840622723102571 -0.04648882523179057 -1.907348723406699e-09
v -0.01840622723102571 -0.04648882523179057 -1.907348723406699e-09
v -0.029389262199401876 -0.04045084863901141 -1.907348723406699e-09
v -0.038525663316249875 -0.03187119960784914 -1.907348723406699e-09
v -0.04524135217070582 -0.021288964897394194 -1.907348723406699e-09
v -0.049114361405372654 -0.009369065985083587 -1.907348723406699e-09
v -0.04990133643150333 0.0031395258847624085 -1.907348723406699e-09
v -0.04755282402038578 0.015450850129127513 -1.907348723406699e-09
v -0.042216397821903257 0.026791339740157145 -1.907348723406699e-09
v -0.02408768422901632 0.04381533339619639 -1.907348723406699e-09
v -0.03422735631465914 0.03644843026995661 -1.907348723406699e-09
usemtl material_DefaultMaterial
f 1 2 3
f 3 2 4
f 3 4 5
f 5 4 6
f 5 6 7
f 7 6 8
f 7 8 9
f 9 8 10
f 9 10 11
f 11 10 12
f 11 12 13
f 13 12 14
f 13 14 15
f 15 14 16
f 15 16 17
f 16 18 17
f 17 18 19
f 17 19 20
f 20 19 21
f 20 21 22
f 22 21 23
f 22 23 24
f 24 23 25
f 24 25 26
f 26 25 27
f 26 27 28
f 28 27 29
f 28 29 30
f 30 29 31
f 30 31 32
f 32 31 33
f 32 33 34
f 34 33 35
f 34 35 36
f 36 35 37
f 36 37 38
f 38 37 39
f 38 39 40
f 40 39 41
f 40 41 42
f 42 41 43
f 42 43 44
f 44 43 45
f 44 45 46
f 46 45 47
f 46 47 48
f 48 47 49
f 48 49 50
f 50 49 51
f 50 51 52
f 52 51 53
f 52 53 1
f 1 53 54
f 1 54 2
f 55 56 57
f 57 56 58
f 57 58 59
f 59 58 60
f 61 62 63
f 63 62 64
f 63 64 65
f 66 67 68
f 68 67 69
f 68 69 70
f 71 72 73
f 73 72 74
f 73 74 75
f 75 74 76
f 69 77 70
f 78 79 80
f 80 79 81
f 80 81 82
f 83 84 85
f 85 84 86
f 86 87 85
f 85 87 88
f 81 89 82
f 90 91 92
f 92 91 93
f 83 94 84
f 95 96 97
f 97 96 98
f 90 99 91
f 100 101 102
f 102 103 100
f 100 103 104
f 100 104 105
f 105 104 106
f 95 107 96
f 108 109 110
f 110 109 111
f 110 111 112
f 113 114 115
f 115 114 116
f 115 116 117
f 117 116 118
f 111 119 112
f 120 121 122
f 122 121 123
f 122 123 124
f 125 126 127
f 127 126 128
f 127 128 129
f 129 128 130
f 123 131 124
f 132 133 134
f 135 136 137
f 138 139 140
f 141 142 143
f 143 142 144
f 143 144 145
f 145 144 146
f 147 148 149
f 150 151 152
f 152 151 153
f 152 153 154
f 155 156 157
f 157 156 158
f 157 158 159
f 159 158 160
f 153 161 154
f 162 163 164
f 164 163 165
f 164 165 166
f 167 168 169
f 169 168 170
f 169 170 171
f 171 170 172
f 165 173 166
f 174 175 176
f 176 175 177
f 176 177 178
f 179 180 181
f 181 180 182
f 177 183 178
f 184 185 186
f 186 185 187
f 179 188 180
f 189 190 191
f 191 190 192
f 192 193 191
f 191 193 194
f 184 195 185
f 196 197 198
f 198 197 199
f 198 199 200
f 200 199 201
f 189 202 190
f 203 204 205
f 205 204 206
f 205 206 207
f 208 209 210
f 210 209 211
f 210 211 212
f 212 211 213
f 206 214 207
f 215 216 217
f 217 216 218
f 217 218 219
f 220 221 222
f 222 221 223
f 222 223 224
f 224 223 225
f 218 226 219
f 227 228 229
f 230 231 232
f 233 234 235
f 236 237 238
f 239 240 241
f 237 236 242
f 243 244 245
f 246 247 248
f 234 233 249
f 250 251 252
f 253 254 255
f 256 257 258
f 259 260 261
f 262 263 264
f 265 266 267
f 268 269 270
f 271 272 273
f 274 275 276
f 277 278 279
f 280 281 282
f 283 284 285
f 286 287 288
f 289 290 291
f 292 293 294
f 295 296 297
f 298 299 300
f 301 302 303
f 304 305 306
f 307 308 309
f 310 311 312
f 313 314 315
f 316 317 318
f 319 320 321
f 322 323 324
f 324 323 325
f 326 327 328
f 329 330 331
f 332 333 334
f 335 336 337
f 338 339 340
f 341 342 343
f 344 345 346
f 347 348 349
f 350 351 352
f 350 352 353
f 354 355 356
f 357 358 359
f 360 361 362
f 363 364 365
f 363 365 366
f 367 368 369
f 370 371 372
f 373 374 375
f 376 377 378
f 376 378 379
f 380 381 382
f 383 384 385
f 386 387 388
f 389 390 391
f 389 391 392
f 393 394 395
f 396 397 398
f 399 400 401
f 402 403 404
f 405 406 407
f 408 409 410
f 408 410 411
f 412 413 414
f 414 413 415
f 416 417 418
f 419 420 421
f 419 421 422
f 423 424 425
f 426 427 428
f 429 430 431
f 432 433 434
f 435 436 437
f 438 439 440
f 441 442 443
f 444 445 446
f 447 448 449
f 450 451 452
f 453 454 455
f 448 456 449
f 457 458 459
f 460 461 462
f 460 462 463
f 464 465 466
f 466 465 467
f 468 469 470
f 471 472 473
f 474 475 476
f 477 478 479
f 477 479 480
f 481 482 483
f 484 485 486
f 487 488 489
f 490 491 492
f 493 494 495
f 493 495 496
f 497 498 499
f 500 501 502
f 503 504 505
f 505 504 506
f 507 508 509
f 510 511 512
f 513 514 515
f 516 517 518
f 519 520 521
f 522 523 524
f 525 526 527
f 528 529 530
f 531 532 533
f 534 535 536
f 534 536 537
f 538 539 540
f 540 539 541
f 542 543 544
f 545 546 547
f 548 549 550
f 551 552 553
f 554 555 556
f 557 558 559
f 557 559 560
f 561 562 563
f 564 565 566
f 567 568 569
f 570 571 572
f 573 574 575
f 575 574 576
f 577 578 579
f 580 581 582
f 583 584 585
f 586 587 588
f 589 590 591
f 592 593 594
f 595 596 597
f 598 599 600
f 601 602 603
f 604 605 606
f 606 605 607
f 608 609 610
f 611 612 613
f 614 615 616
f 617 618 619
f 619 618 620
f 621 622 623
f 624 625 626
f 627 628 629
f 630 631 632
f 632 631 633
f 634 635 636
f 637 638 639
f 640 641 642
f 643 644 645
f 645 644 646
f 647 648 649
f 650 651 652
f 653 654 655
f 656 657 658
f 659 660 661
f 662 663 664
f 657 665 658
f 666 667 668
f 669 670 671
f 672 673 674
f 675 676 677
f 678 679 680
f 681 682 683
f 684 685 686
f 687 688 689
f 690 691 692
f 693 694 695
f 696 697 698
f 699 700 701
f 702 703 704
f 705 706 707
f 708 709 710
f 711 712 713
f 714 715 716
f 717 718 719
f 720 721 722
f 723 724 725
f 726 727 728
f 729 730 731
f 732 733 734
f 735 736 737
f 738 739 740
f 741 742 743
f 744 745 746
f 747 748 749
f 750 751 752
f 753 754 755
f 756 757 758
f 759 760 761
f 762 763 764
f 765 766 767
f 768 769 770
f 771 772 773
f 774 775 776
f 777 778 779
f 780 781 782
f 783 784 785
f 786 787 788
f 789 790 791
f 792 793 794
f 795 796 797
f 798 799 800
f 801 802 803
f 804 805 806
f 807 808 809
f 810 811 812
f 813 814 815
f 816 817 818
f 819 820 821
f 822 823 824
f 825 826 827
f 828 829 830
f 831 832 833
f 834 835 836
f 837 838 839
f 840 841 842
f 843 844 845
f 846 847 848
f 849 850 851
f 852 853 854
f 855 856 857
f 858 859 860
f 861 862 863
f 864 865 866
f 867 868 869
f 870 871 872
f 873 874 875
f 876 877 878
f 879 880 881
f 882 883 884
f 885 886 887
f 888 889 890
f 891 892 893
f 894 895 896
f 897 898 899
f 900 901 902
f 903 904 905
f 906 907 908
f 909 910 911
f 911 910 912
f 913 914 915
f 916 917 918
f 919 920 921
f 922 923 924
f 925 926 927
f 928 929 930
f 931 932 933
f 934 935 936
f 937 938 939
f 940 941 942
f 943 944 945
f 946 947 948
f 949 950 951
f 952 953 954
f 955 956 957
f 958 959 960
f 961 962 963
f 964 965 966
f 967 968 969
f 970 971 972
f 973 974 975
f 976 977 978
f 979 980 981
f 982 983 984
f 985 986 987
f 988 989 990
f 991 992 993
f 994 995 996
f 997 998 999
f 1000 1001 1002
f 1003 1004 1005
f 1006 1007 1008
f 1009 1010 1011
f 1012 1013 1014
f 1015 1016 1017
f 1018 1019 1020
f 1021 1022 1023
f 1024 1025 1026
f 1027 1028 1029
f 1030 1031 1032
f 1033 1034 1035
f 1036 1037 1038
f 1039 1040 1041
f 1042 1043 1044
f 1045 1046 1047
f 1048 1049 1050
f 1051 1052 1053
f 1054 1055 1056
f 859 1057 860
f 1058 1059 1060
f 1061 1062 1063
f 1064 1065 1066
f 1067 1068 1069
f 1070 1071 1072
f 1073 1074 1075
f 1076 1077 1078
f 1079 1080 1081
f 1082 1083 1084
f 1085 1086 1087
f 1088 1089 1090
f 1091 1092 1093
f 1094 1095 1096
f 1097 1098 1099
f 1100 1101 1102
f 1103 1104 1105
f 1106 1107 1108
f 1109 1110 1111
f 1112 1113 1114
f 1115 1116 1117
f 1118 1119 1120
f 1121 1122 1123
f 1124 1125 1126
f 1127 1128 1129
f 1130 1131 1132
f 1133 1134 1135
f 1136 1137 1138
f 1139 1140 1141
f 1142 1143 1144
f 1145 1146 1147
f 1148 1149 1150
f 1151 1152 1153
f 1153 1152 1154
f 1155 1156 1157
f 1158 1159 1160
f 1161 1162 1163
f 1164 1165 1166
f 1167 1168 1169
f 1170 1171 1172
f 1170 1172 1173
f 1174 1175 1176
f 1177 1178 1179
f 1180 1181 1182
f 1183 1184 1185
f 1186 1187 1188
f 1189 1190 1191
f 1192 1193 1194
f 1195 1196 1197
f 1198 1199 1200
f 1201 1202 1203
f 1204 1205 1206
f 1207 1208 1209
f 1210 1211 1212
f 1213 1214 1215
f 1216 1217 1218
f 1219 1220 1221
f 1222 1223 1224
f 1225 1226 1227
f 1228 1229 1230
f 1231 1232 1233
f 1234 1235 1236
f 1237 1238 1239
f 1240 1241 1242
f 316 1243 317
f 1244 1245 1246
f 1247 1248 1249
f 1250 1251 1252
f 1253 1254 1255
f 1256 1257 1258
f 1259 1260 1261
f 1262 1263 1264
f 1265 1266 1267
f 1268 1269 1270
f 1271 1272 1273
f 1274 1275 1276
f 1277 1278 1279
f 1280 1281 1282
f 1283 1284 1285
f 1286 1287 1288
f 1289 1290 1291
f 1292 1293 1294
f 1295 1296 1297
f 1298 1299 1300
f 1301 1302 1303
f 1304 1305 1306
f 1307 1308 1309
f 1310 1311 1312
f 1313 1314 1315
f 1316 1317 1318
f 1319 1320 1321
f 1322 1323 1324
f 1325 1326 1327
f 1328 1329 1330
f 1331 1332 1333
f 1334 1335 1336
f 1337 1338 1339
f 1340 1341 1342
f 1343 1344 1345
f 1346 1347 1348
f 1349 1350 1351
f 1352 1353 1354
f 1355 1356 1357
f 1358 1359 1360
f 1361 1362 1363
f 1364 1365 1366
f 1367 1368 1369
f 1370 1371 1372
f 1373 1374 1375
f 1376 1377 1378
f 1379 1380 1381
f 1382 1383 1384
f 1385 1386 1387
f 1388 1389 1390
f 1391 1392 1393
f 1394 1395 1396
f 1397 1398 1399
f 1400 1401 1402
f 1403 1404 1405
f 1406 1407 1408
f 1409 1410 1411
f 1412 1413 1414
f 1415 1416 1417
f 1418 1419 1420
f 1421 1422 1423
f 1424 1425 1426
f 1427 1428 1429
f 1430 1431 1432
f 1433 1434 1435
f 1436 1437 1438
f 1439 1440 1441
f 1442 1443 1444
f 1445 1446 1447
f 1448 1449 1450
f 1451 1452 1453
f 1454 1455 1456
f 1457 1458 1459
f 1460 1461 1462
f 1463 1464 1465
f 1466 1467 1468
f 1469 1470 1471
f 1472 1473 1474
f 1475 1476 1477
f 1478 1479 1480
f 1481 1482 1483
f 1484 1485 1486
f 1487 1488 1489
f 1490 1491 1492
f 1493 1494 1495
f 1496 1497 1498
f 1499 1500 1501
f 1502 1503 1504
f 1505 1506 1507
f 1508 1509 1510
f 1511 1512 1513
f 1514 1515 1516
f 1517 1518 1519
f 1520 1521 1522
f 1523 1524 1525
f 1526 1527 1528
f 1529 1530 1531
f 1532 1533 1534
f 1535 1536 1537
f 1538 1539 1540
f 1541 1542 1543
f 1544 1545 1546
f 1547 1548 1549
f 1550 1551 1552
f 1553 1554 1555
f 1556 1557 1558
f 1559 1560 1561
f 1562 1563 1564
f 1565 1566 1567
f 1568 1569 1570
f 1571 1572 1573
f 1574 1575 1576
f 1577 1578 1579
f 1580 1581 1582
f 1583 1584 1585
f 1586 1587 1588
f 1589 1590 1591
f 1592 1593 1594
f 1595 1596 1597
f 1598 1599 1600
f 1601 1602 1603
f 1604 1605 1606
f 1607 1608 1609
f 1610 1611 1612
f 1613 1614 1615
f 1616 1617 1618
f 1619 1620 1621
f 1622 1623 1624
f 1625 1626 1627
f 1628 1629 1630
f 1631 1632 1633
f 1634 1635 1636
f 1637 1638 1639
f 1640 1641 1642
f 1643 1644 1645
f 1646 1647 1648
f 1649 1650 1651
f 1652 1653 1654
f 1655 1656 1657
f 1658 1659 1660
f 1661 1662 1663
f 1664 1665 1666
f 1667 1668 1669
f 1670 1671 1672
f 1673 1674 1675
f 1676 1677 1678
f 1679 1680 1681
f 1682 1683 1684
f 1685 1686 1687
f 1688 1689 1690
f 1691 1692 1693
f 1694 1695 1696
f 1697 1698 1699
f 1700 1701 1702
f 1703 1704 1705
f 1706 1707 1708
f 1709 1710 1711
f 1712 1713 1714
f 1715 1716 1717
f 1718 1719 1720
f 1721 1722 1723
f 1724 1725 1726
f 1727 1728 1729
f 1730 1731 1732
f 1733 1734 1735
f 1736 1737 1738
f 1739 1740 1741
f 1742 1743 1744
f 1745 1746 1747
f 1748 1749 1750
f 1751 1752 1753
f 1754 1755 1756
f 1757 1758 1759
f 1760 1761 1762
f 1763 1764 1765
f 1766 1767 1768
f 1769 1770 1771
f 1772 1773 1774
f 1775 1776 1777
f 1778 1779 1780
f 1781 1782 1783
f 1784 1785 1786
f 1787 1788 1789
f 1790 1791 1792
f 1793 1794 1795
f 1796 1797 1798
f 1799 1800 1801
f 1802 1803 1804
f 1805 1806 1807
f 1808 1809 1810
f 1811 1812 1813
f 1814 1815 1816
f 1817 1818 1819
f 1820 1821 1822
f 1823 1824 1825
f 1826 1827 1828
f 1829 1830 1831
f 1832 1833 1834
f 1835 1836 1837
f 1838 1839 1840
f 1841 1842 1843
f 1844 1845 1846
f 1847 1848 1849
f 1850 1851 1852
f 1853 1854 1855
f 1856 1857 1858
f 1859 1860 1861
f 1862 1863 1864
f 1865 1866 1867
f 1868 1869 1870
f 1871 1872 1873
f 1874 1875 1876
f 1877 1878 1879
f 1880 1881 1882
f 1883 1884 1885
f 1886 1887 1888
f 1889 1890 1891
f 1892 1893 1894
f 1895 1896 1897
f 1898 1899 1900
f 1901 1902 1903
f 1904 1905 1906
f 1907 1908 1909
f 1910 1911 1912
f 1913 1914 1915
f 1916 1917 1918
f 1919 1920 1921
f 1922 1923 1924
f 1925 1926 1927
f 1928 1929 1930
f 1931 1932 1933
f 1934 1935 1936
f 1937 1938 1939
f 1940 1941 1942
f 1943 1944 1945
f 1946 1947 1948
f 1949 1950 1951
f 1952 1953 1954
f 1955 1956 1957
f 1958 1959 1960
f 1961 1962 1963
f 1964 1965 1966
f 1967 1968 1969
f 1970 1971 1972
f 1973 1974 1975
f 1976 1977 1978
f 1979 1980 1981
f 1982 1983 1984
f 1985 1986 1987
f 1988 1989 1990
f 1991 1992 1993
f 1994 1995 1996
f 1997 1998 1999
f 2000 2001 2002
f 2003 2004 2005
f 2006 2007 2008
f 2009 2010 2011
f 2012 2013 2014
f 2015 2016 2017
f 2018 2019 2020
f 2021 2022 2023
f 2024 2025 2026
f 2027 2028 2029
f 2030 2031 2032
f 2033 2034 2035
f 2035 2034 2036
f 302 2037 303
f 2038 2039 2040
f 2041 2042 2043
f 2044 2045 2046
f 2047 2048 2049
f 2050 2051 2052
f 2053 2054 2055
f 2056 2057 2058
f 2059 2060 2061
f 2062 2063 2064
f 2065 2066 2067
f 2068 2069 2070
f 2070 2069 2071
f 2072 2073 2074
f 2075 2076 2077
f 2078 2079 2080
f 2081 2082 2083
f 2084 2085 2086
f 2087 2088 2089
f 2090 2091 2092
f 2093 2094 2095
f 2096 2097 2098
f 2099 2100 2101
f 2102 2103 2104
f 2105 2106 2107
f 2108 2109 2110
f 2111 2112 2113
f 2114 2115 2116
f 2117 2118 2119
f 2120 2121 2122
f 2123 2124 2125
f 2126 2127 2128
f 2129 2130 2131
f 2132 2133 2134
f 2135 2136 2137
f 2138 2139 2140
f 2141 2142 2143
f 2144 2145 2146
f 2147 2148 2149
f 2150 2151 2152
f 2153 2154 2155
f 2156 2157 2158
f 2159 2160 2161
f 2162 2163 2164
f 2165 2166 2167
f 2168 2169 2170
f 2171 2172 2173
f 2174 2175 2176
f 2177 2178 2179
f 2180 2181 2182
f 2183 2184 2185
f 2186 2187 2188
f 2189 2190 2191
f 2192 2193 2194
f 2195 2196 2197
f 2198 2199 2200
f 2201 2202 2203
f 2204 2205 2206
f 2207 2208 2209
f 2210 2211 2212
f 2213 2214 2215
f 2216 2217 2218
f 2219 2220 2221
f 2222 2223 2224
f 2225 2226 2227
f 2228 2229 2230
f 2231 2232 2233
f 2234 2235 2236
f 2237 2238 2239
f 2240 2241 2242
f 2243 2244 2245
f 2246 2247 2248
f 2249 2250 2251
f 2252 2253 2254
f 2255 2256 2257
f 2258 2259 2260
f 2261 2262 2263
f 2264 2265 2266
f 2267 2268 2269
f 2270 2271 2272
f 2273 2274 2275
f 2276 2277 2278
f 2279 2280 2281
f 2282 2283 2284
f 2285 2286 2287
f 2288 2289 2290
f 2291 2292 2293
f 2294 2295 2296
f 2297 2298 2299
f 2300 2301 2302
f 2303 2304 2305
f 2306 2307 2308
f 2309 2310 2311
f 2312 2313 2314
f 2315 2316 2317
f 2318 2319 2320
f 2321 2322 2323
f 2324 2325 2326
f 2327 2328 2329
f 2330 2331 2332
f 2333 2334 2335
f 2336 2337 2338
f 2339 2340 2341
f 2342 2343 2344
f 2345 2346 2347
f 2348 2349 2350
f 2351 2352 2353
f 2354 2355 2356
f 2357 2358 2359
f 2360 2361 2362
f 2363 2364 2365
f 2366 2367 2368
f 2369 2370 2371
f 2372 2373 2374
f 2375 2376 2377
f 2378 2379 2380
f 2381 2382 2383
f 2384 2385 2386
f 2387 2388 2389
f 2390 2391 2392
f 2393 2394 2395
f 2396 2397 2398
f 2399 2400 2401
f 2402 2403 2404
f 2405 2406 2407
f 2408 2409 2410
f 2411 2412 2413
f 2364 2414 2365
f 2415 2416 2417
f 2418 2419 2420
f 2421 2422 2423
f 2424 2425 2426
f 2427 2428 2429
f 2430 2431 2432
f 2433 2434 2435
f 2436 2437 2438
f 2439 2440 2441
f 2442 2443 2444
f 2445 2446 2447
f 2448 2449 2450
f 2451 2452 2453
f 2454 2455 2456
f 2457 2458 2459
f 2460 2461 2462
f 2463 2464 2465
f 2466 2467 2468
f 2469 2470 2471
f 2472 2473 2474
f 2475 2476 2477
f 2478 2479 2480
f 293 2481 294
f 2482 2483 2484
f 2485 2486 2487
f 2488 2489 2490
f 2491 2492 2493
f 2494 2495 2496
f 2497 2498 2499
f 2500 2501 2502
f 2503 2504 2505
f 2506 2507 2508
f 2509 2510 2511
f 2512 2513 2514
f 2515 2516 2517
f 2518 2519 2520
f 296 2521 297
f 2522 2523 2524
f 2525 2526 2527
f 2528 2529 2530
f 2531 2532 2533
f 2534 2535 2536
f 2537 2538 2539
f 2540 2541 2542
f 2543 2544 2545
f 2546 2547 2548
f 2549 2550 2551
f 2552 2553 2554
f 2555 2556 2557
f 2558 2559 2560
f 2561 2562 2563
f 2564 2565 2566
f 2567 2568 2569
f 2570 2571 2572
f 2573 2574 2575
f 2576 2577 2578
f 2579 2580 2581
f 2582 2583 2584
f 2585 2586 2587
f 2588 2589 2590
f 2591 2592 2593
f 2594 2595 2596
f 2597 2598 2599
f 2600 2601 2602
f 2603 2604 2605
f 2606 2607 2608
f 2609 2610 2611
f 2612 2613 2614
f 2615 2616 2617
f 2618 2619 2620
f 2621 2622 2623
f 2624 2625 2626
f 2627 2628 2629
f 2630 2631 2632
f 2633 2634 2635
f 2636 2637 2638
f 2639 2640 2641
f 2642 2643 2644
f 2645 2646 2647
f 2648 2649 2650
f 2651 2652 2653
f 2654 2655 2656
f 2657 2658 2659
f 2660 2661 2662
f 2663 2664 2665
f 2666 2667 2668
f 2669 2670 2671
f 2672 2673 2674
f 2675 2676 2677
f 2678 2679 2680
f 2681 2682 2683
f 2684 2685 2686
f 2687 2688 2689
f 2690 2691 2692
f 2693 2694 2695
f 2696 2697 2698
f 2699 2700 2701
f 2702 2703 2704
f 2705 2706 2707
f 2708 2709 2710
f 2711 2712 2713
f 2714 2715 2716
f 2717 2718 2719
f 2720 2721 2722
f 2723 2724 2725
f 2726 2727 2728
f 2729 2730 2731
f 2732 2733 2734
f 2735 2736 2737
f 2738 2739 2740
f 2741 2742 2743
f 2744 2745 2746
f 2747 2748 2749
f 2750 2751 2752
f 2753 2754 2755
f 2756 2757 2758
f 2759 2760 2761
f 2762 2763 2764
f 2765 2766 2767
f 2768 2769 2770
f 2771 2772 2773
f 2774 2775 2776
f 2777 2778 2779
f 2780 2781 2782
f 2783 2784 2785
f 2786 2787 2788
f 2789 2790 2791
f 2792 2793 2794
f 2795 2796 2797
f 2798 2799 2800
f 2801 2802 2803
f 2804 2805 2806
f 2807 2808 2809
f 2810 2811 2812
f 2813 2814 2815
f 2816 2817 2818
f 2819 2820 2821
f 2822 2823 2824
f 2825 2826 2827
f 2828 2829 2830
f 2831 2832 2833
f 2834 2835 2836
f 2837 2838 2839
f 2840 2841 2842
f 2843 2844 2845
f 2846 2847 2848
f 2849 2850 2851
f 2852 2853 2854
f 2855 2856 2857
f 2858 2859 2860
f 2861 2862 2863
f 2864 2865 2866
f 2867 2868 2869
f 2870 2871 2872
f 2873 2874 2875
f 2876 2877 2878
f 2879 2880 2881
f 2882 2883 2884
f 2885 2886 2887
f 2888 2889 2890
f 2891 2892 2893
f 2894 2895 2896
f 2897 2898 2899
f 2900 2901 2902
f 2903 2904 2905
f 2906 2907 2908
f 2909 2910 2911
f 2912 2913 2914
f 2915 2916 2917
f 2918 2919 2920
f 2921 2922 2923
f 2924 2925 2926
f 2927 2928 2929
f 2930 2931 2932
f 2933 2934 2935
f 2936 2937 2938
f 2939 2940 2941
f 2942 2943 2944
f 2945 2946 2947
f 2948 2949 2950
f 2951 2952 2953
f 2954 2955 2956
f 2957 2958 2959
f 2960 2961 2962
f 2963 2964 2965
f 2966 2967 2968
f 2969 2970 2971
f 2972 2973 2974
f 2975 2976 2977
f 2978 2979 2980
f 2981 2982 2983
f 2984 2985 2986
f 2987 2988 2989
f 2990 2991 2992
f 2993 2994 2995
f 2996 2997 2998
f 2999 3000 3001
f 3002 3003 3004
f 3005 3006 3007
f 3008 3009 3010
f 3011 3012 3013
f 3014 3015 3016
f 3017 3018 3019
f 3020 3021 3022
f 3023 3024 3025
f 3026 3027 3028
f 3029 3030 3031
f 3032 3033 3034
f 3035 3036 3037
f 3038 3039 3040
f 3041 3042 3043
f 3044 3045 3046
f 3047 3048 3049
f 3050 3051 3052
f 3053 3054 3055
f 3056 3057 3058
f 3059 3060 3061
f 3062 3063 3064
f 3065 3066 3067
f 3068 3069 3070
f 3071 3072 3073
f 3074 3075 3076
f 3077 3078 3079
f 3080 3081 3082
f 3083 3084 3085
f 3086 3087 3088
f 3089 3090 3091
f 3092 3093 3094
f 3095 3096 3097
f 3098 3099 3100
f 3101 3102 3103
f 3104 3105 3106
f 3107 3108 3109
f 3110 3111 3112
f 3113 3114 3115
f 3116 3117 3118
f 3119 3120 3121
f 3122 3123 3124
f 3125 3126 3127
f 3128 3129 3130
f 3131 3132 3133
f 3134 3135 3136
f 3137 3138 3139
f 3140 3141 3142
f 3143 3144 3145
f 3146 3147 3148
f 3149 3150 3151
f 3152 3153 3154
f 3155 3156 3157
f 3158 3159 3160
f 3161 3162 3163
f 3164 3165 3166
f 3167 3168 3169
f 3170 3171 3172
f 3173 3174 3175
f 3176 3177 3178
f 3179 3180 3181
f 3182 3183 3184
f 3185 3186 3187
f 3188 3189 3190
f 3191 3192 3193
f 3194 3195 3196
f 3197 3198 3199
f 3200 3201 3202
f 3203 3204 3205
f 3206 3207 3208
f 3209 3210 3211
f 3212 3213 3214
f 3215 3216 3217
f 3218 3219 3220
f 3221 3222 3223
f 3224 3225 3226
f 3227 3228 3229
f 3230 3231 3232
f 3233 3234 3235
f 3236 3237 3238
f 3239 3240 3241
f 3242 3243 3244
f 3245 3246 3247
f 3248 3249 3250
f 3251 3252 3253
f 3254 3255 3256
f 3257 3258 3259
f 3260 3261 3262
f 3263 3264 3265
f 3266 3267 3268
f 3269 3270 3271
f 3272 3273 3274
f 3275 3276 3277
f 3278 3279 3280
f 3281 3282 3283
f 3284 3285 3286
f 3287 3288 3289
f 3290 3291 3292
f 3293 3294 3295
f 3296 3297 3298
f 3299 3300 3301
f 3302 3303 3304
f 3305 3306 3307
f 3308 3309 3310
f 3311 3312 3313
f 3314 3315 3316
f 3317 3318 3319
f 3320 3321 3322
f 3323 3324 3325
f 3326 3327 3328
f 3329 3330 3331
f 3332 3333 3334
f 3335 3336 3337
f 3338 3339 3340
f 3341 3342 3343
f 3344 3345 3346
f 3347 3348 3349
f 3350 3351 3352
f 3353 3354 3355
f 3356 3357 3358
f 3359 3360 3361
f 3362 3363 3364
f 3365 3366 3367
f 3368 3369 3370
f 3371 3372 3373
f 3374 3375 3376
f 3377 3378 3379
f 3380 3381 3382
f 3383 3384 3385
f 3386 3387 3388
f 3389 3390 3391
f 3392 3393 3394
f 3395 3396 3397
f 3398 3399 3400
f 3401 3402 3403
f 3404 3405 3406
f 3407 3408 3409
f 3410 3411 3412
f 3413 3414 3415
f 3416 3417 3418
f 3419 3420 3421
f 3422 3423 3424
f 3425 3426 3427
f 3428 3429 3430
f 3431 3432 3433
f 3434 3435 3436
f 3437 3438 3439
f 3440 3441 3442
f 3443 3444 3445
f 3446 3447 3448
f 3449 3450 3451
f 3452 3453 3454
f 3455 3456 3457
f 3458 3459 3460
f 3461 3462 3463
f 3464 3465 3466
f 3467 3468 3469
f 3470 3471 3472
f 3473 3474 3475
f 3476 3477 3478
f 3479 3480 3481
f 3482 3483 3484
f 3485 3486 3487
f 3488 3489 3490
f 3491 3492 3493
f 3494 3495 3496
f 3497 3498 3499
f 3500 3501 3502
f 3503 3504 3505
f 3506 3507 3508
f 3509 3510 3511
f 3512 3513 3514
f 3515 3516 3517
f 3518 3519 3520
f 3521 3522 3523
f 3524 3525 3526
f 3527 3528 3529
f 3530 3531 3532
f 3533 3534 3535
f 3536 3537 3538
f 3539 3540 3541
f 3542 3543 3544
f 3545 3546 3547
f 3548 3549 3550
f 3551 3552 3553
f 3554 3555 3556
f 3557 3558 3559
f 3560 3561 3562
f 3563 3564 3565
f 3566 3567 3568
f 3569 3570 3571
f 3572 3573 3574
f 3575 3576 3577
f 3578 3579 3580
f 3581 3582 3583
f 3584 3585 3586
f 3587 3588 3589
f 3590 3591 3592
f 3593 3594 3595
f 3596 3597 3598
f 3599 3600 3601
f 3602 3603 3604
f 3605 3606 3607
f 3608 3609 3610
f 3611 3612 3613
f 3614 3615 3616
f 3617 3618 3619
f 3620 3621 3622
f 3623 3624 3625
f 3626 3627 3628
f 3629 3630 3631
f 3632 3633 3634
f 3635 3636 3637
f 3638 3639 3640
f 3641 3642 3643
f 3644 3645 3646
f 3647 3648 3649
f 3650 3651 3652
f 3653 3654 3655
f 3656 3657 3658
f 3659 3660 3661
f 3662 3663 3664
f 3665 3666 3667
f 3668 3669 3670
f 3671 3672 3673
f 3674 3675 3676
f 3677 3678 3679
f 3680 3681 3682
f 3683 3684 3685
f 3686 3687 3688
f 3689 3690 3691
f 3692 3693 3694
f 3695 3696 3697
f 3698 3699 3700
f 3701 3702 3703
f 3704 3705 3706
f 3707 3708 3709
f 3710 3711 3712
f 3713 3714 3715
f 3716 3717 3718
f 3719 3720 3721
f 3722 3723 3724
f 3725 3726 3727
f 3728 3729 3730
f 3731 3732 3733
f 3734 3735 3736
f 3737 3738 3739
f 3740 3741 3742
f 3743 3744 3745
f 3746 3747 3748
f 3749 3750 3751
f 3752 3753 3754
f 3755 3756 3757
f 3758 3759 3760
f 3761 3762 3763
f 3764 3765 3766
f 3767 3768 3769
f 3770 3771 3772
f 3773 3774 3775
f 3776 3777 3778
f 3779 3780 3781
f 3782 3783 3784
f 3785 3786 3787
f 3788 3789 3790
f 3791 3792 3793
f 3794 3795 3796
f 3797 3798 3799
f 3800 3801 3802
f 3803 3804 3805
f 3806 3807 3808
f 3809 3810 3811
f 3812 3813 3814
f 3815 3816 3817
f 3818 3819 3820
f 3821 3822 3823
f 3824 3825 3826
f 3827 3828 3829
f 3830 3831 3832
f 3833 3834 3835
f 3836 3837 3838
f 3839 3840 3841
f 3842 3843 3844
f 3845 3846 3847
f 3848 3849 3850
f 3851 3852 3853
f 3854 3855 3856
f 3857 3858 3859
f 3860 3861 3862
f 3863 3864 3865
f 3866 3867 3868
f 3869 3870 3871
f 3872 3873 3874
f 3875 3876 3877
f 3878 3879 3880
f 3881 3882 3883
f 3884 3885 3886
f 3887 3888 3889
f 3890 3891 3892
f 3893 3894 3895
f 3896 3897 3898
f 3899 3900 3901
f 3902 3903 3904
f 3905 3906 3907
f 3908 3909 3910
f 3911 3912 3913
f 3914 3915 3916
f 3917 3918 3919
f 3920 3921 3922
f 3923 3924 3925
f 3926 3927 3928
f 3929 3930 3931
f 3932 3933 3934
f 3935 3936 3937
f 3938 3939 3940
f 3941 3942 3943
f 3944 3945 3946
f 3947 3948 3949
f 3950 3951 3952
f 3953 3954 3955
f 3956 3957 3958
f 3959 3960 3961
f 3962 3963 3964
f 3965 3966 3967
f 3968 3969 3970
f 3971 3972 3973
f 3974 3975 3976
f 3977 3978 3979
f 3980 3981 3982
f 3983 3984 3985
f 3986 3987 3988
f 3989 3990 3991
f 3992 3993 3994
f 3995 3996 3997
f 3998 3999 4000
f 4001 4002 4003
f 4004 4005 4006
f 4007 4008 4009
f 4010 4011 4012
f 4012 4011 4013
f 3998 4014 3999
f 4015 4016 4017
f 4018 4019 4020
f 4021 4022 4023
f 4024 4025 4026
f 4027 4028 4029
f 4030 4031 4032
f 4033 4034 4035
f 4036 4037 4038
f 4038 4037 4039
f 4040 4041 4042
f 4043 4044 4045
f 4046 4047 4048
f 4049 4050 4051
f 4052 4053 4054
f 4055 4056 4057
f 4055 4057 4058
f 4059 4060 4061
f 4062 4063 4064
f 4065 4066 4067
f 4068 4069 4070
f 4071 4072 4073
f 4074 4075 4076
f 4077 4078 4079
f 4080 4081 4082
f 4083 4084 4085
f 4086 4087 4088
f 4089 4090 4091
f 4092 4093 4094
f 4095 4096 4097
f 4098 4099 4100
f 4101 4102 4103
f 4104 4105 4106
f 4107 4108 4109
f 4110 4111 4112
f 4113 4114 4115
f 4116 4117 4118
f 4119 4120 4121
f 4122 4123 4124
f 4125 4126 4127
f 4128 4129 4130
f 4131 4132 4133
f 4134 4135 4136
f 4137 4138 4139
f 4140 4141 4142
f 4143 4144 4145
f 4146 4147 4148
f 4149 4150 4151
f 4152 4153 4154
f 4155 4156 4157
f 4158 4159 4160
f 4161 4162 4163
f 4164 4165 4166
f 4167 4168 4169
f 4170 4171 4172
f 4173 4174 4175
f 4176 4177 4178
f 4179 4180 4181
f 4182 4183 4184
f 4185 4186 4187
f 4188 4189 4190
f 4191 4192 4193
f 4194 4195 4196
f 4197 4198 4199
f 4200 4201 4202
f 4203 4204 4205
f 4206 4207 4208
f 4209 4210 4211
f 4212 4213 4214
f 4215 4216 4217
f 4218 4219 4220
f 4221 4222 4223
f 4224 4225 4226
f 4227 4228 4229
f 4230 4231 4232
f 4233 4234 4235
f 4236 4237 4238
f 4239 4240 4241
f 4242 4243 4244
f 4245 4246 4247
f 4248 4249 4250
f 4251 4252 4253
f 4254 4255 4256
f 4257 4258 4259
f 4260 4261 4262
f 4263 4264 4265
f 4266 4267 4268
f 4269 4270 4271
f 4272 4273 4274
f 4275 4276 4277
f 4278 4279 4280
f 4281 4282 4283
f 4284 4285 4286
f 4287 4288 4289
f 4290 4291 4292
f 4293 4294 4295
f 4296 4297 4298
f 4299 4300 4301
f 4302 4303 4304
f 4305 4306 4307
f 4308 4309 4310
f 4311 4312 4313
f 4314 4315 4316
f 4317 4318 4319
f 4320 4321 4322
f 4323 4324 4325
f 4326 4327 4328
f 4329 4330 4331
f 4332 4333 4334
f 4335 4336 4337
f 4338 4339 4340
f 4341 4342 4343
f 4344 4345 4346
f 4347 4348 4349
f 4350 4351 4352
f 4353 4354 4355
f 4356 4357 4358
f 4356 4358 4359
f 4360 4361 4362
f 4363 4364 4365
f 4366 4367 4368
f 4369 4370 4371
f 4372 4373 4374
f 4375 4376 4377
f 4378 4379 4380
f 4381 4382 4383
f 4384 4385 4386
f 4387 4388 4389
f 4390 4391 4392
f 4393 4394 4395
f 4396 4397 4398
f 4399 4400 4401
f 4402 4403 4404
f 4405 4406 4407
f 4408 4409 4410
f 4411 4412 4413
f 4414 4415 4416
f 4417 4418 4419
f 4420 4421 4422
f 4423 4424 4425
f 4426 4427 4428
f 4429 4430 4431
f 4432 4433 4434
f 4435 4436 4437
f 4438 4439 4440
f 4441 4442 4443
f 4444 4445 4446
f 4447 4448 4449
f 4450 4451 4452
f 4453 4454 4455
f 4456 4457 4458
f 4459 4460 4461
f 4462 4463 4464
f 4465 4466 4467
f 4468 4469 4470
f 4471 4472 4473
f 4474 4475 4476
f 4477 4478 4479
f 4480 4481 4482
f 4483 4484 4485
f 4486 4487 4488
f 4489 4490 4491
f 4492 4493 4494
f 4495 4496 4497
f 4498 4499 4500
f 4501 4502 4503
f 4504 4505 4506
f 4507 4508 4509
f 4510 4511 4512
f 4513 4514 4515
f 4516 4517 4518
f 4519 4520 4521
f 4522 4523 4524
f 4525 4526 4527
f 4528 4529 4530
f 4531 4532 4533
f 4534 4535 4536
f 4537 4538 4539
f 4540 4541 4542
f 4543 4544 4545
f 4546 4547 4548
f 4549 4550 4551
f 4552 4553 4554
f 4555 4556 4557
f 4558 4559 4560
f 4561 4562 4563
f 4564 4565 4566
f 4567 4568 4569
f 4570 4571 4572
f 4573 4574 4575
f 4576 4577 4578
f 4579 4580 4581
f 4582 4583 4584
f 4585 4586 4587
f 4588 4589 4590
f 4591 4592 4593
f 4594 4595 4596
f 4597 4598 4599
f 4600 4601 4602
f 4603 4604 4605
f 4606 4607 4608
f 4609 4610 4611
f 4612 4613 4614
f 4615 4616 4617
f 4618 4619 4620
f 4621 4622 4623
f 4624 4625 4626
f 4627 4628 4629
f 4630 4631 4632
f 4633 4634 4635
f 4636 4637 4638
f 4639 4640 4641
f 4642 4643 4644
f 4645 4646 4647
f 4648 4649 4650
f 4651 4652 4653
f 4654 4655 4656
f 4657 4658 4659
f 4660 4661 4662
f 4663 4664 4665
f 4666 4667 4668
f 4669 4670 4671
f 4672 4673 4674
f 4675 4676 4677
f 4678 4679 4680
f 4681 4682 4683
f 4684 4685 4686
f 4687 4688 4689
f 4690 4691 4692
f 4693 4694 4695
f 4696 4697 4698
f 4699 4700 4701
f 4702 4703 4704
f 4705 4706 4707
f 4708 4709 4710
f 4711 4712 4713
f 4714 4715 4716
f 4717 4718 4719
f 4720 4721 4722
f 4723 4724 4725
f 4726 4727 4728
f 4729 4730 4731
f 4732 4733 4734
f 4735 4736 4737
f 4738 4739 4740
f 4741 4742 4743
f 4744 4745 4746
f 4747 4748 4749
f 4750 4751 4752
f 4753 4754 4755
f 4756 4757 4758
f 4759 4760 4761
f 4762 4763 4764
f 4765 4766 4767
f 4768 4769 4770
f 4771 4772 4773
f 4774 4775 4776
f 4777 4778 4779
f 4780 4781 4782
f 4783 4784 4785
f 4786 4787 4788
f 4789 4790 4791
f 4792 4793 4794
f 4795 4796 4797
f 4798 4799 4800
f 4801 4802 4803
f 4804 4805 4806
f 4807 4808 4809
f 4810 4811 4812
f 4813 4814 4815
f 4816 4817 4818
f 4819 4820 4821
f 243 4822 244
f 4823 4824 4825
f 4826 4827 4828
f 4829 4830 4831
f 4832 4833 4834
f 4835 4836 4837
f 4838 4839 4840
f 4841 4842 4843
f 4844 4845 4846
f 4847 4848 4849
f 4850 4851 4852
f 4853 4854 4855
f 4856 4857 4858
f 4859 4860 4861
f 4862 4863 4864
f 4865 4866 4867
f 4868 4869 4870
f 4871 4872 4873
f 4874 4875 4876
f 4877 4878 4879
f 4880 4881 4882
f 4883 4884 4885
f 4886 4887 4888
f 4889 4890 4891
f 4892 4893 4894
f 4895 4896 4897
f 4898 4899 4900
f 4901 4902 4903
f 4904 4905 4906
f 4907 4908 4909
f 4910 4911 4912
f 4913 4914 4915
f 4916 4917 4918
f 4919 4920 4921
f 256 4922 257
f 4923 4924 4925
f 4926 4927 4928
f 4929 4930 4931
f 4932 4933 4934
f 4935 4936 4937
f 4938 4939 4940
f 4941 4942 4943
f 4944 4945 4946
f 4947 4948 4949
f 4950 4951 4952
f 4953 4954 4955
f 4956 4957 4958
f 4959 4960 4961
f 4962 4963 4964
f 4965 4966 4967
f 4968 4969 4970
f 4971 4972 4973
f 4974 4975 4976
f 4977 4978 4979
f 4980 4981 4982
f 4983 4984 4985
f 4986 4987 4988
f 4989 4990 4991
f 4992 4993 4994
f 4995 4996 4997
f 4998 4999 5000
f 5001 5002 5003
f 5004 5005 5006
f 5007 5008 5009
f 5010 5011 5012
f 5013 5014 5015
f 5016 5017 5018
f 5019 5020 5021
f 5022 5023 5024
f 5025 5026 5027
f 5028 5029 5030
f 5031 5032 5033
f 5034 5035 5036
f 5037 5038 5039
f 5040 5041 5042
f 5043 5044 5045
f 5046 5047 5048
f 5049 5050 5051
f 5052 5053 5054
f 5055 5056 5057
f 5058 5059 5060
f 5061 5062 5063
f 4322 5064 4320
f 5065 5066 5067
f 5068 5069 5070
f 5071 5072 5073
f 5074 5075 5076
f 5077 5078 5079
f 5080 5081 5082
f 5083 5084 5085
f 5086 5087 5088
f 5089 5090 5091
f 5092 5093 5094
f 5095 5096 5097
f 5098 5099 5100
f 5101 5102 5103
f 5104 5105 5106
f 5107 5108 5109
f 5110 5111 5112
f 5113 5114 5115
f 5116 5117 5118
f 5119 5120 5121
f 5122 5123 5124
f 5125 5126 5127
f 5128 5129 5130
f 5131 5132 5133
f 5134 5135 5136
f 5137 5138 5139
f 5140 5141 5142
f 5143 5144 5145
f 5146 5147 5148
f 5149 5150 5151
f 5152 5153 5154
f 5155 5156 5157
f 5158 5159 5160
f 5161 5162 5163
f 5164 5165 5166
f 5167 5168 5169
f 5170 5171 5172
f 5173 5174 5175
f 5176 5177 5178
f 5179 5180 5181
f 5182 5183 5184
f 5185 5186 5187
f 5188 5189 5190
f 5191 5192 5193
f 5194 5195 5196
f 5197 5198 5199
f 5200 5201 5202
f 5203 5204 5205
f 5206 5207 5208
f 5209 5210 5211
f 5212 5213 5214
f 5215 5216 5217
f 5218 5219 5220
f 5221 5222 5223
f 5224 5225 5226
f 5227 5228 5229
f 5230 5231 5232
f 5233 5234 5235
f 5236 5237 5238
f 5239 5240 5241
f 5242 5243 5244
f 5245 5246 5247
f 5248 5249 5250
f 5251 5252 5253
f 5254 5255 5256
f 5257 5258 5259
f 5260 5261 5262
f 5263 5264 5265
f 5266 5267 5268
f 5269 5270 5271
f 5272 5273 5274
f 5275 5276 5277
f 5278 5279 5280
f 5281 5282 5283
f 5284 5285 5286
f 5287 5288 5289
f 5290 5291 5292
f 5293 5294 5295
f 5296 5297 5298
f 5299 5300 5301
f 5302 5303 5304
f 5305 5306 5307
f 5308 5309 5310
f 5311 5312 5313
f 5314 5315 5316
f 5317 5318 5319
f 5320 5321 5322
f 5323 5324 5325
f 5326 5327 5328
f 5329 5330 5331
f 5332 5333 5334
f 5335 5336 5337
f 5338 5339 5340
f 5341 5342 5343
f 5344 5345 5346
f 5347 5348 5349
f 5350 5351 5352
f 5353 5354 5355
f 5356 5357 5358
f 5359 5360 5361
f 5362 5363 5364
f 5365 5366 5367
f 5368 5369 5370
f 5371 5372 5373
f 5374 5375 5376
f 5377 5378 5379
f 5380 5381 5382
f 5383 5384 5385
f 5386 5387 5388
f 5389 5390 5391
f 5392 5393 5394
f 5395 5396 5397
f 5398 5399 5400
f 5401 5402 5403
f 5404 5405 5406
f 5407 5408 5409
f 489 5410 487
f 5411 5412 5413
f 5414 5415 5416
f 5417 5418 5419
f 5420 5421 5422
f 5423 5424 5425
f 5426 5427 5428
f 5429 5430 5431
f 5432 5433 5434
f 5435 5436 5437
f 5438 5439 5440
f 5441 5442 5443
f 5444 5445 5446
f 5447 5448 5449
f 5450 5451 5452
f 5453 5454 5455
f 5456 5457 5458
f 5459 5460 5461
f 5462 5463 5464
f 5465 5466 5467
f 5468 5469 5470
f 5471 5472 5473
f 5474 5475 5476
f 5477 5478 5479
f 5480 5481 5482
f 5483 5484 5485
f 5486 5487 5488
f 5489 5490 5491
f 5492 5493 5494
f 5495 5496 5497
f 5498 5499 5500
f 5501 5502 5503
f 5504 5505 5506
f 5507 5508 5509
f 5510 5511 5512
f 5513 5514 5515
f 5516 5517 5518
f 5519 5520 5521
f 5522 5523 5524
f 5525 5526 5527
f 5528 5529 5530
f 5531 5532 5533
f 5534 5535 5536
f 5537 5538 5539
f 5540 5541 5542
f 5543 5544 5545
f 5546 5547 5548
f 5549 5550 5551
f 5552 5553 5554
f 5555 5556 5557
f 5558 5559 5560
f 5561 5562 5563
f 5564 5565 5566
f 5567 5568 5569
f 5570 5571 5572
f 5573 5574 5575
f 5576 5577 5578
f 5579 5580 5581
f 5582 5583 5584
f 5585 5586 5587
f 5588 5589 5590
f 5591 5592 5593
f 5594 5595 5596
f 5597 5598 5599
f 5600 5601 5602
f 5603 5604 5605
f 5606 5607 5608
f 5609 5610 5611
f 5612 5613 5614
f 5615 5616 5617
f 5618 5619 5620
f 5621 5622 5623
f 5624 5625 5626
f 5627 5628 5629
f 5630 5631 5632
f 5633 5634 5635
f 5636 5637 5638
f 5639 5640 5641
f 5642 5643 5644
f 5645 5646 5647
f 5648 5649 5650
f 5651 5652 5653
f 5654 5655 5656
f 5657 5658 5659
f 5660 5661 5662
f 5663 5664 5665
f 5666 5667 5668
f 5669 5670 5671
f 5672 5673 5674
f 5675 5676 5677
f 5678 5679 5680
f 5681 5682 5683
f 5684 5685 5686
f 5687 5688 5689
f 5690 5691 5692
f 5693 5694 5695
f 5696 5697 5698
f 5699 5700 5701
f 5702 5703 5704
f 5705 5706 5707
f 5708 5709 5710
f 5711 5712 5713
f 5714 5715 5716
f 5717 5718 5719
f 5720 5721 5722
f 5723 5724 5725
f 5726 5727 5728
f 5729 5730 5731
f 5732 5733 5734
f 5735 5736 5737
f 5738 5739 5740
f 5741 5742 5743
f 5744 5745 5746
f 5747 5748 5749
f 5750 5751 5752
f 5753 5754 5755
f 5756 5757 5758
f 5759 5760 5761
f 5762 5763 5764
f 5765 5766 5767
f 5768 5769 5770
f 5771 5772 5773
f 5774 5775 5776
f 5777 5778 5779
f 5780 5781 5782
f 5783 5784 5785
f 5786 5787 5788
f 5789 5790 5791
f 5792 5793 5794
f 5795 5796 5797
f 5798 5799 5800
f 5801 5802 5803
f 5804 5805 5806
f 5807 5808 5809
f 5810 5811 5812
f 5813 5814 5815
f 5816 5817 5818
f 5819 5820 5821
f 5822 5823 5824
f 5825 5826 5827
f 5828 5829 5830
f 5831 5832 5833
f 5834 5835 5836
f 5837 5838 5839
f 5840 5841 5842
f 5843 5844 5845
f 5846 5847 5848
f 5849 5850 5851
f 5852 5853 5854
f 5855 5856 5857
f 5858 5859 5860
f 5861 5862 5863
f 5864 5865 5866
f 5867 5868 5869
f 5870 5871 5872
f 5873 5874 5875
f 5876 5877 5878
f 5879 5880 5881
f 5882 5883 5884
f 5885 5886 5887
f 5888 5889 5890
f 5891 5892 5893
f 5894 5895 5896
f 5897 5898 5899
f 5900 5901 5902
f 5903 5904 5905
f 5906 5907 5908
f 5909 5910 5911
f 5912 5913 5914
f 5915 5916 5917
f 5918 5919 5920
f 5921 5922 5923
f 5924 5925 5926
f 5927 5928 5929
f 5930 5931 5932
f 5933 5934 5935
f 5936 5937 5938
f 5939 5940 5941
f 5942 5943 5944
f 5945 5946 5947
f 5948 5949 5950
f 5951 5952 5953
f 5954 5955 5956
f 5957 5958 5959
f 5960 5961 5962
f 5963 5964 5965
f 5966 5967 5968
f 5969 5970 5971
f 5972 5973 5974
f 5975 5976 5977
f 5978 5979 5980
f 5981 5982 5983
f 5984 5985 5986
f 5987 5988 5989
f 5990 5991 5992
f 5993 5994 5995
f 5996 5997 5998
f 5999 6000 6001
f 6002 6003 6004
f 6005 6006 6007
f 6008 6009 6010
f 6011 6012 6013
f 6014 6015 6016
f 6017 6018 6019
f 6020 6021 6022
f 6023 6024 6025
f 6026 6027 6028
f 6029 6030 6031
f 6032 6033 6034
f 6035 6036 6037
f 6038 6039 6040
f 6041 6042 6043
f 6044 6045 6046
f 6047 6048 6049
f 6050 6051 6052
f 6053 6054 6055
f 6056 6057 6058
f 6059 6060 6061
f 6062 6063 6064
f 6065 6066 6067
f 6068 6069 6070
f 6071 6072 6073
f 6074 6075 6076
f 6077 6078 6079
f 6080 6081 6082
f 6083 6084 6085
f 6086 6087 6088
f 6089 6090 6091
f 6092 6093 6094
f 6095 6096 6097
f 6098 6099 6100
f 6101 6102 6103
f 6104 6105 6106
f 6107 6108 6109
f 6110 6111 6112
f 6113 6114 6115
f 6116 6117 6118
f 6119 6120 6121
f 6122 6123 6124
f 6125 6126 6127
f 6128 6129 6130
f 6131 6132 6133
f 6134 6135 6136
f 6137 6138 6139
f 6140 6141 6142
f 6143 6144 6145
f 6146 6147 6148
f 6149 6150 6151
f 6152 6153 6154
f 6155 6156 6157
f 6158 6159 6160
f 6161 6162 6163
f 6164 6165 6166
f 6167 6168 6169
f 6170 6171 6172
f 6173 6174 6175
f 6176 6177 6178
f 6179 6180 6181
f 6182 6183 6184
f 6185 6186 6187
f 6188 6189 6190
f 6191 6192 6193
f 6194 6195 6196
f 6197 6198 6199
f 6200 6201 6202
f 6203 6204 6205
f 6206 6207 6208
f 6209 6210 6211
f 6212 6213 6214
f 6215 6216 6217
f 6218 6219 6220
f 6221 6222 6223
f 6224 6225 6226
f 6227 6228 6229
f 6230 6231 6232
f 6233 6234 6235
f 6236 6237 6238
f 6239 6240 6241
f 6242 6243 6244
f 6245 6246 6247
f 6248 6249 6250
f 6251 6252 6253
f 6254 6255 6256
f 6257 6258 6259
f 6260 6261 6262
f 6263 6264 6265
f 6266 6267 6268
f 6269 6270 6271
f 6272 6273 6274
f 6275 6276 6277
f 6278 6279 6280
f 6281 6282 6283
f 6284 6285 6286
f 6287 6288 6289
f 6290 6291 6292
f 6293 6294 6295
f 6296 6297 6298
f 6299 6300 6301
f 6302 6303 6304
f 6305 6306 6307
f 6308 6309 6310
f 6311 6312 6313
f 6314 6315 6316
f 6317 6318 6319
f 6320 6321 6322
f 6323 6324 6325
f 6326 6327 6328
f 6329 6330 6331
f 6332 6333 6334
f 6335 6336 6337
f 6338 6339 6340
f 6341 6342 6343
f 6344 6345 6346
f 6347 6348 6349
f 6350 6351 6352
f 6353 6354 6355
f 6356 6357 6358
f 6359 6360 6361
f 6362 6363 6364
f 6365 6366 6367
f 6368 6369 6370
f 6371 6372 6373
f 6374 6375 6376
f 6377 6378 6379
f 6380 6381 6382
f 6383 6384 6385
f 6386 6387 6388
f 6389 6390 6391
f 6392 6393 6394
f 6395 6396 6397
f 6398 6399 6400
f 6401 6402 6403
f 6404 6405 6406
f 6407 6408 6409
f 6410 6411 6412
f 6413 6414 6415
f 6416 6417 6418
f 6419 6420 6421
f 6422 6423 6424
f 6425 6426 6427
f 6428 6429 6430
f 6431 6432 6433
f 6434 6435 6436
f 6437 6438 6439
f 6440 6441 6442
f 6443 6444 6445
f 6446 6447 6448
f 6449 6450 6451
f 6452 6453 6454
f 6455 6456 6457
f 6458 6459 6460
f 6461 6462 6463
f 6464 6465 6466
f 6467 6468 6469
f 6470 6471 6472
f 6473 6474 6475
f 6476 6477 6478
f 6479 6480 6481
f 6482 6483 6484
f 6485 6486 6487
f 6488 6489 6490
f 6491 6492 6493
f 6494 6495 6496
f 6497 6498 6499
f 6500 6501 6502
f 6503 6504 6505
f 6506 6507 6508
f 6509 6510 6511
f 6512 6513 6514
f 6515 6516 6517
f 6518 6519 6520
f 6521 6522 6523
f 6524 6525 6526
f 6527 6528 6529
f 6530 6531 6532
f 6533 6534 6535
f 6536 6537 6538
f 6539 6540 6541
f 6542 6543 6544
f 6545 6546 6547
f 6548 6549 6550
f 6551 6552 6553
f 6554 6555 6556
f 6557 6558 6559
f 6560 6561 6562
f 6563 6564 6565
f 6566 6567 6568
f 6569 6570 6571
f 6572 6573 6574
f 6575 6576 6577
f 6578 6579 6580
f 6581 6582 6583
f 6584 6585 6586
f 6587 6588 6589
f 6590 6591 6592
f 6593 6594 6595
f 6596 6597 6598
f 6599 6600 6601
f 6602 6603 6604
f 6605 6606 6607
f 6608 6609 6610
f 6611 6612 6613
f 6614 6615 6616
f 6617 6618 6619
f 6620 6621 6622
f 6623 6624 6625
f 6626 6627 6628
f 6629 6630 6631
f 6632 6633 6634
f 6635 6636 6637
f 6638 6639 6640
f 6641 6642 6643
f 6644 6645 6646
f 6647 6648 6649
f 6650 6651 6652
f 6653 6654 6655
f 6656 6657 6658
f 6659 6660 6661
f 6662 6663 6664
f 6665 6666 6667
f 6668 6669 6670
f 6671 6672 6673
f 6674 6675 6676
f 6677 6678 6679
f 6680 6681 6682
f 6683 6684 6685
f 6686 6687 6688
f 6689 6690 6691
f 6692 6693 6694
f 6695 6696 6697
f 6698 6699 6700
f 6701 6702 6703
f 6704 6705 6706
f 6707 6708 6709
f 6710 6711 6712
f 6713 6714 6715
f 6716 6717 6718
f 6719 6720 6721
f 6722 6723 6724
f 6725 6726 6727
f 6728 6729 6730
f 6731 6732 6733
f 6734 6735 6736
f 6737 6738 6739
f 6740 6741 6742
f 6743 6744 6745
f 6746 6747 6748
f 6749 6750 6751
f 6752 6753 6754
f 6755 6756 6757
f 6758 6759 6760
f 6761 6762 6763
f 6764 6765 6766
f 6767 6768 6769
f 6770 6771 6772
f 6773 6774 6775
f 6776 6777 6778
f 6779 6780 6781
f 6782 6783 6784
f 6785 6786 6787
f 6788 6789 6790
f 6791 6792 6793
f 6794 6795 6796
f 6797 6798 6799
f 6800 6801 6802
f 6803 6804 6805
f 6806 6807 6808
f 6809 6810 6811
f 6812 6813 6814
f 6815 6816 6817
f 6818 6819 6820
f 6821 6822 6823
f 6824 6825 6826
f 6827 6828 6829
f 6830 6831 6832
f 6833 6834 6835
f 6836 6837 6838
f 6839 6840 6841
f 6842 6843 6844
f 6845 6846 6847
f 6848 6849 6850
f 6851 6852 6853
f 6854 6855 6856
f 6857 6858 6859
f 6860 6861 6862
f 6863 6864 6865
f 6866 6867 6868
f 6869 6870 6871
f 6872 6873 6874
f 6875 6876 6877
f 6878 6879 6880
f 6881 6882 6883
f 6884 6885 6886
f 6887 6888 6889
f 6890 6891 6892
f 6893 6894 6895
f 6896 6897 6898
f 6899 6900 6901
f 6902 6903 6904
f 6905 6906 6907
f 6908 6909 6910
f 6911 6912 6913
f 6914 6915 6916
f 6917 6918 6919
f 6920 6921 6922
f 6923 6924 6925
f 6926 6927 6928
f 6929 6930 6931
f 6932 6933 6934
f 6935 6936 6937
f 6938 6939 6940
f 6941 6942 6943
f 6944 6945 6946
f 6947 6948 6949
f 6950 6951 6952
f 6953 6954 6955
f 6956 6957 6958
f 6959 6960 6961
f 6962 6963 6964
f 6965 6966 6967
f 6968 6969 6970
f 6971 6972 6973
f 6974 6975 6976
f 6977 6978 6979
f 6980 6981 6982
f 6983 6984 6985
f 6986 6987 6988
f 6989 6990 6991
f 6992 6993 6994
f 6995 6996 6997
f 6998 6999 7000
f 7001 7002 7003
f 7004 7005 7006
f 7007 7008 7009
f 7010 7011 7012
f 7013 7014 7015
f 7016 7017 7018
f 7019 7020 7021
f 7022 7023 7024
f 7025 7026 7027
f 7028 7029 7030
f 7031 7032 7033
f 7034 7035 7036
f 7037 7038 7039
f 7040 7041 7042
f 7043 7044 7045
f 7046 7047 7048
f 7049 7050 7051
f 7052 7053 7054
f 7055 7056 7057
f 7058 7059 7060
f 7061 7062 7063
f 7064 7065 7066
f 7067 7068 7069
f 7070 7071 7072
f 7073 7074 7075
f 7076 7077 7078
f 7079 7080 7081
f 7082 7083 7084
f 7085 7086 7087
f 7088 7089 7090
f 7091 7092 7093
f 7094 7095 7096
f 7097 7098 7099
f 7100 7101 7102
f 7103 7104 7105
f 7106 7107 7108
f 7109 7110 7111
f 7112 7113 7114
f 7115 7116 7117
f 7118 7119 7120
f 7121 7122 7123
f 7124 7125 7126
f 7127 7128 7129
f 7130 7131 7132
f 7133 7134 7135
f 7136 7137 7138
f 7139 7140 7141
f 7142 7143 7144
f 7145 7146 7147
f 7148 7149 7150
f 7151 7152 7153
f 7154 7155 7156
f 7157 7158 7159
f 7160 7161 7162
f 7163 7164 7165
f 7166 7167 7168
f 7169 7170 7171
f 7172 7173 7174
f 7175 7176 7177
f 7178 7179 7180
f 7181 7182 7183
f 7184 7185 7186
f 7187 7188 7189
f 7190 7191 7192
f 7193 7194 7195
f 7196 7197 7198
f 7199 7200 7201
f 7202 7203 7204
f 7205 7206 7207
f 7208 7209 7210
f 7211 7212 7213
f 7214 7215 7216
f 7217 7218 7219
f 7220 7221 7222
f 7223 7224 7225
f 7226 7227 7228
f 7229 7230 7231
f 7232 7233 7234
f 7235 7236 7237
f 7238 7239 7240
f 281 7241 282
f 7242 7243 7244
f 7245 7246 7247
f 7248 7249 7250
f 2462 7251 2460
f 7252 7253 7254
f 7255 7256 7257
f 7258 7259 7260
f 7261 7262 7263
f 7264 7265 7266
f 7267 7268 7269
f 7270 7271 7272
f 7273 7274 7275
f 7276 7277 7278
f 7279 7280 7281
f 7282 7283 7284
f 7285 7286 7287
f 7288 7289 7290
f 7291 7292 7293
f 7294 7295 7296
f 7297 7298 7299
f 7300 7301 7302
f 7303 7304 7305
f 7306 7307 7308
f 7309 7310 7311
f 7312 7313 7314
f 7315 7316 7317
f 7318 7319 7320
f 7321 7322 7323
f 7324 7325 7326
f 7327 7328 7329
f 7330 7331 7332
f 7333 7334 7335
f 7336 7337 7338
f 7339 7340 7341
f 7342 7343 7344
f 7345 7346 7347
f 7348 7349 7350
f 7351 7352 7353
f 7354 7355 7356
f 7357 7358 7359
f 7360 7361 7362
f 7363 7364 7365
f 7366 7367 7368
f 7369 7370 7371
f 7372 7373 7374
f 7375 7376 7377
f 7378 7379 7380
f 7381 7382 7383
f 7384 7385 7386
f 7387 7388 7389
f 7390 7391 7392
f 7393 7394 7395
f 7396 7397 7398
f 7399 7400 7401
f 7402 7403 7404
f 7405 7406 7407
f 7408 7409 7410
f 7411 7412 7413
f 7414 7415 7416
f 7417 7418 7419
f 7420 7421 7422
f 7423 7424 7425
f 7426 7427 7428
f 7429 7430 7431
f 7432 7433 7434
f 7435 7436 7437
f 7438 7439 7440
f 7441 7442 7443
f 7444 7445 7446
f 7447 7448 7449
f 7450 7451 7452
f 7453 7454 7455
f 7456 7457 7458
f 7459 7460 7461
f 7462 7463 7464
f 7465 7466 7467
f 7468 7469 7470
f 7471 7472 7473
f 7474 7475 7476
f 7477 7478 7479
f 7480 7481 7482
f 7483 7484 7485
f 7486 7487 7488
f 7489 7490 7491
f 7492 7493 7494
f 7495 7496 7497
f 7498 7499 7500
f 7501 7502 7503
f 7504 7505 7506
f 7507 7508 7509
f 7510 7511 7512
f 7513 7514 7515
f 7516 7517 7518
f 7519 7520 7521
f 7522 7523 7524
f 7525 7526 7527
f 7528 7529 7530
f 7531 7532 7533
f 7534 7535 7536
f 7537 7538 7539
f 7540 7541 7542
f 7543 7544 7545
f 7546 7547 7548
f 7549 7550 7551
f 7552 7553 7554
f 7555 7556 7557
f 7558 7559 7560
f 7561 7562 7563
f 7564 7565 7566
f 7567 7568 7569
f 7570 7571 7572
f 7573 7574 7575
f 7576 7577 7578
f 7579 7580 7581
f 7582 7583 7584
f 7585 7586 7587
f 7588 7589 7590
f 7591 7592 7593
f 7594 7595 7596
f 7597 7598 7599
f 7600 7601 7602
f 7603 7604 7605
f 7606 7607 7608
f 7609 7610 7611
f 7612 7613 7614
f 7615 7616 7617
f 7618 7619 7620
f 7621 7622 7623
f 7624 7625 7626
f 7627 7628 7629
f 7630 7631 7632
f 7633 7634 7635
f 7636 7637 7638
f 7639 7640 7641
f 7642 7643 7644
f 7645 7646 7647
f 7648 7649 7650
f 7651 7652 7653
f 7654 7655 7656
f 7657 7658 7659
f 7660 7661 7662
f 7663 7664 7665
f 7666 7667 7668
f 7669 7670 7671
f 7672 7673 7674
f 7675 7676 7677
f 7678 7679 7680
f 7681 7682 7683
f 7684 7685 7686
f 7687 7688 7689
f 7690 7691 7692
f 7693 7694 7695
f 7696 7697 7698
f 7699 7700 7701
f 7702 7703 7704
f 7705 7706 7707
f 7708 7709 7710
f 7711 7712 7713
f 7714 7715 7716
f 7717 7718 7719
f 7720 7721 7722
f 7723 7724 7725
f 7726 7727 7728
f 7729 7730 7731
f 7732 7733 7734
f 4692 7735 4690
f 3976 7736 3974
f 7737 7738 7739
f 7740 7741 7742
f 7743 7744 7745
f 7746 7747 7748
f 7749 7750 7751
f 7752 7753 7754
f 7755 7756 7757
f 7758 7759 7760
f 7761 7762 7763
f 7764 7765 7766
f 7767 7768 7769
f 7770 7771 7772
f 7773 7774 7775
f 7776 7777 7778
f 7779 7780 7781
f 7782 7783 7784
f 7785 7786 7787
f 7788 7789 7790
f 7791 7792 7793
f 7794 7795 7796
f 7797 7798 7799
f 7800 7801 7802
f 7803 7804 7805
f 7806 7807 7808
f 7809 7810 7811
f 7812 7813 7814
f 7815 7816 7817
f 7818 7819 7820
f 7821 7822 7823
f 7824 7825 7826
f 7827 7828 7829
f 7830 7831 7832
f 7833 7834 7835
f 7836 7837 7838
f 7839 7840 7841
f 7842 7843 7844
f 7845 7846 7847
f 7848 7849 7850
f 7851 7852 7853
f 7854 7855 7856
f 7857 7858 7859
f 7860 7861 7862
f 7863 7864 7865
f 7866 7867 7868
f 7869 7870 7871
f 7872 7873 7874
f 7875 7876 7877
f 7878 7879 7880
f 7881 7882 7883
f 7884 7885 7886
f 7887 7888 7889
f 7890 7891 7892
f 7893 7894 7895
f 7896 7897 7898
f 7899 7900 7901
f 7902 7903 7904
f 7905 7906 7907
f 7908 7909 7910
f 7911 7912 7913
f 7914 7915 7916
f 7917 7918 7919
f 7920 7921 7922
f 7923 7924 7925
f 7926 7927 7928
f 7929 7930 7931
f 7932 7933 7934
f 7935 7936 7937
f 7938 7939 7940
f 7941 7942 7943
f 7944 7945 7946
f 7947 7948 7949
f 7950 7951 7952
f 7953 7954 7955
f 7956 7957 7958
f 7959 7960 7961
f 7962 7963 7964
f 7965 7966 7967
f 7968 7969 7970
f 7971 7972 7973
f 7974 7975 7976
f 7977 7978 7979
f 7980 7981 7982
f 7983 7984 7985
f 7986 7987 7988
f 7989 7990 7991
f 7992 7993 7994
f 7995 7996 7997
f 7998 7999 8000
f 8001 8002 8003
f 8004 8005 8006
f 8007 8008 8009
f 8010 8011 8012
f 8013 8014 8015
f 8016 8017 8018
f 8019 8020 8021
f 8022 8023 8024
f 8025 8026 8027
f 8028 8029 8030
f 8031 8032 8033
f 8034 8035 8036
f 8037 8038 8039
f 8040 8041 8042
f 8043 8044 8045
f 8046 8047 8048
f 8049 8050 8051
f 8052 8053 8054
f 8055 8056 8057
f 8058 8059 8060
f 8061 8062 8063
f 8064 8065 8066
f 8067 8068 8069
f 8070 8071 8072
f 8073 8074 8075
f 8076 8077 8078
f 8079 8080 8081
f 8082 8083 8084
f 8085 8086 8087
f 8088 8089 8090
f 8091 8092 8093
f 8094 8095 8096
f 8097 8098 8099
f 8100 8101 8102
f 8103 8104 8105
f 8106 8107 8108
f 8109 8110 8111
f 8112 8113 8114
f 8115 8116 8117
f 8118 8119 8120
f 8121 8122 8123
f 8124 8125 8126
f 8127 8128 8129
f 8130 8131 8132
f 8133 8134 8135
f 8136 8137 8138
f 8139 8140 8141
f 8142 8143 8144
f 8145 8146 8147
f 8148 8149 8150
f 8151 8152 8153
f 8154 8155 8156
f 8157 8158 8159
f 8160 8161 8162
f 8163 8164 8165
f 8166 8167 8168
f 8169 8170 8171
f 8172 8173 8174
f 8175 8176 8177
f 8178 8179 8180
f 8181 8182 8183
f 8184 8185 8186
f 8187 8188 8189
f 8190 8191 8192
f 8193 8194 8195
f 517 8196 518
f 8197 8198 8199
f 8199 8200 8197
f 8201 8202 8203
f 8201 8203 8204
f 8204 8203 8205
f 8204 8205 8206
f 8206 8207 8204
f 8208 8209 8210
f 8208 8210 8211
f 8211 8210 8212
f 8212 8213 8211
f 8214 8215 8216
f 8214 8216 8217
f 8217 8216 8218
f 8218 8219 8217
f 8220 8221 8222
f 8220 8222 8223
f 8223 8222 8224
f 8224 8225 8223
f 8226 8227 8228
f 8226 8228 8229
f 8228 8230 8229
f 8229 8230 8231
f 8232 8233 8234
f 8234 8233 8235
f 8235 8236 8234
f 8237 8238 8239
f 8237 8239 8240
f 8240 8239 8241
f 8241 8242 8240
f 8243 8244 8245
f 8243 8245 8246
f 8246 8245 8247
f 8247 8248 8246
f 8249 8250 8251
f 8249 8251 8252
f 8252 8253 8254
f 8255 8256 8257
f 8257 8256 8258
f 8257 8258 8259
f 8260 8252 8254
f 8255 8261 8256
f 8262 8263 8264
f 8262 8264 8265
f 8265 8264 8266
f 8265 8266 8267
f 8268 8269 8270
f 8271 8272 8273
f 8271 8273 8274
f 8273 8275 8274
f 8274 8275 8276
f 8277 8278 8279
f 8278 8280 8279
f 8279 8280 8281
f 8282 8283 8284
f 8284 8283 8285
f 8284 8285 8286
f 8287 8288 8289
f 8289 8288 8290
f 8289 8290 8291
f 8291 8290 8292
f 8287 8293 8288
f 8294 8295 8296
f 8294 8296 8297
f 8297 8296 8298
f 8298 8299 8297
f 8300 8301 8302
f 8300 8302 8303
f 8303 8302 8304
f 8304 8305 8303
f 8306 8307 8308
f 8306 8308 8309
f 8309 8308 8310
f 8310 8311 8309
f 8312 8313 8314
f 8312 8314 8315
f 8315 8314 8316
f 8316 8317 8315
f 8318 8319 8320
f 8318 8320 8321
f 8321 8320 8322
f 8322 8323 8321
f 8324 8325 8326
f 8324 8326 8327
f 8326 8328 8327
f 8327 8328 8329
f 8330 8331 8332
f 8332 8331 8333
f 8333 8334 8332
f 8335 8336 8337
f 8335 8337 8338
f 8338 8337 8339
f 8340 8341 8342
f 8342 8341 8343
f 8342 8343 8344
f 8345 8338 8339
f 8340 8346 8341
f 8347 8348 8349
f 8347 8349 8350
f 8350 8349 8351
f 8350 8351 8352
f 8353 8354 8355
f 8355 8354 8356
f 8355 8356 8357
f 8358 8359 8360
f 8353 8361 8354
f 8362 8363 8364
f 8362 8364 8365
f 8365 8364 8366
f 8198 8367 8199
f 8368 8369 8370
f 8370 8369 8371
f 8372 8373 8369
f 8369 8373 8374
f 8375 8376 8377
f 8374 8378 8369
f 8369 8378 8379
f 8369 8379 8371
f 8380 8381 8382
f 8382 8381 8383
f 8382 8383 8384
f 8384 8385 8382
f 8382 8385 8386
f 8382 8386 8387
f 8380 8382 8370
f 8370 8382 8388
f 8370 8388 8389
f 8375 8377 8369
f 8369 8377 8390
f 8369 8390 8372
f 8389 8391 8370
f 8370 8391 8392
f 8370 8392 8368
f 8376 8393 8377
f 8377 8393 8394
f 8377 8394 8395
f 8396 8397 8398
f 8399 8400 8401
f 8398 8402 8396
f 8403 8404 8405
f 8403 8405 8406
f 8407 8408 8409
f 8407 8409 8410
f 8411 8412 8413
f 8411 8413 8414
f 8415 8416 8417
f 8415 8417 8418
f 8419 8420 8421
f 8419 8421 8422
f 8423 8424 8425
f 8423 8425 8426
f 8427 8428 8429
f 8427 8429 8430
f 8431 8432 8433
f 8431 8433 8434
f 8435 8436 8437
f 8435 8437 8438
f 8439 8440 8441
f 8439 8441 8442
f 8443 8444 8445
f 8443 8445 8446
f 8447 8448 8449
f 8447 8449 8450
f 8451 8452 8453
f 8451 8453 8454
f 8455 8456 8457
f 8455 8457 8458
f 8459 8460 8461
f 8459 8461 8462
f 8463 8464 8465
f 8463 8465 8466
f 8467 8468 8469
f 8467 8469 8470
f 8471 8472 8473
f 8471 8473 8474
f 8475 8476 8477
f 8475 8477 8478
f 8479 8480 8481
f 8479 8481 8482
f 8483 8484 8485
f 8483 8485 8486
f 8487 8488 8489
f 8487 8489 8490
f 8491 8492 8493
f 8491 8493 8494
f 8495 8496 8497
f 8495 8497 8498
f 8499 8401 8400
f 8500 8501 8502
f 8502 8501 8503
f 8503 8501 8504
f 8504 8501 8505
f 8504 8505 8506
f 8506 8507 8504
f 8504 8507 8508
f 8504 8508 8509
f 8509 8510 8504
f 8504 8510 8511
f 8504 8511 8512
f 8512 8513 8504
f 8504 8513 8514
f 8504 8514 8515
f 8502 8516 8500
f 8500 8516 8517
f 8500 8517 8518
f 8518 8519 8500
f 8500 8519 8520
f 8500 8520 8521
f 8521 8522 8500
f 8500 8522 8523
f 8500 8523 8524
f 8524 8523 8525
