mtllib kuka_link_0_visuals.mtl
v -0.07400000095367437 0.052999999374151265 0.01600000075995922
v 0.0 0.052999999374151265 0.01600000075995922
v -0.07400000095367437 0.052999999374151265 0.05000000074505806
v 0.0 0.052999999374151265 0.05000000074505806
v 0.0 -0.052999999374151265 0.05000000074505806
v 0.0 0.052999999374151265 0.05000000074505806
v 0.0 -0.052999999374151265 0.01600000075995922
v 0.0 0.052999999374151265 0.01600000075995922
v 0.0 0.05200000107288364 0.051732052117586136
v 0.0 0.052732050418853794 0.050999999046325684
v 0.0 0.05099999904632572 0.052000001072883606
v 0.0 -0.05099999904632572 0.052000001072883606
v 0.0 -0.05200000107288364 0.051732052117586136
v 0.0 -0.052732050418853794 0.050999999046325684
v 0.0 -0.05200000107288364 0.014267949387431145
v 0.0 -0.052732050418853794 0.014999999664723873
v 0.0 -0.05099999904632572 0.014000000432133675
v 0.0 0.05099999904632572 0.014000000432133675
v 0.0 0.05200000107288364 0.014267949387431145
v 0.0 0.052732050418853794 0.014999999664723873
v -0.07400000095367437 -0.052999999374151265 0.05000000074505806
v 0.0 -0.052999999374151265 0.05000000074505806
v -0.07400000095367437 -0.052999999374151265 0.01600000075995922
v 0.0 -0.052999999374151265 0.01600000075995922
v -0.0750000029802323 0.05200000107288364 0.05000000074505806
v -0.0750000029802323 -0.05200000107288364 0.05000000074505806
v -0.0750000029802323 0.05200000107288364 0.01600000075995922
v -0.0750000029802323 -0.05200000107288364 0.01600000075995922
v -0.0750000029802323 -0.05150000005960468 0.0508660264313221
v -0.0750000029802323 -0.051866024732589756 0.05050000175833702
v -0.0750000029802323 -0.05099999904632572 0.050999999046325684
v -0.0750000029802323 0.05099999904632572 0.050999999046325684
v -0.0750000029802323 0.05150000005960468 0.0508660264313221
v -0.0750000029802323 0.051866024732589756 0.05050000175833702
v -0.0750000029802323 0.05150000005960468 0.015133974142372608
v -0.0750000029802323 0.051866024732589756 0.01549999974668026
v -0.0750000029802323 0.05099999904632572 0.014999999664723873
v -0.0750000029802323 -0.05099999904632572 0.014999999664723873
v -0.0750000029802323 -0.05150000005960468 0.015133974142372608
v -0.0750000029802323 -0.051866024732589756 0.01549999974668026
v -0.07400000095367437 -0.05099999904632572 0.014000000432133675
v -0.06251250207424168 -0.04213767498731616 0.014000000432133675
v -0.06288767606019978 -0.04176250100135806 0.014000000432133675
v -0.06288767606019978 -0.02073750086128713 0.014000000432133675
v -0.07400000095367437 0.05099999904632572 0.014000000432133675
v -0.06302499771118168 -0.021250000223517432 0.014000000432133675
v -0.06288767606019978 -0.021762499585747733 0.014000000432133675
v -0.06302499771118168 -0.04125000163912776 0.014000000432133675
v -0.06288767606019978 -0.04073749855160716 0.014000000432133675
v -0.06251250207424168 -0.04036232456564906 0.014000000432133675
v -0.06251250207424168 -0.020362323150038733 0.014000000432133675
v -0.06199999898672108 -0.02022499963641168 0.014000000432133675
v 0.0 0.05099999904632572 0.014000000432133675
v -0.06148749962449078 -0.020362323150038733 0.014000000432133675
v -0.06111232563853268 -0.02073750086128713 0.014000000432133675
v -0.06111232563853268 -0.021762499585747733 0.014000000432133675
v -0.06199999898672108 -0.04022499918937686 0.014000000432133675
v -0.06097500026226048 -0.021250000223517432 0.014000000432133675
v -0.06148749962449078 -0.04036232456564906 0.014000000432133675
v 0.0 -0.05099999904632572 0.014000000432133675
v -0.06111232563853268 -0.04073749855160716 0.014000000432133675
v -0.06097500026226048 -0.04125000163912776 0.014000000432133675
v -0.06148749962449078 -0.02213767543435098 0.014000000432133675
v -0.06199999898672108 -0.022275000810623183 0.014000000432133675
v -0.06251250207424168 -0.02213767543435098 0.014000000432133675
v -0.06111232563853268 -0.04176250100135806 0.014000000432133675
v -0.06148749962449078 -0.04213767498731616 0.014000000432133675
v -0.06199999898672108 -0.04227500036358836 0.014000000432133675
v -0.07400000095367437 0.05099999904632572 0.052000001072883606
v 0.0 0.05099999904632572 0.052000001072883606
v -0.07400000095367437 -0.05099999904632572 0.052000001072883606
v 0.0 -0.05099999904632572 0.052000001072883606
v -0.06148749962449078 -0.04213767498731616 0.014000000432133675
v -0.06199999898672108 -0.04227500036358836 0.009499999694526196
v -0.06199999898672108 -0.04227500036358836 0.014000000432133675
v -0.06199999898672108 -0.04227500036358836 0.014000000432133675
v -0.06199999898672108 -0.04227500036358836 0.009499999694526196
v -0.06251250207424168 -0.04213767498731616 0.009499999694526196
v -0.06251250207424168 -0.04213767498731616 0.014000000432133675
v -0.06251250207424168 -0.04213767498731616 0.014000000432133675
v -0.06251250207424168 -0.04213767498731616 0.009499999694526196
v -0.06288767606019978 -0.04176250100135806 0.009499999694526196
v -0.06288767606019978 -0.04176250100135806 0.014000000432133675
v -0.06288767606019978 -0.04176250100135806 0.014000000432133675
v -0.06288767606019978 -0.04176250100135806 0.009499999694526196
v -0.06302499771118168 -0.04125000163912776 0.009499999694526196
v -0.06302499771118168 -0.04125000163912776 0.014000000432133675
v -0.06302499771118168 -0.04125000163912776 0.014000000432133675
v -0.06302499771118168 -0.04125000163912776 0.009499999694526196
v -0.06288767606019978 -0.04073749855160716 0.009499999694526196
v -0.06288767606019978 -0.04073749855160716 0.014000000432133675
v -0.06288767606019978 -0.04073749855160716 0.014000000432133675
v -0.06288767606019978 -0.04073749855160716 0.009499999694526196
v -0.06251250207424168 -0.04036232456564906 0.009499999694526196
v -0.06251250207424168 -0.04036232456564906 0.014000000432133675
v -0.06251250207424168 -0.04036232456564906 0.014000000432133675
v -0.06251250207424168 -0.04036232456564906 0.009499999694526196
v -0.06199999898672108 -0.04022499918937686 0.009499999694526196
v -0.06199999898672108 -0.04022499918937686 0.014000000432133675
v -0.06199999898672108 -0.04022499918937686 0.014000000432133675
v -0.06199999898672108 -0.04022499918937686 0.009499999694526196
v -0.06148749962449078 -0.04036232456564906 0.009499999694526196
v -0.06148749962449078 -0.04036232456564906 0.014000000432133675
v -0.06148749962449078 -0.04036232456564906 0.014000000432133675
v -0.06148749962449078 -0.04036232456564906 0.009499999694526196
v -0.06111232563853268 -0.04073749855160716 0.009499999694526196
v -0.06111232563853268 -0.04073749855160716 0.014000000432133675
v -0.06111232563853268 -0.04073749855160716 0.014000000432133675
v -0.06111232563853268 -0.04073749855160716 0.009499999694526196
v -0.06097500026226048 -0.04125000163912776 0.009499999694526196
v -0.06097500026226048 -0.04125000163912776 0.014000000432133675
v -0.06097500026226048 -0.04125000163912776 0.014000000432133675
v -0.06097500026226048 -0.04125000163912776 0.009499999694526196
v -0.06111232563853268 -0.04176250100135806 0.009499999694526196
v -0.06111232563853268 -0.04176250100135806 0.014000000432133675
v -0.06111232563853268 -0.04176250100135806 0.014000000432133675
v -0.06111232563853268 -0.04176250100135806 0.009499999694526196
v -0.06148749962449078 -0.04213767498731616 0.009499999694526196
v -0.06148749962449078 -0.04213767498731616 0.014000000432133675
v -0.06148749962449078 -0.04213767498731616 0.009499999694526196
v -0.06199999898672108 -0.042750000953674344 0.009499999694526196
v -0.06274999678134922 -0.04254903644323352 0.0
v -0.06274999678134922 -0.04254903644323352 0.009499999694526196
v -0.06274999678134922 -0.04254903644323352 0.009499999694526196
v -0.06274999678134922 -0.04254903644323352 0.0
v -0.06329903751611714 -0.0419999994337559 0.0
v -0.06329903751611714 -0.0419999994337559 0.009499999694526196
v -0.06329903751611714 -0.0419999994337559 0.009499999694526196
v -0.06329903751611714 -0.0419999994337559 0.0
v -0.06350000202655796 -0.04125000163912776 0.0
v -0.06350000202655796 -0.04125000163912776 0.009499999694526196
v -0.06350000202655796 -0.04125000163912776 0.009499999694526196
v -0.06350000202655796 -0.04125000163912776 0.0
v -0.06329903751611714 -0.04050000011920932 0.0
v -0.06329903751611714 -0.04050000011920932 0.009499999694526196
v -0.06329903751611714 -0.04050000011920932 0.009499999694526196
v -0.06329903751611714 -0.04050000011920932 0.0
v -0.06274999678134922 -0.0399509631097317 0.0
v -0.06274999678134922 -0.0399509631097317 0.009499999694526196
v -0.06274999678134922 -0.0399509631097317 0.009499999694526196
v -0.06274999678134922 -0.0399509631097317 0.0
v -0.06199999898672108 -0.039749998599290876 0.0
v -0.06199999898672108 -0.039749998599290876 0.009499999694526196
v -0.06199999898672108 -0.039749998599290876 0.009499999694526196
v -0.06199999898672108 -0.039749998599290876 0.0
v -0.06147595122456555 -0.0398904196918011 0.0
v -0.06125000119209294 -0.0399509631097317 0.009499999694526196
v -0.06125000119209294 -0.0399509631097317 0.0
v -0.06125000119209294 -0.0399509631097317 0.009499999694526196
v -0.06125000119209294 -0.0399509631097317 0.0
v -0.06070096045732502 -0.04050000011920932 0.0
v -0.06070096045732502 -0.04050000011920932 0.009499999694526196
v -0.06070096045732502 -0.04050000011920932 0.009499999694526196
v -0.06070096045732502 -0.04050000011920932 0.0
v -0.060499999672174495 -0.04125000163912776 0.0
v -0.060499999672174495 -0.04125000163912776 0.009499999694526196
v -0.060499999672174495 -0.04125000163912776 0.009499999694526196
v -0.060499999672174495 -0.04125000163912776 0.0
v -0.06070096045732502 -0.0419999994337559 0.0
v -0.06070096045732502 -0.0419999994337559 0.009499999694526196
v -0.06070096045732502 -0.0419999994337559 0.009499999694526196
v -0.06070096045732502 -0.0419999994337559 0.0
v -0.06125000119209294 -0.04254903644323352 0.0
v -0.06125000119209294 -0.04254903644323352 0.009499999694526196
v -0.06125000119209294 -0.04254903644323352 0.009499999694526196
v -0.06125000119209294 -0.04254903644323352 0.0
v -0.06147595122456555 -0.04260958358645442 2.2398019225556406e-19
v -0.06125000119209294 -0.04254903644323352 0.009499999694526196
v -0.06147595122456555 -0.04260958358645442 2.2398019225556406e-19
v -0.06199999898672108 -0.042750000953674344 0.009499999694526196
v -0.06199999898672108 -0.042750000953674344 7.434529256613157e-19
v -0.06199999898672108 -0.042750000953674344 7.434529256613157e-19
v -0.06199999898672108 -0.04022499918937686 0.009499999694526196
v -0.06199999898672108 -0.039749998599290876 0.009499999694526196
v -0.06148749962449078 -0.04036232456564906 0.009499999694526196
v -0.06125000119209294 -0.0399509631097317 0.009499999694526196
v -0.06111232563853268 -0.04073749855160716 0.009499999694526196
v -0.06070096045732502 -0.04050000011920932 0.009499999694526196
v -0.06097500026226048 -0.04125000163912776 0.009499999694526196
v -0.060499999672174495 -0.04125000163912776 0.009499999694526196
v -0.06111232563853268 -0.04176250100135806 0.009499999694526196
v -0.06070096045732502 -0.0419999994337559 0.009499999694526196
v -0.06148749962449078 -0.04213767498731616 0.009499999694526196
v -0.06125000119209294 -0.04254903644323352 0.009499999694526196
v -0.06199999898672108 -0.04227500036358836 0.009499999694526196
v -0.06199999898672108 -0.042750000953674344 0.009499999694526196
v -0.06251250207424168 -0.04213767498731616 0.009499999694526196
v -0.06274999678134922 -0.04254903644323352 0.009499999694526196
v -0.06288767606019978 -0.04176250100135806 0.009499999694526196
v -0.06329903751611714 -0.0419999994337559 0.009499999694526196
v -0.06302499771118168 -0.04125000163912776 0.009499999694526196
v -0.06350000202655796 -0.04125000163912776 0.009499999694526196
v -0.06288767606019978 -0.04073749855160716 0.009499999694526196
v -0.06329903751611714 -0.04050000011920932 0.009499999694526196
v -0.06251250207424168 -0.04036232456564906 0.009499999694526196
v -0.06274999678134922 -0.0399509631097317 0.009499999694526196
v 0.018161429092288028 0.07460950314998632 0.008999999612569809
v 0.018457176163792624 0.07475515455007559 0.008999999612569809
v 0.013311561197042474 0.07579942792654043 0.008999999612569809
v -0.03234250470995905 0.06987333297729496 0.008999999612569809
v -0.03391922265291216 0.06912659853696827 0.008999999612569809
v -0.03273686021566393 0.0677019059658051 0.008999999612569809
v 0.027709474787116068 0.06867928802967076 0.008999999612569809
v 0.032271165400743505 0.06665757298469548 0.008999999612569809
v 0.03273686021566393 0.0677019059658051 0.008999999612569809
v 0.03391922265291216 0.06912659853696827 0.008999999612569809
v 0.031145580112934133 0.07034642249345784 0.008999999612569809
v -0.023619905114173907 0.07322166860103613 0.008999999612569809
v -0.026032367721200007 0.07246644794940953 0.008999999612569809
v -0.0319810248911381 0.07004452496767048 0.008999999612569809
v 0.01441533211618663 0.07264198362827305 0.008999999612569809
v 0.016911428421735774 0.07244443893432621 0.008999999612569809
v 0.017246365547180186 0.07369443774223333 0.008999999612569809
v 0.023836949840188044 0.07011747360229496 0.008999999612569809
v 0.02240899764001371 0.07365981489419943 0.008999999612569809
v 0.02801241911947729 0.07172435522079472 0.008999999612569809
v -0.01796511560678483 0.0718464627861977 0.008999999612569809
v -0.019944487139582648 0.07437225431203848 0.008999999612569809
v -0.026667505502700823 0.06909055262804036 0.008999999612569809
v -0.032271165400743505 0.06665757298469548 0.008999999612569809
v 0.021911429241299643 0.07244443893432621 0.008999999612569809
v 0.02223773300647737 0.073718972504139 0.008999999612569809
v 0.02157649211585523 0.07369443774223333 0.008999999612569809
v 0.02139319293200971 0.0739684477448464 0.008999999612569809
v 0.017246365547180186 0.07119444012641911 0.008999999612569809
v 0.014804561622440825 0.0705010443925858 0.008999999612569809
v 0.018161429092288028 0.07027937471866612 0.008999999612569809
v 0.016126930713653575 0.06867454946041111 0.008999999612569809
v 0.019411427900195136 0.06994443386793141 0.008999999612569809
v 0.0001221179263666273 0.07405839115381246 0.008999999612569809
v -0.0008137903641909366 0.07699626684188848 0.008999999612569809
v -0.00898978859186173 0.07351084053516393 0.008999999612569809
v -0.0053126476705074345 0.07675950229167944 0.008999999612569809
v 0.009232169017195709 0.07348079234361654 0.008999999612569809
v 0.00572743080556393 0.07678669691085821 0.008999999612569809
v 0.004030000884085896 0.07684108614921575 0.008999999612569809
v 0.012133371084928521 0.0760385394096375 0.008999999612569809
v -0.00725988950580359 0.07665702700614935 0.008999999612569809
v -0.013652465306222447 0.07578056305646902 0.008999999612569809
v -0.014577348716557036 0.07557354867458349 0.008999999612569809
v 0.018117332831025134 0.06761480867862706 0.008999999612569809
v 0.020370941609144225 0.06753736734390263 0.008999999612569809
v 0.02066142857074739 0.07027937471866612 0.008999999612569809
v 0.022429393604397788 0.06845797598361973 0.008999999612569809
v 0.02157649211585523 0.07119444012641911 0.008999999612569809
v 0.07572532445192343 -0.013952625915408143 0.008999999612569809
v 0.076825000345707 -0.005188388284295801 0.008999999612569809
v 0.0750000029802323 -0.005499999970197681 0.008999999612569809
v 0.04226313903927806 -0.06220190599560742 0.008999999612569809
v 0.04290577769279483 -0.06393820792436604 0.008999999612569809
v 0.04719471558928493 -0.0608412586152554 0.008999999612569809
v 0.05421935766935352 -0.05467413738369945 0.008999999612569809
v 0.04641347751021388 -0.0577100440859795 0.008999999612569809
v 0.041591566056013135 -0.06127643585205082 0.008999999612569809
v 0.07386273145675665 -0.005381136201322082 0.008999999612569809
v 0.07318510115146643 -0.011340229772031314 0.008999999612569809
v 0.07347661256790167 -0.02302579022943975 0.008999999612569809
v 0.07123499363660817 -0.020254269242286696 0.008999999612569809
v 0.07014504075050358 -0.031759608536958715 0.008999999612569809
v 0.06820346415042881 -0.028860826045274755 0.008999999612569809
v 0.06577970832586293 -0.04002536833286288 0.008999999612569809
v 0.06413653492927555 -0.03702924400568011 0.008999999612569809
v 0.06044493615627293 -0.04770125448703769 0.008999999612569809
v 0.0590959414839745 -0.04463551938533786 0.008999999612569809
v 0.053158208727836644 -0.05156418308615688 0.008999999612569809
v -0.023638706654310244 -0.07328172773122793 0.008999999612569809
v -0.03273686021566393 -0.0677019059658051 0.008999999612569809
v -0.03234439343214037 -0.06987731903791432 0.008999999612569809
v -0.03391922265291216 -0.06912659853696827 0.008999999612569809
v 0.032271165400743505 -0.06665757298469548 0.008999999612569809
v 0.022411266341805472 -0.07366637885570532 0.008999999612569809
v 0.03273686021566393 -0.0677019059658051 0.008999999612569809
v 0.031172607094049475 -0.07040787488222126 0.008999999612569809
v 0.03391922265291216 -0.06912659853696827 0.008999999612569809
v -0.032271165400743505 -0.06665757298469548 0.008999999612569809
v -0.026771623641252535 -0.06905027478933339 0.008999999612569809
v -0.018076786771416675 -0.07181844860315327 0.008999999612569809
v -0.014584642834961425 -0.07560613751411444 0.008999999612569809
v -0.00910752452909947 -0.07349634915590292 0.008999999612569809
v -0.005315636750310663 -0.07681629806756979 0.008999999612569809
v 1.8139098068887547e-17 -0.07405848801136022 0.008999999612569809
v 0.004031708464026454 -0.07689438015222555 0.008999999612569809
v 0.00910752452909947 -0.07349634915590292 0.008999999612569809
v 0.013319636695086965 -0.0758392214775086 0.008999999612569809
v 0.018076786771416675 -0.07181844860315327 0.008999999612569809
v 0.026771623641252535 -0.06905027478933339 0.008999999612569809
v 0.0750000029802323 0.005499999970197681 0.008999999612569809
v 0.076825000345707 0.005188388284295801 0.008999999612569809
v 0.07572532445192343 0.013952625915408143 0.008999999612569809
v 0.04290577769279483 0.06393820792436604 0.008999999612569809
v 0.04226313903927806 0.06220190599560742 0.008999999612569809
v 0.04719471558928493 0.0608412586152554 0.008999999612569809
v 0.05421935766935352 0.05467413738369945 0.008999999612569809
v 0.07386273145675665 0.005381136201322082 0.008999999612569809
v 0.07318510115146643 0.011340229772031314 0.008999999612569809
v 0.07123499363660817 0.020254269242286696 0.008999999612569809
v 0.07347661256790167 0.02302579022943975 0.008999999612569809
v 0.06820346415042881 0.028860826045274755 0.008999999612569809
v 0.07014504075050358 0.031759608536958715 0.008999999612569809
v 0.06413653492927555 0.03702924400568011 0.008999999612569809
v 0.06577970832586293 0.04002536833286288 0.008999999612569809
v 0.0590959414839745 0.04463551938533786 0.008999999612569809
v 0.06044493615627293 0.04770125448703769 0.008999999612569809
v 0.053158208727836644 0.05156418308615688 0.008999999612569809
v 0.04641347751021388 0.0577100440859795 0.008999999612569809
v 0.041591566056013135 0.06127643585205082 0.008999999612569809
v -0.08100000023841863 -0.05400000140070919 0.007499999832361937
v -0.08100000023841863 -0.030079063028097174 0.007499999832361937
v -0.07949999719858175 -0.05400000140070919 0.006000000052154064
v -0.07949999719858175 -0.030079063028097174 0.006000000052154064
v -0.08100000023841863 0.030079063028097174 0.007499999832361937
v -0.08100000023841863 0.05400000140070919 0.007499999832361937
v -0.07949999719858175 0.030079063028097174 0.006000000052154064
v -0.07949999719858175 0.05400000140070919 0.006000000052154064
v -0.08100000023841863 -0.0070668002590537115 0.004600371699780226
v -0.08100000023841863 1.5470080046732503e-16 0.003000000026077032
v -0.08096631616353994 -0.004542883951216939 0.003756979014724493
v -0.08096631616353994 -0.004542883951216939 0.003756979014724493
v -0.08094435185194021 -0.00532336346805096 0.0038480537477880716
v -0.08100000023841863 -0.0070668002590537115 0.004600371699780226
v -0.08088047057390219 -0.007593184709548955 0.0041129207238554955
v -0.08100000023841863 -0.0070668002590537115 0.004600371699780226
v -0.08088047057390219 -0.007593184709548955 0.0041129207238554955
v -0.08100000023841863 -0.010795182548463352 0.005205299239605665
v -0.08100000023841863 -0.010795182548463352 0.005205299239605665
v -0.08088047057390219 -0.007593184709548955 0.0041129207238554955
v -0.08078957349061971 -0.010822963900864131 0.004489806015044451
v -0.08100000023841863 -0.010795182548463352 0.005205299239605665
v -0.08078957349061971 -0.010822963900864131 0.004489806015044451
v -0.08078712224960333 -0.010910316370427615 0.004499999340623617
v -0.08018181473016744 -0.02188673242926599 0.005528158508241177
v -0.08100000023841863 -0.02170062065124513 0.0068512181751430035
v -0.08050341159105306 -0.016326624900102626 0.005020115524530411
v -0.08050341159105306 -0.016326624900102626 0.005020115524530411
v -0.08100000023841863 -0.02170062065124513 0.0068512181751430035
v -0.08100000023841863 -0.016486909240484248 0.0061287786811590195
v -0.08050341159105306 -0.016326624900102626 0.005020115524530411
v -0.08100000023841863 -0.016486909240484248 0.0061287786811590195
v -0.08071751892566686 -0.012624960392713555 0.004681883379817009
v -0.08071751892566686 -0.012624960392713555 0.004681883379817009
v -0.08100000023841863 -0.016486909240484248 0.0061287786811590195
v -0.08100000023841863 -0.010795182548463352 0.005205299239605665
v -0.08071751892566686 -0.012624960392713555 0.004681883379817009
v -0.08100000023841863 -0.010795182548463352 0.005205299239605665
v -0.0807590931653977 -0.011906153522431859 0.004616204183548689
v -0.0807590931653977 -0.011906153522431859 0.004616204183548689
v -0.08078712224960333 -0.010910316370427615 0.004499999340623617
v -0.08100000023841863 0.02170062065124513 0.0068512181751430035
v -0.0805892944335938 0.02179404348134996 0.006187071558088064
v -0.08100000023841863 0.012362808920443067 0.005516516976058483
v -0.08100000023841863 0.012362808920443067 0.005516516976058483
v -0.0805892944335938 0.02179404348134996 0.006187071558088064
v -0.08089815825223928 0.010847372002899654 0.004889265168458223
v -0.08100000023841863 1.5470080046732503e-16 0.003000000026077032
v -0.08100000023841863 0.004634452518075708 0.0041075958870351315
v -0.08089815825223928 0.010847372002899654 0.004889265168458223
v -0.08089815825223928 0.010847372002899654 0.004889265168458223
v -0.08100000023841863 0.004634452518075708 0.0041075958870351315
v -0.08100000023841863 0.010791790671646602 0.005230112001299858
v -0.08100000023841863 0.012362808920443067 0.005516516976058483
v -0.08091615140438085 0.007063246797770266 0.004090877249836922
v -0.08089815825223928 0.010847372002899654 0.004889265168458223
v -0.08090843260288244 0.0072563868016004614 0.004109932575374842
v -0.08090843260288244 0.0072563868016004614 0.004109932575374842
v -0.08089815825223928 0.010847372002899654 0.004889265168458223
v -0.08076579868793493 0.010827086865901954 0.00446221511811018
v -0.08091615140438085 0.007063246797770266 0.004090877249836922
v -0.08093655854463583 0.005343947093933824 0.003825341584160924
v -0.08089815825223928 0.010847372002899654 0.004889265168458223
v -0.08089815825223928 0.010847372002899654 0.004889265168458223
v -0.08093655854463583 0.005343947093933824 0.003825341584160924
v -0.08100000023841863 1.5470080046732503e-16 0.003000000026077032
v -0.08018181473016744 0.02188673242926599 0.005528158508241177
v -0.08052967488765722 0.0167380701750517 0.005045388359576464
v -0.0805892944335938 0.02179404348134996 0.006187071558088064
v -0.0805892944335938 0.02179404348134996 0.006187071558088064
v -0.08052967488765722 0.0167380701750517 0.005045388359576464
v -0.08054519444704061 0.016349639743566523 0.005007065832614899
v -0.0805892944335938 0.02179404348134996 0.006187071558088064
v -0.08054519444704061 0.016349639743566523 0.005007065832614899
v -0.08089815825223928 0.010847372002899654 0.004889265168458223
v -0.08054519444704061 0.016349639743566523 0.005007065832614899
v -0.08076240867376333 0.01091189123690129 0.004470581654459238
v -0.08089815825223928 0.010847372002899654 0.004889265168458223
v -0.08076240867376333 0.01091189123690129 0.004470581654459238
v -0.08076579868793493 0.010827086865901954 0.00446221511811018
v -0.0805892944335938 0.02179404348134996 0.006187071558088064
v -0.08100000023841863 0.02170062065124513 0.0068512181751430035
v -0.08100000023841863 0.025797987356781977 0.007314053829759359
v -0.08100000023841863 0.030079063028097174 0.007499999832361937
v -0.07949999719858175 0.030079063028097174 0.006000000052154064
v -0.07950233668088919 0.03005257062613966 0.005999126471579075
v -0.08100000023841863 0.030079063028097174 0.007499999832361937
v -0.07950233668088919 0.03005257062613966 0.005999126471579075
v -0.08100000023841863 0.025797987356781977 0.007314053829759359
v -0.08018181473016744 0.02188673242926599 0.005528158508241177
v -0.0805892944335938 0.02179404348134996 0.006187071558088064
v -0.0799947082996369 0.024291994050145167 0.005729710683226585
v -0.0799947082996369 0.024291994050145167 0.005729710683226585
v -0.0805892944335938 0.02179404348134996 0.006187071558088064
v -0.08100000023841863 0.025797987356781977 0.007314053829759359
v -0.0799947082996369 0.024291994050145167 0.005729710683226585
v -0.08100000023841863 0.025797987356781977 0.007314053829759359
v -0.0798731073737145 0.02585511282086374 0.00586069468408823
v -0.0798731073737145 0.02585511282086374 0.00586069468408823
v -0.08100000023841863 0.025797987356781977 0.007314053829759359
v -0.07950233668088919 0.03005257062613966 0.005999126471579075
v -0.08100000023841863 -0.02170062065124513 0.0068512181751430035
v -0.08018181473016744 -0.02188673242926599 0.005528158508241177
v -0.08100000023841863 -0.025959150865674036 0.007327128667384386
v -0.08100000023841863 -0.025959150865674036 0.007327128667384386
v -0.08018181473016744 -0.02188673242926599 0.005528158508241177
v -0.0799944624304772 -0.024284990504384058 0.005725852679461241
v -0.07949999719858175 -0.030079063028097174 0.006000000052154064
v -0.08100000023841863 -0.030079063028097174 0.007499999832361937
v -0.07950235158205038 -0.030052563175559065 0.005999171175062656
v -0.07950235158205038 -0.030052563175559065 0.005999171175062656
v -0.08100000023841863 -0.030079063028097174 0.007499999832361937
v -0.08100000023841863 -0.025959150865674036 0.007327128667384386
v -0.07950235158205038 -0.030052563175559065 0.005999171175062656
v -0.08100000023841863 -0.025959150865674036 0.007327128667384386
v -0.07985249161720281 -0.026102265343070048 0.005875654984265566
v -0.07985249161720281 -0.026102265343070048 0.005875654984265566
v -0.08100000023841863 -0.05575000122189525 0.007968910969793797
v -0.08100000023841863 -0.05400000140070919 0.007499999832361937
v -0.07949999719858175 -0.05400000140070919 0.006000000052154064
v -0.07949999719858175 -0.05569192022085193 0.006453348323702812
v -0.07949999719858175 -0.056499999016523396 0.006669872906059027
v -0.08100000023841863 -0.05575000122189525 0.007968910969793797
v -0.07949999719858175 -0.056499999016523396 0.006669872906059027
v -0.08100000023841863 -0.05703108757734302 0.00925000011920929
v -0.07949999719858175 -0.057415064424276394 0.007584936451166868
v -0.07949999719858175 -0.05900000035762791 0.010999999940395355
v -0.08100000023841863 -0.057500001043081325 0.010999999940395355
v -0.07949999719858175 -0.05854665115475659 0.00930808112025261
v -0.08100000023841863 -0.05703108757734302 0.00925000011920929
v -0.07949999719858175 -0.058330126106739086 0.008500000461935997
v -0.07949999719858175 -0.058330126106739086 0.008500000461935997
v -0.07949999719858175 -0.05400000140070919 0.006000000052154064
v -0.07949999719858175 -0.030079063028097174 0.006000000052154064
v -0.07685045897960668 -0.03631916269659998 0.006000000052154064
v -0.07543607801198965 -0.03902652487158778 0.006000000052154064
v -0.07371260225772863 -0.04232555255293849 0.006000000052154064
v -0.070446789264679 -0.04752255976200107 0.006000000052154064
v -0.07010635733604435 -0.0480642952024937 0.006000000052154064
v -0.06627905368804936 -0.053217396140098606 0.006000000052154064
v -0.06564297527074818 -0.05400000140070919 0.006000000052154064
v -0.07949999719858175 0.05400000140070919 0.006000000052154064
v -0.06564297527074818 0.05400000140070919 0.006000000052154064
v -0.06973796337842945 0.04859722778201107 0.006000000052154064
v -0.07043126225471501 0.047512430697679554 0.006000000052154064
v -0.07338729500770574 0.04288712516427043 0.006000000052154064
v -0.07544077932834631 0.03902844712138179 0.006000000052154064
v -0.07657142728567129 0.03690386191010478 0.006000000052154064
v -0.0791375562548638 0.03102017939090731 0.006000000052154064
v -0.07949999719858175 0.030079063028097174 0.006000000052154064
v -0.08100000023841863 -0.016486909240484248 0.0061287786811590195
v -0.08100000023841863 -0.02170062065124513 0.0068512181751430035
v -0.08100000023841863 -0.05400000140070919 0.05849999934434891
v -0.08100000023841863 -0.025959150865674036 0.007327128667384386
v -0.08100000023841863 -0.030079063028097174 0.007499999832361937
v -0.08100000023841863 -0.05575000122189525 0.007968910969793797
v -0.08100000023841863 -0.05703108757734302 0.00925000011920929
v -0.08100000023841863 -0.05400000140070919 0.007499999832361937
v -0.08100000023841863 -0.057500001043081325 0.010999999940395355
v -0.08100000023841863 -0.05703108757734302 0.05674999952316284
v -0.08100000023841863 -0.05575000122189525 0.05803108960390091
v -0.08100000023841863 -0.057500001043081325 0.054999999701976776
v -0.08100000023841863 0.057500001043081325 0.010999999940395355
v -0.08100000023841863 0.05703108757734302 0.00925000011920929
v -0.08100000023841863 0.05575000122189525 0.007968910969793797
v -0.08100000023841863 0.030079063028097174 0.007499999832361937
v -0.08100000023841863 0.025797987356781977 0.007314053829759359
v -0.08100000023841863 0.05400000140070919 0.05849999934434891
v -0.08100000023841863 0.02170062065124513 0.0068512181751430035
v -0.08100000023841863 0.012362808920443067 0.005516516976058483
v -0.08100000023841863 0.010791790671646602 0.005230112001299858
v -0.08100000023841863 0.004634452518075708 0.0041075958870351315
v -0.08100000023841863 0.05575000122189525 0.05803108960390091
v -0.08100000023841863 0.05703108757734302 0.05674999952316284
v -0.08100000023841863 0.057500001043081325 0.054999999701976776
v -0.08100000023841863 0.05400000140070919 0.007499999832361937
v -0.08100000023841863 -0.010795182548463352 0.005205299239605665
v -0.08100000023841863 -0.0070668002590537115 0.004600371699780226
v -0.08100000023841863 1.5470080046732503e-16 0.003000000026077032
v -0.08100000023841863 0.057500001043081325 0.010999999940395355
v -0.07949999719858175 0.05900000035762791 0.010999999940395355
v -0.08100000023841863 0.05703108757734302 0.00925000011920929
v -0.07949999719858175 0.05854665115475659 0.00930808112025261
v -0.07949999719858175 0.058330126106739086 0.008500000461935997
v -0.08100000023841863 0.05703108757734302 0.00925000011920929
v -0.07949999719858175 0.058330126106739086 0.008500000461935997
v -0.07949999719858175 0.057415064424276394 0.007584936451166868
v -0.08100000023841863 0.05575000122189525 0.007968910969793797
v -0.07949999719858175 0.05400000140070919 0.006000000052154064
v -0.08100000023841863 0.05400000140070919 0.007499999832361937
v -0.07949999719858175 0.05569192022085193 0.006453348323702812
v -0.08100000023841863 0.05575000122189525 0.007968910969793797
v -0.07949999719858175 0.056499999016523396 0.006669872906059027
v -0.07949999719858175 0.056499999016523396 0.006669872906059027
v -0.07927139848470693 -0.021638220176100745 0.0048284269869327545
v -0.07933481782674795 -0.021655531600117697 0.00487716868519783
v -0.08023583143949514 -0.016269121319055568 0.00465075159445405
v -0.08100000023841863 1.5470080046732503e-16 0.003000000026077032
v -0.08091686666011816 -0.0034374920651316664 0.0029329881072044373
v -0.08096631616353994 -0.004542883951216939 0.003756979014724493
v -0.08090531080961233 -0.003915420733392241 0.002923671156167984
v -0.08096631616353994 -0.004542883951216939 0.003756979014724493
v -0.08090531080961233 -0.003915420733392241 0.002923671156167984
v -0.08094435185194021 -0.00532336346805096 0.0038480537477880716
v -0.08094435185194021 -0.00532336346805096 0.0038480537477880716
v -0.08090531080961233 -0.003915420733392241 0.002923671156167984
v -0.08078789710998541 -0.005289420019835237 0.0028480535838752985
v -0.08094435185194021 -0.00532336346805096 0.0038480537477880716
v -0.08078789710998541 -0.005289420019835237 0.0028480535838752985
v -0.08088047057390219 -0.007593184709548955 0.0041129207238554955
v -0.08088047057390219 -0.007593184709548955 0.0041129207238554955
v -0.08078789710998541 -0.005289420019835237 0.0028480535838752985
v -0.08039654046297079 -0.009868953377008445 0.0025960204657167196
v -0.08088047057390219 -0.007593184709548955 0.0041129207238554955
v -0.08039654046297079 -0.009868953377008445 0.0025960204657167196
v -0.0805602446198464 -0.010767761617898948 0.0039957198314368725
v -0.0807590931653977 -0.011906153522431859 0.004616204183548689
v -0.08078712224960333 -0.010910316370427615 0.004499999340623617
v -0.0805602446198464 -0.010767761617898948 0.0039957198314368725
v -0.0805602446198464 -0.010767761617898948 0.0039957198314368725
v -0.08078712224960333 -0.010910316370427615 0.004499999340623617
v -0.08078957349061971 -0.010822963900864131 0.004489806015044451
v -0.0805602446198464 -0.010767761617898948 0.0039957198314368725
v -0.08078957349061971 -0.010822963900864131 0.004489806015044451
v -0.08088047057390219 -0.007593184709548955 0.0041129207238554955
v -0.0805602446198464 -0.010767761617898948 0.0039957198314368725
v -0.07976498454809194 -0.01613944396376611 0.0038688243366777897
v -0.08023583143949514 -0.016269121319055568 0.00465075159445405
v -0.0807590931653977 -0.011906153522431859 0.004616204183548689
v -0.0805602446198464 -0.010767761617898948 0.0039957198314368725
v -0.08071751892566686 -0.012624960392713555 0.004681883379817009
v -0.08071751892566686 -0.012624960392713555 0.004681883379817009
v -0.0805602446198464 -0.010767761617898948 0.0039957198314368725
v -0.08023583143949514 -0.016269121319055568 0.00465075159445405
v -0.08071751892566686 -0.012624960392713555 0.004681883379817009
v -0.08023583143949514 -0.016269121319055568 0.00465075159445405
v -0.08050341159105306 -0.016326624900102626 0.005020115524530411
v -0.08050341159105306 -0.016326624900102626 0.005020115524530411
v -0.08023583143949514 -0.016269121319055568 0.00465075159445405
v -0.07933481782674795 -0.021655531600117697 0.00487716868519783
v -0.08050341159105306 -0.016326624900102626 0.005020115524530411
v -0.07933481782674795 -0.021655531600117697 0.00487716868519783
v -0.08018181473016744 -0.02188673242926599 0.005528158508241177
v -0.08039654046297079 -0.009868953377008445 0.0025960204657167196
v -0.08026655018329626 -0.010683080181479461 0.002539871959015727
v -0.0805602446198464 -0.010767761617898948 0.0039957198314368725
v -0.07947234064340597 -0.015657173469662677 0.0021968185901641846
v -0.0805602446198464 -0.010767761617898948 0.0039957198314368725
v -0.07947234064340597 -0.015657173469662677 0.0021968185901641846
v -0.07976498454809194 -0.01613944396376611 0.0038688243366777897
v -0.07976498454809194 -0.01613944396376611 0.0038688243366777897
v -0.07947234064340597 -0.015657173469662677 0.0021968185901641846
v -0.07938298583030706 -0.01603795774281026 0.0021836066152900457
v -0.07914405316114431 -0.017056122422218333 0.0021482794545590878
v -0.07927139848470693 -0.021638220176100745 0.0048284269869327545
v -0.08023583143949514 -0.016269121319055568 0.00465075159445405
v -0.07873216271400457 -0.021491028368473067 0.003955240361392498
v -0.07873216271400457 -0.021491028368473067 0.003955240361392498
v -0.08023583143949514 -0.016269121319055568 0.00465075159445405
v -0.07976498454809194 -0.01613944396376611 0.0038688243366777897
v -0.07873216271400457 -0.021491028368473067 0.003955240361392498
v -0.07976498454809194 -0.01613944396376611 0.0038688243366777897
v -0.0783796831965447 -0.02139481529593469 0.0033844681456685066
v -0.0783796831965447 -0.02139481529593469 0.0033844681456685066
v -0.07976498454809194 -0.01613944396376611 0.0038688243366777897
v -0.07914405316114431 -0.017056122422218333 0.0021482794545590878
v -0.0783796831965447 -0.02139481529593469 0.0033844681456685066
v -0.07914405316114431 -0.017056122422218333 0.0021482794545590878
v -0.07814117521047598 -0.02132971026003362 0.0020000000949949026
v -0.08078031241893774 0.005961675662547354 0.0028330606874078512
v -0.08080424368381506 0.005312183871865276 0.002851247787475586
v -0.08093655854463583 0.005343947093933824 0.003825341584160924
v -0.08100000023841863 1.5470080046732503e-16 0.003000000026077032
v -0.08091615140438085 0.007063246797770266 0.004090877249836922
v -0.08078031241893774 0.005961675662547354 0.0028330606874078512
v -0.08091615140438085 0.007063246797770266 0.004090877249836922
v -0.08090843260288244 0.0072563868016004614 0.004109932575374842
v -0.08078031241893774 0.005961675662547354 0.0028330606874078512
v -0.08090843260288244 0.0072563868016004614 0.004109932575374842
v -0.08029509335756307 0.010282957926392562 0.0025549924466758966
v -0.07933378964662557 0.016027966514229785 0.0022041930351406336
v -0.0800908654928208 0.012101793661713609 0.0024379531387239695
v -0.0805583149194718 0.01078400760889054 0.003995217382907867
v -0.0805583149194718 0.01078400760889054 0.003995217382907867
v -0.0800908654928208 0.012101793661713609 0.0024379531387239695
v -0.0802485346794129 0.01069762837141753 0.0025283091235905886
v -0.08029509335756307 0.010282957926392562 0.0025549924466758966
v -0.07976560294628149 0.01613747514784337 0.003868354484438896
v -0.07873216271400457 0.021491028368473067 0.003955240361392498
v -0.0783796831965447 0.02139481529593469 0.0033844681456685066
v -0.0783796831965447 0.02139481529593469 0.0033844681456685066
v -0.07814117521047598 0.02132971026003362 0.0020000000949949026
v -0.07976560294628149 0.01613747514784337 0.003868354484438896
v -0.07976560294628149 0.01613747514784337 0.003868354484438896
v -0.07814117521047598 0.02132971026003362 0.0020000000949949026
v -0.07884822785854345 0.018546085804700865 0.0020542670972645283
v -0.07976560294628149 0.01613747514784337 0.003868354484438896
v -0.07884822785854345 0.018546085804700865 0.0020542670972645283
v -0.07933378964662557 0.016027966514229785 0.0022041930351406336
v -0.08029509335756307 0.010282957926392562 0.0025549924466758966
v -0.08090843260288244 0.0072563868016004614 0.004109932575374842
v -0.0805583149194718 0.01078400760889054 0.003995217382907867
v -0.0805583149194718 0.01078400760889054 0.003995217382907867
v -0.08090843260288244 0.0072563868016004614 0.004109932575374842
v -0.08076579868793493 0.010827086865901954 0.00446221511811018
v -0.0805583149194718 0.01078400760889054 0.003995217382907867
v -0.08076579868793493 0.010827086865901954 0.00446221511811018
v -0.08076240867376333 0.01091189123690129 0.004470581654459238
v -0.07933378964662557 0.016027966514229785 0.0022041930351406336
v -0.0805583149194718 0.01078400760889054 0.003995217382907867
v -0.07976560294628149 0.01613747514784337 0.003868354484438896
v -0.07976560294628149 0.01613747514784337 0.003868354484438896
v -0.0805583149194718 0.01078400760889054 0.003995217382907867
v -0.08076240867376333 0.01091189123690129 0.004470581654459238
v -0.07976560294628149 0.01613747514784337 0.003868354484438896
v -0.08076240867376333 0.01091189123690129 0.004470581654459238
v -0.08023633062839514 0.016267165541648875 0.004650265444070101
v -0.08023633062839514 0.016267165541648875 0.004650265444070101
v -0.08076240867376333 0.01091189123690129 0.004470581654459238
v -0.08054519444704061 0.016349639743566523 0.005007065832614899
v -0.08052967488765722 0.0167380701750517 0.005045388359576464
v -0.07927139848470693 0.021638220176100745 0.0048284269869327545
v -0.07927139848470693 0.021638220176100745 0.0048284269869327545
v -0.07976560294628149 0.01613747514784337 0.003868354484438896
v -0.08023633062839514 0.016267165541648875 0.004650265444070101
v -0.07927139848470693 0.021638220176100745 0.0048284269869327545
v -0.08023633062839514 0.016267165541648875 0.004650265444070101
v -0.07933481782674795 0.021655531600117697 0.00487716868519783
v -0.07933481782674795 0.021655531600117697 0.00487716868519783
v -0.08023633062839514 0.016267165541648875 0.004650265444070101
v -0.08052967488765722 0.0167380701750517 0.005045388359576464
v -0.07933481782674795 0.021655531600117697 0.00487716868519783
v -0.08052967488765722 0.0167380701750517 0.005045388359576464
v -0.08018181473016744 0.02188673242926599 0.005528158508241177
v -0.06451035290956501 0.05306826904416088 0.00570018170401454
v -0.06345866620540623 0.05220311507582668 0.0048284269869327545
v -0.06812120974063877 0.045952893793582944 0.0048284269869327545
v -0.06277649849653248 0.051641944795846974 0.0034485324285924435
v -0.06274482607841496 0.05161589011549953 0.0033844681456685066
v -0.06735491752624516 0.04543597623705867 0.0033844681456685066
v -0.07737355679273611 0.02369398623704912 0.0020000000949949026
v -0.07814117521047598 0.02132971026003362 0.0020000000949949026
v -0.0783796831965447 0.02139481529593469 0.0033844681456685066
v -0.07873216271400457 0.021491028368473067 0.003955240361392498
v -0.07927139848470693 0.021638220176100745 0.0048284269869327545
v -0.07686340808868414 0.029054835438728353 0.0048284269869327545
v -0.07686340808868414 0.029054835438728353 0.0048284269869327545
v -0.07927139848470693 0.021638220176100745 0.0048284269869327545
v -0.07933481782674795 0.021655531600117697 0.00487716868519783
v -0.0757675170898438 0.028640583157539385 0.0020000000949949026
v -0.07599878311157232 0.028728000819683096 0.0033844681456685066
v -0.0757675170898438 0.028640583157539385 0.0020000000949949026
v -0.07599878311157232 0.028728000819683096 0.0033844681456685066
v -0.07228624820709233 0.03644833713769915 0.0020000000949949026
v -0.07216203957796101 0.0373330004513264 0.0033844681456685066
v -0.07194245606660847 0.0372193977236748 0.0020000000949949026
v -0.07194245606660847 0.0372193977236748 0.0020000000949949026
v -0.07216203957796101 0.0373330004513264 0.0033844681456685066
v -0.06735491752624516 0.04543597623705867 0.0033844681456685066
v -0.06714995950460438 0.04529771581292155 0.0020000000949949026
v -0.06274482607841496 0.05161589011549953 0.0033844681456685066
v -0.06255389004945759 0.05145882442593578 0.0020000000949949026
v -0.06735491752624516 0.04543597623705867 0.0033844681456685066
v -0.06505119055509571 0.04811114817857746 0.0020000000949949026
v -0.06714995950460438 0.04529771581292155 0.0020000000949949026
v -0.06564297527074818 0.05400000140070919 0.006000000052154064
v -0.06457378715276722 0.05312045663595203 0.0057527655735611916
v -0.06973796337842945 0.04859722778201107 0.006000000052154064
v -0.06973796337842945 0.04859722778201107 0.006000000052154064
v -0.06457378715276722 0.05312045663595203 0.0057527655735611916
v -0.06931826472282414 0.04676040261983874 0.0057527655735611916
v -0.06973796337842945 0.04859722778201107 0.006000000052154064
v -0.06931826472282414 0.04676040261983874 0.0057527655735611916
v -0.07043126225471501 0.047512430697679554 0.006000000052154064
v -0.07338729500770574 0.04288712516427043 0.006000000052154064
v -0.07338729500770574 0.04288712516427043 0.006000000052154064
v -0.06931826472282414 0.04676040261983874 0.0057527655735611916
v -0.07426550984382635 0.03842123225331309 0.0057527655735611916
v -0.07338729500770574 0.04288712516427043 0.006000000052154064
v -0.07426550984382635 0.03842123225331309 0.0057527655735611916
v -0.07544077932834631 0.03902844712138179 0.006000000052154064
v -0.07949999719858175 0.030079063028097174 0.006000000052154064
v -0.0791375562548638 0.03102017939090731 0.006000000052154064
v -0.07821409404277807 0.029565401375293753 0.0057527655735611916
v -0.07821409404277807 0.029565401375293753 0.0057527655735611916
v -0.0791375562548638 0.03102017939090731 0.006000000052154064
v -0.07426550984382635 0.03842123225331309 0.0057527655735611916
v -0.07426550984382635 0.03842123225331309 0.0057527655735611916
v -0.0791375562548638 0.03102017939090731 0.006000000052154064
v -0.07657142728567129 0.03690386191010478 0.006000000052154064
v -0.07657142728567129 0.03690386191010478 0.006000000052154064
v -0.0799947082996369 0.024291994050145167 0.005729710683226585
v -0.0798731073737145 0.02585511282086374 0.00586069468408823
v -0.07821409404277807 0.029565401375293753 0.0057527655735611916
v -0.07821409404277807 0.029565401375293753 0.0057527655735611916
v -0.0798731073737145 0.02585511282086374 0.00586069468408823
v -0.07950233668088919 0.03005257062613966 0.005999126471579075
v -0.07949999719858175 0.030079063028097174 0.006000000052154064
v -0.06457378715276722 0.05312045663595203 0.0057527655735611916
v -0.06931826472282414 0.04676040261983874 0.0057527655735611916
v -0.06931826472282414 0.04676040261983874 0.0057527655735611916
v -0.06812120974063877 0.045952893793582944 0.0048284269869327545
v -0.07426550984382635 0.03842123225331309 0.0057527655735611916
v -0.07298301905393606 0.037757731974124936 0.0048284269869327545
v -0.07426550984382635 0.03842123225331309 0.0057527655735611916
v -0.07298301905393606 0.037757731974124936 0.0048284269869327545
v -0.07821409404277807 0.029565401375293753 0.0057527655735611916
v -0.07686340808868414 0.029054835438728353 0.0048284269869327545
v -0.07821409404277807 0.029565401375293753 0.0057527655735611916
v -0.07686340808868414 0.029054835438728353 0.0048284269869327545
v -0.0799947082996369 0.024291994050145167 0.005729710683226585
v -0.0799947082996369 0.024291994050145167 0.005729710683226585
v -0.07686340808868414 0.029054835438728353 0.0048284269869327545
v -0.07933481782674795 0.021655531600117697 0.00487716868519783
v -0.0799947082996369 0.024291994050145167 0.005729710683226585
v -0.07933481782674795 0.021655531600117697 0.00487716868519783
v -0.08018181473016744 0.02188673242926599 0.005528158508241177
v -0.0783796831965447 0.02139481529593469 0.0033844681456685066
v -0.07599878311157232 0.028728000819683096 0.0033844681456685066
v -0.07599878311157232 0.028728000819683096 0.0033844681456685066
v -0.07686340808868414 0.029054835438728353 0.0048284269869327545
v -0.07216203957796101 0.0373330004513264 0.0033844681456685066
v -0.07298301905393606 0.037757731974124936 0.0048284269869327545
v -0.07216203957796101 0.0373330004513264 0.0033844681456685066
v -0.07298301905393606 0.037757731974124936 0.0048284269869327545
v -0.06735491752624516 0.04543597623705867 0.0033844681456685066
v -0.06812120974063877 0.045952893793582944 0.0048284269869327545
v -0.06735491752624516 0.04543597623705867 0.0033844681456685066
v -0.06812120974063877 0.045952893793582944 0.0048284269869327545
v -0.06277649849653248 0.051641944795846974 0.0034485324285924435
v -0.06345866620540623 0.05220311507582668 0.0048284269869327545
v -0.05871697887778286 -0.0575550459325314 0.007111264858394861
v -0.05872013419866566 -0.05755574256181721 0.007113519124686718
v -0.06005811691284184 -0.05647875368595127 0.006425316911190748
v -0.06150070577859883 -0.05658686533570293 0.00672119902446866
v -0.06248511373996739 -0.055989678949117695 0.006486494094133377
v -0.06152137741446499 -0.05539937689900402 0.00593016529455781
v -0.05822611600160603 -0.0563091412186623 0.003561391495168209
v -0.05807350575923924 -0.05646276846528057 0.003704696660861373
v -0.05851595103740696 -0.056233890354633366 0.0046865553595125675
v -0.06162083148956303 -0.05257255211472515 0.0020712553523480892
v -0.06105761229991917 -0.053211342543363606 0.0022372319363057613
v -0.061351705342531246 -0.053245738148689305 0.0035284131299704313
v -0.06079642474651341 -0.0535075701773167 0.002314201323315501
v -0.059876281768083614 -0.05455117672681812 0.002585361246019602
v -0.06295411288738255 -0.055705163627862965 0.006374674383550882
v -0.06407146900892262 -0.05502732843160633 0.006108271423727274
v -0.06302998960018162 -0.05425227805972103 0.005696798674762249
v -0.06302998960018162 -0.05425227805972103 0.005696798674762249
v -0.06407146900892262 -0.05502732843160633 0.006108271423727274
v -0.06408574432134632 -0.0550186671316624 0.006104867905378342
v -0.06564297527074818 -0.05400000140070919 0.006000000052154064
v -0.06457378715276722 -0.05312045663595203 0.0057527655735611916
v -0.06430661678314213 -0.05487807840108875 0.0060777063481509686
v -0.06430661678314213 -0.05487807840108875 0.0060777063481509686
v -0.06457378715276722 -0.05312045663595203 0.0057527655735611916
v -0.06302998960018162 -0.05425227805972103 0.005696798674762249
v -0.06430661678314213 -0.05487807840108875 0.0060777063481509686
v -0.06302998960018162 -0.05425227805972103 0.005696798674762249
v -0.06411068141460423 -0.05500285699963573 0.006101605016738176
v -0.06411068141460423 -0.05500285699963573 0.006101605016738176
v -0.06302998960018162 -0.05425227805972103 0.005696798674762249
v -0.06408574432134632 -0.0550186671316624 0.006104867905378342
v -0.06150070577859883 -0.05658686533570293 0.00672119902446866
v -0.06152137741446499 -0.05539937689900402 0.00593016529455781
v -0.06094656512141232 -0.05690161511301998 0.006982260383665562
v -0.06094656512141232 -0.05690161511301998 0.006982260383665562
v -0.06152137741446499 -0.05539937689900402 0.00593016529455781
v -0.06005811691284184 -0.05647875368595127 0.006425316911190748
v -0.06094656512141232 -0.05690161511301998 0.006982260383665562
v -0.06005811691284184 -0.05647875368595127 0.006425316911190748
v -0.05986912548542027 -0.05751360207796101 0.007489853072911501
v -0.05986912548542027 -0.05751360207796101 0.007489853072911501
v -0.06005811691284184 -0.05647875368595127 0.006425316911190748
v -0.05872013419866566 -0.05755574256181721 0.007113519124686718
v -0.05986912548542027 -0.05751360207796101 0.007489853072911501
v -0.05872013419866566 -0.05755574256181721 0.007113519124686718
v -0.059493813663721126 -0.05772678181529049 0.007666666526347399
v -0.057894550263881725 -0.057373233139514965 0.00652326550334692
v -0.05920594185590748 -0.05623051896691326 0.005643914919346571
v -0.05728418752551082 -0.057616330683231395 0.005748762749135494
v -0.05728418752551082 -0.057616330683231395 0.005748762749135494
v -0.05920594185590748 -0.05623051896691326 0.005643914919346571
v -0.05851595103740696 -0.056233890354633366 0.0046865553595125675
v -0.05728418752551082 -0.057616330683231395 0.005748762749135494
v -0.05851595103740696 -0.056233890354633366 0.0046865553595125675
v -0.05727700889110569 -0.057619187980890316 0.005739656277000904
v -0.05727700889110569 -0.057619187980890316 0.005739656277000904
v -0.05851595103740696 -0.056233890354633366 0.0046865553595125675
v -0.05807350575923924 -0.05646276846528057 0.003704696660861373
v -0.05727700889110569 -0.057619187980890316 0.005739656277000904
v -0.05807350575923924 -0.05646276846528057 0.003704696660861373
v -0.056694105267524754 -0.05785134807229046 0.004999999888241291
v -0.05920594185590748 -0.05623051896691326 0.005643914919346571
v -0.060604490339756054 -0.05495892837643627 0.005063605960458517
v -0.05851595103740696 -0.056233890354633366 0.0046865553595125675
v -0.05851595103740696 -0.056233890354633366 0.0046865553595125675
v -0.060604490339756054 -0.05495892837643627 0.005063605960458517
v -0.0599136166274548 -0.05479526147246364 0.003936484456062317
v -0.05851595103740696 -0.056233890354633366 0.0046865553595125675
v -0.0599136166274548 -0.05479526147246364 0.003936484456062317
v -0.05822611600160603 -0.0563091412186623 0.003561391495168209
v -0.05822611600160603 -0.0563091412186623 0.003561391495168209
v -0.0599136166274548 -0.05479526147246364 0.003936484456062317
v -0.059547778218984646 -0.05490114167332653 0.0027796621434390545
v -0.06255389004945759 -0.05145882442593578 0.0020000000949949026
v -0.06162083148956303 -0.05257255211472515 0.0020712553523480892
v -0.06274482607841496 -0.05161589011549953 0.0033844681456685066
v -0.06274482607841496 -0.05161589011549953 0.0033844681456685066
v -0.06162083148956303 -0.05257255211472515 0.0020712553523480892
v -0.061351705342531246 -0.053245738148689305 0.0035284131299704313
v -0.06274482607841496 -0.05161589011549953 0.0033844681456685066
v -0.061351705342531246 -0.053245738148689305 0.0035284131299704313
v -0.06278284639120106 -0.05164716765284542 0.0034613804891705513
v -0.06278284639120106 -0.05164716765284542 0.0034613804891705513
v -0.061351705342531246 -0.053245738148689305 0.0035284131299704313
v -0.06204434111714367 -0.05360164120793346 0.004791748709976673
v -0.06278284639120106 -0.05164716765284542 0.0034613804891705513
v -0.06204434111714367 -0.05360164120793346 0.004791748709976673
v -0.06345866620540623 -0.05220311507582668 0.0048284269869327545
v -0.06345866620540623 -0.05220311507582668 0.0048284269869327545
v -0.06204434111714367 -0.05360164120793346 0.004791748709976673
v -0.06452991068363194 -0.053084354847669636 0.0057163904421031475
v -0.06457378715276722 -0.05312045663595203 0.0057527655735611916
v -0.06452991068363194 -0.053084354847669636 0.0057163904421031475
v -0.06302998960018162 -0.05425227805972103 0.005696798674762249
v -0.06302998960018162 -0.05425227805972103 0.005696798674762249
v -0.06452991068363194 -0.053084354847669636 0.0057163904421031475
v -0.06204434111714367 -0.05360164120793346 0.004791748709976673
v -0.06302998960018162 -0.05425227805972103 0.005696798674762249
v -0.06204434111714367 -0.05360164120793346 0.004791748709976673
v -0.060604490339756054 -0.05495892837643627 0.005063605960458517
v -0.060604490339756054 -0.05495892837643627 0.005063605960458517
v -0.06204434111714367 -0.05360164120793346 0.004791748709976673
v -0.061351705342531246 -0.053245738148689305 0.0035284131299704313
v -0.060604490339756054 -0.05495892837643627 0.005063605960458517
v -0.061351705342531246 -0.053245738148689305 0.0035284131299704313
v -0.0599136166274548 -0.05479526147246364 0.003936484456062317
v -0.0599136166274548 -0.05479526147246364 0.003936484456062317
v -0.061351705342531246 -0.053245738148689305 0.0035284131299704313
v -0.059876281768083614 -0.05455117672681812 0.002585361246019602
v -0.059876281768083614 -0.05455117672681812 0.002585361246019602
v -0.057894550263881725 -0.057373233139514965 0.00652326550334692
v -0.05871697887778286 -0.0575550459325314 0.007111264858394861
v -0.05920594185590748 -0.05623051896691326 0.005643914919346571
v -0.05920594185590748 -0.05623051896691326 0.005643914919346571
v -0.05871697887778286 -0.0575550459325314 0.007111264858394861
v -0.06005811691284184 -0.05647875368595127 0.006425316911190748
v -0.05920594185590748 -0.05623051896691326 0.005643914919346571
v -0.06005811691284184 -0.05647875368595127 0.006425316911190748
v -0.060604490339756054 -0.05495892837643627 0.005063605960458517
v -0.060604490339756054 -0.05495892837643627 0.005063605960458517
v -0.06005811691284184 -0.05647875368595127 0.006425316911190748
v -0.06152137741446499 -0.05539937689900402 0.00593016529455781
v -0.060604490339756054 -0.05495892837643627 0.005063605960458517
v -0.06152137741446499 -0.05539937689900402 0.00593016529455781
v -0.06302998960018162 -0.05425227805972103 0.005696798674762249
v -0.06302998960018162 -0.05425227805972103 0.005696798674762249
v -0.06152137741446499 -0.05539937689900402 0.00593016529455781
v -0.06248511373996739 -0.055989678949117695 0.006486494094133377
v -0.06248511373996739 -0.055989678949117695 0.006486494094133377
v -0.07933481782674795 -0.021655531600117697 0.00487716868519783
v -0.07927139848470693 -0.021638220176100745 0.0048284269869327545
v -0.07686340808868414 -0.029054835438728353 0.0048284269869327545
v -0.07873216271400457 -0.021491028368473067 0.003955240361392498
v -0.0783796831965447 -0.02139481529593469 0.0033844681456685066
v -0.07599878311157232 -0.028728000819683096 0.0033844681456685066
v -0.06278284639120106 -0.05164716765284542 0.0034613804891705513
v -0.06345866620540623 -0.05220311507582668 0.0048284269869327545
v -0.06812120974063877 -0.045952893793582944 0.0048284269869327545
v -0.07949999719858175 -0.030079063028097174 0.006000000052154064
v -0.07821409404277807 -0.029565401375293753 0.0057527655735611916
v -0.07685045897960668 -0.03631916269659998 0.006000000052154064
v -0.07685045897960668 -0.03631916269659998 0.006000000052154064
v -0.07821409404277807 -0.029565401375293753 0.0057527655735611916
v -0.07426550984382635 -0.03842123225331309 0.0057527655735611916
v -0.07685045897960668 -0.03631916269659998 0.006000000052154064
v -0.07426550984382635 -0.03842123225331309 0.0057527655735611916
v -0.07543607801198965 -0.03902652487158778 0.006000000052154064
v -0.06564297527074818 -0.05400000140070919 0.006000000052154064
v -0.06627905368804936 -0.053217396140098606 0.006000000052154064
v -0.06457378715276722 -0.05312045663595203 0.0057527655735611916
v -0.06457378715276722 -0.05312045663595203 0.0057527655735611916
v -0.06627905368804936 -0.053217396140098606 0.006000000052154064
v -0.06931826472282414 -0.04676040261983874 0.0057527655735611916
v -0.06457378715276722 -0.05312045663595203 0.0057527655735611916
v -0.06931826472282414 -0.04676040261983874 0.0057527655735611916
v -0.06452991068363194 -0.053084354847669636 0.0057163904421031475
v -0.06627905368804936 -0.053217396140098606 0.006000000052154064
v -0.07010635733604435 -0.0480642952024937 0.006000000052154064
v -0.06931826472282414 -0.04676040261983874 0.0057527655735611916
v -0.06931826472282414 -0.04676040261983874 0.0057527655735611916
v -0.07010635733604435 -0.0480642952024937 0.006000000052154064
v -0.070446789264679 -0.04752255976200107 0.006000000052154064
v -0.06931826472282414 -0.04676040261983874 0.0057527655735611916
v -0.070446789264679 -0.04752255976200107 0.006000000052154064
v -0.07426550984382635 -0.03842123225331309 0.0057527655735611916
v -0.07426550984382635 -0.03842123225331309 0.0057527655735611916
v -0.070446789264679 -0.04752255976200107 0.006000000052154064
v -0.07371260225772863 -0.04232555255293849 0.006000000052154064
v -0.07371260225772863 -0.04232555255293849 0.006000000052154064
v -0.06255389004945759 -0.05145882442593578 0.0020000000949949026
v -0.06274482607841496 -0.05161589011549953 0.0033844681456685066
v -0.06714995950460438 -0.04529771581292155 0.0020000000949949026
v -0.06735491752624516 -0.04543597623705867 0.0033844681456685066
v -0.06714995950460438 -0.04529771581292155 0.0020000000949949026
v -0.06735491752624516 -0.04543597623705867 0.0033844681456685066
v -0.06886609643697743 -0.0424049608409405 0.0020000000949949026
v -0.07194245606660847 -0.0372193977236748 0.0020000000949949026
v -0.07216203957796101 -0.0373330004513264 0.0033844681456685066
v -0.07194245606660847 -0.0372193977236748 0.0020000000949949026
v -0.07216203957796101 -0.0373330004513264 0.0033844681456685066
v -0.07508610188961035 -0.030168864876031896 0.0020000000949949026
v -0.07599878311157232 -0.028728000819683096 0.0033844681456685066
v -0.0757675170898438 -0.028640583157539385 0.0020000000949949026
v -0.0757675170898438 -0.028640583157539385 0.0020000000949949026
v -0.07599878311157232 -0.028728000819683096 0.0033844681456685066
v -0.0783796831965447 -0.02139481529593469 0.0033844681456685066
v -0.07814117521047598 -0.02132971026003362 0.0020000000949949026
v -0.07949999719858175 -0.030079063028097174 0.006000000052154064
v -0.07950235158205038 -0.030052563175559065 0.005999171175062656
v -0.07821409404277807 -0.029565401375293753 0.0057527655735611916
v -0.07821409404277807 -0.029565401375293753 0.0057527655735611916
v -0.07950235158205038 -0.030052563175559065 0.005999171175062656
v -0.07985249161720281 -0.026102265343070048 0.005875654984265566
v -0.07821409404277807 -0.029565401375293753 0.0057527655735611916
v -0.07985249161720281 -0.026102265343070048 0.005875654984265566
v -0.0799944624304772 -0.024284990504384058 0.005725852679461241
v -0.06345866620540623 -0.05220311507582668 0.0048284269869327545
v -0.06452991068363194 -0.053084354847669636 0.0057163904421031475
v -0.06812120974063877 -0.045952893793582944 0.0048284269869327545
v -0.06931826472282414 -0.04676040261983874 0.0057527655735611916
v -0.06812120974063877 -0.045952893793582944 0.0048284269869327545
v -0.06931826472282414 -0.04676040261983874 0.0057527655735611916
v -0.07298301905393606 -0.037757731974124936 0.0048284269869327545
v -0.07426550984382635 -0.03842123225331309 0.0057527655735611916
v -0.07298301905393606 -0.037757731974124936 0.0048284269869327545
v -0.07426550984382635 -0.03842123225331309 0.0057527655735611916
v -0.07686340808868414 -0.029054835438728353 0.0048284269869327545
v -0.07821409404277807 -0.029565401375293753 0.0057527655735611916
v -0.07686340808868414 -0.029054835438728353 0.0048284269869327545
v -0.07821409404277807 -0.029565401375293753 0.0057527655735611916
v -0.07933481782674795 -0.021655531600117697 0.00487716868519783
v -0.07933481782674795 -0.021655531600117697 0.00487716868519783
v -0.07821409404277807 -0.029565401375293753 0.0057527655735611916
v -0.0799944624304772 -0.024284990504384058 0.005725852679461241
v -0.07933481782674795 -0.021655531600117697 0.00487716868519783
v -0.0799944624304772 -0.024284990504384058 0.005725852679461241
v -0.08018181473016744 -0.02188673242926599 0.005528158508241177
v -0.06274482607841496 -0.05161589011549953 0.0033844681456685066
v -0.06278284639120106 -0.05164716765284542 0.0034613804891705513
v -0.06735491752624516 -0.04543597623705867 0.0033844681456685066
v -0.06735491752624516 -0.04543597623705867 0.0033844681456685066
v -0.06735491752624516 -0.04543597623705867 0.0033844681456685066
v -0.06812120974063877 -0.045952893793582944 0.0048284269869327545
v -0.07216203957796101 -0.0373330004513264 0.0033844681456685066
v -0.07298301905393606 -0.037757731974124936 0.0048284269869327545
v -0.07216203957796101 -0.0373330004513264 0.0033844681456685066
v -0.07298301905393606 -0.037757731974124936 0.0048284269869327545
v -0.07599878311157232 -0.028728000819683096 0.0033844681456685066
v -0.07686340808868414 -0.029054835438728353 0.0048284269869327545
v -0.07686340808868414 -0.029054835438728353 0.0048284269869327545
v -0.07927139848470693 -0.021638220176100745 0.0048284269869327545
v -0.060054611414670986 0.05646068230271343 0.006411912851035595
v -0.06094558537006382 0.0569022819399834 0.006983977742493153
v -0.05872238427400593 0.057556241750717205 0.0071151284500956535
v -0.05872238427400593 0.057556241750717205 0.0071151284500956535
v -0.06094558537006382 0.0569022819399834 0.006983977742493153
v -0.05986941605806355 0.057513467967510265 0.007490042131394148
v -0.059493813663721126 0.05772678181529049 0.007666666526347399
v -0.061527255922555965 0.0553691498935223 0.005920213181525469
v -0.06248513609170918 0.055992584675550496 0.006475099362432957
v -0.06151358783245091 0.05657970160245899 0.006716877222061157
v -0.06295186281204228 0.055710539221763646 0.006358950398862362
v -0.06295186281204228 0.055710539221763646 0.006358950398862362
v -0.061527255922555965 0.0553691498935223 0.005920213181525469
v -0.06302046030759816 0.054227147251367604 0.005689199082553387
v -0.06295186281204228 0.055710539221763646 0.006358950398862362
v -0.06302046030759816 0.054227147251367604 0.005689199082553387
v -0.0638222917914391 0.05518453195691112 0.006142337806522846
v -0.06302046030759816 0.054227147251367604 0.005689199082553387
v -0.06451035290956501 0.05306826904416088 0.00570018170401454
v -0.06457378715276722 0.05312045663595203 0.0057527655735611916
v -0.0638222917914391 0.05518453195691112 0.006142337806522846
v -0.06302046030759816 0.054227147251367604 0.005689199082553387
v -0.06406324356794361 0.055027768015861546 0.006123500410467386
v -0.06406324356794361 0.055027768015861546 0.006123500410467386
v -0.06302046030759816 0.054227147251367604 0.005689199082553387
v -0.06457378715276722 0.05312045663595203 0.0057527655735611916
v -0.06406324356794361 0.055027768015861546 0.006123500410467386
v -0.06457378715276722 0.05312045663595203 0.0057527655735611916
v -0.06564297527074818 0.05400000140070919 0.006000000052154064
v -0.06076014414429669 0.053564958274364506 0.002265377901494503
v -0.06104884296655659 0.05322598293423656 0.0022226660512387753
v -0.06135790050029759 0.05323540419340137 0.0035214002709835768
v -0.06255389004945759 0.05145882442593578 0.0020000000949949026
v -0.05730804800987248 0.05724323168396953 0.004351133015006781
v -0.05808503553271298 0.05644202604889873 0.003748697694391012
v -0.05852548405528073 0.05622288957238201 0.004676236771047115
v -0.05897478386759762 0.05552454292774204 0.003058833070099354
v -0.06345866620540623 0.05220311507582668 0.0048284269869327545
v -0.06204856932163243 0.053578134626150166 0.004781641066074371
v -0.06277649849653248 0.051641944795846974 0.0034485324285924435
v -0.06277649849653248 0.051641944795846974 0.0034485324285924435
v -0.06204856932163243 0.053578134626150166 0.004781641066074371
v -0.06135790050029759 0.05323540419340137 0.0035214002709835768
v -0.06277649849653248 0.051641944795846974 0.0034485324285924435
v -0.06135790050029759 0.05323540419340137 0.0035214002709835768
v -0.06274482607841496 0.05161589011549953 0.0033844681456685066
v -0.06274482607841496 0.05161589011549953 0.0033844681456685066
v -0.06135790050029759 0.05323540419340137 0.0035214002709835768
v -0.06255389004945759 0.05145882442593578 0.0020000000949949026
v -0.06204856932163243 0.053578134626150166 0.004781641066074371
v -0.06062502041459088 0.05492683500051502 0.005051106214523315
v -0.06135790050029759 0.05323540419340137 0.0035214002709835768
v -0.06135790050029759 0.05323540419340137 0.0035214002709835768
v -0.06062502041459088 0.05492683500051502 0.005051106214523315
v -0.0599339604377747 0.05477511137723926 0.003929333761334419
v -0.06135790050029759 0.05323540419340137 0.0035214002709835768
v -0.0599339604377747 0.05477511137723926 0.003929333761334419
v -0.06076014414429669 0.053564958274364506 0.002265377901494503
v -0.06076014414429669 0.053564958274364506 0.002265377901494503
v -0.0599339604377747 0.05477511137723926 0.003929333761334419
v -0.059548020362854046 0.05489536747336391 0.0028040725737810135
v -0.056694105267524754 0.05785134807229046 0.004999999888241291
v -0.05730804800987248 0.05724323168396953 0.004351133015006781
v -0.05727821588516239 0.057618707418441814 0.005741188768297434
v -0.05727821588516239 0.057618707418441814 0.005741188768297434
v -0.05730804800987248 0.05724323168396953 0.004351133015006781
v -0.05852548405528073 0.05622288957238201 0.004676236771047115
v -0.05727821588516239 0.057618707418441814 0.005741188768297434
v -0.05852548405528073 0.05622288957238201 0.004676236771047115
v -0.057288300246000325 0.05761469155550007 0.005753984209150076
v -0.057288300246000325 0.05761469155550007 0.005753984209150076
v -0.05852548405528073 0.05622288957238201 0.004676236771047115
v -0.059213057160377544 0.05621285364031795 0.005628387443721294
v -0.057288300246000325 0.05761469155550007 0.005753984209150076
v -0.059213057160377544 0.05621285364031795 0.005628387443721294
v -0.057894550263881725 0.057373233139514965 0.00652326550334692
v -0.057894550263881725 0.057373233139514965 0.00652326550334692
v -0.059213057160377544 0.05621285364031795 0.005628387443721294
v -0.05870446190238003 0.05755227804183964 0.007102313917130232
v -0.05872238427400593 0.057556241750717205 0.0071151284500956535
v -0.05870446190238003 0.05755227804183964 0.007102313917130232
v -0.060054611414670986 0.05646068230271343 0.006411912851035595
v -0.060054611414670986 0.05646068230271343 0.006411912851035595
v -0.05870446190238003 0.05755227804183964 0.007102313917130232
v -0.059213057160377544 0.05621285364031795 0.005628387443721294
v -0.060054611414670986 0.05646068230271343 0.006411912851035595
v -0.059213057160377544 0.05621285364031795 0.005628387443721294
v -0.06062502041459088 0.05492683500051502 0.005051106214523315
v -0.06062502041459088 0.05492683500051502 0.005051106214523315
v -0.059213057160377544 0.05621285364031795 0.005628387443721294
v -0.05852548405528073 0.05622288957238201 0.004676236771047115
v -0.06062502041459088 0.05492683500051502 0.005051106214523315
v -0.05852548405528073 0.05622288957238201 0.004676236771047115
v -0.0599339604377747 0.05477511137723926 0.003929333761334419
v -0.0599339604377747 0.05477511137723926 0.003929333761334419
v -0.05852548405528073 0.05622288957238201 0.004676236771047115
v -0.05897478386759762 0.05552454292774204 0.003058833070099354
v -0.05897478386759762 0.05552454292774204 0.003058833070099354
v -0.06345866620540623 0.05220311507582668 0.0048284269869327545
v -0.06451035290956501 0.05306826904416088 0.00570018170401454
v -0.06204856932163243 0.053578134626150166 0.004781641066074371
v -0.06204856932163243 0.053578134626150166 0.004781641066074371
v -0.06451035290956501 0.05306826904416088 0.00570018170401454
v -0.06302046030759816 0.054227147251367604 0.005689199082553387
v -0.06204856932163243 0.053578134626150166 0.004781641066074371
v -0.06302046030759816 0.054227147251367604 0.005689199082553387
v -0.06062502041459088 0.05492683500051502 0.005051106214523315
v -0.06062502041459088 0.05492683500051502 0.005051106214523315
v -0.06302046030759816 0.054227147251367604 0.005689199082553387
v -0.061527255922555965 0.0553691498935223 0.005920213181525469
v -0.06062502041459088 0.05492683500051502 0.005051106214523315
v -0.061527255922555965 0.0553691498935223 0.005920213181525469
v -0.060054611414670986 0.05646068230271343 0.006411912851035595
v -0.060054611414670986 0.05646068230271343 0.006411912851035595
v -0.061527255922555965 0.0553691498935223 0.005920213181525469
v -0.06151358783245091 0.05657970160245899 0.006716877222061157
v -0.060054611414670986 0.05646068230271343 0.006411912851035595
v -0.06151358783245091 0.05657970160245899 0.006716877222061157
v -0.06094558537006382 0.0569022819399834 0.006983977742493153
v -0.08100000023841863 -0.057500001043081325 0.054999999701976776
v -0.08100000023841863 -0.057500001043081325 0.010999999940395355
v -0.07949999719858175 -0.05900000035762791 0.054999999701976776
v -0.07949999719858175 -0.05900000035762791 0.010999999940395355
v -0.06094656512141232 -0.05690161511301998 0.006982260383665562
v -0.05986912548542027 -0.05751360207796101 0.007489853072911501
v -0.07949999719858175 -0.057415064424276394 0.007584936451166868
v -0.05721180513501171 -0.05861321091651921 0.009072355926036835
v -0.05685936287045482 -0.058685392141342205 0.009271584451198578
v -0.07949999719858175 -0.05854665115475659 0.00930808112025261
v -0.07949999719858175 -0.05569192022085193 0.006453348323702812
v -0.07949999719858175 -0.05400000140070919 0.006000000052154064
v -0.06564297527074818 -0.05400000140070919 0.006000000052154064
v -0.06564297527074818 -0.05400000140070919 0.006000000052154064
v -0.06430661678314213 -0.05487807840108875 0.0060777063481509686
v -0.07949999719858175 -0.05569192022085193 0.006453348323702812
v -0.07949999719858175 -0.05569192022085193 0.006453348323702812
v -0.06430661678314213 -0.05487807840108875 0.0060777063481509686
v -0.06411068141460423 -0.05500285699963573 0.006101605016738176
v -0.07949999719858175 -0.05569192022085193 0.006453348323702812
v -0.06411068141460423 -0.05500285699963573 0.006101605016738176
v -0.06408574432134632 -0.0550186671316624 0.006104867905378342
v -0.07949999719858175 -0.05854665115475659 0.00930808112025261
v -0.05685936287045482 -0.058685392141342205 0.009271584451198578
v -0.07949999719858175 -0.05900000035762791 0.010999999940395355
v -0.07949999719858175 -0.05900000035762791 0.010999999940395355
v -0.05685936287045482 -0.058685392141342205 0.009271584451198578
v -0.056595280766487156 -0.05873947963118557 0.009420865215361118
v -0.07949999719858175 -0.05900000035762791 0.010999999940395355
v -0.056595280766487156 -0.05873947963118557 0.009420865215361118
v -0.05640276521444324 -0.05877891182899479 0.009529691189527512
v -0.05640276521444324 -0.05877891182899479 0.009529691189527512
v -0.05640143901109699 -0.0587791278958321 0.009530404582619667
v -0.07949999719858175 -0.05900000035762791 0.010999999940395355
v -0.07949999719858175 -0.05900000035762791 0.010999999940395355
v -0.05640143901109699 -0.0587791278958321 0.009530404582619667
v -0.056390818208456074 -0.05878087878227238 0.009536109864711761
v -0.07949999719858175 -0.05900000035762791 0.010999999940395355
v -0.056390818208456074 -0.05878087878227238 0.009536109864711761
v -0.056305557489395176 -0.05879456177353863 0.009581640362739563
v -0.056305557489395176 -0.05879456177353863 0.009581640362739563
v -0.05570662394165996 -0.05887446179986004 0.009887805208563805
v -0.07949999719858175 -0.05900000035762791 0.010999999940395355
v -0.07949999719858175 -0.05900000035762791 0.010999999940395355
v -0.05570662394165996 -0.05887446179986004 0.009887805208563805
v -0.054850280284881626 -0.058913353830575985 0.01023234985768795
v -0.05294233933091167 -0.05900000035762791 0.010999999940395355
v -0.07949999719858175 -0.057415064424276394 0.007584936451166868
v -0.05986912548542027 -0.05751360207796101 0.007489853072911501
v -0.07949999719858175 -0.058330126106739086 0.008500000461935997
v -0.05986912548542027 -0.05751360207796101 0.007489853072911501
v -0.059493813663721126 -0.05772678181529049 0.007666666526347399
v -0.07949999719858175 -0.058330126106739086 0.008500000461935997
v -0.07949999719858175 -0.058330126106739086 0.008500000461935997
v -0.059493813663721126 -0.05772678181529049 0.007666666526347399
v -0.059319768100976986 -0.05781896412372593 0.007772738579660654
v -0.07949999719858175 -0.058330126106739086 0.008500000461935997
v -0.059319768100976986 -0.05781896412372593 0.007772738579660654
v -0.07949999719858175 -0.05854665115475659 0.00930808112025261
v -0.07949999719858175 -0.05854665115475659 0.00930808112025261
v -0.059319768100976986 -0.05781896412372593 0.007772738579660654
v -0.058095168322324794 -0.05828037485480313 0.00852773804217577
v -0.05721180513501171 -0.05861321091651921 0.009072355926036835
v -0.06408574432134632 -0.0550186671316624 0.006104867905378342
v -0.06407146900892262 -0.05502732843160633 0.006108271423727274
v -0.07949999719858175 -0.05569192022085193 0.006453348323702812
v -0.07949999719858175 -0.05569192022085193 0.006453348323702812
v -0.06407146900892262 -0.05502732843160633 0.006108271423727274
v -0.06295411288738255 -0.055705163627862965 0.006374674383550882
v -0.07949999719858175 -0.05569192022085193 0.006453348323702812
v -0.06295411288738255 -0.055705163627862965 0.006374674383550882
v -0.07949999719858175 -0.056499999016523396 0.006669872906059027
v -0.07949999719858175 -0.056499999016523396 0.006669872906059027
v -0.06295411288738255 -0.055705163627862965 0.006374674383550882
v -0.06248511373996739 -0.055989678949117695 0.006486494094133377
v -0.07949999719858175 -0.056499999016523396 0.006669872906059027
v -0.06248511373996739 -0.055989678949117695 0.006486494094133377
v -0.07949999719858175 -0.057415064424276394 0.007584936451166868
v -0.07949999719858175 -0.057415064424276394 0.007584936451166868
v -0.06248511373996739 -0.055989678949117695 0.006486494094133377
v -0.06150070577859883 -0.05658686533570293 0.00672119902446866
v -0.06150070577859883 -0.05658686533570293 0.00672119902446866
v -0.08100000023841863 -0.05703108757734302 0.05674999952316284
v -0.08100000023841863 -0.057500001043081325 0.054999999701976776
v -0.07949999719858175 -0.05900000035762791 0.054999999701976776
v -0.07949999719858175 -0.05854665115475659 0.05669191852211952
v -0.07949999719858175 -0.058330126106739086 0.057500001043081284
v -0.08100000023841863 -0.05703108757734302 0.05674999952316284
v -0.07949999719858175 -0.058330126106739086 0.057500001043081284
v -0.08100000023841863 -0.05575000122189525 0.05803108960390091
v -0.07949999719858175 -0.057415064424276394 0.058415062725543976
v -0.07949999719858175 -0.05400000140070919 0.05999999865889549
v -0.08100000023841863 -0.05400000140070919 0.05849999934434891
v -0.07949999719858175 -0.05569192022085193 0.05954665318131447
v -0.08100000023841863 -0.05575000122189525 0.05803108960390091
v -0.07949999719858175 -0.056499999016523396 0.05933012813329697
v -0.07949999719858175 -0.056499999016523396 0.05933012813329697
v -0.08100000023841863 0.05400000140070919 0.05849999934434891
v -0.08100000023841863 -0.05400000140070919 0.05849999934434891
v -0.07949999719858175 0.05400000140070919 0.05999999865889549
v -0.07949999719858175 -0.05400000140070919 0.05999999865889549
v -0.08100000023841863 0.05575000122189525 0.05803108960390091
v -0.08100000023841863 0.05400000140070919 0.05849999934434891
v -0.07949999719858175 0.05400000140070919 0.05999999865889549
v -0.07949999719858175 0.05569192022085193 0.05954665318131447
v -0.07949999719858175 0.056499999016523396 0.05933012813329697
v -0.08100000023841863 0.05575000122189525 0.05803108960390091
v -0.07949999719858175 0.056499999016523396 0.05933012813329697
v -0.08100000023841863 0.05703108757734302 0.05674999952316284
v -0.07949999719858175 0.057415064424276394 0.058415062725543976
v -0.07949999719858175 0.05900000035762791 0.054999999701976776
v -0.08100000023841863 0.057500001043081325 0.054999999701976776
v -0.07949999719858175 0.05854665115475659 0.05669191852211952
v -0.08100000023841863 0.05703108757734302 0.05674999952316284
v -0.07949999719858175 0.058330126106739086 0.057500001043081284
v -0.07949999719858175 0.058330126106739086 0.057500001043081284
v -0.07949999719858175 0.05900000035762791 0.010999999940395355
v -0.05294233933091167 0.05900000035762791 0.010999999940395355
v -0.05485908687114719 0.05892845243215565 0.01025102287530899
v -0.05535465478897098 0.05890995264053349 0.010057375766336918
v -0.07949999719858175 0.05900000035762791 0.010999999940395355
v -0.05535465478897098 0.05890995264053349 0.010057375766336918
v -0.05657334998250011 0.058691617101430935 0.00939631275832653
v -0.07949999719858175 0.05900000035762791 0.010999999940395355
v -0.05657334998250011 0.058691617101430935 0.00939631275832653
v -0.07949999719858175 0.05854665115475659 0.00930808112025261
v -0.06564297527074818 0.05400000140070919 0.006000000052154064
v -0.07949999719858175 0.05400000140070919 0.006000000052154064
v -0.06406324356794361 0.055027768015861546 0.006123500410467386
v -0.06406324356794361 0.055027768015861546 0.006123500410467386
v -0.07949999719858175 0.05400000140070919 0.006000000052154064
v -0.07949999719858175 0.05569192022085193 0.006453348323702812
v -0.06406324356794361 0.055027768015861546 0.006123500410467386
v -0.07949999719858175 0.05569192022085193 0.006453348323702812
v -0.0638222917914391 0.05518453195691112 0.006142337806522846
v -0.07949999719858175 0.056499999016523396 0.006669872906059027
v -0.06248513609170918 0.055992584675550496 0.006475099362432957
v -0.07949999719858175 0.05569192022085193 0.006453348323702812
v -0.07949999719858175 0.05569192022085193 0.006453348323702812
v -0.06248513609170918 0.055992584675550496 0.006475099362432957
v -0.06295186281204228 0.055710539221763646 0.006358950398862362
v -0.0638222917914391 0.05518453195691112 0.006142337806522846
v -0.07949999719858175 0.057415064424276394 0.007584936451166868
v -0.06094558537006382 0.0569022819399834 0.006983977742493153
v -0.07949999719858175 0.056499999016523396 0.006669872906059027
v -0.07949999719858175 0.056499999016523396 0.006669872906059027
v -0.06094558537006382 0.0569022819399834 0.006983977742493153
v -0.06151358783245091 0.05657970160245899 0.006716877222061157
v -0.07949999719858175 0.056499999016523396 0.006669872906059027
v -0.06151358783245091 0.05657970160245899 0.006716877222061157
v -0.06248513609170918 0.055992584675550496 0.006475099362432957
v -0.07949999719858175 0.058330126106739086 0.008500000461935997
v -0.059493813663721126 0.05772678181529049 0.007666666526347399
v -0.07949999719858175 0.057415064424276394 0.007584936451166868
v -0.07949999719858175 0.057415064424276394 0.007584936451166868
v -0.059493813663721126 0.05772678181529049 0.007666666526347399
v -0.05986941605806355 0.057513467967510265 0.007490042131394148
v -0.06094558537006382 0.0569022819399834 0.006983977742493153
v -0.05657334998250011 0.058691617101430935 0.00939631275832653
v -0.056783817708492314 0.0586539097130299 0.009282146580517292
v -0.07949999719858175 0.05854665115475659 0.00930808112025261
v -0.05761083960533146 0.05850574374198918 0.008833540603518486
v -0.07949999719858175 0.05854665115475659 0.00930808112025261
v -0.05761083960533146 0.05850574374198918 0.008833540603518486
v -0.07949999719858175 0.058330126106739086 0.008500000461935997
v -0.07949999719858175 0.058330126106739086 0.008500000461935997
v -0.05761083960533146 0.05850574374198918 0.008833540603518486
v -0.05810244008898739 0.058302372694015545 0.008528896607458591
v -0.059493813663721126 0.05772678181529049 0.007666666526347399
v -0.08100000023841863 0.057500001043081325 0.010999999940395355
v -0.08100000023841863 0.057500001043081325 0.054999999701976776
v -0.07949999719858175 0.05900000035762791 0.010999999940395355
v -0.07949999719858175 0.05900000035762791 0.054999999701976776
v -0.046300426125526456 -0.05999100580811505 0.010279370471835136
v -0.048285368829965626 -0.05982235446572308 0.010180117562413216
v -0.04807813093066219 -0.06079876795411114 0.009288983419537544
v -0.04808950796723369 -0.06189849972724919 0.00875299982726574
v -0.047925461083650624 -0.061945833265781444 0.008763614110648632
v -0.04807813093066219 -0.06079876795411114 0.009288983419537544
v -0.04808950796723369 -0.06189849972724919 0.00875299982726574
v -0.04807813093066219 -0.06079876795411114 0.009288983419537544
v -0.04809098318219188 -0.061898067593574566 0.008752674795687199
v -0.050768870860338246 -0.061113890260458034 0.008161477744579315
v -0.04963203519582752 -0.061446793377399486 0.008412457071244717
v -0.04987305402755741 -0.060468636453151745 0.009020859375596046
v -0.049393065273761784 -0.06151677295565609 0.008465214632451534
v -0.05088626220822338 -0.05900000035762791 0.011901261284947395
v -0.05294233933091167 -0.05900000035762791 0.010999999940395355
v -0.050543867051601445 -0.059163182973861736 0.010870713740587234
v -0.050543867051601445 -0.059163182973861736 0.010870713740587234
v -0.05294233933091167 -0.05900000035762791 0.010999999940395355
v -0.052466500550508534 -0.059256460517644924 0.010161344893276691
v -0.04851837456226352 -0.05919986218214039 0.011335359886288643
v -0.048725724220275914 -0.05900000035762791 0.012498019263148308
v -0.05048711225390438 -0.05900000035762791 0.012076223269104958
v -0.04427188634872439 -0.059386909008026165 0.011556040495634079
v -0.04427188634872439 -0.05900000035762791 0.013000000268220901
v -0.04851837456226352 -0.05919986218214039 0.011335359886288643
v -0.04851837456226352 -0.05919986218214039 0.011335359886288643
v -0.04427188634872439 -0.05900000035762791 0.013000000268220901
v -0.04773429781198505 -0.05900000035762791 0.01273543294519186
v -0.04773429781198505 -0.05900000035762791 0.01273543294519186
v -0.046118292957544355 -0.06246725469827656 0.008880537934601307
v -0.04427188634872439 -0.063000001013279 0.008999999612569809
v -0.046198412775993375 -0.06115365028381352 0.009368549101054668
v -0.046198412775993375 -0.06115365028381352 0.009368549101054668
v -0.04427188634872439 -0.063000001013279 0.008999999612569809
v -0.04427188634872439 -0.06155604124069218 0.009386908262968063
v -0.04427188634872439 -0.06100000068545346 0.009535898454487324
v -0.046118292957544355 -0.06246725469827656 0.008880537934601307
v -0.04807813093066219 -0.06079876795411114 0.009288983419537544
v -0.046118292957544355 -0.06246725469827656 0.008880537934601307
v -0.046198412775993375 -0.06115365028381352 0.009368549101054668
v -0.04807813093066219 -0.06079876795411114 0.009288983419537544
v -0.046198412775993375 -0.06115365028381352 0.009368549101054668
v -0.046300426125526456 -0.05999100580811505 0.010279370471835136
v -0.046300426125526456 -0.05999100580811505 0.010279370471835136
v -0.046198412775993375 -0.06115365028381352 0.009368549101054668
v -0.04427188634872439 -0.06100000068545346 0.009535898454487324
v -0.046300426125526456 -0.05999100580811505 0.010279370471835136
v -0.04427188634872439 -0.06100000068545346 0.009535898454487324
v -0.04427188634872439 -0.060267947614193004 0.010267948731780052
v -0.05124019458889965 -0.06097448989748959 0.007999999448657036
v -0.050768870860338246 -0.061113890260458034 0.008161477744579315
v -0.051590155810117756 -0.060273129492998165 0.008616803213953972
v -0.051590155810117756 -0.060273129492998165 0.008616803213953972
v -0.050768870860338246 -0.061113890260458034 0.008161477744579315
v -0.04987305402755741 -0.060468636453151745 0.009020859375596046
v -0.051590155810117756 -0.060273129492998165 0.008616803213953972
v -0.04987305402755741 -0.060468636453151745 0.009020859375596046
v -0.05159467086195949 -0.0602640807628632 0.008624760434031487
v -0.05159467086195949 -0.0602640807628632 0.008624760434031487
v -0.04987305402755741 -0.060468636453151745 0.009020859375596046
v -0.05018495395779613 -0.05966759100556378 0.009851810522377491
v -0.05159467086195949 -0.0602640807628632 0.008624760434031487
v -0.05018495395779613 -0.05966759100556378 0.009851810522377491
v -0.05196169018745426 -0.05952854081988339 0.009271618910133839
v -0.05196169018745426 -0.05952854081988339 0.009271618910133839
v -0.05018495395779613 -0.05966759100556378 0.009851810522377491
v -0.052460536360740696 -0.059259679168462795 0.010150827467441559
v -0.052466500550508534 -0.059256460517644924 0.010161344893276691
v -0.052460536360740696 -0.059259679168462795 0.010150827467441559
v -0.050543867051601445 -0.059163182973861736 0.010870713740587234
v -0.050543867051601445 -0.059163182973861736 0.010870713740587234
v -0.052460536360740696 -0.059259679168462795 0.010150827467441559
v -0.05018495395779613 -0.05966759100556378 0.009851810522377491
v -0.050543867051601445 -0.059163182973861736 0.010870713740587234
v -0.05018495395779613 -0.05966759100556378 0.009851810522377491
v -0.048285368829965626 -0.05982235446572308 0.010180117562413216
v -0.048285368829965626 -0.05982235446572308 0.010180117562413216
v -0.05018495395779613 -0.05966759100556378 0.009851810522377491
v -0.04987305402755741 -0.060468636453151745 0.009020859375596046
v -0.048285368829965626 -0.05982235446572308 0.010180117562413216
v -0.04987305402755741 -0.060468636453151745 0.009020859375596046
v -0.04807813093066219 -0.06079876795411114 0.009288983419537544
v -0.04807813093066219 -0.06079876795411114 0.009288983419537544
v -0.04987305402755741 -0.060468636453151745 0.009020859375596046
v -0.049393065273761784 -0.06151677295565609 0.008465214632451534
v -0.04807813093066219 -0.06079876795411114 0.009288983419537544
v -0.049393065273761784 -0.06151677295565609 0.008465214632451534
v -0.04809098318219188 -0.061898067593574566 0.008752674795687199
v -0.04427188634872439 -0.05953589826822285 0.010999999940395355
v -0.046300426125526456 -0.05999100580811505 0.010279370471835136
v -0.04427188634872439 -0.05953589826822285 0.010999999940395355
v -0.04427188634872439 -0.059386909008026165 0.011556040495634079
v -0.046300426125526456 -0.05999100580811505 0.010279370471835136
v -0.04427188634872439 -0.059386909008026165 0.011556040495634079
v -0.048285368829965626 -0.05982235446572308 0.010180117562413216
v -0.048285368829965626 -0.05982235446572308 0.010180117562413216
v -0.04427188634872439 -0.059386909008026165 0.011556040495634079
v -0.04851837456226352 -0.05919986218214039 0.011335359886288643
v -0.048285368829965626 -0.05982235446572308 0.010180117562413216
v -0.04851837456226352 -0.05919986218214039 0.011335359886288643
v -0.050543867051601445 -0.059163182973861736 0.010870713740587234
v -0.050543867051601445 -0.059163182973861736 0.010870713740587234
v -0.04851837456226352 -0.05919986218214039 0.011335359886288643
v -0.05048711225390438 -0.05900000035762791 0.012076223269104958
v -0.05048711225390438 -0.05900000035762791 0.012076223269104958
v -0.05728418752551082 -0.057616330683231395 0.005748762749135494
v -0.05727700889110569 -0.057619187980890316 0.005739656277000904
v -0.05591777712106708 -0.05848004296422009 0.006481401156634092
v -0.05721180513501171 -0.05861321091651921 0.009072355926036835
v -0.058095168322324794 -0.05828037485480313 0.00852773804217577
v -0.057345259934663814 -0.05815263465046887 0.007943113334476948
v -0.05124019458889965 -0.06097448989748959 0.007999999448657036
v -0.051590155810117756 -0.060273129492998165 0.008616803213953972
v -0.05165437608957294 -0.06082013994455342 0.007805852685123682
v -0.05165437608957294 -0.06082013994455342 0.007805852685123682
v -0.051590155810117756 -0.060273129492998165 0.008616803213953972
v -0.05312580615282062 -0.05976493284106259 0.007939089089632034
v -0.05165437608957294 -0.06082013994455342 0.007805852685123682
v -0.05312580615282062 -0.05976493284106259 0.007939089089632034
v -0.052709691226482426 -0.06042686104774479 0.007311176974326372
v -0.05358233302831653 -0.06010166183114056 0.006902128923684359
v -0.05410607159137729 -0.0597731433808804 0.006581887602806091
v -0.054578315466642414 -0.05921639129519467 0.007229805923998356
v -0.054455302655696904 -0.05955408513545994 0.006368347909301519
v -0.054455302655696904 -0.05955408513545994 0.006368347909301519
v -0.054578315466642414 -0.05921639129519467 0.007229805923998356
v -0.05591777712106708 -0.05848004296422009 0.006481401156634092
v -0.054455302655696904 -0.05955408513545994 0.006368347909301519
v -0.05591777712106708 -0.05848004296422009 0.006481401156634092
v -0.055424015969038044 -0.05894645303487782 0.0057760258205235004
v -0.055424015969038044 -0.05894645303487782 0.0057760258205235004
v -0.05591777712106708 -0.05848004296422009 0.006481401156634092
v -0.05554268136620525 -0.05887202173471455 0.0057034678757190704
v -0.05554268136620525 -0.05887202173471455 0.0057034678757190704
v -0.05591777712106708 -0.05848004296422009 0.006481401156634092
v -0.05727700889110569 -0.057619187980890316 0.005739656277000904
v -0.05554268136620525 -0.05887202173471455 0.0057034678757190704
v -0.05727700889110569 -0.057619187980890316 0.005739656277000904
v -0.056694105267524754 -0.05785134807229046 0.004999999888241291
v -0.059319768100976986 -0.05781896412372593 0.007772738579660654
v -0.059493813663721126 -0.05772678181529049 0.007666666526347399
v -0.05872013419866566 -0.05755574256181721 0.007113519124686718
v -0.05721180513501171 -0.05861321091651921 0.009072355926036835
v -0.057345259934663814 -0.05815263465046887 0.007943113334476948
v -0.05685936287045482 -0.058685392141342205 0.009271584451198578
v -0.056305557489395176 -0.05879456177353863 0.009581640362739563
v -0.056390818208456074 -0.05878087878227238 0.009536109864711761
v -0.05588820576667789 -0.05864694342017178 0.008739974349737167
v -0.056305557489395176 -0.05879456177353863 0.009581640362739563
v -0.05588820576667789 -0.05864694342017178 0.008739974349737167
v -0.05570662394165996 -0.05887446179986004 0.009887805208563805
v -0.056390818208456074 -0.05878087878227238 0.009536109864711761
v -0.05640143901109699 -0.0587791278958321 0.009530404582619667
v -0.05588820576667789 -0.05864694342017178 0.008739974349737167
v -0.05588820576667789 -0.05864694342017178 0.008739974349737167
v -0.05640143901109699 -0.0587791278958321 0.009530404582619667
v -0.05640276521444324 -0.05877891182899479 0.009529691189527512
v -0.05588820576667789 -0.05864694342017178 0.008739974349737167
v -0.05640276521444324 -0.05877891182899479 0.009529691189527512
v -0.056595280766487156 -0.05873947963118557 0.009420865215361118
v -0.057894550263881725 -0.057373233139514965 0.00652326550334692
v -0.05657931417226795 -0.0581930093467236 0.0072356658056378365
v -0.05871697887778286 -0.0575550459325314 0.007111264858394861
v -0.05871697887778286 -0.0575550459325314 0.007111264858394861
v -0.05657931417226795 -0.0581930093467236 0.0072356658056378365
v -0.057345259934663814 -0.05815263465046887 0.007943113334476948
v -0.05871697887778286 -0.0575550459325314 0.007111264858394861
v -0.057345259934663814 -0.05815263465046887 0.007943113334476948
v -0.05872013419866566 -0.05755574256181721 0.007113519124686718
v -0.05872013419866566 -0.05755574256181721 0.007113519124686718
v -0.057345259934663814 -0.05815263465046887 0.007943113334476948
v -0.058095168322324794 -0.05828037485480313 0.00852773804217577
v -0.05872013419866566 -0.05755574256181721 0.007113519124686718
v -0.058095168322324794 -0.05828037485480313 0.00852773804217577
v -0.059319768100976986 -0.05781896412372593 0.007772738579660654
v -0.05657931417226795 -0.0581930093467236 0.0072356658056378365
v -0.05518477782607082 -0.05880328267812733 0.007978562265634537
v -0.057345259934663814 -0.05815263465046887 0.007943113334476948
v -0.057345259934663814 -0.05815263465046887 0.007943113334476948
v -0.05518477782607082 -0.05880328267812733 0.007978562265634537
v -0.05588820576667789 -0.05864694342017178 0.008739974349737167
v -0.057345259934663814 -0.05815263465046887 0.007943113334476948
v -0.05588820576667789 -0.05864694342017178 0.008739974349737167
v -0.05685936287045482 -0.058685392141342205 0.009271584451198578
v -0.05685936287045482 -0.058685392141342205 0.009271584451198578
v -0.05588820576667789 -0.05864694342017178 0.008739974349737167
v -0.056595280766487156 -0.05873947963118557 0.009420865215361118
v -0.05294233933091167 -0.05900000035762791 0.010999999940395355
v -0.054850280284881626 -0.058913353830575985 0.01023234985768795
v -0.052466500550508534 -0.059256460517644924 0.010161344893276691
v -0.052466500550508534 -0.059256460517644924 0.010161344893276691
v -0.054850280284881626 -0.058913353830575985 0.01023234985768795
v -0.05425660312175754 -0.05895749107003216 0.009495002217590809
v -0.052466500550508534 -0.059256460517644924 0.010161344893276691
v -0.05425660312175754 -0.05895749107003216 0.009495002217590809
v -0.052460536360740696 -0.059259679168462795 0.010150827467441559
v -0.052460536360740696 -0.059259679168462795 0.010150827467441559
v -0.05425660312175754 -0.05895749107003216 0.009495002217590809
v -0.05364913120865825 -0.05923418700695042 0.008681973442435265
v -0.052460536360740696 -0.059259679168462795 0.010150827467441559
v -0.05364913120865825 -0.05923418700695042 0.008681973442435265
v -0.05196168646216396 -0.05952854081988339 0.009271619841456413
v -0.05196168646216396 -0.05952854081988339 0.009271619841456413
v -0.05364913120865825 -0.05923418700695042 0.008681973442435265
v -0.05159467086195949 -0.0602640807628632 0.008624760434031487
v -0.051590155810117756 -0.060273129492998165 0.008616803213953972
v -0.05159467086195949 -0.0602640807628632 0.008624760434031487
v -0.05312580615282062 -0.05976493284106259 0.007939089089632034
v -0.05312580615282062 -0.05976493284106259 0.007939089089632034
v -0.05159467086195949 -0.0602640807628632 0.008624760434031487
v -0.05364913120865825 -0.05923418700695042 0.008681973442435265
v -0.05312580615282062 -0.05976493284106259 0.007939089089632034
v -0.05364913120865825 -0.05923418700695042 0.008681973442435265
v -0.05518477782607082 -0.05880328267812733 0.007978562265634537
v -0.05518477782607082 -0.05880328267812733 0.007978562265634537
v -0.05364913120865825 -0.05923418700695042 0.008681973442435265
v -0.05425660312175754 -0.05895749107003216 0.009495002217590809
v -0.05518477782607082 -0.05880328267812733 0.007978562265634537
v -0.05425660312175754 -0.05895749107003216 0.009495002217590809
v -0.05588820576667789 -0.05864694342017178 0.008739974349737167
v -0.05588820576667789 -0.05864694342017178 0.008739974349737167
v -0.05425660312175754 -0.05895749107003216 0.009495002217590809
v -0.054850280284881626 -0.058913353830575985 0.01023234985768795
v -0.05588820576667789 -0.05864694342017178 0.008739974349737167
v -0.054850280284881626 -0.058913353830575985 0.01023234985768795
v -0.05570662394165996 -0.05887446179986004 0.009887805208563805
v -0.057894550263881725 -0.057373233139514965 0.00652326550334692
v -0.05728418752551082 -0.057616330683231395 0.005748762749135494
v -0.05657931417226795 -0.0581930093467236 0.0072356658056378365
v -0.05657931417226795 -0.0581930093467236 0.0072356658056378365
v -0.05728418752551082 -0.057616330683231395 0.005748762749135494
v -0.05591777712106708 -0.05848004296422009 0.006481401156634092
v -0.05657931417226795 -0.0581930093467236 0.0072356658056378365
v -0.05591777712106708 -0.05848004296422009 0.006481401156634092
v -0.05518477782607082 -0.05880328267812733 0.007978562265634537
v -0.05518477782607082 -0.05880328267812733 0.007978562265634537
v -0.05591777712106708 -0.05848004296422009 0.006481401156634092
v -0.054578315466642414 -0.05921639129519467 0.007229805923998356
v -0.05518477782607082 -0.05880328267812733 0.007978562265634537
v -0.054578315466642414 -0.05921639129519467 0.007229805923998356
v -0.05312580615282062 -0.05976493284106259 0.007939089089632034
v -0.05312580615282062 -0.05976493284106259 0.007939089089632034
v -0.054578315466642414 -0.05921639129519467 0.007229805923998356
v -0.05410607159137729 -0.0597731433808804 0.006581887602806091
v -0.05312580615282062 -0.05976493284106259 0.007939089089632034
v -0.05410607159137729 -0.0597731433808804 0.006581887602806091
v -0.05358233302831653 -0.06010166183114056 0.006902128923684359
v -0.024866690859198588 -0.07708857208490377 0.004999999888241291
v -0.026946125552058237 -0.07627539336681372 0.004999999888241291
v -0.026984322816133516 -0.07637307047843939 4.336808689942018e-18
v -0.034024622291326544 0.07350731641054159 0.004999999888241291
v -0.03334912657737734 0.07377146929502493 0.004999999888241291
v -0.0333640016615391 0.07380950450897222 2.2551405187698492e-17
v -0.015342286787927161 0.07953373342752462 0.004999999888241291
v -0.006860521156340842 0.08064111322164541 0.004999999888241291
v -0.006869279779493813 0.08070819824934011 2.3418766925686896e-17
v -0.07814117521047598 -0.02132971026003362 0.0020000000949949026
v -0.07914405316114431 -0.017056122422218333 0.0021482794545590878
v -0.07918197661638265 -0.01706502027809621 1.214306433183765e-17
v -0.08078031241893774 0.005961675662547354 0.0028330606874078512
v -0.08029509335756307 0.010282957926392562 0.0025549924466758966
v -0.08034393191337591 0.010288443416357047 1.474514954580286e-17
v -0.05730804800987248 0.05724323168396953 0.004351133015006781
v -0.056694105267524754 0.05785134807229046 0.004999999888241291
v -0.05602082237601284 0.05844889581203465 0.004999999888241291
v -0.06278208643198017 0.05082595348358158 0.0
v -0.06104884296655659 0.05322598293423656 0.0022226660512387753
v -0.06147595122456555 0.052310008555650746 0.0
v -0.06147595122456555 0.052310008555650746 0.0
v -0.06104884296655659 0.05322598293423656 0.0022226660512387753
v -0.06076014414429669 0.053564958274364506 0.002265377901494503
v -0.06147595122456555 0.052310008555650746 0.0
v -0.06076014414429669 0.053564958274364506 0.002265377901494503
v -0.05604704841971401 0.05847844481468205 2.0816681711721685e-17
v -0.06076014414429669 0.053564958274364506 0.002265377901494503
v -0.059548020362854046 0.05489536747336391 0.0028040725737810135
v -0.05604704841971401 0.05847844481468205 2.0816681711721685e-17
v -0.05897478386759762 0.05552454292774204 0.003058833070099354
v -0.05604704841971401 0.05847844481468205 2.0816681711721685e-17
v -0.05897478386759762 0.05552454292774204 0.003058833070099354
v -0.05808503553271298 0.05644202604889873 0.003748697694391012
v -0.0723269954323769 0.036466501653194455 1.8214596497756474e-17
v -0.07194245606660847 0.0372193977236748 0.0020000000949949026
v -0.06547595560550694 0.047593303024768864 0.0
v -0.06547595560550694 0.047593303024768864 0.0
v -0.07194245606660847 0.0372193977236748 0.0020000000949949026
v -0.06714995950460438 0.04529771581292155 0.0020000000949949026
v -0.06547595560550694 0.047593303024768864 0.0
v -0.06714995950460438 0.04529771581292155 0.0020000000949949026
v -0.06512376666069035 0.048165287822485005 1.9949319973733282e-17
v -0.06512376666069035 0.048165287822485005 1.9949319973733282e-17
v -0.06714995950460438 0.04529771581292155 0.0020000000949949026
v -0.06505119055509571 0.04811114817857746 0.0020000000949949026
v -0.06512376666069035 0.048165287822485005 1.9949319973733282e-17
v -0.06505119055509571 0.04811114817857746 0.0020000000949949026
v -0.06278208643198017 0.05082595348358158 0.0
v -0.06278208643198017 0.05082595348358158 0.0
v -0.06505119055509571 0.04811114817857746 0.0020000000949949026
v -0.06255389004945759 0.05145882442593578 0.0020000000949949026
v -0.06278208643198017 0.05082595348358158 0.0
v -0.06255389004945759 0.05145882442593578 0.0020000000949949026
v -0.06104884296655659 0.05322598293423656 0.0022226660512387753
v -0.07744950801134115 0.02371864393353464 1.6479873021779667e-17
v -0.0757675170898438 0.028640583157539385 0.0020000000949949026
v -0.0723269954323769 0.036466501653194455 1.8214596497756474e-17
v -0.0723269954323769 0.036466501653194455 1.8214596497756474e-17
v -0.0757675170898438 0.028640583157539385 0.0020000000949949026
v -0.07228624820709233 0.03644833713769915 0.0020000000949949026
v -0.07194245606660847 0.0372193977236748 0.0020000000949949026
v -0.0802485346794129 0.01069762837141753 0.0025283091235905886
v -0.0800908654928208 0.012101793661713609 0.0024379531387239695
v -0.08034393191337591 0.010288443416357047 1.474514954580286e-17
v -0.0800908654928208 0.012101793661713609 0.0024379531387239695
v -0.07843412458896643 0.019150000065565123 0.0
v -0.07843412458896643 0.019150000065565123 0.0
v -0.0800908654928208 0.012101793661713609 0.0024379531387239695
v -0.07933378964662557 0.016027966514229785 0.0022041930351406336
v -0.07884822785854345 0.018546085804700865 0.0020542670972645283
v -0.07843412458896643 0.019150000065565123 0.0
v -0.07884822785854345 0.018546085804700865 0.0020542670972645283
v -0.07814117521047598 0.02132971026003362 0.0020000000949949026
v -0.07843412458896643 0.019150000065565123 0.0
v -0.07814117521047598 0.02132971026003362 0.0020000000949949026
v -0.07744950801134115 0.02371864393353464 1.6479873021779667e-17
v -0.07744950801134115 0.02371864393353464 1.6479873021779667e-17
v -0.07814117521047598 0.02132971026003362 0.0020000000949949026
v -0.07737355679273611 0.02369398623704912 0.0020000000949949026
v -0.0757675170898438 0.028640583157539385 0.0020000000949949026
v -0.08090531080961233 -0.003915420733392241 0.002923671156167984
v -0.08091686666011816 -0.0034374920651316664 0.0029329881072044373
v -0.08092701435089117 -0.0034377374686300776 1.3877787807814457e-17
v -0.08100000023841863 1.5470080046732503e-16 0.003000000026077032
v -0.08092701435089117 -0.0034377374686300776 1.3877787807814457e-17
v -0.08100000023841863 1.5470080046732503e-16 0.003000000026077032
v -0.08034393191337591 0.010288443416357047 1.474514954580286e-17
v -0.08034393191337591 0.010288443416357047 1.474514954580286e-17
v -0.08100000023841863 1.5470080046732503e-16 0.003000000026077032
v -0.08080424368381506 0.005312183871865276 0.002851247787475586
v -0.08078031241893774 0.005961675662547354 0.0028330606874078512
v -0.07938298583030706 -0.01603795774281026 0.0021836066152900457
v -0.07938298583030706 -0.01603795774281026 0.0021836066152900457
v -0.07947234064340597 -0.015657173469662677 0.0021968185901641846
v -0.07918197661638265 -0.01706502027809621 1.214306433183765e-17
v -0.07947234064340597 -0.015657173469662677 0.0021968185901641846
v -0.07989139854907995 -0.011525000445544727 0.0
v -0.07947234064340597 -0.015657173469662677 0.0021968185901641846
v -0.08026655018329626 -0.010683080181479461 0.002539871959015727
v -0.07989139854907995 -0.011525000445544727 0.0
v -0.08039654046297079 -0.009868953377008445 0.0025960204657167196
v -0.07989139854907995 -0.011525000445544727 0.0
v -0.08039654046297079 -0.009868953377008445 0.0025960204657167196
v -0.08092701435089117 -0.0034377374686300776 1.3877787807814457e-17
v -0.08092701435089117 -0.0034377374686300776 1.3877787807814457e-17
v -0.08039654046297079 -0.009868953377008445 0.0025960204657167196
v -0.08078789710998541 -0.005289420019835237 0.0028480535838752985
v -0.08090531080961233 -0.003915420733392241 0.002923671156167984
v -0.07814117521047598 -0.02132971026003362 0.0020000000949949026
v -0.07918197661638265 -0.01706502027809621 1.214306433183765e-17
v -0.0757675170898438 -0.028640583157539385 0.0020000000949949026
v -0.0757675170898438 -0.028640583157539385 0.0020000000949949026
v -0.07918197661638265 -0.01706502027809621 1.214306433183765e-17
v -0.07556521147489553 -0.028875000774860403 0.0
v -0.0757675170898438 -0.028640583157539385 0.0020000000949949026
v -0.07556521147489553 -0.028875000774860403 0.0
v -0.07508610188961035 -0.030168864876031896 0.0020000000949949026
v -0.07508610188961035 -0.030168864876031896 0.0020000000949949026
v -0.07556521147489553 -0.028875000774860403 0.0
v -0.07515901327133184 -0.030201375484466574 1.0408340855860843e-17
v -0.07508610188961035 -0.030168864876031896 0.0020000000949949026
v -0.07515901327133184 -0.030201375484466574 1.0408340855860843e-17
v -0.07194245606660847 -0.0372193977236748 0.0020000000949949026
v -0.07194245606660847 -0.0372193977236748 0.0020000000949949026
v -0.07515901327133184 -0.030201375484466574 1.0408340855860843e-17
v -0.07154214382171635 -0.03737499937415126 0.0
v -0.07194245606660847 -0.0372193977236748 0.0020000000949949026
v -0.07154214382171635 -0.03737499937415126 0.0
v -0.06886609643697743 -0.0424049608409405 0.0020000000949949026
v -0.06886609643697743 -0.0424049608409405 0.0020000000949949026
v -0.07154214382171635 -0.03737499937415126 0.0
v -0.06897386163473133 -0.04246889054775241 8.673617379884035e-18
v -0.06886609643697743 -0.0424049608409405 0.0020000000949949026
v -0.06897386163473133 -0.04246889054775241 8.673617379884035e-18
v -0.06714995950460438 -0.04529771581292155 0.0020000000949949026
v -0.06714995950460438 -0.04529771581292155 0.0020000000949949026
v -0.06897386163473133 -0.04246889054775241 8.673617379884035e-18
v -0.06547595560550694 -0.04719837382435802 0.0
v -0.06714995950460438 -0.04529771581292155 0.0020000000949949026
v -0.06547595560550694 -0.04719837382435802 0.0
v -0.06255389004945759 -0.05145882442593578 0.0020000000949949026
v -0.06255389004945759 -0.05145882442593578 0.0020000000949949026
v -0.06547595560550694 -0.04719837382435802 0.0
v -0.06177606433629994 -0.05220095440745357 0.0
v -0.06255389004945759 -0.05145882442593578 0.0020000000949949026
v -0.06177606433629994 -0.05220095440745357 0.0
v -0.06162083148956303 -0.05257255211472515 0.0020712553523480892
v -0.06162083148956303 -0.05257255211472515 0.0020712553523480892
v -0.06177606433629994 -0.05220095440745357 0.0
v -0.06147595122456555 -0.052606731653213536 0.0
v -0.06162083148956303 -0.05257255211472515 0.0020712553523480892
v -0.06147595122456555 -0.052606731653213536 0.0
v -0.06105761229991917 -0.053211342543363606 0.0022372319363057613
v -0.06105761229991917 -0.053211342543363606 0.0022372319363057613
v -0.06147595122456555 -0.052606731653213536 0.0
v -0.06080445647239689 -0.053514651954174076 7.806255641895632e-18
v -0.06105761229991917 -0.053211342543363606 0.0022372319363057613
v -0.06080445647239689 -0.053514651954174076 7.806255641895632e-18
v -0.06079642474651341 -0.0535075701773167 0.002314201323315501
v -0.056694105267524754 -0.05785134807229046 0.004999999888241291
v -0.05807350575923924 -0.05646276846528057 0.003704696660861373
v -0.05088581889867786 -0.06302089244127278 6.071532165918825e-18
v -0.05822611600160603 -0.0563091412186623 0.003561391495168209
v -0.05088581889867786 -0.06302089244127278 6.071532165918825e-18
v -0.05822611600160603 -0.0563091412186623 0.003561391495168209
v -0.059547778218984646 -0.05490114167332653 0.0027796621434390545
v -0.05088581889867786 -0.06302089244127278 6.071532165918825e-18
v -0.059547778218984646 -0.05490114167332653 0.0027796621434390545
v -0.06080445647239689 -0.053514651954174076 7.806255641895632e-18
v -0.06080445647239689 -0.053514651954174076 7.806255641895632e-18
v -0.059547778218984646 -0.05490114167332653 0.0027796621434390545
v -0.059876281768083614 -0.05455117672681812 0.002585361246019602
v -0.059876281768083614 -0.05455117672681812 0.002585361246019602
v 0.004241148009896281 -0.08088888972997671 0.004999999888241291
v 0.0 -0.08100000023841863 4.14644175735937e-18
v 0.013686898164451131 -0.07981580495834356 0.004999999888241291
v 0.013686898164451131 -0.07981580495834356 0.004999999888241291
v 0.0 -0.08100000023841863 4.14644175735937e-18
v 0.013689066283404836 -0.07983488589525228 4.336808689942018e-18
v 0.013686898164451131 -0.07981580495834356 0.004999999888241291
v 0.013689066283404836 -0.07983488589525228 4.336808689942018e-18
v 0.014011565595865258 -0.07977891713380819 0.004999999888241291
v 0.014011565595865258 -0.07977891713380819 0.004999999888241291
v 0.013689066283404836 -0.07983488589525228 4.336808689942018e-18
v 0.018349999561905875 -0.07862127572298055 0.0
v 0.014011565595865258 -0.07977891713380819 0.004999999888241291
v 0.018349999561905875 -0.07862127572298055 0.0
v 0.023575486615300196 -0.07749320566654211 0.004999999888241291
v 0.023575486615300196 -0.07749320566654211 0.004999999888241291
v 0.018349999561905875 -0.07862127572298055 0.0
v 0.026984322816133516 -0.07637307047843939 4.336808689942018e-18
v 0.023575486615300196 -0.07749320566654211 0.004999999888241291
v 0.026984322816133516 -0.07637307047843939 4.336808689942018e-18
v 0.026936072856187838 -0.07624334096908575 0.004999999888241291
v 0.06080445647239689 -0.053514651954174076 7.806255641895632e-18
v 0.057035949081182515 -0.057514350861311 0.004999999888241291
v 0.05162595212459568 -0.06231153756380085 0.0
v 0.05162595212459568 -0.06231153756380085 0.0
v 0.057035949081182515 -0.057514350861311 0.004999999888241291
v 0.0508326813578606 -0.06296036392450337 0.004999999888241291
v 0.05162595212459568 -0.06231153756380085 0.0
v 0.0508326813578606 -0.06296036392450337 0.004999999888241291
v 0.05088581889867786 -0.06302089244127278 6.071532165918825e-18
v 0.05088581889867786 -0.06302089244127278 6.071532165918825e-18
v 0.0508326813578606 -0.06296036392450337 0.004999999888241291
v 0.04964638873934749 -0.06400184333324437 0.004999999888241291
v 0.05088581889867786 -0.06302089244127278 6.071532165918825e-18
v 0.04964638873934749 -0.06400184333324437 0.004999999888241291
v 0.040003661066293744 -0.07037594914436344 0.0
v 0.040003661066293744 -0.07037594914436344 0.0
v 0.04964638873934749 -0.06400184333324437 0.004999999888241291
v 0.04152516648173335 -0.06954610347747807 0.004999999888241291
v 0.040003661066293744 -0.07037594914436344 0.0
v 0.04152516648173335 -0.06954610347747807 0.004999999888241291
v 0.039503291249275235 -0.07071414589881901 5.204170427930421e-18
v 0.039503291249275235 -0.07071414589881901 5.204170427930421e-18
v 0.04152516648173335 -0.06954610347747807 0.004999999888241291
v 0.03945359587669375 -0.07061811536550526 0.004999999888241291
v 0.039503291249275235 -0.07071414589881901 5.204170427930421e-18
v 0.03945359587669375 -0.07061811536550526 0.004999999888241291
v 0.026984322816133516 -0.07637307047843939 4.336808689942018e-18
v 0.026984322816133516 -0.07637307047843939 4.336808689942018e-18
v 0.03945359587669375 -0.07061811536550526 0.004999999888241291
v 0.03279196470975878 -0.07406542450189596 0.004999999888241291
v 0.03279196470975878 -0.07406542450189596 0.004999999888241291
v 0.07154214382171635 -0.03737499937415126 0.0
v 0.07515901327133184 -0.030201375484466574 1.0408340855860843e-17
v 0.07378894090652471 -0.03340945765376093 0.004999999888241291
v 0.06957595050334935 -0.04127471148967746 0.0
v 0.06957595050334935 -0.04127471148967746 0.0
v 0.07378894090652471 -0.03340945765376093 0.004999999888241291
v 0.06919683516025547 -0.04210460931062701 0.004999999888241291
v 0.06957595050334935 -0.04127471148967746 0.0
v 0.06919683516025547 -0.04210460931062701 0.004999999888241291
v 0.06897386163473133 -0.04246889054775241 8.673617379884035e-18
v 0.06897386163473133 -0.04246889054775241 8.673617379884035e-18
v 0.06919683516025547 -0.04210460931062701 0.004999999888241291
v 0.06895349174737934 -0.04245473444461825 0.004999999888241291
v 0.06897386163473133 -0.04246889054775241 8.673617379884035e-18
v 0.06895349174737934 -0.04245473444461825 0.004999999888241291
v 0.06177606433629994 -0.05220095440745357 0.0
v 0.06177606433629994 -0.05220095440745357 0.0
v 0.06895349174737934 -0.04245473444461825 0.004999999888241291
v 0.0635849311947823 -0.05017923936247829 0.004999999888241291
v 0.06177606433629994 -0.05220095440745357 0.0
v 0.0635849311947823 -0.05017923936247829 0.004999999888241291
v 0.06080445647239689 -0.053514651954174076 7.806255641895632e-18
v 0.06080445647239689 -0.053514651954174076 7.806255641895632e-18
v 0.0635849311947823 -0.05017923936247829 0.004999999888241291
v 0.06069457530975346 -0.05341655015945438 0.004999999888241291
v 0.057035949081182515 -0.057514350861311 0.004999999888241291
v 0.08092701435089117 -0.0034377374686300776 1.3877787807814457e-17
v 0.0808506458997727 -0.00491663254797459 0.004999999888241291
v 0.07989139854907995 -0.011525000445544727 0.0
v 0.07989139854907995 -0.011525000445544727 0.0
v 0.0808506458997727 -0.00491663254797459 0.004999999888241291
v 0.07965910434722906 -0.014677437953650962 0.004999999888241291
v 0.07989139854907995 -0.011525000445544727 0.0
v 0.07965910434722906 -0.014677437953650962 0.004999999888241291
v 0.07918197661638265 -0.01706502027809621 1.214306433183765e-17
v 0.07918197661638265 -0.01706502027809621 1.214306433183765e-17
v 0.07965910434722906 -0.014677437953650962 0.004999999888241291
v 0.07907399535179144 -0.01703825965523721 0.004999999888241291
v 0.07918197661638265 -0.01706502027809621 1.214306433183765e-17
v 0.07907399535179144 -0.01703825965523721 0.004999999888241291
v 0.07556521147489553 -0.028875000774860403 0.0
v 0.07556521147489553 -0.028875000774860403 0.0
v 0.07907399535179144 -0.01703825965523721 0.004999999888241291
v 0.07729358226060873 -0.024221934378147143 0.004999999888241291
v 0.07556521147489553 -0.028875000774860403 0.0
v 0.07729358226060873 -0.024221934378147143 0.004999999888241291
v 0.07515901327133184 -0.030201375484466574 1.0408340855860843e-17
v 0.07515901327133184 -0.030201375484466574 1.0408340855860843e-17
v 0.07729358226060873 -0.024221934378147143 0.004999999888241291
v 0.07503127306699758 -0.03015264868736269 0.004999999888241291
v 0.07378894090652471 -0.03340945765376093 0.004999999888241291
v 0.08034393191337591 0.010288443416357047 1.474514954580286e-17
v 0.0808506458997727 0.00491663254797459 0.004999999888241291
v 0.08092701435089117 -0.0034377374686300776 1.3877787807814457e-17
v 0.08092701435089117 -0.0034377374686300776 1.3877787807814457e-17
v 0.0808506458997727 0.00491663254797459 0.004999999888241291
v 0.0808506458997727 -0.0034377374686300776 0.004999999888241291
v 0.0808506458997727 -0.00491663254797459 0.004999999888241291
v 0.07744950801134115 0.02371864393353464 1.6479873021779667e-17
v 0.0723269954323769 0.036466501653194455 1.8214596497756474e-17
v 0.07378894090652471 0.03340945765376093 0.004999999888241291
v 0.07378894090652471 0.03340945765376093 0.004999999888241291
v 0.07729358226060873 0.024221934378147143 0.004999999888241291
v 0.07744950801134115 0.02371864393353464 1.6479873021779667e-17
v 0.07744950801134115 0.02371864393353464 1.6479873021779667e-17
v 0.07729358226060873 0.024221934378147143 0.004999999888241291
v 0.07742012292146688 0.023711362853646296 0.004999999888241291
v 0.07744950801134115 0.02371864393353464 1.6479873021779667e-17
v 0.07742012292146688 0.023711362853646296 0.004999999888241291
v 0.07843412458896643 0.019150000065565123 0.0
v 0.07843412458896643 0.019150000065565123 0.0
v 0.07742012292146688 0.023711362853646296 0.004999999888241291
v 0.07965910434722906 0.014677437953650962 0.004999999888241291
v 0.07843412458896643 0.019150000065565123 0.0
v 0.07965910434722906 0.014677437953650962 0.004999999888241291
v 0.08034393191337591 0.010288443416357047 1.474514954580286e-17
v 0.08034393191337591 0.010288443416357047 1.474514954580286e-17
v 0.07965910434722906 0.014677437953650962 0.004999999888241291
v 0.08019707351922994 0.0102705154567957 0.004999999888241291
v 0.0808506458997727 0.00491663254797459 0.004999999888241291
v 0.05604704841971401 0.05847844481468205 2.0816681711721685e-17
v 0.057035949081182515 0.057514350861311 0.004999999888241291
v 0.06278208643198017 0.05082595348358158 0.0
v 0.06278208643198017 0.05082595348358158 0.0
v 0.057035949081182515 0.057514350861311 0.004999999888241291
v 0.0635849311947823 0.05017923936247829 0.004999999888241291
v 0.06278208643198017 0.05082595348358158 0.0
v 0.0635849311947823 0.05017923936247829 0.004999999888241291
v 0.06512376666069035 0.048165287822485005 1.9949319973733282e-17
v 0.06512376666069035 0.048165287822485005 1.9949319973733282e-17
v 0.0635849311947823 0.05017923936247829 0.004999999888241291
v 0.06502995640039448 0.048100087791681324 0.004999999888241291
v 0.06512376666069035 0.048165287822485005 1.9949319973733282e-17
v 0.06502995640039448 0.048100087791681324 0.004999999888241291
v 0.06957595050334935 0.04093448072671893 0.0
v 0.06957595050334935 0.04093448072671893 0.0
v 0.06502995640039448 0.048100087791681324 0.004999999888241291
v 0.06919683516025547 0.04210460931062701 0.004999999888241291
v 0.06957595050334935 0.04093448072671893 0.0
v 0.06919683516025547 0.04210460931062701 0.004999999888241291
v 0.0723269954323769 0.036466501653194455 1.8214596497756474e-17
v 0.0723269954323769 0.036466501653194455 1.8214596497756474e-17
v 0.06919683516025547 0.04210460931062701 0.004999999888241291
v 0.07220771908760075 0.036403510719537756 0.004999999888241291
v 0.07378894090652471 0.03340945765376093 0.004999999888241291
v 0.0333640016615391 0.07380950450897222 2.2551405187698492e-17
v 0.03334763273596766 0.07377787679433828 0.004999999888241291
v 0.03951034694910052 0.07037594914436344 0.0
v 0.03951034694910052 0.07037594914436344 0.0
v 0.03334763273596766 0.07377787679433828 0.004999999888241291
v 0.04152516648173335 0.06954610347747807 0.004999999888241291
v 0.03951034694910052 0.07037594914436344 0.0
v 0.04152516648173335 0.06954610347747807 0.004999999888241291
v 0.04535795748233798 0.06710927933454518 2.168404344971009e-17
v 0.04535795748233798 0.06710927933454518 2.168404344971009e-17
v 0.04152516648173335 0.06954610347747807 0.004999999888241291
v 0.04527424275875094 0.066986657679081 0.004999999888241291
v 0.04535795748233798 0.06710927933454518 2.168404344971009e-17
v 0.04527424275875094 0.066986657679081 0.004999999888241291
v 0.05162595212459568 0.06204823032021527 0.0
v 0.05162595212459568 0.06204823032021527 0.0
v 0.04527424275875094 0.066986657679081 0.004999999888241291
v 0.04964638873934749 0.06400184333324437 0.004999999888241291
v 0.05162595212459568 0.06204823032021527 0.0
v 0.04964638873934749 0.06400184333324437 0.004999999888241291
v 0.05604704841971401 0.05847844481468205 2.0816681711721685e-17
v 0.05604704841971401 0.05847844481468205 2.0816681711721685e-17
v 0.04964638873934749 0.06400184333324437 0.004999999888241291
v 0.05599949508905414 0.05842427909374241 0.004999999888241291
v 0.057035949081182515 0.057514350861311 0.004999999888241291
v -0.005591773893684152 0.08080675452947622 0.004999999888241291
v -0.006869279779493813 0.08070819824934011 2.3418766925686896e-17
v -0.005591773893684152 0.08080675452947622 0.004999999888241291
v 0.004241148009896281 0.08088888972997671 0.004999999888241291
v -0.006869279779493813 0.08070819824934011 2.3418766925686896e-17
v 0.004241148009896281 0.08088888972997671 0.004999999888241291
v 0.006869279779493813 0.08070819824934011 2.3418766925686896e-17
v 0.006869279779493813 0.08070819824934011 2.3418766925686896e-17
v 0.004241148009896281 0.08088888972997671 0.004999999888241291
v 0.006856059189885859 0.08059182018041616 0.004999999888241291
v 0.006869279779493813 0.08070819824934011 2.3418766925686896e-17
v 0.006856059189885859 0.08059182018041616 0.004999999888241291
v 0.015373509377241145 0.07925000041723257 0.0
v 0.015373509377241145 0.07925000041723257 0.0
v 0.006856059189885859 0.08059182018041616 0.004999999888241291
v 0.014011565595865258 0.07977891713380819 0.004999999888241291
v 0.015373509377241145 0.07925000041723257 0.0
v 0.014011565595865258 0.07977891713380819 0.004999999888241291
v 0.018349999561905875 0.07873962819576269 0.0
v 0.018349999561905875 0.07873962819576269 0.0
v 0.014011565595865258 0.07977891713380819 0.004999999888241291
v 0.020379319787025466 0.07825706899166113 0.004999999888241291
v 0.018349999561905875 0.07873962819576269 0.0
v 0.020379319787025466 0.07825706899166113 0.004999999888241291
v 0.020410222932696356 0.07838636636734014 2.3418766925686896e-17
v 0.020410222932696356 0.07838636636734014 2.3418766925686896e-17
v 0.020379319787025466 0.07825706899166113 0.004999999888241291
v 0.023575486615300196 0.07749320566654211 0.004999999888241291
v 0.020410222932696356 0.07838636636734014 2.3418766925686896e-17
v 0.023575486615300196 0.07749320566654211 0.004999999888241291
v 0.0333640016615391 0.07380950450897222 2.2551405187698492e-17
v 0.0333640016615391 0.07380950450897222 2.2551405187698492e-17
v 0.023575486615300196 0.07749320566654211 0.004999999888241291
v 0.03279196470975878 0.07406542450189596 0.004999999888241291
v 0.0333640016615391 0.07380950450897222 2.2551405187698492e-17
v 0.03279196470975878 0.07406542450189596 0.004999999888241291
v 0.03334763273596766 0.07377787679433828 0.004999999888241291
v -0.0333640016615391 0.07380950450897222 2.2551405187698492e-17
v -0.03334912657737734 0.07377146929502493 0.004999999888241291
v -0.020410222932696356 0.07838636636734014 2.3418766925686896e-17
v -0.006869279779493813 0.08070819824934011 2.3418766925686896e-17
v -0.015373509377241145 0.07925000041723257 0.0
v -0.015342286787927161 0.07953373342752462 0.004999999888241291
v -0.018349999561905875 0.07873962819576269 0.0
v -0.015342286787927161 0.07953373342752462 0.004999999888241291
v -0.018349999561905875 0.07873962819576269 0.0
v -0.02037320286035539 0.07824216783046728 0.004999999888241291
v -0.02037320286035539 0.07824216783046728 0.004999999888241291
v -0.018349999561905875 0.07873962819576269 0.0
v -0.020410222932696356 0.07838636636734014 2.3418766925686896e-17
v -0.02037320286035539 0.07824216783046728 0.004999999888241291
v -0.020410222932696356 0.07838636636734014 2.3418766925686896e-17
v -0.024866690859198588 0.07708857208490377 0.004999999888241291
v -0.024866690859198588 0.07708857208490377 0.004999999888241291
v -0.020410222932696356 0.07838636636734014 2.3418766925686896e-17
v -0.03334912657737734 0.07377146929502493 0.004999999888241291
v -0.034024622291326544 0.07350731641054159 0.004999999888241291
v -0.0333640016615391 0.07380950450897222 2.2551405187698492e-17
v -0.042681112885475186 0.06884273886680607 0.004999999888241291
v -0.042681112885475186 0.06884273886680607 0.004999999888241291
v -0.0333640016615391 0.07380950450897222 2.2551405187698492e-17
v -0.03951034694910052 0.07037594914436344 0.0
v -0.04535795748233798 0.06710927933454518 2.168404344971009e-17
v -0.05730804800987248 0.05724323168396953 0.004351133015006781
v -0.05604704841971401 0.05847844481468205 2.0816681711721685e-17
v -0.05730804800987248 0.05724323168396953 0.004351133015006781
v -0.05602082237601284 0.05844889581203465 0.004999999888241291
v -0.05604704841971401 0.05847844481468205 2.0816681711721685e-17
v -0.05602082237601284 0.05844889581203465 0.004999999888241291
v -0.050650000572204625 0.06283625215291981 0.0
v -0.050650000572204625 0.06283625215291981 0.0
v -0.05602082237601284 0.05844889581203465 0.004999999888241291
v -0.050708588212728535 0.06316358596086506 0.004999999888241291
v -0.050650000572204625 0.06283625215291981 0.0
v -0.050708588212728535 0.06316358596086506 0.004999999888241291
v -0.04535795748233798 0.06710927933454518 2.168404344971009e-17
v -0.04535795748233798 0.06710927933454518 2.168404344971009e-17
v -0.050708588212728535 0.06316358596086506 0.004999999888241291
v -0.04528237134218219 0.06700243800878529 0.004999999888241291
v -0.042681112885475186 0.06884273886680607 0.004999999888241291
v -0.026984322816133516 -0.07637307047843939 4.336808689942018e-18
v -0.026946125552058237 -0.07627539336681372 0.004999999888241291
v -0.039503291249275235 -0.07071414589881901 5.204170427930421e-18
v -0.026946125552058237 -0.07627539336681372 0.004999999888241291
v -0.034024622291326544 -0.07350731641054159 0.004999999888241291
v -0.039503291249275235 -0.07071414589881901 5.204170427930421e-18
v -0.039503291249275235 -0.07071414589881901 5.204170427930421e-18
v -0.034024622291326544 -0.07350731641054159 0.004999999888241291
v -0.039436880499124555 -0.0705908983945847 0.004999999888241291
v -0.039503291249275235 -0.07071414589881901 5.204170427930421e-18
v -0.039436880499124555 -0.0705908983945847 0.004999999888241291
v -0.040003661066293744 -0.07037594914436344 0.0
v -0.040003661066293744 -0.07037594914436344 0.0
v -0.039436880499124555 -0.0705908983945847 0.004999999888241291
v -0.042681112885475186 -0.06884273886680607 0.004999999888241291
v -0.040003661066293744 -0.07037594914436344 0.0
v -0.042681112885475186 -0.06884273886680607 0.004999999888241291
v -0.050650000572204625 -0.06318028271198277 0.0
v -0.050650000572204625 -0.06318028271198277 0.0
v -0.042681112885475186 -0.06884273886680607 0.004999999888241291
v -0.050708588212728535 -0.06316358596086506 0.004999999888241291
v -0.050650000572204625 -0.06318028271198277 0.0
v -0.050708588212728535 -0.06316358596086506 0.004999999888241291
v -0.05088581889867786 -0.06302089244127278 6.071532165918825e-18
v -0.05088581889867786 -0.06302089244127278 6.071532165918825e-18
v -0.050708588212728535 -0.06316358596086506 0.004999999888241291
v -0.050878569483757054 -0.06301272660493855 0.004999999888241291
v -0.056694105267524754 -0.05785134807229046 0.004999999888241291
v -0.024866690859198588 -0.07708857208490377 0.004999999888241291
v -0.026984322816133516 -0.07637307047843939 4.336808689942018e-18
v -0.015342286787927161 -0.07953373342752462 0.004999999888241291
v -0.015342286787927161 -0.07953373342752462 0.004999999888241291
v -0.026984322816133516 -0.07637307047843939 4.336808689942018e-18
v -0.018349999561905875 -0.07862127572298055 0.0
v -0.013689066283404836 -0.07983488589525228 4.336808689942018e-18
v 0.004241148009896281 -0.08088888972997671 0.004999999888241291
v 1.2239052011864268e-06 -0.08085347712039953 0.004999999888241291
v 0.0 -0.08100000023841863 4.14644175735937e-18
v -0.005591773893684152 -0.08080675452947622 0.004999999888241291
v 0.0 -0.08100000023841863 4.14644175735937e-18
v -0.005591773893684152 -0.08080675452947622 0.004999999888241291
v -0.013689066283404836 -0.07983488589525228 4.336808689942018e-18
v -0.013689066283404836 -0.07983488589525228 4.336808689942018e-18
v -0.005591773893684152 -0.08080675452947622 0.004999999888241291
v -0.013678114861249932 -0.07975100725889211 0.004999999888241291
v -0.015342286787927161 -0.07953373342752462 0.004999999888241291
v -0.05870446190238003 0.05755227804183964 0.007102313917130232
v -0.05872238427400593 0.057556241750717205 0.0071151284500956535
v -0.057350467890501064 0.058153197169303936 0.007947451435029507
v -0.05468402430415157 0.05948604643344883 0.00624348409473896
v -0.05540077015757564 0.058903153985738796 0.005800087470561266
v -0.055928546935319935 0.0584727451205254 0.006495167501270771
v -0.056783817708492314 0.0586539097130299 0.009282146580517292
v -0.05657334998250011 0.058691617101430935 0.00939631275832653
v -0.055892992764711415 0.05864680185914044 0.00874484982341528
v -0.05535465478897098 0.05890995264053349 0.010057375766336918
v -0.05485908687114719 0.05892845243215565 0.01025102287530899
v -0.054260738193988835 0.05895657464861874 0.009500394575297832
v -0.05294233933091167 0.05900000035762791 0.010999999940395355
v -0.054260738193988835 0.05895657464861874 0.009500394575297832
v -0.05294233933091167 0.05900000035762791 0.010999999940395355
v -0.05246981978416446 0.05925467610359196 0.010167189873754978
v -0.05761083960533146 0.05850574374198918 0.008833540603518486
v -0.05761083960533146 0.05850574374198918 0.008833540603518486
v -0.055892992764711415 0.05864680185914044 0.00874484982341528
v -0.057350467890501064 0.058153197169303936 0.007947451435029507
v -0.05761083960533146 0.05850574374198918 0.008833540603518486
v -0.057350467890501064 0.058153197169303936 0.007947451435029507
v -0.05810244008898739 0.058302372694015545 0.008528896607458591
v -0.05810244008898739 0.058302372694015545 0.008528896607458591
v -0.057350467890501064 0.058153197169303936 0.007947451435029507
v -0.05872238427400593 0.057556241750717205 0.0071151284500956535
v -0.05810244008898739 0.058302372694015545 0.008528896607458591
v -0.05872238427400593 0.057556241750717205 0.0071151284500956535
v -0.059493813663721126 0.05772678181529049 0.007666666526347399
v -0.054588168859481846 0.05920677632093434 0.007242936175316572
v -0.05410825461149219 0.05977810546755795 0.006572287529706955
v -0.05445170029997829 0.05960389226675038 0.006376156583428383
v -0.053134303539991413 0.059753265231847805 0.007951594889163971
v -0.05274121090769771 0.06046522408723835 0.0073478310368955135
v -0.05277876183390621 0.060452483594417614 0.007331514731049538
v -0.05159467086195949 0.0602640807628632 0.008624760434031487
v -0.05124019458889965 0.06097448989748959 0.007999999448657036
v -0.05166612192988399 0.060829978436231655 0.007814940996468067
v -0.057894550263881725 0.057373233139514965 0.00652326550334692
v -0.056588355451822316 0.058190956711769146 0.007244909647852182
v -0.057288300246000325 0.05761469155550007 0.005753984209150076
v -0.057288300246000325 0.05761469155550007 0.005753984209150076
v -0.056588355451822316 0.058190956711769146 0.007244909647852182
v -0.055928546935319935 0.0584727451205254 0.006495167501270771
v -0.057288300246000325 0.05761469155550007 0.005753984209150076
v -0.055928546935319935 0.0584727451205254 0.006495167501270771
v -0.05727821588516239 0.057618707418441814 0.005741188768297434
v -0.05727821588516239 0.057618707418441814 0.005741188768297434
v -0.055928546935319935 0.0584727451205254 0.006495167501270771
v -0.05540077015757564 0.058903153985738796 0.005800087470561266
v -0.05727821588516239 0.057618707418441814 0.005741188768297434
v -0.05540077015757564 0.058903153985738796 0.005800087470561266
v -0.056694105267524754 0.05785134807229046 0.004999999888241291
v -0.056588355451822316 0.058190956711769146 0.007244909647852182
v -0.055193074047565495 0.05879969894886021 0.00798811949789524
v -0.055928546935319935 0.0584727451205254 0.006495167501270771
v -0.055928546935319935 0.0584727451205254 0.006495167501270771
v -0.055193074047565495 0.05879969894886021 0.00798811949789524
v -0.054588168859481846 0.05920677632093434 0.007242936175316572
v -0.055928546935319935 0.0584727451205254 0.006495167501270771
v -0.054588168859481846 0.05920677632093434 0.007242936175316572
v -0.05468402430415157 0.05948604643344883 0.00624348409473896
v -0.05468402430415157 0.05948604643344883 0.00624348409473896
v -0.05274121090769771 0.06046522408723835 0.0073478310368955135
v -0.05159467086195949 0.0602640807628632 0.008624760434031487
v -0.05274121090769771 0.06046522408723835 0.0073478310368955135
v -0.053134303539991413 0.059753265231847805 0.007951594889163971
v -0.05159467086195949 0.0602640807628632 0.008624760434031487
v -0.053134303539991413 0.059753265231847805 0.007951594889163971
v -0.05159695073962215 0.060259513556957287 0.00862877443432808
v -0.05159695073962215 0.060259513556957287 0.00862877443432808
v -0.053134303539991413 0.059753265231847805 0.007951594889163971
v -0.053656294941902195 0.05922909826040272 0.008691825903952122
v -0.05159695073962215 0.060259513556957287 0.00862877443432808
v -0.053656294941902195 0.05922909826040272 0.008691825903952122
v -0.05196169018745426 0.05952854081988339 0.009271618910133839
v -0.05196169018745426 0.05952854081988339 0.009271618910133839
v -0.053656294941902195 0.05922909826040272 0.008691825903952122
v -0.052460536360740696 0.059259679168462795 0.010150827467441559
v -0.05246981978416446 0.05925467610359196 0.010167189873754978
v -0.052460536360740696 0.059259679168462795 0.010150827467441559
v -0.054260738193988835 0.05895657464861874 0.009500394575297832
v -0.054260738193988835 0.05895657464861874 0.009500394575297832
v -0.052460536360740696 0.059259679168462795 0.010150827467441559
v -0.053656294941902195 0.05922909826040272 0.008691825903952122
v -0.054260738193988835 0.05895657464861874 0.009500394575297832
v -0.053656294941902195 0.05922909826040272 0.008691825903952122
v -0.055193074047565495 0.05879969894886021 0.00798811949789524
v -0.055193074047565495 0.05879969894886021 0.00798811949789524
v -0.053656294941902195 0.05922909826040272 0.008691825903952122
v -0.053134303539991413 0.059753265231847805 0.007951594889163971
v -0.055193074047565495 0.05879969894886021 0.00798811949789524
v -0.053134303539991413 0.059753265231847805 0.007951594889163971
v -0.054588168859481846 0.05920677632093434 0.007242936175316572
v -0.054588168859481846 0.05920677632093434 0.007242936175316572
v -0.053134303539991413 0.059753265231847805 0.007951594889163971
v -0.05277876183390621 0.060452483594417614 0.007331514731049538
v -0.05277876183390621 0.060452483594417614 0.007331514731049538
v -0.057894550263881725 0.057373233139514965 0.00652326550334692
v -0.05870446190238003 0.05755227804183964 0.007102313917130232
v -0.056588355451822316 0.058190956711769146 0.007244909647852182
v -0.056588355451822316 0.058190956711769146 0.007244909647852182
v -0.05870446190238003 0.05755227804183964 0.007102313917130232
v -0.057350467890501064 0.058153197169303936 0.007947451435029507
v -0.056588355451822316 0.058190956711769146 0.007244909647852182
v -0.057350467890501064 0.058153197169303936 0.007947451435029507
v -0.055193074047565495 0.05879969894886021 0.00798811949789524
v -0.055193074047565495 0.05879969894886021 0.00798811949789524
v -0.057350467890501064 0.058153197169303936 0.007947451435029507
v -0.055892992764711415 0.05864680185914044 0.00874484982341528
v -0.055193074047565495 0.05879969894886021 0.00798811949789524
v -0.055892992764711415 0.05864680185914044 0.00874484982341528
v -0.054260738193988835 0.05895657464861874 0.009500394575297832
v -0.054260738193988835 0.05895657464861874 0.009500394575297832
v -0.055892992764711415 0.05864680185914044 0.00874484982341528
v -0.05657334998250011 0.058691617101430935 0.00939631275832653
v -0.054260738193988835 0.05895657464861874 0.009500394575297832
v -0.05657334998250011 0.058691617101430935 0.00939631275832653
v -0.05535465478897098 0.05890995264053349 0.010057375766336918
v -0.0498423203825951 0.06047104671597485 0.0090227285400033
v -0.05014654994010929 0.059668708592653316 0.009854862466454506
v -0.048232816159725224 0.05982349067926411 0.010174084454774857
v -0.0498423203825951 0.06047104671597485 0.0090227285400033
v -0.04961919412016872 0.06144983321428303 0.008418968878686428
v -0.05124019458889965 0.06097448989748959 0.007999999448657036
v -0.048037089407444035 0.06080118566751484 0.009283767081797123
v -0.048687383532524144 0.06172308325767521 0.00865980889648199
v -0.049390789121389424 0.061516813933849376 0.008478003554046154
v -0.04505435377359393 0.06277834624052052 0.008990717120468616
v -0.04612276703119281 0.06246801465749745 0.008893403224647045
v -0.04618209972977641 0.06115289032459263 0.0093630226328969
v -0.04791033640503887 0.061948787420988125 0.008730584755539894
v -0.04618209972977641 0.06115289032459263 0.0093630226328969
v -0.04791033640503887 0.061948787420988125 0.008730584755539894
v -0.048037089407444035 0.06080118566751484 0.009283767081797123
v -0.048037089407444035 0.06080118566751484 0.009283767081797123
v -0.04791033640503887 0.061948787420988125 0.008730584755539894
v -0.048035662621259724 0.061912383884191555 0.008719169534742832
v -0.048687383532524144 0.06172308325767521 0.00865980889648199
v -0.05196169018745426 0.05952854081988339 0.009271618910133839
v -0.05014654994010929 0.059668708592653316 0.009854862466454506
v -0.05159695073962215 0.060259513556957287 0.00862877443432808
v -0.05159695073962215 0.060259513556957287 0.00862877443432808
v -0.05014654994010929 0.059668708592653316 0.009854862466454506
v -0.0498423203825951 0.06047104671597485 0.0090227285400033
v -0.05159695073962215 0.060259513556957287 0.00862877443432808
v -0.0498423203825951 0.06047104671597485 0.0090227285400033
v -0.05159467086195949 0.0602640807628632 0.008624760434031487
v -0.05159467086195949 0.0602640807628632 0.008624760434031487
v -0.0498423203825951 0.06047104671597485 0.0090227285400033
v -0.05124019458889965 0.06097448989748959 0.007999999448657036
v -0.04427188634872439 0.063000001013279 0.008999999612569809
v -0.04505435377359393 0.06277834624052052 0.008990717120468616
v -0.04427188634872439 0.061529923230409664 0.009292416274547577
v -0.04427188634872439 0.061529923230409664 0.009292416274547577
v -0.04505435377359393 0.06277834624052052 0.008990717120468616
v -0.04618209972977641 0.06115289032459263 0.0093630226328969
v -0.04427188634872439 0.061529923230409664 0.009292416274547577
v -0.04618209972977641 0.06115289032459263 0.0093630226328969
v -0.04427188634872439 0.06146926805377011 0.00930448155850172
v -0.04427188634872439 0.06146926805377011 0.00930448155850172
v -0.04618209972977641 0.06115289032459263 0.0093630226328969
v -0.04427188634872439 0.060171574354171795 0.010171572677791119
v -0.04427188634872439 0.05900000035762791 0.013000000268220901
v -0.04427188634872439 0.05929241701960568 0.011529922485351562
v -0.04773446917533878 0.05900000035762791 0.012735369615256786
v -0.04773446917533878 0.05900000035762791 0.012735369615256786
v -0.04427188634872439 0.05929241701960568 0.011529922485351562
v -0.04847502708435062 0.05920013040304188 0.011329454369843006
v -0.04773446917533878 0.05900000035762791 0.012735369615256786
v -0.04847502708435062 0.05920013040304188 0.011329454369843006
v -0.04871033132076267 0.05900000035762791 0.01249963790178299
v -0.05050977319478992 0.059163451194763225 0.010873699560761452
v -0.052460536360740696 0.059259679168462795 0.010150827467441559
v -0.05246981978416446 0.05925467610359196 0.010167189873754978
v -0.0505517274141312 0.05900000035762791 0.012054825201630592
v -0.0505517274141312 0.05900000035762791 0.012054825201630592
v -0.04847502708435062 0.05920013040304188 0.011329454369843006
v -0.05050977319478992 0.059163451194763225 0.010873699560761452
v -0.0505517274141312 0.05900000035762791 0.012054825201630592
v -0.05050977319478992 0.059163451194763225 0.010873699560761452
v -0.05087129026651386 0.05900000035762791 0.011913822032511234
v -0.05087129026651386 0.05900000035762791 0.011913822032511234
v -0.05050977319478992 0.059163451194763225 0.010873699560761452
v -0.05246981978416446 0.05925467610359196 0.010167189873754978
v -0.05087129026651386 0.05900000035762791 0.011913822032511234
v -0.05246981978416446 0.05925467610359196 0.010167189873754978
v -0.05294233933091167 0.05900000035762791 0.010999999940395355
v -0.04427188634872439 0.059304483234882396 0.011469266377389431
v -0.04427188634872439 0.060171574354171795 0.010171572677791119
v -0.046276863664388684 0.059990648180246395 0.010272262617945671
v -0.046276863664388684 0.059990648180246395 0.010272262617945671
v -0.04427188634872439 0.060171574354171795 0.010171572677791119
v -0.04618209972977641 0.06115289032459263 0.0093630226328969
v -0.046276863664388684 0.059990648180246395 0.010272262617945671
v -0.04618209972977641 0.06115289032459263 0.0093630226328969
v -0.048232816159725224 0.05982349067926411 0.010174084454774857
v -0.048232816159725224 0.05982349067926411 0.010174084454774857
v -0.04618209972977641 0.06115289032459263 0.0093630226328969
v -0.048037089407444035 0.06080118566751484 0.009283767081797123
v -0.048232816159725224 0.05982349067926411 0.010174084454774857
v -0.048037089407444035 0.06080118566751484 0.009283767081797123
v -0.0498423203825951 0.06047104671597485 0.0090227285400033
v -0.0498423203825951 0.06047104671597485 0.0090227285400033
v -0.048037089407444035 0.06080118566751484 0.009283767081797123
v -0.049390789121389424 0.061516813933849376 0.008478003554046154
v -0.049390789121389424 0.061516813933849376 0.008478003554046154
v -0.05196169018745426 0.05952854081988339 0.009271618910133839
v -0.052460536360740696 0.059259679168462795 0.010150827467441559
v -0.05014654994010929 0.059668708592653316 0.009854862466454506
v -0.05014654994010929 0.059668708592653316 0.009854862466454506
v -0.052460536360740696 0.059259679168462795 0.010150827467441559
v -0.05050977319478992 0.059163451194763225 0.010873699560761452
v -0.05014654994010929 0.059668708592653316 0.009854862466454506
v -0.05050977319478992 0.059163451194763225 0.010873699560761452
v -0.048232816159725224 0.05982349067926411 0.010174084454774857
v -0.048232816159725224 0.05982349067926411 0.010174084454774857
v -0.05050977319478992 0.059163451194763225 0.010873699560761452
v -0.04847502708435062 0.05920013040304188 0.011329454369843006
v -0.048232816159725224 0.05982349067926411 0.010174084454774857
v -0.04847502708435062 0.05920013040304188 0.011329454369843006
v -0.046276863664388684 0.059990648180246395 0.010272262617945671
v -0.046276863664388684 0.059990648180246395 0.010272262617945671
v -0.04847502708435062 0.05920013040304188 0.011329454369843006
v -0.04427188634872439 0.05929241701960568 0.011529922485351562
v -0.046276863664388684 0.059990648180246395 0.010272262617945671
v -0.04427188634872439 0.05929241701960568 0.011529922485351562
v -0.04427188634872439 0.059304483234882396 0.011469266377389431
v -0.04094673693180087 -0.06066587939858441 0.009751633740961552
v -0.04094673693180087 -0.06001410260796551 0.010471697896718979
v -0.04427188634872439 -0.060267947614193004 0.010267948731780052
v -0.04427188634872439 -0.060267947614193004 0.010267948731780052
v -0.04094673693180087 -0.06001410260796551 0.010471697896718979
v -0.04427188634872439 -0.05953589826822285 0.010999999940395355
v -0.04094673693180087 -0.06066587939858441 0.009751633740961552
v -0.04427188634872439 -0.060267947614193004 0.010267948731780052
v -0.041279103606939344 -0.06101925298571591 0.009573332034051418
v -0.041279103606939344 -0.06101925298571591 0.009573332034051418
v -0.04427188634872439 -0.060267947614193004 0.010267948731780052
v -0.04427188634872439 -0.06100000068545346 0.009535898454487324
v -0.041279103606939344 -0.06101925298571591 0.009573332034051418
v -0.04427188634872439 -0.06100000068545346 0.009535898454487324
v -0.04198895394802096 -0.061773966997861904 0.009192527271807194
v -0.04198895394802096 -0.061773966997861904 0.009192527271807194
v -0.04427188634872439 -0.06100000068545346 0.009535898454487324
v -0.04427188634872439 -0.06155604124069218 0.009386908262968063
v -0.04198895394802096 -0.061773966997861904 0.009192527271807194
v -0.04427188634872439 -0.06155604124069218 0.009386908262968063
v -0.04222711548209193 -0.06222110241651539 0.009122313000261784
v -0.04222711548209193 -0.06222110241651539 0.009122313000261784
v -0.04427188634872439 -0.06155604124069218 0.009386908262968063
v -0.04427188634872439 -0.063000001013279 0.008999999612569809
v -0.04222711548209193 -0.06222110241651539 0.009122313000261784
v -0.04427188634872439 -0.063000001013279 0.008999999612569809
v -0.04264198988676074 -0.063000001013279 0.008999999612569809
v -0.04094673320651057 -0.05900000035762791 0.012999999336898327
v -0.04427188634872439 -0.05900000035762791 0.013000000268220901
v -0.04094673320651057 -0.05922214686870579 0.012170934118330479
v -0.04427188634872439 -0.059386909008026165 0.011556040495634079
v -0.04094673693180087 -0.05946728214621548 0.011256074532866478
v -0.04427188634872439 -0.05953589826822285 0.010999999940395355
v -0.04094673693180087 -0.05953589826822285 0.010999999940395355
v -0.04094673693180087 -0.05953589826822285 0.010999999940395355
v -0.04427188634872439 -0.05953589826822285 0.010999999940395355
v -0.04094673693180087 -0.06001410260796551 0.010471697896718979
v -0.04427188634872439 -0.063000001013279 0.008999999612569809
v -0.04290577769279483 -0.06393820792436604 0.008999999612569809
v -0.04264198988676074 -0.063000001013279 0.008999999612569809
v -0.03868153318762782 -0.059246551245451015 0.012616852298378944
v -0.04094673320651057 -0.05900000035762791 0.012999999336898327
v -0.04094673320651057 -0.05922214686870579 0.012170934118330479
v -0.03803335130214694 -0.059477828443050426 0.01213472057133913
v -0.03785777091979983 -0.05946355685591702 0.012477821670472622
v -0.038020744919776944 -0.05942062661051754 0.01250532828271389
v -0.03803335130214694 -0.059477828443050426 0.01213472057133913
v -0.038020744919776944 -0.05942062661051754 0.01250532828271389
v -0.03835397958755496 -0.05952901765704159 0.011761154048144817
v -0.0390892140567303 -0.05970800295472149 0.011035790666937828
v -0.03891765326261523 -0.0596377477049828 0.011162840761244297
v -0.04094673320651057 -0.05922214686870579 0.012170934118330479
v -0.038020744919776944 -0.05942062661051754 0.01250532828271389
v -0.03868153318762782 -0.059246551245451015 0.012616852298378944
v -0.03835397958755496 -0.05952901765704159 0.011761154048144817
v -0.03835397958755496 -0.05952901765704159 0.011761154048144817
v -0.03868153318762782 -0.059246551245451015 0.012616852298378944
v -0.04094673320651057 -0.05922214686870579 0.012170934118330479
v -0.03835397958755496 -0.05952901765704159 0.011761154048144817
v -0.04094673320651057 -0.05922214686870579 0.012170934118330479
v -0.03869761526584628 -0.05958387628197674 0.011360784992575645
v -0.03869761526584628 -0.05958387628197674 0.011360784992575645
v -0.04094673320651057 -0.05922214686870579 0.012170934118330479
v -0.03891765326261523 -0.0596377477049828 0.011162840761244297
v -0.04094673693180087 -0.06001410260796551 0.010471697896718979
v -0.04001628980040553 -0.060087651014328045 0.010349245741963387
v -0.04094673693180087 -0.05953589826822285 0.010999999940395355
v -0.04094673693180087 -0.05953589826822285 0.010999999940395355
v -0.04001628980040553 -0.060087651014328045 0.010349245741963387
v -0.0390892140567303 -0.05970800295472149 0.011035790666937828
v -0.04094673693180087 -0.05953589826822285 0.010999999940395355
v -0.0390892140567303 -0.05970800295472149 0.011035790666937828
v -0.04094673693180087 -0.05946728214621548 0.011256074532866478
v -0.04094673320651057 -0.05922214686870579 0.012170934118330479
v -0.04094673693180087 -0.06066587939858441 0.009751633740961552
v -0.04024836421012881 -0.06019119918346409 0.01018132921308279
v -0.04094673693180087 -0.06001410260796551 0.010471697896718979
v -0.04094673693180087 -0.06001410260796551 0.010471697896718979
v -0.04024836421012881 -0.06019119918346409 0.01018132921308279
v -0.04021686315536502 -0.06016978621482853 0.010200711898505688
v -0.04094673693180087 -0.06001410260796551 0.010471697896718979
v -0.04021686315536502 -0.06016978621482853 0.010200711898505688
v -0.04001628980040553 -0.060087651014328045 0.010349245741963387
v -0.07949999719858175 -0.05900000035762791 0.010999999940395355
v -0.05294233933091167 -0.05900000035762791 0.010999999940395355
v -0.07949999719858175 -0.05900000035762791 0.054999999701976776
v -0.05088626220822338 -0.05900000035762791 0.011901261284947395
v -0.05048711225390438 -0.05900000035762791 0.012076223269104958
v -0.04427188634872439 -0.05900000035762791 0.013000000268220901
v -0.04094673320651057 -0.05900000035762791 0.012999999336898327
v -0.03125341236591341 -0.05900000035762791 0.03374448046088219
v -0.048725724220275914 -0.05900000035762791 0.012498019263148308
v -0.04773429781198505 -0.05900000035762791 0.01273543294519186
v -0.022019715979695334 -0.05900000035762791 0.054999999701976776
v -0.031194906681776068 -0.05900000035762791 0.03386968746781349
v -0.04584792628884318 -0.05400000140070919 0.05999999865889549
v -0.07949999719858175 -0.05400000140070919 0.05999999865889549
v -0.07949999719858175 -0.05569192022085193 0.05954665318131447
v -0.03183437138795855 -0.057188320904970204 0.05878465622663498
v -0.034081440418958685 -0.05678590759634975 0.05915220454335213
v -0.07949999719858175 -0.057415064424276394 0.058415062725543976
v -0.07949999719858175 -0.057415064424276394 0.058415062725543976
v -0.034081440418958685 -0.05678590759634975 0.05915220454335213
v -0.03894228115677836 -0.055737763643264805 0.05965552106499672
v -0.07949999719858175 -0.057415064424276394 0.058415062725543976
v -0.03894228115677836 -0.055737763643264805 0.05965552106499672
v -0.07949999719858175 -0.056499999016523396 0.05933012813329697
v -0.07949999719858175 -0.056499999016523396 0.05933012813329697
v -0.03894228115677836 -0.055737763643264805 0.05965552106499672
v -0.03902878239750865 -0.055719111114740406 0.05966447666287422
v -0.07949999719858175 -0.056499999016523396 0.05933012813329697
v -0.03902878239750865 -0.055719111114740406 0.05966447666287422
v -0.07949999719858175 -0.05569192022085193 0.05954665318131447
v -0.07949999719858175 -0.05569192022085193 0.05954665318131447
v -0.03902878239750865 -0.055719111114740406 0.05966447666287422
v -0.04004818201065066 -0.05549929663538936 0.05977003276348114
v -0.07949999719858175 -0.05569192022085193 0.05954665318131447
v -0.04004818201065066 -0.05549929663538936 0.05977003276348114
v -0.04584792628884318 -0.05400000140070919 0.05999999865889549
v -0.03008781559765341 -0.05750110000371937 0.05849897861480713
v -0.03008781559765341 -0.05750110000371937 0.05849897861480713
v -0.07949999719858175 -0.057415064424276394 0.058415062725543976
v -0.07949999719858175 -0.058330126106739086 0.057500001043081284
v -0.03008781559765341 -0.05750110000371937 0.05849897861480713
v -0.07949999719858175 -0.058330126106739086 0.057500001043081284
v -0.028327321633696573 -0.0578163713216782 0.05821102112531662
v -0.023476976901292818 -0.058593090623617214 0.05694635957479477
v -0.024231595918536204 -0.05849413573741917 0.05719151347875595
v -0.07949999719858175 -0.05854665115475659 0.05669191852211952
v -0.07949999719858175 -0.05854665115475659 0.05669191852211952
v -0.024231595918536204 -0.05849413573741917 0.05719151347875595
v -0.07949999719858175 -0.058330126106739086 0.057500001043081284
v -0.023476976901292818 -0.058593090623617214 0.05694635957479477
v -0.024127760902047175 -0.05848858505487446 0.057202957570552826
v -0.024231595918536204 -0.05849413573741917 0.05719151347875595
v -0.024231595918536204 -0.05849413573741917 0.05719151347875595
v -0.024127760902047175 -0.05848858505487446 0.057202957570552826
v -0.02498621493577959 -0.058352749794721645 0.05741535872220993
v -0.024231595918536204 -0.05849413573741917 0.05719151347875595
v -0.02498621493577959 -0.058352749794721645 0.05741535872220993
v -0.07949999719858175 -0.058330126106739086 0.057500001043081284
v -0.07949999719858175 -0.058330126106739086 0.057500001043081284
v -0.02498621493577959 -0.058352749794721645 0.05741535872220993
v -0.027957575395703333 -0.057882588356733364 0.05815054103732109
v -0.027957575395703333 -0.057882588356733364 0.05815054103732109
v -0.022019715979695334 -0.05900000035762791 0.054999999701976776
v -0.021812146529555335 -0.05899599939584736 0.05519656836986542
v -0.07949999719858175 -0.05900000035762791 0.054999999701976776
v -0.07949999719858175 -0.05900000035762791 0.054999999701976776
v -0.021812146529555335 -0.05899599939584736 0.05519656836986542
v -0.02164218202233316 -0.05897582694888119 0.05548951402306557
v -0.021731438115239157 -0.0589058138430119 0.05596526712179184
v -0.07949999719858175 -0.05900000035762791 0.054999999701976776
v -0.021631263196468367 -0.05894802138209347 0.05571592226624489
v -0.021631263196468367 -0.05894802138209347 0.05571592226624489
v -0.07949999719858175 -0.05900000035762791 0.054999999701976776
v -0.02164218202233316 -0.05897582694888119 0.05548951402306557
v -0.021631263196468367 -0.05894802138209347 0.05571592226624489
v -0.02164218202233316 -0.05897582694888119 0.05548951402306557
v -0.021624321117997183 -0.058950945734977764 0.05569864436984062
v -0.021731438115239157 -0.0589058138430119 0.05596526712179184
v -0.02225553430616857 -0.0587994866073132 0.056372158229351044
v -0.07949999719858175 -0.05900000035762791 0.054999999701976776
v -0.07949999719858175 -0.05900000035762791 0.054999999701976776
v -0.02225553430616857 -0.0587994866073132 0.056372158229351044
v -0.02249788306653501 -0.0587503165006638 0.05656031146645546
v -0.07949999719858175 -0.05900000035762791 0.054999999701976776
v -0.02249788306653501 -0.0587503165006638 0.05656031146645546
v -0.07949999719858175 -0.05854665115475659 0.05669191852211952
v -0.07949999719858175 -0.05854665115475659 0.05669191852211952
v -0.02249788306653501 -0.0587503165006638 0.05656031146645546
v -0.02292154170572759 -0.05868228524923329 0.05672735720872879
v -0.07949999719858175 -0.05854665115475659 0.05669191852211952
v -0.02292154170572759 -0.05868228524923329 0.05672735720872879
v -0.023476976901292818 -0.058593090623617214 0.05694635957479477
v -0.05038407817482952 -0.049794368445873295 0.05999999865889549
v -0.07949999719858175 -0.05400000140070919 0.05999999865889549
v -0.047948639839887654 -0.052052352577447926 0.05999999865889549
v -0.04584792628884318 -0.05400000140070919 0.05999999865889549
v -0.05419573932886127 -0.04557964578270915 0.05999999865889549
v -0.05459205433726314 -0.04514142498373988 0.05999999865889549
v -0.058360207825899166 -0.040151331573724774 0.05999999865889549
v -0.07063356786966328 0.004497032612562182 0.05999999865889549
v -0.07052414864301686 0.006661642808467154 0.05999999865889549
v -0.07949999719858175 0.05400000140070919 0.05999999865889549
v -0.06965684145689015 0.012882674112916001 0.05999999865889549
v -0.06953208893537526 0.013422758318483838 0.05999999865889549
v -0.0682502314448357 0.018972339108586325 0.05999999865889549
v -0.06722495704889302 0.02211750671267511 0.05999999865889549
v -0.06631957739591603 0.024894885718822497 0.05999999865889549
v -0.05950451269745831 -0.03832050785422328 0.05999999865889549
v -0.061663325875997585 -0.034866519272327444 0.05999999865889549
v -0.06389977037906651 -0.03047189675271513 0.05999999865889549
v -0.06388458609580998 0.03060709685087206 0.05999999865889549
v -0.060970868915319484 0.03606363758444788 0.05999999865889549
v -0.059502024203538936 0.038317486643791226 0.05999999865889549
v -0.057611536234617275 0.04121832177042964 0.05999999865889549
v -0.05419500917196277 0.04558120295405391 0.05999999865889549
v -0.05382813140749935 0.046049702912569074 0.05999999865889549
v -0.049653481692075764 0.05052297934889797 0.05999999865889549
v -0.04796309024095539 0.0520674400031567 0.05999999865889549
v -0.04584792628884318 0.05400000140070919 0.05999999865889549
v -0.0644808262586594 -0.029330125078558943 0.05999999865889549
v -0.06679366528987889 -0.023593245074152964 0.05999999865889549
v -0.06724185496568684 -0.02212402038276197 0.05999999865889549
v -0.06858985126018528 -0.017705168575048457 0.05999999865889549
v -0.06950067728757862 -0.01341649144887925 0.05999999865889549
v -0.06986533105373387 -0.011699521914124496 0.05999999865889549
v -0.07061450183391575 -0.005624107085168365 0.05999999865889549
v -0.07065539062023167 -0.004498698748648169 0.05999999865889549
v -0.07083642482757573 0.0004838224849663678 0.05999999865889549
v -0.028354728594422358 0.05780691653490071 0.058187421411275864
v -0.02510927803814413 0.0583354271948338 0.05749080702662468
v -0.07949999719858175 0.058330126106739086 0.057500001043081284
v -0.022790359333157553 0.058700915426015896 0.05670468509197235
v -0.022260805591940894 0.058799445629119915 0.05636744201183319
v -0.022140260785818114 0.05895192548632626 0.0556916818022728
v -0.022019715979695334 0.05900000035762791 0.054999999701976776
v -0.07949999719858175 0.05900000035762791 0.054999999701976776
v -0.022140260785818114 0.05895192548632626 0.0556916818022728
v -0.022140260785818114 0.05895192548632626 0.0556916818022728
v -0.07949999719858175 0.05900000035762791 0.054999999701976776
v -0.07949999719858175 0.05854665115475659 0.05669191852211952
v -0.02167560718953611 0.058983832597732586 0.055400554090738297
v -0.022019715979695334 0.05900000035762791 0.054999999701976776
v -0.021620443090796485 0.05895759165287022 0.05564973130822182
v -0.021620443090796485 0.05895759165287022 0.05564973130822182
v -0.022019715979695334 0.05900000035762791 0.054999999701976776
v -0.022140260785818114 0.05895192548632626 0.0556916818022728
v -0.021620443090796485 0.05895759165287022 0.05564973130822182
v -0.022140260785818114 0.05895192548632626 0.0556916818022728
v -0.021632717922329917 0.05894773453474049 0.05571723356842995
v -0.021646814420819296 0.05893641710281376 0.05579473823308945
v -0.021846076473593726 0.058876611292362255 0.05610332638025284
v -0.022140260785818114 0.05895192548632626 0.0556916818022728
v -0.021846076473593726 0.058876611292362255 0.05610332638025284
v -0.021647492423653616 0.0589360781013966 0.05579681694507599
v -0.022140260785818114 0.05895192548632626 0.0556916818022728
v -0.021647492423653616 0.0589360781013966 0.05579681694507599
v -0.021646814420819296 0.05893641710281376 0.05579473823308945
v -0.022790359333157553 0.058700915426015896 0.05670468509197235
v -0.022140260785818114 0.05895192548632626 0.0556916818022728
v -0.022863499820232405 0.058689385652542156 0.056729480624198914
v -0.022863499820232405 0.058689385652542156 0.056729480624198914
v -0.022140260785818114 0.05895192548632626 0.0556916818022728
v -0.07949999719858175 0.05854665115475659 0.05669191852211952
v -0.022863499820232405 0.058689385652542156 0.056729480624198914
v -0.07949999719858175 0.05854665115475659 0.05669191852211952
v -0.02347655966877939 0.05859276279807095 0.056937310844659805
v -0.07949999719858175 0.058330126106739086 0.057500001043081284
v -0.02510927803814413 0.0583354271948338 0.05749080702662468
v -0.07949999719858175 0.05854665115475659 0.05669191852211952
v -0.07949999719858175 0.05854665115475659 0.05669191852211952
v -0.02510927803814413 0.0583354271948338 0.05749080702662468
v -0.02499105595052244 0.058354061096906704 0.057450730353593826
v -0.07949999719858175 0.05854665115475659 0.05669191852211952
v -0.02499105595052244 0.058354061096906704 0.057450730353593826
v -0.02347655966877939 0.05859276279807095 0.056937310844659805
v -0.07949999719858175 0.057415064424276394 0.058415062725543976
v -0.030013829469680807 0.057533714920282406 0.058533549308776855
v -0.07949999719858175 0.058330126106739086 0.057500001043081284
v -0.07949999719858175 0.058330126106739086 0.057500001043081284
v -0.030013829469680807 0.057533714920282406 0.058533549308776855
v -0.02983349934220316 0.057566098868846935 0.05850483104586601
v -0.02983349934220316 0.057566098868846935 0.05850483104586601
v -0.03896425291895869 0.05572028458118442 0.05963997170329094
v -0.03404292091727259 0.05679341405630115 0.05914704129099846
v -0.07949999719858175 0.056499999016523396 0.05933012813329697
v -0.07949999719858175 0.056499999016523396 0.05933012813329697
v -0.03404292091727259 0.05679341405630115 0.05914704129099846
v -0.07949999719858175 0.057415064424276394 0.058415062725543976
v -0.03896425291895869 0.05572028458118442 0.05963997170329094
v -0.07949999719858175 0.056499999016523396 0.05933012813329697
v -0.03900944814085963 0.05571042746305469 0.05964450165629387
v -0.03900944814085963 0.05571042746305469 0.05964450165629387
v -0.07949999719858175 0.056499999016523396 0.05933012813329697
v -0.07949999719858175 0.05569192022085193 0.05954665318131447
v -0.03900944814085963 0.05571042746305469 0.05964450165629387
v -0.07949999719858175 0.05569192022085193 0.05954665318131447
v -0.0407797880470753 0.055324394255876576 0.05982182174921036
v -0.03404292091727259 0.05679341405630115 0.05914704129099846
v -0.03308636695146563 0.05697835609316829 0.05901620164513588
v -0.07949999719858175 0.057415064424276394 0.058415062725543976
v -0.07949999719858175 0.057415064424276394 0.058415062725543976
v -0.03308636695146563 0.05697835609316829 0.05901620164513588
v -0.0330808572471142 0.05697939917445186 0.0590154267847538
v -0.07949999719858175 0.057415064424276394 0.058415062725543976
v -0.0330808572471142 0.05697939917445186 0.0590154267847538
v -0.033036794513463995 0.05698774382472042 0.05900922045111656
v -0.033036794513463995 0.05698774382472042 0.05900922045111656
v -0.032684605568647405 0.05705404654145244 0.05895892158150673
v -0.07949999719858175 0.057415064424276394 0.058415062725543976
v -0.07949999719858175 0.057415064424276394 0.058415062725543976
v -0.032684605568647405 0.05705404654145244 0.05895892158150673
v -0.03184867277741434 0.057204179465770756 0.05882578343153
v -0.030013829469680807 0.057533714920282406 0.058533549308776855
v -0.07949999719858175 0.05400000140070919 0.05999999865889549
v -0.04584792628884318 0.05400000140070919 0.05999999865889549
v -0.07949999719858175 0.05569192022085193 0.05954665318131447
v -0.07949999719858175 0.05569192022085193 0.05954665318131447
v -0.04584792628884318 0.05400000140070919 0.05999999865889549
v -0.042441599071025876 0.05489013344049457 0.059880245476961136
v -0.0407797880470753 0.055324394255876576 0.05982182174921036
v -0.03125341236591341 0.05900000035762791 0.03374448046088219
v -0.04094673320651057 0.05900000035762791 0.012999999336898327
v -0.04427188634872439 0.05900000035762791 0.013000000268220901
v -0.07949999719858175 0.05900000035762791 0.054999999701976776
v -0.04773446917533878 0.05900000035762791 0.012735369615256786
v -0.04871033132076267 0.05900000035762791 0.01249963790178299
v -0.05294233933091167 0.05900000035762791 0.010999999940395355
v -0.07949999719858175 0.05900000035762791 0.010999999940395355
v -0.05087129026651386 0.05900000035762791 0.011913822032511234
v -0.0505517274141312 0.05900000035762791 0.012054825201630592
v -0.031194906681776068 0.05900000035762791 0.03386968746781349
v -0.022019715979695334 0.05900000035762791 0.054999999701976776
v -0.03802262246608737 0.05943167954683308 0.012505677528679371
v -0.037857763469219236 0.05946355685591702 0.012477833777666092
v -0.03833675384521487 0.0595171228051186 0.011742091737687588
v -0.04094673693180087 0.05999470874667172 0.010436270385980606
v -0.04022169858217242 0.06023666635155682 0.010221127420663834
v -0.04094673693180087 0.060171574354171795 0.010171572677791119
v -0.04094673693180087 0.060171574354171795 0.010171572677791119
v -0.04022169858217242 0.06023666635155682 0.010221127420663834
v -0.04094673693180087 0.06066587939858441 0.009751633740961552
v -0.04094673693180087 0.05944861471652989 0.011253556236624718
v -0.03959982097148898 0.059868525713682216 0.010623820126056671
v -0.04094673693180087 0.05999470874667172 0.010436270385980606
v -0.04094673693180087 0.05999470874667172 0.010436270385980606
v -0.03959982097148898 0.059868525713682216 0.010623820126056671
v -0.04001045599579814 0.06011161580681805 0.010357916355133057
v -0.04022169858217242 0.06023666635155682 0.010221127420663834
v -0.03802262246608737 0.05943167954683308 0.012505677528679371
v -0.03833675384521487 0.0595171228051186 0.011742091737687588
v -0.04006291553378108 0.059037145227193874 0.0128502631559968
v -0.04094673320651057 0.05900000035762791 0.012999999336898327
v -0.04006291553378108 0.059037145227193874 0.0128502631559968
v -0.04094673320651057 0.059171985834837 0.012135361321270466
v -0.04094673320651057 0.059171985834837 0.012135361321270466
v -0.04006291553378108 0.059037145227193874 0.0128502631559968
v -0.03833675384521487 0.0595171228051186 0.011742091737687588
v -0.04094673320651057 0.059171985834837 0.012135361321270466
v -0.03833675384521487 0.0595171228051186 0.011742091737687588
v -0.04094673693180087 0.059304483234882396 0.011469266377389431
v -0.04094673693180087 0.059304483234882396 0.011469266377389431
v -0.03833675384521487 0.0595171228051186 0.011742091737687588
v -0.03836354613304141 0.059520121663808864 0.011700942181050777
v -0.04094673693180087 0.059304483234882396 0.011469266377389431
v -0.03836354613304141 0.059520121663808864 0.011700942181050777
v -0.04094673693180087 0.05944861471652989 0.011253556236624718
v -0.04094673693180087 0.05944861471652989 0.011253556236624718
v -0.03836354613304141 0.059520121663808864 0.011700942181050777
v -0.03912963718175891 0.059736017137765926 0.011033475399017334
v -0.03959982097148898 0.059868525713682216 0.010623820126056671
v -0.04427188634872439 0.06146926805377011 0.00930448155850172
v -0.04202740266919139 0.06182898581027989 0.009175248444080353
v -0.04223176836967471 0.062218379229307216 0.009116973727941513
v -0.04427188634872439 0.06146926805377011 0.00930448155850172
v -0.04223176836967471 0.062218379229307216 0.009116973727941513
v -0.04427188634872439 0.061529923230409664 0.009292416274547577
v -0.04427188634872439 0.061529923230409664 0.009292416274547577
v -0.04223176836967471 0.062218379229307216 0.009116973727941513
v -0.04264198988676074 0.063000001013279 0.008999999612569809
v -0.04427188634872439 0.061529923230409664 0.009292416274547577
v -0.04264198988676074 0.063000001013279 0.008999999612569809
v -0.04427188634872439 0.063000001013279 0.008999999612569809
v -0.04094673693180087 0.05999470874667172 0.010436270385980606
v -0.04094673693180087 0.060171574354171795 0.010171572677791119
v -0.04427188634872439 0.060171574354171795 0.010171572677791119
v -0.04427188634872439 0.060171574354171795 0.010171572677791119
v -0.04094673693180087 0.060171574354171795 0.010171572677791119
v -0.04094673693180087 0.06066587939858441 0.009751633740961552
v -0.04427188634872439 0.060171574354171795 0.010171572677791119
v -0.04094673693180087 0.06066587939858441 0.009751633740961552
v -0.04427188634872439 0.06146926805377011 0.00930448155850172
v -0.04427188634872439 0.06146926805377011 0.00930448155850172
v -0.04094673693180087 0.06066587939858441 0.009751633740961552
v -0.04171096533536914 0.061488408595323604 0.00934402272105217
v -0.04202740266919139 0.06182898581027989 0.009175248444080353
v -0.04094673693180087 0.05944861471652989 0.011253556236624718
v -0.04427188634872439 0.059304483234882396 0.011469266377389431
v -0.04094673693180087 0.059304483234882396 0.011469266377389431
v -0.04094673693180087 0.059304483234882396 0.011469266377389431
v -0.04427188634872439 0.059304483234882396 0.011469266377389431
v -0.04427188634872439 0.05929241701960568 0.011529922485351562
v -0.04094673693180087 0.059304483234882396 0.011469266377389431
v -0.04427188634872439 0.05929241701960568 0.011529922485351562
v -0.04094673320651057 0.059171985834837 0.012135361321270466
v -0.04427188634872439 0.05900000035762791 0.013000000268220901
v -0.04094673320651057 0.05900000035762791 0.012999999336898327
v -0.04427188634872439 0.063000001013279 0.008999999612569809
v -0.04264198988676074 0.063000001013279 0.008999999612569809
v -0.04290577769279483 0.06393820792436604 0.008999999612569809
v 0.04073079302906993 0.06940297037363057 0.0069859642535448074
v 0.04119315743446353 0.06899079680442814 0.007169879041612148
v 0.04139842092990878 0.06933382898569111 0.006384468171745539
v 0.07919726520776754 -0.003554288297891619 0.008288671262562275
v 0.07825002819299703 -0.004406125284731391 0.008733545430004597
v 0.0782399326562882 -0.0047578718513250386 0.008752765133976936
v -0.05554268136620525 -0.05887202173471455 0.0057034678757190704
v -0.056694105267524754 -0.05785134807229046 0.004999999888241291
v -0.050878569483757054 -0.06301272660493855 0.004999999888241291
v -0.05468402430415157 0.05948604643344883 0.00624348409473896
v -0.05445170029997829 0.05960389226675038 0.006376156583428383
v -0.05055381357669834 0.06297079473733906 0.006384468171745539
v -0.04221285879611972 0.0676730647683144 0.007845100946724415
v -0.042168881744146375 0.06774976849555973 0.007804747670888901
v -0.049975145608186756 0.06224999949336056 0.007828427478671074
v -0.03878507390618327 0.07029967010021214 0.007276488002389669
v -0.037578772753477124 0.07041056454181675 0.00781550444662571
v -0.03353249654173853 0.07244411110877995 0.007828427478671074
v 0.013311561197042474 0.07579942792654043 0.008999999612569809
v 0.018457176163792624 0.07475515455007559 0.008999999612569809
v 0.01355912536382676 0.077202819287777 0.008752765133976936
v 0.01355912536382676 0.077202819287777 0.008752765133976936
v 0.018457176163792624 0.07475515455007559 0.008999999612569809
v 0.019176179543137564 0.07493334263563162 0.008984822779893875
v 0.019176179543137564 0.07493334263563162 0.008984822779893875
v 0.0194093380123377 0.07491612434387213 0.008980310522019863
v 0.01355912536382676 0.077202819287777 0.008752765133976936
v 0.01355912536382676 0.077202819287777 0.008752765133976936
v 0.0194093380123377 0.07491612434387213 0.008980310522019863
v 0.020009810104966178 0.07487177103757864 0.008968688547611237
v 0.01355912536382676 0.077202819287777 0.008752765133976936
v 0.020009810104966178 0.07487177103757864 0.008968688547611237
v 0.02281422168016435 0.07499090582132345 0.008752765133976936
v 0.020009810104966178 0.07487177103757864 0.008968688547611237
v 0.02065374702215196 0.07459183037281042 0.00897979736328125
v 0.02281422168016435 0.07499090582132345 0.008752765133976936
v 0.0207782629877329 0.07453770190477377 0.008981944993138313
v 0.02281422168016435 0.07499090582132345 0.008752765133976936
v 0.0207782629877329 0.07453770190477377 0.008981944993138313
v 0.02139319293200971 0.0739684477448464 0.008999999612569809
v 0.004104198887944224 0.07827694714069372 0.008752765133976936
v 0.004030000884085896 0.07684108614921575 0.008999999612569809
v 0.00572743080556393 0.07678669691085821 0.008999999612569809
v 0.004104198887944224 0.07827694714069372 0.008752765133976936
v 0.00572743080556393 0.07678669691085821 0.008999999612569809
v 0.01355912536382676 0.077202819287777 0.008752765133976936
v 0.01355912536382676 0.077202819287777 0.008752765133976936
v 0.00572743080556393 0.07678669691085821 0.008999999612569809
v 0.012133371084928521 0.0760385394096375 0.008999999612569809
v 0.012133371084928521 0.0760385394096375 0.008999999612569809
v -0.0008137903641909366 0.07699626684188848 0.008999999612569809
v -0.0008137903641909366 0.07699626684188848 0.008999999612569809
v 0.004104198887944224 0.07827694714069372 0.008752765133976936
v -0.005411212798208002 0.07819746434688574 0.008752765133976936
v -0.0008137903641909366 0.07699626684188848 0.008999999612569809
v -0.005411212798208002 0.07819746434688574 0.008752765133976936
v -0.0053126476705074345 0.07675950229167944 0.008999999612569809
v -0.01484687626361848 0.07696554809808737 0.008752765133976936
v -0.013652465306222447 0.07578056305646902 0.008999999612569809
v -0.005411212798208002 0.07819746434688574 0.008752765133976936
v -0.005411212798208002 0.07819746434688574 0.008752765133976936
v -0.013652465306222447 0.07578056305646902 0.008999999612569809
v -0.00725988950580359 0.07665702700614935 0.008999999612569809
v -0.00725988950580359 0.07665702700614935 0.008999999612569809
v -0.026032367721200007 0.07246644794940953 0.008999999612569809
v -0.023619905114173907 0.07322166860103613 0.008999999612569809
v -0.02406373247504236 0.07459934055805212 0.008752765133976936
v -0.019944487139582648 0.07437225431203848 0.008999999612569809
v -0.02406373247504236 0.07459934055805212 0.008752765133976936
v -0.019944487139582648 0.07437225431203848 0.008999999612569809
v -0.01484687626361848 0.07696554809808737 0.008752765133976936
v -0.01484687626361848 0.07696554809808737 0.008752765133976936
v -0.019944487139582648 0.07437225431203848 0.008999999612569809
v -0.014577348716557036 0.07557354867458349 0.008999999612569809
v -0.013652465306222447 0.07578056305646902 0.008999999612569809
v -0.035487208515405676 0.07007037103176121 0.00868989247828722
v -0.03529766947031023 0.06998450309038166 0.008746964856982231
v -0.03292594850063326 0.07113372534513478 0.008752765133976936
v -0.034979380667209646 0.0698403045535088 0.008842803537845612
v -0.03292594850063326 0.07113372534513478 0.008752765133976936
v -0.034979380667209646 0.0698403045535088 0.008842803537845612
v -0.03476350009441378 0.0696949735283852 0.008874813094735146
v -0.026032367721200007 0.07246644794940953 0.008999999612569809
v -0.02406373247504236 0.07459934055805212 0.008752765133976936
v -0.0319810248911381 0.07004452496767048 0.008999999612569809
v -0.0319810248911381 0.07004452496767048 0.008999999612569809
v -0.02406373247504236 0.07459934055805212 0.008752765133976936
v -0.03292594850063326 0.07113372534513478 0.008752765133976936
v -0.0319810248911381 0.07004452496767048 0.008999999612569809
v -0.03292594850063326 0.07113372534513478 0.008752765133976936
v -0.03234250470995905 0.06987333297729496 0.008999999612569809
v -0.03234250470995905 0.06987333297729496 0.008999999612569809
v -0.03292594850063326 0.07113372534513478 0.008752765133976936
v -0.03476350009441378 0.0696949735283852 0.008874813094735146
v -0.03234250470995905 0.06987333297729496 0.008999999612569809
v -0.03476350009441378 0.0696949735283852 0.008874813094735146
v -0.03391922265291216 0.06912659853696827 0.008999999612569809
v -0.037578772753477124 0.07041056454181675 0.00781550444662571
v -0.03749706223607066 0.07041808217763905 0.007852016016840935
v -0.03353249654173853 0.07244411110877995 0.007828427478671074
v -0.03353249654173853 0.07244411110877995 0.007828427478671074
v -0.03749706223607066 0.07041808217763905 0.007852016016840935
v -0.03721148148179057 0.07044433057308201 0.007979623973369598
v -0.03353249654173853 0.07244411110877995 0.007828427478671074
v -0.03721148148179057 0.07044433057308201 0.007979623973369598
v -0.03691233322024348 0.07042042165994648 0.00811590626835823
v -0.04208814352750781 0.06789059191942219 0.007730658631771803
v -0.0418248884379864 0.06834974884986882 0.007489092648029327
v -0.04255083948373797 0.06863261014223103 0.006384468171745539
v -0.04255083948373797 0.06863261014223103 0.006384468171745539
v -0.0418248884379864 0.06834974884986882 0.007489092648029327
v -0.04155222326517108 0.0686707049608231 0.007312704809010029
v -0.04255083948373797 0.06863261014223103 0.006384468171745539
v -0.04155222326517108 0.0686707049608231 0.007312704809010029
v -0.04073079302906993 0.06940297037363057 0.0069859642535448074
v -0.04073079302906993 0.06940297037363057 0.0069859642535448074
v -0.04023908823728564 0.06969678401947026 0.0069718388840556145
v -0.04255083948373797 0.06863261014223103 0.006384468171745539
v -0.04255083948373797 0.06863261014223103 0.006384468171745539
v -0.04023908823728564 0.06969678401947026 0.0069718388840556145
v -0.03988914936780932 0.06990589201450352 0.006961786188185215
v -0.04255083948373797 0.06863261014223103 0.006384468171745539
v -0.03988914936780932 0.06990589201450352 0.006961786188185215
v -0.03392076864838602 0.07328294962644583 0.006384468171745539
v -0.048035662621259724 0.061912383884191555 0.008719169534742832
v -0.042940832674503354 0.06556345522403721 0.008733545430004597
v -0.042676735669374494 0.06680969893932347 0.008288671262562275
v -0.049390789121389424 0.061516813933849376 0.008478003554046154
v -0.048687383532524144 0.06172308325767521 0.00865980889648199
v -0.049975145608186756 0.06224999949336056 0.007828427478671074
v -0.049975145608186756 0.06224999949336056 0.007828427478671074
v -0.048687383532524144 0.06172308325767521 0.00865980889648199
v -0.048035662621259724 0.061912383884191555 0.008719169534742832
v -0.048035662621259724 0.061912383884191555 0.008719169534742832
v -0.042676735669374494 0.06680969893932347 0.008288671262562275
v -0.049975145608186756 0.06224999949336056 0.007828427478671074
v -0.049975145608186756 0.06224999949336056 0.007828427478671074
v -0.042676735669374494 0.06680969893932347 0.008288671262562275
v -0.04261730611324313 0.06696763634681706 0.008216231130063534
v -0.049975145608186756 0.06224999949336056 0.007828427478671074
v -0.04261730611324313 0.06696763634681706 0.008216231130063534
v -0.04221285879611972 0.0676730647683144 0.007845100946724415
v -0.04791033640503887 0.061948787420988125 0.008730584755539894
v -0.04296286031603816 0.06495398283004765 0.00886254757642746
v -0.048035662621259724 0.061912383884191555 0.008719169534742832
v -0.048035662621259724 0.061912383884191555 0.008719169534742832
v -0.04296286031603816 0.06495398283004765 0.00886254757642746
v -0.04298531636595729 0.06535353511571888 0.008808480575680733
v -0.04298531636595729 0.06535353511571888 0.008808480575680733
v -0.04427188634872439 0.063000001013279 0.008999999612569809
v -0.04290577769279483 0.06393820792436604 0.008999999612569809
v -0.04505435377359393 0.06277834624052052 0.008990717120468616
v -0.04505435377359393 0.06277834624052052 0.008990717120468616
v -0.04290577769279483 0.06393820792436604 0.008999999612569809
v -0.04296286031603816 0.06495398283004765 0.00886254757642746
v -0.04505435377359393 0.06277834624052052 0.008990717120468616
v -0.04612276703119281 0.06246801465749745 0.008893403224647045
v -0.05166612192988399 0.060829978436231655 0.007814940996468067
v -0.05124019458889965 0.06097448989748959 0.007999999448657036
v -0.049975145608186756 0.06224999949336056 0.007828427478671074
v -0.05124019458889965 0.06097448989748959 0.007999999448657036
v -0.04961919412016872 0.06144983321428303 0.008418968878686428
v -0.05410825461149219 0.05977810546755795 0.006572287529706955
v -0.05277876183390621 0.060452483594417614 0.007331514731049538
v -0.05055381357669834 0.06297079473733906 0.006384468171745539
v -0.05277876183390621 0.060452483594417614 0.007331514731049538
v -0.05274121090769771 0.06046522408723835 0.0073478310368955135
v -0.042168881744146375 0.06774976849555973 0.007804747670888901
v -0.042168881744146375 0.06774976849555973 0.007804747670888901
v -0.04255083948373797 0.06863261014223103 0.006384468171745539
v -0.05055381357669834 0.06297079473733906 0.006384468171745539
v -0.042168881744146375 0.06774976849555973 0.007804747670888901
v -0.05055381357669834 0.06297079473733906 0.006384468171745539
v -0.049975145608186756 0.06224999949336056 0.007828427478671074
v -0.049975145608186756 0.06224999949336056 0.007828427478671074
v -0.05055381357669834 0.06297079473733906 0.006384468171745539
v -0.05274121090769771 0.06046522408723835 0.0073478310368955135
v -0.05274121090769771 0.06046522408723835 0.0073478310368955135
v -0.056694105267524754 0.05785134807229046 0.004999999888241291
v -0.05540077015757564 0.058903153985738796 0.005800087470561266
v -0.05602082237601284 0.05844889581203465 0.004999999888241291
v -0.050708588212728535 0.06316358596086506 0.004999999888241291
v -0.05468402430415157 0.05948604643344883 0.00624348409473896
v -0.050708588212728535 0.06316358596086506 0.004999999888241291
v -0.05468402430415157 0.05948604643344883 0.00624348409473896
v -0.05055381357669834 0.06297079473733906 0.006384468171745539
v -0.050708588212728535 0.06316358596086506 0.004999999888241291
v -0.05055381357669834 0.06297079473733906 0.006384468171745539
v -0.04528237134218219 0.06700243800878529 0.004999999888241291
v -0.04255083948373797 0.06863261014223103 0.006384468171745539
v -0.042681112885475186 0.06884273886680607 0.004999999888241291
v -0.042681112885475186 0.06884273886680607 0.004999999888241291
v -0.04255083948373797 0.06863261014223103 0.006384468171745539
v -0.03392076864838602 0.07328294962644583 0.006384468171745539
v -0.034024622291326544 0.07350731641054159 0.004999999888241291
v -0.034024622291326544 0.07350731641054159 0.004999999888241291
v -0.03392076864838602 0.07328294962644583 0.006384468171745539
v -0.03334912657737734 0.07377146929502493 0.004999999888241291
v -0.024790791794657725 0.07685327529907232 0.006384468171745539
v -0.024866690859198588 0.07708857208490377 0.004999999888241291
v -0.024866690859198588 0.07708857208490377 0.004999999888241291
v -0.024790791794657725 0.07685327529907232 0.006384468171745539
v -0.02037320286035539 0.07824216783046728 0.004999999888241291
v -0.015295458026230346 0.07929097115993505 0.006384468171745539
v -0.015342286787927161 0.07953373342752462 0.004999999888241291
v -0.015342286787927161 0.07953373342752462 0.004999999888241291
v -0.015295458026230346 0.07929097115993505 0.006384468171745539
v -0.006860521156340842 0.08064111322164541 0.004999999888241291
v -0.005574706476181749 0.08056011050939565 0.006384468171745539
v -0.005591773893684152 0.08080675452947622 0.004999999888241291
v -0.005591773893684152 0.08080675452947622 0.004999999888241291
v -0.005574706476181749 0.08056011050939565 0.006384468171745539
v 0.004228202626109126 0.08064199239015585 0.006384468171745539
v 0.004241148009896281 0.08088888972997671 0.004999999888241291
v 0.032691873610019705 0.0738393589854241 0.006384468171745539
v 0.023575486615300196 0.07749320566654211 0.004999999888241291
v 0.023503528907895106 0.07725667208433157 0.006384468171745539
v 0.023503528907895106 0.07725667208433157 0.006384468171745539
v 0.023575486615300196 0.07749320566654211 0.004999999888241291
v 0.020379319787025466 0.07825706899166113 0.004999999888241291
v 0.013968798331916341 0.07953540980815893 0.006384468171745539
v 0.014011565595865258 0.07977891713380819 0.004999999888241291
v 0.013968798331916341 0.07953540980815893 0.006384468171745539
v 0.014011565595865258 0.07977891713380819 0.004999999888241291
v 0.004228202626109126 0.08064199239015585 0.006384468171745539
v 0.006856059189885859 0.08059182018041616 0.004999999888241291
v 0.004241148009896281 0.08088888972997671 0.004999999888241291
v 0.04527424275875094 0.066986657679081 0.004999999888241291
v 0.04152516648173335 0.06954610347747807 0.004999999888241291
v 0.04139842092990878 0.06933382898569111 0.006384468171745539
v 0.04139842092990878 0.06933382898569111 0.006384468171745539
v 0.04152516648173335 0.06954610347747807 0.004999999888241291
v 0.03334763273596766 0.07377787679433828 0.004999999888241291
v 0.032691873610019705 0.0738393589854241 0.006384468171745539
v 0.03279196470975878 0.07406542450189596 0.004999999888241291
v 0.03279196470975878 0.07406542450189596 0.004999999888241291
v 0.04964638873934749 0.06400184333324437 0.004999999888241291
v 0.04949485510587696 0.06380648910999302 0.006384468171745539
v 0.05599949508905414 0.05842427909374241 0.004999999888241291
v 0.05686185881495479 0.05733880400657658 0.006384468171745539
v 0.057035949081182515 0.057514350861311 0.004999999888241291
v 0.057035949081182515 0.057514350861311 0.004999999888241291
v 0.05686185881495479 0.05733880400657658 0.006384468171745539
v 0.06339085847139363 0.05002607777714733 0.006384468171745539
v 0.0635849311947823 0.05017923936247829 0.004999999888241291
v 0.07705765962600714 0.024148002266883867 0.006384468171745539
v 0.07378894090652471 0.03340945765376093 0.004999999888241291
v 0.0735637173056603 0.033307481557130834 0.006384468171745539
v 0.0735637173056603 0.033307481557130834 0.006384468171745539
v 0.07378894090652471 0.03340945765376093 0.004999999888241291
v 0.07220771908760075 0.036403510719537756 0.004999999888241291
v 0.06898562610149388 0.04197609424591067 0.006384468171745539
v 0.06919683516025547 0.04210460931062701 0.004999999888241291
v 0.06898562610149388 0.04197609424591067 0.006384468171745539
v 0.06919683516025547 0.04210460931062701 0.004999999888241291
v 0.06339085847139363 0.05002607777714733 0.006384468171745539
v 0.06502995640039448 0.048100087791681324 0.004999999888241291
v 0.0635849311947823 0.05017923936247829 0.004999999888241291
v 0.07941596210002905 0.014632638543844233 0.006384468171745539
v 0.07742012292146688 0.023711362853646296 0.004999999888241291
v 0.07705765962600714 0.024148002266883867 0.006384468171745539
v 0.07729358226060873 0.024221934378147143 0.004999999888241291
v 0.07729358226060873 0.024221934378147143 0.004999999888241291
v 0.0808506458997727 -0.0034377374686300776 0.004999999888241291
v 0.0808506458997727 0.00491663254797459 0.004999999888241291
v 0.08060386776924139 0.0049016256816685234 0.006384468171745539
v 0.08060386776924139 0.0049016256816685234 0.006384468171745539
v 0.0808506458997727 0.00491663254797459 0.004999999888241291
v 0.08019707351922994 0.0102705154567957 0.004999999888241291
v 0.07941596210002905 0.014632638543844233 0.006384468171745539
v 0.07965910434722906 0.014677437953650962 0.004999999888241291
v 0.07965910434722906 0.014677437953650962 0.004999999888241291
v 0.07907399535179144 -0.01703825965523721 0.004999999888241291
v 0.07965910434722906 -0.014677437953650962 0.004999999888241291
v 0.07941596210002905 -0.014632638543844233 0.006384468171745539
v 0.07941596210002905 -0.014632638543844233 0.006384468171745539
v 0.07965910434722906 -0.014677437953650962 0.004999999888241291
v 0.0808506458997727 -0.00491663254797459 0.004999999888241291
v 0.08060386776924139 -0.0049016256816685234 0.006384468171745539
v 0.07729358226060873 -0.024221934378147143 0.004999999888241291
v 0.07705765962600714 -0.024148002266883867 0.006384468171745539
v 0.07729358226060873 -0.024221934378147143 0.004999999888241291
v 0.07705765962600714 -0.024148002266883867 0.006384468171745539
v 0.07503127306699758 -0.03015264868736269 0.004999999888241291
v 0.0735637173056603 -0.033307481557130834 0.006384468171745539
v 0.07378894090652471 -0.03340945765376093 0.004999999888241291
v 0.07378894090652471 -0.03340945765376093 0.004999999888241291
v 0.0735637173056603 -0.033307481557130834 0.006384468171745539
v 0.06898562610149388 -0.04197609424591067 0.006384468171745539
v 0.06919683516025547 -0.04210460931062701 0.004999999888241291
v 0.06919683516025547 -0.04210460931062701 0.004999999888241291
v 0.06898562610149388 -0.04197609424591067 0.006384468171745539
v 0.06895349174737934 -0.04245473444461825 0.004999999888241291
v 0.06895349174737934 -0.04245473444461825 0.004999999888241291
v 0.06898562610149388 -0.04197609424591067 0.006384468171745539
v 0.06339085847139363 -0.05002607777714733 0.006384468171745539
v 0.0635849311947823 -0.05017923936247829 0.004999999888241291
v 0.03945359587669375 -0.07061811536550526 0.004999999888241291
v 0.04152516648173335 -0.06954610347747807 0.004999999888241291
v 0.04139842092990878 -0.06933382898569111 0.006384468171745539
v 0.04139842092990878 -0.06933382898569111 0.006384468171745539
v 0.04152516648173335 -0.06954610347747807 0.004999999888241291
v 0.04964638873934749 -0.06400184333324437 0.004999999888241291
v 0.04949485510587696 -0.06380648910999302 0.006384468171745539
v 0.04949485510587696 -0.06380648910999302 0.006384468171745539
v 0.04964638873934749 -0.06400184333324437 0.004999999888241291
v 0.0508326813578606 -0.06296036392450337 0.004999999888241291
v 0.05686185881495479 -0.05733880400657658 0.006384468171745539
v 0.057035949081182515 -0.057514350861311 0.004999999888241291
v 0.05686185881495479 -0.05733880400657658 0.006384468171745539
v 0.057035949081182515 -0.057514350861311 0.004999999888241291
v 0.06339085847139363 -0.05002607777714733 0.006384468171745539
v 0.06069457530975346 -0.05341655015945438 0.004999999888241291
v 0.0635849311947823 -0.05017923936247829 0.004999999888241291
v 0.03279196470975878 -0.07406542450189596 0.004999999888241291
v 0.032691873610019705 -0.0738393589854241 0.006384468171745539
v 0.03279196470975878 -0.07406542450189596 0.004999999888241291
v 0.032691873610019705 -0.0738393589854241 0.006384468171745539
v 0.026936072856187838 -0.07624334096908575 0.004999999888241291
v 0.023503528907895106 -0.07725667208433157 0.006384468171745539
v 0.023575486615300196 -0.07749320566654211 0.004999999888241291
v 0.023575486615300196 -0.07749320566654211 0.004999999888241291
v 0.023503528907895106 -0.07725667208433157 0.006384468171745539
v 0.013968798331916341 -0.07953540980815893 0.006384468171745539
v 0.014011565595865258 -0.07977891713380819 0.004999999888241291
v 0.014011565595865258 -0.07977891713380819 0.004999999888241291
v 0.013968798331916341 -0.07953540980815893 0.006384468171745539
v 0.013686898164451131 -0.07981580495834356 0.004999999888241291
v 0.013686898164451131 -0.07981580495834356 0.004999999888241291
v 0.013968798331916341 -0.07953540980815893 0.006384468171745539
v 0.004228202626109126 -0.08064199239015585 0.006384468171745539
v 0.004241148009896281 -0.08088888972997671 0.004999999888241291
v -0.026946125552058237 -0.07627539336681372 0.004999999888241291
v -0.024866690859198588 -0.07708857208490377 0.004999999888241291
v -0.024790791794657725 -0.07685327529907232 0.006384468171745539
v -0.024790791794657725 -0.07685327529907232 0.006384468171745539
v -0.024866690859198588 -0.07708857208490377 0.004999999888241291
v -0.015342286787927161 -0.07953373342752462 0.004999999888241291
v -0.015295458026230346 -0.07929097115993505 0.006384468171745539
v -0.015295458026230346 -0.07929097115993505 0.006384468171745539
v -0.015342286787927161 -0.07953373342752462 0.004999999888241291
v -0.013678114861249932 -0.07975100725889211 0.004999999888241291
v -0.005574706476181749 -0.08056011050939565 0.006384468171745539
v -0.005591773893684152 -0.08080675452947622 0.004999999888241291
v -0.005574706476181749 -0.08056011050939565 0.006384468171745539
v -0.005591773893684152 -0.08080675452947622 0.004999999888241291
v 0.004228202626109126 -0.08064199239015585 0.006384468171745539
v 1.2239052011864268e-06 -0.08085347712039953 0.004999999888241291
v 0.004241148009896281 -0.08088888972997671 0.004999999888241291
v -0.034024622291326544 -0.07350731641054159 0.004999999888241291
v -0.03392076864838602 -0.07328294962644583 0.006384468171745539
v -0.034024622291326544 -0.07350731641054159 0.004999999888241291
v -0.03392076864838602 -0.07328294962644583 0.006384468171745539
v -0.039436880499124555 -0.0705908983945847 0.004999999888241291
v -0.04255083948373797 -0.06863261014223103 0.006384468171745539
v -0.042681112885475186 -0.06884273886680607 0.004999999888241291
v -0.05055381357669834 -0.06297079473733906 0.006384468171745539
v -0.050708588212728535 -0.06316358596086506 0.004999999888241291
v -0.042681112885475186 -0.06884273886680607 0.004999999888241291
v -0.050708588212728535 -0.06316358596086506 0.004999999888241291
v -0.05055381357669834 -0.06297079473733906 0.006384468171745539
v -0.050878569483757054 -0.06301272660493855 0.004999999888241291
v -0.050878569483757054 -0.06301272660493855 0.004999999888241291
v -0.05055381357669834 -0.06297079473733906 0.006384468171745539
v -0.055424015969038044 -0.05894645303487782 0.0057760258205235004
v -0.050878569483757054 -0.06301272660493855 0.004999999888241291
v -0.055424015969038044 -0.05894645303487782 0.0057760258205235004
v -0.05554268136620525 -0.05887202173471455 0.0057034678757190704
v -0.049975145608186756 -0.06224999949336056 0.007828427478671074
v -0.05165437608957294 -0.06082013994455342 0.007805852685123682
v -0.05055381357669834 -0.06297079473733906 0.006384468171745539
v -0.05055381357669834 -0.06297079473733906 0.006384468171745539
v -0.05165437608957294 -0.06082013994455342 0.007805852685123682
v -0.052709691226482426 -0.06042686104774479 0.007311176974326372
v -0.05358233302831653 -0.06010166183114056 0.006902128923684359
v -0.05358233302831653 -0.06010166183114056 0.006902128923684359
v -0.05410607159137729 -0.0597731433808804 0.006581887602806091
v -0.05055381357669834 -0.06297079473733906 0.006384468171745539
v -0.054455302655696904 -0.05955408513545994 0.006368347909301519
v -0.055424015969038044 -0.05894645303487782 0.0057760258205235004
v -0.04809098318219188 -0.061898067593574566 0.008752674795687199
v -0.049393065273761784 -0.06151677295565609 0.008465214632451534
v -0.049975145608186756 -0.06224999949336056 0.007828427478671074
v -0.04963203519582752 -0.061446793377399486 0.008412457071244717
v -0.050768870860338246 -0.061113890260458034 0.008161477744579315
v -0.049975145608186756 -0.06224999949336056 0.007828427478671074
v -0.050768870860338246 -0.061113890260458034 0.008161477744579315
v -0.05124019458889965 -0.06097448989748959 0.007999999448657036
v -0.049975145608186756 -0.06224999949336056 0.007828427478671074
v -0.05124019458889965 -0.06097448989748959 0.007999999448657036
v -0.05165437608957294 -0.06082013994455342 0.007805852685123682
v -0.049975145608186756 -0.06224999949336056 0.007828427478671074
v -0.042400840669870404 -0.06744825094938282 0.007979623973369598
v -0.0425297059118748 -0.06717722862958912 0.00811590626835823
v -0.047925461083650624 -0.061945833265781444 0.008763614110648632
v -0.04299379140138629 -0.06521318852901463 0.008842803537845612
v -0.04297586902976039 -0.06495356559753422 0.008874813094735146
v -0.04290577769279483 -0.06393820792436604 0.008999999612569809
v -0.04427188634872439 -0.063000001013279 0.008999999612569809
v -0.04297586902976039 -0.06495356559753422 0.008874813094735146
v -0.04297586902976039 -0.06495356559753422 0.008874813094735146
v -0.04427188634872439 -0.063000001013279 0.008999999612569809
v -0.046118292957544355 -0.06246725469827656 0.008880537934601307
v -0.047925461083650624 -0.061945833265781444 0.008763614110648632
v -0.0425297059118748 -0.06717722862958912 0.00811590626835823
v -0.04293911531567576 -0.06576800346374516 0.00868989247828722
v -0.049975145608186756 -0.06224999949336056 0.007828427478671074
v -0.049975145608186756 -0.06224999949336056 0.007828427478671074
v -0.04293911531567576 -0.06576800346374516 0.00868989247828722
v -0.04295952245593074 -0.06556092947721485 0.008746964856982231
v -0.049975145608186756 -0.06224999949336056 0.007828427478671074
v -0.04295952245593074 -0.06556092947721485 0.008746964856982231
v -0.04809098318219188 -0.061898067593574566 0.008752674795687199
v -0.04809098318219188 -0.061898067593574566 0.008752674795687199
v -0.04295952245593074 -0.06556092947721485 0.008746964856982231
v -0.04299379140138629 -0.06521318852901463 0.008842803537845612
v -0.04809098318219188 -0.061898067593574566 0.008752674795687199
v -0.04299379140138629 -0.06521318852901463 0.008842803537845612
v -0.04808950796723369 -0.06189849972724919 0.00875299982726574
v -0.04808950796723369 -0.06189849972724919 0.00875299982726574
v -0.04299379140138629 -0.06521318852901463 0.008842803537845612
v -0.047925461083650624 -0.061945833265781444 0.008763614110648632
v -0.04255083948373797 -0.06863261014223103 0.006384468171745539
v -0.05055381357669834 -0.06297079473733906 0.006384468171745539
v -0.04255083948373797 -0.06863261014223103 0.006384468171745539
v -0.0421879515051842 -0.06774945557117466 0.00781550444662571
v -0.05055381357669834 -0.06297079473733906 0.006384468171745539
v -0.0421879515051842 -0.06774945557117466 0.00781550444662571
v -0.049975145608186756 -0.06224999949336056 0.007828427478671074
v -0.049975145608186756 -0.06224999949336056 0.007828427478671074
v -0.0421879515051842 -0.06774945557117466 0.00781550444662571
v -0.042235314846038846 -0.06768244504928593 0.007852016016840935
v -0.042400840669870404 -0.06744825094938282 0.007979623973369598
v -0.037588577717542676 -0.07039420306682591 0.007804747670888901
v -0.03828017413616183 -0.07039628922939305 0.007489092648029327
v -0.03392076864838602 -0.07328294962644583 0.006384468171745539
v -0.03828017413616183 -0.07039628922939305 0.007489092648029327
v -0.03869446367025378 -0.07032063603401188 0.007312704809010029
v -0.03392076864838602 -0.07328294962644583 0.006384468171745539
v -0.03392076864838602 -0.07328294962644583 0.006384468171745539
v -0.03869446367025378 -0.07032063603401188 0.007312704809010029
v -0.03973933681845668 -0.06997538357973103 0.0069859642535448074
v -0.03392076864838602 -0.07328294962644583 0.006384468171745539
v -0.03973933681845668 -0.06997538357973103 0.0069859642535448074
v -0.04255083948373797 -0.06863261014223103 0.006384468171745539
v -0.04255083948373797 -0.06863261014223103 0.006384468171745539
v -0.03973933681845668 -0.06997538357973103 0.0069859642535448074
v -0.04023964330554011 -0.06969646364450459 0.0069718388840556145
v -0.04255083948373797 -0.06863261014223103 0.006384468171745539
v -0.04023964330554011 -0.06969646364450459 0.0069718388840556145
v -0.040595702826976804 -0.06949796527624134 0.006961786188185215
v -0.040595702826976804 -0.06949796527624134 0.006961786188185215
v -0.04148876294493678 -0.06873869150877003 0.007276488002389669
v -0.04255083948373797 -0.06863261014223103 0.006384468171745539
v -0.04255083948373797 -0.06863261014223103 0.006384468171745539
v -0.04148876294493678 -0.06873869150877003 0.007276488002389669
v -0.04208867251873019 -0.06788992136716847 0.007738967426121235
v -0.0421879515051842 -0.06774945557117466 0.00781550444662571
v -0.03530919924378397 -0.06996957957744603 0.008733545430004597
v -0.03652052953839305 -0.07036399096250538 0.008288671262562275
v -0.03353249654173853 -0.07244411110877995 0.007828427478671074
v -0.03353249654173853 -0.07244411110877995 0.007828427478671074
v -0.03652052953839305 -0.07036399096250538 0.008288671262562275
v -0.03668702393770221 -0.07039149105548863 0.008216231130063534
v -0.03353249654173853 -0.07244411110877995 0.007828427478671074
v -0.03668702393770221 -0.07039149105548863 0.008216231130063534
v -0.03750016540288928 -0.07039394229650502 0.007845100946724415
v -0.03477036580443384 -0.06968391686677937 0.00886254757642746
v -0.035105161368846914 -0.06990314275026326 0.008808480575680733
v -0.03292594850063326 -0.07113372534513478 0.008752765133976936
v -0.03391922265291216 -0.06912659853696827 0.008999999612569809
v 0.03652052953839305 -0.07036399096250538 0.008288671262562275
v 0.03530919924378397 -0.06996957957744603 0.008733545430004597
v 0.03173309564590456 -0.07167381048202519 0.008752765133976936
v 0.035105161368846914 -0.06990314275026326 0.008808480575680733
v 0.03173309564590456 -0.07167381048202519 0.008752765133976936
v 0.035105161368846914 -0.06990314275026326 0.008808480575680733
v 0.03477036580443384 -0.06968391686677937 0.00886254757642746
v -0.03391922265291216 -0.06912659853696827 0.008999999612569809
v -0.03292594850063326 -0.07113372534513478 0.008752765133976936
v -0.03234439343214037 -0.06987731903791432 0.008999999612569809
v -0.03234439343214037 -0.06987731903791432 0.008999999612569809
v -0.03292594850063326 -0.07113372534513478 0.008752765133976936
v -0.02406373247504236 -0.07459934055805212 0.008752765133976936
v -0.023638706654310244 -0.07328172773122793 0.008999999612569809
v -0.023638706654310244 -0.07328172773122793 0.008999999612569809
v -0.02406373247504236 -0.07459934055805212 0.008752765133976936
v -0.01484687626361848 -0.07696554809808737 0.008752765133976936
v -0.014584642834961425 -0.07560613751411444 0.008999999612569809
v -0.014584642834961425 -0.07560613751411444 0.008999999612569809
v -0.01484687626361848 -0.07696554809808737 0.008752765133976936
v -0.005411212798208002 -0.07819746434688574 0.008752765133976936
v -0.005315636750310663 -0.07681629806756979 0.008999999612569809
v -0.005315636750310663 -0.07681629806756979 0.008999999612569809
v -0.005411212798208002 -0.07819746434688574 0.008752765133976936
v 0.004104198887944224 -0.07827694714069372 0.008752765133976936
v 0.004031708464026454 -0.07689438015222555 0.008999999612569809
v 0.004031708464026454 -0.07689438015222555 0.008999999612569809
v 0.004104198887944224 -0.07827694714069372 0.008752765133976936
v 0.01355912536382676 -0.077202819287777 0.008752765133976936
v 0.013319636695086965 -0.0758392214775086 0.008999999612569809
v 0.013319636695086965 -0.0758392214775086 0.008999999612569809
v 0.01355912536382676 -0.077202819287777 0.008752765133976936
v 0.02281422168016435 -0.07499090582132345 0.008752765133976936
v 0.022411266341805472 -0.07366637885570532 0.008999999612569809
v 0.022411266341805472 -0.07366637885570532 0.008999999612569809
v 0.02281422168016435 -0.07499090582132345 0.008752765133976936
v 0.03173309564590456 -0.07167381048202519 0.008752765133976936
v 0.031172607094049475 -0.07040787488222126 0.008999999612569809
v 0.031172607094049475 -0.07040787488222126 0.008999999612569809
v 0.03173309564590456 -0.07167381048202519 0.008752765133976936
v 0.03477036580443384 -0.06968391686677937 0.00886254757642746
v 0.031172607094049475 -0.07040787488222126 0.008999999612569809
v 0.03477036580443384 -0.06968391686677937 0.00886254757642746
v 0.03391922265291216 -0.06912659853696827 0.008999999612569809
v 0.03828017413616183 -0.07039628922939305 0.007489092648029327
v 0.037588577717542676 -0.07039420306682591 0.007804747670888901
v 0.03231766447424891 -0.07299415022134786 0.007828427478671074
v 0.03231766447424891 -0.07299415022134786 0.007828427478671074
v 0.037588577717542676 -0.07039420306682591 0.007804747670888901
v 0.03750016540288928 -0.07039394229650502 0.007845100946724415
v 0.03750016540288928 -0.07039394229650502 0.007845100946724415
v 0.03668702393770221 -0.07039149105548863 0.008216231130063534
v 0.04148876294493678 -0.06873869150877003 0.007276488002389669
v 0.04119288921356204 -0.06899024546146397 0.007172225974500179
v 0.04139842092990878 -0.06933382898569111 0.006384468171745539
v 0.04139842092990878 -0.06933382898569111 0.006384468171745539
v 0.04119288921356204 -0.06899024546146397 0.007172225974500179
v 0.040595702826976804 -0.06949796527624134 0.006961786188185215
v 0.040595702826976804 -0.06949796527624134 0.006961786188185215
v 0.04023964330554011 -0.06969646364450459 0.0069718388840556145
v 0.04139842092990878 -0.06933382898569111 0.006384468171745539
v 0.04139842092990878 -0.06933382898569111 0.006384468171745539
v 0.04023964330554011 -0.06969646364450459 0.0069718388840556145
v 0.03973933681845668 -0.06997538357973103 0.0069859642535448074
v 0.04139842092990878 -0.06933382898569111 0.006384468171745539
v 0.03973933681845668 -0.06997538357973103 0.0069859642535448074
v 0.032691873610019705 -0.0738393589854241 0.006384468171745539
v 0.032691873610019705 -0.0738393589854241 0.006384468171745539
v 0.03973933681845668 -0.06997538357973103 0.0069859642535448074
v 0.03869446367025378 -0.07032063603401188 0.007312704809010029
v 0.04295952245593074 -0.06556092947721485 0.008746964856982231
v 0.04293911531567576 -0.06576800346374516 0.00868989247828722
v 0.04892831295728687 -0.06307613104581837 0.007828427478671074
v 0.04892831295728687 -0.06307613104581837 0.007828427478671074
v 0.04293911531567576 -0.06576800346374516 0.00868989247828722
v 0.0425297059118748 -0.06717722862958912 0.00811590626835823
v 0.0425297059118748 -0.06717722862958912 0.00811590626835823
v 0.042400840669870404 -0.06744825094938282 0.007979623973369598
v 0.04892831295728687 -0.06307613104581837 0.007828427478671074
v 0.04892831295728687 -0.06307613104581837 0.007828427478671074
v 0.042400840669870404 -0.06744825094938282 0.007979623973369598
v 0.042235314846038846 -0.06768244504928593 0.007852016016840935
v 0.0421879515051842 -0.06774945557117466 0.00781550444662571
v 0.04297586902976039 -0.06495356559753422 0.008874813094735146
v 0.04299379140138629 -0.06521318852901463 0.008842803537845612
v 0.04804328083992008 -0.06193519011139874 0.008752765133976936
v 0.04290577769279483 -0.06393820792436604 0.008999999612569809
v 0.04290577769279483 -0.06393820792436604 0.008999999612569809
v 0.04804328083992008 -0.06193519011139874 0.008752765133976936
v 0.04719471558928493 -0.0608412586152554 0.008999999612569809
v 0.04719471558928493 -0.0608412586152554 0.008999999612569809
v 0.04804328083992008 -0.06193519011139874 0.008752765133976936
v 0.05519422888755802 -0.055657185614109074 0.008752765133976936
v 0.05421935766935352 -0.05467413738369945 0.008999999612569809
v 0.05421935766935352 -0.05467413738369945 0.008999999612569809
v 0.05519422888755802 -0.055657185614109074 0.008752765133976936
v 0.06153174489736561 -0.04855892807245258 0.008752765133976936
v 0.06044493615627293 -0.04770125448703769 0.008999999612569809
v 0.06044493615627293 -0.04770125448703769 0.008999999612569809
v 0.06153174489736561 -0.04855892807245258 0.008752765133976936
v 0.0669624358415604 -0.04074502736330035 0.008752765133976936
v 0.06577970832586293 -0.04002536833286288 0.008999999612569809
v 0.06577970832586293 -0.04002536833286288 0.008999999612569809
v 0.0669624358415604 -0.04074502736330035 0.008752765133976936
v 0.07140626013278965 -0.032330650836229345 0.008752765133976936
v 0.07014504075050358 -0.031759608536958715 0.008999999612569809
v 0.07014504075050358 -0.031759608536958715 0.008999999612569809
v 0.07140626013278965 -0.032330650836229345 0.008752765133976936
v 0.074797734618187 -0.02343979477882387 0.008752765133976936
v 0.07347661256790167 -0.02302579022943975 0.008999999612569809
v 0.07347661256790167 -0.02302579022943975 0.008999999612569809
v 0.074797734618187 -0.02343979477882387 0.008752765133976936
v 0.07708687335252767 -0.014203496277332315 0.008752765133976936
v 0.07572532445192343 -0.013952625915408143 0.008999999612569809
v 0.076825000345707 -0.005188388284295801 0.008999999612569809
v 0.07572532445192343 -0.013952625915408143 0.008999999612569809
v 0.07773322612047201 -0.004729939624667171 0.00886254757642746
v 0.07773322612047201 -0.004729939624667171 0.00886254757642746
v 0.07572532445192343 -0.013952625915408143 0.008999999612569809
v 0.07708687335252767 -0.014203496277332315 0.008752765133976936
v 0.07773322612047201 -0.004729939624667171 0.00886254757642746
v 0.07708687335252767 -0.014203496277332315 0.008752765133976936
v 0.07774250954389578 -0.004725254606455568 0.008861142210662365
v 0.07774250954389578 -0.004725254606455568 0.008861142210662365
v 0.07708687335252767 -0.014203496277332315 0.008752765133976936
v 0.0782399326562882 -0.0047578718513250386 0.008752765133976936
v 0.07774250954389578 -0.004725254606455568 0.008861142210662365
v 0.0782399326562882 -0.0047578718513250386 0.008752765133976936
v 0.07809048146009451 -0.004549609497189524 0.008808480575680733
v 0.07809048146009451 -0.004549609497189524 0.008808480575680733
v 0.0782399326562882 -0.0047578718513250386 0.008752765133976936
v 0.07825002819299703 -0.004406125284731391 0.008733545430004597
v 0.08010505884885794 -0.0020465434063225998 0.007489092648029327
v 0.07975745946168905 -0.002644440624862911 0.007804747670888901
v 0.07968123257160192 -0.0048455190844833886 0.007828427478671074
v 0.07968123257160192 -0.0048455190844833886 0.007828427478671074
v 0.07975745946168905 -0.002644440624862911 0.007804747670888901
v 0.079713024199009 -0.002720874501392247 0.007845100946724415
v 0.079713024199009 -0.002720874501392247 0.007845100946724415
v 0.07930433005094534 -0.0034238509833812735 0.008216231130063534
v 0.07976672798395162 0.002661110833287241 0.00781550444662571
v 0.08027383685112005 0.0015609761467203509 0.007276488002389669
v 0.08060386776924139 0.0049016256816685234 0.006384468171745539
v 0.08027383685112005 0.0015609761467203509 0.007276488002389669
v 0.08048485219478613 0.0004079278151039037 0.006961786188185215
v 0.08060386776924139 0.0049016256816685234 0.006384468171745539
v 0.08060386776924139 0.0049016256816685234 0.006384468171745539
v 0.08048485219478613 0.0004079278151039037 0.006961786188185215
v 0.08060386776924139 -0.0049016256816685234 0.006384468171745539
v 0.08060386776924139 -0.0049016256816685234 0.006384468171745539
v 0.0808506458997727 -0.00491663254797459 0.004999999888241291
v 0.08048485219478613 0.0004079278151039037 0.006961786188185215
v 0.08047872781753546 3.192905637661172e-07 0.0069718388840556145
v 0.08060386776924139 -0.0049016256816685234 0.006384468171745539
v 0.08060386776924139 -0.0049016256816685234 0.006384468171745539
v 0.08047872781753546 3.192905637661172e-07 0.0069718388840556145
v 0.0804701298475266 -0.0005724183283746247 0.0069859642535448074
v 0.08060386776924139 -0.0049016256816685234 0.006384468171745539
v 0.0804701298475266 -0.0005724183283746247 0.0069859642535448074
v 0.08024668693542486 -0.0016499294433742772 0.007312704809010029
v 0.07825718820095068 0.004423573613166812 0.008746964856982231
v 0.07842632383108145 0.00430236151441932 0.00868989247828722
v 0.07968123257160192 0.0048455190844833886 0.007828427478671074
v 0.07842632383108145 0.00430236151441932 0.00868989247828722
v 0.07944203913211828 0.0032431911677122138 0.00811590626835823
v 0.07968123257160192 0.0048455190844833886 0.007828427478671074
v 0.07968123257160192 0.0048455190844833886 0.007828427478671074
v 0.07944203913211828 0.0032431911677122138 0.00811590626835823
v 0.07961232215166097 0.002996078459545972 0.007979623973369598
v 0.07968123257160192 0.0048455190844833886 0.007828427478671074
v 0.07961232215166097 0.002996078459545972 0.007979623973369598
v 0.07973237335681921 0.0027356303762644547 0.007852016016840935
v 0.0782399326562882 0.0047578718513250386 0.008752765133976936
v 0.07776749134063726 0.0047276644036173855 0.008870963007211685
v 0.07797317206859594 0.004627121612429622 0.008842803537845612
v 0.07776749134063726 0.0047276644036173855 0.008870963007211685
v 0.0782399326562882 0.0047578718513250386 0.008752765133976936
v 0.07773937284946447 0.004741412121802572 0.008874813094735146
v 0.07773937284946447 0.004741412121802572 0.008874813094735146
v 0.0782399326562882 0.0047578718513250386 0.008752765133976936
v 0.07708687335252767 0.014203496277332315 0.008752765133976936
v 0.07773937284946447 0.004741412121802572 0.008874813094735146
v 0.07708687335252767 0.014203496277332315 0.008752765133976936
v 0.076825000345707 0.005188388284295801 0.008999999612569809
v 0.042676735669374494 0.06680969893932347 0.008288671262562275
v 0.042940832674503354 0.06556345522403721 0.008733545430004597
v 0.04804328083992008 0.06193519011139874 0.008752765133976936
v 0.04298531636595729 0.06535353511571888 0.008808480575680733
v 0.04804328083992008 0.06193519011139874 0.008752765133976936
v 0.04298531636595729 0.06535353511571888 0.008808480575680733
v 0.04296286031603816 0.06495398283004765 0.00886254757642746
v 0.076825000345707 0.005188388284295801 0.008999999612569809
v 0.07708687335252767 0.014203496277332315 0.008752765133976936
v 0.07572532445192343 0.013952625915408143 0.008999999612569809
v 0.07572532445192343 0.013952625915408143 0.008999999612569809
v 0.07708687335252767 0.014203496277332315 0.008752765133976936
v 0.074797734618187 0.02343979477882387 0.008752765133976936
v 0.07347661256790167 0.02302579022943975 0.008999999612569809
v 0.07347661256790167 0.02302579022943975 0.008999999612569809
v 0.074797734618187 0.02343979477882387 0.008752765133976936
v 0.07140626013278965 0.032330650836229345 0.008752765133976936
v 0.07014504075050358 0.031759608536958715 0.008999999612569809
v 0.07014504075050358 0.031759608536958715 0.008999999612569809
v 0.07140626013278965 0.032330650836229345 0.008752765133976936
v 0.0669624358415604 0.04074502736330035 0.008752765133976936
v 0.06577970832586293 0.04002536833286288 0.008999999612569809
v 0.06577970832586293 0.04002536833286288 0.008999999612569809
v 0.0669624358415604 0.04074502736330035 0.008752765133976936
v 0.06153174489736561 0.04855892807245258 0.008752765133976936
v 0.06044493615627293 0.04770125448703769 0.008999999612569809
v 0.06044493615627293 0.04770125448703769 0.008999999612569809
v 0.06153174489736561 0.04855892807245258 0.008752765133976936
v 0.05519422888755802 0.055657185614109074 0.008752765133976936
v 0.05421935766935352 0.05467413738369945 0.008999999612569809
v 0.05421935766935352 0.05467413738369945 0.008999999612569809
v 0.05519422888755802 0.055657185614109074 0.008752765133976936
v 0.04804328083992008 0.06193519011139874 0.008752765133976936
v 0.04719471558928493 0.0608412586152554 0.008999999612569809
v 0.04719471558928493 0.0608412586152554 0.008999999612569809
v 0.04804328083992008 0.06193519011139874 0.008752765133976936
v 0.04296286031603816 0.06495398283004765 0.00886254757642746
v 0.04719471558928493 0.0608412586152554 0.008999999612569809
v 0.04296286031603816 0.06495398283004765 0.00886254757642746
v 0.04290577769279483 0.06393820792436604 0.008999999612569809
v 0.0418248884379864 0.06834974884986882 0.007489092648029327
v 0.042168881744146375 0.06774976849555973 0.007804747670888901
v 0.04892831295728687 0.06307613104581837 0.007828427478671074
v 0.04892831295728687 0.06307613104581837 0.007828427478671074
v 0.042168881744146375 0.06774976849555973 0.007804747670888901
v 0.04221285879611972 0.0676730647683144 0.007845100946724415
v 0.04221285879611972 0.0676730647683144 0.007845100946724415
v 0.04261730611324313 0.06696763634681706 0.008216231130063534
v 0.04155222326517108 0.0686707049608231 0.007312704809010029
v 0.04139842092990878 0.06933382898569111 0.006384468171745539
v 0.04155222326517108 0.0686707049608231 0.007312704809010029
v 0.04949485510587696 0.06380648910999302 0.006384468171745539
v 0.04949485510587696 0.06380648910999302 0.006384468171745539
v 0.04964638873934749 0.06400184333324437 0.004999999888241291
v 0.037578772753477124 0.07041056454181675 0.00781550444662571
v 0.03878507390618327 0.07029967010021214 0.007276488002389669
v 0.032691873610019705 0.0738393589854241 0.006384468171745539
v 0.032691873610019705 0.0738393589854241 0.006384468171745539
v 0.03878507390618327 0.07029967010021214 0.007276488002389669
v 0.03988914936780932 0.06990589201450352 0.006961786188185215
v 0.032691873610019705 0.0738393589854241 0.006384468171745539
v 0.03988914936780932 0.06990589201450352 0.006961786188185215
v 0.04139842092990878 0.06933382898569111 0.006384468171745539
v 0.04139842092990878 0.06933382898569111 0.006384468171745539
v 0.03988914936780932 0.06990589201450352 0.006961786188185215
v 0.04023908823728564 0.06969678401947026 0.0069718388840556145
v 0.04139842092990878 0.06933382898569111 0.006384468171745539
v 0.04023908823728564 0.06969678401947026 0.0069718388840556145
v 0.04073079302906993 0.06940297037363057 0.0069859642535448074
v 0.03529766947031023 0.06998450309038166 0.008746964856982231
v 0.035487208515405676 0.07007037103176121 0.00868989247828722
v 0.03231766447424891 0.07299415022134786 0.007828427478671074
v 0.035487208515405676 0.07007037103176121 0.00868989247828722
v 0.03691233322024348 0.07042042165994648 0.00811590626835823
v 0.03231766447424891 0.07299415022134786 0.007828427478671074
v 0.03231766447424891 0.07299415022134786 0.007828427478671074
v 0.03691233322024348 0.07042042165994648 0.00811590626835823
v 0.03721148148179057 0.07044433057308201 0.007979623973369598
v 0.03231766447424891 0.07299415022134786 0.007828427478671074
v 0.03721148148179057 0.07044433057308201 0.007979623973369598
v 0.03749706223607066 0.07041808217763905 0.007852016016840935
v 0.031145580112934133 0.07034642249345784 0.008999999612569809
v 0.03391922265291216 0.06912659853696827 0.008999999612569809
v 0.03173309564590456 0.07167381048202519 0.008752765133976936
v 0.03173309564590456 0.07167381048202519 0.008752765133976936
v 0.03391922265291216 0.06912659853696827 0.008999999612569809
v 0.03476350009441378 0.0696949735283852 0.008874813094735146
v 0.034979380667209646 0.0698403045535088 0.008842803537845612
v 0.02139319293200971 0.0739684477448464 0.008999999612569809
v 0.02223773300647737 0.073718972504139 0.008999999612569809
v 0.02281422168016435 0.07499090582132345 0.008752765133976936
v 0.02281422168016435 0.07499090582132345 0.008752765133976936
v 0.02223773300647737 0.073718972504139 0.008999999612569809
v 0.02240899764001371 0.07365981489419943 0.008999999612569809
v 0.02281422168016435 0.07499090582132345 0.008752765133976936
v 0.02240899764001371 0.07365981489419943 0.008999999612569809
v 0.03173309564590456 0.07167381048202519 0.008752765133976936
v 0.03173309564590456 0.07167381048202519 0.008752765133976936
v 0.02240899764001371 0.07365981489419943 0.008999999612569809
v 0.02801241911947729 0.07172435522079472 0.008999999612569809
v 0.02801241911947729 0.07172435522079472 0.008999999612569809
v 0.03749706223607066 0.07041808217763905 0.007852016016840935
v 0.037578772753477124 0.07041056454181675 0.00781550444662571
v 0.03231766447424891 0.07299415022134786 0.007828427478671074
v 0.03231766447424891 0.07299415022134786 0.007828427478671074
v 0.037578772753477124 0.07041056454181675 0.00781550444662571
v 0.032691873610019705 0.0738393589854241 0.006384468171745539
v 0.03231766447424891 0.07299415022134786 0.007828427478671074
v 0.032691873610019705 0.0738393589854241 0.006384468171745539
v 0.02323449403047563 0.07637234777212148 0.007828427478671074
v 0.023503528907895106 0.07725667208433157 0.006384468171745539
v 0.02323449403047563 0.07637234777212148 0.007828427478671074
v 0.023503528907895106 0.07725667208433157 0.006384468171745539
v 0.013808904215693482 0.07862500846385961 0.007828427478671074
v 0.013968798331916341 0.07953540980815893 0.006384468171745539
v 0.013808904215693482 0.07862500846385961 0.007828427478671074
v 0.013968798331916341 0.07953540980815893 0.006384468171745539
v 0.004179804585874083 0.07971892505884176 0.007828427478671074
v 0.004228202626109126 0.08064199239015585 0.006384468171745539
v 0.004179804585874083 0.07971892505884176 0.007828427478671074
v 0.004228202626109126 0.08064199239015585 0.006384468171745539
v -0.00551089504733682 0.07963798195123678 0.007828427478671074
v -0.005574706476181749 0.08056011050939565 0.006384468171745539
v -0.00551089504733682 0.07963798195123678 0.007828427478671074
v -0.005574706476181749 0.08056011050939565 0.006384468171745539
v -0.015120377764105807 0.07838336378335958 0.007828427478671074
v -0.015295458026230346 0.07929097115993505 0.006384468171745539
v -0.015120377764105807 0.07838336378335958 0.007828427478671074
v -0.015295458026230346 0.07929097115993505 0.006384468171745539
v -0.024507023394107836 0.07597357034683233 0.007828427478671074
v -0.024790791794657725 0.07685327529907232 0.006384468171745539
v -0.024507023394107836 0.07597357034683233 0.007828427478671074
v -0.024790791794657725 0.07685327529907232 0.006384468171745539
v -0.03353249654173853 0.07244411110877995 0.007828427478671074
v -0.03392076864838602 0.07328294962644583 0.006384468171745539
v -0.03353249654173853 0.07244411110877995 0.007828427478671074
v -0.03392076864838602 0.07328294962644583 0.006384468171745539
v -0.03878507390618327 0.07029967010021214 0.007276488002389669
v -0.03878507390618327 0.07029967010021214 0.007276488002389669
v -0.03392076864838602 0.07328294962644583 0.006384468171745539
v -0.03988914936780932 0.06990589201450352 0.006961786188185215
v 0.07973237335681921 0.0027356303762644547 0.007852016016840935
v 0.07976672798395162 0.002661110833287241 0.00781550444662571
v 0.07968123257160192 0.0048455190844833886 0.007828427478671074
v 0.07968123257160192 0.0048455190844833886 0.007828427478671074
v 0.07976672798395162 0.002661110833287241 0.00781550444662571
v 0.08060386776924139 0.0049016256816685234 0.006384468171745539
v 0.07968123257160192 0.0048455190844833886 0.007828427478671074
v 0.08060386776924139 0.0049016256816685234 0.006384468171745539
v 0.07850692421197897 0.014465145766735087 0.007828427478671074
v 0.07941596210002905 0.014632638543844233 0.006384468171745539
v 0.07850692421197897 0.014465145766735087 0.007828427478671074
v 0.07941596210002905 0.014632638543844233 0.006384468171745539
v 0.07617561519145971 0.02387159131467344 0.007828427478671074
v 0.07705765962600714 0.024148002266883867 0.006384468171745539
v 0.07617561519145971 0.02387159131467344 0.007828427478671074
v 0.07705765962600714 0.024148002266883867 0.006384468171745539
v 0.07272166758775715 0.032926227897405645 0.007828427478671074
v 0.0735637173056603 0.033307481557130834 0.006384468171745539
v 0.07272166758775715 0.032926227897405645 0.007828427478671074
v 0.0735637173056603 0.033307481557130834 0.006384468171745539
v 0.0681959837675095 0.04149561375379565 0.007828427478671074
v 0.06898562610149388 0.04197609424591067 0.006384468171745539
v 0.0681959837675095 0.04149561375379565 0.007828427478671074
v 0.06898562610149388 0.04197609424591067 0.006384468171745539
v 0.06266525387763981 0.04945345595479015 0.007828427478671074
v 0.06339085847139363 0.05002607777714733 0.006384468171745539
v 0.06266525387763981 0.04945345595479015 0.007828427478671074
v 0.06339085847139363 0.05002607777714733 0.006384468171745539
v 0.05621098726987842 0.05668247118592266 0.007828427478671074
v 0.05686185881495479 0.05733880400657658 0.006384468171745539
v 0.05621098726987842 0.05668247118592266 0.007828427478671074
v 0.05686185881495479 0.05733880400657658 0.006384468171745539
v 0.04892831295728687 0.06307613104581837 0.007828427478671074
v 0.04949485510587696 0.06380648910999302 0.006384468171745539
v 0.04892831295728687 0.06307613104581837 0.007828427478671074
v 0.04949485510587696 0.06380648910999302 0.006384468171745539
v 0.0418248884379864 0.06834974884986882 0.007489092648029327
v 0.0418248884379864 0.06834974884986882 0.007489092648029327
v 0.04949485510587696 0.06380648910999302 0.006384468171745539
v 0.04155222326517108 0.0686707049608231 0.007312704809010029
v 0.08024668693542486 -0.0016499294433742772 0.007312704809010029
v 0.08010505884885794 -0.0020465434063225998 0.007489092648029327
v 0.08060386776924139 -0.0049016256816685234 0.006384468171745539
v 0.08060386776924139 -0.0049016256816685234 0.006384468171745539
v 0.08010505884885794 -0.0020465434063225998 0.007489092648029327
v 0.07968123257160192 -0.0048455190844833886 0.007828427478671074
v 0.08060386776924139 -0.0049016256816685234 0.006384468171745539
v 0.07968123257160192 -0.0048455190844833886 0.007828427478671074
v 0.07941596210002905 -0.014632638543844233 0.006384468171745539
v 0.07850692421197897 -0.014465145766735087 0.007828427478671074
v 0.07941596210002905 -0.014632638543844233 0.006384468171745539
v 0.07850692421197897 -0.014465145766735087 0.007828427478671074
v 0.07705765962600714 -0.024148002266883867 0.006384468171745539
v 0.07617561519145971 -0.02387159131467344 0.007828427478671074
v 0.07705765962600714 -0.024148002266883867 0.006384468171745539
v 0.07617561519145971 -0.02387159131467344 0.007828427478671074
v 0.0735637173056603 -0.033307481557130834 0.006384468171745539
v 0.07272166758775715 -0.032926227897405645 0.007828427478671074
v 0.0735637173056603 -0.033307481557130834 0.006384468171745539
v 0.07272166758775715 -0.032926227897405645 0.007828427478671074
v 0.06898562610149388 -0.04197609424591067 0.006384468171745539
v 0.0681959837675095 -0.04149561375379565 0.007828427478671074
v 0.06898562610149388 -0.04197609424591067 0.006384468171745539
v 0.0681959837675095 -0.04149561375379565 0.007828427478671074
v 0.06339085847139363 -0.05002607777714733 0.006384468171745539
v 0.06266525387763981 -0.04945345595479015 0.007828427478671074
v 0.06339085847139363 -0.05002607777714733 0.006384468171745539
v 0.06266525387763981 -0.04945345595479015 0.007828427478671074
v 0.05686185881495479 -0.05733880400657658 0.006384468171745539
v 0.05621098726987842 -0.05668247118592266 0.007828427478671074
v 0.05686185881495479 -0.05733880400657658 0.006384468171745539
v 0.05621098726987842 -0.05668247118592266 0.007828427478671074
v 0.04949485510587696 -0.06380648910999302 0.006384468171745539
v 0.04892831295728687 -0.06307613104581837 0.007828427478671074
v 0.04949485510587696 -0.06380648910999302 0.006384468171745539
v 0.04892831295728687 -0.06307613104581837 0.007828427478671074
v 0.04139842092990878 -0.06933382898569111 0.006384468171745539
v 0.04139842092990878 -0.06933382898569111 0.006384468171745539
v 0.04892831295728687 -0.06307613104581837 0.007828427478671074
v 0.0421879515051842 -0.06774945557117466 0.00781550444662571
v 0.04139842092990878 -0.06933382898569111 0.006384468171745539
v 0.0421879515051842 -0.06774945557117466 0.00781550444662571
v 0.04148876294493678 -0.06873869150877003 0.007276488002389669
v -0.03750016540288928 -0.07039394229650502 0.007845100946724415
v -0.037588577717542676 -0.07039420306682591 0.007804747670888901
v -0.03353249654173853 -0.07244411110877995 0.007828427478671074
v -0.03353249654173853 -0.07244411110877995 0.007828427478671074
v -0.037588577717542676 -0.07039420306682591 0.007804747670888901
v -0.03392076864838602 -0.07328294962644583 0.006384468171745539
v -0.03353249654173853 -0.07244411110877995 0.007828427478671074
v -0.03392076864838602 -0.07328294962644583 0.006384468171745539
v -0.024507023394107836 -0.07597357034683233 0.007828427478671074
v -0.024790791794657725 -0.07685327529907232 0.006384468171745539
v -0.024507023394107836 -0.07597357034683233 0.007828427478671074
v -0.024790791794657725 -0.07685327529907232 0.006384468171745539
v -0.015120377764105807 -0.07838336378335958 0.007828427478671074
v -0.015295458026230346 -0.07929097115993505 0.006384468171745539
v -0.015120377764105807 -0.07838336378335958 0.007828427478671074
v -0.015295458026230346 -0.07929097115993505 0.006384468171745539
v -0.00551089504733682 -0.07963798195123678 0.007828427478671074
v -0.005574706476181749 -0.08056011050939565 0.006384468171745539
v -0.00551089504733682 -0.07963798195123678 0.007828427478671074
v -0.005574706476181749 -0.08056011050939565 0.006384468171745539
v 0.004179804585874083 -0.07971892505884176 0.007828427478671074
v 0.004228202626109126 -0.08064199239015585 0.006384468171745539
v 0.004179804585874083 -0.07971892505884176 0.007828427478671074
v 0.004228202626109126 -0.08064199239015585 0.006384468171745539
v 0.013808904215693482 -0.07862500846385961 0.007828427478671074
v 0.013968798331916341 -0.07953540980815893 0.006384468171745539
v 0.013808904215693482 -0.07862500846385961 0.007828427478671074
v 0.013968798331916341 -0.07953540980815893 0.006384468171745539
v 0.02323449403047563 -0.07637234777212148 0.007828427478671074
v 0.023503528907895106 -0.07725667208433157 0.006384468171745539
v 0.02323449403047563 -0.07637234777212148 0.007828427478671074
v 0.023503528907895106 -0.07725667208433157 0.006384468171745539
v 0.03231766447424891 -0.07299415022134786 0.007828427478671074
v 0.032691873610019705 -0.0738393589854241 0.006384468171745539
v 0.03231766447424891 -0.07299415022134786 0.007828427478671074
v 0.032691873610019705 -0.0738393589854241 0.006384468171745539
v 0.03828017413616183 -0.07039628922939305 0.007489092648029327
v 0.03828017413616183 -0.07039628922939305 0.007489092648029327
v 0.032691873610019705 -0.0738393589854241 0.006384468171745539
v 0.03869446367025378 -0.07032063603401188 0.007312704809010029
v 0.034979380667209646 0.0698403045535088 0.008842803537845612
v 0.03529766947031023 0.06998450309038166 0.008746964856982231
v 0.03173309564590456 0.07167381048202519 0.008752765133976936
v 0.03173309564590456 0.07167381048202519 0.008752765133976936
v 0.03529766947031023 0.06998450309038166 0.008746964856982231
v 0.03231766447424891 0.07299415022134786 0.007828427478671074
v 0.03173309564590456 0.07167381048202519 0.008752765133976936
v 0.03231766447424891 0.07299415022134786 0.007828427478671074
v 0.02281422168016435 0.07499090582132345 0.008752765133976936
v 0.02323449403047563 0.07637234777212148 0.007828427478671074
v 0.02281422168016435 0.07499090582132345 0.008752765133976936
v 0.02323449403047563 0.07637234777212148 0.007828427478671074
v 0.01355912536382676 0.077202819287777 0.008752765133976936
v 0.013808904215693482 0.07862500846385961 0.007828427478671074
v 0.01355912536382676 0.077202819287777 0.008752765133976936
v 0.013808904215693482 0.07862500846385961 0.007828427478671074
v 0.004104198887944224 0.07827694714069372 0.008752765133976936
v 0.004179804585874083 0.07971892505884176 0.007828427478671074
v 0.004104198887944224 0.07827694714069372 0.008752765133976936
v 0.004179804585874083 0.07971892505884176 0.007828427478671074
v -0.005411212798208002 0.07819746434688574 0.008752765133976936
v -0.00551089504733682 0.07963798195123678 0.007828427478671074
v -0.005411212798208002 0.07819746434688574 0.008752765133976936
v -0.00551089504733682 0.07963798195123678 0.007828427478671074
v -0.01484687626361848 0.07696554809808737 0.008752765133976936
v -0.015120377764105807 0.07838336378335958 0.007828427478671074
v -0.01484687626361848 0.07696554809808737 0.008752765133976936
v -0.015120377764105807 0.07838336378335958 0.007828427478671074
v -0.02406373247504236 0.07459934055805212 0.008752765133976936
v -0.024507023394107836 0.07597357034683233 0.007828427478671074
v -0.02406373247504236 0.07459934055805212 0.008752765133976936
v -0.024507023394107836 0.07597357034683233 0.007828427478671074
v -0.03292594850063326 0.07113372534513478 0.008752765133976936
v -0.03353249654173853 0.07244411110877995 0.007828427478671074
v -0.03292594850063326 0.07113372534513478 0.008752765133976936
v -0.03353249654173853 0.07244411110877995 0.007828427478671074
v -0.035487208515405676 0.07007037103176121 0.00868989247828722
v -0.035487208515405676 0.07007037103176121 0.00868989247828722
v -0.03353249654173853 0.07244411110877995 0.007828427478671074
v -0.03691233322024348 0.07042042165994648 0.00811590626835823
v 0.07797317206859594 0.004627121612429622 0.008842803537845612
v 0.07825718820095068 0.004423573613166812 0.008746964856982231
v 0.0782399326562882 0.0047578718513250386 0.008752765133976936
v 0.0782399326562882 0.0047578718513250386 0.008752765133976936
v 0.07825718820095068 0.004423573613166812 0.008746964856982231
v 0.07968123257160192 0.0048455190844833886 0.007828427478671074
v 0.0782399326562882 0.0047578718513250386 0.008752765133976936
v 0.07968123257160192 0.0048455190844833886 0.007828427478671074
v 0.07708687335252767 0.014203496277332315 0.008752765133976936
v 0.07850692421197897 0.014465145766735087 0.007828427478671074
v 0.07708687335252767 0.014203496277332315 0.008752765133976936
v 0.07850692421197897 0.014465145766735087 0.007828427478671074
v 0.074797734618187 0.02343979477882387 0.008752765133976936
v 0.07617561519145971 0.02387159131467344 0.007828427478671074
v 0.074797734618187 0.02343979477882387 0.008752765133976936
v 0.07617561519145971 0.02387159131467344 0.007828427478671074
v 0.07140626013278965 0.032330650836229345 0.008752765133976936
v 0.07272166758775715 0.032926227897405645 0.007828427478671074
v 0.07140626013278965 0.032330650836229345 0.008752765133976936
v 0.07272166758775715 0.032926227897405645 0.007828427478671074
v 0.0669624358415604 0.04074502736330035 0.008752765133976936
v 0.0681959837675095 0.04149561375379565 0.007828427478671074
v 0.0669624358415604 0.04074502736330035 0.008752765133976936
v 0.0681959837675095 0.04149561375379565 0.007828427478671074
v 0.06153174489736561 0.04855892807245258 0.008752765133976936
v 0.06266525387763981 0.04945345595479015 0.007828427478671074
v 0.06153174489736561 0.04855892807245258 0.008752765133976936
v 0.06266525387763981 0.04945345595479015 0.007828427478671074
v 0.05519422888755802 0.055657185614109074 0.008752765133976936
v 0.05621098726987842 0.05668247118592266 0.007828427478671074
v 0.05519422888755802 0.055657185614109074 0.008752765133976936
v 0.05621098726987842 0.05668247118592266 0.007828427478671074
v 0.04804328083992008 0.06193519011139874 0.008752765133976936
v 0.04892831295728687 0.06307613104581837 0.007828427478671074
v 0.04804328083992008 0.06193519011139874 0.008752765133976936
v 0.04892831295728687 0.06307613104581837 0.007828427478671074
v 0.042676735669374494 0.06680969893932347 0.008288671262562275
v 0.042676735669374494 0.06680969893932347 0.008288671262562275
v 0.04892831295728687 0.06307613104581837 0.007828427478671074
v 0.04261730611324313 0.06696763634681706 0.008216231130063534
v 0.04299379140138629 -0.06521318852901463 0.008842803537845612
v 0.04295952245593074 -0.06556092947721485 0.008746964856982231
v 0.04804328083992008 -0.06193519011139874 0.008752765133976936
v 0.04804328083992008 -0.06193519011139874 0.008752765133976936
v 0.04295952245593074 -0.06556092947721485 0.008746964856982231
v 0.04892831295728687 -0.06307613104581837 0.007828427478671074
v 0.04804328083992008 -0.06193519011139874 0.008752765133976936
v 0.04892831295728687 -0.06307613104581837 0.007828427478671074
v 0.05519422888755802 -0.055657185614109074 0.008752765133976936
v 0.05621098726987842 -0.05668247118592266 0.007828427478671074
v 0.05519422888755802 -0.055657185614109074 0.008752765133976936
v 0.05621098726987842 -0.05668247118592266 0.007828427478671074
v 0.06153174489736561 -0.04855892807245258 0.008752765133976936
v 0.06266525387763981 -0.04945345595479015 0.007828427478671074
v 0.06153174489736561 -0.04855892807245258 0.008752765133976936
v 0.06266525387763981 -0.04945345595479015 0.007828427478671074
v 0.0669624358415604 -0.04074502736330035 0.008752765133976936
v 0.0681959837675095 -0.04149561375379565 0.007828427478671074
v 0.0669624358415604 -0.04074502736330035 0.008752765133976936
v 0.0681959837675095 -0.04149561375379565 0.007828427478671074
v 0.07140626013278965 -0.032330650836229345 0.008752765133976936
v 0.07272166758775715 -0.032926227897405645 0.007828427478671074
v 0.07140626013278965 -0.032330650836229345 0.008752765133976936
v 0.07272166758775715 -0.032926227897405645 0.007828427478671074
v 0.074797734618187 -0.02343979477882387 0.008752765133976936
v 0.07617561519145971 -0.02387159131467344 0.007828427478671074
v 0.074797734618187 -0.02343979477882387 0.008752765133976936
v 0.07617561519145971 -0.02387159131467344 0.007828427478671074
v 0.07708687335252767 -0.014203496277332315 0.008752765133976936
v 0.07850692421197897 -0.014465145766735087 0.007828427478671074
v 0.07708687335252767 -0.014203496277332315 0.008752765133976936
v 0.07850692421197897 -0.014465145766735087 0.007828427478671074
v 0.0782399326562882 -0.0047578718513250386 0.008752765133976936
v 0.07968123257160192 -0.0048455190844833886 0.007828427478671074
v 0.0782399326562882 -0.0047578718513250386 0.008752765133976936
v 0.07968123257160192 -0.0048455190844833886 0.007828427478671074
v 0.07919726520776754 -0.003554288297891619 0.008288671262562275
v 0.07919726520776754 -0.003554288297891619 0.008288671262562275
v 0.07968123257160192 -0.0048455190844833886 0.007828427478671074
v 0.07930433005094534 -0.0034238509833812735 0.008216231130063534
v -0.035105161368846914 -0.06990314275026326 0.008808480575680733
v -0.03530919924378397 -0.06996957957744603 0.008733545430004597
v -0.03292594850063326 -0.07113372534513478 0.008752765133976936
v -0.03292594850063326 -0.07113372534513478 0.008752765133976936
v -0.03530919924378397 -0.06996957957744603 0.008733545430004597
v -0.03353249654173853 -0.07244411110877995 0.007828427478671074
v -0.03292594850063326 -0.07113372534513478 0.008752765133976936
v -0.03353249654173853 -0.07244411110877995 0.007828427478671074
v -0.02406373247504236 -0.07459934055805212 0.008752765133976936
v -0.024507023394107836 -0.07597357034683233 0.007828427478671074
v -0.02406373247504236 -0.07459934055805212 0.008752765133976936
v -0.024507023394107836 -0.07597357034683233 0.007828427478671074
v -0.01484687626361848 -0.07696554809808737 0.008752765133976936
v -0.015120377764105807 -0.07838336378335958 0.007828427478671074
v -0.01484687626361848 -0.07696554809808737 0.008752765133976936
v -0.015120377764105807 -0.07838336378335958 0.007828427478671074
v -0.005411212798208002 -0.07819746434688574 0.008752765133976936
v -0.00551089504733682 -0.07963798195123678 0.007828427478671074
v -0.005411212798208002 -0.07819746434688574 0.008752765133976936
v -0.00551089504733682 -0.07963798195123678 0.007828427478671074
v 0.004104198887944224 -0.07827694714069372 0.008752765133976936
v 0.004179804585874083 -0.07971892505884176 0.007828427478671074
v 0.004104198887944224 -0.07827694714069372 0.008752765133976936
v 0.004179804585874083 -0.07971892505884176 0.007828427478671074
v 0.01355912536382676 -0.077202819287777 0.008752765133976936
v 0.013808904215693482 -0.07862500846385961 0.007828427478671074
v 0.01355912536382676 -0.077202819287777 0.008752765133976936
v 0.013808904215693482 -0.07862500846385961 0.007828427478671074
v 0.02281422168016435 -0.07499090582132345 0.008752765133976936
v 0.02323449403047563 -0.07637234777212148 0.007828427478671074
v 0.02281422168016435 -0.07499090582132345 0.008752765133976936
v 0.02323449403047563 -0.07637234777212148 0.007828427478671074
v 0.03173309564590456 -0.07167381048202519 0.008752765133976936
v 0.03231766447424891 -0.07299415022134786 0.007828427478671074
v 0.03173309564590456 -0.07167381048202519 0.008752765133976936
v 0.03231766447424891 -0.07299415022134786 0.007828427478671074
v 0.03652052953839305 -0.07036399096250538 0.008288671262562275
v 0.03652052953839305 -0.07036399096250538 0.008288671262562275
v 0.03231766447424891 -0.07299415022134786 0.007828427478671074
v 0.03668702393770221 -0.07039149105548863 0.008216231130063534
v -0.03868153318762782 -0.059246551245451015 0.012616852298378944
v -0.038020744919776944 -0.05942062661051754 0.01250532828271389
v -0.029146863147616407 -0.05926482379436497 0.03285589814186096
v -0.027221003547310847 -0.06004790961742405 0.031923748552799225
v -0.026491390541195887 -0.05999824404716496 0.03371347859501839
v -0.029146863147616407 -0.05926482379436497 0.03285589814186096
v -0.029146863147616407 -0.05926482379436497 0.03285589814186096
v -0.026491390541195887 -0.05999824404716496 0.03371347859501839
v -0.02429382316768171 -0.059864558279514354 0.039552077651023865
v -0.021555747836828246 -0.059697993099689525 0.04682672768831253
v -0.02005608938634397 -0.05960676446557049 0.05081108957529068
v -0.019003614783287062 -0.05954888090491299 0.05374322831630707
v -0.019749358296394362 -0.05941316857934002 0.05405396968126297
v -0.03574930503964426 -0.05973797291517262 0.015116432681679726
v -0.03527659550309183 -0.059921350330114406 0.015126216225326061
v -0.029146863147616407 -0.05926482379436497 0.03285589814186096
v -0.03785777091979983 -0.05946355685591702 0.012477821670472622
v -0.03750082477927211 -0.059478435665369075 0.01311563327908516
v -0.038020744919776944 -0.05942062661051754 0.01250532828271389
v -0.038020744919776944 -0.05942062661051754 0.01250532828271389
v -0.03750082477927211 -0.059478435665369075 0.01311563327908516
v -0.03668673336505893 -0.05951236560940747 0.014570296742022038
v -0.038020744919776944 -0.05942062661051754 0.01250532828271389
v -0.03668673336505893 -0.05951236560940747 0.014570296742022038
v -0.029146863147616407 -0.05926482379436497 0.03285589814186096
v -0.029146863147616407 -0.05926482379436497 0.03285589814186096
v -0.03668673336505893 -0.05951236560940747 0.014570296742022038
v -0.036210402846336386 -0.059605229645967525 0.014949456788599491
v -0.029146863147616407 -0.05926482379436497 0.03285589814186096
v -0.036210402846336386 -0.059605229645967525 0.014949456788599491
v -0.03574930503964426 -0.05973797291517262 0.015116432681679726
v -0.03423565626144411 -0.06052538752555851 0.014716925099492073
v -0.03408973291516306 -0.060515455901622814 0.015074869617819786
v -0.034766562283039114 -0.06021731346845631 0.014925675466656685
v -0.03527659550309183 -0.059921350330114406 0.015126216225326061
v -0.03527659550309183 -0.059921350330114406 0.015126216225326061
v -0.03408973291516306 -0.060515455901622814 0.015074869617819786
v -0.029146863147616407 -0.05926482379436497 0.03285589814186096
v -0.03408973291516306 -0.060515455901622814 0.015074869617819786
v -0.029161404818296453 -0.06017998978495602 0.027163974940776825
v -0.02005608938634397 -0.05960676446557049 0.05081108957529068
v -0.019749358296394362 -0.05941316857934002 0.05405396968126297
v -0.021555747836828246 -0.059697993099689525 0.04682672768831253
v -0.021555747836828246 -0.059697993099689525 0.04682672768831253
v -0.019749358296394362 -0.05941316857934002 0.05405396968126297
v -0.02050886116921903 -0.05927494913339619 0.054370444267988205
v -0.021555747836828246 -0.059697993099689525 0.04682672768831253
v -0.02050886116921903 -0.05927494913339619 0.054370444267988205
v -0.029146863147616407 -0.05926482379436497 0.03285589814186096
v -0.029146863147616407 -0.05926482379436497 0.03285589814186096
v -0.02050886116921903 -0.05927494913339619 0.054370444267988205
v -0.020511664450168623 -0.0592744387686253 0.05437161400914192
v -0.029146863147616407 -0.05926482379436497 0.03285589814186096
v -0.020511664450168623 -0.0592744387686253 0.05437161400914192
v -0.022019715979695334 -0.05900000035762791 0.054999999701976776
v -0.04094673320651057 -0.05900000035762791 0.012999999336898327
v -0.03868153318762782 -0.059246551245451015 0.012616852298378944
v -0.03125341236591341 -0.05900000035762791 0.03374448046088219
v -0.03125341236591341 -0.05900000035762791 0.03374448046088219
v -0.03868153318762782 -0.059246551245451015 0.012616852298378944
v -0.029146863147616407 -0.05926482379436497 0.03285589814186096
v -0.03125341236591341 -0.05900000035762791 0.03374448046088219
v -0.029146863147616407 -0.05926482379436497 0.03285589814186096
v -0.031194906681776068 -0.05900000035762791 0.03386968746781349
v -0.031194906681776068 -0.05900000035762791 0.03386968746781349
v -0.029146863147616407 -0.05926482379436497 0.03285589814186096
v -0.022019715979695334 -0.05900000035762791 0.054999999701976776
v -0.03948888927698138 -0.05145433545112613 0.06179966777563095
v -0.04247821867465976 -0.05003113299608234 0.06151329353451729
v -0.043606139719486264 -0.051359608769416844 0.060743480920791626
v -0.04075326025485995 -0.04799946770071987 0.06383250653743744
v -0.04152198508381846 -0.048904880881309544 0.06274192780256271
v -0.03859925642609599 -0.050506249070167576 0.06294960528612137
v -0.02306933701038362 -0.05698362737894062 0.0626790001988411
v -0.024397363886237162 -0.05630724504590038 0.06362533569335938
v -0.025234779343009012 -0.05629150196909908 0.062170498073101044
v -0.0380935147404671 -0.047488063573837315 0.06909485906362534
v -0.03939921036362651 -0.04640465602278712 0.06914863735437393
v -0.039632383733987836 -0.04667929187417033 0.06747081130743027
v -0.020120205357670798 -0.05904917046427731 0.055820830166339874
v -0.021631263196468367 -0.05894802138209347 0.05571592226624489
v -0.021624321117997183 -0.058950945734977764 0.05569864436984062
v -0.020120205357670798 -0.05904917046427731 0.055820830166339874
v -0.021624321117997183 -0.058950945734977764 0.05569864436984062
v -0.02050886116921903 -0.05927494913339619 0.054370444267988205
v -0.02050886116921903 -0.05927494913339619 0.054370444267988205
v -0.021624321117997183 -0.058950945734977764 0.05569864436984062
v -0.02164218202233316 -0.05897582694888119 0.05548951402306557
v -0.02050886116921903 -0.05927494913339619 0.054370444267988205
v -0.02164218202233316 -0.05897582694888119 0.05548951402306557
v -0.020511664450168623 -0.0592744387686253 0.05437161400914192
v -0.020511664450168623 -0.0592744387686253 0.05437161400914192
v -0.02164218202233316 -0.05897582694888119 0.05548951402306557
v -0.021812146529555335 -0.05899599939584736 0.05519656836986542
v -0.020511664450168623 -0.0592744387686253 0.05437161400914192
v -0.021812146529555335 -0.05899599939584736 0.05519656836986542
v -0.022019715979695334 -0.05900000035762791 0.054999999701976776
v -0.021631263196468367 -0.05894802138209347 0.05571592226624489
v -0.020120205357670798 -0.05904917046427731 0.055820830166339874
v -0.021731438115239157 -0.0589058138430119 0.05596526712179184
v -0.021731438115239157 -0.0589058138430119 0.05596526712179184
v -0.020120205357670798 -0.05904917046427731 0.055820830166339874
v -0.020670104771852507 -0.058725133538246196 0.05720658227801323
v -0.021731438115239157 -0.0589058138430119 0.05596526712179184
v -0.020670104771852507 -0.058725133538246196 0.05720658227801323
v -0.02225553430616857 -0.0587994866073132 0.056372158229351044
v -0.02249788306653501 -0.0587503165006638 0.05656031146645546
v -0.02249788306653501 -0.0587503165006638 0.05656031146645546
v -0.020670104771852507 -0.058725133538246196 0.05720658227801323
v -0.02179707027971746 -0.05826346203684811 0.05834510177373886
v -0.02249788306653501 -0.0587503165006638 0.05656031146645546
v -0.02179707027971746 -0.05826346203684811 0.05834510177373886
v -0.02292154170572759 -0.05868228524923329 0.05672735720872879
v -0.023175489157438292 -0.05773149430751805 0.059272702783346176
v -0.024127760902047175 -0.05848858505487446 0.057202957570552826
v -0.02179707027971746 -0.05826346203684811 0.05834510177373886
v -0.024127760902047175 -0.05848858505487446 0.057202957570552826
v -0.023476976901292818 -0.058593090623617214 0.05694635957479477
v -0.02498621493577959 -0.058352749794721645 0.05741535872220993
v -0.02407254837453367 -0.05796641856431965 0.05832322686910629
v -0.027957575395703333 -0.057882588356733364 0.05815054103732109
v -0.027957575395703333 -0.057882588356733364 0.05815054103732109
v -0.02407254837453367 -0.05796641856431965 0.05832322686910629
v -0.027260575443506258 -0.05705231428146366 0.05937405675649643
v -0.034081440418958685 -0.05678590759634975 0.05915220454335213
v -0.03183437138795855 -0.057188320904970204 0.05878465622663498
v -0.03057754971086981 -0.056035023182630574 0.06012257561087608
v -0.03008781559765341 -0.05750110000371937 0.05849897861480713
v -0.03057754971086981 -0.056035023182630574 0.06012257561087608
v -0.03008781559765341 -0.05750110000371937 0.05849897861480713
v -0.027260575443506258 -0.05705231428146366 0.05937405675649643
v -0.027260575443506258 -0.05705231428146366 0.05937405675649643
v -0.03008781559765341 -0.05750110000371937 0.05849897861480713
v -0.028327321633696573 -0.0578163713216782 0.05821102112531662
v -0.027957575395703333 -0.057882588356733364 0.05815054103732109
v -0.03057754971086981 -0.056035023182630574 0.06012257561087608
v -0.0339247062802315 -0.0549278520047665 0.06062648072838783
v -0.034081440418958685 -0.05678590759634975 0.05915220454335213
v -0.034081440418958685 -0.05678590759634975 0.05915220454335213
v -0.0339247062802315 -0.0549278520047665 0.06062648072838783
v -0.03809317201375964 -0.05472563952207569 0.06018126755952835
v -0.034081440418958685 -0.05678590759634975 0.05915220454335213
v -0.03809317201375964 -0.05472563952207569 0.06018126755952835
v -0.03894228115677836 -0.055737763643264805 0.05965552106499672
v -0.03894228115677836 -0.055737763643264805 0.05965552106499672
v -0.03809317201375964 -0.05472563952207569 0.06018126755952835
v -0.03902878239750865 -0.055719111114740406 0.05966447666287422
v -0.04423072189092639 -0.052095245569944416 0.060317203402519226
v -0.04472910612821582 -0.05268224328756336 0.06021944805979729
v -0.041451454162597684 -0.05371560156345371 0.060272473841905594
v -0.04584792628884318 -0.05400000140070919 0.05999999865889549
v -0.041451454162597684 -0.05371560156345371 0.060272473841905594
v -0.04584792628884318 -0.05400000140070919 0.05999999865889549
v -0.04004818201065066 -0.05549929663538936 0.05977003276348114
v -0.036411412060260794 -0.04878862947225574 0.06883285194635391
v -0.03646036237478259 -0.04875078052282337 0.06884048134088516
v -0.0367512218654156 -0.04887609556317333 0.06735628098249435
v -0.03534916415810587 -0.04960993677377704 0.06866739690303802
v -0.029609108343720457 -0.05341900140047077 0.06664164364337921
v -0.029960472136735937 -0.053200393915176426 0.06679116189479828
v -0.031312067061662695 -0.053042043000459706 0.06469912827014923
v -0.031312067061662695 -0.053042043000459706 0.06469912827014923
v -0.029960472136735937 -0.053200393915176426 0.06679116189479828
v -0.03043583780527117 -0.05290463194251064 0.06699343770742416
v -0.032154712826013586 -0.051835194230079686 0.06772487610578537
v -0.025234779343009012 -0.05629150196909908 0.062170498073101044
v -0.024397363886237162 -0.05630724504590038 0.06362533569335938
v -0.028266409412026423 -0.05475125834345821 0.06361132115125656
v -0.024397363886237162 -0.05630724504590038 0.06362533569335938
v -0.025808738544583338 -0.05558840930461887 0.06463105231523514
v -0.028266409412026423 -0.05475125834345821 0.06361132115125656
v -0.028266409412026423 -0.05475125834345821 0.06361132115125656
v -0.025808738544583338 -0.05558840930461887 0.06463105231523514
v -0.02738683111965658 -0.054706756025552784 0.06550464034080505
v -0.028266409412026423 -0.05475125834345821 0.06361132115125656
v -0.02738683111965658 -0.054706756025552784 0.06550464034080505
v -0.031312067061662695 -0.053042043000459706 0.06469912827014923
v -0.031312067061662695 -0.053042043000459706 0.06469912827014923
v -0.02738683111965658 -0.054706756025552784 0.06550464034080505
v -0.028881341218948385 -0.05387179926037792 0.06633196026086807
v -0.028881341218948385 -0.05387179926037792 0.06633196026086807
v -0.01955829188227655 -0.05872402712702755 0.05885328724980354
v -0.020257668569684043 -0.05837147682905201 0.05979510769248009
v -0.020985385403037085 -0.05826871842145924 0.059082821011543274
v -0.020914489403367056 -0.05804037675261502 0.06067962571978569
v -0.020985385403037085 -0.05826871842145924 0.059082821011543274
v -0.020914489403367056 -0.05804037675261502 0.06067962571978569
v -0.022311151027679457 -0.05766060203313832 0.060277022421360016
v -0.022311151027679457 -0.05766060203313832 0.060277022421360016
v -0.020914489403367056 -0.05804037675261502 0.06067962571978569
v -0.02153166569769384 -0.05773925781250004 0.06126987189054489
v -0.022311151027679457 -0.05766060203313832 0.060277022421360016
v -0.02153166569769384 -0.05773925781250004 0.06126987189054489
v -0.025234779343009012 -0.05629150196909908 0.062170498073101044
v -0.025234779343009012 -0.05629150196909908 0.062170498073101044
v -0.02153166569769384 -0.05773925781250004 0.06126987189054489
v -0.02281729690730573 -0.057111997157335316 0.062499403953552246
v -0.025234779343009012 -0.05629150196909908 0.062170498073101044
v -0.02281729690730573 -0.057111997157335316 0.062499403953552246
v -0.02306933701038362 -0.05698362737894062 0.0626790001988411
v -0.01955829188227655 -0.05872402712702755 0.05885328724980354
v -0.020985385403037085 -0.05826871842145924 0.059082821011543274
v -0.019209316000342383 -0.05893569812178616 0.05804497003555298
v -0.019209316000342383 -0.05893569812178616 0.05804497003555298
v -0.020985385403037085 -0.05826871842145924 0.059082821011543274
v -0.01990248449146749 -0.058800730854272884 0.05763406306505203
v -0.019209316000342383 -0.05893569812178616 0.05804497003555298
v -0.01990248449146749 -0.058800730854272884 0.05763406306505203
v -0.018870268017053618 -0.05914134904742245 0.05725964531302452
v -0.018870268017053618 -0.05914134904742245 0.05725964531302452
v -0.01990248449146749 -0.058800730854272884 0.05763406306505203
v -0.01937595941126348 -0.05918451771140103 0.05588424205780029
v -0.018870268017053618 -0.05914134904742245 0.05725964531302452
v -0.01937595941126348 -0.05918451771140103 0.05588424205780029
v -0.018714807927608504 -0.059355471283197445 0.05594465881586075
v -0.01866587065160276 -0.059422872960567516 0.055530715733766556
v -0.01866587065160276 -0.059422872960567516 0.055530715733766556
v -0.01937595941126348 -0.05918451771140103 0.05588424205780029
v -0.019749358296394362 -0.05941316857934002 0.05405396968126297
v -0.01866587065160276 -0.059422872960567516 0.055530715733766556
v -0.019749358296394362 -0.05941316857934002 0.05405396968126297
v -0.019003614783287062 -0.05954888090491299 0.05374322831630707
v -0.04065319150686267 -0.04788160696625713 0.06411471962928772
v -0.03782792016863826 -0.04974420368671421 0.06430326402187347
v -0.040060915052890805 -0.04718402028083805 0.06578505784273148
v -0.040060915052890805 -0.04718402028083805 0.06578505784273148
v -0.03782792016863826 -0.04974420368671421 0.06430326402187347
v -0.03720629215240481 -0.04919767379760746 0.06579633057117462
v -0.040060915052890805 -0.04718402028083805 0.06578505784273148
v -0.03720629215240481 -0.04919767379760746 0.06579633057117462
v -0.03974144533276561 -0.046807747334241895 0.06668602675199509
v -0.03974144533276561 -0.046807747334241895 0.06668602675199509
v -0.03720629215240481 -0.04919767379760746 0.06579633057117462
v -0.0367512218654156 -0.04887609556317333 0.06735628098249435
v -0.03974144533276561 -0.046807747334241895 0.06668602675199509
v -0.0367512218654156 -0.04887609556317333 0.06735628098249435
v -0.039632383733987836 -0.04667929187417033 0.06747081130743027
v -0.039632383733987836 -0.04667929187417033 0.06747081130743027
v -0.0367512218654156 -0.04887609556317333 0.06735628098249435
v -0.03646036237478259 -0.04875078052282337 0.06884048134088516
v -0.039632383733987836 -0.04667929187417033 0.06747081130743027
v -0.03646036237478259 -0.04875078052282337 0.06884048134088516
v -0.0380935147404671 -0.047488063573837315 0.06909485906362534
v -0.03782792016863826 -0.04974420368671421 0.06430326402187347
v -0.035611536353826544 -0.052146136760711705 0.06287949532270432
v -0.03720629215240481 -0.04919767379760746 0.06579633057117462
v -0.03720629215240481 -0.04919767379760746 0.06579633057117462
v -0.035611536353826544 -0.052146136760711705 0.06287949532270432
v -0.0343078672885895 -0.051183257251977955 0.06543422490358353
v -0.03720629215240481 -0.04919767379760746 0.06579633057117462
v -0.0343078672885895 -0.051183257251977955 0.06543422490358353
v -0.0367512218654156 -0.04887609556317333 0.06735628098249435
v -0.0367512218654156 -0.04887609556317333 0.06735628098249435
v -0.0343078672885895 -0.051183257251977955 0.06543422490358353
v -0.0334705635905266 -0.05091857165098194 0.06811311841011047
v -0.0367512218654156 -0.04887609556317333 0.06735628098249435
v -0.0334705635905266 -0.05091857165098194 0.06811311841011047
v -0.03534916415810587 -0.04960993677377704 0.06866739690303802
v -0.02050886116921903 -0.05927494913339619 0.054370444267988205
v -0.019749358296394362 -0.05941316857934002 0.05405396968126297
v -0.020120205357670798 -0.05904917046427731 0.055820830166339874
v -0.020120205357670798 -0.05904917046427731 0.055820830166339874
v -0.019749358296394362 -0.05941316857934002 0.05405396968126297
v -0.01937595941126348 -0.05918451771140103 0.05588424205780029
v -0.020120205357670798 -0.05904917046427731 0.055820830166339874
v -0.01937595941126348 -0.05918451771140103 0.05588424205780029
v -0.020670104771852507 -0.058725133538246196 0.05720658227801323
v -0.020670104771852507 -0.058725133538246196 0.05720658227801323
v -0.01937595941126348 -0.05918451771140103 0.05588424205780029
v -0.01990248449146749 -0.058800730854272884 0.05763406306505203
v -0.020670104771852507 -0.058725133538246196 0.05720658227801323
v -0.01990248449146749 -0.058800730854272884 0.05763406306505203
v -0.02179707027971746 -0.05826346203684811 0.05834510177373886
v -0.02179707027971746 -0.05826346203684811 0.05834510177373886
v -0.01990248449146749 -0.058800730854272884 0.05763406306505203
v -0.020985385403037085 -0.05826871842145924 0.059082821011543274
v -0.02179707027971746 -0.05826346203684811 0.05834510177373886
v -0.020985385403037085 -0.05826871842145924 0.059082821011543274
v -0.023175489157438292 -0.05773149430751805 0.059272702783346176
v -0.023175489157438292 -0.05773149430751805 0.059272702783346176
v -0.020985385403037085 -0.05826871842145924 0.059082821011543274
v -0.022311151027679457 -0.05766060203313832 0.060277022421360016
v -0.023175489157438292 -0.05773149430751805 0.059272702783346176
v -0.022311151027679457 -0.05766060203313832 0.060277022421360016
v -0.026213124394416826 -0.05653177201747898 0.06070950999855995
v -0.026213124394416826 -0.05653177201747898 0.06070950999855995
v -0.022311151027679457 -0.05766060203313832 0.060277022421360016
v -0.025234779343009012 -0.05629150196909908 0.062170498073101044
v -0.026213124394416826 -0.05653177201747898 0.06070950999855995
v -0.025234779343009012 -0.05629150196909908 0.062170498073101044
v -0.02935912273824217 -0.055189922451972996 0.06175146624445915
v -0.02935912273824217 -0.055189922451972996 0.06175146624445915
v -0.025234779343009012 -0.05629150196909908 0.062170498073101044
v -0.028266409412026423 -0.05475125834345821 0.06361132115125656
v -0.02935912273824217 -0.055189922451972996 0.06175146624445915
v -0.028266409412026423 -0.05475125834345821 0.06361132115125656
v -0.032513633370399496 -0.053719293326139485 0.06247482821345329
v -0.032513633370399496 -0.053719293326139485 0.06247482821345329
v -0.028266409412026423 -0.05475125834345821 0.06361132115125656
v -0.031312067061662695 -0.053042043000459706 0.06469912827014923
v -0.04423072189092639 -0.052095245569944416 0.060317203402519226
v -0.041451454162597684 -0.05371560156345371 0.060272473841905594
v -0.043606139719486264 -0.051359608769416844 0.060743480920791626
v -0.043606139719486264 -0.051359608769416844 0.060743480920791626
v -0.041451454162597684 -0.05371560156345371 0.060272473841905594
v -0.04045496135950091 -0.05254254117608074 0.06089981645345688
v -0.043606139719486264 -0.051359608769416844 0.060743480920791626
v -0.04045496135950091 -0.05254254117608074 0.06089981645345688
v -0.03948888927698138 -0.05145433545112613 0.06179966777563095
v -0.03859925642609599 -0.050506249070167576 0.06294960528612137
v -0.04152198508381846 -0.048904880881309544 0.06274192780256271
v -0.03948888927698138 -0.05145433545112613 0.06179966777563095
v -0.03948888927698138 -0.05145433545112613 0.06179966777563095
v -0.04152198508381846 -0.048904880881309544 0.06274192780256271
v -0.04230442270636561 -0.049826439470052754 0.061631906777620316
v -0.04230442270636561 -0.049826439470052754 0.061631906777620316
v -0.035611536353826544 -0.052146136760711705 0.06287949532270432
v -0.036396294832229635 -0.05288201197981838 0.06179475039243698
v -0.0339247062802315 -0.0549278520047665 0.06062648072838783
v -0.0339247062802315 -0.0549278520047665 0.06062648072838783
v -0.036396294832229635 -0.05288201197981838 0.06179475039243698
v -0.03723371401429179 -0.05375382304191593 0.060888200998306274
v -0.0339247062802315 -0.0549278520047665 0.06062648072838783
v -0.03723371401429179 -0.05375382304191593 0.060888200998306274
v -0.03809317201375964 -0.05472563952207569 0.06018126755952835
v -0.04075326025485995 -0.04799946770071987 0.06383250653743744
v -0.03782792016863826 -0.04974420368671421 0.06430326402187347
v -0.04075326025485995 -0.04799946770071987 0.06383250653743744
v -0.03859925642609599 -0.050506249070167576 0.06294960528612137
v -0.03782792016863826 -0.04974420368671421 0.06430326402187347
v -0.03859925642609599 -0.050506249070167576 0.06294960528612137
v -0.035611536353826544 -0.052146136760711705 0.06287949532270432
v -0.035611536353826544 -0.052146136760711705 0.06287949532270432
v -0.03859925642609599 -0.050506249070167576 0.06294960528612137
v -0.03948888927698138 -0.05145433545112613 0.06179966777563095
v -0.035611536353826544 -0.052146136760711705 0.06287949532270432
v -0.03948888927698138 -0.05145433545112613 0.06179966777563095
v -0.036396294832229635 -0.05288201197981838 0.06179475039243698
v -0.036396294832229635 -0.05288201197981838 0.06179475039243698
v -0.03948888927698138 -0.05145433545112613 0.06179966777563095
v -0.04045496135950091 -0.05254254117608074 0.06089981645345688
v -0.036396294832229635 -0.05288201197981838 0.06179475039243698
v -0.04045496135950091 -0.05254254117608074 0.06089981645345688
v -0.03723371401429179 -0.05375382304191593 0.060888200998306274
v -0.03723371401429179 -0.05375382304191593 0.060888200998306274
v -0.04045496135950091 -0.05254254117608074 0.06089981645345688
v -0.041451454162597684 -0.05371560156345371 0.060272473841905594
v -0.03723371401429179 -0.05375382304191593 0.060888200998306274
v -0.041451454162597684 -0.05371560156345371 0.060272473841905594
v -0.03809317201375964 -0.05472563952207569 0.06018126755952835
v -0.03809317201375964 -0.05472563952207569 0.06018126755952835
v -0.041451454162597684 -0.05371560156345371 0.060272473841905594
v -0.04004818201065066 -0.05549929663538936 0.05977003276348114
v -0.04004818201065066 -0.05549929663538936 0.05977003276348114
v -0.03902878239750865 -0.055719111114740406 0.05966447666287422
v -0.024127760902047175 -0.05848858505487446 0.057202957570552826
v -0.02407254837453367 -0.05796641856431965 0.05832322686910629
v -0.024127760902047175 -0.05848858505487446 0.057202957570552826
v -0.023175489157438292 -0.05773149430751805 0.059272702783346176
v -0.02407254837453367 -0.05796641856431965 0.05832322686910629
v -0.023175489157438292 -0.05773149430751805 0.059272702783346176
v -0.027260575443506258 -0.05705231428146366 0.05937405675649643
v -0.027260575443506258 -0.05705231428146366 0.05937405675649643
v -0.023175489157438292 -0.05773149430751805 0.059272702783346176
v -0.026213124394416826 -0.05653177201747898 0.06070950999855995
v -0.027260575443506258 -0.05705231428146366 0.05937405675649643
v -0.026213124394416826 -0.05653177201747898 0.06070950999855995
v -0.03057754971086981 -0.056035023182630574 0.06012257561087608
v -0.03057754971086981 -0.056035023182630574 0.06012257561087608
v -0.026213124394416826 -0.05653177201747898 0.06070950999855995
v -0.02935912273824217 -0.055189922451972996 0.06175146624445915
v -0.03057754971086981 -0.056035023182630574 0.06012257561087608
v -0.02935912273824217 -0.055189922451972996 0.06175146624445915
v -0.0339247062802315 -0.0549278520047665 0.06062648072838783
v -0.0339247062802315 -0.0549278520047665 0.06062648072838783
v -0.02935912273824217 -0.055189922451972996 0.06175146624445915
v -0.032513633370399496 -0.053719293326139485 0.06247482821345329
v -0.0339247062802315 -0.0549278520047665 0.06062648072838783
v -0.032513633370399496 -0.053719293326139485 0.06247482821345329
v -0.035611536353826544 -0.052146136760711705 0.06287949532270432
v -0.035611536353826544 -0.052146136760711705 0.06287949532270432
v -0.032513633370399496 -0.053719293326139485 0.06247482821345329
v -0.031312067061662695 -0.053042043000459706 0.06469912827014923
v -0.035611536353826544 -0.052146136760711705 0.06287949532270432
v -0.031312067061662695 -0.053042043000459706 0.06469912827014923
v -0.0343078672885895 -0.051183257251977955 0.06543422490358353
v -0.0343078672885895 -0.051183257251977955 0.06543422490358353
v -0.031312067061662695 -0.053042043000459706 0.06469912827014923
v -0.032154712826013586 -0.051835194230079686 0.06772487610578537
v -0.0343078672885895 -0.051183257251977955 0.06543422490358353
v -0.032154712826013586 -0.051835194230079686 0.06772487610578537
v -0.0334705635905266 -0.05091857165098194 0.06811311841011047
v -0.04247821867465976 -0.05003113299608234 0.06151329353451729
v -0.04230442270636561 -0.049826439470052754 0.061631906777620316
v -0.04428492113947871 -0.048074774444103276 0.061631906777620316
v -0.04152403399348262 0.04890729114413265 0.06273902952671051
v -0.04230442270636561 0.049826439470052754 0.061631906777620316
v -0.04428492113947871 0.048074774444103276 0.061631906777620316
v -0.04473371803760531 0.052687678486108815 0.06021854281425476
v -0.04584792628884318 0.05400000140070919 0.05999999865889549
v -0.04796309024095539 0.0520674400031567 0.05999999865889549
v -0.042481392621994046 0.050034876912832295 0.06151112541556358
v -0.0436099208891392 0.051364060491323506 0.06074090301990509
v -0.046301398426294355 0.05026382207870487 0.060317203402519226
v -0.04423072189092639 0.052095245569944416 0.060317203402519226
v -0.046301398426294355 0.05026382207870487 0.060317203402519226
v -0.04423072189092639 0.052095245569944416 0.060317203402519226
v -0.04473371803760531 0.052687678486108815 0.06021854281425476
v -0.04075326025485995 0.04799946770071987 0.06383250653743744
v -0.041601955890655545 0.045162208378315 0.06668602675199509
v -0.03974144533276561 0.046807747334241895 0.06668602675199509
v -0.040061499923467664 0.04718470945954326 0.06578341126441956
v -0.03939921036362651 0.04640465602278712 0.06914863735437393
v -0.039632480591535596 0.046679403632879285 0.06747011095285416
v -0.0394604988396168 0.046352550387382535 0.06914863735437393
v -0.03974144533276561 0.046807747334241895 0.06668602675199509
v -0.0394604988396168 0.046352550387382535 0.06914863735437393
v -0.03974144533276561 0.046807747334241895 0.06668602675199509
v -0.04116990044713023 0.04469708725810054 0.06914863735437393
v -0.04116990044713023 0.04469708725810054 0.06914863735437393
v -0.03974144533276561 0.046807747334241895 0.06668602675199509
v -0.041601955890655545 0.045162208378315 0.06668602675199509
v -0.04116990044713023 0.04469708725810054 0.06914863735437393
v -0.041601955890655545 0.045162208378315 0.06668602675199509
v -0.045063961297273664 0.040925897657871274 0.06914863735437393
v -0.045063961297273664 0.040925897657871274 0.06914863735437393
v -0.041601955890655545 0.045162208378315 0.06668602675199509
v -0.04699262976646427 0.03952265903353694 0.06668602675199509
v -0.045063961297273664 0.040925897657871274 0.06914863735437393
v -0.04699262976646427 0.03952265903353694 0.06668602675199509
v -0.04650633409619334 0.039117220789194135 0.06914863735437393
v -0.04992747679352764 0.03482724726200106 0.06914863735437393
v -0.04992747679352764 0.03482724726200106 0.06914863735437393
v -0.04699262976646427 0.03952265903353694 0.06668602675199509
v -0.05162471160292629 0.03324510529637339 0.06668602675199509
v -0.04992747679352764 0.03482724726200106 0.06914863735437393
v -0.05162471160292629 0.03324510529637339 0.06668602675199509
v -0.051092382520437275 0.03290561214089396 0.06914863735437393
v -0.053971182554960286 0.028156731277704256 0.06914863735437393
v -0.053971182554960286 0.028156731277704256 0.06914863735437393
v -0.05162471160292629 0.03324510529637339 0.06668602675199509
v -0.05542342737317089 0.02643088251352312 0.06668602675199509
v -0.053971182554960286 0.028156731277704256 0.06914863735437393
v -0.05542342737317089 0.02643088251352312 0.06668602675199509
v -0.054853979498148 0.02616247348487379 0.06914863735437393
v -0.05712868273258213 0.02102388255298139 0.06914863735437393
v -0.05712868273258213 0.02102388255298139 0.06914863735437393
v -0.05542342737317089 0.02643088251352312 0.06668602675199509
v -0.05832745507359509 0.01918999291956426 0.06668602675199509
v -0.05712868273258213 0.02102388255298139 0.06914863735437393
v -0.05832745507359509 0.01918999291956426 0.06668602675199509
v -0.05773036554455761 0.018996601924300208 0.06914863735437393
v -0.059348128736019176 0.013545823283493528 0.06914863735437393
v -0.059348128736019176 0.013545823283493528 0.06914863735437393
v -0.05832745507359509 0.01918999291956426 0.06668602675199509
v -0.060289915651083034 0.01163932494819165 0.06668602675199509
v -0.059348128736019176 0.013545823283493528 0.06914863735437393
v -0.060289915651083034 0.01163932494819165 0.06668602675199509
v -0.05967506393790249 0.011523625813424594 0.06914863735437393
v -0.06059308350086216 0.0058453418314456974 0.06914863735437393
v -0.06059308350086216 0.0058453418314456974 0.06914863735437393
v -0.060289915651083034 0.01163932494819165 0.06668602675199509
v -0.06127912923693661 0.0039007645100355174 0.06668602675199509
v -0.06059308350086216 0.0058453418314456974 0.06914863735437393
v -0.06127912923693661 0.0039007645100355174 0.06668602675199509
v -0.06065661832690243 0.003864132566377523 0.06914863735437393
v -0.060843102633953136 -0.0019511198624968542 0.06914863735437393
v -0.060843102633953136 -0.0019511198624968542 0.06914863735437393
v -0.06127912923693661 0.0039007645100355174 0.06668602675199509
v -0.06127912923693661 -0.0039007645100355174 0.06668602675199509
v -0.060843102633953136 -0.0019511198624968542 0.06914863735437393
v -0.06127912923693661 -0.0039007645100355174 0.06668602675199509
v -0.060659121721983 -0.003858268959447744 0.06914863735437393
v -0.06009407714009289 -0.009715544059872634 0.06914863735437393
v -0.06009407714009289 -0.009715544059872634 0.06914863735437393
v -0.06127912923693661 -0.0039007645100355174 0.06668602675199509
v -0.060289915651083034 -0.01163932494819165 0.06668602675199509
v -0.06009407714009289 -0.009715544059872634 0.06914863735437393
v -0.060289915651083034 -0.01163932494819165 0.06668602675199509
v -0.05968246236443524 -0.011518946848809726 0.06914863735437393
v -0.05835830792784695 -0.017320439219474803 0.06914863735437393
v -0.05835830792784695 -0.017320439219474803 0.06914863735437393
v -0.060289915651083034 -0.01163932494819165 0.06668602675199509
v -0.05832745507359509 -0.01918999291956426 0.06668602675199509
v -0.05835830792784695 -0.017320439219474803 0.06914863735437393
v -0.05832745507359509 -0.01918999291956426 0.06668602675199509
v -0.05774233117699627 -0.018994254991412177 0.06914863735437393
v -0.055664300918579136 -0.024640934541821497 0.06914863735437393
v -0.055664300918579136 -0.024640934541821497 0.06914863735437393
v -0.05832745507359509 -0.01918999291956426 0.06668602675199509
v -0.05542342737317089 -0.02643088251352312 0.06668602675199509
v -0.055664300918579136 -0.024640934541821497 0.06914863735437393
v -0.05542342737317089 -0.02643088251352312 0.06668602675199509
v -0.0548699647188187 -0.026163527742028254 0.06914863735437393
v -0.0520562827587128 -0.03155682608485224 0.06914863735437393
v -0.0520562827587128 -0.03155682608485224 0.06914863735437393
v -0.05542342737317089 -0.02643088251352312 0.06668602675199509
v -0.05162471160292629 -0.03324510529637339 0.06668602675199509
v -0.0520562827587128 -0.03155682608485224 0.06914863735437393
v -0.05162471160292629 -0.03324510529637339 0.06668602675199509
v -0.05111164599657062 -0.03291103243827822 0.06914863735437393
v -0.04759350419044498 -0.03795455396175387 0.06914863735437393
v -0.04759350419044498 -0.03795455396175387 0.06914863735437393
v -0.05162471160292629 -0.03324510529637339 0.06668602675199509
v -0.04699262976646427 -0.03952265903353694 0.06668602675199509
v -0.04759350419044498 -0.03795455396175387 0.06914863735437393
v -0.04699262976646427 -0.03952265903353694 0.06668602675199509
v -0.04652796685695651 -0.039127830415964154 0.06914863735437393
v -0.040060915052890805 -0.04718402028083805 0.06578505784273148
v -0.03974144533276561 -0.046807747334241895 0.06668602675199509
v -0.041601955890655545 -0.045162208378315 0.06668602675199509
v -0.041601955890655545 -0.045162208378315 0.06668602675199509
v -0.03974144533276561 -0.046807747334241895 0.06668602675199509
v -0.039632383733987836 -0.04667929187417033 0.06747081130743027
v -0.04234924167394641 -0.04372907057404521 0.06914863735437393
v -0.04234924167394641 -0.04372907057404521 0.06914863735437393
v -0.04699262976646427 -0.03952265903353694 0.06668602675199509
v -0.041601955890655545 -0.045162208378315 0.06668602675199509
v -0.04234924167394641 -0.04372907057404521 0.06914863735437393
v -0.041601955890655545 -0.045162208378315 0.06668602675199509
v -0.04122303426265719 -0.04475050419569018 0.06914863735437393
v -0.04122303426265719 -0.04475050419569018 0.06914863735437393
v -0.041601955890655545 -0.045162208378315 0.06668602675199509
v -0.039632383733987836 -0.04667929187417033 0.06747081130743027
v -0.04122303426265719 -0.04475050419569018 0.06914863735437393
v -0.039632383733987836 -0.04667929187417033 0.06747081130743027
v -0.03939921036362651 -0.04640465602278712 0.06914863735437393
v -0.04152198508381846 -0.048904880881309544 0.06274192780256271
v -0.04075326025485995 -0.04799946770071987 0.06383250653743744
v -0.042661137878894834 -0.04631203413009646 0.06383250653743744
v -0.042661137878894834 -0.04631203413009646 0.06383250653743744
v -0.04075326025485995 -0.04799946770071987 0.06383250653743744
v -0.04065319150686267 -0.04788160696625713 0.06411471962928772
v -0.043606139719486264 -0.051359608769416844 0.060743480920791626
v -0.04423072189092639 -0.052095245569944416 0.060317203402519226
v -0.046301398426294355 -0.05026382207870487 0.060317203402519226
v -0.04472910612821582 -0.05268224328756336 0.06021944805979729
v -0.04472910612821582 -0.05268224328756336 0.06021944805979729
v -0.046301398426294355 -0.05026382207870487 0.060317203402519226
v -0.047948639839887654 -0.052052352577447926 0.05999999865889549
v -0.04472910612821582 -0.05268224328756336 0.06021944805979729
v -0.047948639839887654 -0.052052352577447926 0.05999999865889549
v -0.04584792628884318 -0.05400000140070919 0.05999999865889549
v -0.05745634436607365 -0.03700054064393046 0.060317203402519226
v -0.05950451269745831 -0.03832050785422328 0.05999999865889549
v -0.058360207825899166 -0.040151331573724774 0.05999999865889549
v -0.05745634436607365 -0.03700054064393046 0.060317203402519226
v -0.058360207825899166 -0.040151331573724774 0.05999999865889549
v -0.05230101197957996 -0.043987218290567426 0.060317203402519226
v -0.058360207825899166 -0.040151331573724774 0.05999999865889549
v -0.05459205433726314 -0.04514142498373988 0.05999999865889549
v -0.05230101197957996 -0.043987218290567426 0.060317203402519226
v -0.05230101197957996 -0.043987218290567426 0.060317203402519226
v -0.05459205433726314 -0.04514142498373988 0.05999999865889549
v -0.05419573932886127 -0.04557964578270915 0.05999999865889549
v -0.05230101197957996 -0.043987218290567426 0.060317203402519226
v -0.05419573932886127 -0.04557964578270915 0.05999999865889549
v -0.046301398426294355 -0.05026382207870487 0.060317203402519226
v -0.046301398426294355 -0.05026382207870487 0.060317203402519226
v -0.05419573932886127 -0.04557964578270915 0.05999999865889549
v -0.05038407817482952 -0.049794368445873295 0.05999999865889549
v -0.046301398426294355 -0.05026382207870487 0.060317203402519226
v -0.05038407817482952 -0.049794368445873295 0.05999999865889549
v -0.047948639839887654 -0.052052352577447926 0.05999999865889549
v -0.06724185496568684 -0.02212402038276197 0.05999999865889549
v -0.06679366528987889 -0.023593245074152964 0.05999999865889549
v -0.06491624563932423 -0.0213577337563038 0.060317203402519226
v -0.06491624563932423 -0.0213577337563038 0.060317203402519226
v -0.06679366528987889 -0.023593245074152964 0.05999999865889549
v -0.0644808262586594 -0.029330125078558943 0.05999999865889549
v -0.06491624563932423 -0.0213577337563038 0.060317203402519226
v -0.0644808262586594 -0.029330125078558943 0.05999999865889549
v -0.06168416887521748 -0.02941657043993475 0.060317203402519226
v -0.06168416887521748 -0.02941657043993475 0.060317203402519226
v -0.0644808262586594 -0.029330125078558943 0.05999999865889549
v -0.06389977037906651 -0.03047189675271513 0.05999999865889549
v -0.06168416887521748 -0.02941657043993475 0.060317203402519226
v -0.06389977037906651 -0.03047189675271513 0.05999999865889549
v -0.05745634436607365 -0.03700054064393046 0.060317203402519226
v -0.05745634436607365 -0.03700054064393046 0.060317203402519226
v -0.06389977037906651 -0.03047189675271513 0.05999999865889549
v -0.061663325875997585 -0.034866519272327444 0.05999999865889549
v -0.061663325875997585 -0.034866519272327444 0.05999999865889549
v -0.06858985126018528 -0.017705168575048457 0.05999999865889549
v -0.06858985126018528 -0.017705168575048457 0.05999999865889549
v -0.06491624563932423 -0.0213577337563038 0.060317203402519226
v -0.06710039079189305 -0.012954126112163076 0.060317203402519226
v -0.06858985126018528 -0.017705168575048457 0.05999999865889549
v -0.06710039079189305 -0.012954126112163076 0.060317203402519226
v -0.06950067728757862 -0.01341649144887925 0.05999999865889549
v -0.06820134818553929 -0.004341403022408488 0.060317203402519226
v -0.07065539062023167 -0.004498698748648169 0.05999999865889549
v -0.07061450183391575 -0.005624107085168365 0.05999999865889549
v -0.06820134818553929 -0.004341403022408488 0.060317203402519226
v -0.07061450183391575 -0.005624107085168365 0.05999999865889549
v -0.06710039079189305 -0.012954126112163076 0.060317203402519226
v -0.06710039079189305 -0.012954126112163076 0.060317203402519226
v -0.07061450183391575 -0.005624107085168365 0.05999999865889549
v -0.06986533105373387 -0.011699521914124496 0.05999999865889549
v -0.06986533105373387 -0.011699521914124496 0.05999999865889549
v -0.07083642482757573 0.0004838224849663678 0.05999999865889549
v -0.07083642482757573 0.0004838224849663678 0.05999999865889549
v -0.06820134818553929 -0.004341403022408488 0.060317203402519226
v -0.06820134818553929 0.004341403022408488 0.060317203402519226
v -0.07083642482757573 0.0004838224849663678 0.05999999865889549
v -0.06820134818553929 0.004341403022408488 0.060317203402519226
v -0.07063356786966328 0.004497032612562182 0.05999999865889549
v -0.06710039079189305 0.012954126112163076 0.060317203402519226
v -0.06965684145689015 0.012882674112916001 0.05999999865889549
v -0.06820134818553929 0.004341403022408488 0.060317203402519226
v -0.06820134818553929 0.004341403022408488 0.060317203402519226
v -0.06965684145689015 0.012882674112916001 0.05999999865889549
v -0.07052414864301686 0.006661642808467154 0.05999999865889549
v -0.07052414864301686 0.006661642808467154 0.05999999865889549
v -0.06631957739591603 0.024894885718822497 0.05999999865889549
v -0.06722495704889302 0.02211750671267511 0.05999999865889549
v -0.06491624563932423 0.0213577337563038 0.060317203402519226
v -0.0682502314448357 0.018972339108586325 0.05999999865889549
v -0.06491624563932423 0.0213577337563038 0.060317203402519226
v -0.0682502314448357 0.018972339108586325 0.05999999865889549
v -0.06710039079189305 0.012954126112163076 0.060317203402519226
v -0.06710039079189305 0.012954126112163076 0.060317203402519226
v -0.0682502314448357 0.018972339108586325 0.05999999865889549
v -0.06953208893537526 0.013422758318483838 0.05999999865889549
v -0.06965684145689015 0.012882674112916001 0.05999999865889549
v -0.06631957739591603 0.024894885718822497 0.05999999865889549
v -0.06491624563932423 0.0213577337563038 0.060317203402519226
v -0.06388458609580998 0.03060709685087206 0.05999999865889549
v -0.06388458609580998 0.03060709685087206 0.05999999865889549
v -0.06491624563932423 0.0213577337563038 0.060317203402519226
v -0.06168416887521748 0.02941657043993475 0.060317203402519226
v -0.06388458609580998 0.03060709685087206 0.05999999865889549
v -0.06168416887521748 0.02941657043993475 0.060317203402519226
v -0.060970868915319484 0.03606363758444788 0.05999999865889549
v -0.060970868915319484 0.03606363758444788 0.05999999865889549
v -0.06168416887521748 0.02941657043993475 0.060317203402519226
v -0.05745634436607365 0.03700054064393046 0.060317203402519226
v -0.060970868915319484 0.03606363758444788 0.05999999865889549
v -0.05745634436607365 0.03700054064393046 0.060317203402519226
v -0.059502024203538936 0.038317486643791226 0.05999999865889549
v -0.05230101197957996 0.043987218290567426 0.060317203402519226
v -0.05419500917196277 0.04558120295405391 0.05999999865889549
v -0.05745634436607365 0.03700054064393046 0.060317203402519226
v -0.05745634436607365 0.03700054064393046 0.060317203402519226
v -0.05419500917196277 0.04558120295405391 0.05999999865889549
v -0.057611536234617275 0.04121832177042964 0.05999999865889549
v -0.057611536234617275 0.04121832177042964 0.05999999865889549
v -0.04473371803760531 0.052687678486108815 0.06021854281425476
v -0.04796309024095539 0.0520674400031567 0.05999999865889549
v -0.046301398426294355 0.05026382207870487 0.060317203402519226
v -0.046301398426294355 0.05026382207870487 0.060317203402519226
v -0.04796309024095539 0.0520674400031567 0.05999999865889549
v -0.049653481692075764 0.05052297934889797 0.05999999865889549
v -0.046301398426294355 0.05026382207870487 0.060317203402519226
v -0.049653481692075764 0.05052297934889797 0.05999999865889549
v -0.05230101197957996 0.043987218290567426 0.060317203402519226
v -0.05230101197957996 0.043987218290567426 0.060317203402519226
v -0.049653481692075764 0.05052297934889797 0.05999999865889549
v -0.05382813140749935 0.046049702912569074 0.05999999865889549
v -0.05230101197957996 0.043987218290567426 0.060317203402519226
v -0.05382813140749935 0.046049702912569074 0.05999999865889549
v -0.05419500917196277 0.04558120295405391 0.05999999865889549
v -0.042661137878894834 -0.04631203413009646 0.06383250653743744
v -0.041601955890655545 -0.045162208378315 0.06668602675199509
v -0.04818905889987949 -0.040528900921344785 0.06383250653743744
v -0.04699262976646427 -0.03952265903353694 0.06668602675199509
v -0.04818905889987949 -0.040528900921344785 0.06383250653743744
v -0.04699262976646427 -0.03952265903353694 0.06668602675199509
v -0.05293907225131992 -0.03409152105450632 0.06383250653743744
v -0.05162471160292629 -0.03324510529637339 0.06668602675199509
v -0.05293907225131992 -0.03409152105450632 0.06383250653743744
v -0.05162471160292629 -0.03324510529637339 0.06668602675199509
v -0.05683450028300289 -0.027103811502456682 0.06383250653743744
v -0.05542342737317089 -0.02643088251352312 0.06668602675199509
v -0.05683450028300289 -0.027103811502456682 0.06383250653743744
v -0.05542342737317089 -0.02643088251352312 0.06668602675199509
v -0.05981246381998066 -0.01967856846749784 0.06383250653743744
v -0.05832745507359509 -0.01918999291956426 0.06668602675199509
v -0.05981246381998066 -0.01967856846749784 0.06383250653743744
v -0.05832745507359509 -0.01918999291956426 0.06668602675199509
v -0.06182489171624188 -0.011935660615563401 0.06383250653743744
v -0.060289915651083034 -0.01163932494819165 0.06668602675199509
v -0.06182489171624188 -0.011935660615563401 0.06383250653743744
v -0.060289915651083034 -0.01163932494819165 0.06668602675199509
v -0.06283929198980336 -0.004000077489763501 0.06383250653743744
v -0.06127912923693661 -0.0039007645100355174 0.06668602675199509
v -0.06283929198980336 -0.004000077489763501 0.06383250653743744
v -0.06127912923693661 -0.0039007645100355174 0.06668602675199509
v -0.06283929198980336 0.004000077489763501 0.06383250653743744
v -0.06127912923693661 0.0039007645100355174 0.06668602675199509
v -0.06283929198980336 0.004000077489763501 0.06383250653743744
v -0.06127912923693661 0.0039007645100355174 0.06668602675199509
v -0.06182489171624188 0.011935660615563401 0.06383250653743744
v -0.060289915651083034 0.01163932494819165 0.06668602675199509
v -0.06182489171624188 0.011935660615563401 0.06383250653743744
v -0.060289915651083034 0.01163932494819165 0.06668602675199509
v -0.05981246381998066 0.01967856846749784 0.06383250653743744
v -0.05832745507359509 0.01918999291956426 0.06668602675199509
v -0.05981246381998066 0.01967856846749784 0.06383250653743744
v -0.05832745507359509 0.01918999291956426 0.06668602675199509
v -0.05683450028300289 0.027103811502456682 0.06383250653743744
v -0.05542342737317089 0.02643088251352312 0.06668602675199509
v -0.05683450028300289 0.027103811502456682 0.06383250653743744
v -0.05542342737317089 0.02643088251352312 0.06668602675199509
v -0.05293907225131992 0.03409152105450632 0.06383250653743744
v -0.05162471160292629 0.03324510529637339 0.06668602675199509
v -0.05293907225131992 0.03409152105450632 0.06383250653743744
v -0.05162471160292629 0.03324510529637339 0.06668602675199509
v -0.04818905889987949 0.040528900921344785 0.06383250653743744
v -0.04699262976646427 0.03952265903353694 0.06668602675199509
v -0.04818905889987949 0.040528900921344785 0.06383250653743744
v -0.04699262976646427 0.03952265903353694 0.06668602675199509
v -0.042661137878894834 0.04631203413009646 0.06383250653743744
v -0.041601955890655545 0.045162208378315 0.06668602675199509
v -0.042661137878894834 0.04631203413009646 0.06383250653743744
v -0.040654145181179074 0.04788272827863697 0.06411202996969223
v -0.04230442270636561 -0.049826439470052754 0.061631906777620316
v -0.04428492113947871 -0.048074774444103276 0.061631906777620316
v -0.04428492113947871 -0.048074774444103276 0.061631906777620316
v -0.042661137878894834 -0.04631203413009646 0.06383250653743744
v -0.0500232428312302 -0.04207152500748637 0.061631906777620316
v -0.04818905889987949 -0.040528900921344785 0.06383250653743744
v -0.0500232428312302 -0.04207152500748637 0.061631906777620316
v -0.04818905889987949 -0.040528900921344785 0.06383250653743744
v -0.05495405569672588 -0.03538912534713747 0.061631906777620316
v -0.05293907225131992 -0.03409152105450632 0.06383250653743744
v -0.05495405569672588 -0.03538912534713747 0.061631906777620316
v -0.05293907225131992 -0.03409152105450632 0.06383250653743744
v -0.05899775400757794 -0.028135444968938845 0.061631906777620316
v -0.05683450028300289 -0.027103811502456682 0.06383250653743744
v -0.05899775400757794 -0.028135444968938845 0.061631906777620316
v -0.05683450028300289 -0.027103811502456682 0.06383250653743744
v -0.062089066952467006 -0.02042758092284204 0.061631906777620316
v -0.05981246381998066 -0.01967856846749784 0.06383250653743744
v -0.062089066952467006 -0.02042758092284204 0.061631906777620316
v -0.05981246381998066 -0.01967856846749784 0.06383250653743744
v -0.0641780868172646 -0.012389959767460832 0.061631906777620316
v -0.06182489171624188 -0.011935660615563401 0.06383250653743744
v -0.0641780868172646 -0.012389959767460832 0.061631906777620316
v -0.06182489171624188 -0.011935660615563401 0.06383250653743744
v -0.06523109972476963 -0.004152329638600352 0.061631906777620316
v -0.06283929198980336 -0.004000077489763501 0.06383250653743744
v -0.06523109972476963 -0.004152329638600352 0.061631906777620316
v -0.06283929198980336 -0.004000077489763501 0.06383250653743744
v -0.06523109972476963 0.004152329638600352 0.061631906777620316
v -0.06283929198980336 0.004000077489763501 0.06383250653743744
v -0.06523109972476963 0.004152329638600352 0.061631906777620316
v -0.06283929198980336 0.004000077489763501 0.06383250653743744
v -0.0641780868172646 0.012389959767460832 0.061631906777620316
v -0.06182489171624188 0.011935660615563401 0.06383250653743744
v -0.0641780868172646 0.012389959767460832 0.061631906777620316
v -0.06182489171624188 0.011935660615563401 0.06383250653743744
v -0.062089066952467006 0.02042758092284204 0.061631906777620316
v -0.05981246381998066 0.01967856846749784 0.06383250653743744
v -0.062089066952467006 0.02042758092284204 0.061631906777620316
v -0.05981246381998066 0.01967856846749784 0.06383250653743744
v -0.05899775400757794 0.028135444968938845 0.061631906777620316
v -0.05683450028300289 0.027103811502456682 0.06383250653743744
v -0.05899775400757794 0.028135444968938845 0.061631906777620316
v -0.05683450028300289 0.027103811502456682 0.06383250653743744
v -0.05495405569672588 0.03538912534713747 0.061631906777620316
v -0.05293907225131992 0.03409152105450632 0.06383250653743744
v -0.05495405569672588 0.03538912534713747 0.061631906777620316
v -0.05293907225131992 0.03409152105450632 0.06383250653743744
v -0.0500232428312302 0.04207152500748637 0.061631906777620316
v -0.04818905889987949 0.040528900921344785 0.06383250653743744
v -0.0500232428312302 0.04207152500748637 0.061631906777620316
v -0.04818905889987949 0.040528900921344785 0.06383250653743744
v -0.04428492113947871 0.048074774444103276 0.061631906777620316
v -0.042661137878894834 0.04631203413009646 0.06383250653743744
v -0.042661137878894834 0.04631203413009646 0.06383250653743744
v -0.04075326025485995 0.04799946770071987 0.06383250653743744
v -0.04423072189092639 -0.052095245569944416 0.060317203402519226
v -0.046301398426294355 -0.05026382207870487 0.060317203402519226
v -0.046301398426294355 -0.05026382207870487 0.060317203402519226
v -0.04428492113947871 -0.048074774444103276 0.061631906777620316
v -0.05230101197957996 -0.043987218290567426 0.060317203402519226
v -0.0500232428312302 -0.04207152500748637 0.061631906777620316
v -0.05230101197957996 -0.043987218290567426 0.060317203402519226
v -0.0500232428312302 -0.04207152500748637 0.061631906777620316
v -0.05745634436607365 -0.03700054064393046 0.060317203402519226
v -0.05495405569672588 -0.03538912534713747 0.061631906777620316
v -0.05745634436607365 -0.03700054064393046 0.060317203402519226
v -0.05495405569672588 -0.03538912534713747 0.061631906777620316
v -0.06168416887521748 -0.02941657043993475 0.060317203402519226
v -0.05899775400757794 -0.028135444968938845 0.061631906777620316
v -0.06168416887521748 -0.02941657043993475 0.060317203402519226
v -0.05899775400757794 -0.028135444968938845 0.061631906777620316
v -0.06491624563932423 -0.0213577337563038 0.060317203402519226
v -0.062089066952467006 -0.02042758092284204 0.061631906777620316
v -0.06491624563932423 -0.0213577337563038 0.060317203402519226
v -0.062089066952467006 -0.02042758092284204 0.061631906777620316
v -0.06710039079189305 -0.012954126112163076 0.060317203402519226
v -0.0641780868172646 -0.012389959767460832 0.061631906777620316
v -0.06710039079189305 -0.012954126112163076 0.060317203402519226
v -0.0641780868172646 -0.012389959767460832 0.061631906777620316
v -0.06820134818553929 -0.004341403022408488 0.060317203402519226
v -0.06523109972476963 -0.004152329638600352 0.061631906777620316
v -0.06820134818553929 -0.004341403022408488 0.060317203402519226
v -0.06523109972476963 -0.004152329638600352 0.061631906777620316
v -0.06820134818553929 0.004341403022408488 0.060317203402519226
v -0.06523109972476963 0.004152329638600352 0.061631906777620316
v -0.06820134818553929 0.004341403022408488 0.060317203402519226
v -0.06523109972476963 0.004152329638600352 0.061631906777620316
v -0.06710039079189305 0.012954126112163076 0.060317203402519226
v -0.0641780868172646 0.012389959767460832 0.061631906777620316
v -0.06710039079189305 0.012954126112163076 0.060317203402519226
v -0.0641780868172646 0.012389959767460832 0.061631906777620316
v -0.06491624563932423 0.0213577337563038 0.060317203402519226
v -0.062089066952467006 0.02042758092284204 0.061631906777620316
v -0.06491624563932423 0.0213577337563038 0.060317203402519226
v -0.062089066952467006 0.02042758092284204 0.061631906777620316
v -0.06168416887521748 0.02941657043993475 0.060317203402519226
v -0.05899775400757794 0.028135444968938845 0.061631906777620316
v -0.06168416887521748 0.02941657043993475 0.060317203402519226
v -0.05899775400757794 0.028135444968938845 0.061631906777620316
v -0.05745634436607365 0.03700054064393046 0.060317203402519226
v -0.05495405569672588 0.03538912534713747 0.061631906777620316
v -0.05745634436607365 0.03700054064393046 0.060317203402519226
v -0.05495405569672588 0.03538912534713747 0.061631906777620316
v -0.05230101197957996 0.043987218290567426 0.060317203402519226
v -0.0500232428312302 0.04207152500748637 0.061631906777620316
v -0.05230101197957996 0.043987218290567426 0.060317203402519226
v -0.0500232428312302 0.04207152500748637 0.061631906777620316
v -0.046301398426294355 0.05026382207870487 0.060317203402519226
v -0.04428492113947871 0.048074774444103276 0.061631906777620316
v -0.04428492113947871 0.048074774444103276 0.061631906777620316
v -0.04230442270636561 0.049826439470052754 0.061631906777620316
v -0.021846076473593726 0.058876611292362255 0.05610332638025284
v -0.022260805591940894 0.058799445629119915 0.05636744201183319
v -0.021455334499478354 0.058723490685224575 0.05679801106452942
v -0.030013829469680807 0.057533714920282406 0.058533549308776855
v -0.03184867277741434 0.057204179465770756 0.05882578343153
v -0.03059615008533003 0.056031506508588826 0.06012313440442085
v -0.03896425291895869 0.05572028458118442 0.05963997170329094
v -0.03900944814085963 0.05571042746305469 0.05964450165629387
v -0.041468087583780316 0.0537165999412537 0.06027086079120636
v -0.041468087583780316 0.0537165999412537 0.06027086079120636
v -0.03900944814085963 0.05571042746305469 0.05964450165629387
v -0.0407797880470753 0.055324394255876576 0.05982182174921036
v -0.041468087583780316 0.0537165999412537 0.06027086079120636
v -0.0407797880470753 0.055324394255876576 0.05982182174921036
v -0.042441599071025876 0.05489013344049457 0.059880245476961136
v -0.03059615008533003 0.056031506508588826 0.06012313440442085
v -0.03184867277741434 0.057204179465770756 0.05882578343153
v -0.033942218869924566 0.054925054311752354 0.06062527745962143
v -0.03184867277741434 0.057204179465770756 0.05882578343153
v -0.032684605568647405 0.05705404654145244 0.05895892158150673
v -0.033942218869924566 0.054925054311752354 0.06062527745962143
v -0.033942218869924566 0.054925054311752354 0.06062527745962143
v -0.032684605568647405 0.05705404654145244 0.05895892158150673
v -0.033036794513463995 0.05698774382472042 0.05900922045111656
v -0.033942218869924566 0.054925054311752354 0.06062527745962143
v -0.033036794513463995 0.05698774382472042 0.05900922045111656
v -0.0330808572471142 0.05697939917445186 0.0590154267847538
v -0.0330808572471142 0.05697939917445186 0.0590154267847538
v -0.03308636695146563 0.05697835609316829 0.05901620164513588
v -0.033942218869924566 0.054925054311752354 0.06062527745962143
v -0.033942218869924566 0.054925054311752354 0.06062527745962143
v -0.03308636695146563 0.05697835609316829 0.05901620164513588
v -0.03404292091727259 0.05679341405630115 0.05914704129099846
v -0.033942218869924566 0.054925054311752354 0.06062527745962143
v -0.03404292091727259 0.05679341405630115 0.05914704129099846
v -0.037257924675941495 0.053749203681945835 0.06088636443018913
v -0.022863499820232405 0.058689385652542156 0.056729480624198914
v -0.02347655966877939 0.05859276279807095 0.056937310844659805
v -0.022626496851444258 0.05837322399020199 0.057640191167593
v -0.02499105595052244 0.058354061096906704 0.057450730353593826
v -0.022626496851444258 0.05837322399020199 0.057640191167593
v -0.02499105595052244 0.058354061096906704 0.057450730353593826
v -0.02408425137400629 0.057964377105236095 0.058325618505477905
v -0.02408425137400629 0.057964377105236095 0.058325618505477905
v -0.02499105595052244 0.058354061096906704 0.057450730353593826
v -0.02510927803814413 0.0583354271948338 0.05749080702662468
v -0.02408425137400629 0.057964377105236095 0.058325618505477905
v -0.02510927803814413 0.0583354271948338 0.05749080702662468
v -0.02728346176445486 0.05704719945788387 0.05937759578227997
v -0.02728346176445486 0.05704719945788387 0.05937759578227997
v -0.02510927803814413 0.0583354271948338 0.05749080702662468
v -0.028354728594422358 0.05780691653490071 0.058187421411275864
v -0.02728346176445486 0.05704719945788387 0.05937759578227997
v -0.028354728594422358 0.05780691653490071 0.058187421411275864
v -0.03059615008533003 0.056031506508588826 0.06012313440442085
v -0.03059615008533003 0.056031506508588826 0.06012313440442085
v -0.028354728594422358 0.05780691653490071 0.058187421411275864
v -0.02983349934220316 0.057566098868846935 0.05850483104586601
v -0.02983349934220316 0.057566098868846935 0.05850483104586601
v -0.021455334499478354 0.058723490685224575 0.05679801106452942
v -0.022260805591940894 0.058799445629119915 0.05636744201183319
v -0.022626496851444258 0.05837322399020199 0.057640191167593
v -0.022626496851444258 0.05837322399020199 0.057640191167593
v -0.022260805591940894 0.058799445629119915 0.05636744201183319
v -0.022790359333157553 0.058700915426015896 0.05670468509197235
v -0.022626496851444258 0.05837322399020199 0.057640191167593
v -0.022790359333157553 0.058700915426015896 0.05670468509197235
v -0.022863499820232405 0.058689385652542156 0.056729480624198914
v -0.021846076473593726 0.058876611292362255 0.05610332638025284
v -0.021455334499478354 0.058723490685224575 0.05679801106452942
v -0.021647492423653616 0.0589360781013966 0.05579681694507599
v -0.021647492423653616 0.0589360781013966 0.05579681694507599
v -0.021455334499478354 0.058723490685224575 0.05679801106452942
v -0.0208745375275612 0.05897004157304768 0.05576597899198532
v -0.021647492423653616 0.0589360781013966 0.05579681694507599
v -0.0208745375275612 0.05897004157304768 0.05576597899198532
v -0.021646814420819296 0.05893641710281376 0.05579473823308945
v -0.02167560718953611 0.058983832597732586 0.055400554090738297
v -0.021620443090796485 0.05895759165287022 0.05564973130822182
v -0.0208745375275612 0.05897004157304768 0.05576597899198532
v -0.0208745375275612 0.05897004157304768 0.05576597899198532
v -0.021620443090796485 0.05895759165287022 0.05564973130822182
v -0.021632717922329917 0.05894773453474049 0.05571723356842995
v -0.021646814420819296 0.05893641710281376 0.05579473823308945
v -0.019190128892660155 0.05893959477543835 0.05806150659918785
v -0.019064618274569525 0.05900830402970318 0.057836972177028656
v -0.020674632862210288 0.058723468333482784 0.05721121281385422
v -0.020674632862210288 0.058723468333482784 0.05721121281385422
v -0.019064618274569525 0.05900830402970318 0.057836972177028656
v -0.018671764060854926 0.05935333296656613 0.05606331676244736
v -0.020674632862210288 0.058723468333482784 0.05721121281385422
v -0.018671764060854926 0.05935333296656613 0.05606331676244736
v -0.020121127367019667 0.059048864990472835 0.05582203343510628
v -0.020121127367019667 0.059048864990472835 0.05582203343510628
v -0.018671764060854926 0.05935333296656613 0.05606331676244736
v -0.018682271242141738 0.059363849461078685 0.05595599487423897
v -0.020121127367019667 0.059048864990472835 0.05582203343510628
v -0.018682271242141738 0.059363849461078685 0.05595599487423897
v -0.01884970255196096 0.0595314130187035 0.05424579605460167
v -0.023185608908534064 0.05772830918431286 0.0592770017683506
v -0.02022829465568067 0.0583794973790646 0.059823185205459595
v -0.021793419495224967 0.05826406180858616 0.05834786221385002
v -0.021793419495224967 0.05826406180858616 0.05834786221385002
v -0.02022829465568067 0.0583794973790646 0.059823185205459595
v -0.020085472613573088 0.058449439704418224 0.059663236141204834
v -0.021793419495224967 0.05826406180858616 0.05834786221385002
v -0.020085472613573088 0.058449439704418224 0.059663236141204834
v -0.020674632862210288 0.058723468333482784 0.05721121281385422
v -0.020085472613573088 0.058449439704418224 0.059663236141204834
v -0.019510248675942435 0.058764345943927807 0.058634188026189804
v -0.021538147702813162 0.057738035917282146 0.061290089040994644
v -0.022320790216326727 0.05765640735626225 0.060284074395895004
v -0.021837633103132262 0.0575913712382317 0.06162548065185547
v -0.021837633103132262 0.0575913712382317 0.06162548065185547
v -0.022320790216326727 0.05765640735626225 0.060284074395895004
v -0.025254540145397204 0.056282188743352925 0.06218026950955391
v -0.021837633103132262 0.0575913712382317 0.06162548065185547
v -0.025254540145397204 0.056282188743352925 0.06218026950955391
v -0.023863000795245188 0.05659220367670063 0.06332015246152878
v -0.023863000795245188 0.05659220367670063 0.06332015246152878
v -0.025254540145397204 0.056282188743352925 0.06218026950955391
v -0.024401694536209124 0.056308053433895146 0.06366340070962906
v -0.026565773412585276 0.05516653880476955 0.06504232436418533
v -0.026565773412585276 0.05516653880476955 0.06504232436418533
v -0.025254540145397204 0.056282188743352925 0.06218026950955391
v -0.02828194200992586 0.05474335700273517 0.06361652910709381
v -0.026565773412585276 0.05516653880476955 0.06504232436418533
v -0.02828194200992586 0.05474335700273517 0.06361652910709381
v -0.02723708003759386 0.05481243506073955 0.06547006964683533
v -0.030446704477071783 0.05291729792952541 0.06703463941812515
v -0.030183708295226118 0.05308850854635242 0.06693640351295471
v -0.03132621943950655 0.05303403735160831 0.06470175087451935
v -0.03132621943950655 0.05303403735160831 0.06470175087451935
v -0.030183708295226118 0.05308850854635242 0.06693640351295471
v -0.02959139831364157 0.05343503877520565 0.06664165109395981
v -0.03132621943950655 0.05303403735160831 0.06470175087451935
v -0.02959139831364157 0.05343503877520565 0.06664165109395981
v -0.02828194200992586 0.05474335700273517 0.06361652910709381
v -0.02828194200992586 0.05474335700273517 0.06361652910709381
v -0.02959139831364157 0.05343503877520565 0.06664165109395981
v -0.027393862605094927 0.05472071096301082 0.06554809212684631
v -0.02828194200992586 0.05474335700273517 0.06361652910709381
v -0.027393862605094927 0.05472071096301082 0.06554809212684631
v -0.02723708003759386 0.05481243506073955 0.06547006964683533
v -0.03347909450531008 0.05094322189688686 0.06816734373569489
v -0.03325522318482401 0.05108895897865299 0.06808371841907501
v -0.033846069127321264 0.050963848829269444 0.06681450456380844
v -0.030446704477071783 0.05291729792952541 0.06703463941812515
v -0.033846069127321264 0.050963848829269444 0.06681450456380844
v -0.030446704477071783 0.05291729792952541 0.06703463941812515
v -0.03432763367891314 0.05117101222276691 0.06543648988008499
v -0.03432763367891314 0.05117101222276691 0.06543648988008499
v -0.030446704477071783 0.05291729792952541 0.06703463941812515
v -0.03132621943950655 0.05303403735160831 0.06470175087451935
v -0.03432763367891314 0.05117101222276691 0.06543648988008499
v -0.03132621943950655 0.05303403735160831 0.06470175087451935
v -0.03492823988199236 0.05156343430280689 0.0641079843044281
v -0.03660997375845912 0.04866075515747074 0.06891357898712158
v -0.03647781908512118 0.04875709861516956 0.06888207793235779
v -0.036762472242116956 0.04886819422245029 0.06735772639513016
v -0.033494025468826315 0.050932336598634755 0.06817090511322021
v -0.04075326025485995 0.04799946770071987 0.06383250653743744
v -0.03784021362662318 0.04973824322223667 0.06430171430110931
v -0.04152403399348262 0.04890729114413265 0.06273902952671051
v -0.04152403399348262 0.04890729114413265 0.06273902952671051
v -0.03784021362662318 0.04973824322223667 0.06430171430110931
v -0.03861252591013911 0.050501868128776585 0.0629470944404602
v -0.04152403399348262 0.04890729114413265 0.06273902952671051
v -0.03861252591013911 0.050501868128776585 0.0629470944404602
v -0.04230442270636561 0.049826439470052754 0.061631906777620316
v -0.035633016377687475 0.05213711038231853 0.06287851929664612
v -0.03492823988199236 0.05156343430280689 0.0641079843044281
v -0.03252917900681498 0.05371336638927463 0.0624748058617115
v -0.03252917900681498 0.05371336638927463 0.0624748058617115
v -0.03492823988199236 0.05156343430280689 0.0641079843044281
v -0.03132621943950655 0.05303403735160831 0.06470175087451935
v -0.03252917900681498 0.05371336638927463 0.0624748058617115
v -0.03132621943950655 0.05303403735160831 0.06470175087451935
v -0.029376024380326292 0.05518366768956188 0.06175384297966957
v -0.029376024380326292 0.05518366768956188 0.06175384297966957
v -0.03132621943950655 0.05303403735160831 0.06470175087451935
v -0.02828194200992586 0.05474335700273517 0.06361652910709381
v -0.029376024380326292 0.05518366768956188 0.06175384297966957
v -0.02828194200992586 0.05474335700273517 0.06361652910709381
v -0.026234291493892687 0.056524004787206684 0.060715772211551666
v -0.026234291493892687 0.056524004787206684 0.060715772211551666
v -0.02828194200992586 0.05474335700273517 0.06361652910709381
v -0.025254540145397204 0.056282188743352925 0.06218026950955391
v -0.026234291493892687 0.056524004787206684 0.060715772211551666
v -0.025254540145397204 0.056282188743352925 0.06218026950955391
v -0.023185608908534064 0.05772830918431286 0.0592770017683506
v -0.023185608908534064 0.05772830918431286 0.0592770017683506
v -0.025254540145397204 0.056282188743352925 0.06218026950955391
v -0.022320790216326727 0.05765640735626225 0.060284074395895004
v -0.023185608908534064 0.05772830918431286 0.0592770017683506
v -0.022320790216326727 0.05765640735626225 0.060284074395895004
v -0.02022829465568067 0.0583794973790646 0.059823185205459595
v -0.02022829465568067 0.0583794973790646 0.059823185205459595
v -0.03939921036362651 0.04640465602278712 0.06914863735437393
v -0.03660997375845912 0.04866075515747074 0.06891357898712158
v -0.039632480591535596 0.046679403632879285 0.06747011095285416
v -0.039632480591535596 0.046679403632879285 0.06747011095285416
v -0.03660997375845912 0.04866075515747074 0.06891357898712158
v -0.036762472242116956 0.04886819422245029 0.06735772639513016
v -0.039632480591535596 0.046679403632879285 0.06747011095285416
v -0.036762472242116956 0.04886819422245029 0.06735772639513016
v -0.03974144533276561 0.046807747334241895 0.06668602675199509
v -0.03974144533276561 0.046807747334241895 0.06668602675199509
v -0.036762472242116956 0.04886819422245029 0.06735772639513016
v -0.040061499923467664 0.04718470945954326 0.06578341126441956
v -0.036762472242116956 0.04886819422245029 0.06735772639513016
v -0.037217888981103925 0.04919051751494411 0.06579617410898209
v -0.040061499923467664 0.04718470945954326 0.06578341126441956
v -0.040061499923467664 0.04718470945954326 0.06578341126441956
v -0.037217888981103925 0.04919051751494411 0.06579617410898209
v -0.03784021362662318 0.04973824322223667 0.06430171430110931
v -0.040061499923467664 0.04718470945954326 0.06578341126441956
v -0.03784021362662318 0.04973824322223667 0.06430171430110931
v -0.040654145181179074 0.04788272827863697 0.06411202996969223
v -0.04075326025485995 0.04799946770071987 0.06383250653743744
v -0.0436099208891392 0.051364060491323506 0.06074090301990509
v -0.042481392621994046 0.050034876912832295 0.06151112541556358
v -0.03950330987572673 0.05145176872611049 0.06179679557681084
v -0.04584792628884318 0.05400000140070919 0.05999999865889549
v -0.041468087583780316 0.0537165999412537 0.06027086079120636
v -0.04584792628884318 0.05400000140070919 0.05999999865889549
v -0.04473371803760531 0.052687678486108815 0.06021854281425476
v -0.04423072189092639 0.052095245569944416 0.060317203402519226
v -0.03404292091727259 0.05679341405630115 0.05914704129099846
v -0.03896425291895869 0.05572028458118442 0.05963997170329094
v -0.037257924675941495 0.053749203681945835 0.06088636443018913
v -0.037257924675941495 0.053749203681945835 0.06088636443018913
v -0.03896425291895869 0.05572028458118442 0.05963997170329094
v -0.041468087583780316 0.0537165999412537 0.06027086079120636
v -0.037257924675941495 0.053749203681945835 0.06088636443018913
v -0.041468087583780316 0.0537165999412537 0.06027086079120636
v -0.040470551699399976 0.05254183709621433 0.06089725345373154
v -0.040470551699399976 0.05254183709621433 0.06089725345373154
v -0.041468087583780316 0.0537165999412537 0.06027086079120636
v -0.04423072189092639 0.052095245569944416 0.060317203402519226
v -0.022019715979695334 0.05900000035762791 0.054999999701976776
v -0.02167560718953611 0.058983832597732586 0.055400554090738297
v -0.021269682794809355 0.059136494994163555 0.05468747019767761
v -0.021269682794809355 0.059136494994163555 0.05468747019767761
v -0.02167560718953611 0.058983832597732586 0.055400554090738297
v -0.0208745375275612 0.05897004157304768 0.05576597899198532
v -0.021269682794809355 0.059136494994163555 0.05468747019767761
v -0.0208745375275612 0.05897004157304768 0.05576597899198532
v -0.020511664450168623 0.0592744387686253 0.05437161400914192
v -0.020511664450168623 0.0592744387686253 0.05437161400914192
v -0.0208745375275612 0.05897004157304768 0.05576597899198532
v -0.020509699359536185 0.05927479639649395 0.05437079444527626
v -0.04230442270636561 0.049826439470052754 0.061631906777620316
v -0.03950330987572673 0.05145176872611049 0.06179679557681084
v -0.04230442270636561 0.049826439470052754 0.061631906777620316
v -0.03861252591013911 0.050501868128776585 0.0629470944404602
v -0.03950330987572673 0.05145176872611049 0.06179679557681084
v -0.03861252591013911 0.050501868128776585 0.0629470944404602
v -0.035633016377687475 0.05213711038231853 0.06287851929664612
v -0.035633016377687475 0.05213711038231853 0.06287851929664612
v -0.03861252591013911 0.050501868128776585 0.0629470944404602
v -0.03784021362662318 0.04973824322223667 0.06430171430110931
v -0.035633016377687475 0.05213711038231853 0.06287851929664612
v -0.03784021362662318 0.04973824322223667 0.06430171430110931
v -0.03492823988199236 0.05156343430280689 0.0641079843044281
v -0.03492823988199236 0.05156343430280689 0.0641079843044281
v -0.03784021362662318 0.04973824322223667 0.06430171430110931
v -0.037217888981103925 0.04919051751494411 0.06579617410898209
v -0.03492823988199236 0.05156343430280689 0.0641079843044281
v -0.037217888981103925 0.04919051751494411 0.06579617410898209
v -0.03432763367891314 0.05117101222276691 0.06543648988008499
v -0.03432763367891314 0.05117101222276691 0.06543648988008499
v -0.037217888981103925 0.04919051751494411 0.06579617410898209
v -0.036762472242116956 0.04886819422245029 0.06735772639513016
v -0.03432763367891314 0.05117101222276691 0.06543648988008499
v -0.036762472242116956 0.04886819422245029 0.06735772639513016
v -0.033846069127321264 0.050963848829269444 0.06681450456380844
v -0.033846069127321264 0.050963848829269444 0.06681450456380844
v -0.036762472242116956 0.04886819422245029 0.06735772639513016
v -0.033494025468826315 0.050932336598634755 0.06817090511322021
v -0.03347909450531008 0.05094322189688686 0.06816734373569489
v -0.04423072189092639 0.052095245569944416 0.060317203402519226
v -0.0436099208891392 0.051364060491323506 0.06074090301990509
v -0.040470551699399976 0.05254183709621433 0.06089725345373154
v -0.040470551699399976 0.05254183709621433 0.06089725345373154
v -0.0436099208891392 0.051364060491323506 0.06074090301990509
v -0.03950330987572673 0.05145176872611049 0.06179679557681084
v -0.040470551699399976 0.05254183709621433 0.06089725345373154
v -0.03950330987572673 0.05145176872611049 0.06179679557681084
v -0.037257924675941495 0.053749203681945835 0.06088636443018913
v -0.037257924675941495 0.053749203681945835 0.06088636443018913
v -0.03950330987572673 0.05145176872611049 0.06179679557681084
v -0.035633016377687475 0.05213711038231853 0.06287851929664612
v -0.037257924675941495 0.053749203681945835 0.06088636443018913
v -0.035633016377687475 0.05213711038231853 0.06287851929664612
v -0.033942218869924566 0.054925054311752354 0.06062527745962143
v -0.033942218869924566 0.054925054311752354 0.06062527745962143
v -0.035633016377687475 0.05213711038231853 0.06287851929664612
v -0.03252917900681498 0.05371336638927463 0.0624748058617115
v -0.033942218869924566 0.054925054311752354 0.06062527745962143
v -0.03252917900681498 0.05371336638927463 0.0624748058617115
v -0.03059615008533003 0.056031506508588826 0.06012313440442085
v -0.03059615008533003 0.056031506508588826 0.06012313440442085
v -0.03252917900681498 0.05371336638927463 0.0624748058617115
v -0.029376024380326292 0.05518366768956188 0.06175384297966957
v -0.03059615008533003 0.056031506508588826 0.06012313440442085
v -0.029376024380326292 0.05518366768956188 0.06175384297966957
v -0.02728346176445486 0.05704719945788387 0.05937759578227997
v -0.02728346176445486 0.05704719945788387 0.05937759578227997
v -0.029376024380326292 0.05518366768956188 0.06175384297966957
v -0.026234291493892687 0.056524004787206684 0.060715772211551666
v -0.02728346176445486 0.05704719945788387 0.05937759578227997
v -0.026234291493892687 0.056524004787206684 0.060715772211551666
v -0.02408425137400629 0.057964377105236095 0.058325618505477905
v -0.02408425137400629 0.057964377105236095 0.058325618505477905
v -0.026234291493892687 0.056524004787206684 0.060715772211551666
v -0.023185608908534064 0.05772830918431286 0.0592770017683506
v -0.02408425137400629 0.057964377105236095 0.058325618505477905
v -0.023185608908534064 0.05772830918431286 0.0592770017683506
v -0.022626496851444258 0.05837322399020199 0.057640191167593
v -0.022626496851444258 0.05837322399020199 0.057640191167593
v -0.023185608908534064 0.05772830918431286 0.0592770017683506
v -0.021793419495224967 0.05826406180858616 0.05834786221385002
v -0.022626496851444258 0.05837322399020199 0.057640191167593
v -0.021793419495224967 0.05826406180858616 0.05834786221385002
v -0.021455334499478354 0.058723490685224575 0.05679801106452942
v -0.021455334499478354 0.058723490685224575 0.05679801106452942
v -0.021793419495224967 0.05826406180858616 0.05834786221385002
v -0.020674632862210288 0.058723468333482784 0.05721121281385422
v -0.021455334499478354 0.058723490685224575 0.05679801106452942
v -0.020674632862210288 0.058723468333482784 0.05721121281385422
v -0.0208745375275612 0.05897004157304768 0.05576597899198532
v -0.0208745375275612 0.05897004157304768 0.05576597899198532
v -0.020674632862210288 0.058723468333482784 0.05721121281385422
v -0.020121127367019667 0.059048864990472835 0.05582203343510628
v -0.0208745375275612 0.05897004157304768 0.05576597899198532
v -0.020121127367019667 0.059048864990472835 0.05582203343510628
v -0.020509699359536185 0.05927479639649395 0.05437079444527626
v -0.020509699359536185 0.05927479639649395 0.05437079444527626
v -0.020121127367019667 0.059048864990472835 0.05582203343510628
v -0.01884970255196096 0.0595314130187035 0.05424579605460167
v -0.020509699359536185 0.05927479639649395 0.05437079444527626
v -0.01884970255196096 0.0595314130187035 0.05424579605460167
v -0.019003614783287062 0.05954888090491299 0.05374322831630707
v -0.021269682794809355 0.059136494994163555 0.05468747019767761
v -0.020511664450168623 0.0592744387686253 0.05437161400914192
v -0.029146863147616407 0.05926482379436497 0.03285589814186096
v -0.04006291553378108 0.059037145227193874 0.0128502631559968
v -0.04094673320651057 0.05900000035762791 0.012999999336898327
v -0.03125341236591341 0.05900000035762791 0.03374448046088219
v -0.03555435687303545 0.059807542711496395 0.015138141810894012
v -0.036113280802965185 0.059629593044519466 0.014999475330114365
v -0.029146863147616407 0.05926482379436497 0.03285589814186096
v -0.03555435687303545 0.059807542711496395 0.015138141810894012
v -0.029146863147616407 0.05926482379436497 0.03285589814186096
v -0.035011593252420446 0.06004702672362332 0.015072940848767757
v -0.03237455710768702 0.060395054519176525 0.019144738093018532
v -0.03423626348376276 0.0605249404907227 0.014717313461005688
v -0.03475869446992876 0.060202911496162456 0.014956941828131676
v -0.035011593252420446 0.06004702672362332 0.015072940848767757
v -0.029146863147616407 0.05926482379436497 0.03285589814186096
v -0.03475869446992876 0.060202911496162456 0.014956941828131676
v -0.03475869446992876 0.060202911496162456 0.014956941828131676
v -0.029146863147616407 0.05926482379436497 0.03285589814186096
v -0.02915325015783312 0.06017902120947842 0.027157675474882126
v -0.03475869446992876 0.060202911496162456 0.014956941828131676
v -0.02915325015783312 0.06017902120947842 0.027157675474882126
v -0.03237455710768702 0.060395054519176525 0.019144738093018532
v -0.036113280802965185 0.059629593044519466 0.014999475330114365
v -0.03652938827872279 0.05953822657465939 0.014721741899847984
v -0.029146863147616407 0.05926482379436497 0.03285589814186096
v -0.029146863147616407 0.05926482379436497 0.03285589814186096
v -0.03652938827872279 0.05953822657465939 0.014721741899847984
v -0.03710541501641276 0.05946607887744908 0.014025851152837276
v -0.029146863147616407 0.05926482379436497 0.03285589814186096
v -0.03710541501641276 0.05946607887744908 0.014025851152837276
v -0.03802262246608737 0.05943167954683308 0.012505677528679371
v -0.03802262246608737 0.05943167954683308 0.012505677528679371
v -0.03710541501641276 0.05946607887744908 0.014025851152837276
v -0.037500031292438535 0.05946475639939312 0.013213898986577988
v -0.037857763469219236 0.05946355685591702 0.012477833777666092
v -0.02567010000348093 0.05994542315602307 0.03582195192575455
v -0.027235005050897616 0.060050372034311336 0.03192927688360214
v -0.029146863147616407 0.05926482379436497 0.03285589814186096
v -0.029053909704089186 0.06017235666513447 0.02740478329360485
v -0.029146863147616407 0.05926482379436497 0.03285589814186096
v -0.029053909704089186 0.06017235666513447 0.02740478329360485
v -0.02915325015783312 0.06017902120947842 0.027157675474882126
v -0.02567010000348093 0.05994542315602307 0.03582195192575455
v -0.029146863147616407 0.05926482379436497 0.03285589814186096
v -0.02157392911612989 0.059701770544052166 0.04683354124426842
v -0.02157392911612989 0.059701770544052166 0.04683354124426842
v -0.029146863147616407 0.05926482379436497 0.03285589814186096
v -0.020511664450168623 0.0592744387686253 0.05437161400914192
v -0.02157392911612989 0.059701770544052166 0.04683354124426842
v -0.020511664450168623 0.0592744387686253 0.05437161400914192
v -0.01981447078287603 0.05959711223840718 0.051563430577516556
v -0.01981447078287603 0.05959711223840718 0.051563430577516556
v -0.020511664450168623 0.0592744387686253 0.05437161400914192
v -0.020509699359536185 0.05927479639649395 0.05437079444527626
v -0.020509699359536185 0.05927479639649395 0.05437079444527626
v -0.019003614783287062 0.05954888090491299 0.05374322831630707
v -0.022019715979695334 0.05900000035762791 0.054999999701976776
v -0.021269682794809355 0.059136494994163555 0.05468747019767761
v -0.031194906681776068 0.05900000035762791 0.03386968746781349
v -0.031194906681776068 0.05900000035762791 0.03386968746781349
v -0.021269682794809355 0.059136494994163555 0.05468747019767761
v -0.029146863147616407 0.05926482379436497 0.03285589814186096
v -0.031194906681776068 0.05900000035762791 0.03386968746781349
v -0.029146863147616407 0.05926482379436497 0.03285589814186096
v -0.03125341236591341 0.05900000035762791 0.03374448046088219
v -0.03125341236591341 0.05900000035762791 0.03374448046088219
v -0.029146863147616407 0.05926482379436497 0.03285589814186096
v -0.03802262246608737 0.05943167954683308 0.012505677528679371
v -0.03125341236591341 0.05900000035762791 0.03374448046088219
v -0.03802262246608737 0.05943167954683308 0.012505677528679371
v -0.04006291553378108 0.059037145227193874 0.0128502631559968
v 0.022412976250052466 0.06847666949033741 0.009572499431669712
v 0.02267795801162721 0.06871104985475544 0.00942930020391941
v 0.022429393604397788 0.06845797598361973 0.008999999612569809
v 0.023167150095105185 0.06914374977350239 0.00916493684053421
v 0.022429393604397788 0.06845797598361973 0.008999999612569809
v 0.023167150095105185 0.06914374977350239 0.00916493684053421
v 0.023836949840188044 0.07011747360229496 0.008999999612569809
v 0.02084237337112428 0.06765357404947285 0.010692283511161804
v 0.02109625190496446 0.06776895374059681 0.010502861812710762
v 0.020370941609144225 0.06753736734390263 0.008999999612569809
v 0.020370941609144225 0.06753736734390263 0.008999999612569809
v 0.02109625190496446 0.06776895374059681 0.010502861812710762
v 0.022079700604081168 0.06821592152118687 0.009769104421138763
v 0.020370941609144225 0.06753736734390263 0.008999999612569809
v 0.022079700604081168 0.06821592152118687 0.009769104421138763
v 0.022429393604397788 0.06845797598361973 0.008999999612569809
v 0.022429393604397788 0.06845797598361973 0.008999999612569809
v 0.022079700604081168 0.06821592152118687 0.009769104421138763
v 0.022228829562664046 0.06831379234790806 0.0096720140427351
v 0.022429393604397788 0.06845797598361973 0.008999999612569809
v 0.022228829562664046 0.06831379234790806 0.0096720140427351
v 0.022412976250052466 0.06847666949033741 0.009572499431669712
v 0.018135091289877902 0.0676100850105286 0.012766879051923752
v 0.01850162819027902 0.06752790510654454 0.012697809375822544
v 0.018117332831025134 0.06761480867862706 0.008999999612569809
v 0.01850162819027902 0.06752790510654454 0.012697809375822544
v 0.018953140825033202 0.06746548414230351 0.012446203269064426
v 0.018117332831025134 0.06761480867862706 0.008999999612569809
v 0.018117332831025134 0.06761480867862706 0.008999999612569809
v 0.018953140825033202 0.06746548414230351 0.012446203269064426
v 0.01936944760382177 0.06744461506605152 0.012058498337864876
v 0.018117332831025134 0.06761480867862706 0.008999999612569809
v 0.01936944760382177 0.06744461506605152 0.012058498337864876
v 0.020370941609144225 0.06753736734390263 0.008999999612569809
v 0.020370941609144225 0.06753736734390263 0.008999999612569809
v 0.01936944760382177 0.06744461506605152 0.012058498337864876
v 0.020363697782158866 0.06758566200733189 0.011136280372738838
v 0.020370941609144225 0.06753736734390263 0.008999999612569809
v 0.020363697782158866 0.06758566200733189 0.011136280372738838
v 0.02084237337112428 0.06765357404947285 0.010692283511161804
v 0.018117332831025134 0.06761480867862706 0.008999999612569809
v 0.016947872936725627 0.06809347122907643 0.012058498337864876
v 0.01736719347536565 0.06788142025470738 0.01248487550765276
v 0.018135091289877902 0.0676100850105286 0.012766879051923752
v 0.018117332831025134 0.06761480867862706 0.008999999612569809
v 0.018117524683475505 0.0676154419779778 0.012764090672135353
v 0.018117524683475505 0.0676154419779778 0.012764090672135353
v 0.018117332831025134 0.06761480867862706 0.008999999612569809
v 0.01736719347536565 0.06788142025470738 0.01248487550765276
v 0.018117524683475505 0.0676154419779778 0.012764090672135353
v 0.01736719347536565 0.06788142025470738 0.01248487550765276
v 0.017774295061826716 0.0677200555801392 0.012709612026810646
v 0.015603180974721919 0.06920449435710911 0.010492921806871891
v 0.015728209167718898 0.06906303018331532 0.010636631399393082
v 0.016126930713653575 0.06867454946041111 0.008999999612569809
v 0.016126930713653575 0.06867454946041111 0.008999999612569809
v 0.015728209167718898 0.06906303018331532 0.010636631399393082
v 0.01615692488849164 0.06871072947978978 0.011132257990539074
v 0.016126930713653575 0.06867454946041111 0.008999999612569809
v 0.01615692488849164 0.06871072947978978 0.011132257990539074
v 0.018117332831025134 0.06761480867862706 0.008999999612569809
v 0.018117332831025134 0.06761480867862706 0.008999999612569809
v 0.01615692488849164 0.06871072947978978 0.011132257990539074
v 0.016808021813631068 0.06817568093538288 0.011884975247085094
v 0.018117332831025134 0.06761480867862706 0.008999999612569809
v 0.016808021813631068 0.06817568093538288 0.011884975247085094
v 0.016947872936725627 0.06809347122907643 0.012058498337864876
v 0.014804561622440825 0.0705010443925858 0.008999999612569809
v 0.014865286648273478 0.07036294788122181 0.009622124955058098
v 0.016126930713653575 0.06867454946041111 0.008999999612569809
v 0.016126930713653575 0.06867454946041111 0.008999999612569809
v 0.014865286648273478 0.07036294788122181 0.009622124955058098
v 0.015592913143336783 0.06922060996294026 0.010480804368853569
v 0.016126930713653575 0.06867454946041111 0.008999999612569809
v 0.015592913143336783 0.06922060996294026 0.010480804368853569
v 0.015603180974721919 0.06920449435710911 0.010492921806871891
v 0.014804561622440825 0.0705010443925858 0.008999999612569809
v 0.01441533211618663 0.07264198362827305 0.008999999612569809
v 0.014514201320707808 0.07143589109182362 0.009172812104225159
v 0.014514201320707808 0.07143589109182362 0.009172812104225159
v 0.014708462171256553 0.07084221392869954 0.009421424008905888
v 0.014804561622440825 0.0705010443925858 0.008999999612569809
v 0.014818579889833938 0.07050568610429768 0.009562350809574127
v 0.014865286648273478 0.07036294788122181 0.009622124955058098
v 0.018747383728623404 0.0564641356468201 0.10199999809265137
v -0.015091195702552806 -0.05754927173256878 0.10199999809265137
v -0.007608060259372001 -0.05900661274790768 0.10199999809265137
v 0.0 -0.05949506536126141 0.10199999809265137
v 0.007608060259372001 -0.05900661274790768 0.10199999809265137
v 0.02581394091248514 0.053603202104568516 0.10199999809265137
v 0.03245663642883303 0.04986210539937023 0.10199999809265137
v 0.011372995562851436 0.05839792639017109 0.10199999809265137
v 0.0038118618540465858 0.05937282741069798 0.10199999809265137
v -0.0038118618540465858 0.05937282741069798 0.10199999809265137
v -0.011372995562851436 0.05839792639017109 0.10199999809265137
v -0.018747383728623404 0.0564641356468201 0.10199999809265137
v -0.02581394091248514 0.053603202104568516 0.10199999809265137
v 0.015091195702552806 -0.05754927173256878 0.10199999809265137
v 0.04404288902878764 0.03999858722090724 0.10199999809265137
v 0.03856639191508296 0.04530227556824687 0.10199999809265137
v -0.03245663642883303 0.04986210539937023 0.10199999809265137
v -0.03856639191508296 0.04530227556824687 0.10199999809265137
v -0.04404288902878764 0.03999858722090724 0.10199999809265137
v 0.022326534613966956 -0.05514697358012203 0.10199999809265137
v 0.02919527329504492 -0.051839165389537846 0.10199999809265137
v 0.035584624856710455 -0.047680154442787205 0.10199999809265137
v -0.058003399521112484 0.013238897547125825 0.10199999809265137
v -0.05440304055809978 -0.024082612246274965 0.10199999809265137
v -0.05583424121141437 0.02054751664400102 0.10199999809265137
v -0.05274828523397449 0.027518745511770266 0.10199999809265137
v -0.050876773893833195 -0.030841799452900907 0.10199999809265137
v -0.048796202987432515 0.03403811901807787 0.10199999809265137
v -0.046515114605426816 -0.03709456697106364 0.10199999809265137
v -0.04138967767357829 -0.0427382402122021 0.10199999809265137
v -0.035584624856710455 -0.047680154442787205 0.10199999809265137
v -0.02919527329504492 -0.051839165389537846 0.10199999809265137
v -0.022326534613966956 -0.05514697358012203 0.10199999809265137
v 0.04138967767357829 -0.0427382402122021 0.10199999809265137
v 0.046515114605426816 -0.03709456697106364 0.10199999809265137
v 0.050876773893833195 -0.030841799452900907 0.10199999809265137
v -0.05922014638781552 0.005712896119803194 0.10199999809265137
v -0.05946449935436253 -0.0019069106783717884 0.10199999809265137
v -0.05703600868582729 -0.016927987337112437 0.10199999809265137
v -0.05873244628310208 -0.009495406411588199 0.10199999809265137
v 0.05440304055809978 -0.024082612246274965 0.10199999809265137
v 0.05703600868582729 -0.016927987337112437 0.10199999809265137
v 0.05873244628310208 -0.009495406411588199 0.10199999809265137
v 0.05946449935436253 -0.0019069106783717884 0.10199999809265137
v 0.05922014638781552 0.005712896119803194 0.10199999809265137
v 0.058003399521112484 0.013238897547125825 0.10199999809265137
v 0.05583424121141437 0.02054751664400102 0.10199999809265137
v 0.05274828523397449 0.027518745511770266 0.10199999809265137
v 0.048796202987432515 0.03403811901807787 0.10199999809265137
v 0.0699151605367661 0.0020962927956134094 0.012989752925932407
v 0.07012467831373219 0.0025458224117755907 0.012058498337864876
v 0.06984662264585499 0.006738019641488795 0.012058498337864876
v 0.0331421382725239 0.061596453189849895 0.012989752925932407
v 0.032857589423656484 0.06200266256928448 0.012058498337864876
v 0.030446000397205374 0.06322177499532704 0.012058498337864876
v 0.0367730259895325 -0.059500161558389705 0.012989752925932407
v 0.03726708516478541 -0.05945684015750889 0.012058498337864876
v 0.041969936341047315 -0.05623589456081394 0.012058498337864876
v 0.0 -0.0597881600260735 0.08656977117061615
v -0.007608060259372001 -0.05900661274790768 0.10199999809265137
v -0.007645539939403539 -0.05929729714989666 0.08656977117061615
v -0.007645539939403539 -0.05929729714989666 0.08656977117061615
v -0.007608060259372001 -0.05900661274790768 0.10199999809265137
v -0.015091195702552806 -0.05754927173256878 0.10199999809265137
v -0.015165540389716636 -0.05783277750015263 0.08656977117061615
v -0.015165540389716636 -0.05783277750015263 0.08656977117061615
v -0.015091195702552806 -0.05754927173256878 0.10199999809265137
v -0.022326534613966956 -0.05514697358012203 0.10199999809265137
v -0.022436523810029044 -0.05541864782571796 0.08656977117061615
v -0.022436523810029044 -0.05541864782571796 0.08656977117061615
v -0.022326534613966956 -0.05514697358012203 0.10199999809265137
v -0.02919527329504492 -0.051839165389537846 0.10199999809265137
v -0.029339099302887937 -0.05209454149007801 0.08656977117061615
v -0.029339099302887937 -0.05209454149007801 0.08656977117061615
v -0.02919527329504492 -0.051839165389537846 0.10199999809265137
v -0.035584624856710455 -0.047680154442787205 0.10199999809265137
v -0.03575992584228518 -0.047915045171976124 0.08656977117061615
v -0.03575992584228518 -0.047915045171976124 0.08656977117061615
v -0.035584624856710455 -0.047680154442787205 0.10199999809265137
v -0.04138967767357829 -0.0427382402122021 0.10199999809265137
v -0.041593577712774304 -0.04294878616929057 0.08656977117061615
v -0.041593577712774304 -0.04294878616929057 0.08656977117061615
v -0.04138967767357829 -0.0427382402122021 0.10199999809265137
v -0.046515114605426816 -0.03709456697106364 0.10199999809265137
v -0.046744264662265805 -0.03727730736136439 0.08656977117061615
v -0.046744264662265805 -0.03727730736136439 0.08656977117061615
v -0.046515114605426816 -0.03709456697106364 0.10199999809265137
v -0.050876773893833195 -0.030841799452900907 0.10199999809265137
v -0.05112741142511371 -0.030993737280368826 0.08656977117061615
v -0.05112741142511371 -0.030993737280368826 0.08656977117061615
v -0.050876773893833195 -0.030841799452900907 0.10199999809265137
v -0.05440304055809978 -0.024082612246274965 0.10199999809265137
v -0.05467104539275173 -0.024201251566410082 0.08656977117061615
v -0.05467104539275173 -0.024201251566410082 0.08656977117061615
v -0.05440304055809978 -0.024082612246274965 0.10199999809265137
v -0.05703600868582729 -0.016927987337112437 0.10199999809265137
v -0.05731698498129849 -0.017011379823088656 0.08656977117061615
v -0.05731698498129849 -0.017011379823088656 0.08656977117061615
v -0.05703600868582729 -0.016927987337112437 0.10199999809265137
v -0.05873244628310208 -0.009495406411588199 0.10199999809265137
v -0.05902178213000302 -0.00954218395054341 0.08656977117061615
v -0.05902178213000302 -0.00954218395054341 0.08656977117061615
v -0.05873244628310208 -0.009495406411588199 0.10199999809265137
v -0.05946449935436253 -0.0019069106783717884 0.10199999809265137
v -0.05975744128227238 -0.0019163048127666129 0.08656977117061615
v -0.05975744128227238 -0.0019163048127666129 0.08656977117061615
v -0.05946449935436253 -0.0019069106783717884 0.10199999809265137
v -0.05922014638781552 0.005712896119803194 0.10199999809265137
v -0.059511885046958965 0.005741039756685499 0.08656977117061615
v -0.059511885046958965 0.005741039756685499 0.08656977117061615
v -0.05922014638781552 0.005712896119803194 0.10199999809265137
v -0.058003399521112484 0.013238897547125825 0.10199999809265137
v -0.058289144188165706 0.013304117135703572 0.08656977117061615
v -0.058289144188165706 0.013304117135703572 0.08656977117061615
v -0.058003399521112484 0.013238897547125825 0.10199999809265137
v -0.05583424121141437 0.02054751664400102 0.10199999809265137
v -0.05610929802060131 0.020648740231990828 0.08656977117061615
v -0.05610929802060131 0.020648740231990828 0.08656977117061615
v -0.05583424121141437 0.02054751664400102 0.10199999809265137
v -0.05274828523397449 0.027518745511770266 0.10199999809265137
v -0.053008139133453404 0.027654312551021593 0.08656977117061615
v -0.053008139133453404 0.027654312551021593 0.08656977117061615
v -0.05274828523397449 0.027518745511770266 0.10199999809265137
v -0.048796202987432515 0.03403811901807787 0.10199999809265137
v -0.049036588519811665 0.03420580178499224 0.08656977117061615
v -0.049036588519811665 0.03420580178499224 0.08656977117061615
v -0.048796202987432515 0.03403811901807787 0.10199999809265137
v -0.04404288902878764 0.03999858722090724 0.10199999809265137
v -0.04425985738635066 0.040195632725954084 0.08656977117061615
v -0.04425985738635066 0.040195632725954084 0.08656977117061615
v -0.04404288902878764 0.03999858722090724 0.10199999809265137
v -0.03856639191508296 0.04530227556824687 0.10199999809265137
v -0.03875638172030452 0.045525450259447126 0.08656977117061615
v -0.03875638172030452 0.045525450259447126 0.08656977117061615
v -0.03856639191508296 0.04530227556824687 0.10199999809265137
v -0.03245663642883303 0.04986210539937023 0.10199999809265137
v -0.032616525888443014 0.05010774359107021 0.08656977117061615
v -0.032616525888443014 0.05010774359107021 0.08656977117061615
v -0.03245663642883303 0.04986210539937023 0.10199999809265137
v -0.02581394091248514 0.053603202104568516 0.10199999809265137
v -0.025941109284758585 0.05386726930737499 0.08656977117061615
v -0.025941109284758585 0.05386726930737499 0.08656977117061615
v -0.02581394091248514 0.053603202104568516 0.10199999809265137
v -0.018747383728623404 0.0564641356468201 0.10199999809265137
v -0.018839739263057723 0.05674229562282566 0.08656977117061615
v -0.018839739263057723 0.05674229562282566 0.08656977117061615
v -0.018747383728623404 0.0564641356468201 0.10199999809265137
v -0.011372995562851436 0.05839792639017109 0.10199999809265137
v -0.011429022066295154 0.05868561565876011 0.08656977117061615
v -0.011429022066295154 0.05868561565876011 0.08656977117061615
v -0.011372995562851436 0.05839792639017109 0.10199999809265137
v -0.0038118618540465858 0.05937282741069798 0.10199999809265137
v -0.003830640576779845 0.059665318578481716 0.08656977117061615
v -0.003830640576779845 0.059665318578481716 0.08656977117061615
v -0.0038118618540465858 0.05937282741069798 0.10199999809265137
v 0.0038118618540465858 0.05937282741069798 0.10199999809265137
v 0.003830640576779845 0.059665318578481716 0.08656977117061615
v 0.003830640576779845 0.059665318578481716 0.08656977117061615
v 0.0038118618540465858 0.05937282741069798 0.10199999809265137
v 0.011372995562851436 0.05839792639017109 0.10199999809265137
v 0.011429022066295154 0.05868561565876011 0.08656977117061615
v 0.011429022066295154 0.05868561565876011 0.08656977117061615
v 0.011372995562851436 0.05839792639017109 0.10199999809265137
v 0.018747383728623404 0.0564641356468201 0.10199999809265137
v 0.018839739263057723 0.05674229562282566 0.08656977117061615
v 0.018839739263057723 0.05674229562282566 0.08656977117061615
v 0.018747383728623404 0.0564641356468201 0.10199999809265137
v 0.02581394091248514 0.053603202104568516 0.10199999809265137
v 0.025941109284758585 0.05386726930737499 0.08656977117061615
v 0.025941109284758585 0.05386726930737499 0.08656977117061615
v 0.02581394091248514 0.053603202104568516 0.10199999809265137
v 0.03245663642883303 0.04986210539937023 0.10199999809265137
v 0.032616525888443014 0.05010774359107021 0.08656977117061615
v 0.032616525888443014 0.05010774359107021 0.08656977117061615
v 0.03245663642883303 0.04986210539937023 0.10199999809265137
v 0.03856639191508296 0.04530227556824687 0.10199999809265137
v 0.03875638172030452 0.045525450259447126 0.08656977117061615
v 0.03875638172030452 0.045525450259447126 0.08656977117061615
v 0.03856639191508296 0.04530227556824687 0.10199999809265137
v 0.04404288902878764 0.03999858722090724 0.10199999809265137
v 0.04425985738635066 0.040195632725954084 0.08656977117061615
v 0.04425985738635066 0.040195632725954084 0.08656977117061615
v 0.04404288902878764 0.03999858722090724 0.10199999809265137
v 0.048796202987432515 0.03403811901807787 0.10199999809265137
v 0.049036588519811665 0.03420580178499224 0.08656977117061615
v 0.049036588519811665 0.03420580178499224 0.08656977117061615
v 0.048796202987432515 0.03403811901807787 0.10199999809265137
v 0.05274828523397449 0.027518745511770266 0.10199999809265137
v 0.053008139133453404 0.027654312551021593 0.08656977117061615
v 0.053008139133453404 0.027654312551021593 0.08656977117061615
v 0.05274828523397449 0.027518745511770266 0.10199999809265137
v 0.05583424121141437 0.02054751664400102 0.10199999809265137
v 0.05610929802060131 0.020648740231990828 0.08656977117061615
v 0.05610929802060131 0.020648740231990828 0.08656977117061615
v 0.05583424121141437 0.02054751664400102 0.10199999809265137
v 0.058003399521112484 0.013238897547125825 0.10199999809265137
v 0.058289144188165706 0.013304117135703572 0.08656977117061615
v 0.058289144188165706 0.013304117135703572 0.08656977117061615
v 0.058003399521112484 0.013238897547125825 0.10199999809265137
v 0.05922014638781552 0.005712896119803194 0.10199999809265137
v 0.059511885046958965 0.005741039756685499 0.08656977117061615
v 0.059511885046958965 0.005741039756685499 0.08656977117061615
v 0.05922014638781552 0.005712896119803194 0.10199999809265137
v 0.05946449935436253 -0.0019069106783717884 0.10199999809265137
v 0.05975744128227238 -0.0019163048127666129 0.08656977117061615
v 0.05975744128227238 -0.0019163048127666129 0.08656977117061615
v 0.05946449935436253 -0.0019069106783717884 0.10199999809265137
v 0.05873244628310208 -0.009495406411588199 0.10199999809265137
v 0.05902178213000302 -0.00954218395054341 0.08656977117061615
v 0.05902178213000302 -0.00954218395054341 0.08656977117061615
v 0.05873244628310208 -0.009495406411588199 0.10199999809265137
v 0.05703600868582729 -0.016927987337112437 0.10199999809265137
v 0.05731698498129849 -0.017011379823088656 0.08656977117061615
v 0.05731698498129849 -0.017011379823088656 0.08656977117061615
v 0.05703600868582729 -0.016927987337112437 0.10199999809265137
v 0.05440304055809978 -0.024082612246274965 0.10199999809265137
v 0.05467104539275173 -0.024201251566410082 0.08656977117061615
v 0.05467104539275173 -0.024201251566410082 0.08656977117061615
v 0.05440304055809978 -0.024082612246274965 0.10199999809265137
v 0.050876773893833195 -0.030841799452900907 0.10199999809265137
v 0.05112741142511371 -0.030993737280368826 0.08656977117061615
v 0.05112741142511371 -0.030993737280368826 0.08656977117061615
v 0.050876773893833195 -0.030841799452900907 0.10199999809265137
v 0.046515114605426816 -0.03709456697106364 0.10199999809265137
v 0.046744264662265805 -0.03727730736136439 0.08656977117061615
v 0.046744264662265805 -0.03727730736136439 0.08656977117061615
v 0.046515114605426816 -0.03709456697106364 0.10199999809265137
v 0.04138967767357829 -0.0427382402122021 0.10199999809265137
v 0.041593577712774304 -0.04294878616929057 0.08656977117061615
v 0.041593577712774304 -0.04294878616929057 0.08656977117061615
v 0.04138967767357829 -0.0427382402122021 0.10199999809265137
v 0.035584624856710455 -0.047680154442787205 0.10199999809265137
v 0.03575992584228518 -0.047915045171976124 0.08656977117061615
v 0.03575992584228518 -0.047915045171976124 0.08656977117061615
v 0.035584624856710455 -0.047680154442787205 0.10199999809265137
v 0.02919527329504492 -0.051839165389537846 0.10199999809265137
v 0.029339099302887937 -0.05209454149007801 0.08656977117061615
v 0.029339099302887937 -0.05209454149007801 0.08656977117061615
v 0.02919527329504492 -0.051839165389537846 0.10199999809265137
v 0.022326534613966956 -0.05514697358012203 0.10199999809265137
v 0.022436523810029044 -0.05541864782571796 0.08656977117061615
v 0.022436523810029044 -0.05541864782571796 0.08656977117061615
v 0.022326534613966956 -0.05514697358012203 0.10199999809265137
v 0.015091195702552806 -0.05754927173256878 0.10199999809265137
v 0.015165540389716636 -0.05783277750015263 0.08656977117061615
v 0.015165540389716636 -0.05783277750015263 0.08656977117061615
v 0.015091195702552806 -0.05754927173256878 0.10199999809265137
v 0.007608060259372001 -0.05900661274790768 0.10199999809265137
v 0.007645539939403539 -0.05929729714989666 0.08656977117061615
v 0.007645539939403539 -0.05929729714989666 0.08656977117061615
v 0.007608060259372001 -0.05900661274790768 0.10199999809265137
v 0.0 -0.05949506536126141 0.10199999809265137
v 0.0 -0.0597881600260735 0.08656977117061615
v 0.0 -0.05949506536126141 0.10199999809265137
v 0.06931646913290028 -0.010742288082838065 0.012058498337864876
v 0.07012467831373219 -0.0025458224117755907 0.012058498337864876
v 0.06998909264802937 -0.0022449314128607525 0.012662232853472233
v 0.06927140802145008 -0.01119926385581494 0.012058498337864876
v 0.0659868493676186 -0.010668241418898113 0.027128586545586586
v 0.06744972616434101 -0.0191805735230446 0.012058498337864876
v 0.06408087164163594 -0.019018866121768965 0.027128586545586586
v 0.06727056205272679 -0.019965548068285002 0.012058498337864876
v 0.06727056205272679 -0.019965548068285002 0.012058498337864876
v 0.06408087164163594 -0.019018866121768965 0.027128586545586586
v 0.06456274539232258 -0.027323560789227503 0.012058498337864876
v 0.061122689396143 -0.027057200670242327 0.027128586545586586
v 0.06416513025760655 -0.028404001146554964 0.012058498337864876
v 0.06416513025760655 -0.028404001146554964 0.012058498337864876
v 0.061122689396143 -0.027057200670242327 0.027128586545586586
v 0.060698755085468334 -0.03504839539527895 0.012058498337864876
v 0.057160872966051136 -0.03465125709772112 0.027128586545586586
v 0.06000611558556561 -0.03637605905532839 0.012058498337864876
v 0.06000611558556561 -0.03637605905532839 0.012058498337864876
v 0.057160872966051136 -0.03465125709772112 0.027128586545586586
v 0.05591663718223575 -0.04223863035440448 0.012058498337864876
v 0.052260480821132695 -0.04167634248733523 0.027128586545586586
v 0.05486179888248447 -0.04375082254409793 0.012058498337864876
v 0.05486179888248447 -0.04375082254409793 0.012058498337864876
v 0.052260480821132695 -0.04167634248733523 0.027128586545586586
v 0.05028904974460605 -0.04878592491149906 0.012058498337864876
v 0.046501968055963544 -0.04801710322499279 0.027128586545586586
v 0.04881665110588077 -0.05040720105171207 0.012058498337864876
v 0.0328013598918915 -0.058242134749889415 0.027128586545586586
v 0.03422299027442934 -0.060534756630659145 0.014709198847413063
v 0.034558791667223 -0.060304399579763454 0.014854604378342628
v 0.034558791667223 -0.060304399579763454 0.014854604378342628
v 0.03475215658545496 -0.06019249185919766 0.01485569030046463
v 0.0328013598918915 -0.058242134749889415 0.027128586545586586
v 0.0328013598918915 -0.058242134749889415 0.027128586545586586
v 0.03475215658545496 -0.06019249185919766 0.01485569030046463
v 0.034935470670461675 -0.06008639559149746 0.01485672127455473
v 0.0328013598918915 -0.058242134749889415 0.027128586545586586
v 0.034935470670461675 -0.06008639559149746 0.01485672127455473
v 0.039979897439479856 -0.053569421172142064 0.027128586545586586
v 0.034935470670461675 -0.06008639559149746 0.01485672127455473
v 0.03527434542775156 -0.059922344982624096 0.014730739407241344
v 0.039979897439479856 -0.053569421172142064 0.027128586545586586
v 0.039979897439479856 -0.053569421172142064 0.027128586545586586
v 0.03527434542775156 -0.059922344982624096 0.014730739407241344
v 0.03578437864780428 -0.05972632765769963 0.014339825138449669
v 0.039979897439479856 -0.053569421172142064 0.027128586545586586
v 0.03578437864780428 -0.05972632765769963 0.014339825138449669
v 0.03667381405830386 -0.05951431393623356 0.013157176785171032
v 0.04881665110588077 -0.05040720105171207 0.012058498337864876
v 0.046501968055963544 -0.04801710322499279 0.027128586545586586
v 0.043901331722736386 -0.0545916706323624 0.012058498337864876
v 0.039979897439479856 -0.053569421172142064 0.027128586545586586
v 0.041969936341047315 -0.05623589456081394 0.012058498337864876
v 0.041969936341047315 -0.05623589456081394 0.012058498337864876
v 0.039979897439479856 -0.053569421172142064 0.027128586545586586
v 0.03667381405830386 -0.05951431393623356 0.013157176785171032
v 0.041969936341047315 -0.05623589456081394 0.012058498337864876
v 0.03667381405830386 -0.05951431393623356 0.013157176785171032
v 0.0367730259895325 -0.059500161558389705 0.012989752925932407
v 0.025084221735596674 -0.06195851042866711 0.027128586545586586
v 0.02633281238377096 -0.06504255533218388 0.012058498337864876
v 0.032857589423656484 -0.06200266256928448 0.012058498337864876
v 0.032857589423656484 -0.06200266256928448 0.012058498337864876
v 0.033229272812604925 -0.0614862330257893 0.013222462497651577
v 0.025084221735596674 -0.06195851042866711 0.027128586545586586
v 0.025084221735596674 -0.06195851042866711 0.027128586545586586
v 0.033229272812604925 -0.0614862330257893 0.013222462497651577
v 0.03362828493118288 -0.06104552373290066 0.0140460804104805
v 0.025084221735596674 -0.06195851042866711 0.027128586545586586
v 0.03362828493118288 -0.06104552373290066 0.0140460804104805
v 0.0328013598918915 -0.058242134749889415 0.027128586545586586
v 0.0328013598918915 -0.058242134749889415 0.027128586545586586
v 0.03362828493118288 -0.06104552373290066 0.0140460804104805
v 0.03413494676351549 -0.060610372573137325 0.014611029997467995
v 0.03422299027442934 -0.060534756630659145 0.014709198847413063
v 0.02633281238377096 -0.06504255533218388 0.012058498337864876
v 0.025084221735596674 -0.06195851042866711 0.027128586545586586
v 0.025347709655761736 -0.06536963582038884 0.012058498337864876
v 0.0169552005827427 -0.06465753167867665 0.027128586545586586
v 0.0177991632372141 -0.06787592172622685 0.012058498337864876
v 0.0177991632372141 -0.06787592172622685 0.012058498337864876
v 0.0169552005827427 -0.06465753167867665 0.027128586545586586
v 0.017120029777288447 -0.06800818443298344 0.012058498337864876
v 0.008547778241336351 -0.06629487872123722 0.027128586545586586
v 0.008973252028226858 -0.06959477066993718 0.012058498337864876
v 0.008973252028226858 -0.06959477066993718 0.012058498337864876
v 0.008547778241336351 -0.06629487872123722 0.027128586545586586
v 0.008628066629171377 -0.06961692869663243 0.012058498337864876
v 0.008628066629171377 -0.06961692869663243 0.012058498337864876
v 0.008547778241336351 -0.06629487872123722 0.027128586545586586
v 0.0 -0.06684366613626484 0.027128586545586586
v 0.0 -0.07017087191343312 0.012058498337864876
v 0.0 -0.07017087191343312 0.012058498337864876
v 0.0 -0.06684366613626484 0.027128586545586586
v -0.008628066629171377 -0.06961692869663243 0.012058498337864876
v -0.008547778241336351 -0.06629487872123722 0.027128586545586586
v -0.008628066629171377 -0.06961692869663243 0.012058498337864876
v -0.008547778241336351 -0.06629487872123722 0.027128586545586586
v -0.008973252028226858 -0.06959477066993718 0.012058498337864876
v -0.008973252028226858 -0.06959477066993718 0.012058498337864876
v -0.008547778241336351 -0.06629487872123722 0.027128586545586586
v -0.017120029777288447 -0.06800818443298344 0.012058498337864876
v -0.0169552005827427 -0.06465753167867665 0.027128586545586586
v -0.0177991632372141 -0.06787592172622685 0.012058498337864876
v -0.03423565626144411 -0.06052538752555851 0.014716925099492073
v -0.03413180634379389 -0.060604490339756054 0.01464110892266035
v -0.03408973291516306 -0.060515455901622814 0.015074869617819786
v -0.03408973291516306 -0.060515455901622814 0.015074869617819786
v -0.03413180634379389 -0.060604490339756054 0.01464110892266035
v -0.034099873155355474 -0.06062881276011471 0.014617796055972576
v -0.03408973291516306 -0.060515455901622814 0.015074869617819786
v -0.034099873155355474 -0.06062881276011471 0.014617796055972576
v -0.025084221735596674 -0.06195851042866711 0.027128586545586586
v -0.025084221735596674 -0.06195851042866711 0.027128586545586586
v -0.034099873155355474 -0.06062881276011471 0.014617796055972576
v -0.03360589221119883 -0.061067845672369045 0.014009075239300728
v -0.025084221735596674 -0.06195851042866711 0.027128586545586586
v -0.03360589221119883 -0.061067845672369045 0.014009075239300728
v -0.033416498452425024 -0.06126747652888302 0.013654470443725586
v -0.0177991632372141 -0.06787592172622685 0.012058498337864876
v -0.0169552005827427 -0.06465753167867665 0.027128586545586586
v -0.025347709655761736 -0.06536963582038884 0.012058498337864876
v -0.025084221735596674 -0.06195851042866711 0.027128586545586586
v -0.02633281238377096 -0.06504255533218388 0.012058498337864876
v -0.02633281238377096 -0.06504255533218388 0.012058498337864876
v -0.025084221735596674 -0.06195851042866711 0.027128586545586586
v -0.033416498452425024 -0.06126747652888302 0.013654470443725586
v -0.02633281238377096 -0.06504255533218388 0.012058498337864876
v -0.033416498452425024 -0.06126747652888302 0.013654470443725586
v -0.032857589423656484 -0.06200266256928448 0.012058498337864876
v -0.026491390541195887 -0.05999824404716496 0.03371347859501839
v -0.027221003547310847 -0.06004790961742405 0.031923748552799225
v -0.025084221735596674 -0.06195851042866711 0.027128586545586586
v -0.029161404818296453 -0.06017998978495602 0.027163974940776825
v -0.03408973291516306 -0.060515455901622814 0.015074869617819786
v -0.026491390541195887 -0.05999824404716496 0.03371347859501839
v -0.025084221735596674 -0.06195851042866711 0.027128586545586586
v -0.02429382316768171 -0.059864558279514354 0.039552077651023865
v -0.02429382316768171 -0.059864558279514354 0.039552077651023865
v -0.025084221735596674 -0.06195851042866711 0.027128586545586586
v -0.0169552005827427 -0.06465753167867665 0.027128586545586586
v -0.02429382316768171 -0.059864558279514354 0.039552077651023865
v -0.0169552005827427 -0.06465753167867665 0.027128586545586586
v -0.021555747836828246 -0.059697993099689525 0.04682672768831253
v -0.02153166569769384 -0.05773925781250004 0.06126987189054489
v -0.020914489403367056 -0.05804037675261502 0.06067962571978569
v -0.015497526153922091 -0.059098783880472225 0.06664149463176727
v -0.015497526153922091 -0.059098783880472225 0.06664149463176727
v -0.020914489403367056 -0.05804037675261502 0.06067962571978569
v -0.020257668569684043 -0.05837147682905201 0.05979510769248009
v -0.01955829188227655 -0.05872402712702755 0.05885328724980354
v -0.01955829188227655 -0.05872402712702755 0.05885328724980354
v -0.019209316000342383 -0.05893569812178616 0.05804497003555298
v -0.015497526153922091 -0.059098783880472225 0.06664149463176727
v -0.018870268017053618 -0.05914134904742245 0.05725964531302452
v -0.015497526153922091 -0.059098783880472225 0.06664149463176727
v -0.018870268017053618 -0.05914134904742245 0.05725964531302452
v -0.018714807927608504 -0.059355471283197445 0.05594465881586075
v -0.01866587065160276 -0.059422872960567516 0.055530715733766556
v -0.019003614783287062 -0.05954888090491299 0.05374322831630707
v -0.01609463058412076 -0.0613758005201817 0.04680950939655304
v -0.01609463058412076 -0.0613758005201817 0.04680950939655304
v -0.019003614783287062 -0.05954888090491299 0.05374322831630707
v -0.02005608938634397 -0.05960676446557049 0.05081108957529068
v -0.029609108343720457 -0.05341900140047077 0.06664164364337921
v -0.028881341218948385 -0.05387179926037792 0.06633196026086807
v -0.022927677258849158 -0.056631807237863575 0.06664149463176727
v -0.022927677258849158 -0.056631807237863575 0.06664149463176727
v -0.028881341218948385 -0.05387179926037792 0.06633196026086807
v -0.02738683111965658 -0.054706756025552784 0.06550464034080505
v -0.025808738544583338 -0.05558840930461887 0.06463105231523514
v -0.025808738544583338 -0.05558840930461887 0.06463105231523514
v -0.024397363886237162 -0.05630724504590038 0.06362533569335938
v -0.022927677258849158 -0.056631807237863575 0.06664149463176727
v -0.02306933701038362 -0.05698362737894062 0.0626790001988411
v -0.022927677258849158 -0.056631807237863575 0.06664149463176727
v -0.02306933701038362 -0.05698362737894062 0.0626790001988411
v -0.015497526153922091 -0.059098783880472225 0.06664149463176727
v -0.015497526153922091 -0.059098783880472225 0.06664149463176727
v -0.02306933701038362 -0.05698362737894062 0.0626790001988411
v -0.02281729690730573 -0.057111997157335316 0.062499403953552246
v -0.02281729690730573 -0.057111997157335316 0.062499403953552246
v -0.0334705635905266 -0.05091857165098194 0.06811311841011047
v -0.032154712826013586 -0.051835194230079686 0.06772487610578537
v -0.029339099302887937 -0.05209454149007801 0.08656977117061615
v -0.029339099302887937 -0.05209454149007801 0.08656977117061615
v -0.032154712826013586 -0.051835194230079686 0.06772487610578537
v -0.03043583780527117 -0.05290463194251064 0.06699343770742416
v -0.03939921036362651 -0.04640465602278712 0.06914863735437393
v -0.0380935147404671 -0.047488063573837315 0.06909485906362534
v -0.03575992584228518 -0.047915045171976124 0.08656977117061615
v -0.03939921036362651 -0.04640465602278712 0.06914863735437393
v -0.03575992584228518 -0.047915045171976124 0.08656977117061615
v -0.04122303426265719 -0.04475050419569018 0.06914863735437393
v -0.04122303426265719 -0.04475050419569018 0.06914863735437393
v -0.03575992584228518 -0.047915045171976124 0.08656977117061615
v -0.041593577712774304 -0.04294878616929057 0.08656977117061615
v -0.04122303426265719 -0.04475050419569018 0.06914863735437393
v -0.041593577712774304 -0.04294878616929057 0.08656977117061615
v -0.04234924167394641 -0.04372907057404521 0.06914863735437393
v -0.0380935147404671 -0.047488063573837315 0.06909485906362534
v -0.03646036237478259 -0.04875078052282337 0.06884048134088516
v -0.03575992584228518 -0.047915045171976124 0.08656977117061615
v -0.03575992584228518 -0.047915045171976124 0.08656977117061615
v -0.03646036237478259 -0.04875078052282337 0.06884048134088516
v -0.036411412060260794 -0.04878862947225574 0.06883285194635391
v -0.03575992584228518 -0.047915045171976124 0.08656977117061615
v -0.036411412060260794 -0.04878862947225574 0.06883285194635391
v -0.029339099302887937 -0.05209454149007801 0.08656977117061615
v -0.029339099302887937 -0.05209454149007801 0.08656977117061615
v -0.036411412060260794 -0.04878862947225574 0.06883285194635391
v -0.03534916415810587 -0.04960993677377704 0.06866739690303802
v -0.03534916415810587 -0.04960993677377704 0.06866739690303802
v -0.04234924167394641 -0.04372907057404521 0.06914863735437393
v -0.041593577712774304 -0.04294878616929057 0.08656977117061615
v -0.04652796685695651 -0.039127830415964154 0.06914863735437393
v -0.046744264662265805 -0.03727730736136439 0.08656977117061615
v -0.04759350419044498 -0.03795455396175387 0.06914863735437393
v -0.04759350419044498 -0.03795455396175387 0.06914863735437393
v -0.046744264662265805 -0.03727730736136439 0.08656977117061615
v -0.05111164599657062 -0.03291103243827822 0.06914863735437393
v -0.05112741142511371 -0.030993737280368826 0.08656977117061615
v -0.0520562827587128 -0.03155682608485224 0.06914863735437393
v -0.0520562827587128 -0.03155682608485224 0.06914863735437393
v -0.05112741142511371 -0.030993737280368826 0.08656977117061615
v -0.0548699647188187 -0.026163527742028254 0.06914863735437393
v -0.05467104539275173 -0.024201251566410082 0.08656977117061615
v -0.055664300918579136 -0.024640934541821497 0.06914863735437393
v -0.055664300918579136 -0.024640934541821497 0.06914863735437393
v -0.05467104539275173 -0.024201251566410082 0.08656977117061615
v -0.05774233117699627 -0.018994254991412177 0.06914863735437393
v -0.05731698498129849 -0.017011379823088656 0.08656977117061615
v -0.05835830792784695 -0.017320439219474803 0.06914863735437393
v -0.05835830792784695 -0.017320439219474803 0.06914863735437393
v -0.05731698498129849 -0.017011379823088656 0.08656977117061615
v -0.05968246236443524 -0.011518946848809726 0.06914863735437393
v -0.05902178213000302 -0.00954218395054341 0.08656977117061615
v -0.06009407714009289 -0.009715544059872634 0.06914863735437393
v -0.06009407714009289 -0.009715544059872634 0.06914863735437393
v -0.05902178213000302 -0.00954218395054341 0.08656977117061615
v -0.060659121721983 -0.003858268959447744 0.06914863735437393
v -0.05975744128227238 -0.0019163048127666129 0.08656977117061615
v -0.060843102633953136 -0.0019511198624968542 0.06914863735437393
v -0.060843102633953136 -0.0019511198624968542 0.06914863735437393
v -0.05975744128227238 -0.0019163048127666129 0.08656977117061615
v -0.06065661832690243 0.003864132566377523 0.06914863735437393
v -0.059511885046958965 0.005741039756685499 0.08656977117061615
v -0.06059308350086216 0.0058453418314456974 0.06914863735437393
v -0.06059308350086216 0.0058453418314456974 0.06914863735437393
v -0.059511885046958965 0.005741039756685499 0.08656977117061615
v -0.05967506393790249 0.011523625813424594 0.06914863735437393
v -0.058289144188165706 0.013304117135703572 0.08656977117061615
v -0.059348128736019176 0.013545823283493528 0.06914863735437393
v -0.059348128736019176 0.013545823283493528 0.06914863735437393
v -0.058289144188165706 0.013304117135703572 0.08656977117061615
v -0.05773036554455761 0.018996601924300208 0.06914863735437393
v -0.05610929802060131 0.020648740231990828 0.08656977117061615
v -0.05712868273258213 0.02102388255298139 0.06914863735437393
v -0.05712868273258213 0.02102388255298139 0.06914863735437393
v -0.05610929802060131 0.020648740231990828 0.08656977117061615
v -0.054853979498148 0.02616247348487379 0.06914863735437393
v -0.053008139133453404 0.027654312551021593 0.08656977117061615
v -0.053971182554960286 0.028156731277704256 0.06914863735437393
v -0.053971182554960286 0.028156731277704256 0.06914863735437393
v -0.053008139133453404 0.027654312551021593 0.08656977117061615
v -0.051092382520437275 0.03290561214089396 0.06914863735437393
v -0.049036588519811665 0.03420580178499224 0.08656977117061615
v -0.04992747679352764 0.03482724726200106 0.06914863735437393
v -0.04992747679352764 0.03482724726200106 0.06914863735437393
v -0.049036588519811665 0.03420580178499224 0.08656977117061615
v -0.04650633409619334 0.039117220789194135 0.06914863735437393
v -0.04425985738635066 0.040195632725954084 0.08656977117061615
v -0.045063961297273664 0.040925897657871274 0.06914863735437393
v -0.045063961297273664 0.040925897657871274 0.06914863735437393
v -0.04425985738635066 0.040195632725954084 0.08656977117061615
v -0.04116990044713023 0.04469708725810054 0.06914863735437393
v -0.03875638172030452 0.045525450259447126 0.08656977117061615
v -0.0394604988396168 0.046352550387382535 0.06914863735437393
v -0.032616525888443014 0.05010774359107021 0.08656977117061615
v -0.03347909450531008 0.05094322189688686 0.06816734373569489
v -0.033494025468826315 0.050932336598634755 0.06817090511322021
v -0.03647781908512118 0.04875709861516956 0.06888207793235779
v -0.03660997375845912 0.04866075515747074 0.06891357898712158
v -0.032616525888443014 0.05010774359107021 0.08656977117061615
v -0.03660997375845912 0.04866075515747074 0.06891357898712158
v -0.03875638172030452 0.045525450259447126 0.08656977117061615
v -0.03875638172030452 0.045525450259447126 0.08656977117061615
v -0.03660997375845912 0.04866075515747074 0.06891357898712158
v -0.03939921036362651 0.04640465602278712 0.06914863735437393
v -0.03875638172030452 0.045525450259447126 0.08656977117061615
v -0.03939921036362651 0.04640465602278712 0.06914863735437393
v -0.0394604988396168 0.046352550387382535 0.06914863735437393
v -0.02959139831364157 0.05343503877520565 0.06664165109395981
v -0.030183708295226118 0.05308850854635242 0.06693640351295471
v -0.025941109284758585 0.05386726930737499 0.08656977117061615
v -0.025941109284758585 0.05386726930737499 0.08656977117061615
v -0.030183708295226118 0.05308850854635242 0.06693640351295471
v -0.030446704477071783 0.05291729792952541 0.06703463941812515
v -0.025941109284758585 0.05386726930737499 0.08656977117061615
v -0.030446704477071783 0.05291729792952541 0.06703463941812515
v -0.032616525888443014 0.05010774359107021 0.08656977117061615
v -0.032616525888443014 0.05010774359107021 0.08656977117061615
v -0.030446704477071783 0.05291729792952541 0.06703463941812515
v -0.03325522318482401 0.05108895897865299 0.06808371841907501
v -0.03347909450531008 0.05094322189688686 0.06816734373569489
v -0.026508981361985224 0.055046468973159825 0.06664149463176727
v -0.02723708003759386 0.05481243506073955 0.06547006964683533
v -0.027393862605094927 0.05472071096301082 0.06554809212684631
v -0.020085472613573088 0.058449439704418224 0.059663236141204834
v -0.02022829465568067 0.0583794973790646 0.059823185205459595
v -0.019252156838774695 0.057984430342912716 0.06664149463176727
v -0.021538147702813162 0.057738035917282146 0.061290089040994644
v -0.021837633103132262 0.0575913712382317 0.06162548065185547
v -0.021837633103132262 0.0575913712382317 0.06162548065185547
v -0.023863000795245188 0.05659220367670063 0.06332015246152878
v -0.019252156838774695 0.057984430342912716 0.06664149463176727
v -0.019252156838774695 0.057984430342912716 0.06664149463176727
v -0.023863000795245188 0.05659220367670063 0.06332015246152878
v -0.024401694536209124 0.056308053433895146 0.06366340070962906
v -0.019252156838774695 0.057984430342912716 0.06664149463176727
v -0.024401694536209124 0.056308053433895146 0.06366340070962906
v -0.026508981361985224 0.055046468973159825 0.06664149463176727
v -0.026508981361985224 0.055046468973159825 0.06664149463176727
v -0.024401694536209124 0.056308053433895146 0.06366340070962906
v -0.026565773412585276 0.05516653880476955 0.06504232436418533
v -0.02723708003759386 0.05481243506073955 0.06547006964683533
v -0.018682271242141738 0.059363849461078685 0.05595599487423897
v -0.018671764060854926 0.05935333296656613 0.05606331676244736
v -0.01167921349406243 0.0599702894687653 0.06664149463176727
v -0.02567010000348093 0.05994542315602307 0.03582195192575455
v -0.02157392911612989 0.059701770544052166 0.04683354124426842
v -0.019993923604488387 0.060218509286642116 0.04680950939655304
v -0.01981447078287603 0.05959711223840718 0.051563430577516556
v -0.019993923604488387 0.060218509286642116 0.04680950939655304
v -0.01981447078287603 0.05959711223840718 0.051563430577516556
v -0.012129200622439393 0.06228088214993481 0.04680950939655304
v -0.012129200622439393 0.06228088214993481 0.04680950939655304
v -0.01981447078287603 0.05959711223840718 0.051563430577516556
v -0.019003614783287062 0.05954888090491299 0.05374322831630707
v -0.012129200622439393 0.06228088214993481 0.04680950939655304
v -0.019003614783287062 0.05954888090491299 0.05374322831630707
v -0.01884970255196096 0.0595314130187035 0.05424579605460167
v -0.018671764060854926 0.05935333296656613 0.05606331676244736
v -0.019064618274569525 0.05900830402970318 0.057836972177028656
v -0.01167921349406243 0.0599702894687653 0.06664149463176727
v -0.01167921349406243 0.0599702894687653 0.06664149463176727
v -0.019064618274569525 0.05900830402970318 0.057836972177028656
v -0.019190128892660155 0.05893959477543835 0.05806150659918785
v -0.01167921349406243 0.0599702894687653 0.06664149463176727
v -0.019190128892660155 0.05893959477543835 0.05806150659918785
v -0.019252156838774695 0.057984430342912716 0.06664149463176727
v -0.019252156838774695 0.057984430342912716 0.06664149463176727
v -0.019190128892660155 0.05893959477543835 0.05806150659918785
v -0.019510248675942435 0.058764345943927807 0.058634188026189804
v -0.020085472613573088 0.058449439704418224 0.059663236141204834
v -0.027235005050897616 0.060050372034311336 0.03192927688360214
v -0.021062986925244345 0.06343836337327961 0.027128586545586586
v -0.029053909704089186 0.06017235666513447 0.02740478329360485
v -0.029053909704089186 0.06017235666513447 0.02740478329360485
v -0.021062986925244345 0.06343836337327961 0.027128586545586586
v -0.029002377763390562 0.060224059969186824 0.027128586545586586
v -0.029053909704089186 0.06017235666513447 0.02740478329360485
v -0.029002377763390562 0.060224059969186824 0.027128586545586586
v -0.02915325015783312 0.06017902120947842 0.027157675474882126
v -0.03305746242403986 0.06170939654111866 0.012741888873279095
v -0.033700142055749914 0.060975592583417934 0.014158274978399277
v -0.029002377763390562 0.060224059969186824 0.027128586545586586
v -0.030446000397205374 0.06322177499532704 0.012058498337864876
v -0.032857589423656484 0.06200266256928448 0.012058498337864876
v -0.03292071446776392 0.06190557032823567 0.012290704995393753
v -0.03237455710768702 0.060395054519176525 0.019144738093018532
v -0.03237455710768702 0.060395054519176525 0.019144738093018532
v -0.029002377763390562 0.060224059969186824 0.027128586545586586
v -0.033700142055749914 0.060975592583417934 0.014158274978399277
v -0.03237455710768702 0.060395054519176525 0.019144738093018532
v -0.033700142055749914 0.060975592583417934 0.014158274978399277
v -0.03423626348376276 0.0605249404907227 0.014717313461005688
v -0.03292071446776392 0.06190557032823567 0.012290704995393753
v -0.03305746242403986 0.06170939654111866 0.012741888873279095
v -0.030446000397205374 0.06322177499532704 0.012058498337864876
v -0.030446000397205374 0.06322177499532704 0.012058498337864876
v -0.03305746242403986 0.06170939654111866 0.012741888873279095
v -0.029002377763390562 0.060224059969186824 0.027128586545586586
v -0.030446000397205374 0.06322177499532704 0.012058498337864876
v -0.029002377763390562 0.060224059969186824 0.027128586545586586
v -0.02521702833473684 0.06533874571323399 0.012058498337864876
v -0.021062986925244345 0.06343836337327961 0.027128586545586586
v -0.022111417725682272 0.06659606844186787 0.012058498337864876
v -0.022111417725682272 0.06659606844186787 0.012058498337864876
v -0.021062986925244345 0.06343836337327961 0.027128586545586586
v -0.016986649483442317 0.06793994456529621 0.012058498337864876
v -0.01277774292975665 0.06561101227998738 0.027128586545586586
v -0.0134137673303485 0.06887686252593998 0.012058498337864876
v -0.0134137673303485 0.06887686252593998 0.012058498337864876
v -0.01277774292975665 0.06561101227998738 0.027128586545586586
v -0.008499635383486753 0.06951046735048298 0.012058498337864876
v -0.0042826882563531425 0.06670632213354115 0.027128586545586586
v -0.0044958633370697524 0.07002669572830204 0.012058498337864876
v -0.0044958633370697524 0.07002669572830204 0.012058498337864876
v -0.0042826882563531425 0.06670632213354115 0.027128586545586586
v 0.00011570748029043906 0.07002669572830204 0.012058498337864876
v 0.0042826882563531425 0.06670632213354115 0.027128586545586586
v 0.0044958633370697524 0.07002669572830204 0.012058498337864876
v 0.022111417725682272 0.06659606844186787 0.012058498337864876
v 0.01936944760382177 0.06744461506605152 0.012058498337864876
v 0.021062986925244345 0.06343836337327961 0.027128586545586586
v 0.021062986925244345 0.06343836337327961 0.027128586545586586
v 0.01936944760382177 0.06744461506605152 0.012058498337864876
v 0.018953140825033202 0.06746548414230351 0.012446203269064426
v 0.01850162819027902 0.06752790510654454 0.012697809375822544
v 0.01850162819027902 0.06752790510654454 0.012697809375822544
v 0.018135091289877902 0.0676100850105286 0.012766879051923752
v 0.021062986925244345 0.06343836337327961 0.027128586545586586
v 0.021062986925244345 0.06343836337327961 0.027128586545586586
v 0.018135091289877902 0.0676100850105286 0.012766879051923752
v 0.018117524683475505 0.0676154419779778 0.012764090672135353
v 0.021062986925244345 0.06343836337327961 0.027128586545586586
v 0.018117524683475505 0.0676154419779778 0.012764090672135353
v 0.01277774292975665 0.06561101227998738 0.027128586545586586
v 0.01277774292975665 0.06561101227998738 0.027128586545586586
v 0.018117524683475505 0.0676154419779778 0.012764090672135353
v 0.017774295061826716 0.0677200555801392 0.012709612026810646
v 0.01277774292975665 0.06561101227998738 0.027128586545586586
v 0.017774295061826716 0.0677200555801392 0.012709612026810646
v 0.01736719347536565 0.06788142025470738 0.01248487550765276
v 0.0044958633370697524 0.07002669572830204 0.012058498337864876
v 0.0042826882563531425 0.06670632213354115 0.027128586545586586
v 0.008729147724807268 0.069480873644352 0.012058498337864876
v 0.01277774292975665 0.06561101227998738 0.027128586545586586
v 0.0134137673303485 0.06887686252593998 0.012058498337864876
v 0.0134137673303485 0.06887686252593998 0.012058498337864876
v 0.01277774292975665 0.06561101227998738 0.027128586545586586
v 0.01736719347536565 0.06788142025470738 0.01248487550765276
v 0.0134137673303485 0.06887686252593998 0.012058498337864876
v 0.01736719347536565 0.06788142025470738 0.01248487550765276
v 0.016947872936725627 0.06809347122907643 0.012058498337864876
v 0.03605283424258234 0.05964570865035061 0.0140460804104805
v 0.03531314432621004 0.05990535765886311 0.014709198847413063
v 0.03646555170416835 0.056020878255367314 0.027128586545586586
v 0.03828065842390063 0.058809373527765316 0.012058498337864876
v 0.03726708516478541 0.05945684015750889 0.012058498337864876
v 0.03646555170416835 0.056020878255367314 0.027128586545586586
v 0.03646555170416835 0.056020878255367314 0.027128586545586586
v 0.03726708516478541 0.05945684015750889 0.012058498337864876
v 0.0366340018808842 0.059520509093999904 0.013222462497651577
v 0.03646555170416835 0.056020878255367314 0.027128586545586586
v 0.0366340018808842 0.059520509093999904 0.013222462497651577
v 0.03605283424258234 0.05964570865035061 0.0140460804104805
v 0.03456861153244974 0.060298200696706813 0.01485672127455473
v 0.029002377763390562 0.060224059969186824 0.027128586545586586
v 0.034752149134874365 0.06019249558448796 0.01485569030046463
v 0.034752149134874365 0.06019249558448796 0.01485569030046463
v 0.029002377763390562 0.060224059969186824 0.027128586545586586
v 0.03646555170416835 0.056020878255367314 0.027128586545586586
v 0.034752149134874365 0.06019249558448796 0.01485569030046463
v 0.03646555170416835 0.056020878255367314 0.027128586545586586
v 0.03494574874639513 0.06008099392056469 0.014854604378342628
v 0.03494574874639513 0.06008099392056469 0.014854604378342628
v 0.03646555170416835 0.056020878255367314 0.027128586545586586
v 0.03531314432621004 0.05990535765886311 0.014709198847413063
v 0.03456861153244974 0.060298200696706813 0.01485672127455473
v 0.03425709903240206 0.06050965189933781 0.014730739407241344
v 0.029002377763390562 0.060224059969186824 0.027128586545586586
v 0.029002377763390562 0.060224059969186824 0.027128586545586586
v 0.03425709903240206 0.06050965189933781 0.014730739407241344
v 0.03383232653141024 0.060853347182273906 0.014339825138449669
v 0.029002377763390562 0.060224059969186824 0.027128586545586586
v 0.03383232653141024 0.060853347182273906 0.014339825138449669
v 0.03320399671792986 0.06151761114597325 0.013157176785171032
v 0.022111417725682272 0.06659606844186787 0.012058498337864876
v 0.021062986925244345 0.06343836337327961 0.027128586545586586
v 0.02620081230998041 0.06494046002626423 0.012058498337864876
v 0.029002377763390562 0.060224059969186824 0.027128586545586586
v 0.030446000397205374 0.06322177499532704 0.012058498337864876
v 0.030446000397205374 0.06322177499532704 0.012058498337864876
v 0.029002377763390562 0.060224059969186824 0.027128586545586586
v 0.03320399671792986 0.06151761114597325 0.013157176785171032
v 0.030446000397205374 0.06322177499532704 0.012058498337864876
v 0.03320399671792986 0.06151761114597325 0.013157176785171032
v 0.0331421382725239 0.061596453189849895 0.012989752925932407
v 0.03828065842390063 0.058809373527765316 0.012058498337864876
v 0.03646555170416835 0.056020878255367314 0.027128586545586586
v 0.04391830042004588 0.05460189282894138 0.012058498337864876
v 0.04332996159791949 0.0508978366851807 0.027128586545586586
v 0.0454867519438267 0.05343132838606838 0.012058498337864876
v 0.0454867519438267 0.05343132838606838 0.012058498337864876
v 0.04332996159791949 0.0508978366851807 0.027128586545586586
v 0.05029126256704334 0.04877841845154766 0.012058498337864876
v 0.049482893198728596 0.044939052313566236 0.027128586545586586
v 0.051945954561233555 0.047175940126180683 0.012058498337864876
v 0.051945954561233555 0.047175940126180683 0.012058498337864876
v 0.049482893198728596 0.044939052313566236 0.027128586545586586
v 0.05590003356337551 0.04221767932176593 0.012058498337864876
v 0.05482331663370136 0.03824237361550334 0.027128586545586586
v 0.05755220353603367 0.040145926177501706 0.012058498337864876
v 0.05755220353603367 0.040145926177501706 0.012058498337864876
v 0.05482331663370136 0.03824237361550334 0.027128586545586586
v 0.060660172253847164 0.03501900285482409 0.012058498337864876
v 0.0592635460197926 0.030917752534151098 0.027128586545586586
v 0.06221344694495205 0.032456714659929296 0.012058498337864876
v 0.06221344694495205 0.032456714659929296 0.012058498337864876
v 0.0592635460197926 0.030917752534151098 0.027128586545586586
v 0.06450002640485768 0.02729128487408163 0.012058498337864876
v 0.0627306699752808 0.02308546565473081 0.027128586545586586
v 0.0658531486988068 0.024234566837549227 0.012058498337864876
v 0.0658531486988068 0.024234566837549227 0.012058498337864876
v 0.0627306699752808 0.02308546565473081 0.027128586545586586
v 0.06736182421445851 0.01915134117007257 0.012058498337864876
v 0.06516775488853459 0.014874114654958259 0.027128586545586586
v 0.0684115439653397 0.015614488162100326 0.012058498337864876
v 0.06968111544847493 -0.0013998145004734406 0.0140460804104805
v 0.06953613460063938 -0.0006294010090641682 0.014709198847413063
v 0.06680931895971302 -0.002142444718629123 0.027128586545586586
v 0.06927140802145008 -0.01119926385581494 0.012058498337864876
v 0.06931646913290028 -0.010742288082838065 0.012058498337864876
v 0.0659868493676186 -0.010668241418898113 0.027128586545586586
v 0.0659868493676186 -0.010668241418898113 0.027128586545586586
v 0.06931646913290028 -0.010742288082838065 0.012058498337864876
v 0.06998909264802937 -0.0022449314128607525 0.012662232853472233
v 0.0659868493676186 -0.010668241418898113 0.027128586545586586
v 0.06998909264802937 -0.0022449314128607525 0.012662232853472233
v 0.06680931895971302 -0.002142444718629123 0.027128586545586586
v 0.06680931895971302 -0.002142444718629123 0.027128586545586586
v 0.06998909264802937 -0.0022449314128607525 0.012662232853472233
v 0.06986327469348912 -0.0019657220691442503 0.013222462497651577
v 0.06680931895971302 -0.002142444718629123 0.027128586545586586
v 0.06986327469348912 -0.0019657220691442503 0.013222462497651577
v 0.06968111544847493 -0.0013998145004734406 0.0140460804104805
v 0.06950408220291142 0.00021180600742809488 0.01485672127455473
v 0.06653478741645817 0.006418530829250817 0.027128586545586586
v 0.06950430572032933 4.5427790418273195e-09 0.01485569030046463
v 0.06950430572032933 4.5427790418273195e-09 0.01485569030046463
v 0.06653478741645817 0.006418530829250817 0.027128586545586586
v 0.06680931895971302 -0.002142444718629123 0.027128586545586586
v 0.06950430572032933 4.5427790418273195e-09 0.01485569030046463
v 0.06680931895971302 -0.002142444718629123 0.027128586545586586
v 0.06950453668832783 -0.00022340877330862 0.014854604378342628
v 0.06950453668832783 -0.00022340877330862 0.014854604378342628
v 0.06680931895971302 -0.002142444718629123 0.027128586545586586
v 0.06953613460063938 -0.0006294010090641682 0.014709198847413063
v 0.06950408220291142 0.00021180600742809488 0.01485672127455473
v 0.06953144818544392 0.0005873074405826633 0.014730739407241344
v 0.06653478741645817 0.006418530829250817 0.027128586545586586
v 0.06653478741645817 0.006418530829250817 0.027128586545586586
v 0.06953144818544392 0.0005873074405826633 0.014730739407241344
v 0.06961670517921452 0.0011270181275904185 0.014339825138449669
v 0.06653478741645817 0.006418530829250817 0.027128586545586586
v 0.06961670517921452 0.0011270181275904185 0.014339825138449669
v 0.06987781077623371 0.002003300236538054 0.013157176785171032
v 0.0684115439653397 0.015614488162100326 0.012058498337864876
v 0.06516775488853459 0.014874114654958259 0.027128586545586586
v 0.06920249760150914 0.010722167789936073 0.012058498337864876
v 0.06653478741645817 0.006418530829250817 0.027128586545586586
v 0.06984662264585499 0.006738019641488795 0.012058498337864876
v 0.06984662264585499 0.006738019641488795 0.012058498337864876
v 0.06653478741645817 0.006418530829250817 0.027128586545586586
v 0.06987781077623371 0.002003300236538054 0.013157176785171032
v 0.06984662264585499 0.006738019641488795 0.012058498337864876
v 0.06987781077623371 0.002003300236538054 0.013157176785171032
v 0.0699151605367661 0.0020962927956134094 0.012989752925932407
v -0.027393862605094927 0.05472071096301082 0.06554809212684631
v -0.02959139831364157 0.05343503877520565 0.06664165109395981
v -0.026508981361985224 0.055046468973159825 0.06664149463176727
v -0.026508981361985224 0.055046468973159825 0.06664149463176727
v -0.02959139831364157 0.05343503877520565 0.06664165109395981
v -0.025941109284758585 0.05386726930737499 0.08656977117061615
v -0.026508981361985224 0.055046468973159825 0.06664149463176727
v -0.025941109284758585 0.05386726930737499 0.08656977117061615
v -0.019252156838774695 0.057984430342912716 0.06664149463176727
v -0.018839739263057723 0.05674229562282566 0.08656977117061615
v -0.019252156838774695 0.057984430342912716 0.06664149463176727
v -0.018839739263057723 0.05674229562282566 0.08656977117061615
v -0.01167921349406243 0.0599702894687653 0.06664149463176727
v -0.011429022066295154 0.05868561565876011 0.08656977117061615
v -0.01167921349406243 0.0599702894687653 0.06664149463176727
v -0.011429022066295154 0.05868561565876011 0.08656977117061615
v -0.003914496395736935 0.06097143888473515 0.06664149463176727
v -0.003830640576779845 0.059665318578481716 0.08656977117061615
v -0.003914496395736935 0.06097143888473515 0.06664149463176727
v -0.003830640576779845 0.059665318578481716 0.08656977117061615
v 0.003914496395736935 0.06097143888473515 0.06664149463176727
v 0.003830640576779845 0.059665318578481716 0.08656977117061615
v 0.003914496395736935 0.06097143888473515 0.06664149463176727
v 0.003830640576779845 0.059665318578481716 0.08656977117061615
v 0.01167921349406243 0.0599702894687653 0.06664149463176727
v 0.011429022066295154 0.05868561565876011 0.08656977117061615
v 0.01167921349406243 0.0599702894687653 0.06664149463176727
v 0.011429022066295154 0.05868561565876011 0.08656977117061615
v 0.019252156838774695 0.057984430342912716 0.06664149463176727
v 0.018839739263057723 0.05674229562282566 0.08656977117061615
v 0.019252156838774695 0.057984430342912716 0.06664149463176727
v 0.018839739263057723 0.05674229562282566 0.08656977117061615
v 0.026508981361985224 0.055046468973159825 0.06664149463176727
v 0.025941109284758585 0.05386726930737499 0.08656977117061615
v 0.026508981361985224 0.055046468973159825 0.06664149463176727
v 0.025941109284758585 0.05386726930737499 0.08656977117061615
v 0.03333052992820742 0.051204644143581425 0.06664149463176727
v 0.032616525888443014 0.05010774359107021 0.08656977117061615
v 0.03333052992820742 0.051204644143581425 0.06664149463176727
v 0.032616525888443014 0.05010774359107021 0.08656977117061615
v 0.03960479050874713 0.04652203992009166 0.06664149463176727
v 0.03875638172030452 0.045525450259447126 0.08656977117061615
v 0.03960479050874713 0.04652203992009166 0.06664149463176727
v 0.03875638172030452 0.045525450259447126 0.08656977117061615
v 0.04522874206304553 0.04107554629445079 0.06664149463176727
v 0.04425985738635066 0.040195632725954084 0.08656977117061615
v 0.04522874206304553 0.04107554629445079 0.06664149463176727
v 0.04425985738635066 0.040195632725954084 0.08656977117061615
v 0.05011003836989406 0.03495459631085398 0.06664149463176727
v 0.049036588519811665 0.03420580178499224 0.08656977117061615
v 0.05011003836989406 0.03495459631085398 0.06664149463176727
v 0.049036588519811665 0.03420580178499224 0.08656977117061615
v 0.054168529808521305 0.028259688988327997 0.06664149463176727
v 0.053008139133453404 0.027654312551021593 0.08656977117061615
v 0.054168529808521305 0.028259688988327997 0.06664149463176727
v 0.053008139133453404 0.027654312551021593 0.08656977117061615
v 0.057337578386068386 0.02110075764358045 0.06664149463176727
v 0.05610929802060131 0.020648740231990828 0.08656977117061615
v 0.057337578386068386 0.02110075764358045 0.06664149463176727
v 0.05610929802060131 0.020648740231990828 0.08656977117061615
v 0.059565141797065776 0.013595354743301877 0.06664149463176727
v 0.058289144188165706 0.013304117135703572 0.08656977117061615
v 0.059565141797065776 0.013595354743301877 0.06664149463176727
v 0.058289144188165706 0.013304117135703572 0.08656977117061615
v 0.060814648866653484 0.005866716150194411 0.06664149463176727
v 0.059511885046958965 0.005741039756685499 0.08656977117061615
v 0.060814648866653484 0.005866716150194411 0.06664149463176727
v 0.059511885046958965 0.005741039756685499 0.08656977117061615
v 0.06106558069586758 -0.001958254259079696 0.06664149463176727
v 0.05975744128227238 -0.0019163048127666129 0.08656977117061615
v 0.06106558069586758 -0.001958254259079696 0.06664149463176727
v 0.05975744128227238 -0.0019163048127666129 0.08656977117061615
v 0.060313817113637966 -0.009751070290803916 0.06664149463176727
v 0.05902178213000302 -0.00954218395054341 0.08656977117061615
v 0.060313817113637966 -0.009751070290803916 0.06664149463176727
v 0.05902178213000302 -0.00954218395054341 0.08656977117061615
v 0.058571700006723446 -0.017383772879838954 0.06664149463176727
v 0.05731698498129849 -0.017011379823088656 0.08656977117061615
v 0.058571700006723446 -0.017383772879838954 0.06664149463176727
v 0.05731698498129849 -0.017011379823088656 0.08656977117061615
v 0.0558678396046162 -0.024731036275625246 0.06664149463176727
v 0.05467104539275173 -0.024201251566410082 0.08656977117061615
v 0.0558678396046162 -0.024731036275625246 0.06664149463176727
v 0.05467104539275173 -0.024201251566410082 0.08656977117061615
v 0.05224663019180301 -0.0316722169518471 0.06664149463176727
v 0.05112741142511371 -0.030993737280368826 0.08656977117061615
v 0.05224663019180301 -0.0316722169518471 0.06664149463176727
v 0.05112741142511371 -0.030993737280368826 0.08656977117061615
v 0.04776753485202793 -0.03809333965182307 0.06664149463176727
v 0.046744264662265805 -0.03727730736136439 0.08656977117061615
v 0.04776753485202793 -0.03809333965182307 0.06664149463176727
v 0.046744264662265805 -0.03727730736136439 0.08656977117061615
v 0.04250409454107287 -0.04388896748423579 0.06664149463176727
v 0.041593577712774304 -0.04294878616929057 0.08656977117061615
v 0.04250409454107287 -0.04388896748423579 0.06664149463176727
v 0.041593577712774304 -0.04294878616929057 0.08656977117061615
v 0.03654273971915248 -0.04896394535899166 0.06664149463176727
v 0.03575992584228518 -0.047915045171976124 0.08656977117061615
v 0.03654273971915248 -0.04896394535899166 0.06664149463176727
v 0.03575992584228518 -0.047915045171976124 0.08656977117061615
v 0.029981356114149114 -0.053234934806823765 0.06664149463176727
v 0.029339099302887937 -0.05209454149007801 0.08656977117061615
v 0.029981356114149114 -0.053234934806823765 0.06664149463176727
v 0.029339099302887937 -0.05209454149007801 0.08656977117061615
v 0.022927677258849158 -0.056631807237863575 0.06664149463176727
v 0.022436523810029044 -0.05541864782571796 0.08656977117061615
v 0.022927677258849158 -0.056631807237863575 0.06664149463176727
v 0.022436523810029044 -0.05541864782571796 0.08656977117061615
v 0.015497526153922091 -0.059098783880472225 0.06664149463176727
v 0.015165540389716636 -0.05783277750015263 0.08656977117061615
v 0.015497526153922091 -0.059098783880472225 0.06664149463176727
v 0.015165540389716636 -0.05783277750015263 0.08656977117061615
v 0.007812906987965112 -0.06059536337852482 0.06664149463176727
v 0.007645539939403539 -0.05929729714989666 0.08656977117061615
v 0.007812906987965112 -0.06059536337852482 0.06664149463176727
v 0.007645539939403539 -0.05929729714989666 0.08656977117061615
v 0.0 -0.06109696999192242 0.06664149463176727
v 0.0 -0.0597881600260735 0.08656977117061615
v 0.0 -0.06109696999192242 0.06664149463176727
v 0.0 -0.0597881600260735 0.08656977117061615
v -0.007812906987965112 -0.06059536337852482 0.06664149463176727
v -0.007645539939403539 -0.05929729714989666 0.08656977117061615
v -0.007812906987965112 -0.06059536337852482 0.06664149463176727
v -0.007645539939403539 -0.05929729714989666 0.08656977117061615
v -0.015497526153922091 -0.059098783880472225 0.06664149463176727
v -0.015165540389716636 -0.05783277750015263 0.08656977117061615
v -0.015497526153922091 -0.059098783880472225 0.06664149463176727
v -0.015165540389716636 -0.05783277750015263 0.08656977117061615
v -0.022927677258849158 -0.056631807237863575 0.06664149463176727
v -0.022436523810029044 -0.05541864782571796 0.08656977117061615
v -0.022927677258849158 -0.056631807237863575 0.06664149463176727
v -0.022436523810029044 -0.05541864782571796 0.08656977117061615
v -0.029609108343720457 -0.05341900140047077 0.06664164364337921
v -0.029609108343720457 -0.05341900140047077 0.06664164364337921
v -0.022436523810029044 -0.05541864782571796 0.08656977117061615
v -0.029339099302887937 -0.05209454149007801 0.08656977117061615
v -0.029609108343720457 -0.05341900140047077 0.06664164364337921
v -0.029960472136735937 -0.053200393915176426 0.06679116189479828
v -0.01884970255196096 0.0595314130187035 0.05424579605460167
v -0.018682271242141738 0.059363849461078685 0.05595599487423897
v -0.012129200622439393 0.06228088214993481 0.04680950939655304
v -0.012129200622439393 0.06228088214993481 0.04680950939655304
v -0.018682271242141738 0.059363849461078685 0.05595599487423897
v -0.01167921349406243 0.0599702894687653 0.06664149463176727
v -0.012129200622439393 0.06228088214993481 0.04680950939655304
v -0.01167921349406243 0.0599702894687653 0.06664149463176727
v -0.00406531756743789 0.06332060694694523 0.04680950939655304
v -0.003914496395736935 0.06097143888473515 0.06664149463176727
v -0.00406531756743789 0.06332060694694523 0.04680950939655304
v -0.003914496395736935 0.06097143888473515 0.06664149463176727
v 0.00406531756743789 0.06332060694694523 0.04680950939655304
v 0.003914496395736935 0.06097143888473515 0.06664149463176727
v 0.00406531756743789 0.06332060694694523 0.04680950939655304
v 0.003914496395736935 0.06097143888473515 0.06664149463176727
v 0.012129200622439393 0.06228088214993481 0.04680950939655304
v 0.01167921349406243 0.0599702894687653 0.06664149463176727
v 0.012129200622439393 0.06228088214993481 0.04680950939655304
v 0.01167921349406243 0.0599702894687653 0.06664149463176727
v 0.019993923604488387 0.060218509286642116 0.04680950939655304
v 0.019252156838774695 0.057984430342912716 0.06664149463176727
v 0.019993923604488387 0.060218509286642116 0.04680950939655304
v 0.019252156838774695 0.057984430342912716 0.06664149463176727
v 0.027530344203114527 0.05716735124588016 0.04680950939655304
v 0.026508981361985224 0.055046468973159825 0.06664149463176727
v 0.027530344203114527 0.05716735124588016 0.04680950939655304
v 0.026508981361985224 0.055046468973159825 0.06664149463176727
v 0.034614719450473806 0.053177505731582676 0.04680950939655304
v 0.03333052992820742 0.051204644143581425 0.06664149463176727
v 0.034614719450473806 0.053177505731582676 0.04680950939655304
v 0.03333052992820742 0.051204644143581425 0.06664149463176727
v 0.04113072156906131 0.048314485698938404 0.04680950939655304
v 0.03960479050874713 0.04652203992009166 0.06664149463176727
v 0.04113072156906131 0.048314485698938404 0.04680950939655304
v 0.03960479050874713 0.04652203992009166 0.06664149463176727
v 0.04697135835886005 0.04265814647078517 0.04680950939655304
v 0.04522874206304553 0.04107554629445079 0.06664149463176727
v 0.04697135835886005 0.04265814647078517 0.04680950939655304
v 0.04522874206304553 0.04107554629445079 0.06664149463176727
v 0.052040725946426426 0.03630135953426363 0.04680950939655304
v 0.05011003836989406 0.03495459631085398 0.06664149463176727
v 0.052040725946426426 0.03630135953426363 0.04680950939655304
v 0.05011003836989406 0.03495459631085398 0.06664149463176727
v 0.05625558644533161 0.029348503798246404 0.04680950939655304
v 0.054168529808521305 0.028259688988327997 0.06664149463176727
v 0.05625558644533161 0.029348503798246404 0.04680950939655304
v 0.054168529808521305 0.028259688988327997 0.06664149463176727
v 0.059546735137701076 0.021913748234510436 0.04680950939655304
v 0.057337578386068386 0.02110075764358045 0.06664149463176727
v 0.059546735137701076 0.021913748234510436 0.04680950939655304
v 0.057337578386068386 0.02110075764358045 0.06664149463176727
v 0.06186012551188473 0.014119169674813756 0.04680950939655304
v 0.059565141797065776 0.013595354743301877 0.06664149463176727
v 0.06186012551188473 0.014119169674813756 0.04680950939655304
v 0.059565141797065776 0.013595354743301877 0.06664149463176727
v 0.06315777450799946 0.0060927541926503225 0.04680950939655304
v 0.060814648866653484 0.005866716150194411 0.06664149463176727
v 0.06315777450799946 0.0060927541926503225 0.04680950939655304
v 0.060814648866653484 0.005866716150194411 0.06664149463176727
v 0.06341837346553807 -0.0020337037276476635 0.04680950939655304
v 0.06106558069586758 -0.001958254259079696 0.06664149463176727
v 0.06341837346553807 -0.0020337037276476635 0.04680950939655304
v 0.06106558069586758 -0.001958254259079696 0.06664149463176727
v 0.06263764202594761 -0.010126768611371524 0.04680950939655304
v 0.060313817113637966 -0.009751070290803916 0.06664149463176727
v 0.06263764202594761 -0.010126768611371524 0.04680950939655304
v 0.060313817113637966 -0.009751070290803916 0.06664149463176727
v 0.060828406363725704 -0.018053552135825168 0.04680950939655304
v 0.058571700006723446 -0.017383772879838954 0.06664149463176727
v 0.060828406363725704 -0.018053552135825168 0.04680950939655304
v 0.058571700006723446 -0.017383772879838954 0.06664149463176727
v 0.05802036821842198 -0.025683896616101282 0.04680950939655304
v 0.0558678396046162 -0.024731036275625246 0.06664149463176727
v 0.05802036821842198 -0.025683896616101282 0.04680950939655304
v 0.0558678396046162 -0.024731036275625246 0.06664149463176727
v 0.05425963923335079 -0.032892514020204565 0.04680950939655304
v 0.05224663019180301 -0.0316722169518471 0.06664149463176727
v 0.05425963923335079 -0.032892514020204565 0.04680950939655304
v 0.05224663019180301 -0.0316722169518471 0.06664149463176727
v 0.049607966095209156 -0.039561033248901395 0.04680950939655304
v 0.04776753485202793 -0.03809333965182307 0.06664149463176727
v 0.049607966095209156 -0.039561033248901395 0.04680950939655304
v 0.04776753485202793 -0.03809333965182307 0.06664149463176727
v 0.04414173588156703 -0.04557996615767482 0.04680950939655304
v 0.04250409454107287 -0.04388896748423579 0.06664149463176727
v 0.04414173588156703 -0.04557996615767482 0.04680950939655304
v 0.04250409454107287 -0.04388896748423579 0.06664149463176727
v 0.037950694561004666 -0.050850473344326054 0.04680950939655304
v 0.03654273971915248 -0.04896394535899166 0.06664149463176727
v 0.037950694561004666 -0.050850473344326054 0.04680950939655304
v 0.03654273971915248 -0.04896394535899166 0.06664149463176727
v 0.03113650530576708 -0.05528602004051212 0.04680950939655304
v 0.029981356114149114 -0.053234934806823765 0.06664149463176727
v 0.03113650530576708 -0.05528602004051212 0.04680950939655304
v 0.029981356114149114 -0.053234934806823765 0.06664149463176727
v 0.023811057209968584 -0.0588137693703175 0.04680950939655304
v 0.022927677258849158 -0.056631807237863575 0.06664149463176727
v 0.023811057209968584 -0.0588137693703175 0.04680950939655304
v 0.022927677258849158 -0.056631807237863575 0.06664149463176727
v 0.01609463058412076 -0.0613758005201817 0.04680950939655304
v 0.015497526153922091 -0.059098783880472225 0.06664149463176727
v 0.01609463058412076 -0.0613758005201817 0.04680950939655304
v 0.015497526153922091 -0.059098783880472225 0.06664149463176727
v 0.008113930001854902 -0.06293004006147389 0.04680950939655304
v 0.007812906987965112 -0.06059536337852482 0.06664149463176727
v 0.008113930001854902 -0.06293004006147389 0.04680950939655304
v 0.007812906987965112 -0.06059536337852482 0.06664149463176727
v 0.0 -0.06345096975564961 0.04680950939655304
v 0.0 -0.06109696999192242 0.06664149463176727
v 0.0 -0.06345096975564961 0.04680950939655304
v 0.0 -0.06109696999192242 0.06664149463176727
v -0.008113930001854902 -0.06293004006147389 0.04680950939655304
v -0.007812906987965112 -0.06059536337852482 0.06664149463176727
v -0.008113930001854902 -0.06293004006147389 0.04680950939655304
v -0.007812906987965112 -0.06059536337852482 0.06664149463176727
v -0.01609463058412076 -0.0613758005201817 0.04680950939655304
v -0.015497526153922091 -0.059098783880472225 0.06664149463176727
v -0.01609463058412076 -0.0613758005201817 0.04680950939655304
v -0.015497526153922091 -0.059098783880472225 0.06664149463176727
v -0.01866587065160276 -0.059422872960567516 0.055530715733766556
v -0.01866587065160276 -0.059422872960567516 0.055530715733766556
v -0.02567010000348093 0.05994542315602307 0.03582195192575455
v -0.021062986925244345 0.06343836337327961 0.027128586545586586
v -0.02567010000348093 0.05994542315602307 0.03582195192575455
v -0.019993923604488387 0.060218509286642116 0.04680950939655304
v -0.021062986925244345 0.06343836337327961 0.027128586545586586
v -0.019993923604488387 0.060218509286642116 0.04680950939655304
v -0.01277774292975665 0.06561101227998738 0.027128586545586586
v -0.012129200622439393 0.06228088214993481 0.04680950939655304
v -0.01277774292975665 0.06561101227998738 0.027128586545586586
v -0.012129200622439393 0.06228088214993481 0.04680950939655304
v -0.0042826882563531425 0.06670632213354115 0.027128586545586586
v -0.00406531756743789 0.06332060694694523 0.04680950939655304
v -0.0042826882563531425 0.06670632213354115 0.027128586545586586
v -0.00406531756743789 0.06332060694694523 0.04680950939655304
v 0.0042826882563531425 0.06670632213354115 0.027128586545586586
v 0.00406531756743789 0.06332060694694523 0.04680950939655304
v 0.0042826882563531425 0.06670632213354115 0.027128586545586586
v 0.00406531756743789 0.06332060694694523 0.04680950939655304
v 0.01277774292975665 0.06561101227998738 0.027128586545586586
v 0.012129200622439393 0.06228088214993481 0.04680950939655304
v 0.01277774292975665 0.06561101227998738 0.027128586545586586
v 0.012129200622439393 0.06228088214993481 0.04680950939655304
v 0.021062986925244345 0.06343836337327961 0.027128586545586586
v 0.019993923604488387 0.060218509286642116 0.04680950939655304
v 0.021062986925244345 0.06343836337327961 0.027128586545586586
v 0.019993923604488387 0.060218509286642116 0.04680950939655304
v 0.029002377763390562 0.060224059969186824 0.027128586545586586
v 0.027530344203114527 0.05716735124588016 0.04680950939655304
v 0.029002377763390562 0.060224059969186824 0.027128586545586586
v 0.027530344203114527 0.05716735124588016 0.04680950939655304
v 0.03646555170416835 0.056020878255367314 0.027128586545586586
v 0.034614719450473806 0.053177505731582676 0.04680950939655304
v 0.03646555170416835 0.056020878255367314 0.027128586545586586
v 0.034614719450473806 0.053177505731582676 0.04680950939655304
v 0.04332996159791949 0.0508978366851807 0.027128586545586586
v 0.04113072156906131 0.048314485698938404 0.04680950939655304
v 0.04332996159791949 0.0508978366851807 0.027128586545586586
v 0.04113072156906131 0.048314485698938404 0.04680950939655304
v 0.049482893198728596 0.044939052313566236 0.027128586545586586
v 0.04697135835886005 0.04265814647078517 0.04680950939655304
v 0.049482893198728596 0.044939052313566236 0.027128586545586586
v 0.04697135835886005 0.04265814647078517 0.04680950939655304
v 0.05482331663370136 0.03824237361550334 0.027128586545586586
v 0.052040725946426426 0.03630135953426363 0.04680950939655304
v 0.05482331663370136 0.03824237361550334 0.027128586545586586
v 0.052040725946426426 0.03630135953426363 0.04680950939655304
v 0.0592635460197926 0.030917752534151098 0.027128586545586586
v 0.05625558644533161 0.029348503798246404 0.04680950939655304
v 0.0592635460197926 0.030917752534151098 0.027128586545586586
v 0.05625558644533161 0.029348503798246404 0.04680950939655304
v 0.0627306699752808 0.02308546565473081 0.027128586545586586
v 0.059546735137701076 0.021913748234510436 0.04680950939655304
v 0.0627306699752808 0.02308546565473081 0.027128586545586586
v 0.059546735137701076 0.021913748234510436 0.04680950939655304
v 0.06516775488853459 0.014874114654958259 0.027128586545586586
v 0.06186012551188473 0.014119169674813756 0.04680950939655304
v 0.06516775488853459 0.014874114654958259 0.027128586545586586
v 0.06186012551188473 0.014119169674813756 0.04680950939655304
v 0.06653478741645817 0.006418530829250817 0.027128586545586586
v 0.06315777450799946 0.0060927541926503225 0.04680950939655304
v 0.06653478741645817 0.006418530829250817 0.027128586545586586
v 0.06315777450799946 0.0060927541926503225 0.04680950939655304
v 0.06680931895971302 -0.002142444718629123 0.027128586545586586
v 0.06341837346553807 -0.0020337037276476635 0.04680950939655304
v 0.06680931895971302 -0.002142444718629123 0.027128586545586586
v 0.06341837346553807 -0.0020337037276476635 0.04680950939655304
v 0.0659868493676186 -0.010668241418898113 0.027128586545586586
v 0.06263764202594761 -0.010126768611371524 0.04680950939655304
v 0.0659868493676186 -0.010668241418898113 0.027128586545586586
v 0.06263764202594761 -0.010126768611371524 0.04680950939655304
v 0.06408087164163594 -0.019018866121768965 0.027128586545586586
v 0.060828406363725704 -0.018053552135825168 0.04680950939655304
v 0.06408087164163594 -0.019018866121768965 0.027128586545586586
v 0.060828406363725704 -0.018053552135825168 0.04680950939655304
v 0.061122689396143 -0.027057200670242327 0.027128586545586586
v 0.05802036821842198 -0.025683896616101282 0.04680950939655304
v 0.061122689396143 -0.027057200670242327 0.027128586545586586
v 0.05802036821842198 -0.025683896616101282 0.04680950939655304
v 0.057160872966051136 -0.03465125709772112 0.027128586545586586
v 0.05425963923335079 -0.032892514020204565 0.04680950939655304
v 0.057160872966051136 -0.03465125709772112 0.027128586545586586
v 0.05425963923335079 -0.032892514020204565 0.04680950939655304
v 0.052260480821132695 -0.04167634248733523 0.027128586545586586
v 0.049607966095209156 -0.039561033248901395 0.04680950939655304
v 0.052260480821132695 -0.04167634248733523 0.027128586545586586
v 0.049607966095209156 -0.039561033248901395 0.04680950939655304
v 0.046501968055963544 -0.04801710322499279 0.027128586545586586
v 0.04414173588156703 -0.04557996615767482 0.04680950939655304
v 0.046501968055963544 -0.04801710322499279 0.027128586545586586
v 0.04414173588156703 -0.04557996615767482 0.04680950939655304
v 0.039979897439479856 -0.053569421172142064 0.027128586545586586
v 0.037950694561004666 -0.050850473344326054 0.04680950939655304
v 0.039979897439479856 -0.053569421172142064 0.027128586545586586
v 0.037950694561004666 -0.050850473344326054 0.04680950939655304
v 0.0328013598918915 -0.058242134749889415 0.027128586545586586
v 0.03113650530576708 -0.05528602004051212 0.04680950939655304
v 0.0328013598918915 -0.058242134749889415 0.027128586545586586
v 0.03113650530576708 -0.05528602004051212 0.04680950939655304
v 0.025084221735596674 -0.06195851042866711 0.027128586545586586
v 0.023811057209968584 -0.0588137693703175 0.04680950939655304
v 0.025084221735596674 -0.06195851042866711 0.027128586545586586
v 0.023811057209968584 -0.0588137693703175 0.04680950939655304
v 0.0169552005827427 -0.06465753167867665 0.027128586545586586
v 0.01609463058412076 -0.0613758005201817 0.04680950939655304
v 0.0169552005827427 -0.06465753167867665 0.027128586545586586
v 0.01609463058412076 -0.0613758005201817 0.04680950939655304
v 0.008547778241336351 -0.06629487872123722 0.027128586545586586
v 0.008113930001854902 -0.06293004006147389 0.04680950939655304
v 0.008547778241336351 -0.06629487872123722 0.027128586545586586
v 0.008113930001854902 -0.06293004006147389 0.04680950939655304
v 0.0 -0.06684366613626484 0.027128586545586586
v 0.0 -0.06345096975564961 0.04680950939655304
v 0.0 -0.06684366613626484 0.027128586545586586
v 0.0 -0.06345096975564961 0.04680950939655304
v -0.008547778241336351 -0.06629487872123722 0.027128586545586586
v -0.008113930001854902 -0.06293004006147389 0.04680950939655304
v -0.008547778241336351 -0.06629487872123722 0.027128586545586586
v -0.008113930001854902 -0.06293004006147389 0.04680950939655304
v -0.0169552005827427 -0.06465753167867665 0.027128586545586586
v -0.01609463058412076 -0.0613758005201817 0.04680950939655304
v -0.0169552005827427 -0.06465753167867665 0.027128586545586586
v -0.01609463058412076 -0.0613758005201817 0.04680950939655304
v -0.021555747836828246 -0.059697993099689525 0.04682672768831253
v -0.021555747836828246 -0.059697993099689525 0.04682672768831253
v -0.01609463058412076 -0.0613758005201817 0.04680950939655304
v -0.02005608938634397 -0.05960676446557049 0.05081108957529068
v -0.08034393191337591 0.010288443416357047 0.0
v -0.07843412458896643 0.019150000065565123 0.0
v -0.06547595560550694 0.019150000065565123 0.0
v -0.0391499996185303 0.06209402158856396 0.0
v -0.03750000149011615 0.0616519041359425 0.0
v -0.050650000572204625 0.05082595348358158 0.0
v 2.975567848444745e-17 0.07249999791383747 -1.2491397118818936e-18
v 0.018349999561905875 0.07037594914436344 0.0
v -0.018349999561905875 0.07037594914436344 0.0
v 0.018349999561905875 -0.07037594914436344 0.0
v 0.0012499999720603236 -0.07283493876457219 0.0
v -1.416384774994577e-18 -0.07249999791383747 0.0
v -0.018349999561905875 -0.07037594914436344 0.0
v -0.0012499999720603236 -0.07283493876457219 0.0
v -0.0021650635171681656 -0.07374999672174459 0.0
v -0.013689066283404836 -0.07983488589525228 0.0
v -0.018349999561905875 -0.07862127572298055 0.0
v -0.0024999999441206473 -0.0750000029802323 0.0
v 0.013689066283404836 -0.07983488589525228 0.0
v 0.0021650635171681656 -0.0762500017881394 0.0
v 0.018349999561905875 -0.07862127572298055 0.0
v 0.0024999999441206473 -0.0750000029802323 0.0
v 0.0021650635171681656 -0.07374999672174459 0.0
v -0.0021650635171681656 -0.0762500017881394 0.0
v -0.0012499999720603236 -0.07716506719589239 0.0
v 0.0 -0.08100000023841863 4.14644175735937e-18
v 6.123233952733113e-19 -0.0775000005960465 -1.2491397118818936e-18
v 0.0012499999720603236 -0.07716506719589239 0.0
v 0.040003661066293744 -0.07037594914436344 0.0
v 0.039503291249275235 -0.07071414589881901 0.0
v 0.026984322816133516 -0.07637307047843939 0.0
v 0.040357884019613294 -0.06660190224647526 0.0
v 0.05088581889867786 -0.06302089244127278 0.0
v 0.0391499996185303 -0.06780979037284855 0.0
v 0.03750000149011615 -0.06825190782547001 0.0
v 0.03584999963641169 -0.06780979037284855 0.0
v 0.040800001472234754 -0.06495190411806111 0.0
v 0.040357884019613294 -0.06330190598964695 0.0
v 0.05162595212459568 -0.05220095440745357 0.0
v 0.0391499996185303 -0.06209402158856396 0.0
v 0.03750000149011615 -0.0616519041359425 0.0
v 0.018349999561905875 -0.05220095440745357 0.0
v 0.03584999963641169 -0.06209402158856396 0.0
v 0.034642115235328695 -0.06330190598964695 0.0
v 0.034200001507997534 -0.06495190411806111 0.0
v 0.034642115235328695 -0.06660190224647526 0.0
v 0.06177606433629994 -0.05220095440745357 0.0
v 0.06080445647239689 -0.053514651954174076 0.0
v 0.05162595212459568 -0.06231153756380085 0.0
v 0.06278683990240101 -0.03624999895691874 0.0
v 0.06248540058732037 -0.03737499937415126 0.0
v 0.05162595212459568 -0.03737499937415126 0.0
v 0.0624519065022469 -0.03750000149011615 0.0
v 0.06278683990240101 -0.03875000029802325 0.0
v 0.063701905310154 -0.039665061980485944 0.0
v 0.06495190411806111 -0.039999999105930356 -1.2491397118818936e-18
v 0.06897386163473133 -0.04246889054775241 0.0
v 0.06620190292596821 -0.039665061980485944 0.0
v 0.06957595050334935 -0.04127471148967746 0.0
v 0.0671169683337212 -0.03875000029802325 0.0
v 0.06957595050334935 -0.03737499937415126 0.0
v 0.07918197661638265 -0.01706502027809621 0.0
v 0.07556521147489553 -0.028875000774860403 0.0
v 0.06957595050334935 -0.028875000774860403 0.0
v 0.07515901327133184 -0.030201375484466574 0.0
v 0.07154214382171635 -0.03737499937415126 0.0
v 0.06957595050334935 -0.011525000445544727 0.0
v 0.07989139854907995 -0.011525000445544727 0.0
v 0.08092701435089117 -0.0034377374686300776 0.0
v 0.07665000110864645 -0.0028578839264810103 0.0
v 0.06957595050334935 0.019150000065565123 0.0
v 0.07214211672544484 0.0016499999910593044 0.0
v 0.07169999927282338 7.032375239293076e-17 0.0
v 0.07214211672544484 -0.0016499999910593044 0.0
v 0.07334999740123754 -0.0028578839264810103 0.0
v 0.0750000029802323 -0.0032999999821186087 0.0
v 0.07785788178443914 -0.0016499999910593044 0.0
v 0.0782999992370606 6.585174930367308e-17 0.0
v 0.08034393191337591 0.010288443416357047 0.0
v 0.07785788178443914 0.0016499999910593044 0.0
v 0.07665000110864645 0.0028578839264810103 0.0
v 0.07843412458896643 0.019150000065565123 0.0
v 0.0750000029802323 0.0032999999821186087 0.0
v 0.07334999740123754 0.0028578839264810103 0.0
v 0.06957595050334935 0.04093448072671893 0.0
v 0.0723269954323769 0.036466501653194455 0.0
v 0.07744950801134115 0.02371864393353464 0.0
v 0.0624519065022469 0.03750000149011615 0.0
v 0.06278683990240101 0.03624999895691874 0.0
v 0.05162595212459568 0.019150000065565123 0.0
v 0.06620190292596821 0.035334937274456045 0.0
v 0.06495190411806111 0.03500000014901163 -1.2491397118818936e-18
v 0.063701905310154 0.035334937274456045 0.0
v 0.0671169683337212 0.03624999895691874 0.0
v 0.06745190173387532 0.03750000149011615 0.0
v 0.0671169683337212 0.03875000029802325 0.0
v 0.06512376666069035 0.048165287822485005 0.0
v 0.06620190292596821 0.039665061980485944 0.0
v 0.06495190411806111 0.039999999105930356 0.0
v 0.063701905310154 0.039665061980485944 0.0
v 0.05162595212459568 0.05082595348358158 0.0
v 0.06278683990240101 0.03875000029802325 0.0
v 0.05162595212459568 0.06204823032021527 0.0
v 0.05604704841971401 0.05847844481468205 0.0
v 0.06278208643198017 0.05082595348358158 0.0
v 0.03951034694910052 0.07037594914436344 0.0
v 0.03750000149011615 0.06825190782547001 0.0
v 0.03584999963641169 0.06780979037284855 0.0
v 0.034642115235328695 0.06660190224647526 0.0
v 0.034200001507997534 0.06495190411806111 0.0
v 0.03750000149011615 0.0616519041359425 0.0
v 0.03584999963641169 0.06209402158856396 0.0
v 0.018349999561905875 0.05082595348358158 0.0
v 0.034642115235328695 0.06330190598964695 0.0
v 0.0391499996185303 0.06209402158856396 0.0
v 0.040357884019613294 0.06330190598964695 0.0
v 0.040800001472234754 0.06495190411806111 0.0
v 0.04535795748233798 0.06710927933454518 0.0
v 0.040357884019613294 0.06660190224647526 0.0
v 0.0391499996185303 0.06780979037284855 0.0
v 0.018349999561905875 0.07873962819576269 0.0
v 0.020410222932696356 0.07838636636734014 0.0
v 0.0333640016615391 0.07380950450897222 0.0
v 0.0012499999720603236 0.07283493876457219 0.0
v 0.0021650635171681656 0.07374999672174459 0.0
v 0.0024999999441206473 0.0750000029802323 0.0
v 0.015373509377241145 0.07925000041723257 0.0
v 0.0021650635171681656 0.0762500017881394 0.0
v 0.0012499999720603236 0.07716506719589239 0.0
v 2.7726970055685623e-17 0.0775000005960465 0.0
v -0.0012499999720603236 0.07716506719589239 0.0
v -0.015373509377241145 0.07925000041723257 0.0
v -0.0021650635171681656 0.0762500017881394 0.0
v -0.018349999561905875 0.07873962819576269 0.0
v -0.0024999999441206473 0.0750000029802323 0.0
v -0.0021650635171681656 0.07374999672174459 0.0
v -0.0012499999720603236 0.07283493876457219 0.0
v 0.006869279779493813 0.08070819824934011 0.0
v -0.006869279779493813 0.08070819824934011 0.0
v -0.03951034694910052 0.07037594914436344 0.0
v -0.0333640016615391 0.07380950450897222 0.0
v -0.020410222932696356 0.07838636636734014 0.0
v -0.018349999561905875 0.05082595348358158 0.0
v -0.03584999963641169 0.06209402158856396 0.0
v -0.034642115235328695 0.06330190598964695 0.0
v -0.0391499996185303 0.06780979037284855 0.0
v -0.04535795748233798 0.06710927933454518 0.0
v -0.040357884019613294 0.06660190224647526 0.0
v -0.050650000572204625 0.06283625215291981 0.0
v -0.040800001472234754 0.06495190411806111 0.0
v -0.040357884019613294 0.06330190598964695 0.0
v -0.034200001507997534 0.06495190411806111 0.0
v -0.034642115235328695 0.06660190224647526 0.0
v -0.03584999963641169 0.06780979037284855 0.0
v -0.03750000149011615 0.06825190782547001 0.0
v -0.06147595122456555 0.019150000065565123 0.0
v -0.06495190411806111 0.03500000014901163 -1.2491397118818936e-18
v -0.06512376666069035 0.048165287822485005 0.0
v -0.06278208643198017 0.05082595348358158 0.0
v -0.06147595122456555 0.05082595348358158 0.0
v -0.06147595122456555 0.052310008555650746 0.0
v -0.05604704841971401 0.05847844481468205 0.0
v -0.063701905310154 0.035334937274456045 0.0
v -0.06278683990240101 0.03624999895691874 0.0
v -0.0624519065022469 0.03750000149011615 0.0
v -0.06547595560550694 0.047593303024768864 0.0
v -0.06495190411806111 0.039999999105930356 0.0
v -0.063701905310154 0.039665061980485944 0.0
v -0.06278683990240101 0.03875000029802325 0.0
v -0.06547595560550694 0.03985958173871043 0.0
v -0.06620190292596821 0.039665061980485944 0.0
v -0.0723269954323769 0.036466501653194455 0.0
v -0.0671169683337212 0.03875000029802325 0.0
v -0.06745190173387532 0.03750000149011615 0.0
v -0.07744950801134115 0.02371864393353464 0.0
v -0.0671169683337212 0.03624999895691874 0.0
v -0.06620190292596821 0.035334937274456045 0.0
v -0.06547595560550694 0.03514041751623156 -7.254530102430672e-19
v -0.06547595560550694 -0.011525000445544727 0.0
v -0.07989139854907995 -0.011525000445544727 0.0
v -0.08092701435089117 -0.0034377374686300776 0.0
v -0.07918197661638265 -0.01706502027809621 0.0
v -0.06547595560550694 -0.028875000774860403 0.0
v -0.07556521147489553 -0.028875000774860403 0.0
v -0.06897386163473133 -0.04246889054775241 0.0
v -0.07154214382171635 -0.03737499937415126 0.0
v -0.06745190173387532 -0.03750000149011615 0.0
v -0.0624519065022469 -0.03750000149011615 0.0
v -0.06248540058732037 -0.03737499937415126 0.0
v -0.06147595122456555 -0.03737499937415126 0.0
v -0.050650000572204625 -0.06318028271198277 0.0
v -0.05088581889867786 -0.06302089244127278 0.0
v -0.050650000572204625 -0.05220095440745357 0.0
v -0.06080445647239689 -0.053514651954174076 0.0
v -0.06147595122456555 -0.05220095440745357 0.0
v -0.06147595122456555 -0.052606731653213536 0.0
v -0.06177606433629994 -0.05220095440745357 0.0
v -0.040357884019613294 -0.06660190224647526 0.0
v -0.040003661066293744 -0.07037594914436344 0.0
v -0.0391499996185303 -0.06780979037284855 0.0
v -0.03750000149011615 -0.06825190782547001 0.0
v -0.03584999963641169 -0.06780979037284855 0.0
v -0.034642115235328695 -0.06660190224647526 0.0
v -0.034200001507997534 -0.06495190411806111 0.0
v -0.03750000149011615 -0.0616519041359425 0.0
v -0.03584999963641169 -0.06209402158856396 0.0
v -0.018349999561905875 -0.05220095440745357 0.0
v -0.034642115235328695 -0.06330190598964695 0.0
v -0.0391499996185303 -0.06209402158856396 0.0
v -0.040357884019613294 -0.06330190598964695 0.0
v -0.040800001472234754 -0.06495190411806111 0.0
v -0.026984322816133516 -0.07637307047843939 0.0
v -0.039503291249275235 -0.07071414589881901 0.0
v -0.060499999672174495 -0.04125000163912776 0.0
v -0.06070096045732502 -0.04050000011920932 0.0
v -0.050650000572204625 -0.03737499937415126 0.0
v -0.06350000202655796 -0.04125000163912776 0.0
v -0.06329903751611714 -0.0419999994337559 0.0
v -0.06547595560550694 -0.04719837382435802 0.0
v -0.06274999678134922 -0.04254903644323352 0.0
v -0.06199999898672108 -0.042750000953674344 7.434529256613157e-19
v -0.06147595122456555 -0.04260958358645442 2.2398019225556406e-19
v -0.06125000119209294 -0.04254903644323352 0.0
v -0.06070096045732502 -0.0419999994337559 0.0
v -0.0671169683337212 -0.03875000029802325 0.0
v -0.06620190292596821 -0.039665061980485944 0.0
v -0.06547595560550694 -0.03985958173871043 -7.254530102430672e-19
v -0.06495190411806111 -0.039999999105930356 -1.2491397118818936e-18
v -0.06329903751611714 -0.04050000011920932 0.0
v -0.063701905310154 -0.039665061980485944 0.0
v -0.06274999678134922 -0.0399509631097317 0.0
v -0.06278683990240101 -0.03875000029802325 0.0
v -0.06199999898672108 -0.039749998599290876 0.0
v -0.06147595122456555 -0.0398904196918011 0.0
v -0.06125000119209294 -0.0399509631097317 0.0
v 0.06745190173387532 -0.03750000149011615 0.0
v 0.06741841137409214 -0.03737499937415126 0.0
v 0.0671169683337212 -0.03624999895691874 0.0
v 0.06620190292596821 -0.035334937274456045 0.0
v 0.06495190411806111 -0.03500000014901163 0.0
v 0.05162595212459568 -0.028875000774860403 0.0
v 0.063701905310154 -0.035334937274456045 0.0
v -0.063701905310154 -0.035334937274456045 0.0
v -0.06495190411806111 -0.03500000014901163 0.0
v -0.06547595560550694 -0.03514041751623156 0.0
v -0.06620190292596821 -0.035334937274456045 0.0
v -0.07515901327133184 -0.030201375484466574 0.0
v -0.0671169683337212 -0.03624999895691874 0.0
v -0.06741841137409214 -0.03737499937415126 0.0
v -0.06274999678134922 -0.019950961694121375 0.0
v -0.06199999898672108 -0.019750000908970847 0.0
v -0.06147595122456555 -0.011525000445544727 0.0
v -0.06147595122456555 -0.01989041827619077 0.0
v -0.06329903751611714 -0.02050000056624414 0.0
v -0.06350000202655796 -0.021250000223517432 0.0
v -0.06329903751611714 -0.021999999880790724 0.0
v -0.06274999678134922 -0.02254903875291349 0.0
v -0.06147595122456555 -0.028875000774860403 0.0
v -0.06278683990240101 -0.03624999895691874 0.0
v -0.06070096045732502 -0.021999999880790724 0.0
v -0.060499999672174495 -0.021250000223517432 0.0
v -0.050650000572204625 -0.028875000774860403 0.0
v -0.06199999898672108 -0.022749999538064017 3.851859888774472e-34
v -0.06147595122456555 -0.022609582170844092 1.1604505486079066e-34
v -0.06125000119209294 -0.02254903875291349 0.0
v -0.06125000119209294 -0.019950961694121375 0.0
v -0.050650000572204625 -0.011525000445544727 0.0
v -0.06070096045732502 -0.02050000056624414 0.0
v 0.018349999561905875 -0.03737499937415126 0.0
v -0.018349999561905875 -0.03737499937415126 0.0
v 0.018349999561905875 -0.028875000774860403 0.0
v -0.018349999561905875 -0.028875000774860403 0.0
v 0.018349999561905875 0.019150000065565123 0.0
v -0.018349999561905875 0.019150000065565123 0.0
v -0.050650000572204625 0.019150000065565123 0.0
v 0.05162595212459568 -0.011525000445544727 0.0
v 0.018349999561905875 -0.011525000445544727 0.0
v -0.018349999561905875 -0.011525000445544727 0.0
v 0.0391499996185303 -0.06209402158856396 0.0
v 0.03750000149011615 -0.0616519041359425 0.003000000026077032
v 0.03750000149011615 -0.0616519041359425 0.0
v 0.03750000149011615 -0.0616519041359425 0.0
v 0.03750000149011615 -0.0616519041359425 0.003000000026077032
v 0.03584999963641169 -0.06209402158856396 0.003000000026077032
v 0.03584999963641169 -0.06209402158856396 0.0
v 0.03584999963641169 -0.06209402158856396 0.0
v 0.03584999963641169 -0.06209402158856396 0.003000000026077032
v 0.034642115235328695 -0.06330190598964695 0.003000000026077032
v 0.034642115235328695 -0.06330190598964695 0.0
v 0.034642115235328695 -0.06330190598964695 0.0
v 0.034642115235328695 -0.06330190598964695 0.003000000026077032
v 0.034200001507997534 -0.06495190411806111 0.003000000026077032
v 0.034200001507997534 -0.06495190411806111 0.0
v 0.034200001507997534 -0.06495190411806111 0.0
v 0.034200001507997534 -0.06495190411806111 0.003000000026077032
v 0.034642115235328695 -0.06660190224647526 0.003000000026077032
v 0.034642115235328695 -0.06660190224647526 0.0
v 0.034642115235328695 -0.06660190224647526 0.0
v 0.034642115235328695 -0.06660190224647526 0.003000000026077032
v 0.03584999963641169 -0.06780979037284855 0.003000000026077032
v 0.03584999963641169 -0.06780979037284855 0.0
v 0.03584999963641169 -0.06780979037284855 0.0
v 0.03584999963641169 -0.06780979037284855 0.003000000026077032
v 0.03750000149011615 -0.06825190782547001 0.003000000026077032
v 0.03750000149011615 -0.06825190782547001 0.0
v 0.03750000149011615 -0.06825190782547001 0.0
v 0.03750000149011615 -0.06825190782547001 0.003000000026077032
v 0.0391499996185303 -0.06780979037284855 0.003000000026077032
v 0.0391499996185303 -0.06780979037284855 0.0
v 0.0391499996185303 -0.06780979037284855 0.0
v 0.0391499996185303 -0.06780979037284855 0.003000000026077032
v 0.040357884019613294 -0.06660190224647526 0.003000000026077032
v 0.040357884019613294 -0.06660190224647526 0.0
v 0.040357884019613294 -0.06660190224647526 0.0
v 0.040357884019613294 -0.06660190224647526 0.003000000026077032
v 0.040800001472234754 -0.06495190411806111 0.003000000026077032
v 0.040800001472234754 -0.06495190411806111 0.0
v 0.040800001472234754 -0.06495190411806111 0.0
v 0.040800001472234754 -0.06495190411806111 0.003000000026077032
v 0.040357884019613294 -0.06330190598964695 0.003000000026077032
v 0.040357884019613294 -0.06330190598964695 0.0
v 0.040357884019613294 -0.06330190598964695 0.0
v 0.040357884019613294 -0.06330190598964695 0.003000000026077032
v 0.0391499996185303 -0.06209402158856396 0.003000000026077032
v 0.0391499996185303 -0.06209402158856396 0.0
v 0.0391499996185303 -0.06209402158856396 0.003000000026077032
v 0.03200000151991846 -0.06495190411806111 0.003000000026077032
v 0.03201381862163546 -0.06534151732921605 0.00921572931110859
v 0.032271165400743505 -0.06665757298469548 0.008999999612569809
v 0.03200000151991846 -0.06495190411806111 0.003000000026077032
v 0.032271165400743505 -0.06665757298469548 0.008999999612569809
v 0.03273686021566393 -0.0677019059658051 0.003000000026077032
v 0.03246935084462168 -0.06272871792316441 0.010933044366538525
v 0.03241219371557238 -0.06286282837390904 0.010786382481455803
v 0.03273686021566393 -0.06220190599560742 0.003000000026077032
v 0.03273686021566393 -0.06220190599560742 0.003000000026077032
v 0.03241219371557238 -0.06286282837390904 0.010786382481455803
v 0.03231581673026087 -0.06320305168628697 0.010510061867535114
v 0.032072436064481756 -0.06406221538782124 0.00981226284056902
v 0.03273686021566393 -0.06220190599560742 0.003000000026077032
v 0.032072436064481756 -0.06406221538782124 0.00981226284056902
v 0.032034870237112066 -0.06488207727670674 0.009429965168237686
v 0.03273686021566393 -0.06220190599560742 0.003000000026077032
v 0.032034870237112066 -0.06488207727670674 0.009429965168237686
v 0.03200000151991846 -0.06495190411806111 0.003000000026077032
v 0.03200000151991846 -0.06495190411806111 0.003000000026077032
v 0.032034870237112066 -0.06488207727670674 0.009429965168237686
v 0.03203160688281061 -0.06495326757431034 0.009396768175065517
v 0.03200000151991846 -0.06495190411806111 0.003000000026077032
v 0.03203160688281061 -0.06495326757431034 0.009396768175065517
v 0.03201381862163546 -0.06534151732921605 0.00921572931110859
v 0.03474999964237215 -0.060188766568899196 0.003000000026077032
v 0.03413494676351549 -0.060610372573137325 0.014611029997467995
v 0.03362828493118288 -0.06104552373290066 0.0140460804104805
v 0.03362828493118288 -0.06104552373290066 0.0140460804104805
v 0.033229272812604925 -0.0614862330257893 0.013222462497651577
v 0.03474999964237215 -0.060188766568899196 0.003000000026077032
v 0.03474999964237215 -0.060188766568899196 0.003000000026077032
v 0.033229272812604925 -0.0614862330257893 0.013222462497651577
v 0.032857589423656484 -0.06200266256928448 0.012058498337864876
v 0.03474999964237215 -0.060188766568899196 0.003000000026077032
v 0.032857589423656484 -0.06200266256928448 0.012058498337864876
v 0.03273686021566393 -0.06220190599560742 0.003000000026077032
v 0.03273686021566393 -0.06220190599560742 0.003000000026077032
v 0.032857589423656484 -0.06200266256928448 0.012058498337864876
v 0.03274785354733469 -0.06220788508653645 0.011740383692085743
v 0.03246935084462168 -0.06272871792316441 0.010933044366538525
v 0.03474999964237215 -0.060188766568899196 0.003000000026077032
v 0.03750000149011615 -0.05945190414786343 0.003000000026077032
v 0.037499640136957196 -0.05945892259478573 0.011692465282976627
v 0.037499640136957196 -0.05945892259478573 0.011692465282976627
v 0.03740302100777629 -0.059452760964632076 0.011809663847088814
v 0.03474999964237215 -0.060188766568899196 0.003000000026077032
v 0.03474999964237215 -0.060188766568899196 0.003000000026077032
v 0.03740302100777629 -0.059452760964632076 0.011809663847088814
v 0.03726708516478541 -0.05945684015750889 0.012058498337864876
v 0.03474999964237215 -0.060188766568899196 0.003000000026077032
v 0.03726708516478541 -0.05945684015750889 0.012058498337864876
v 0.0367730259895325 -0.059500161558389705 0.012989752925932407
v 0.0367730259895325 -0.059500161558389705 0.012989752925932407
v 0.03667381405830386 -0.05951431393623356 0.013157176785171032
v 0.03474999964237215 -0.060188766568899196 0.003000000026077032
v 0.03474999964237215 -0.060188766568899196 0.003000000026077032
v 0.03667381405830386 -0.05951431393623356 0.013157176785171032
v 0.03578437864780428 -0.05972632765769963 0.014339825138449669
v 0.03474999964237215 -0.060188766568899196 0.003000000026077032
v 0.03578437864780428 -0.05972632765769963 0.014339825138449669
v 0.03527434542775156 -0.059922344982624096 0.014730739407241344
v 0.03422299027442934 -0.060534756630659145 0.014709198847413063
v 0.03413494676351549 -0.060610372573137325 0.014611029997467995
v 0.034558791667223 -0.060304399579763454 0.014854604378342628
v 0.034558791667223 -0.060304399579763454 0.014854604378342628
v 0.03413494676351549 -0.060610372573137325 0.014611029997467995
v 0.03474999964237215 -0.060188766568899196 0.003000000026077032
v 0.034558791667223 -0.060304399579763454 0.014854604378342628
v 0.03474999964237215 -0.060188766568899196 0.003000000026077032
v 0.03475215658545496 -0.06019249185919766 0.01485569030046463
v 0.03475215658545496 -0.06019249185919766 0.01485569030046463
v 0.03474999964237215 -0.060188766568899196 0.003000000026077032
v 0.03527434542775156 -0.059922344982624096 0.014730739407241344
v 0.03475215658545496 -0.06019249185919766 0.01485569030046463
v 0.03527434542775156 -0.059922344982624096 0.014730739407241344
v 0.034935470670461675 -0.06008639559149746 0.01485672127455473
v 0.03857012093067172 -0.059571832418441814 0.010494722053408623
v 0.038438081741333036 -0.059532497078180355 0.010593629442155361
v 0.03750000149011615 -0.05945190414786343 0.003000000026077032
v 0.03750000149011615 -0.05945190414786343 0.003000000026077032
v 0.038438081741333036 -0.059532497078180355 0.010593629442155361
v 0.038294989615678815 -0.05950966477394108 0.010727732442319393
v 0.03750000149011615 -0.05945190414786343 0.003000000026077032
v 0.038294989615678815 -0.05950966477394108 0.010727732442319393
v 0.037499640136957196 -0.05945892259478573 0.011692465282976627
v 0.04067319631576541 -0.060459598898887676 0.009181422181427479
v 0.04023574292659762 -0.06021413579583172 0.00939358863979578
v 0.04024999961256984 -0.060188766568899196 0.003000000026077032
v 0.04024999961256984 -0.060188766568899196 0.003000000026077032
v 0.04023574292659762 -0.06021413579583172 0.00939358863979578
v 0.04017217829823497 -0.06017846614122395 0.009424419142305851
v 0.04024999961256984 -0.060188766568899196 0.003000000026077032
v 0.04017217829823497 -0.06017846614122395 0.009424419142305851
v 0.03750000149011615 -0.05945190414786343 0.003000000026077032
v 0.03750000149011615 -0.05945190414786343 0.003000000026077032
v 0.04017217829823497 -0.06017846614122395 0.009424419142305851
v 0.039680752903223065 -0.0599027164280415 0.009662761352956295
v 0.03750000149011615 -0.05945190414786343 0.003000000026077032
v 0.039680752903223065 -0.0599027164280415 0.009662761352956295
v 0.03857012093067172 -0.059571832418441814 0.010494722053408623
v 0.043000001460313825 -0.06495190411806111 0.003000000026077032
v 0.04290577769279483 -0.06393820792436604 0.008999999612569809
v 0.04226313903927806 -0.06220190599560742 0.003000000026077032
v 0.04226313903927806 -0.06220190599560742 0.003000000026077032
v 0.04290577769279483 -0.06393820792436604 0.008999999612569809
v 0.04226313903927806 -0.06220190599560742 0.008999999612569809
v 0.04226313903927806 -0.06220190599560742 0.003000000026077032
v 0.04226313903927806 -0.06220190599560742 0.008999999612569809
v 0.04024999961256984 -0.060188766568899196 0.003000000026077032
v 0.04024999961256984 -0.060188766568899196 0.003000000026077032
v 0.04226313903927806 -0.06220190599560742 0.008999999612569809
v 0.041591566056013135 -0.06127643585205082 0.008999999612569809
v 0.04024999961256984 -0.060188766568899196 0.003000000026077032
v 0.041591566056013135 -0.06127643585205082 0.008999999612569809
v 0.04067319631576541 -0.060459598898887676 0.009181422181427479
v 0.04295952245593074 -0.06556092947721485 0.008746964856982231
v 0.043000001460313825 -0.06495190411806111 0.003000000026077032
v 0.04293911531567576 -0.06576800346374516 0.00868989247828722
v 0.04293911531567576 -0.06576800346374516 0.00868989247828722
v 0.043000001460313825 -0.06495190411806111 0.003000000026077032
v 0.0425297059118748 -0.06717722862958912 0.00811590626835823
v 0.04299379140138629 -0.06521318852901463 0.008842803537845612
v 0.043000001460313825 -0.06495190411806111 0.003000000026077032
v 0.04299379140138629 -0.06521318852901463 0.008842803537845612
v 0.04297586902976039 -0.06495356559753422 0.008874813094735146
v 0.04290577769279483 -0.06393820792436604 0.008999999612569809
v 0.04148876294493678 -0.06873869150877003 0.007276488002389669
v 0.04226313903927806 -0.0677019059658051 0.003000000026077032
v 0.04119288921356204 -0.06899024546146397 0.007172225974500179
v 0.04119288921356204 -0.06899024546146397 0.007172225974500179
v 0.04226313903927806 -0.0677019059658051 0.003000000026077032
v 0.04024999961256984 -0.06971504539251332 0.003000000026077032
v 0.04119288921356204 -0.06899024546146397 0.007172225974500179
v 0.04024999961256984 -0.06971504539251332 0.003000000026077032
v 0.040595702826976804 -0.06949796527624134 0.006961786188185215
v 0.040595702826976804 -0.06949796527624134 0.006961786188185215
v 0.04024999961256984 -0.06971504539251332 0.003000000026077032
v 0.04023964330554011 -0.06969646364450459 0.0069718388840556145
v 0.04148876294493678 -0.06873869150877003 0.007276488002389669
v 0.0421879515051842 -0.06774945557117466 0.00781550444662571
v 0.04226313903927806 -0.0677019059658051 0.003000000026077032
v 0.042235314846038846 -0.06768244504928593 0.007852016016840935
v 0.04226313903927806 -0.0677019059658051 0.003000000026077032
v 0.042235314846038846 -0.06768244504928593 0.007852016016840935
v 0.043000001460313825 -0.06495190411806111 0.003000000026077032
v 0.043000001460313825 -0.06495190411806111 0.003000000026077032
v 0.042235314846038846 -0.06768244504928593 0.007852016016840935
v 0.042400840669870404 -0.06744825094938282 0.007979623973369598
v 0.043000001460313825 -0.06495190411806111 0.003000000026077032
v 0.042400840669870404 -0.06744825094938282 0.007979623973369598
v 0.0425297059118748 -0.06717722862958912 0.00811590626835823
v 0.037588577717542676 -0.07039420306682591 0.007804747670888901
v 0.03828017413616183 -0.07039628922939305 0.007489092648029327
v 0.03750000149011615 -0.07045190781354908 0.003000000026077032
v 0.03750000149011615 -0.07045190781354908 0.003000000026077032
v 0.03828017413616183 -0.07039628922939305 0.007489092648029327
v 0.03869446367025378 -0.07032063603401188 0.007312704809010029
v 0.03750000149011615 -0.07045190781354908 0.003000000026077032
v 0.03869446367025378 -0.07032063603401188 0.007312704809010029
v 0.04024999961256984 -0.06971504539251332 0.003000000026077032
v 0.04024999961256984 -0.06971504539251332 0.003000000026077032
v 0.03869446367025378 -0.07032063603401188 0.007312704809010029
v 0.03973933681845668 -0.06997538357973103 0.0069859642535448074
v 0.03973933681845668 -0.06997538357973103 0.0069859642535448074
v 0.035105161368846914 -0.06990314275026326 0.008808480575680733
v 0.03530919924378397 -0.06996957957744603 0.008733545430004597
v 0.03474999964237215 -0.06971504539251332 0.003000000026077032
v 0.032271165400743505 -0.06665757298469548 0.008999999612569809
v 0.03273686021566393 -0.0677019059658051 0.008999999612569809
v 0.03273686021566393 -0.0677019059658051 0.003000000026077032
v 0.03273686021566393 -0.0677019059658051 0.003000000026077032
v 0.03273686021566393 -0.0677019059658051 0.008999999612569809
v 0.03391922265291216 -0.06912659853696827 0.008999999612569809
v 0.03273686021566393 -0.0677019059658051 0.003000000026077032
v 0.03391922265291216 -0.06912659853696827 0.008999999612569809
v 0.03474999964237215 -0.06971504539251332 0.003000000026077032
v 0.03474999964237215 -0.06971504539251332 0.003000000026077032
v 0.03391922265291216 -0.06912659853696827 0.008999999612569809
v 0.03477036580443384 -0.06968391686677937 0.00886254757642746
v 0.03474999964237215 -0.06971504539251332 0.003000000026077032
v 0.03477036580443384 -0.06968391686677937 0.00886254757642746
v 0.035105161368846914 -0.06990314275026326 0.008808480575680733
v 0.03652052953839305 -0.07036399096250538 0.008288671262562275
v 0.03474999964237215 -0.06971504539251332 0.003000000026077032
v 0.03652052953839305 -0.07036399096250538 0.008288671262562275
v 0.03668702393770221 -0.07039149105548863 0.008216231130063534
v 0.03474999964237215 -0.06971504539251332 0.003000000026077032
v 0.03668702393770221 -0.07039149105548863 0.008216231130063534
v 0.03750000149011615 -0.07045190781354908 0.003000000026077032
v 0.03668702393770221 -0.07039149105548863 0.008216231130063534
v 0.03750016540288928 -0.07039394229650502 0.007845100946724415
v 0.03750000149011615 -0.07045190781354908 0.003000000026077032
v 0.03750016540288928 -0.07039394229650502 0.007845100946724415
v 0.037588577717542676 -0.07039420306682591 0.007804747670888901
v 0.040800001472234754 -0.06495190411806111 0.003000000026077032
v 0.043000001460313825 -0.06495190411806111 0.003000000026077032
v 0.040357884019613294 -0.06330190598964695 0.003000000026077032
v 0.04226313903927806 -0.06220190599560742 0.003000000026077032
v 0.0391499996185303 -0.06209402158856396 0.003000000026077032
v 0.04024999961256984 -0.060188766568899196 0.003000000026077032
v 0.03750000149011615 -0.0616519041359425 0.003000000026077032
v 0.03750000149011615 -0.05945190414786343 0.003000000026077032
v 0.03584999963641169 -0.06209402158856396 0.003000000026077032
v 0.03474999964237215 -0.060188766568899196 0.003000000026077032
v 0.034642115235328695 -0.06330190598964695 0.003000000026077032
v 0.03273686021566393 -0.06220190599560742 0.003000000026077032
v 0.034200001507997534 -0.06495190411806111 0.003000000026077032
v 0.03200000151991846 -0.06495190411806111 0.003000000026077032
v 0.034642115235328695 -0.06660190224647526 0.003000000026077032
v 0.03273686021566393 -0.0677019059658051 0.003000000026077032
v 0.03584999963641169 -0.06780979037284855 0.003000000026077032
v 0.03474999964237215 -0.06971504539251332 0.003000000026077032
v 0.03750000149011615 -0.06825190782547001 0.003000000026077032
v 0.03750000149011615 -0.07045190781354908 0.003000000026077032
v 0.0391499996185303 -0.06780979037284855 0.003000000026077032
v 0.04024999961256984 -0.06971504539251332 0.003000000026077032
v 0.040357884019613294 -0.06660190224647526 0.003000000026077032
v 0.04226313903927806 -0.0677019059658051 0.003000000026077032
v 0.07665000110864645 0.0028578839264810103 0.0
v 0.0750000029802323 0.0032999999821186087 0.003000000026077032
v 0.0750000029802323 0.0032999999821186087 0.0
v 0.0750000029802323 0.0032999999821186087 0.0
v 0.0750000029802323 0.0032999999821186087 0.003000000026077032
v 0.07334999740123754 0.0028578839264810103 0.003000000026077032
v 0.07334999740123754 0.0028578839264810103 0.0
v 0.07334999740123754 0.0028578839264810103 0.0
v 0.07334999740123754 0.0028578839264810103 0.003000000026077032
v 0.07214211672544484 0.0016499999910593044 0.003000000026077032
v 0.07214211672544484 0.0016499999910593044 0.0
v 0.07214211672544484 0.0016499999910593044 0.0
v 0.07214211672544484 0.0016499999910593044 0.003000000026077032
v 0.07169999927282338 7.032375239293076e-17 0.003000000026077032
v 0.07169999927282338 7.032375239293076e-17 0.0
v 0.07169999927282338 7.032375239293076e-17 0.0
v 0.07169999927282338 7.032375239293076e-17 0.003000000026077032
v 0.07214211672544484 -0.0016499999910593044 0.003000000026077032
v 0.07214211672544484 -0.0016499999910593044 0.0
v 0.07214211672544484 -0.0016499999910593044 0.0
v 0.07214211672544484 -0.0016499999910593044 0.003000000026077032
v 0.07334999740123754 -0.0028578839264810103 0.003000000026077032
v 0.07334999740123754 -0.0028578839264810103 0.0
v 0.07334999740123754 -0.0028578839264810103 0.0
v 0.07334999740123754 -0.0028578839264810103 0.003000000026077032
v 0.0750000029802323 -0.0032999999821186087 0.003000000026077032
v 0.0750000029802323 -0.0032999999821186087 0.0
v 0.0750000029802323 -0.0032999999821186087 0.0
v 0.0750000029802323 -0.0032999999821186087 0.003000000026077032
v 0.07665000110864645 -0.0028578839264810103 0.003000000026077032
v 0.07665000110864645 -0.0028578839264810103 0.0
v 0.07665000110864645 -0.0028578839264810103 0.0
v 0.07665000110864645 -0.0028578839264810103 0.003000000026077032
v 0.07785788178443914 -0.0016499999910593044 0.003000000026077032
v 0.07785788178443914 -0.0016499999910593044 0.0
v 0.07785788178443914 -0.0016499999910593044 0.0
v 0.07785788178443914 -0.0016499999910593044 0.003000000026077032
v 0.0782999992370606 6.585174930367308e-17 0.003000000026077032
v 0.0782999992370606 6.585174930367308e-17 0.0
v 0.0782999992370606 6.585174930367308e-17 0.0
v 0.0782999992370606 6.585174930367308e-17 0.003000000026077032
v 0.07785788178443914 0.0016499999910593044 0.003000000026077032
v 0.07785788178443914 0.0016499999910593044 0.0
v 0.07785788178443914 0.0016499999910593044 0.0
v 0.07785788178443914 0.0016499999910593044 0.003000000026077032
v 0.07665000110864645 0.0028578839264810103 0.003000000026077032
v 0.07665000110864645 0.0028578839264810103 0.0
v 0.07665000110864645 0.0028578839264810103 0.003000000026077032
v 0.0706843733787537 0.003409600816667082 0.010727732442319393
v 0.07024276256561283 0.002746179699897768 0.011692465282976627
v 0.07023686170578007 0.0027499999850988405 0.003000000026077032
v 0.07225000113248829 -0.004763139877468351 0.003000000026077032
v 0.07259432226419453 -0.004945978987962011 0.00921572931110859
v 0.07386273145675665 -0.005381136201322082 0.008999999612569809
v 0.07225000113248829 -0.004763139877468351 0.003000000026077032
v 0.07386273145675665 -0.005381136201322082 0.008999999612569809
v 0.0750000029802323 -0.005499999970197681 0.003000000026077032
v 0.07055933773517613 -0.0032450740691274426 0.010933044366538525
v 0.07064690440893177 -0.0033616325818002246 0.010786382481455803
v 0.07023686170578007 -0.0027499999850988405 0.003000000026077032
v 0.07023686170578007 -0.0027499999850988405 0.003000000026077032
v 0.07064690440893177 -0.0033616325818002246 0.010786382481455803
v 0.07089335471391682 -0.003615206805989149 0.010510061867535114
v 0.07151572406291966 -0.004255563486367467 0.00981226284056902
v 0.07023686170578007 -0.0027499999850988405 0.003000000026077032
v 0.07151572406291966 -0.004255563486367467 0.00981226284056902
v 0.07220695912837986 -0.004698026925325397 0.009429965168237686
v 0.07023686170578007 -0.0027499999850988405 0.003000000026077032
v 0.07220695912837986 -0.004698026925325397 0.009429965168237686
v 0.07225000113248829 -0.004763139877468351 0.003000000026077032
v 0.07225000113248829 -0.004763139877468351 0.003000000026077032
v 0.07220695912837986 -0.004698026925325397 0.009429965168237686
v 0.07226698100566868 -0.004736448172479871 0.009396768175065517
v 0.07225000113248829 -0.004763139877468351 0.003000000026077032
v 0.07226698100566868 -0.004736448172479871 0.009396768175065517
v 0.07259432226419453 -0.004945978987962011 0.00921572931110859
v 0.06968111544847493 -0.0013998145004734406 0.0140460804104805
v 0.06986327469348912 -0.0019657220691442503 0.013222462497651577
v 0.0694999992847443 7.094696350131801e-17 0.003000000026077032
v 0.06986327469348912 -0.0019657220691442503 0.013222462497651577
v 0.06998909264802937 -0.0022449314128607525 0.012662232853472233
v 0.0694999992847443 7.094696350131801e-17 0.003000000026077032
v 0.07012467831373219 -0.0025458224117755907 0.012058498337864876
v 0.0694999992847443 7.094696350131801e-17 0.003000000026077032
v 0.07012467831373219 -0.0025458224117755907 0.012058498337864876
v 0.07023686170578007 -0.0027499999850988405 0.003000000026077032
v 0.07023686170578007 -0.0027499999850988405 0.003000000026077032
v 0.07012467831373219 -0.0025458224117755907 0.012058498337864876
v 0.07024753093719487 -0.0027434690855443495 0.011740383692085743
v 0.07023686170578007 -0.0027499999850988405 0.003000000026077032
v 0.07024753093719487 -0.0027434690855443495 0.011740383692085743
v 0.07055933773517613 -0.0032450740691274426 0.010933044366538525
v 0.07023686170578007 0.0027499999850988405 0.003000000026077032
v 0.07024276256561283 0.002746179699897768 0.011692465282976627
v 0.0694999992847443 7.094696350131801e-17 0.003000000026077032
v 0.07024276256561283 0.002746179699897768 0.011692465282976627
v 0.07018911093473439 0.0026655851397663372 0.011809663847088814
v 0.0694999992847443 7.094696350131801e-17 0.003000000026077032
v 0.0694999992847443 7.094696350131801e-17 0.003000000026077032
v 0.07018911093473439 0.0026655851397663372 0.011809663847088814
v 0.07012467831373219 0.0025458224117755907 0.012058498337864876
v 0.0694999992847443 7.094696350131801e-17 0.003000000026077032
v 0.07012467831373219 0.0025458224117755907 0.012058498337864876
v 0.0699151605367661 0.0020962927956134094 0.012989752925932407
v 0.0699151605367661 0.0020962927956134094 0.012989752925932407
v 0.06987781077623371 0.002003300236538054 0.013157176785171032
v 0.0694999992847443 7.094696350131801e-17 0.003000000026077032
v 0.0694999992847443 7.094696350131801e-17 0.003000000026077032
v 0.06987781077623371 0.002003300236538054 0.013157176785171032
v 0.06961670517921452 0.0011270181275904185 0.014339825138449669
v 0.0694999992847443 7.094696350131801e-17 0.003000000026077032
v 0.06961670517921452 0.0011270181275904185 0.014339825138449669
v 0.06953144818544392 0.0005873074405826633 0.014730739407241344
v 0.06953613460063938 -0.0006294010090641682 0.014709198847413063
v 0.06968111544847493 -0.0013998145004734406 0.0140460804104805
v 0.06950453668832783 -0.00022340877330862 0.014854604378342628
v 0.06950453668832783 -0.00022340877330862 0.014854604378342628
v 0.06968111544847493 -0.0013998145004734406 0.0140460804104805
v 0.0694999992847443 7.094696350131801e-17 0.003000000026077032
v 0.06950453668832783 -0.00022340877330862 0.014854604378342628
v 0.0694999992847443 7.094696350131801e-17 0.003000000026077032
v 0.06950430572032933 4.5427790418273195e-09 0.01485569030046463
v 0.06950430572032933 4.5427790418273195e-09 0.01485569030046463
v 0.0694999992847443 7.094696350131801e-17 0.003000000026077032
v 0.06953144818544392 0.0005873074405826633 0.014730739407241344
v 0.06950430572032933 4.5427790418273195e-09 0.01485569030046463
v 0.06953144818544392 0.0005873074405826633 0.014730739407241344
v 0.06950408220291142 0.00021180600742809488 0.01485672127455473
v 0.07171764969825749 0.004413182847201827 0.009662761352956295
v 0.07023686170578007 0.0027499999850988405 0.003000000026077032
v 0.07220216840505604 0.004700893070548776 0.009424419142305851
v 0.07220216840505604 0.004700893070548776 0.009424419142305851
v 0.07023686170578007 0.0027499999850988405 0.003000000026077032
v 0.07225000113248829 0.004763139877468351 0.003000000026077032
v 0.07171764969825749 0.004413182847201827 0.009662761352956295
v 0.07087577879428868 0.003616787493228915 0.010494722053408623
v 0.07023686170578007 0.0027499999850988405 0.003000000026077032
v 0.07023686170578007 0.0027499999850988405 0.003000000026077032
v 0.07087577879428868 0.003616787493228915 0.010494722053408623
v 0.0707756951451302 0.003522107843309643 0.010593629442155361
v 0.07023686170578007 0.0027499999850988405 0.003000000026077032
v 0.0707756951451302 0.003522107843309643 0.010593629442155361
v 0.0706843733787537 0.003409600816667082 0.010727732442319393
v 0.07386273145675665 0.005381136201322082 0.008999999612569809
v 0.07269614934921269 0.004994222894310955 0.009181422181427479
v 0.07225000113248829 0.004763139877468351 0.003000000026077032
v 0.07225000113248829 0.004763139877468351 0.003000000026077032
v 0.07269614934921269 0.004994222894310955 0.009181422181427479
v 0.07226484268903736 0.004738110117614273 0.00939358863979578
v 0.07220216840505604 0.004700893070548776 0.009424419142305851
v 0.07386273145675665 0.005381136201322082 0.008999999612569809
v 0.07225000113248829 0.004763139877468351 0.003000000026077032
v 0.0750000029802323 0.005499999970197681 0.008999999612569809
v 0.0750000029802323 0.005499999970197681 0.008999999612569809
v 0.07225000113248829 0.004763139877468351 0.003000000026077032
v 0.0750000029802323 0.005499999970197681 0.003000000026077032
v 0.0750000029802323 0.005499999970197681 0.008999999612569809
v 0.0750000029802323 0.005499999970197681 0.003000000026077032
v 0.076825000345707 0.005188388284295801 0.008999999612569809
v 0.076825000345707 0.005188388284295801 0.008999999612569809
v 0.0750000029802323 0.005499999970197681 0.003000000026077032
v 0.07774999737739569 0.004763139877468351 0.003000000026077032
v 0.076825000345707 0.005188388284295801 0.008999999612569809
v 0.07774999737739569 0.004763139877468351 0.003000000026077032
v 0.07773937284946447 0.004741412121802572 0.008874813094735146
v 0.07825718820095068 0.004423573613166812 0.008746964856982231
v 0.07774999737739569 0.004763139877468351 0.003000000026077032
v 0.07842632383108145 0.00430236151441932 0.00868989247828722
v 0.07842632383108145 0.00430236151441932 0.00868989247828722
v 0.07774999737739569 0.004763139877468351 0.003000000026077032
v 0.07944203913211828 0.0032431911677122138 0.00811590626835823
v 0.07825718820095068 0.004423573613166812 0.008746964856982231
v 0.07797317206859594 0.004627121612429622 0.008842803537845612
v 0.07774999737739569 0.004763139877468351 0.003000000026077032
v 0.07797317206859594 0.004627121612429622 0.008842803537845612
v 0.07776749134063726 0.0047276644036173855 0.008870963007211685
v 0.07774999737739569 0.004763139877468351 0.003000000026077032
v 0.07776749134063726 0.0047276644036173855 0.008870963007211685
v 0.07773937284946447 0.004741412121802572 0.008874813094735146
v 0.08027383685112005 0.0015609761467203509 0.007276488002389669
v 0.0797631368041039 0.0027499999850988405 0.003000000026077032
v 0.08048485219478613 0.0004079278151039037 0.006961786188185215
v 0.08048485219478613 0.0004079278151039037 0.006961786188185215
v 0.0797631368041039 0.0027499999850988405 0.003000000026077032
v 0.08049999922513967 6.349362281340689e-17 0.003000000026077032
v 0.08048485219478613 0.0004079278151039037 0.006961786188185215
v 0.08049999922513967 6.349362281340689e-17 0.003000000026077032
v 0.08047872781753546 3.192905637661172e-07 0.0069718388840556145
v 0.08027383685112005 0.0015609761467203509 0.007276488002389669
v 0.07976672798395162 0.002661110833287241 0.00781550444662571
v 0.0797631368041039 0.0027499999850988405 0.003000000026077032
v 0.0797631368041039 0.0027499999850988405 0.003000000026077032
v 0.07976672798395162 0.002661110833287241 0.00781550444662571
v 0.07973237335681921 0.0027356303762644547 0.007852016016840935
v 0.0797631368041039 0.0027499999850988405 0.003000000026077032
v 0.07973237335681921 0.0027356303762644547 0.007852016016840935
v 0.07774999737739569 0.004763139877468351 0.003000000026077032
v 0.07774999737739569 0.004763139877468351 0.003000000026077032
v 0.07973237335681921 0.0027356303762644547 0.007852016016840935
v 0.07961232215166097 0.002996078459545972 0.007979623973369598
v 0.07774999737739569 0.004763139877468351 0.003000000026077032
v 0.07961232215166097 0.002996078459545972 0.007979623973369598
v 0.07944203913211828 0.0032431911677122138 0.00811590626835823
v 0.07975745946168905 -0.002644440624862911 0.007804747670888901
v 0.08010505884885794 -0.0020465434063225998 0.007489092648029327
v 0.0797631368041039 -0.0027499999850988405 0.003000000026077032
v 0.0797631368041039 -0.0027499999850988405 0.003000000026077032
v 0.08010505884885794 -0.0020465434063225998 0.007489092648029327
v 0.08024668693542486 -0.0016499294433742772 0.007312704809010029
v 0.0797631368041039 -0.0027499999850988405 0.003000000026077032
v 0.08024668693542486 -0.0016499294433742772 0.007312704809010029
v 0.08049999922513967 6.349362281340689e-17 0.003000000026077032
v 0.08049999922513967 6.349362281340689e-17 0.003000000026077032
v 0.08024668693542486 -0.0016499294433742772 0.007312704809010029
v 0.0804701298475266 -0.0005724183283746247 0.0069859642535448074
v 0.08049999922513967 6.349362281340689e-17 0.003000000026077032
v 0.0804701298475266 -0.0005724183283746247 0.0069859642535448074
v 0.08047872781753546 3.192905637661172e-07 0.0069718388840556145
v 0.07809048146009451 -0.004549609497189524 0.008808480575680733
v 0.07825002819299703 -0.004406125284731391 0.008733545430004597
v 0.07774250954389578 -0.004725254606455568 0.008861142210662365
v 0.07774250954389578 -0.004725254606455568 0.008861142210662365
v 0.07825002819299703 -0.004406125284731391 0.008733545430004597
v 0.07774999737739569 -0.004763139877468351 0.003000000026077032
v 0.07386273145675665 -0.005381136201322082 0.008999999612569809
v 0.0750000029802323 -0.005499999970197681 0.008999999612569809
v 0.0750000029802323 -0.005499999970197681 0.003000000026077032
v 0.0750000029802323 -0.005499999970197681 0.003000000026077032
v 0.0750000029802323 -0.005499999970197681 0.008999999612569809
v 0.076825000345707 -0.005188388284295801 0.008999999612569809
v 0.0750000029802323 -0.005499999970197681 0.003000000026077032
v 0.076825000345707 -0.005188388284295801 0.008999999612569809
v 0.07774999737739569 -0.004763139877468351 0.003000000026077032
v 0.07774999737739569 -0.004763139877468351 0.003000000026077032
v 0.076825000345707 -0.005188388284295801 0.008999999612569809
v 0.07773322612047201 -0.004729939624667171 0.00886254757642746
v 0.07774999737739569 -0.004763139877468351 0.003000000026077032
v 0.07773322612047201 -0.004729939624667171 0.00886254757642746
v 0.07774250954389578 -0.004725254606455568 0.008861142210662365
v 0.07825002819299703 -0.004406125284731391 0.008733545430004597
v 0.07919726520776754 -0.003554288297891619 0.008288671262562275
v 0.07774999737739569 -0.004763139877468351 0.003000000026077032
v 0.07774999737739569 -0.004763139877468351 0.003000000026077032
v 0.07919726520776754 -0.003554288297891619 0.008288671262562275
v 0.07930433005094534 -0.0034238509833812735 0.008216231130063534
v 0.07774999737739569 -0.004763139877468351 0.003000000026077032
v 0.07930433005094534 -0.0034238509833812735 0.008216231130063534
v 0.0797631368041039 -0.0027499999850988405 0.003000000026077032
v 0.07930433005094534 -0.0034238509833812735 0.008216231130063534
v 0.079713024199009 -0.002720874501392247 0.007845100946724415
v 0.0797631368041039 -0.0027499999850988405 0.003000000026077032
v 0.079713024199009 -0.002720874501392247 0.007845100946724415
v 0.07975745946168905 -0.002644440624862911 0.007804747670888901
v 0.07334999740123754 -0.0028578839264810103 0.003000000026077032
v 0.07225000113248829 -0.004763139877468351 0.003000000026077032
v 0.0750000029802323 -0.0032999999821186087 0.003000000026077032
v 0.0750000029802323 -0.005499999970197681 0.003000000026077032
v 0.07665000110864645 -0.0028578839264810103 0.003000000026077032
v 0.07774999737739569 -0.004763139877468351 0.003000000026077032
v 0.07785788178443914 -0.0016499999910593044 0.003000000026077032
v 0.0797631368041039 -0.0027499999850988405 0.003000000026077032
v 0.0782999992370606 6.591949208711872e-17 0.003000000026077032
v 0.08049999922513967 6.33174068731535e-17 0.003000000026077032
v 0.07785788178443914 0.0016499999910593044 0.003000000026077032
v 0.0797631368041039 0.0027499999850988405 0.003000000026077032
v 0.07665000110864645 0.0028578839264810103 0.003000000026077032
v 0.07774999737739569 0.004763139877468351 0.003000000026077032
v 0.0750000029802323 0.0032999999821186087 0.003000000026077032
v 0.0750000029802323 0.005499999970197681 0.003000000026077032
v 0.07334999740123754 0.0028578839264810103 0.003000000026077032
v 0.07225000113248829 0.004763139877468351 0.003000000026077032
v 0.07214211672544484 0.0016499999910593044 0.003000000026077032
v 0.07023686170578007 0.0027499999850988405 0.003000000026077032
v 0.07169999927282338 7.025630077706074e-17 0.003000000026077032
v 0.0694999992847443 7.112366251504914e-17 0.003000000026077032
v 0.07214211672544484 -0.0016499999910593044 0.003000000026077032
v 0.07023686170578007 -0.0027499999850988405 0.003000000026077032
v 0.0391499996185303 0.06780979037284855 0.0
v 0.03750000149011615 0.06825190782547001 0.003000000026077032
v 0.03750000149011615 0.06825190782547001 0.0
v 0.03750000149011615 0.06825190782547001 0.0
v 0.03750000149011615 0.06825190782547001 0.003000000026077032
v 0.03584999963641169 0.06780979037284855 0.003000000026077032
v 0.03584999963641169 0.06780979037284855 0.0
v 0.03584999963641169 0.06780979037284855 0.0
v 0.03584999963641169 0.06780979037284855 0.003000000026077032
v 0.034642115235328695 0.06660190224647526 0.003000000026077032
v 0.034642115235328695 0.06660190224647526 0.0
v 0.034642115235328695 0.06660190224647526 0.0
v 0.034642115235328695 0.06660190224647526 0.003000000026077032
v 0.034200001507997534 0.06495190411806111 0.003000000026077032
v 0.034200001507997534 0.06495190411806111 0.0
v 0.034200001507997534 0.06495190411806111 0.0
v 0.034200001507997534 0.06495190411806111 0.003000000026077032
v 0.034642115235328695 0.06330190598964695 0.003000000026077032
v 0.034642115235328695 0.06330190598964695 0.0
v 0.034642115235328695 0.06330190598964695 0.0
v 0.034642115235328695 0.06330190598964695 0.003000000026077032
v 0.03584999963641169 0.06209402158856396 0.003000000026077032
v 0.03584999963641169 0.06209402158856396 0.0
v 0.03584999963641169 0.06209402158856396 0.0
v 0.03584999963641169 0.06209402158856396 0.003000000026077032
v 0.03750000149011615 0.0616519041359425 0.003000000026077032
v 0.03750000149011615 0.0616519041359425 0.0
v 0.03750000149011615 0.0616519041359425 0.0
v 0.03750000149011615 0.0616519041359425 0.003000000026077032
v 0.0391499996185303 0.06209402158856396 0.003000000026077032
v 0.0391499996185303 0.06209402158856396 0.0
v 0.0391499996185303 0.06209402158856396 0.0
v 0.0391499996185303 0.06209402158856396 0.003000000026077032
v 0.040357884019613294 0.06330190598964695 0.003000000026077032
v 0.040357884019613294 0.06330190598964695 0.0
v 0.040357884019613294 0.06330190598964695 0.0
v 0.040357884019613294 0.06330190598964695 0.003000000026077032
v 0.040800001472234754 0.06495190411806111 0.003000000026077032
v 0.040800001472234754 0.06495190411806111 0.0
v 0.040800001472234754 0.06495190411806111 0.0
v 0.040800001472234754 0.06495190411806111 0.003000000026077032
v 0.040357884019613294 0.06660190224647526 0.003000000026077032
v 0.040357884019613294 0.06660190224647526 0.0
v 0.040357884019613294 0.06660190224647526 0.0
v 0.040357884019613294 0.06660190224647526 0.003000000026077032
v 0.0391499996185303 0.06780979037284855 0.003000000026077032
v 0.0391499996185303 0.06780979037284855 0.0
v 0.0391499996185303 0.06780979037284855 0.003000000026077032
v 0.04024999961256984 0.060188766568899196 0.003000000026077032
v 0.04058050364255908 0.060395535081625026 0.00921572931110859
v 0.041591566056013135 0.06127643585205082 0.008999999612569809
v 0.04024999961256984 0.060188766568899196 0.003000000026077032
v 0.041591566056013135 0.06127643585205082 0.008999999612569809
v 0.04226313903927806 0.06220190599560742 0.003000000026077032
v 0.03808998316526416 0.05948363989591603 0.010933044366538525
v 0.0382347106933594 0.059501200914382976 0.010786382481455803
v 0.03750000149011615 0.05945190414786343 0.003000000026077032
v 0.03750000149011615 0.05945190414786343 0.003000000026077032
v 0.0382347106933594 0.059501200914382976 0.010786382481455803
v 0.03857753798365596 0.0595878437161446 0.010510061867535114
v 0.03944328799843791 0.05980665236711506 0.00981226284056902
v 0.03750000149011615 0.05945190414786343 0.003000000026077032
v 0.03944328799843791 0.05980665236711506 0.00981226284056902
v 0.040172088891267804 0.060184046626091045 0.009429965168237686
v 0.03750000149011615 0.05945190414786343 0.003000000026077032
v 0.040172088891267804 0.060184046626091045 0.009429965168237686
v 0.04024999961256984 0.060188766568899196 0.003000000026077032
v 0.04024999961256984 0.060188766568899196 0.003000000026077032
v 0.040172088891267804 0.060184046626091045 0.009429965168237686
v 0.040235377848148374 0.060216818004846615 0.009396768175065517
v 0.04024999961256984 0.060188766568899196 0.003000000026077032
v 0.040235377848148374 0.060216818004846615 0.009396768175065517
v 0.04058050364255908 0.060395535081625026 0.00921572931110859
v 0.03605283424258234 0.05964570865035061 0.0140460804104805
v 0.0366340018808842 0.059520509093999904 0.013222462497651577
v 0.03474999964237215 0.060188766568899196 0.003000000026077032
v 0.03474999964237215 0.060188766568899196 0.003000000026077032
v 0.0366340018808842 0.059520509093999904 0.013222462497651577
v 0.03726708516478541 0.05945684015750889 0.012058498337864876
v 0.03474999964237215 0.060188766568899196 0.003000000026077032
v 0.03726708516478541 0.05945684015750889 0.012058498337864876
v 0.03750000149011615 0.05945190414786343 0.003000000026077032
v 0.03750000149011615 0.05945190414786343 0.003000000026077032
v 0.03726708516478541 0.05945684015750889 0.012058498337864876
v 0.03749968111515048 0.059464413672685665 0.011740383692085743
v 0.03808998316526416 0.05948363989591603 0.010933044366538525
v 0.03474999964237215 0.060188766568899196 0.003000000026077032
v 0.03273686021566393 0.06220190599560742 0.003000000026077032
v 0.03274311870336535 0.0622051022946835 0.011692465282976627
v 0.03274311870336535 0.0622051022946835 0.011692465282976627
v 0.032786089926958105 0.06211834400892262 0.011809663847088814
v 0.03474999964237215 0.060188766568899196 0.003000000026077032
v 0.03474999964237215 0.060188766568899196 0.003000000026077032
v 0.032786089926958105 0.06211834400892262 0.011809663847088814
v 0.032857589423656484 0.06200266256928448 0.012058498337864876
v 0.03474999964237215 0.060188766568899196 0.003000000026077032
v 0.032857589423656484 0.06200266256928448 0.012058498337864876
v 0.0331421382725239 0.061596453189849895 0.012989752925932407
v 0.0331421382725239 0.061596453189849895 0.012989752925932407
v 0.03320399671792986 0.06151761114597325 0.013157176785171032
v 0.03474999964237215 0.060188766568899196 0.003000000026077032
v 0.03474999964237215 0.060188766568899196 0.003000000026077032
v 0.03320399671792986 0.06151761114597325 0.013157176785171032
v 0.03383232653141024 0.060853347182273906 0.014339825138449669
v 0.03474999964237215 0.060188766568899196 0.003000000026077032
v 0.03383232653141024 0.060853347182273906 0.014339825138449669
v 0.03425709903240206 0.06050965189933781 0.014730739407241344
v 0.03531314432621004 0.05990535765886311 0.014709198847413063
v 0.03605283424258234 0.05964570865035061 0.0140460804104805
v 0.03494574874639513 0.06008099392056469 0.014854604378342628
v 0.03494574874639513 0.06008099392056469 0.014854604378342628
v 0.03605283424258234 0.05964570865035061 0.0140460804104805
v 0.03474999964237215 0.060188766568899196 0.003000000026077032
v 0.03494574874639513 0.06008099392056469 0.014854604378342628
v 0.03474999964237215 0.060188766568899196 0.003000000026077032
v 0.034752149134874365 0.06019249558448796 0.01485569030046463
v 0.034752149134874365 0.06019249558448796 0.01485569030046463
v 0.03474999964237215 0.060188766568899196 0.003000000026077032
v 0.03425709903240206 0.06050965189933781 0.014730739407241344
v 0.034752149134874365 0.06019249558448796 0.01485569030046463
v 0.03425709903240206 0.06050965189933781 0.014730739407241344
v 0.03456861153244974 0.060298200696706813 0.01485672127455473
v 0.03230566158890726 0.06318861991167073 0.010494722053408623
v 0.03233761340379717 0.06305460631847386 0.010593629442155361
v 0.03273686021566393 0.06220190599560742 0.003000000026077032
v 0.03273686021566393 0.06220190599560742 0.003000000026077032
v 0.03233761340379717 0.06305460631847386 0.010593629442155361
v 0.032389387488365194 0.06291926652193074 0.010727732442319393
v 0.03273686021566393 0.06220190599560742 0.003000000026077032
v 0.032389387488365194 0.06291926652193074 0.010727732442319393
v 0.03274311870336535 0.0622051022946835 0.011692465282976627
v 0.03202294930815699 0.06545381993055348 0.009181422181427479
v 0.03202909603714945 0.06495224684476857 0.00939358863979578
v 0.03200000151991846 0.06495190411806111 0.003000000026077032
v 0.03200000151991846 0.06495190411806111 0.003000000026077032
v 0.03202909603714945 0.06495224684476857 0.00939358863979578
v 0.03202999010682108 0.06487935781478886 0.009424419142305851
v 0.03200000151991846 0.06495190411806111 0.003000000026077032
v 0.03202999010682108 0.06487935781478886 0.009424419142305851
v 0.03273686021566393 0.06220190599560742 0.003000000026077032
v 0.03273686021566393 0.06220190599560742 0.003000000026077032
v 0.03202999010682108 0.06487935781478886 0.009424419142305851
v 0.03203689679503443 0.0643159002065659 0.009662761352956295
v 0.03203689679503443 0.0643159002065659 0.009662761352956295
v 0.03474999964237215 0.06971504539251332 0.003000000026077032
v 0.03391922265291216 0.06912659853696827 0.008999999612569809
v 0.03273686021566393 0.0677019059658051 0.003000000026077032
v 0.03273686021566393 0.0677019059658051 0.003000000026077032
v 0.03391922265291216 0.06912659853696827 0.008999999612569809
v 0.03273686021566393 0.0677019059658051 0.008999999612569809
v 0.03273686021566393 0.0677019059658051 0.003000000026077032
v 0.03273686021566393 0.0677019059658051 0.008999999612569809
v 0.03200000151991846 0.06495190411806111 0.003000000026077032
v 0.03200000151991846 0.06495190411806111 0.003000000026077032
v 0.03273686021566393 0.0677019059658051 0.008999999612569809
v 0.032271165400743505 0.06665757298469548 0.008999999612569809
v 0.03200000151991846 0.06495190411806111 0.003000000026077032
v 0.032271165400743505 0.06665757298469548 0.008999999612569809
v 0.03202294930815699 0.06545381993055348 0.009181422181427479
v 0.03529766947031023 0.06998450309038166 0.008746964856982231
v 0.03474999964237215 0.06971504539251332 0.003000000026077032
v 0.035487208515405676 0.07007037103176121 0.00868989247828722
v 0.035487208515405676 0.07007037103176121 0.00868989247828722
v 0.03474999964237215 0.06971504539251332 0.003000000026077032
v 0.03691233322024348 0.07042042165994648 0.00811590626835823
v 0.034979380667209646 0.0698403045535088 0.008842803537845612
v 0.03474999964237215 0.06971504539251332 0.003000000026077032
v 0.034979380667209646 0.0698403045535088 0.008842803537845612
v 0.03476350009441378 0.0696949735283852 0.008874813094735146
v 0.03391922265291216 0.06912659853696827 0.008999999612569809
v 0.03878507390618327 0.07029967010021214 0.007276488002389669
v 0.03750000149011615 0.07045190781354908 0.003000000026077032
v 0.03988914936780932 0.06990589201450352 0.006961786188185215
v 0.03988914936780932 0.06990589201450352 0.006961786188185215
v 0.03750000149011615 0.07045190781354908 0.003000000026077032
v 0.04024999961256984 0.06971504539251332 0.003000000026077032
v 0.03988914936780932 0.06990589201450352 0.006961786188185215
v 0.04024999961256984 0.06971504539251332 0.003000000026077032
v 0.04023908823728564 0.06969678401947026 0.0069718388840556145
v 0.03878507390618327 0.07029967010021214 0.007276488002389669
v 0.037578772753477124 0.07041056454181675 0.00781550444662571
v 0.03750000149011615 0.07045190781354908 0.003000000026077032
v 0.03750000149011615 0.07045190781354908 0.003000000026077032
v 0.037578772753477124 0.07041056454181675 0.00781550444662571
v 0.03749706223607066 0.07041808217763905 0.007852016016840935
v 0.03750000149011615 0.07045190781354908 0.003000000026077032
v 0.03749706223607066 0.07041808217763905 0.007852016016840935
v 0.03474999964237215 0.06971504539251332 0.003000000026077032
v 0.03474999964237215 0.06971504539251332 0.003000000026077032
v 0.03749706223607066 0.07041808217763905 0.007852016016840935
v 0.03721148148179057 0.07044433057308201 0.007979623973369598
v 0.03474999964237215 0.06971504539251332 0.003000000026077032
v 0.03721148148179057 0.07044433057308201 0.007979623973369598
v 0.03691233322024348 0.07042042165994648 0.00811590626835823
v 0.042168881744146375 0.06774976849555973 0.007804747670888901
v 0.0418248884379864 0.06834974884986882 0.007489092648029327
v 0.04226313903927806 0.0677019059658051 0.003000000026077032
v 0.0418248884379864 0.06834974884986882 0.007489092648029327
v 0.04155222326517108 0.0686707049608231 0.007312704809010029
v 0.04226313903927806 0.0677019059658051 0.003000000026077032
v 0.04226313903927806 0.0677019059658051 0.003000000026077032
v 0.04155222326517108 0.0686707049608231 0.007312704809010029
v 0.04119315743446353 0.06899079680442814 0.007169879041612148
v 0.04226313903927806 0.0677019059658051 0.003000000026077032
v 0.04119315743446353 0.06899079680442814 0.007169879041612148
v 0.04024999961256984 0.06971504539251332 0.003000000026077032
v 0.04024999961256984 0.06971504539251332 0.003000000026077032
v 0.04119315743446353 0.06899079680442814 0.007169879041612148
v 0.04073079302906993 0.06940297037363057 0.0069859642535448074
v 0.04024999961256984 0.06971504539251332 0.003000000026077032
v 0.04073079302906993 0.06940297037363057 0.0069859642535448074
v 0.04023908823728564 0.06969678401947026 0.0069718388840556145
v 0.04298531636595729 0.06535353511571888 0.008808480575680733
v 0.042940832674503354 0.06556345522403721 0.008733545430004597
v 0.043000001460313825 0.06495190411806111 0.003000000026077032
v 0.041591566056013135 0.06127643585205082 0.008999999612569809
v 0.04226313903927806 0.06220190599560742 0.008999999612569809
v 0.04226313903927806 0.06220190599560742 0.003000000026077032
v 0.04226313903927806 0.06220190599560742 0.003000000026077032
v 0.04226313903927806 0.06220190599560742 0.008999999612569809
v 0.04290577769279483 0.06393820792436604 0.008999999612569809
v 0.04226313903927806 0.06220190599560742 0.003000000026077032
v 0.04290577769279483 0.06393820792436604 0.008999999612569809
v 0.043000001460313825 0.06495190411806111 0.003000000026077032
v 0.043000001460313825 0.06495190411806111 0.003000000026077032
v 0.04290577769279483 0.06393820792436604 0.008999999612569809
v 0.04296286031603816 0.06495398283004765 0.00886254757642746
v 0.04298531636595729 0.06535353511571888 0.008808480575680733
v 0.042676735669374494 0.06680969893932347 0.008288671262562275
v 0.043000001460313825 0.06495190411806111 0.003000000026077032
v 0.042676735669374494 0.06680969893932347 0.008288671262562275
v 0.04261730611324313 0.06696763634681706 0.008216231130063534
v 0.043000001460313825 0.06495190411806111 0.003000000026077032
v 0.04261730611324313 0.06696763634681706 0.008216231130063534
v 0.04226313903927806 0.0677019059658051 0.003000000026077032
v 0.04261730611324313 0.06696763634681706 0.008216231130063534
v 0.04221285879611972 0.0676730647683144 0.007845100946724415
v 0.03584999963641169 0.06780979037284855 0.003000000026077032
v 0.03750000149011615 0.06825190782547001 0.003000000026077032
v 0.03474999964237215 0.06971504539251332 0.003000000026077032
v 0.034642115235328695 0.06660190224647526 0.003000000026077032
v 0.03273686021566393 0.0677019059658051 0.003000000026077032
v 0.034200001507997534 0.06495190411806111 0.003000000026077032
v 0.03200000151991846 0.06495190411806111 0.003000000026077032
v 0.034642115235328695 0.06330190598964695 0.003000000026077032
v 0.03273686021566393 0.06220190599560742 0.003000000026077032
v 0.03584999963641169 0.06209402158856396 0.003000000026077032
v 0.03474999964237215 0.060188766568899196 0.003000000026077032
v 0.03750000149011615 0.0616519041359425 0.003000000026077032
v 0.03750000149011615 0.05945190414786343 0.003000000026077032
v 0.0391499996185303 0.06209402158856396 0.003000000026077032
v 0.04024999961256984 0.060188766568899196 0.003000000026077032
v 0.040357884019613294 0.06330190598964695 0.003000000026077032
v 0.04226313903927806 0.06220190599560742 0.003000000026077032
v 0.040800001472234754 0.06495190411806111 0.003000000026077032
v 0.043000001460313825 0.06495190411806111 0.003000000026077032
v 0.040357884019613294 0.06660190224647526 0.003000000026077032
v 0.04226313903927806 0.0677019059658051 0.003000000026077032
v 0.0391499996185303 0.06780979037284855 0.003000000026077032
v 0.04024999961256984 0.06971504539251332 0.003000000026077032
v 0.03750000149011615 0.07045190781354908 0.003000000026077032
v -0.035011593252420446 0.06004702672362332 0.015072940848767757
v -0.03475869446992876 0.060202911496162456 0.014956941828131676
v -0.03474999964237215 0.060188766568899196 0.003000000026077032
v -0.04024999961256984 0.060188766568899196 0.003000000026077032
v -0.04226313903927806 0.06220190599560742 0.003000000026077032
v -0.04223176836967471 0.062218379229307216 0.009116973727941513
v -0.04223176836967471 0.062218379229307216 0.009116973727941513
v -0.04202740266919139 0.06182898581027989 0.009175248444080353
v -0.04024999961256984 0.060188766568899196 0.003000000026077032
v -0.04024999961256984 0.060188766568899196 0.003000000026077032
v -0.04202740266919139 0.06182898581027989 0.009175248444080353
v -0.04171096533536914 0.061488408595323604 0.00934402272105217
v -0.04094673693180087 0.06066587939858441 0.009751633740961552
v -0.043000001460313825 0.06495190411806111 0.003000000026077032
v -0.04290577769279483 0.06393820792436604 0.008999999612569809
v -0.04226313903927806 0.06220190599560742 0.003000000026077032
v -0.04226313903927806 0.06220190599560742 0.003000000026077032
v -0.04290577769279483 0.06393820792436604 0.008999999612569809
v -0.04264198988676074 0.063000001013279 0.008999999612569809
v -0.04226313903927806 0.06220190599560742 0.003000000026077032
v -0.04264198988676074 0.063000001013279 0.008999999612569809
v -0.04223176836967471 0.062218379229307216 0.009116973727941513
v -0.042676735669374494 0.06680969893932347 0.008288671262562275
v -0.042940832674503354 0.06556345522403721 0.008733545430004597
v -0.043000001460313825 0.06495190411806111 0.003000000026077032
v -0.04298531636595729 0.06535353511571888 0.008808480575680733
v -0.043000001460313825 0.06495190411806111 0.003000000026077032
v -0.04298531636595729 0.06535353511571888 0.008808480575680733
v -0.04296286031603816 0.06495398283004765 0.00886254757642746
v -0.04290577769279483 0.06393820792436604 0.008999999612569809
v -0.03988914936780932 0.06990589201450352 0.006961786188185215
v -0.04023908823728564 0.06969678401947026 0.0069718388840556145
v -0.04024999961256984 0.06971504539251332 0.003000000026077032
v -0.04024999961256984 0.06971504539251332 0.003000000026077032
v -0.04023908823728564 0.06969678401947026 0.0069718388840556145
v -0.04073079302906993 0.06940297037363057 0.0069859642535448074
v -0.04024999961256984 0.06971504539251332 0.003000000026077032
v -0.04073079302906993 0.06940297037363057 0.0069859642535448074
v -0.04226313903927806 0.0677019059658051 0.003000000026077032
v -0.04073079302906993 0.06940297037363057 0.0069859642535448074
v -0.04155222326517108 0.0686707049608231 0.007312704809010029
v -0.04226313903927806 0.0677019059658051 0.003000000026077032
v -0.04226313903927806 0.0677019059658051 0.003000000026077032
v -0.04155222326517108 0.0686707049608231 0.007312704809010029
v -0.0418248884379864 0.06834974884986882 0.007489092648029327
v -0.04226313903927806 0.0677019059658051 0.003000000026077032
v -0.0418248884379864 0.06834974884986882 0.007489092648029327
v -0.04208814352750781 0.06789059191942219 0.007730658631771803
v -0.04208814352750781 0.06789059191942219 0.007730658631771803
v -0.042168881744146375 0.06774976849555973 0.007804747670888901
v -0.04226313903927806 0.0677019059658051 0.003000000026077032
v -0.04221285879611972 0.0676730647683144 0.007845100946724415
v -0.04226313903927806 0.0677019059658051 0.003000000026077032
v -0.04221285879611972 0.0676730647683144 0.007845100946724415
v -0.043000001460313825 0.06495190411806111 0.003000000026077032
v -0.043000001460313825 0.06495190411806111 0.003000000026077032
v -0.04221285879611972 0.0676730647683144 0.007845100946724415
v -0.04261730611324313 0.06696763634681706 0.008216231130063534
v -0.043000001460313825 0.06495190411806111 0.003000000026077032
v -0.04261730611324313 0.06696763634681706 0.008216231130063534
v -0.042676735669374494 0.06680969893932347 0.008288671262562275
v -0.03988914936780932 0.06990589201450352 0.006961786188185215
v -0.04024999961256984 0.06971504539251332 0.003000000026077032
v -0.03878507390618327 0.07029967010021214 0.007276488002389669
v -0.03878507390618327 0.07029967010021214 0.007276488002389669
v -0.04024999961256984 0.06971504539251332 0.003000000026077032
v -0.03750000149011615 0.07045190781354908 0.003000000026077032
v -0.03878507390618327 0.07029967010021214 0.007276488002389669
v -0.03750000149011615 0.07045190781354908 0.003000000026077032
v -0.037578772753477124 0.07041056454181675 0.00781550444662571
v -0.03476350009441378 0.0696949735283852 0.008874813094735146
v -0.034979380667209646 0.0698403045535088 0.008842803537845612
v -0.03474999964237215 0.06971504539251332 0.003000000026077032
v -0.03474999964237215 0.06971504539251332 0.003000000026077032
v -0.034979380667209646 0.0698403045535088 0.008842803537845612
v -0.03529766947031023 0.06998450309038166 0.008746964856982231
v -0.035487208515405676 0.07007037103176121 0.00868989247828722
v -0.035487208515405676 0.07007037103176121 0.00868989247828722
v -0.03691233322024348 0.07042042165994648 0.00811590626835823
v -0.03474999964237215 0.06971504539251332 0.003000000026077032
v -0.03474999964237215 0.06971504539251332 0.003000000026077032
v -0.03691233322024348 0.07042042165994648 0.00811590626835823
v -0.03721148148179057 0.07044433057308201 0.007979623973369598
v -0.03474999964237215 0.06971504539251332 0.003000000026077032
v -0.03721148148179057 0.07044433057308201 0.007979623973369598
v -0.03750000149011615 0.07045190781354908 0.003000000026077032
v -0.03750000149011615 0.07045190781354908 0.003000000026077032
v -0.03721148148179057 0.07044433057308201 0.007979623973369598
v -0.03749706223607066 0.07041808217763905 0.007852016016840935
v -0.03750000149011615 0.07045190781354908 0.003000000026077032
v -0.03749706223607066 0.07041808217763905 0.007852016016840935
v -0.037578772753477124 0.07041056454181675 0.00781550444662571
v -0.03391922265291216 0.06912659853696827 0.008999999612569809
v -0.03391922265291216 0.06912659853696827 0.008999999612569809
v -0.03474999964237215 0.06971504539251332 0.003000000026077032
v -0.03273686021566393 0.0677019059658051 0.003000000026077032
v -0.03391922265291216 0.06912659853696827 0.008999999612569809
v -0.03273686021566393 0.0677019059658051 0.003000000026077032
v -0.03273686021566393 0.0677019059658051 0.008999999612569809
v -0.03273686021566393 0.0677019059658051 0.008999999612569809
v -0.03273686021566393 0.0677019059658051 0.003000000026077032
v -0.032271165400743505 0.06665757298469548 0.008999999612569809
v -0.032271165400743505 0.06665757298469548 0.008999999612569809
v -0.03273686021566393 0.0677019059658051 0.003000000026077032
v -0.03200000151991846 0.06495190411806111 0.003000000026077032
v -0.032271165400743505 0.06665757298469548 0.008999999612569809
v -0.03200000151991846 0.06495190411806111 0.003000000026077032
v -0.03201381862163546 0.06534151732921605 0.00921572931110859
v -0.03246935084462168 0.06272871792316441 0.010933044366538525
v -0.03241219371557238 0.06286282837390904 0.010786382481455803
v -0.03273686021566393 0.06220190599560742 0.003000000026077032
v -0.03273686021566393 0.06220190599560742 0.003000000026077032
v -0.03241219371557238 0.06286282837390904 0.010786382481455803
v -0.03231581673026087 0.06320305168628697 0.010510061867535114
v -0.032072436064481756 0.06406221538782124 0.00981226284056902
v -0.03273686021566393 0.06220190599560742 0.003000000026077032
v -0.032072436064481756 0.06406221538782124 0.00981226284056902
v -0.032034870237112066 0.06488207727670674 0.009429965168237686
v -0.03273686021566393 0.06220190599560742 0.003000000026077032
v -0.032034870237112066 0.06488207727670674 0.009429965168237686
v -0.03200000151991846 0.06495190411806111 0.003000000026077032
v -0.03200000151991846 0.06495190411806111 0.003000000026077032
v -0.032034870237112066 0.06488207727670674 0.009429965168237686
v -0.03203160688281061 0.06495326757431034 0.009396768175065517
v -0.03200000151991846 0.06495190411806111 0.003000000026077032
v -0.03203160688281061 0.06495326757431034 0.009396768175065517
v -0.03201381862163546 0.06534151732921605 0.00921572931110859
v -0.03423626348376276 0.0605249404907227 0.014717313461005688
v -0.03474999964237215 0.060188766568899196 0.003000000026077032
v -0.03423626348376276 0.0605249404907227 0.014717313461005688
v -0.033700142055749914 0.060975592583417934 0.014158274978399277
v -0.03474999964237215 0.060188766568899196 0.003000000026077032
v -0.033700142055749914 0.060975592583417934 0.014158274978399277
v -0.03305746242403986 0.06170939654111866 0.012741888873279095
v -0.03305746242403986 0.06170939654111866 0.012741888873279095
v -0.03292071446776392 0.06190557032823567 0.012290704995393753
v -0.03474999964237215 0.060188766568899196 0.003000000026077032
v -0.03474999964237215 0.060188766568899196 0.003000000026077032
v -0.03292071446776392 0.06190557032823567 0.012290704995393753
v -0.032857589423656484 0.06200266256928448 0.012058498337864876
v -0.03474999964237215 0.060188766568899196 0.003000000026077032
v -0.032857589423656484 0.06200266256928448 0.012058498337864876
v -0.03273686021566393 0.06220190599560742 0.003000000026077032
v -0.03273686021566393 0.06220190599560742 0.003000000026077032
v -0.032857589423656484 0.06200266256928448 0.012058498337864876
v -0.03274785354733469 0.06220788508653645 0.011740383692085743
v -0.03246935084462168 0.06272871792316441 0.010933044366538525
v -0.03750000149011615 0.05945190414786343 0.003000000026077032
v -0.037500031292438535 0.05946475639939312 0.013213898986577988
v -0.03474999964237215 0.060188766568899196 0.003000000026077032
v -0.03474999964237215 0.060188766568899196 0.003000000026077032
v -0.037500031292438535 0.05946475639939312 0.013213898986577988
v -0.03710541501641276 0.05946607887744908 0.014025851152837276
v -0.03474999964237215 0.060188766568899196 0.003000000026077032
v -0.03710541501641276 0.05946607887744908 0.014025851152837276
v -0.03652938827872279 0.05953822657465939 0.014721741899847984
v -0.03652938827872279 0.05953822657465939 0.014721741899847984
v -0.036113280802965185 0.059629593044519466 0.014999475330114365
v -0.03474999964237215 0.060188766568899196 0.003000000026077032
v -0.03474999964237215 0.060188766568899196 0.003000000026077032
v -0.036113280802965185 0.059629593044519466 0.014999475330114365
v -0.03555435687303545 0.059807542711496395 0.015138141810894012
v -0.03474999964237215 0.060188766568899196 0.003000000026077032
v -0.03555435687303545 0.059807542711496395 0.015138141810894012
v -0.035011593252420446 0.06004702672362332 0.015072940848767757
v -0.03912963718175891 0.059736017137765926 0.011033475399017334
v -0.03836354613304141 0.059520121663808864 0.011700942181050777
v -0.03750000149011615 0.05945190414786343 0.003000000026077032
v -0.04094673693180087 0.06066587939858441 0.009751633740961552
v -0.04022169858217242 0.06023666635155682 0.010221127420663834
v -0.04024999961256984 0.060188766568899196 0.003000000026077032
v -0.04001045599579814 0.06011161580681805 0.010357916355133057
v -0.04024999961256984 0.060188766568899196 0.003000000026077032
v -0.04001045599579814 0.06011161580681805 0.010357916355133057
v -0.03750000149011615 0.05945190414786343 0.003000000026077032
v -0.03750000149011615 0.05945190414786343 0.003000000026077032
v -0.04001045599579814 0.06011161580681805 0.010357916355133057
v -0.03959982097148898 0.059868525713682216 0.010623820126056671
v -0.03959982097148898 0.059868525713682216 0.010623820126056671
v -0.03836354613304141 0.059520121663808864 0.011700942181050777
v -0.03833675384521487 0.0595171228051186 0.011742091737687588
v -0.03750000149011615 0.05945190414786343 0.003000000026077032
v -0.03750000149011615 0.05945190414786343 0.003000000026077032
v -0.03833675384521487 0.0595171228051186 0.011742091737687588
v -0.037857763469219236 0.05946355685591702 0.012477833777666092
v -0.03750000149011615 0.05945190414786343 0.003000000026077032
v -0.037857763469219236 0.05946355685591702 0.012477833777666092
v -0.037500031292438535 0.05946475639939312 0.013213898986577988
v -0.03584999963641169 0.06780979037284855 0.0
v -0.03750000149011615 0.06825190782547001 0.003000000026077032
v -0.03750000149011615 0.06825190782547001 0.0
v -0.03750000149011615 0.06825190782547001 0.0
v -0.03750000149011615 0.06825190782547001 0.003000000026077032
v -0.0391499996185303 0.06780979037284855 0.003000000026077032
v -0.0391499996185303 0.06780979037284855 0.0
v -0.0391499996185303 0.06780979037284855 0.0
v -0.0391499996185303 0.06780979037284855 0.003000000026077032
v -0.040357884019613294 0.06660190224647526 0.003000000026077032
v -0.040357884019613294 0.06660190224647526 0.0
v -0.040357884019613294 0.06660190224647526 0.0
v -0.040357884019613294 0.06660190224647526 0.003000000026077032
v -0.040800001472234754 0.06495190411806111 0.003000000026077032
v -0.040800001472234754 0.06495190411806111 0.0
v -0.040800001472234754 0.06495190411806111 0.0
v -0.040800001472234754 0.06495190411806111 0.003000000026077032
v -0.040357884019613294 0.06330190598964695 0.003000000026077032
v -0.040357884019613294 0.06330190598964695 0.0
v -0.040357884019613294 0.06330190598964695 0.0
v -0.040357884019613294 0.06330190598964695 0.003000000026077032
v -0.0391499996185303 0.06209402158856396 0.003000000026077032
v -0.0391499996185303 0.06209402158856396 0.0
v -0.0391499996185303 0.06209402158856396 0.0
v -0.0391499996185303 0.06209402158856396 0.003000000026077032
v -0.03750000149011615 0.0616519041359425 0.003000000026077032
v -0.03750000149011615 0.0616519041359425 0.0
v -0.03750000149011615 0.0616519041359425 0.0
v -0.03750000149011615 0.0616519041359425 0.003000000026077032
v -0.03584999963641169 0.06209402158856396 0.003000000026077032
v -0.03584999963641169 0.06209402158856396 0.0
v -0.03584999963641169 0.06209402158856396 0.0
v -0.03584999963641169 0.06209402158856396 0.003000000026077032
v -0.034642115235328695 0.06330190598964695 0.003000000026077032
v -0.034642115235328695 0.06330190598964695 0.0
v -0.034642115235328695 0.06330190598964695 0.0
v -0.034642115235328695 0.06330190598964695 0.003000000026077032
v -0.034200001507997534 0.06495190411806111 0.003000000026077032
v -0.034200001507997534 0.06495190411806111 0.0
v -0.034200001507997534 0.06495190411806111 0.0
v -0.034200001507997534 0.06495190411806111 0.003000000026077032
v -0.034642115235328695 0.06660190224647526 0.003000000026077032
v -0.034642115235328695 0.06660190224647526 0.0
v -0.034642115235328695 0.06660190224647526 0.0
v -0.034642115235328695 0.06660190224647526 0.003000000026077032
v -0.03584999963641169 0.06780979037284855 0.003000000026077032
v -0.03584999963641169 0.06780979037284855 0.0
v -0.03584999963641169 0.06780979037284855 0.003000000026077032
v -0.0391499996185303 0.06780979037284855 0.003000000026077032
v -0.03750000149011615 0.06825190782547001 0.003000000026077032
v -0.04024999961256984 0.06971504539251332 0.003000000026077032
v -0.040357884019613294 0.06660190224647526 0.003000000026077032
v -0.04226313903927806 0.0677019059658051 0.003000000026077032
v -0.040800001472234754 0.06495190411806111 0.003000000026077032
v -0.043000001460313825 0.06495190411806111 0.003000000026077032
v -0.040357884019613294 0.06330190598964695 0.003000000026077032
v -0.04226313903927806 0.06220190599560742 0.003000000026077032
v -0.0391499996185303 0.06209402158856396 0.003000000026077032
v -0.04024999961256984 0.060188766568899196 0.003000000026077032
v -0.03750000149011615 0.0616519041359425 0.003000000026077032
v -0.03750000149011615 0.05945190414786343 0.003000000026077032
v -0.03584999963641169 0.06209402158856396 0.003000000026077032
v -0.03474999964237215 0.060188766568899196 0.003000000026077032
v -0.034642115235328695 0.06330190598964695 0.003000000026077032
v -0.03273686021566393 0.06220190599560742 0.003000000026077032
v -0.034200001507997534 0.06495190411806111 0.003000000026077032
v -0.03200000151991846 0.06495190411806111 0.003000000026077032
v -0.034642115235328695 0.06660190224647526 0.003000000026077032
v -0.03273686021566393 0.0677019059658051 0.003000000026077032
v -0.03584999963641169 0.06780979037284855 0.003000000026077032
v -0.03474999964237215 0.06971504539251332 0.003000000026077032
v -0.03750000149011615 0.07045190781354908 0.003000000026077032
v -0.04297586902976039 -0.06495356559753422 0.008874813094735146
v -0.043000001460313825 -0.06495190411806111 0.003000000026077032
v -0.04290577769279483 -0.06393820792436604 0.008999999612569809
v -0.04290577769279483 -0.06393820792436604 0.008999999612569809
v -0.043000001460313825 -0.06495190411806111 0.003000000026077032
v -0.04226313903927806 -0.06220190599560742 0.003000000026077032
v -0.04290577769279483 -0.06393820792436604 0.008999999612569809
v -0.04226313903927806 -0.06220190599560742 0.003000000026077032
v -0.04264198988676074 -0.063000001013279 0.008999999612569809
v -0.04094673693180087 -0.06066587939858441 0.009751633740961552
v -0.041279103606939344 -0.06101925298571591 0.009573332034051418
v -0.04024999961256984 -0.060188766568899196 0.003000000026077032
v -0.04198895394802096 -0.061773966997861904 0.009192527271807194
v -0.04024999961256984 -0.060188766568899196 0.003000000026077032
v -0.04198895394802096 -0.061773966997861904 0.009192527271807194
v -0.04226313903927806 -0.06220190599560742 0.003000000026077032
v -0.04226313903927806 -0.06220190599560742 0.003000000026077032
v -0.04198895394802096 -0.061773966997861904 0.009192527271807194
v -0.04222711548209193 -0.06222110241651539 0.009122313000261784
v -0.04264198988676074 -0.063000001013279 0.008999999612569809
v -0.03785777091979983 -0.05946355685591702 0.012477821670472622
v -0.03803335130214694 -0.059477828443050426 0.01213472057133913
v -0.03750000149011615 -0.05945190414786343 0.003000000026077032
v -0.03750000149011615 -0.05945190414786343 0.003000000026077032
v -0.03803335130214694 -0.059477828443050426 0.01213472057133913
v -0.03835397958755496 -0.05952901765704159 0.011761154048144817
v -0.03869761526584628 -0.05958387628197674 0.011360784992575645
v -0.03750000149011615 -0.05945190414786343 0.003000000026077032
v -0.03869761526584628 -0.05958387628197674 0.011360784992575645
v -0.03891765326261523 -0.0596377477049828 0.011162840761244297
v -0.03750000149011615 -0.05945190414786343 0.003000000026077032
v -0.03891765326261523 -0.0596377477049828 0.011162840761244297
v -0.0390892140567303 -0.05970800295472149 0.011035790666937828
v -0.04001628980040553 -0.060087651014328045 0.010349245741963387
v -0.04021686315536502 -0.06016978621482853 0.010200711898505688
v -0.03750000149011615 -0.05945190414786343 0.003000000026077032
v -0.04021686315536502 -0.06016978621482853 0.010200711898505688
v -0.04024999961256984 -0.060188766568899196 0.003000000026077032
v -0.04024999961256984 -0.060188766568899196 0.003000000026077032
v -0.04021686315536502 -0.06016978621482853 0.010200711898505688
v -0.04024836421012881 -0.06019119918346409 0.01018132921308279
v -0.04024999961256984 -0.060188766568899196 0.003000000026077032
v -0.04024836421012881 -0.06019119918346409 0.01018132921308279
v -0.04094673693180087 -0.06066587939858441 0.009751633740961552
v -0.03527659550309183 -0.059921350330114406 0.015126216225326061
v -0.03574930503964426 -0.05973797291517262 0.015116432681679726
v -0.03474999964237215 -0.060188766568899196 0.003000000026077032
v -0.03574930503964426 -0.05973797291517262 0.015116432681679726
v -0.036210402846336386 -0.059605229645967525 0.014949456788599491
v -0.03474999964237215 -0.060188766568899196 0.003000000026077032
v -0.03474999964237215 -0.060188766568899196 0.003000000026077032
v -0.036210402846336386 -0.059605229645967525 0.014949456788599491
v -0.03668673336505893 -0.05951236560940747 0.014570296742022038
v -0.03474999964237215 -0.060188766568899196 0.003000000026077032
v -0.03668673336505893 -0.05951236560940747 0.014570296742022038
v -0.03750000149011615 -0.05945190414786343 0.003000000026077032
v -0.03750000149011615 -0.05945190414786343 0.003000000026077032
v -0.03668673336505893 -0.05951236560940747 0.014570296742022038
v -0.03750082477927211 -0.059478435665369075 0.01311563327908516
v -0.03785777091979983 -0.05946355685591702 0.012477821670472622
v -0.03474999964237215 -0.060188766568899196 0.003000000026077032
v -0.03273686021566393 -0.06220190599560742 0.003000000026077032
v -0.03274311870336535 -0.0622051022946835 0.011692465282976627
v -0.03274311870336535 -0.0622051022946835 0.011692465282976627
v -0.032786089926958105 -0.06211834400892262 0.011809663847088814
v -0.03474999964237215 -0.060188766568899196 0.003000000026077032
v -0.03474999964237215 -0.060188766568899196 0.003000000026077032
v -0.032786089926958105 -0.06211834400892262 0.011809663847088814
v -0.032857589423656484 -0.06200266256928448 0.012058498337864876
v -0.03474999964237215 -0.060188766568899196 0.003000000026077032
v -0.032857589423656484 -0.06200266256928448 0.012058498337864876
v -0.033416498452425024 -0.06126747652888302 0.013654470443725586
v -0.033416498452425024 -0.06126747652888302 0.013654470443725586
v -0.03360589221119883 -0.061067845672369045 0.014009075239300728
v -0.03474999964237215 -0.060188766568899196 0.003000000026077032
v -0.03474999964237215 -0.060188766568899196 0.003000000026077032
v -0.03360589221119883 -0.061067845672369045 0.014009075239300728
v -0.034099873155355474 -0.06062881276011471 0.014617796055972576
v -0.03474999964237215 -0.060188766568899196 0.003000000026077032
v -0.034099873155355474 -0.06062881276011471 0.014617796055972576
v -0.03413180634379389 -0.060604490339756054 0.01464110892266035
v -0.03413180634379389 -0.060604490339756054 0.01464110892266035
v -0.03423565626144411 -0.06052538752555851 0.014716925099492073
v -0.03474999964237215 -0.060188766568899196 0.003000000026077032
v -0.03474999964237215 -0.060188766568899196 0.003000000026077032
v -0.03423565626144411 -0.06052538752555851 0.014716925099492073
v -0.034766562283039114 -0.06021731346845631 0.014925675466656685
v -0.03527659550309183 -0.059921350330114406 0.015126216225326061
v -0.03230566158890726 -0.06318861991167073 0.010494722053408623
v -0.03233761340379717 -0.06305460631847386 0.010593629442155361
v -0.03273686021566393 -0.06220190599560742 0.003000000026077032
v -0.03273686021566393 -0.06220190599560742 0.003000000026077032
v -0.03233761340379717 -0.06305460631847386 0.010593629442155361
v -0.032389387488365194 -0.06291926652193074 0.010727732442319393
v -0.03273686021566393 -0.06220190599560742 0.003000000026077032
v -0.032389387488365194 -0.06291926652193074 0.010727732442319393
v -0.03274311870336535 -0.0622051022946835 0.011692465282976627
v -0.03202294930815699 -0.06545381993055348 0.009181422181427479
v -0.03202909603714945 -0.06495224684476857 0.00939358863979578
v -0.03200000151991846 -0.06495190411806111 0.003000000026077032
v -0.03200000151991846 -0.06495190411806111 0.003000000026077032
v -0.03202909603714945 -0.06495224684476857 0.00939358863979578
v -0.03202999010682108 -0.06487935781478886 0.009424419142305851
v -0.03200000151991846 -0.06495190411806111 0.003000000026077032
v -0.03202999010682108 -0.06487935781478886 0.009424419142305851
v -0.03273686021566393 -0.06220190599560742 0.003000000026077032
v -0.03273686021566393 -0.06220190599560742 0.003000000026077032
v -0.03202999010682108 -0.06487935781478886 0.009424419142305851
v -0.03203689679503443 -0.0643159002065659 0.009662761352956295
v -0.03203689679503443 -0.0643159002065659 0.009662761352956295
v -0.03474999964237215 -0.06971504539251332 0.003000000026077032
v -0.03391922265291216 -0.06912659853696827 0.008999999612569809
v -0.03273686021566393 -0.0677019059658051 0.003000000026077032
v -0.03273686021566393 -0.0677019059658051 0.003000000026077032
v -0.03391922265291216 -0.06912659853696827 0.008999999612569809
v -0.03273686021566393 -0.0677019059658051 0.008999999612569809
v -0.03273686021566393 -0.0677019059658051 0.003000000026077032
v -0.03273686021566393 -0.0677019059658051 0.008999999612569809
v -0.03200000151991846 -0.06495190411806111 0.003000000026077032
v -0.03200000151991846 -0.06495190411806111 0.003000000026077032
v -0.03273686021566393 -0.0677019059658051 0.008999999612569809
v -0.032271165400743505 -0.06665757298469548 0.008999999612569809
v -0.03200000151991846 -0.06495190411806111 0.003000000026077032
v -0.032271165400743505 -0.06665757298469548 0.008999999612569809
v -0.03202294930815699 -0.06545381993055348 0.009181422181427479
v -0.03652052953839305 -0.07036399096250538 0.008288671262562275
v -0.03530919924378397 -0.06996957957744603 0.008733545430004597
v -0.03474999964237215 -0.06971504539251332 0.003000000026077032
v -0.035105161368846914 -0.06990314275026326 0.008808480575680733
v -0.03474999964237215 -0.06971504539251332 0.003000000026077032
v -0.035105161368846914 -0.06990314275026326 0.008808480575680733
v -0.03477036580443384 -0.06968391686677937 0.00886254757642746
v -0.03474999964237215 -0.06971504539251332 0.003000000026077032
v -0.03477036580443384 -0.06968391686677937 0.00886254757642746
v -0.03391922265291216 -0.06912659853696827 0.008999999612569809
v -0.04024999961256984 -0.06971504539251332 0.003000000026077032
v -0.04023964330554011 -0.06969646364450459 0.0069718388840556145
v -0.03973933681845668 -0.06997538357973103 0.0069859642535448074
v -0.04024999961256984 -0.06971504539251332 0.003000000026077032
v -0.03973933681845668 -0.06997538357973103 0.0069859642535448074
v -0.03750000149011615 -0.07045190781354908 0.003000000026077032
v -0.03750000149011615 -0.07045190781354908 0.003000000026077032
v -0.03973933681845668 -0.06997538357973103 0.0069859642535448074
v -0.03869446367025378 -0.07032063603401188 0.007312704809010029
v -0.03750000149011615 -0.07045190781354908 0.003000000026077032
v -0.03869446367025378 -0.07032063603401188 0.007312704809010029
v -0.03828017413616183 -0.07039628922939305 0.007489092648029327
v -0.03828017413616183 -0.07039628922939305 0.007489092648029327
v -0.037588577717542676 -0.07039420306682591 0.007804747670888901
v -0.03750000149011615 -0.07045190781354908 0.003000000026077032
v -0.03750000149011615 -0.07045190781354908 0.003000000026077032
v -0.037588577717542676 -0.07039420306682591 0.007804747670888901
v -0.03750016540288928 -0.07039394229650502 0.007845100946724415
v -0.03750000149011615 -0.07045190781354908 0.003000000026077032
v -0.03750016540288928 -0.07039394229650502 0.007845100946724415
v -0.03474999964237215 -0.06971504539251332 0.003000000026077032
v -0.03474999964237215 -0.06971504539251332 0.003000000026077032
v -0.03750016540288928 -0.07039394229650502 0.007845100946724415
v -0.03668702393770221 -0.07039149105548863 0.008216231130063534
v -0.03474999964237215 -0.06971504539251332 0.003000000026077032
v -0.03668702393770221 -0.07039149105548863 0.008216231130063534
v -0.03652052953839305 -0.07036399096250538 0.008288671262562275
v -0.0421879515051842 -0.06774945557117466 0.00781550444662571
v -0.04208867251873019 -0.06788992136716847 0.007738967426121235
v -0.04226313903927806 -0.0677019059658051 0.003000000026077032
v -0.04148876294493678 -0.06873869150877003 0.007276488002389669
v -0.04226313903927806 -0.0677019059658051 0.003000000026077032
v -0.04148876294493678 -0.06873869150877003 0.007276488002389669
v -0.04024999961256984 -0.06971504539251332 0.003000000026077032
v -0.04024999961256984 -0.06971504539251332 0.003000000026077032
v -0.04148876294493678 -0.06873869150877003 0.007276488002389669
v -0.040595702826976804 -0.06949796527624134 0.006961786188185215
v -0.040595702826976804 -0.06949796527624134 0.006961786188185215
v -0.04299379140138629 -0.06521318852901463 0.008842803537845612
v -0.043000001460313825 -0.06495190411806111 0.003000000026077032
v -0.04299379140138629 -0.06521318852901463 0.008842803537845612
v -0.04295952245593074 -0.06556092947721485 0.008746964856982231
v -0.04293911531567576 -0.06576800346374516 0.00868989247828722
v -0.04293911531567576 -0.06576800346374516 0.00868989247828722
v -0.0425297059118748 -0.06717722862958912 0.00811590626835823
v -0.043000001460313825 -0.06495190411806111 0.003000000026077032
v -0.043000001460313825 -0.06495190411806111 0.003000000026077032
v -0.0425297059118748 -0.06717722862958912 0.00811590626835823
v -0.042400840669870404 -0.06744825094938282 0.007979623973369598
v -0.043000001460313825 -0.06495190411806111 0.003000000026077032
v -0.042400840669870404 -0.06744825094938282 0.007979623973369598
v -0.04226313903927806 -0.0677019059658051 0.003000000026077032
v -0.042400840669870404 -0.06744825094938282 0.007979623973369598
v -0.042235314846038846 -0.06768244504928593 0.007852016016840935
v -0.04226313903927806 -0.0677019059658051 0.003000000026077032
v -0.042235314846038846 -0.06768244504928593 0.007852016016840935
v -0.0421879515051842 -0.06774945557117466 0.00781550444662571
v -0.03584999963641169 -0.06209402158856396 0.0
v -0.03750000149011615 -0.0616519041359425 0.003000000026077032
v -0.03750000149011615 -0.0616519041359425 0.0
v -0.03750000149011615 -0.0616519041359425 0.0
v -0.03750000149011615 -0.0616519041359425 0.003000000026077032
v -0.0391499996185303 -0.06209402158856396 0.003000000026077032
v -0.0391499996185303 -0.06209402158856396 0.0
v -0.0391499996185303 -0.06209402158856396 0.0
v -0.0391499996185303 -0.06209402158856396 0.003000000026077032
v -0.040357884019613294 -0.06330190598964695 0.003000000026077032
v -0.040357884019613294 -0.06330190598964695 0.0
v -0.040357884019613294 -0.06330190598964695 0.0
v -0.040357884019613294 -0.06330190598964695 0.003000000026077032
v -0.040800001472234754 -0.06495190411806111 0.003000000026077032
v -0.040800001472234754 -0.06495190411806111 0.0
v -0.040800001472234754 -0.06495190411806111 0.0
v -0.040800001472234754 -0.06495190411806111 0.003000000026077032
v -0.040357884019613294 -0.06660190224647526 0.003000000026077032
v -0.040357884019613294 -0.06660190224647526 0.0
v -0.040357884019613294 -0.06660190224647526 0.0
v -0.040357884019613294 -0.06660190224647526 0.003000000026077032
v -0.0391499996185303 -0.06780979037284855 0.003000000026077032
v -0.0391499996185303 -0.06780979037284855 0.0
v -0.0391499996185303 -0.06780979037284855 0.0
v -0.0391499996185303 -0.06780979037284855 0.003000000026077032
v -0.03750000149011615 -0.06825190782547001 0.003000000026077032
v -0.03750000149011615 -0.06825190782547001 0.0
v -0.03750000149011615 -0.06825190782547001 0.0
v -0.03750000149011615 -0.06825190782547001 0.003000000026077032
v -0.03584999963641169 -0.06780979037284855 0.003000000026077032
v -0.03584999963641169 -0.06780979037284855 0.0
v -0.03584999963641169 -0.06780979037284855 0.0
v -0.03584999963641169 -0.06780979037284855 0.003000000026077032
v -0.034642115235328695 -0.06660190224647526 0.003000000026077032
v -0.034642115235328695 -0.06660190224647526 0.0
v -0.034642115235328695 -0.06660190224647526 0.0
v -0.034642115235328695 -0.06660190224647526 0.003000000026077032
v -0.034200001507997534 -0.06495190411806111 0.003000000026077032
v -0.034200001507997534 -0.06495190411806111 0.0
v -0.034200001507997534 -0.06495190411806111 0.0
v -0.034200001507997534 -0.06495190411806111 0.003000000026077032
v -0.034642115235328695 -0.06330190598964695 0.003000000026077032
v -0.034642115235328695 -0.06330190598964695 0.0
v -0.034642115235328695 -0.06330190598964695 0.0
v -0.034642115235328695 -0.06330190598964695 0.003000000026077032
v -0.03584999963641169 -0.06209402158856396 0.003000000026077032
v -0.03584999963641169 -0.06209402158856396 0.0
v -0.03584999963641169 -0.06209402158856396 0.003000000026077032
v -0.034200001507997534 -0.06495190411806111 0.003000000026077032
v -0.03200000151991846 -0.06495190411806111 0.003000000026077032
v -0.034642115235328695 -0.06330190598964695 0.003000000026077032
v -0.03273686021566393 -0.06220190599560742 0.003000000026077032
v -0.03584999963641169 -0.06209402158856396 0.003000000026077032
v -0.03474999964237215 -0.060188766568899196 0.003000000026077032
v -0.03750000149011615 -0.0616519041359425 0.003000000026077032
v -0.03750000149011615 -0.05945190414786343 0.003000000026077032
v -0.0391499996185303 -0.06209402158856396 0.003000000026077032
v -0.04024999961256984 -0.060188766568899196 0.003000000026077032
v -0.040357884019613294 -0.06330190598964695 0.003000000026077032
v -0.04226313903927806 -0.06220190599560742 0.003000000026077032
v -0.040800001472234754 -0.06495190411806111 0.003000000026077032
v -0.043000001460313825 -0.06495190411806111 0.003000000026077032
v -0.040357884019613294 -0.06660190224647526 0.003000000026077032
v -0.04226313903927806 -0.0677019059658051 0.003000000026077032
v -0.0391499996185303 -0.06780979037284855 0.003000000026077032
v -0.04024999961256984 -0.06971504539251332 0.003000000026077032
v -0.03750000149011615 -0.06825190782547001 0.003000000026077032
v -0.03750000149011615 -0.07045190781354908 0.003000000026077032
v -0.03584999963641169 -0.06780979037284855 0.003000000026077032
v -0.03474999964237215 -0.06971504539251332 0.003000000026077032
v -0.034642115235328695 -0.06660190224647526 0.003000000026077032
v -0.03273686021566393 -0.0677019059658051 0.003000000026077032
v 0.019411427900195136 0.07244443893432621 0.000997848459519446
v 0.018161429092288028 0.07460950314998632 0.0024999999441206455
v 0.017246365547180186 0.07369443774223333 0.0024999999441206455
v 0.019411427900195136 0.07494443655014044 0.0024999999441206455
v 0.018161429092288028 0.07460950314998632 0.0024999999441206455
v 0.019411427900195136 0.07244443893432621 0.000997848459519446
v 0.019411427900195136 0.07244443893432621 0.000997848459519446
v 0.017246365547180186 0.07119444012641911 0.0024999999441206455
v 0.018161429092288028 0.07027937471866612 0.0024999999441206455
v 0.016911428421735774 0.07244443893432621 0.0024999999441206455
v 0.017246365547180186 0.07119444012641911 0.0024999999441206455
v 0.019411427900195136 0.07244443893432621 0.000997848459519446
v 0.017246365547180186 0.07369443774223333 0.0024999999441206455
v 0.016911428421735774 0.07244443893432621 0.0024999999441206455
v 0.019411427900195136 0.07244443893432621 0.000997848459519446
v 0.019411427900195136 0.07244443893432621 0.000997848459519446
v 0.02066142857074739 0.07027937471866612 0.0024999999441206455
v 0.02157649211585523 0.07119444012641911 0.0024999999441206455
v 0.019411427900195136 0.06994443386793141 0.0024999999441206455
v 0.02066142857074739 0.07027937471866612 0.0024999999441206455
v 0.019411427900195136 0.07244443893432621 0.000997848459519446
v 0.018161429092288028 0.07027937471866612 0.0024999999441206455
v 0.019411427900195136 0.06994443386793141 0.0024999999441206455
v 0.019411427900195136 0.07244443893432621 0.000997848459519446
v 0.019411427900195136 0.07244443893432621 0.000997848459519446
v 0.02157649211585523 0.07369443774223333 0.0024999999441206455
v 0.02066142857074739 0.07460950314998632 0.0024999999441206455
v 0.021911429241299643 0.07244443893432621 0.0024999999441206455
v 0.02157649211585523 0.07369443774223333 0.0024999999441206455
v 0.019411427900195136 0.07244443893432621 0.000997848459519446
v 0.02157649211585523 0.07119444012641911 0.0024999999441206455
v 0.021911429241299643 0.07244443893432621 0.0024999999441206455
v 0.019411427900195136 0.07244443893432621 0.000997848459519446
v 0.02066142857074739 0.07460950314998632 0.0024999999441206455
v 0.019411427900195136 0.07494443655014044 0.0024999999441206455
v 0.019411427900195136 0.07244443893432621 0.000997848459519446
v 0.0194093380123377 0.07491612434387213 0.008980310522019863
v 0.019176179543137564 0.07493334263563162 0.008984822779893875
v 0.019411427900195136 0.07494443655014044 0.0024999999441206455
v 0.019411427900195136 0.07494443655014044 0.0024999999441206455
v 0.019176179543137564 0.07493334263563162 0.008984822779893875
v 0.018457176163792624 0.07475515455007559 0.008999999612569809
v 0.019411427900195136 0.07494443655014044 0.0024999999441206455
v 0.018457176163792624 0.07475515455007559 0.008999999612569809
v 0.018161429092288028 0.07460950314998632 0.0024999999441206455
v 0.02066142857074739 0.07460950314998632 0.0024999999441206455
v 0.02065374702215196 0.07459183037281042 0.00897979736328125
v 0.019411427900195136 0.07494443655014044 0.0024999999441206455
v 0.019411427900195136 0.07494443655014044 0.0024999999441206455
v 0.02065374702215196 0.07459183037281042 0.00897979736328125
v 0.020009810104966178 0.07487177103757864 0.008968688547611237
v 0.019411427900195136 0.07494443655014044 0.0024999999441206455
v 0.020009810104966178 0.07487177103757864 0.008968688547611237
v 0.0194093380123377 0.07491612434387213 0.008980310522019863
v 0.018457176163792624 0.07475515455007559 0.008999999612569809
v 0.018161429092288028 0.07460950314998632 0.008999999612569809
v 0.018161429092288028 0.07460950314998632 0.0024999999441206455
v 0.018161429092288028 0.07460950314998632 0.0024999999441206455
v 0.018161429092288028 0.07460950314998632 0.008999999612569809
v 0.017246365547180186 0.07369443774223333 0.008999999612569809
v 0.017246365547180186 0.07369443774223333 0.0024999999441206455
v 0.017246365547180186 0.07369443774223333 0.0024999999441206455
v 0.017246365547180186 0.07369443774223333 0.008999999612569809
v 0.016911428421735774 0.07244443893432621 0.008999999612569809
v 0.016911428421735774 0.07244443893432621 0.0024999999441206455
v 0.016911428421735774 0.07244443893432621 0.0024999999441206455
v 0.016911428421735774 0.07244443893432621 0.008999999612569809
v 0.017246365547180186 0.07119444012641911 0.008999999612569809
v 0.017246365547180186 0.07119444012641911 0.0024999999441206455
v 0.017246365547180186 0.07119444012641911 0.0024999999441206455
v 0.017246365547180186 0.07119444012641911 0.008999999612569809
v 0.018161429092288028 0.07027937471866612 0.008999999612569809
v 0.018161429092288028 0.07027937471866612 0.0024999999441206455
v 0.018161429092288028 0.07027937471866612 0.0024999999441206455
v 0.018161429092288028 0.07027937471866612 0.008999999612569809
v 0.019411427900195136 0.06994443386793141 0.008999999612569809
v 0.019411427900195136 0.06994443386793141 0.0024999999441206455
v 0.019411427900195136 0.06994443386793141 0.0024999999441206455
v 0.019411427900195136 0.06994443386793141 0.008999999612569809
v 0.02066142857074739 0.07027937471866612 0.008999999612569809
v 0.02066142857074739 0.07027937471866612 0.0024999999441206455
v 0.02066142857074739 0.07027937471866612 0.0024999999441206455
v 0.02066142857074739 0.07027937471866612 0.008999999612569809
v 0.02157649211585523 0.07119444012641911 0.008999999612569809
v 0.02157649211585523 0.07119444012641911 0.0024999999441206455
v 0.02157649211585523 0.07119444012641911 0.0024999999441206455
v 0.02157649211585523 0.07119444012641911 0.008999999612569809
v 0.021911429241299643 0.07244443893432621 0.008999999612569809
v 0.021911429241299643 0.07244443893432621 0.0024999999441206455
v 0.021911429241299643 0.07244443893432621 0.0024999999441206455
v 0.021911429241299643 0.07244443893432621 0.008999999612569809
v 0.02157649211585523 0.07369443774223333 0.008999999612569809
v 0.02157649211585523 0.07369443774223333 0.0024999999441206455
v 0.02157649211585523 0.07369443774223333 0.0024999999441206455
v 0.02157649211585523 0.07369443774223333 0.008999999612569809
v 0.02139319293200971 0.0739684477448464 0.008999999612569809
v 0.02157649211585523 0.07369443774223333 0.0024999999441206455
v 0.02139319293200971 0.0739684477448464 0.008999999612569809
v 0.02066142857074739 0.07460950314998632 0.0024999999441206455
v 0.02066142857074739 0.07460950314998632 0.0024999999441206455
v 0.02139319293200971 0.0739684477448464 0.008999999612569809
v 0.0207782629877329 0.07453770190477377 0.008981944993138313
v 0.02066142857074739 0.07460950314998632 0.0024999999441206455
v 0.0207782629877329 0.07453770190477377 0.008981944993138313
v 0.02065374702215196 0.07459183037281042 0.00897979736328125
v 0.0 -0.0750000029802323 0.007502151653170586
v -0.0012499999720603236 -0.07716506719589239 0.006000000052154064
v -0.0021650635171681656 -0.0762500017881394 0.006000000052154064
v 6.123233952733113e-19 -0.0775000005960465 0.006000000052154064
v -0.0012499999720603236 -0.07716506719589239 0.006000000052154064
v 0.0 -0.0750000029802323 0.007502151653170586
v 0.0 -0.0750000029802323 0.007502151653170586
v -0.0021650635171681656 -0.07374999672174459 0.006000000052154064
v -0.0012499999720603236 -0.07283493876457219 0.006000000052154064
v -0.0024999999441206473 -0.0750000029802323 0.006000000052154064
v -0.0021650635171681656 -0.07374999672174459 0.006000000052154064
v 0.0 -0.0750000029802323 0.007502151653170586
v -0.0021650635171681656 -0.0762500017881394 0.006000000052154064
v -0.0024999999441206473 -0.0750000029802323 0.006000000052154064
v 0.0 -0.0750000029802323 0.007502151653170586
v 0.0 -0.0750000029802323 0.007502151653170586
v 0.0012499999720603236 -0.07283493876457219 0.006000000052154064
v 0.0021650635171681656 -0.07374999672174459 0.006000000052154064
v -1.387778801460962e-18 -0.07249999791383747 0.006000000052154064
v 0.0012499999720603236 -0.07283493876457219 0.006000000052154064
v 0.0 -0.0750000029802323 0.007502151653170586
v -0.0012499999720603236 -0.07283493876457219 0.006000000052154064
v -1.387778801460962e-18 -0.07249999791383747 0.006000000052154064
v 0.0 -0.0750000029802323 0.007502151653170586
v 0.0 -0.0750000029802323 0.007502151653170586
v 0.0021650635171681656 -0.0762500017881394 0.006000000052154064
v 0.0012499999720603236 -0.07716506719589239 0.006000000052154064
v 0.0024999999441206473 -0.0750000029802323 0.006000000052154064
v 0.0021650635171681656 -0.0762500017881394 0.006000000052154064
v 0.0 -0.0750000029802323 0.007502151653170586
v 0.0021650635171681656 -0.07374999672174459 0.006000000052154064
v 0.0024999999441206473 -0.0750000029802323 0.006000000052154064
v 0.0 -0.0750000029802323 0.007502151653170586
v 0.0012499999720603236 -0.07716506719589239 0.006000000052154064
v 6.123233952733113e-19 -0.0775000005960465 0.006000000052154064
v 0.0 -0.0750000029802323 0.007502151653170586
v 0.0012499999720603236 -0.07716506719589239 0.006000000052154064
v 6.123233952733113e-19 -0.0775000005960465 -1.2491397118818936e-18
v 6.123233952733113e-19 -0.0775000005960465 0.006000000052154064
v 6.123233952733113e-19 -0.0775000005960465 0.006000000052154064
v 6.123233952733113e-19 -0.0775000005960465 -1.2491397118818936e-18
v -0.0012499999720603236 -0.07716506719589239 -8.673617379884035e-19
v -0.0012499999720603236 -0.07716506719589239 0.006000000052154064
v -0.0012499999720603236 -0.07716506719589239 0.006000000052154064
v -0.0012499999720603236 -0.07716506719589239 -8.673617379884035e-19
v -0.0021650635171681656 -0.0762500017881394 -8.673617379884035e-19
v -0.0021650635171681656 -0.0762500017881394 0.006000000052154064
v -0.0021650635171681656 -0.0762500017881394 0.006000000052154064
v -0.0021650635171681656 -0.0762500017881394 -8.673617379884035e-19
v -0.0024999999441206473 -0.0750000029802323 -8.673617379884035e-19
v -0.0024999999441206473 -0.0750000029802323 0.006000000052154064
v -0.0024999999441206473 -0.0750000029802323 0.006000000052154064
v -0.0024999999441206473 -0.0750000029802323 -8.673617379884035e-19
v -0.0021650635171681656 -0.07374999672174459 -8.673617379884035e-19
v -0.0021650635171681656 -0.07374999672174459 0.006000000052154064
v -0.0021650635171681656 -0.07374999672174459 0.006000000052154064
v -0.0021650635171681656 -0.07374999672174459 -8.673617379884035e-19
v -0.0012499999720603236 -0.07283493876457219 -8.673617379884035e-19
v -0.0012499999720603236 -0.07283493876457219 0.006000000052154064
v -0.0012499999720603236 -0.07283493876457219 0.006000000052154064
v -0.0012499999720603236 -0.07283493876457219 -8.673617379884035e-19
v -1.416384774994577e-18 -0.07249999791383747 -8.673617379884035e-19
v -1.416384774994577e-18 -0.07249999791383747 0.006000000052154064
v -1.416384774994577e-18 -0.07249999791383747 0.006000000052154064
v -1.416384774994577e-18 -0.07249999791383747 -8.673617379884035e-19
v 0.0012499999720603236 -0.07283493876457219 -8.673617379884035e-19
v 0.0012499999720603236 -0.07283493876457219 0.006000000052154064
v 0.0012499999720603236 -0.07283493876457219 0.006000000052154064
v 0.0012499999720603236 -0.07283493876457219 -8.673617379884035e-19
v 0.0021650635171681656 -0.07374999672174459 -8.673617379884035e-19
v 0.0021650635171681656 -0.07374999672174459 0.006000000052154064
v 0.0021650635171681656 -0.07374999672174459 0.006000000052154064
v 0.0021650635171681656 -0.07374999672174459 -8.673617379884035e-19
v 0.0024999999441206473 -0.0750000029802323 -8.673617379884035e-19
v 0.0024999999441206473 -0.0750000029802323 0.006000000052154064
v 0.0024999999441206473 -0.0750000029802323 0.006000000052154064
v 0.0024999999441206473 -0.0750000029802323 -8.673617379884035e-19
v 0.0021650635171681656 -0.0762500017881394 -8.673617379884035e-19
v 0.0021650635171681656 -0.0762500017881394 0.006000000052154064
v 0.0021650635171681656 -0.0762500017881394 0.006000000052154064
v 0.0021650635171681656 -0.0762500017881394 -8.673617379884035e-19
v 0.0012499999720603236 -0.07716506719589239 -8.673617379884035e-19
v 0.0012499999720603236 -0.07716506719589239 0.006000000052154064
v 0.0012499999720603236 -0.07716506719589239 -8.673617379884035e-19
v 0.06495190411806111 -0.03750000149011615 0.007502151653170586
v 0.063701905310154 -0.039665061980485944 0.006000000052154064
v 0.06278683990240101 -0.03875000029802325 0.006000000052154064
v 0.06495190411806111 -0.039999999105930356 0.006000000052154064
v 0.063701905310154 -0.039665061980485944 0.006000000052154064
v 0.06495190411806111 -0.03750000149011615 0.007502151653170586
v 0.06495190411806111 -0.03750000149011615 0.007502151653170586
v 0.06278683990240101 -0.03624999895691874 0.006000000052154064
v 0.063701905310154 -0.035334937274456045 0.006000000052154064
v 0.0624519065022469 -0.03750000149011615 0.006000000052154064
v 0.06278683990240101 -0.03624999895691874 0.006000000052154064
v 0.06495190411806111 -0.03750000149011615 0.007502151653170586
v 0.06278683990240101 -0.03875000029802325 0.006000000052154064
v 0.0624519065022469 -0.03750000149011615 0.006000000052154064
v 0.06495190411806111 -0.03750000149011615 0.007502151653170586
v 0.06495190411806111 -0.03750000149011615 0.007502151653170586
v 0.06620190292596821 -0.035334937274456045 0.006000000052154064
v 0.0671169683337212 -0.03624999895691874 0.006000000052154064
v 0.06495190411806111 -0.03500000014901163 0.006000000052154064
v 0.06620190292596821 -0.035334937274456045 0.006000000052154064
v 0.06495190411806111 -0.03750000149011615 0.007502151653170586
v 0.063701905310154 -0.035334937274456045 0.006000000052154064
v 0.06495190411806111 -0.03500000014901163 0.006000000052154064
v 0.06495190411806111 -0.03750000149011615 0.007502151653170586
v 0.06495190411806111 -0.03750000149011615 0.007502151653170586
v 0.0671169683337212 -0.03875000029802325 0.006000000052154064
v 0.06620190292596821 -0.039665061980485944 0.006000000052154064
v 0.06745190173387532 -0.03750000149011615 0.006000000052154064
v 0.0671169683337212 -0.03875000029802325 0.006000000052154064
v 0.06495190411806111 -0.03750000149011615 0.007502151653170586
v 0.0671169683337212 -0.03624999895691874 0.006000000052154064
v 0.06745190173387532 -0.03750000149011615 0.006000000052154064
v 0.06495190411806111 -0.03750000149011615 0.007502151653170586
v 0.06620190292596821 -0.039665061980485944 0.006000000052154064
v 0.06495190411806111 -0.039999999105930356 0.006000000052154064
v 0.06495190411806111 -0.03750000149011615 0.007502151653170586
v 0.06278683990240101 -0.03624999895691874 0.006000000052154064
v 0.063701905310154 -0.035334937274456045 -8.673617379884035e-19
v 0.063701905310154 -0.035334937274456045 0.006000000052154064
v 0.063701905310154 -0.035334937274456045 0.006000000052154064
v 0.063701905310154 -0.035334937274456045 -8.673617379884035e-19
v 0.06495190411806111 -0.03500000014901163 -8.673617379884035e-19
v 0.06495190411806111 -0.03500000014901163 0.006000000052154064
v 0.06495190411806111 -0.03500000014901163 0.006000000052154064
v 0.06495190411806111 -0.03500000014901163 -8.673617379884035e-19
v 0.06620190292596821 -0.035334937274456045 -8.673617379884035e-19
v 0.06620190292596821 -0.035334937274456045 0.006000000052154064
v 0.06620190292596821 -0.035334937274456045 0.006000000052154064
v 0.06620190292596821 -0.035334937274456045 -8.673617379884035e-19
v 0.0671169683337212 -0.03624999895691874 -8.673617379884035e-19
v 0.0671169683337212 -0.03624999895691874 0.006000000052154064
v 0.0671169683337212 -0.03624999895691874 0.006000000052154064
v 0.0671169683337212 -0.03624999895691874 -8.673617379884035e-19
v 0.06741841137409214 -0.03737499937415126 0.0
v 0.06745190173387532 -0.03750000149011615 0.006000000052154064
v 0.06741841137409214 -0.03737499937415126 0.0
v 0.06745190173387532 -0.03750000149011615 -8.673617379884035e-19
v 0.06745190173387532 -0.03750000149011615 0.006000000052154064
v 0.06745190173387532 -0.03750000149011615 0.006000000052154064
v 0.06745190173387532 -0.03750000149011615 -8.673617379884035e-19
v 0.0671169683337212 -0.03875000029802325 -8.673617379884035e-19
v 0.0671169683337212 -0.03875000029802325 0.006000000052154064
v 0.0671169683337212 -0.03875000029802325 0.006000000052154064
v 0.0671169683337212 -0.03875000029802325 -8.673617379884035e-19
v 0.06620190292596821 -0.039665061980485944 -8.673617379884035e-19
v 0.06620190292596821 -0.039665061980485944 0.006000000052154064
v 0.06620190292596821 -0.039665061980485944 0.006000000052154064
v 0.06620190292596821 -0.039665061980485944 -8.673617379884035e-19
v 0.06495190411806111 -0.039999999105930356 -1.2491397118818936e-18
v 0.06495190411806111 -0.039999999105930356 0.006000000052154064
v 0.06495190411806111 -0.039999999105930356 0.006000000052154064
v 0.06495190411806111 -0.039999999105930356 -1.2491397118818936e-18
v 0.063701905310154 -0.039665061980485944 -8.673617379884035e-19
v 0.063701905310154 -0.039665061980485944 0.006000000052154064
v 0.063701905310154 -0.039665061980485944 0.006000000052154064
v 0.063701905310154 -0.039665061980485944 -8.673617379884035e-19
v 0.06278683990240101 -0.03875000029802325 -8.673617379884035e-19
v 0.06278683990240101 -0.03875000029802325 0.006000000052154064
v 0.06278683990240101 -0.03875000029802325 0.006000000052154064
v 0.06278683990240101 -0.03875000029802325 -8.673617379884035e-19
v 0.0624519065022469 -0.03750000149011615 -8.673617379884035e-19
v 0.0624519065022469 -0.03750000149011615 0.006000000052154064
v 0.0624519065022469 -0.03750000149011615 0.006000000052154064
v 0.0624519065022469 -0.03750000149011615 -8.673617379884035e-19
v 0.06248540058732037 -0.03737499937415126 0.0
v 0.06278683990240101 -0.03624999895691874 0.006000000052154064
v 0.06278683990240101 -0.03624999895691874 -8.673617379884035e-19
v 0.06278683990240101 -0.03624999895691874 -8.673617379884035e-19
v 0.06495190411806111 0.03750000149011615 0.007502151653170586
v 0.063701905310154 0.035334937274456045 0.006000000052154064
v 0.06278683990240101 0.03624999895691874 0.006000000052154064
v 0.06495190411806111 0.03500000014901163 0.006000000052154064
v 0.063701905310154 0.035334937274456045 0.006000000052154064
v 0.06495190411806111 0.03750000149011615 0.007502151653170586
v 0.06495190411806111 0.03750000149011615 0.007502151653170586
v 0.06278683990240101 0.03875000029802325 0.006000000052154064
v 0.063701905310154 0.039665061980485944 0.006000000052154064
v 0.0624519065022469 0.03750000149011615 0.006000000052154064
v 0.06278683990240101 0.03875000029802325 0.006000000052154064
v 0.06495190411806111 0.03750000149011615 0.007502151653170586
v 0.06278683990240101 0.03624999895691874 0.006000000052154064
v 0.0624519065022469 0.03750000149011615 0.006000000052154064
v 0.06495190411806111 0.03750000149011615 0.007502151653170586
v 0.06495190411806111 0.03750000149011615 0.007502151653170586
v 0.06620190292596821 0.039665061980485944 0.006000000052154064
v 0.0671169683337212 0.03875000029802325 0.006000000052154064
v 0.06495190411806111 0.039999999105930356 0.006000000052154064
v 0.06620190292596821 0.039665061980485944 0.006000000052154064
v 0.06495190411806111 0.03750000149011615 0.007502151653170586
v 0.063701905310154 0.039665061980485944 0.006000000052154064
v 0.06495190411806111 0.039999999105930356 0.006000000052154064
v 0.06495190411806111 0.03750000149011615 0.007502151653170586
v 0.06495190411806111 0.03750000149011615 0.007502151653170586
v 0.0671169683337212 0.03624999895691874 0.006000000052154064
v 0.06620190292596821 0.035334937274456045 0.006000000052154064
v 0.06745190173387532 0.03750000149011615 0.006000000052154064
v 0.0671169683337212 0.03624999895691874 0.006000000052154064
v 0.06495190411806111 0.03750000149011615 0.007502151653170586
v 0.0671169683337212 0.03875000029802325 0.006000000052154064
v 0.06745190173387532 0.03750000149011615 0.006000000052154064
v 0.06495190411806111 0.03750000149011615 0.007502151653170586
v 0.06620190292596821 0.035334937274456045 0.006000000052154064
v 0.06495190411806111 0.03500000014901163 0.006000000052154064
v 0.06495190411806111 0.03750000149011615 0.007502151653170586
v 0.06620190292596821 0.035334937274456045 0.006000000052154064
v 0.06495190411806111 0.03500000014901163 -1.2491397118818936e-18
v 0.06495190411806111 0.03500000014901163 0.006000000052154064
v 0.06495190411806111 0.03500000014901163 0.006000000052154064
v 0.06495190411806111 0.03500000014901163 -1.2491397118818936e-18
v 0.063701905310154 0.035334937274456045 -8.673617379884035e-19
v 0.063701905310154 0.035334937274456045 0.006000000052154064
v 0.063701905310154 0.035334937274456045 0.006000000052154064
v 0.063701905310154 0.035334937274456045 -8.673617379884035e-19
v 0.06278683990240101 0.03624999895691874 -8.673617379884035e-19
v 0.06278683990240101 0.03624999895691874 0.006000000052154064
v 0.06278683990240101 0.03624999895691874 0.006000000052154064
v 0.06278683990240101 0.03624999895691874 -8.673617379884035e-19
v 0.0624519065022469 0.03750000149011615 -8.673617379884035e-19
v 0.0624519065022469 0.03750000149011615 0.006000000052154064
v 0.0624519065022469 0.03750000149011615 0.006000000052154064
v 0.0624519065022469 0.03750000149011615 -8.673617379884035e-19
v 0.06278683990240101 0.03875000029802325 -8.673617379884035e-19
v 0.06278683990240101 0.03875000029802325 0.006000000052154064
v 0.06278683990240101 0.03875000029802325 0.006000000052154064
v 0.06278683990240101 0.03875000029802325 -8.673617379884035e-19
v 0.063701905310154 0.039665061980485944 -8.673617379884035e-19
v 0.063701905310154 0.039665061980485944 0.006000000052154064
v 0.063701905310154 0.039665061980485944 0.006000000052154064
v 0.063701905310154 0.039665061980485944 -8.673617379884035e-19
v 0.06495190411806111 0.039999999105930356 -8.673617379884035e-19
v 0.06495190411806111 0.039999999105930356 0.006000000052154064
v 0.06495190411806111 0.039999999105930356 0.006000000052154064
v 0.06495190411806111 0.039999999105930356 -8.673617379884035e-19
v 0.06620190292596821 0.039665061980485944 -8.673617379884035e-19
v 0.06620190292596821 0.039665061980485944 0.006000000052154064
v 0.06620190292596821 0.039665061980485944 0.006000000052154064
v 0.06620190292596821 0.039665061980485944 -8.673617379884035e-19
v 0.0671169683337212 0.03875000029802325 -8.673617379884035e-19
v 0.0671169683337212 0.03875000029802325 0.006000000052154064
v 0.0671169683337212 0.03875000029802325 0.006000000052154064
v 0.0671169683337212 0.03875000029802325 -8.673617379884035e-19
v 0.06745190173387532 0.03750000149011615 -8.673617379884035e-19
v 0.06745190173387532 0.03750000149011615 0.006000000052154064
v 0.06745190173387532 0.03750000149011615 0.006000000052154064
v 0.06745190173387532 0.03750000149011615 -8.673617379884035e-19
v 0.0671169683337212 0.03624999895691874 -8.673617379884035e-19
v 0.0671169683337212 0.03624999895691874 0.006000000052154064
v 0.0671169683337212 0.03624999895691874 0.006000000052154064
v 0.0671169683337212 0.03624999895691874 -8.673617379884035e-19
v 0.06620190292596821 0.035334937274456045 -8.673617379884035e-19
v 0.06620190292596821 0.035334937274456045 0.006000000052154064
v 0.06620190292596821 0.035334937274456045 -8.673617379884035e-19
v 2.91433530729214e-17 0.0750000029802323 0.007502151653170586
v -0.0012499999720603236 0.07283493876457219 0.006000000052154064
v -0.0021650635171681656 0.07374999672174459 0.006000000052154064
v 2.975567848444745e-17 0.07249999791383747 0.006000000052154064
v -0.0012499999720603236 0.07283493876457219 0.006000000052154064
v 2.91433530729214e-17 0.0750000029802323 0.007502151653170586
v 2.91433530729214e-17 0.0750000029802323 0.007502151653170586
v -0.0021650635171681656 0.0762500017881394 0.006000000052154064
v -0.0012499999720603236 0.07716506719589239 0.006000000052154064
v -0.0024999999441206473 0.0750000029802323 0.006000000052154064
v -0.0021650635171681656 0.0762500017881394 0.006000000052154064
v 2.91433530729214e-17 0.0750000029802323 0.007502151653170586
v -0.0021650635171681656 0.07374999672174459 0.006000000052154064
v -0.0024999999441206473 0.0750000029802323 0.006000000052154064
v 2.91433530729214e-17 0.0750000029802323 0.007502151653170586
v 2.91433530729214e-17 0.0750000029802323 0.007502151653170586
v 0.0012499999720603236 0.07716506719589239 0.006000000052154064
v 0.0021650635171681656 0.0762500017881394 0.006000000052154064
v 2.775557561562893e-17 0.0775000005960465 0.006000000052154064
v 0.0012499999720603236 0.07716506719589239 0.006000000052154064
v 2.91433530729214e-17 0.0750000029802323 0.007502151653170586
v -0.0012499999720603236 0.07716506719589239 0.006000000052154064
v 2.775557561562893e-17 0.0775000005960465 0.006000000052154064
v 2.91433530729214e-17 0.0750000029802323 0.007502151653170586
v 2.91433530729214e-17 0.0750000029802323 0.007502151653170586
v 0.0021650635171681656 0.07374999672174459 0.006000000052154064
v 0.0012499999720603236 0.07283493876457219 0.006000000052154064
v 0.0024999999441206473 0.0750000029802323 0.006000000052154064
v 0.0021650635171681656 0.07374999672174459 0.006000000052154064
v 2.91433530729214e-17 0.0750000029802323 0.007502151653170586
v 0.0021650635171681656 0.0762500017881394 0.006000000052154064
v 0.0024999999441206473 0.0750000029802323 0.006000000052154064
v 2.91433530729214e-17 0.0750000029802323 0.007502151653170586
v 0.0012499999720603236 0.07283493876457219 0.006000000052154064
v 2.975567848444745e-17 0.07249999791383747 0.006000000052154064
v 2.91433530729214e-17 0.0750000029802323 0.007502151653170586
v 0.0012499999720603236 0.07283493876457219 0.006000000052154064
v 2.975567848444745e-17 0.07249999791383747 -1.2491397118818936e-18
v 2.975567848444745e-17 0.07249999791383747 0.006000000052154064
v 2.975567848444745e-17 0.07249999791383747 0.006000000052154064
v 2.975567848444745e-17 0.07249999791383747 -1.2491397118818936e-18
v -0.0012499999720603236 0.07283493876457219 -8.673617379884035e-19
v -0.0012499999720603236 0.07283493876457219 0.006000000052154064
v -0.0012499999720603236 0.07283493876457219 0.006000000052154064
v -0.0012499999720603236 0.07283493876457219 -8.673617379884035e-19
v -0.0021650635171681656 0.07374999672174459 -8.673617379884035e-19
v -0.0021650635171681656 0.07374999672174459 0.006000000052154064
v -0.0021650635171681656 0.07374999672174459 0.006000000052154064
v -0.0021650635171681656 0.07374999672174459 -8.673617379884035e-19
v -0.0024999999441206473 0.0750000029802323 -8.673617379884035e-19
v -0.0024999999441206473 0.0750000029802323 0.006000000052154064
v -0.0024999999441206473 0.0750000029802323 0.006000000052154064
v -0.0024999999441206473 0.0750000029802323 -8.673617379884035e-19
v -0.0021650635171681656 0.0762500017881394 -8.673617379884035e-19
v -0.0021650635171681656 0.0762500017881394 0.006000000052154064
v -0.0021650635171681656 0.0762500017881394 0.006000000052154064
v -0.0021650635171681656 0.0762500017881394 -8.673617379884035e-19
v -0.0012499999720603236 0.07716506719589239 -8.673617379884035e-19
v -0.0012499999720603236 0.07716506719589239 0.006000000052154064
v -0.0012499999720603236 0.07716506719589239 0.006000000052154064
v -0.0012499999720603236 0.07716506719589239 -8.673617379884035e-19
v 2.7726970055685623e-17 0.0775000005960465 -8.673617379884035e-19
v 2.7726970055685623e-17 0.0775000005960465 0.006000000052154064
v 2.7726970055685623e-17 0.0775000005960465 0.006000000052154064
v 2.7726970055685623e-17 0.0775000005960465 -8.673617379884035e-19
v 0.0012499999720603236 0.07716506719589239 -8.673617379884035e-19
v 0.0012499999720603236 0.07716506719589239 0.006000000052154064
v 0.0012499999720603236 0.07716506719589239 0.006000000052154064
v 0.0012499999720603236 0.07716506719589239 -8.673617379884035e-19
v 0.0021650635171681656 0.0762500017881394 -8.673617379884035e-19
v 0.0021650635171681656 0.0762500017881394 0.006000000052154064
v 0.0021650635171681656 0.0762500017881394 0.006000000052154064
v 0.0021650635171681656 0.0762500017881394 -8.673617379884035e-19
v 0.0024999999441206473 0.0750000029802323 -8.673617379884035e-19
v 0.0024999999441206473 0.0750000029802323 0.006000000052154064
v 0.0024999999441206473 0.0750000029802323 0.006000000052154064
v 0.0024999999441206473 0.0750000029802323 -8.673617379884035e-19
v 0.0021650635171681656 0.07374999672174459 -8.673617379884035e-19
v 0.0021650635171681656 0.07374999672174459 0.006000000052154064
v 0.0021650635171681656 0.07374999672174459 0.006000000052154064
v 0.0021650635171681656 0.07374999672174459 -8.673617379884035e-19
v 0.0012499999720603236 0.07283493876457219 -8.673617379884035e-19
v 0.0012499999720603236 0.07283493876457219 0.006000000052154064
v 0.0012499999720603236 0.07283493876457219 -8.673617379884035e-19
v -0.06495190411806111 0.03750000149011615 0.007502151653170586
v -0.06620190292596821 0.035334937274456045 0.006000000052154064
v -0.0671169683337212 0.03624999895691874 0.006000000052154064
v -0.06495190411806111 0.03500000014901163 0.006000000052154064
v -0.06620190292596821 0.035334937274456045 0.006000000052154064
v -0.06495190411806111 0.03750000149011615 0.007502151653170586
v -0.06495190411806111 0.03750000149011615 0.007502151653170586
v -0.0671169683337212 0.03875000029802325 0.006000000052154064
v -0.06620190292596821 0.039665061980485944 0.006000000052154064
v -0.06745190173387532 0.03750000149011615 0.006000000052154064
v -0.0671169683337212 0.03875000029802325 0.006000000052154064
v -0.06495190411806111 0.03750000149011615 0.007502151653170586
v -0.0671169683337212 0.03624999895691874 0.006000000052154064
v -0.06745190173387532 0.03750000149011615 0.006000000052154064
v -0.06495190411806111 0.03750000149011615 0.007502151653170586
v -0.06495190411806111 0.03750000149011615 0.007502151653170586
v -0.063701905310154 0.039665061980485944 0.006000000052154064
v -0.06278683990240101 0.03875000029802325 0.006000000052154064
v -0.06495190411806111 0.039999999105930356 0.006000000052154064
v -0.063701905310154 0.039665061980485944 0.006000000052154064
v -0.06495190411806111 0.03750000149011615 0.007502151653170586
v -0.06620190292596821 0.039665061980485944 0.006000000052154064
v -0.06495190411806111 0.039999999105930356 0.006000000052154064
v -0.06495190411806111 0.03750000149011615 0.007502151653170586
v -0.06495190411806111 0.03750000149011615 0.007502151653170586
v -0.06278683990240101 0.03624999895691874 0.006000000052154064
v -0.063701905310154 0.035334937274456045 0.006000000052154064
v -0.0624519065022469 0.03750000149011615 0.006000000052154064
v -0.06278683990240101 0.03624999895691874 0.006000000052154064
v -0.06495190411806111 0.03750000149011615 0.007502151653170586
v -0.06278683990240101 0.03875000029802325 0.006000000052154064
v -0.0624519065022469 0.03750000149011615 0.006000000052154064
v -0.06495190411806111 0.03750000149011615 0.007502151653170586
v -0.063701905310154 0.035334937274456045 0.006000000052154064
v -0.06495190411806111 0.03500000014901163 0.006000000052154064
v -0.06495190411806111 0.03750000149011615 0.007502151653170586
v -0.06620190292596821 0.035334937274456045 0.006000000052154064
v -0.0671169683337212 0.03624999895691874 -8.673617379884035e-19
v -0.0671169683337212 0.03624999895691874 0.006000000052154064
v -0.0671169683337212 0.03624999895691874 0.006000000052154064
v -0.0671169683337212 0.03624999895691874 -8.673617379884035e-19
v -0.06745190173387532 0.03750000149011615 -8.673617379884035e-19
v -0.06745190173387532 0.03750000149011615 0.006000000052154064
v -0.06745190173387532 0.03750000149011615 0.006000000052154064
v -0.06745190173387532 0.03750000149011615 -8.673617379884035e-19
v -0.0671169683337212 0.03875000029802325 -8.673617379884035e-19
v -0.0671169683337212 0.03875000029802325 0.006000000052154064
v -0.0671169683337212 0.03875000029802325 0.006000000052154064
v -0.0671169683337212 0.03875000029802325 -8.673617379884035e-19
v -0.06620190292596821 0.039665061980485944 -8.673617379884035e-19
v -0.06620190292596821 0.039665061980485944 0.006000000052154064
v -0.06620190292596821 0.039665061980485944 0.006000000052154064
v -0.06620190292596821 0.039665061980485944 -8.673617379884035e-19
v -0.06547595560550694 0.03985958173871043 0.0
v -0.06495190411806111 0.039999999105930356 0.006000000052154064
v -0.06495190411806111 0.039999999105930356 -8.673617379884035e-19
v -0.06495190411806111 0.039999999105930356 0.006000000052154064
v -0.06495190411806111 0.039999999105930356 -8.673617379884035e-19
v -0.063701905310154 0.039665061980485944 -8.673617379884035e-19
v -0.063701905310154 0.039665061980485944 0.006000000052154064
v -0.063701905310154 0.039665061980485944 0.006000000052154064
v -0.063701905310154 0.039665061980485944 -8.673617379884035e-19
v -0.06278683990240101 0.03875000029802325 -8.673617379884035e-19
v -0.06278683990240101 0.03875000029802325 0.006000000052154064
v -0.06278683990240101 0.03875000029802325 0.006000000052154064
v -0.06278683990240101 0.03875000029802325 -8.673617379884035e-19
v -0.0624519065022469 0.03750000149011615 -8.673617379884035e-19
v -0.0624519065022469 0.03750000149011615 0.006000000052154064
v -0.0624519065022469 0.03750000149011615 0.006000000052154064
v -0.0624519065022469 0.03750000149011615 -8.673617379884035e-19
v -0.06278683990240101 0.03624999895691874 -8.673617379884035e-19
v -0.06278683990240101 0.03624999895691874 0.006000000052154064
v -0.06278683990240101 0.03624999895691874 0.006000000052154064
v -0.06278683990240101 0.03624999895691874 -8.673617379884035e-19
v -0.063701905310154 0.035334937274456045 -8.673617379884035e-19
v -0.063701905310154 0.035334937274456045 0.006000000052154064
v -0.063701905310154 0.035334937274456045 0.006000000052154064
v -0.063701905310154 0.035334937274456045 -8.673617379884035e-19
v -0.06495190411806111 0.03500000014901163 -1.2491397118818936e-18
v -0.06495190411806111 0.03500000014901163 0.006000000052154064
v -0.06495190411806111 0.03500000014901163 0.006000000052154064
v -0.06495190411806111 0.03500000014901163 -1.2491397118818936e-18
v -0.06547595560550694 0.03514041751623156 -7.254530102430672e-19
v -0.06620190292596821 0.035334937274456045 0.006000000052154064
v -0.06620190292596821 0.035334937274456045 -8.673617379884035e-19
v -0.06620190292596821 0.035334937274456045 -8.673617379884035e-19
v -0.06495190411806111 -0.03750000149011615 0.007502151653170586
v -0.06620190292596821 -0.039665061980485944 0.006000000052154064
v -0.0671169683337212 -0.03875000029802325 0.006000000052154064
v -0.06495190411806111 -0.039999999105930356 0.006000000052154064
v -0.06620190292596821 -0.039665061980485944 0.006000000052154064
v -0.06495190411806111 -0.03750000149011615 0.007502151653170586
v -0.06495190411806111 -0.03750000149011615 0.007502151653170586
v -0.0671169683337212 -0.03624999895691874 0.006000000052154064
v -0.06620190292596821 -0.035334937274456045 0.006000000052154064
v -0.06745190173387532 -0.03750000149011615 0.006000000052154064
v -0.0671169683337212 -0.03624999895691874 0.006000000052154064
v -0.06495190411806111 -0.03750000149011615 0.007502151653170586
v -0.0671169683337212 -0.03875000029802325 0.006000000052154064
v -0.06745190173387532 -0.03750000149011615 0.006000000052154064
v -0.06495190411806111 -0.03750000149011615 0.007502151653170586
v -0.06495190411806111 -0.03750000149011615 0.007502151653170586
v -0.063701905310154 -0.035334937274456045 0.006000000052154064
v -0.06278683990240101 -0.03624999895691874 0.006000000052154064
v -0.06495190411806111 -0.03500000014901163 0.006000000052154064
v -0.063701905310154 -0.035334937274456045 0.006000000052154064
v -0.06495190411806111 -0.03750000149011615 0.007502151653170586
v -0.06620190292596821 -0.035334937274456045 0.006000000052154064
v -0.06495190411806111 -0.03500000014901163 0.006000000052154064
v -0.06495190411806111 -0.03750000149011615 0.007502151653170586
v -0.06495190411806111 -0.03750000149011615 0.007502151653170586
v -0.06278683990240101 -0.03875000029802325 0.006000000052154064
v -0.063701905310154 -0.039665061980485944 0.006000000052154064
v -0.0624519065022469 -0.03750000149011615 0.006000000052154064
v -0.06278683990240101 -0.03875000029802325 0.006000000052154064
v -0.06495190411806111 -0.03750000149011615 0.007502151653170586
v -0.06278683990240101 -0.03624999895691874 0.006000000052154064
v -0.0624519065022469 -0.03750000149011615 0.006000000052154064
v -0.06495190411806111 -0.03750000149011615 0.007502151653170586
v -0.063701905310154 -0.039665061980485944 0.006000000052154064
v -0.06495190411806111 -0.039999999105930356 0.006000000052154064
v -0.06495190411806111 -0.03750000149011615 0.007502151653170586
v -0.06620190292596821 -0.039665061980485944 0.006000000052154064
v -0.0671169683337212 -0.03875000029802325 -8.673617379884035e-19
v -0.0671169683337212 -0.03875000029802325 0.006000000052154064
v -0.0671169683337212 -0.03875000029802325 0.006000000052154064
v -0.0671169683337212 -0.03875000029802325 -8.673617379884035e-19
v -0.06745190173387532 -0.03750000149011615 -8.673617379884035e-19
v -0.06745190173387532 -0.03750000149011615 0.006000000052154064
v -0.06745190173387532 -0.03750000149011615 0.006000000052154064
v -0.06745190173387532 -0.03750000149011615 -8.673617379884035e-19
v -0.06741841137409214 -0.03737499937415126 0.0
v -0.06745190173387532 -0.03750000149011615 0.006000000052154064
v -0.06741841137409214 -0.03737499937415126 0.0
v -0.0671169683337212 -0.03624999895691874 0.006000000052154064
v -0.0671169683337212 -0.03624999895691874 -8.673617379884035e-19
v -0.0671169683337212 -0.03624999895691874 0.006000000052154064
v -0.0671169683337212 -0.03624999895691874 -8.673617379884035e-19
v -0.06620190292596821 -0.035334937274456045 -8.673617379884035e-19
v -0.06620190292596821 -0.035334937274456045 0.006000000052154064
v -0.06620190292596821 -0.035334937274456045 0.006000000052154064
v -0.06620190292596821 -0.035334937274456045 -8.673617379884035e-19
v -0.06547595560550694 -0.03514041751623156 0.0
v -0.06495190411806111 -0.03500000014901163 0.006000000052154064
v -0.06495190411806111 -0.03500000014901163 -8.673617379884035e-19
v -0.06495190411806111 -0.03500000014901163 0.006000000052154064
v -0.06495190411806111 -0.03500000014901163 -8.673617379884035e-19
v -0.063701905310154 -0.035334937274456045 -8.673617379884035e-19
v -0.063701905310154 -0.035334937274456045 0.006000000052154064
v -0.063701905310154 -0.035334937274456045 0.006000000052154064
v -0.063701905310154 -0.035334937274456045 -8.673617379884035e-19
v -0.06278683990240101 -0.03624999895691874 -8.673617379884035e-19
v -0.06278683990240101 -0.03624999895691874 0.006000000052154064
v -0.06278683990240101 -0.03624999895691874 0.006000000052154064
v -0.06278683990240101 -0.03624999895691874 -8.673617379884035e-19
v -0.06248540058732037 -0.03737499937415126 0.0
v -0.0624519065022469 -0.03750000149011615 0.006000000052154064
v -0.0624519065022469 -0.03750000149011615 -8.673617379884035e-19
v -0.0624519065022469 -0.03750000149011615 0.006000000052154064
v -0.0624519065022469 -0.03750000149011615 -8.673617379884035e-19
v -0.06278683990240101 -0.03875000029802325 -8.673617379884035e-19
v -0.06278683990240101 -0.03875000029802325 0.006000000052154064
v -0.06278683990240101 -0.03875000029802325 0.006000000052154064
v -0.06278683990240101 -0.03875000029802325 -8.673617379884035e-19
v -0.063701905310154 -0.039665061980485944 -8.673617379884035e-19
v -0.063701905310154 -0.039665061980485944 0.006000000052154064
v -0.063701905310154 -0.039665061980485944 0.006000000052154064
v -0.063701905310154 -0.039665061980485944 -8.673617379884035e-19
v -0.06495190411806111 -0.039999999105930356 -1.2491397118818936e-18
v -0.06495190411806111 -0.039999999105930356 0.006000000052154064
v -0.06495190411806111 -0.039999999105930356 0.006000000052154064
v -0.06495190411806111 -0.039999999105930356 -1.2491397118818936e-18
v -0.06547595560550694 -0.03985958173871043 -7.254530102430672e-19
v -0.06620190292596821 -0.039665061980485944 0.006000000052154064
v -0.06620190292596821 -0.039665061980485944 -8.673617379884035e-19
v -0.06620190292596821 -0.039665061980485944 -8.673617379884035e-19
v -0.06148749962449078 -0.02213767543435098 0.014000000432133675
v -0.06199999898672108 -0.022275000810623183 0.009499999694526196
v -0.06199999898672108 -0.022275000810623183 0.014000000432133675
v -0.06199999898672108 -0.022275000810623183 0.014000000432133675
v -0.06199999898672108 -0.022275000810623183 0.009499999694526196
v -0.06251250207424168 -0.02213767543435098 0.009499999694526196
v -0.06251250207424168 -0.02213767543435098 0.014000000432133675
v -0.06251250207424168 -0.02213767543435098 0.014000000432133675
v -0.06251250207424168 -0.02213767543435098 0.009499999694526196
v -0.06288767606019978 -0.021762499585747733 0.009499999694526196
v -0.06288767606019978 -0.021762499585747733 0.014000000432133675
v -0.06288767606019978 -0.021762499585747733 0.014000000432133675
v -0.06288767606019978 -0.021762499585747733 0.009499999694526196
v -0.06302499771118168 -0.021250000223517432 0.009499999694526196
v -0.06302499771118168 -0.021250000223517432 0.014000000432133675
v -0.06302499771118168 -0.021250000223517432 0.014000000432133675
v -0.06302499771118168 -0.021250000223517432 0.009499999694526196
v -0.06288767606019978 -0.02073750086128713 0.009499999694526196
v -0.06288767606019978 -0.02073750086128713 0.014000000432133675
v -0.06288767606019978 -0.02073750086128713 0.014000000432133675
v -0.06288767606019978 -0.02073750086128713 0.009499999694526196
v -0.06251250207424168 -0.020362323150038733 0.009499999694526196
v -0.06251250207424168 -0.020362323150038733 0.014000000432133675
v -0.06251250207424168 -0.020362323150038733 0.014000000432133675
v -0.06251250207424168 -0.020362323150038733 0.009499999694526196
v -0.06199999898672108 -0.02022499963641168 0.009499999694526196
v -0.06199999898672108 -0.02022499963641168 0.014000000432133675
v -0.06199999898672108 -0.02022499963641168 0.014000000432133675
v -0.06199999898672108 -0.02022499963641168 0.009499999694526196
v -0.06148749962449078 -0.020362323150038733 0.009499999694526196
v -0.06148749962449078 -0.020362323150038733 0.014000000432133675
v -0.06148749962449078 -0.020362323150038733 0.014000000432133675
v -0.06148749962449078 -0.020362323150038733 0.009499999694526196
v -0.06111232563853268 -0.02073750086128713 0.009499999694526196
v -0.06111232563853268 -0.02073750086128713 0.014000000432133675
v -0.06111232563853268 -0.02073750086128713 0.014000000432133675
v -0.06111232563853268 -0.02073750086128713 0.009499999694526196
v -0.06097500026226048 -0.021250000223517432 0.009499999694526196
v -0.06097500026226048 -0.021250000223517432 0.014000000432133675
v -0.06097500026226048 -0.021250000223517432 0.014000000432133675
v -0.06097500026226048 -0.021250000223517432 0.009499999694526196
v -0.06111232563853268 -0.021762499585747733 0.009499999694526196
v -0.06111232563853268 -0.021762499585747733 0.014000000432133675
v -0.06111232563853268 -0.021762499585747733 0.014000000432133675
v -0.06111232563853268 -0.021762499585747733 0.009499999694526196
v -0.06148749962449078 -0.02213767543435098 0.009499999694526196
v -0.06148749962449078 -0.02213767543435098 0.014000000432133675
v -0.06148749962449078 -0.02213767543435098 0.009499999694526196
v -0.06199999898672108 -0.02022499963641168 0.009499999694526196
v -0.06199999898672108 -0.019750000908970847 0.009499999694526196
v -0.06148749962449078 -0.020362323150038733 0.009499999694526196
v -0.06125000119209294 -0.019950961694121375 0.009499999694526196
v -0.06111232563853268 -0.02073750086128713 0.009499999694526196
v -0.06070096045732502 -0.02050000056624414 0.009499999694526196
v -0.06097500026226048 -0.021250000223517432 0.009499999694526196
v -0.060499999672174495 -0.021250000223517432 0.009499999694526196
v -0.06111232563853268 -0.021762499585747733 0.009499999694526196
v -0.06070096045732502 -0.021999999880790724 0.009499999694526196
v -0.06148749962449078 -0.02213767543435098 0.009499999694526196
v -0.06125000119209294 -0.02254903875291349 0.009499999694526196
v -0.06199999898672108 -0.022275000810623183 0.009499999694526196
v -0.06199999898672108 -0.022749999538064017 0.009499999694526196
v -0.06251250207424168 -0.02213767543435098 0.009499999694526196
v -0.06274999678134922 -0.02254903875291349 0.009499999694526196
v -0.06288767606019978 -0.021762499585747733 0.009499999694526196
v -0.06329903751611714 -0.021999999880790724 0.009499999694526196
v -0.06302499771118168 -0.021250000223517432 0.009499999694526196
v -0.06350000202655796 -0.021250000223517432 0.009499999694526196
v -0.06288767606019978 -0.02073750086128713 0.009499999694526196
v -0.06329903751611714 -0.02050000056624414 0.009499999694526196
v -0.06251250207424168 -0.020362323150038733 0.009499999694526196
v -0.06274999678134922 -0.019950961694121375 0.009499999694526196
v -0.06199999898672108 -0.022749999538064017 0.009499999694526196
v -0.06274999678134922 -0.02254903875291349 0.0
v -0.06274999678134922 -0.02254903875291349 0.009499999694526196
v -0.06274999678134922 -0.02254903875291349 0.009499999694526196
v -0.06274999678134922 -0.02254903875291349 0.0
v -0.06329903751611714 -0.021999999880790724 0.0
v -0.06329903751611714 -0.021999999880790724 0.009499999694526196
v -0.06329903751611714 -0.021999999880790724 0.009499999694526196
v -0.06329903751611714 -0.021999999880790724 0.0
v -0.06350000202655796 -0.021250000223517432 0.0
v -0.06350000202655796 -0.021250000223517432 0.009499999694526196
v -0.06350000202655796 -0.021250000223517432 0.009499999694526196
v -0.06350000202655796 -0.021250000223517432 0.0
v -0.06329903751611714 -0.02050000056624414 0.0
v -0.06329903751611714 -0.02050000056624414 0.009499999694526196
v -0.06329903751611714 -0.02050000056624414 0.009499999694526196
v -0.06329903751611714 -0.02050000056624414 0.0
v -0.06274999678134922 -0.019950961694121375 0.0
v -0.06274999678134922 -0.019950961694121375 0.009499999694526196
v -0.06274999678134922 -0.019950961694121375 0.009499999694526196
v -0.06274999678134922 -0.019950961694121375 0.0
v -0.06199999898672108 -0.019750000908970847 0.0
v -0.06199999898672108 -0.019750000908970847 0.009499999694526196
v -0.06199999898672108 -0.019750000908970847 0.009499999694526196
v -0.06199999898672108 -0.019750000908970847 0.0
v -0.06147595122456555 -0.01989041827619077 0.0
v -0.06125000119209294 -0.019950961694121375 0.009499999694526196
v -0.06125000119209294 -0.019950961694121375 0.0
v -0.06125000119209294 -0.019950961694121375 0.009499999694526196
v -0.06125000119209294 -0.019950961694121375 0.0
v -0.06070096045732502 -0.02050000056624414 0.0
v -0.06070096045732502 -0.02050000056624414 0.009499999694526196
v -0.06070096045732502 -0.02050000056624414 0.009499999694526196
v -0.06070096045732502 -0.02050000056624414 0.0
v -0.060499999672174495 -0.021250000223517432 0.0
v -0.060499999672174495 -0.021250000223517432 0.009499999694526196
v -0.060499999672174495 -0.021250000223517432 0.009499999694526196
v -0.060499999672174495 -0.021250000223517432 0.0
v -0.06070096045732502 -0.021999999880790724 0.0
v -0.06070096045732502 -0.021999999880790724 0.009499999694526196
v -0.06070096045732502 -0.021999999880790724 0.009499999694526196
v -0.06070096045732502 -0.021999999880790724 0.0
v -0.06125000119209294 -0.02254903875291349 0.0
v -0.06125000119209294 -0.02254903875291349 0.009499999694526196
v -0.06125000119209294 -0.02254903875291349 0.009499999694526196
v -0.06125000119209294 -0.02254903875291349 0.0
v -0.06147595122456555 -0.022609582170844092 1.1604505486079066e-34
v -0.06199999898672108 -0.022749999538064017 0.009499999694526196
v -0.06199999898672108 -0.022749999538064017 3.851859888774472e-34
v -0.06199999898672108 -0.022749999538064017 3.851859888774472e-34
v -0.07400000095367437 -0.052999999374151265 0.01600000075995922
v 0.0 -0.052999999374151265 0.01600000075995922
v 0.0 -0.052732050418853794 0.014999999664723873
v -0.07400000095367437 -0.052732050418853794 0.014999999664723873
v -0.07400000095367437 -0.052732050418853794 0.014999999664723873
v 0.0 -0.052732050418853794 0.014999999664723873
v 0.0 -0.05200000107288364 0.014267949387431145
v -0.07400000095367437 -0.05200000107288364 0.014267949387431145
v -0.07400000095367437 -0.05200000107288364 0.014267949387431145
v 0.0 -0.05200000107288364 0.014267949387431145
v 0.0 -0.05099999904632572 0.014000000432133675
v -0.07400000095367437 -0.05099999904632572 0.014000000432133675
v 0.0 0.052999999374151265 0.01600000075995922
v -0.07400000095367437 0.052999999374151265 0.01600000075995922
v -0.07400000095367437 0.052732050418853794 0.014999999664723873
v 0.0 0.052732050418853794 0.014999999664723873
v 0.0 0.052732050418853794 0.014999999664723873
v -0.07400000095367437 0.052732050418853794 0.014999999664723873
v -0.07400000095367437 0.05200000107288364 0.014267949387431145
v 0.0 0.05200000107288364 0.014267949387431145
v 0.0 0.05200000107288364 0.014267949387431145
v -0.07400000095367437 0.05200000107288364 0.014267949387431145
v -0.07400000095367437 0.05099999904632572 0.014000000432133675
v 0.0 0.05099999904632572 0.014000000432133675
v -0.07400000095367437 0.052999999374151265 0.05000000074505806
v 0.0 0.052999999374151265 0.05000000074505806
v 0.0 0.052732050418853794 0.050999999046325684
v -0.07400000095367437 0.052732050418853794 0.050999999046325684
v -0.07400000095367437 0.052732050418853794 0.050999999046325684
v 0.0 0.052732050418853794 0.050999999046325684
v 0.0 0.05200000107288364 0.051732052117586136
v -0.07400000095367437 0.05200000107288364 0.051732052117586136
v -0.07400000095367437 0.05200000107288364 0.051732052117586136
v 0.0 0.05200000107288364 0.051732052117586136
v 0.0 0.05099999904632572 0.052000001072883606
v -0.07400000095367437 0.05099999904632572 0.052000001072883606
v 0.0 -0.052999999374151265 0.05000000074505806
v -0.07400000095367437 -0.052999999374151265 0.05000000074505806
v -0.07400000095367437 -0.052732050418853794 0.050999999046325684
v 0.0 -0.052732050418853794 0.050999999046325684
v 0.0 -0.052732050418853794 0.050999999046325684
v -0.07400000095367437 -0.052732050418853794 0.050999999046325684
v -0.07400000095367437 -0.05200000107288364 0.051732052117586136
v 0.0 -0.05200000107288364 0.051732052117586136
v 0.0 -0.05200000107288364 0.051732052117586136
v -0.07400000095367437 -0.05200000107288364 0.051732052117586136
v -0.07400000095367437 -0.05099999904632572 0.052000001072883606
v 0.0 -0.05099999904632572 0.052000001072883606
v -0.07400000095367437 0.05099999904632572 0.052000001072883606
v -0.07450000196695333 0.05099999904632572 0.05186602473258972
v -0.07400000095367437 0.05200000107288364 0.051732052117586136
v -0.07450000196695333 0.0519330129027367 0.05161602422595024
v -0.07400000095367437 0.05200000107288364 0.051732052117586136
v -0.07450000196695333 0.0519330129027367 0.05161602422595024
v -0.07400000095367437 0.052732050418853794 0.050999999046325684
v -0.07450000196695333 0.0526160262525082 0.05093301087617874
v -0.07400000095367437 0.052732050418853794 0.050999999046325684
v -0.07450000196695333 0.0526160262525082 0.05093301087617874
v -0.07400000095367437 0.052999999374151265 0.05000000074505806
v -0.07450000196695333 0.05286602675914768 0.05000000074505806
v -0.07450000196695333 0.05099999904632572 0.05186602473258972
v -0.07486602663993841 0.05099999904632572 0.051500000059604645
v -0.07450000196695333 0.0519330129027367 0.05161602422595024
v -0.07486602663993841 0.05175000056624416 0.05129903927445412
v -0.07450000196695333 0.0519330129027367 0.05161602422595024
v -0.07486602663993841 0.05175000056624416 0.05129903927445412
v -0.07450000196695333 0.0526160262525082 0.05093301087617874
v -0.07486602663993841 0.052299037575721775 0.0507499985396862
v -0.07450000196695333 0.0526160262525082 0.05093301087617874
v -0.07486602663993841 0.052299037575721775 0.0507499985396862
v -0.07450000196695333 0.05286602675914768 0.05000000074505806
v -0.07486602663993841 0.0524999983608723 0.05000000074505806
v -0.07486602663993841 0.05099999904632572 0.051500000059604645
v -0.0750000029802323 0.05099999904632572 0.050999999046325684
v -0.07486602663993841 0.05175000056624416 0.05129903927445412
v -0.0750000029802323 0.05150000005960468 0.0508660264313221
v -0.07486602663993841 0.05175000056624416 0.05129903927445412
v -0.0750000029802323 0.05150000005960468 0.0508660264313221
v -0.07486602663993841 0.052299037575721775 0.0507499985396862
v -0.0750000029802323 0.051866024732589756 0.05050000175833702
v -0.07486602663993841 0.052299037575721775 0.0507499985396862
v -0.0750000029802323 0.051866024732589756 0.05050000175833702
v -0.07486602663993841 0.0524999983608723 0.05000000074505806
v -0.0750000029802323 0.05200000107288364 0.05000000074505806
v -0.0750000029802323 -0.05099999904632572 0.050999999046325684
v -0.0750000029802323 0.05099999904632572 0.050999999046325684
v -0.07486602663993841 0.05099999904632572 0.051500000059604645
v -0.07486602663993841 -0.05099999904632572 0.051500000059604645
v -0.07486602663993841 -0.05099999904632572 0.051500000059604645
v -0.07486602663993841 0.05099999904632572 0.051500000059604645
v -0.07450000196695333 0.05099999904632572 0.05186602473258972
v -0.07450000196695333 -0.05099999904632572 0.05186602473258972
v -0.07450000196695333 -0.05099999904632572 0.05186602473258972
v -0.07450000196695333 0.05099999904632572 0.05186602473258972
v -0.07400000095367437 0.05099999904632572 0.052000001072883606
v -0.07400000095367437 -0.05099999904632572 0.052000001072883606
v -0.0750000029802323 0.05200000107288364 0.05000000074505806
v -0.0750000029802323 0.05200000107288364 0.01600000075995922
v -0.07486602663993841 0.0524999983608723 0.01600000075995922
v -0.07486602663993841 0.0524999983608723 0.05000000074505806
v -0.07486602663993841 0.0524999983608723 0.05000000074505806
v -0.07486602663993841 0.0524999983608723 0.01600000075995922
v -0.07450000196695333 0.05286602675914768 0.01600000075995922
v -0.07450000196695333 0.05286602675914768 0.05000000074505806
v -0.07450000196695333 0.05286602675914768 0.05000000074505806
v -0.07450000196695333 0.05286602675914768 0.01600000075995922
v -0.07400000095367437 0.052999999374151265 0.01600000075995922
v -0.07400000095367437 0.052999999374151265 0.05000000074505806
v -0.07400000095367437 -0.052999999374151265 0.05000000074505806
v -0.07450000196695333 -0.05286602675914768 0.05000000074505806
v -0.07400000095367437 -0.052732050418853794 0.050999999046325684
v -0.07450000196695333 -0.0526160262525082 0.05093301087617874
v -0.07400000095367437 -0.052732050418853794 0.050999999046325684
v -0.07450000196695333 -0.0526160262525082 0.05093301087617874
v -0.07400000095367437 -0.05200000107288364 0.051732052117586136
v -0.07450000196695333 -0.0519330129027367 0.05161602422595024
v -0.07400000095367437 -0.05200000107288364 0.051732052117586136
v -0.07450000196695333 -0.0519330129027367 0.05161602422595024
v -0.07400000095367437 -0.05099999904632572 0.052000001072883606
v -0.07450000196695333 -0.05099999904632572 0.05186602473258972
v -0.07450000196695333 -0.05286602675914768 0.05000000074505806
v -0.07486602663993841 -0.0524999983608723 0.05000000074505806
v -0.07450000196695333 -0.0526160262525082 0.05093301087617874
v -0.07486602663993841 -0.052299037575721775 0.0507499985396862
v -0.07450000196695333 -0.0526160262525082 0.05093301087617874
v -0.07486602663993841 -0.052299037575721775 0.0507499985396862
v -0.07450000196695333 -0.0519330129027367 0.05161602422595024
v -0.07486602663993841 -0.05175000056624416 0.05129903927445412
v -0.07450000196695333 -0.0519330129027367 0.05161602422595024
v -0.07486602663993841 -0.05175000056624416 0.05129903927445412
v -0.07450000196695333 -0.05099999904632572 0.05186602473258972
v -0.07486602663993841 -0.05099999904632572 0.051500000059604645
v -0.07486602663993841 -0.0524999983608723 0.05000000074505806
v -0.0750000029802323 -0.05200000107288364 0.05000000074505806
v -0.07486602663993841 -0.052299037575721775 0.0507499985396862
v -0.0750000029802323 -0.051866024732589756 0.05050000175833702
v -0.07486602663993841 -0.052299037575721775 0.0507499985396862
v -0.0750000029802323 -0.051866024732589756 0.05050000175833702
v -0.07486602663993841 -0.05175000056624416 0.05129903927445412
v -0.0750000029802323 -0.05150000005960468 0.0508660264313221
v -0.07486602663993841 -0.05175000056624416 0.05129903927445412
v -0.0750000029802323 -0.05150000005960468 0.0508660264313221
v -0.07486602663993841 -0.05099999904632572 0.051500000059604645
v -0.0750000029802323 -0.05099999904632572 0.050999999046325684
v -0.07400000095367437 0.052999999374151265 0.01600000075995922
v -0.07450000196695333 0.05286602675914768 0.01600000075995922
v -0.07400000095367437 0.052732050418853794 0.014999999664723873
v -0.07450000196695333 0.0526160262525082 0.01506698690354824
v -0.07400000095367437 0.052732050418853794 0.014999999664723873
v -0.07450000196695333 0.0526160262525082 0.01506698690354824
v -0.07400000095367437 0.05200000107288364 0.014267949387431145
v -0.07450000196695333 0.0519330129027367 0.014383974485099316
v -0.07400000095367437 0.05200000107288364 0.014267949387431145
v -0.07450000196695333 0.0519330129027367 0.014383974485099316
v -0.07400000095367437 0.05099999904632572 0.014000000432133675
v -0.07450000196695333 0.05099999904632572 0.01413397490978241
v -0.07450000196695333 0.05286602675914768 0.01600000075995922
v -0.07486602663993841 0.0524999983608723 0.01600000075995922
v -0.07450000196695333 0.0526160262525082 0.01506698690354824
v -0.07486602663993841 0.052299037575721775 0.015250000171363354
v -0.07450000196695333 0.0526160262525082 0.01506698690354824
v -0.07486602663993841 0.052299037575721775 0.015250000171363354
v -0.07450000196695333 0.0519330129027367 0.014383974485099316
v -0.07486602663993841 0.05175000056624416 0.014700962230563164
v -0.07450000196695333 0.0519330129027367 0.014383974485099316
v -0.07486602663993841 0.05175000056624416 0.014700962230563164
v -0.07450000196695333 0.05099999904632572 0.01413397490978241
v -0.07486602663993841 0.05099999904632572 0.014499999582767487
v -0.07486602663993841 0.0524999983608723 0.01600000075995922
v -0.0750000029802323 0.05200000107288364 0.01600000075995922
v -0.07486602663993841 0.052299037575721775 0.015250000171363354
v -0.0750000029802323 0.051866024732589756 0.01549999974668026
v -0.07486602663993841 0.052299037575721775 0.015250000171363354
v -0.0750000029802323 0.051866024732589756 0.01549999974668026
v -0.07486602663993841 0.05175000056624416 0.014700962230563164
v -0.0750000029802323 0.05150000005960468 0.015133974142372608
v -0.07486602663993841 0.05175000056624416 0.014700962230563164
v -0.0750000029802323 0.05150000005960468 0.015133974142372608
v -0.07486602663993841 0.05099999904632572 0.014499999582767487
v -0.0750000029802323 0.05099999904632572 0.014999999664723873
v -0.07400000095367437 -0.052999999374151265 0.05000000074505806
v -0.07400000095367437 -0.052999999374151265 0.01600000075995922
v -0.07450000196695333 -0.05286602675914768 0.01600000075995922
v -0.07450000196695333 -0.05286602675914768 0.05000000074505806
v -0.07450000196695333 -0.05286602675914768 0.05000000074505806
v -0.07450000196695333 -0.05286602675914768 0.01600000075995922
v -0.07486602663993841 -0.0524999983608723 0.01600000075995922
v -0.07486602663993841 -0.0524999983608723 0.05000000074505806
v -0.07486602663993841 -0.0524999983608723 0.05000000074505806
v -0.07486602663993841 -0.0524999983608723 0.01600000075995922
v -0.0750000029802323 -0.05200000107288364 0.01600000075995922
v -0.0750000029802323 -0.05200000107288364 0.05000000074505806
v -0.0750000029802323 0.05099999904632572 0.014999999664723873
v -0.0750000029802323 -0.05099999904632572 0.014999999664723873
v -0.07486602663993841 -0.05099999904632572 0.014499999582767487
v -0.07486602663993841 0.05099999904632572 0.014499999582767487
v -0.07486602663993841 0.05099999904632572 0.014499999582767487
v -0.07486602663993841 -0.05099999904632572 0.014499999582767487
v -0.07450000196695333 -0.05099999904632572 0.01413397490978241
v -0.07450000196695333 0.05099999904632572 0.01413397490978241
v -0.07450000196695333 0.05099999904632572 0.01413397490978241
v -0.07450000196695333 -0.05099999904632572 0.01413397490978241
v -0.07400000095367437 -0.05099999904632572 0.014000000432133675
v -0.07400000095367437 0.05099999904632572 0.014000000432133675
v -0.07400000095367437 -0.05099999904632572 0.014000000432133675
v -0.07450000196695333 -0.05099999904632572 0.01413397490978241
v -0.07400000095367437 -0.05200000107288364 0.014267949387431145
v -0.07450000196695333 -0.0519330129027367 0.014383974485099316
v -0.07400000095367437 -0.05200000107288364 0.014267949387431145
v -0.07450000196695333 -0.0519330129027367 0.014383974485099316
v -0.07400000095367437 -0.052732050418853794 0.014999999664723873
v -0.07450000196695333 -0.0526160262525082 0.01506698690354824
v -0.07400000095367437 -0.052732050418853794 0.014999999664723873
v -0.07450000196695333 -0.0526160262525082 0.01506698690354824
v -0.07400000095367437 -0.052999999374151265 0.01600000075995922
v -0.07450000196695333 -0.05286602675914768 0.01600000075995922
v -0.07450000196695333 -0.05099999904632572 0.01413397490978241
v -0.07486602663993841 -0.05099999904632572 0.014499999582767487
v -0.07450000196695333 -0.0519330129027367 0.014383974485099316
v -0.07486602663993841 -0.05175000056624416 0.014700962230563164
v -0.07450000196695333 -0.0519330129027367 0.014383974485099316
v -0.07486602663993841 -0.05175000056624416 0.014700962230563164
v -0.07450000196695333 -0.0526160262525082 0.01506698690354824
v -0.07486602663993841 -0.052299037575721775 0.015250000171363354
v -0.07450000196695333 -0.0526160262525082 0.01506698690354824
v -0.07486602663993841 -0.052299037575721775 0.015250000171363354
v -0.07450000196695333 -0.05286602675914768 0.01600000075995922
v -0.07486602663993841 -0.0524999983608723 0.01600000075995922
v -0.07486602663993841 -0.05099999904632572 0.014499999582767487
v -0.0750000029802323 -0.05099999904632572 0.014999999664723873
v -0.07486602663993841 -0.05175000056624416 0.014700962230563164
v -0.0750000029802323 -0.05150000005960468 0.015133974142372608
v -0.07486602663993841 -0.05175000056624416 0.014700962230563164
v -0.0750000029802323 -0.05150000005960468 0.015133974142372608
v -0.07486602663993841 -0.052299037575721775 0.015250000171363354
v -0.0750000029802323 -0.051866024732589756 0.01549999974668026
v -0.07486602663993841 -0.052299037575721775 0.015250000171363354
v -0.0750000029802323 -0.051866024732589756 0.01549999974668026
v -0.07486602663993841 -0.0524999983608723 0.01600000075995922
v -0.0750000029802323 -0.05200000107288364 0.01600000075995922
v 0.0695809051394463 0.019783960655331626 0.009388520382344723
v 0.06661976873874668 0.028190670534968394 0.009388520382344723
v 0.06534371525049214 0.027650700882077234 0.010478606447577477
v 0.0590959414839745 0.04463551938533786 0.008999999612569809
v 0.053158208727836644 0.05156418308615688 0.008999999612569809
v 0.051923863589763676 0.05036684870719913 0.009388520382344723
v 0.06413653492927555 0.03702924400568011 0.008999999612569809
v 0.0590959414839745 0.04463551938533786 0.008999999612569809
v 0.05772371962666516 0.04359907284379008 0.009388520382344723
v 0.06820346415042881 0.028860826045274755 0.008999999612569809
v 0.06413653492927555 0.03702924400568011 0.008999999612569809
v 0.06264726817607884 0.03616941720247271 0.009388520382344723
v 0.07171764969825749 0.004413182847201827 0.009662761352956295
v 0.07220216840505604 0.004700893070548776 0.009424419142305851
v 0.07148572802543644 0.011076907627284534 0.009388520382344723
v 0.07226484268903736 0.004738110117614273 0.00939358863979578
v 0.07269614934921269 0.004994222894310955 0.009181422181427479
v 0.07012467831373219 0.0025458224117755907 0.012058498337864876
v 0.07018911093473439 0.0026655851397663372 0.011809663847088814
v 0.06984662264585499 0.006738019641488795 0.012058498337864876
v 0.06984662264585499 0.006738019641488795 0.012058498337864876
v 0.07018911093473439 0.0026655851397663372 0.011809663847088814
v 0.07024276256561283 0.002746179699897768 0.011692465282976627
v 0.06984662264585499 0.006738019641488795 0.012058498337864876
v 0.07024276256561283 0.002746179699897768 0.011692465282976627
v 0.0706843733787537 0.003409600816667082 0.010727732442319393
v 0.03828065842390063 0.058809373527765316 0.012058498337864876
v 0.03857753798365596 0.0595878437161446 0.010510061867535114
v 0.0382347106933594 0.059501200914382976 0.010786382481455803
v 0.0382347106933594 0.059501200914382976 0.010786382481455803
v 0.03808998316526416 0.05948363989591603 0.010933044366538525
v 0.03828065842390063 0.058809373527765316 0.012058498337864876
v 0.03828065842390063 0.058809373527765316 0.012058498337864876
v 0.03808998316526416 0.05948363989591603 0.010933044366538525
v 0.03749968111515048 0.059464413672685665 0.011740383692085743
v 0.03726708516478541 0.05945684015750889 0.012058498337864876
v 0.053158208727836644 0.05156418308615688 0.008999999612569809
v 0.04641347751021388 0.0577100440859795 0.008999999612569809
v 0.04533574730157855 0.05637000128626827 0.009388520382344723
v 0.04533574730157855 0.05637000128626827 0.009388520382344723
v 0.04641347751021388 0.0577100440859795 0.008999999612569809
v 0.041591566056013135 0.06127643585205082 0.008999999612569809
v 0.04533574730157855 0.05637000128626827 0.009388520382344723
v 0.041591566056013135 0.06127643585205082 0.008999999612569809
v 0.04058050364255908 0.060395535081625026 0.00921572931110859
v 0.04058050364255908 0.060395535081625026 0.00921572931110859
v 0.040235377848148374 0.060216818004846615 0.009396768175065517
v 0.04533574730157855 0.05637000128626827 0.009388520382344723
v 0.04533574730157855 0.05637000128626827 0.009388520382344723
v 0.040235377848148374 0.060216818004846615 0.009396768175065517
v 0.040172088891267804 0.060184046626091045 0.009429965168237686
v 0.04533574730157855 0.05637000128626827 0.009388520382344723
v 0.040172088891267804 0.060184046626091045 0.009429965168237686
v 0.04446737468242648 0.05529027804732326 0.010478606447577477
v 0.04446737468242648 0.05529027804732326 0.010478606447577477
v 0.040172088891267804 0.060184046626091045 0.009429965168237686
v 0.03944328799843791 0.05980665236711506 0.00981226284056902
v 0.04446737468242648 0.05529027804732326 0.010478606447577477
v 0.03944328799843791 0.05980665236711506 0.00981226284056902
v 0.03857753798365596 0.0595878437161446 0.010510061867535114
v 0.06820346415042881 0.028860826045274755 0.008999999612569809
v 0.06661976873874668 0.028190670534968394 0.009388520382344723
v 0.07123499363660817 0.020254269242286696 0.008999999612569809
v 0.0695809051394463 0.019783960655331626 0.009388520382344723
v 0.07123499363660817 0.020254269242286696 0.008999999612569809
v 0.0695809051394463 0.019783960655331626 0.009388520382344723
v 0.07318510115146643 0.011340229772031314 0.008999999612569809
v 0.07087577879428868 0.003616787493228915 0.010494722053408623
v 0.07171764969825749 0.004413182847201827 0.009662761352956295
v 0.07011647522449498 0.010864737443625934 0.010478606447577477
v 0.07011647522449498 0.010864737443625934 0.010478606447577477
v 0.07171764969825749 0.004413182847201827 0.009662761352956295
v 0.07148572802543644 0.011076907627284534 0.009388520382344723
v 0.07011647522449498 0.010864737443625934 0.010478606447577477
v 0.07148572802543644 0.011076907627284534 0.009388520382344723
v 0.06824813783168797 0.019405012950301184 0.010478606447577477
v 0.0706843733787537 0.003409600816667082 0.010727732442319393
v 0.0707756951451302 0.003522107843309643 0.010593629442155361
v 0.06984662264585499 0.006738019641488795 0.012058498337864876
v 0.06984662264585499 0.006738019641488795 0.012058498337864876
v 0.0707756951451302 0.003522107843309643 0.010593629442155361
v 0.07087577879428868 0.003616787493228915 0.010494722053408623
v 0.06984662264585499 0.006738019641488795 0.012058498337864876
v 0.07087577879428868 0.003616787493228915 0.010494722053408623
v 0.06920249760150914 0.010722167789936073 0.012058498337864876
v 0.06920249760150914 0.010722167789936073 0.012058498337864876
v 0.07087577879428868 0.003616787493228915 0.010494722053408623
v 0.07011647522449498 0.010864737443625934 0.010478606447577477
v 0.06920249760150914 0.010722167789936073 0.012058498337864876
v 0.07011647522449498 0.010864737443625934 0.010478606447577477
v 0.0684115439653397 0.015614488162100326 0.012058498337864876
v 0.0684115439653397 0.015614488162100326 0.012058498337864876
v 0.07011647522449498 0.010864737443625934 0.010478606447577477
v 0.06824813783168797 0.019405012950301184 0.010478606447577477
v 0.0684115439653397 0.015614488162100326 0.012058498337864876
v 0.06824813783168797 0.019405012950301184 0.010478606447577477
v 0.06736182421445851 0.01915134117007257 0.012058498337864876
v 0.0658531486988068 0.024234566837549227 0.012058498337864876
v 0.06450002640485768 0.02729128487408163 0.012058498337864876
v 0.0658531486988068 0.024234566837549227 0.012058498337864876
v 0.06534371525049214 0.027650700882077234 0.010478606447577477
v 0.06534371525049214 0.027650700882077234 0.010478606447577477
v 0.0658531486988068 0.024234566837549227 0.012058498337864876
v 0.06824813783168797 0.019405012950301184 0.010478606447577477
v 0.06824813783168797 0.019405012950301184 0.010478606447577477
v 0.0695809051394463 0.019783960655331626 0.009388520382344723
v 0.07148572802543644 0.011076907627284534 0.009388520382344723
v 0.07318510115146643 0.011340229772031314 0.008999999612569809
v 0.07148572802543644 0.011076907627284534 0.009388520382344723
v 0.07269614934921269 0.004994222894310955 0.009181422181427479
v 0.07318510115146643 0.011340229772031314 0.008999999612569809
v 0.07269614934921269 0.004994222894310955 0.009181422181427479
v 0.07386273145675665 0.005381136201322082 0.008999999612569809
v 0.06144731119275097 0.03547662124037745 0.010478606447577477
v 0.060660172253847164 0.03501900285482409 0.012058498337864876
v 0.06221344694495205 0.032456714659929296 0.012058498337864876
v 0.06661976873874668 0.028190670534968394 0.009388520382344723
v 0.06661976873874668 0.028190670534968394 0.009388520382344723
v 0.06264726817607884 0.03616941720247271 0.009388520382344723
v 0.06144731119275097 0.03547662124037745 0.010478606447577477
v 0.06534371525049214 0.027650700882077234 0.010478606447577477
v 0.06534371525049214 0.027650700882077234 0.010478606447577477
v 0.06144731119275097 0.03547662124037745 0.010478606447577477
v 0.06221344694495205 0.032456714659929296 0.012058498337864876
v 0.06221344694495205 0.032456714659929296 0.012058498337864876
v 0.05661806836724285 0.04276396706700328 0.010478606447577477
v 0.05590003356337551 0.04221767932176593 0.012058498337864876
v 0.05755220353603367 0.040145926177501706 0.012058498337864876
v 0.06264726817607884 0.03616941720247271 0.009388520382344723
v 0.06264726817607884 0.03616941720247271 0.009388520382344723
v 0.05772371962666516 0.04359907284379008 0.009388520382344723
v 0.05661806836724285 0.04276396706700328 0.010478606447577477
v 0.06144731119275097 0.03547662124037745 0.010478606447577477
v 0.06144731119275097 0.03547662124037745 0.010478606447577477
v 0.05661806836724285 0.04276396706700328 0.010478606447577477
v 0.05755220353603367 0.040145926177501706 0.012058498337864876
v 0.05755220353603367 0.040145926177501706 0.012058498337864876
v 0.05092930048704151 0.04940211027860645 0.010478606447577477
v 0.05029126256704334 0.04877841845154766 0.012058498337864876
v 0.051945954561233555 0.047175940126180683 0.012058498337864876
v 0.05772371962666516 0.04359907284379008 0.009388520382344723
v 0.05772371962666516 0.04359907284379008 0.009388520382344723
v 0.051923863589763676 0.05036684870719913 0.009388520382344723
v 0.05092930048704151 0.04940211027860645 0.010478606447577477
v 0.05661806836724285 0.04276396706700328 0.010478606447577477
v 0.05661806836724285 0.04276396706700328 0.010478606447577477
v 0.05092930048704151 0.04940211027860645 0.010478606447577477
v 0.051945954561233555 0.047175940126180683 0.012058498337864876
v 0.051945954561233555 0.047175940126180683 0.012058498337864876
v 0.03857753798365596 0.0595878437161446 0.010510061867535114
v 0.03828065842390063 0.058809373527765316 0.012058498337864876
v 0.04446737468242648 0.05529027804732326 0.010478606447577477
v 0.04446737468242648 0.05529027804732326 0.010478606447577477
v 0.03828065842390063 0.058809373527765316 0.012058498337864876
v 0.04391830042004588 0.05460189282894138 0.012058498337864876
v 0.0454867519438267 0.05343132838606838 0.012058498337864876
v 0.051923863589763676 0.05036684870719913 0.009388520382344723
v 0.051923863589763676 0.05036684870719913 0.009388520382344723
v 0.04533574730157855 0.05637000128626827 0.009388520382344723
v 0.04446737468242648 0.05529027804732326 0.010478606447577477
v 0.05092930048704151 0.04940211027860645 0.010478606447577477
v 0.05092930048704151 0.04940211027860645 0.010478606447577477
v 0.04446737468242648 0.05529027804732326 0.010478606447577477
v 0.0454867519438267 0.05343132838606838 0.012058498337864876
v 0.0454867519438267 0.05343132838606838 0.012058498337864876
v -0.026771623641252535 -0.06905027478933339 0.008999999612569809
v -0.018076786771416675 -0.07181844860315327 0.008999999612569809
v -0.01765703968703748 -0.0701508074998856 0.009388520382344723
v 0.032072436064481756 -0.06406221538782124 0.00981226284056902
v 0.03231581673026087 -0.06320305168628697 0.010510061867535114
v 0.02564909867942335 -0.06615501642227177 0.010478606447577477
v -0.032271165400743505 -0.06665757298469548 0.008999999612569809
v -0.026771623641252535 -0.06905027478933339 0.008999999612569809
v -0.03202294930815699 -0.06545381993055348 0.009181422181427479
v -0.03202294930815699 -0.06545381993055348 0.009181422181427479
v -0.026771623641252535 -0.06905027478933339 0.008999999612569809
v -0.026149980723857897 -0.06744690984487538 0.009388520382344723
v -0.03202294930815699 -0.06545381993055348 0.009181422181427479
v -0.026149980723857897 -0.06744690984487538 0.009388520382344723
v -0.03202909603714945 -0.06495224684476857 0.00939358863979578
v -0.02564909867942335 -0.06615501642227177 0.010478606447577477
v -0.03203689679503443 -0.0643159002065659 0.009662761352956295
v -0.026149980723857897 -0.06744690984487538 0.009388520382344723
v -0.03203689679503443 -0.0643159002065659 0.009662761352956295
v -0.03202999010682108 -0.06487935781478886 0.009424419142305851
v -0.026149980723857897 -0.06744690984487538 0.009388520382344723
v -0.03202999010682108 -0.06487935781478886 0.009424419142305851
v -0.03202909603714945 -0.06495224684476857 0.00939358863979578
v -0.02564909867942335 -0.06615501642227177 0.010478606447577477
v -0.025347709655761736 -0.06536963582038884 0.012058498337864876
v -0.02633281238377096 -0.06504255533218388 0.012058498337864876
v -0.03274311870336535 -0.0622051022946835 0.011692465282976627
v -0.02633281238377096 -0.06504255533218388 0.012058498337864876
v -0.032786089926958105 -0.06211834400892262 0.011809663847088814
v -0.032786089926958105 -0.06211834400892262 0.011809663847088814
v -0.02633281238377096 -0.06504255533218388 0.012058498337864876
v -0.032857589423656484 -0.06200266256928448 0.012058498337864876
v -0.032389387488365194 -0.06291926652193074 0.010727732442319393
v -0.02633281238377096 -0.06504255533218388 0.012058498337864876
v -0.032389387488365194 -0.06291926652193074 0.010727732442319393
v -0.03233761340379717 -0.06305460631847386 0.010593629442155361
v -0.02633281238377096 -0.06504255533218388 0.012058498337864876
v -0.03233761340379717 -0.06305460631847386 0.010593629442155361
v -0.02564909867942335 -0.06615501642227177 0.010478606447577477
v -0.02564909867942335 -0.06615501642227177 0.010478606447577477
v -0.03233761340379717 -0.06305460631847386 0.010593629442155361
v -0.03230566158890726 -0.06318861991167073 0.010494722053408623
v -0.02564909867942335 -0.06615501642227177 0.010478606447577477
v -0.03230566158890726 -0.06318861991167073 0.010494722053408623
v -0.03203689679503443 -0.0643159002065659 0.009662761352956295
v 0.03231581673026087 -0.06320305168628697 0.010510061867535114
v 0.03241219371557238 -0.06286282837390904 0.010786382481455803
v 0.02633281238377096 -0.06504255533218388 0.012058498337864876
v 0.03241219371557238 -0.06286282837390904 0.010786382481455803
v 0.03246935084462168 -0.06272871792316441 0.010933044366538525
v 0.02633281238377096 -0.06504255533218388 0.012058498337864876
v 0.02633281238377096 -0.06504255533218388 0.012058498337864876
v 0.03246935084462168 -0.06272871792316441 0.010933044366538525
v 0.03274785354733469 -0.06220788508653645 0.011740383692085743
v 0.032857589423656484 -0.06200266256928448 0.012058498337864876
v 0.032072436064481756 -0.06406221538782124 0.00981226284056902
v 0.02564909867942335 -0.06615501642227177 0.010478606447577477
v 0.032034870237112066 -0.06488207727670674 0.009429965168237686
v 0.032271165400743505 -0.06665757298469548 0.008999999612569809
v 0.03201381862163546 -0.06534151732921605 0.00921572931110859
v 0.026149980723857897 -0.06744690984487538 0.009388520382344723
v 0.026149980723857897 -0.06744690984487538 0.009388520382344723
v 0.03201381862163546 -0.06534151732921605 0.00921572931110859
v 0.03203160688281061 -0.06495326757431034 0.009396768175065517
v 0.00910752452909947 -0.07349634915590292 0.008999999612569809
v 0.008896045386791234 -0.07178974896669392 0.009388520382344723
v 4.5102810375397015e-17 -0.07405848801136022 0.008999999612569809
v 4.857225732735063e-17 -0.07233883440494542 0.009388520382344723
v 4.5102810375397015e-17 -0.07405848801136022 0.008999999612569809
v 4.857225732735063e-17 -0.07233883440494542 0.009388520382344723
v -0.00910752452909947 -0.07349634915590292 0.008999999612569809
v -0.008896045386791234 -0.07178974896669392 0.009388520382344723
v -0.00910752452909947 -0.07349634915590292 0.008999999612569809
v -0.008896045386791234 -0.07178974896669392 0.009388520382344723
v -0.018076786771416675 -0.07181844860315327 0.008999999612569809
v 0.01765703968703748 -0.0701508074998856 0.009388520382344723
v 0.018076786771416675 -0.07181844860315327 0.008999999612569809
v 0.026149980723857897 -0.06744690984487538 0.009388520382344723
v 0.026771623641252535 -0.06905027478933339 0.008999999612569809
v 0.026149980723857897 -0.06744690984487538 0.009388520382344723
v 0.026771623641252535 -0.06905027478933339 0.008999999612569809
v 0.032271165400743505 -0.06665757298469548 0.008999999612569809
v 0.008896045386791234 -0.07178974896669392 0.009388520382344723
v 0.008725648745894437 -0.07041466981172566 0.010478606447577477
v 4.857225732735063e-17 -0.07233883440494542 0.009388520382344723
v 4.5102810375397015e-17 -0.0709532424807549 0.010478606447577477
v 4.857225732735063e-17 -0.07233883440494542 0.009388520382344723
v 4.5102810375397015e-17 -0.0709532424807549 0.010478606447577477
v -0.008896045386791234 -0.07178974896669392 0.009388520382344723
v -0.008725648745894437 -0.07041466981172566 0.010478606447577477
v 0.03203160688281061 -0.06495326757431034 0.009396768175065517
v 0.032034870237112066 -0.06488207727670674 0.009429965168237686
v 0.026149980723857897 -0.06744690984487538 0.009388520382344723
v 0.026149980723857897 -0.06744690984487538 0.009388520382344723
v 0.032034870237112066 -0.06488207727670674 0.009429965168237686
v 0.02564909867942335 -0.06615501642227177 0.010478606447577477
v 0.026149980723857897 -0.06744690984487538 0.009388520382344723
v 0.02564909867942335 -0.06615501642227177 0.010478606447577477
v 0.01765703968703748 -0.0701508074998856 0.009388520382344723
v 0.017318831756711017 -0.06880712509155278 0.010478606447577477
v -0.017318831756711017 -0.06880712509155278 0.010478606447577477
v -0.017120029777288447 -0.06800818443298344 0.012058498337864876
v -0.0177991632372141 -0.06787592172622685 0.012058498337864876
v -0.026149980723857897 -0.06744690984487538 0.009388520382344723
v -0.026149980723857897 -0.06744690984487538 0.009388520382344723
v -0.01765703968703748 -0.0701508074998856 0.009388520382344723
v -0.017318831756711017 -0.06880712509155278 0.010478606447577477
v -0.02564909867942335 -0.06615501642227177 0.010478606447577477
v -0.02564909867942335 -0.06615501642227177 0.010478606447577477
v -0.017318831756711017 -0.06880712509155278 0.010478606447577477
v -0.0177991632372141 -0.06787592172622685 0.012058498337864876
v -0.0177991632372141 -0.06787592172622685 0.012058498337864876
v -0.01765703968703748 -0.0701508074998856 0.009388520382344723
v -0.01765703968703748 -0.0701508074998856 0.009388520382344723
v -0.008896045386791234 -0.07178974896669392 0.009388520382344723
v -0.008725648745894437 -0.07041466981172566 0.010478606447577477
v -0.017318831756711017 -0.06880712509155278 0.010478606447577477
v -0.017318831756711017 -0.06880712509155278 0.010478606447577477
v -0.008725648745894437 -0.07041466981172566 0.010478606447577477
v -0.008973252028226858 -0.06959477066993718 0.012058498337864876
v -0.008973252028226858 -0.06959477066993718 0.012058498337864876
v 0.017120029777288447 -0.06800818443298344 0.012058498337864876
v 0.008725648745894437 -0.07041466981172566 0.010478606447577477
v 0.017318831756711017 -0.06880712509155278 0.010478606447577477
v 0.017318831756711017 -0.06880712509155278 0.010478606447577477
v 0.008725648745894437 -0.07041466981172566 0.010478606447577477
v 0.008896045386791234 -0.07178974896669392 0.009388520382344723
v 0.01765703968703748 -0.0701508074998856 0.009388520382344723
v 0.01765703968703748 -0.0701508074998856 0.009388520382344723
v 0.008896045386791234 -0.07178974896669392 0.009388520382344723
v 0.00910752452909947 -0.07349634915590292 0.008999999612569809
v 0.018076786771416675 -0.07181844860315327 0.008999999612569809
v 0.017120029777288447 -0.06800818443298344 0.012058498337864876
v 0.008973252028226858 -0.06959477066993718 0.012058498337864876
v 0.008725648745894437 -0.07041466981172566 0.010478606447577477
v 0.008725648745894437 -0.07041466981172566 0.010478606447577477
v 0.008973252028226858 -0.06959477066993718 0.012058498337864876
v 0.008628066629171377 -0.06961692869663243 0.012058498337864876
v 0.008725648745894437 -0.07041466981172566 0.010478606447577477
v 0.008628066629171377 -0.06961692869663243 0.012058498337864876
v 4.5102810375397015e-17 -0.0709532424807549 0.010478606447577477
v 4.5102810375397015e-17 -0.0709532424807549 0.010478606447577477
v 0.008628066629171377 -0.06961692869663243 0.012058498337864876
v 4.5102810375397015e-17 -0.07017087191343312 0.012058498337864876
v 4.5102810375397015e-17 -0.0709532424807549 0.010478606447577477
v 4.5102810375397015e-17 -0.07017087191343312 0.012058498337864876
v -0.008725648745894437 -0.07041466981172566 0.010478606447577477
v -0.008725648745894437 -0.07041466981172566 0.010478606447577477
v 4.5102810375397015e-17 -0.07017087191343312 0.012058498337864876
v -0.008628066629171377 -0.06961692869663243 0.012058498337864876
v -0.008973252028226858 -0.06959477066993718 0.012058498337864876
v 0.03231581673026087 -0.06320305168628697 0.010510061867535114
v 0.02633281238377096 -0.06504255533218388 0.012058498337864876
v 0.02564909867942335 -0.06615501642227177 0.010478606447577477
v 0.02564909867942335 -0.06615501642227177 0.010478606447577477
v 0.02633281238377096 -0.06504255533218388 0.012058498337864876
v 0.025347709655761736 -0.06536963582038884 0.012058498337864876
v 0.02564909867942335 -0.06615501642227177 0.010478606447577477
v 0.025347709655761736 -0.06536963582038884 0.012058498337864876
v 0.017318831756711017 -0.06880712509155278 0.010478606447577477
v 0.017318831756711017 -0.06880712509155278 0.010478606447577477
v 0.025347709655761736 -0.06536963582038884 0.012058498337864876
v 0.0177991632372141 -0.06787592172622685 0.012058498337864876
v 0.017318831756711017 -0.06880712509155278 0.010478606447577477
v 0.0177991632372141 -0.06787592172622685 0.012058498337864876
v 0.017120029777288447 -0.06800818443298344 0.012058498337864876
v 0.020363697782158866 0.06758566200733189 0.011136280372738838
v 0.01936944760382177 0.06744461506605152 0.012058498337864876
v 0.022111417725682272 0.06659606844186787 0.012058498337864876
v 0.03202294930815699 0.06545381993055348 0.009181422181427479
v 0.032271165400743505 0.06665757298469548 0.008999999612569809
v 0.027709474787116068 0.06867928802967076 0.008999999612569809
v 0.03202294930815699 0.06545381993055348 0.009181422181427479
v 0.02706605382263662 0.06708454340696339 0.009388520382344723
v 0.03202909603714945 0.06495224684476857 0.00939358863979578
v 0.03202909603714945 0.06495224684476857 0.00939358863979578
v 0.02706605382263662 0.06708454340696339 0.009388520382344723
v 0.03202999010682108 0.06487935781478886 0.009424419142305851
v 0.03202999010682108 0.06487935781478886 0.009424419142305851
v 0.03203689679503443 0.0643159002065659 0.009662761352956295
v 0.03203689679503443 0.0643159002065659 0.009662761352956295
v 0.02706605382263662 0.06708454340696339 0.009388520382344723
v 0.02654762566089632 0.06579958647489552 0.010478606447577477
v 0.03203689679503443 0.0643159002065659 0.009662761352956295
v 0.02654762566089632 0.06579958647489552 0.010478606447577477
v 0.03230566158890726 0.06318861991167073 0.010494722053408623
v 0.032857589423656484 0.06200266256928448 0.012058498337864876
v 0.032786089926958105 0.06211834400892262 0.011809663847088814
v 0.030446000397205374 0.06322177499532704 0.012058498337864876
v 0.030446000397205374 0.06322177499532704 0.012058498337864876
v 0.032786089926958105 0.06211834400892262 0.011809663847088814
v 0.03274311870336535 0.0622051022946835 0.011692465282976627
v 0.032389387488365194 0.06291926652193074 0.010727732442319393
v 0.022079700604081168 0.06821592152118687 0.009769104421138763
v 0.02109625190496446 0.06776895374059681 0.010502861812710762
v 0.02654762566089632 0.06579958647489552 0.010478606447577477
v 0.02654762566089632 0.06579958647489552 0.010478606447577477
v 0.02109625190496446 0.06776895374059681 0.010502861812710762
v 0.02084237337112428 0.06765357404947285 0.010692283511161804
v 0.032389387488365194 0.06291926652193074 0.010727732442319393
v 0.03233761340379717 0.06305460631847386 0.010593629442155361
v 0.030446000397205374 0.06322177499532704 0.012058498337864876
v 0.030446000397205374 0.06322177499532704 0.012058498337864876
v 0.03233761340379717 0.06305460631847386 0.010593629442155361
v 0.03230566158890726 0.06318861991167073 0.010494722053408623
v 0.030446000397205374 0.06322177499532704 0.012058498337864876
v 0.03230566158890726 0.06318861991167073 0.010494722053408623
v 0.02620081230998041 0.06494046002626423 0.012058498337864876
v 0.02620081230998041 0.06494046002626423 0.012058498337864876
v 0.03230566158890726 0.06318861991167073 0.010494722053408623
v 0.02654762566089632 0.06579958647489552 0.010478606447577477
v 0.02620081230998041 0.06494046002626423 0.012058498337864876
v 0.02654762566089632 0.06579958647489552 0.010478606447577477
v 0.022111417725682272 0.06659606844186787 0.012058498337864876
v 0.022111417725682272 0.06659606844186787 0.012058498337864876
v 0.02654762566089632 0.06579958647489552 0.010478606447577477
v 0.02084237337112428 0.06765357404947285 0.010692283511161804
v 0.02084237337112428 0.06765357404947285 0.010692283511161804
v 0.023167150095105185 0.06914374977350239 0.00916493684053421
v 0.02267795801162721 0.06871104985475544 0.00942930020391941
v 0.02706605382263662 0.06708454340696339 0.009388520382344723
v 0.022412976250052466 0.06847666949033741 0.009572499431669712
v 0.02706605382263662 0.06708454340696339 0.009388520382344723
v 0.022412976250052466 0.06847666949033741 0.009572499431669712
v 0.02654762566089632 0.06579958647489552 0.010478606447577477
v 0.02654762566089632 0.06579958647489552 0.010478606447577477
v 0.022412976250052466 0.06847666949033741 0.009572499431669712
v 0.022228829562664046 0.06831379234790806 0.0096720140427351
v 0.02654762566089632 0.06579958647489552 0.010478606447577477
v 0.022228829562664046 0.06831379234790806 0.0096720140427351
v 0.022079700604081168 0.06821592152118687 0.009769104421138763
v 0.03202294930815699 0.06545381993055348 0.009181422181427479
v 0.027709474787116068 0.06867928802967076 0.008999999612569809
v 0.02706605382263662 0.06708454340696339 0.009388520382344723
v 0.02706605382263662 0.06708454340696339 0.009388520382344723
v 0.027709474787116068 0.06867928802967076 0.008999999612569809
v 0.023836949840188044 0.07011747360229496 0.008999999612569809
v 0.02706605382263662 0.06708454340696339 0.009388520382344723
v 0.023836949840188044 0.07011747360229496 0.008999999612569809
v 0.023167150095105185 0.06914374977350239 0.00916493684053421
v 0.051923863589763676 -0.05036684870719913 0.009388520382344723
v 0.05772371962666516 -0.04359907284379008 0.009388520382344723
v 0.05661806836724285 -0.04276396706700328 0.010478606447577477
v 0.06413653492927555 -0.03702924400568011 0.008999999612569809
v 0.06820346415042881 -0.028860826045274755 0.008999999612569809
v 0.06661976873874668 -0.028190670534968394 0.009388520382344723
v 0.0590959414839745 -0.04463551938533786 0.008999999612569809
v 0.06413653492927555 -0.03702924400568011 0.008999999612569809
v 0.06264726817607884 -0.03616941720247271 0.009388520382344723
v 0.07151572406291966 -0.004255563486367467 0.00981226284056902
v 0.07089335471391682 -0.003615206805989149 0.010510061867535114
v 0.07011647522449498 -0.010864737443625934 0.010478606447577477
v 0.039680752903223065 -0.0599027164280415 0.009662761352956295
v 0.04017217829823497 -0.06017846614122395 0.009424419142305851
v 0.04533574730157855 -0.05637000128626827 0.009388520382344723
v 0.04023574292659762 -0.06021413579583172 0.00939358863979578
v 0.04067319631576541 -0.060459598898887676 0.009181422181427479
v 0.037499640136957196 -0.05945892259478573 0.011692465282976627
v 0.041969936341047315 -0.05623589456081394 0.012058498337864876
v 0.03740302100777629 -0.059452760964632076 0.011809663847088814
v 0.03740302100777629 -0.059452760964632076 0.011809663847088814
v 0.041969936341047315 -0.05623589456081394 0.012058498337864876
v 0.03726708516478541 -0.05945684015750889 0.012058498337864876
v 0.03857012093067172 -0.059571832418441814 0.010494722053408623
v 0.04446737468242648 -0.05529027804732326 0.010478606447577477
v 0.038438081741333036 -0.059532497078180355 0.010593629442155361
v 0.038438081741333036 -0.059532497078180355 0.010593629442155361
v 0.04446737468242648 -0.05529027804732326 0.010478606447577477
v 0.041969936341047315 -0.05623589456081394 0.012058498337864876
v 0.038438081741333036 -0.059532497078180355 0.010593629442155361
v 0.041969936341047315 -0.05623589456081394 0.012058498337864876
v 0.038294989615678815 -0.05950966477394108 0.010727732442319393
v 0.038294989615678815 -0.05950966477394108 0.010727732442319393
v 0.041969936341047315 -0.05623589456081394 0.012058498337864876
v 0.037499640136957196 -0.05945892259478573 0.011692465282976627
v 0.07064690440893177 -0.0033616325818002246 0.010786382481455803
v 0.07055933773517613 -0.0032450740691274426 0.010933044366538525
v 0.06931646913290028 -0.010742288082838065 0.012058498337864876
v 0.06931646913290028 -0.010742288082838065 0.012058498337864876
v 0.07055933773517613 -0.0032450740691274426 0.010933044366538525
v 0.07024753093719487 -0.0027434690855443495 0.011740383692085743
v 0.06931646913290028 -0.010742288082838065 0.012058498337864876
v 0.07024753093719487 -0.0027434690855443495 0.011740383692085743
v 0.07012467831373219 -0.0025458224117755907 0.012058498337864876
v 0.07151572406291966 -0.004255563486367467 0.00981226284056902
v 0.07011647522449498 -0.010864737443625934 0.010478606447577477
v 0.07220695912837986 -0.004698026925325397 0.009429965168237686
v 0.07318510115146643 -0.011340229772031314 0.008999999612569809
v 0.07386273145675665 -0.005381136201322082 0.008999999612569809
v 0.07148572802543644 -0.011076907627284534 0.009388520382344723
v 0.07148572802543644 -0.011076907627284534 0.009388520382344723
v 0.07386273145675665 -0.005381136201322082 0.008999999612569809
v 0.07259432226419453 -0.004945978987962011 0.00921572931110859
v 0.07148572802543644 -0.011076907627284534 0.009388520382344723
v 0.07259432226419453 -0.004945978987962011 0.00921572931110859
v 0.07226698100566868 -0.004736448172479871 0.009396768175065517
v 0.0590959414839745 -0.04463551938533786 0.008999999612569809
v 0.05772371962666516 -0.04359907284379008 0.009388520382344723
v 0.053158208727836644 -0.05156418308615688 0.008999999612569809
v 0.051923863589763676 -0.05036684870719913 0.009388520382344723
v 0.053158208727836644 -0.05156418308615688 0.008999999612569809
v 0.051923863589763676 -0.05036684870719913 0.009388520382344723
v 0.04641347751021388 -0.0577100440859795 0.008999999612569809
v 0.07318510115146643 -0.011340229772031314 0.008999999612569809
v 0.07148572802543644 -0.011076907627284534 0.009388520382344723
v 0.07123499363660817 -0.020254269242286696 0.008999999612569809
v 0.0695809051394463 -0.019783960655331626 0.009388520382344723
v 0.07123499363660817 -0.020254269242286696 0.008999999612569809
v 0.0695809051394463 -0.019783960655331626 0.009388520382344723
v 0.06820346415042881 -0.028860826045274755 0.008999999612569809
v 0.039680752903223065 -0.0599027164280415 0.009662761352956295
v 0.04446737468242648 -0.05529027804732326 0.010478606447577477
v 0.039680752903223065 -0.0599027164280415 0.009662761352956295
v 0.04533574730157855 -0.05637000128626827 0.009388520382344723
v 0.04446737468242648 -0.05529027804732326 0.010478606447577477
v 0.04533574730157855 -0.05637000128626827 0.009388520382344723
v 0.05092930048704151 -0.04940211027860645 0.010478606447577477
v 0.07226698100566868 -0.004736448172479871 0.009396768175065517
v 0.07220695912837986 -0.004698026925325397 0.009429965168237686
v 0.07148572802543644 -0.011076907627284534 0.009388520382344723
v 0.07148572802543644 -0.011076907627284534 0.009388520382344723
v 0.07220695912837986 -0.004698026925325397 0.009429965168237686
v 0.07011647522449498 -0.010864737443625934 0.010478606447577477
v 0.07148572802543644 -0.011076907627284534 0.009388520382344723
v 0.07011647522449498 -0.010864737443625934 0.010478606447577477
v 0.0695809051394463 -0.019783960655331626 0.009388520382344723
v 0.06824813783168797 -0.019405012950301184 0.010478606447577477
v 0.05486179888248447 -0.04375082254409793 0.012058498337864876
v 0.05028904974460605 -0.04878592491149906 0.012058498337864876
v 0.05092930048704151 -0.04940211027860645 0.010478606447577477
v 0.04881665110588077 -0.05040720105171207 0.012058498337864876
v 0.05092930048704151 -0.04940211027860645 0.010478606447577477
v 0.04881665110588077 -0.05040720105171207 0.012058498337864876
v 0.04446737468242648 -0.05529027804732326 0.010478606447577477
v 0.04446737468242648 -0.05529027804732326 0.010478606447577477
v 0.04881665110588077 -0.05040720105171207 0.012058498337864876
v 0.043901331722736386 -0.0545916706323624 0.012058498337864876
v 0.041969936341047315 -0.05623589456081394 0.012058498337864876
v 0.05591663718223575 -0.04223863035440448 0.012058498337864876
v 0.05486179888248447 -0.04375082254409793 0.012058498337864876
v 0.05661806836724285 -0.04276396706700328 0.010478606447577477
v 0.05661806836724285 -0.04276396706700328 0.010478606447577477
v 0.05486179888248447 -0.04375082254409793 0.012058498337864876
v 0.05092930048704151 -0.04940211027860645 0.010478606447577477
v 0.05092930048704151 -0.04940211027860645 0.010478606447577477
v 0.051923863589763676 -0.05036684870719913 0.009388520382344723
v 0.04533574730157855 -0.05637000128626827 0.009388520382344723
v 0.04641347751021388 -0.0577100440859795 0.008999999612569809
v 0.04533574730157855 -0.05637000128626827 0.009388520382344723
v 0.04067319631576541 -0.060459598898887676 0.009181422181427479
v 0.04641347751021388 -0.0577100440859795 0.008999999612569809
v 0.04067319631576541 -0.060459598898887676 0.009181422181427479
v 0.041591566056013135 -0.06127643585205082 0.008999999612569809
v 0.06144731119275097 -0.03547662124037745 0.010478606447577477
v 0.060698755085468334 -0.03504839539527895 0.012058498337864876
v 0.06000611558556561 -0.03637605905532839 0.012058498337864876
v 0.05772371962666516 -0.04359907284379008 0.009388520382344723
v 0.05772371962666516 -0.04359907284379008 0.009388520382344723
v 0.06264726817607884 -0.03616941720247271 0.009388520382344723
v 0.06144731119275097 -0.03547662124037745 0.010478606447577477
v 0.05661806836724285 -0.04276396706700328 0.010478606447577477
v 0.05661806836724285 -0.04276396706700328 0.010478606447577477
v 0.06144731119275097 -0.03547662124037745 0.010478606447577477
v 0.06000611558556561 -0.03637605905532839 0.012058498337864876
v 0.06000611558556561 -0.03637605905532839 0.012058498337864876
v 0.06534371525049214 -0.027650700882077234 0.010478606447577477
v 0.06456274539232258 -0.027323560789227503 0.012058498337864876
v 0.06416513025760655 -0.028404001146554964 0.012058498337864876
v 0.06264726817607884 -0.03616941720247271 0.009388520382344723
v 0.06264726817607884 -0.03616941720247271 0.009388520382344723
v 0.06661976873874668 -0.028190670534968394 0.009388520382344723
v 0.06534371525049214 -0.027650700882077234 0.010478606447577477
v 0.06144731119275097 -0.03547662124037745 0.010478606447577477
v 0.06144731119275097 -0.03547662124037745 0.010478606447577477
v 0.06534371525049214 -0.027650700882077234 0.010478606447577477
v 0.06416513025760655 -0.028404001146554964 0.012058498337864876
v 0.06416513025760655 -0.028404001146554964 0.012058498337864876
v 0.06824813783168797 -0.019405012950301184 0.010478606447577477
v 0.06744972616434101 -0.0191805735230446 0.012058498337864876
v 0.06727056205272679 -0.019965548068285002 0.012058498337864876
v 0.06661976873874668 -0.028190670534968394 0.009388520382344723
v 0.06661976873874668 -0.028190670534968394 0.009388520382344723
v 0.0695809051394463 -0.019783960655331626 0.009388520382344723
v 0.06824813783168797 -0.019405012950301184 0.010478606447577477
v 0.06534371525049214 -0.027650700882077234 0.010478606447577477
v 0.06534371525049214 -0.027650700882077234 0.010478606447577477
v 0.06824813783168797 -0.019405012950301184 0.010478606447577477
v 0.06727056205272679 -0.019965548068285002 0.012058498337864876
v 0.06727056205272679 -0.019965548068285002 0.012058498337864876
v 0.06927140802145008 -0.01119926385581494 0.012058498337864876
v 0.06927140802145008 -0.01119926385581494 0.012058498337864876
v 0.06824813783168797 -0.019405012950301184 0.010478606447577477
v 0.07011647522449498 -0.010864737443625934 0.010478606447577477
v 0.06927140802145008 -0.01119926385581494 0.012058498337864876
v 0.07011647522449498 -0.010864737443625934 0.010478606447577477
v 0.06931646913290028 -0.010742288082838065 0.012058498337864876
v 0.06931646913290028 -0.010742288082838065 0.012058498337864876
v 0.07011647522449498 -0.010864737443625934 0.010478606447577477
v 0.07089335471391682 -0.003615206805989149 0.010510061867535114
v 0.06931646913290028 -0.010742288082838065 0.012058498337864876
v 0.07089335471391682 -0.003615206805989149 0.010510061867535114
v 0.07064690440893177 -0.0033616325818002246 0.010786382481455803
v 0.00011928231833735489 0.07233873754739766 0.009388520382344723
v -0.008781043812632566 0.07180390506982808 0.009388520382344723
v -0.008612849749624734 0.07042855769395832 0.010478606447577477
v -0.00898978859186173 0.07351084053516393 0.008999999612569809
v -0.01796511560678483 0.0718464627861977 0.008999999612569809
v -0.017547961324453364 0.0701781734824181 0.009388520382344723
v -0.030446000397205374 0.06322177499532704 0.012058498337864876
v -0.03231581673026087 0.06320305168628697 0.010510061867535114
v -0.03241219371557238 0.06286282837390904 0.010786382481455803
v -0.03241219371557238 0.06286282837390904 0.010786382481455803
v -0.03246935084462168 0.06272871792316441 0.010933044366538525
v -0.030446000397205374 0.06322177499532704 0.012058498337864876
v -0.030446000397205374 0.06322177499532704 0.012058498337864876
v -0.03246935084462168 0.06272871792316441 0.010933044366538525
v -0.03274785354733469 0.06220788508653645 0.011740383692085743
v -0.032857589423656484 0.06200266256928448 0.012058498337864876
v -0.01796511560678483 0.0718464627861977 0.008999999612569809
v -0.026667505502700823 0.06909055262804036 0.008999999612569809
v -0.026048280298709887 0.06748624891042714 0.009388520382344723
v -0.026048280298709887 0.06748624891042714 0.009388520382344723
v -0.026667505502700823 0.06909055262804036 0.008999999612569809
v -0.032271165400743505 0.06665757298469548 0.008999999612569809
v -0.026048280298709887 0.06748624891042714 0.009388520382344723
v -0.032271165400743505 0.06665757298469548 0.008999999612569809
v -0.03201381862163546 0.06534151732921605 0.00921572931110859
v -0.03201381862163546 0.06534151732921605 0.00921572931110859
v -0.03203160688281061 0.06495326757431034 0.009396768175065517
v -0.026048280298709887 0.06748624891042714 0.009388520382344723
v -0.026048280298709887 0.06748624891042714 0.009388520382344723
v -0.03203160688281061 0.06495326757431034 0.009396768175065517
v -0.032034870237112066 0.06488207727670674 0.009429965168237686
v -0.026048280298709887 0.06748624891042714 0.009388520382344723
v -0.032034870237112066 0.06488207727670674 0.009429965168237686
v -0.025549344718456286 0.06619360297918324 0.010478606447577477
v -0.025549344718456286 0.06619360297918324 0.010478606447577477
v -0.032034870237112066 0.06488207727670674 0.009429965168237686
v -0.032072436064481756 0.06406221538782124 0.00981226284056902
v -0.025549344718456286 0.06619360297918324 0.010478606447577477
v -0.032072436064481756 0.06406221538782124 0.00981226284056902
v -0.03231581673026087 0.06320305168628697 0.010510061867535114
v 0.009017796255648141 0.0717745497822762 0.009388520382344723
v 0.014708462171256553 0.07084221392869954 0.009421424008905888
v 0.014514201320707808 0.07143589109182362 0.009172812104225159
v 0.015592913143336783 0.06922060996294026 0.010480804368853569
v 0.014865286648273478 0.07036294788122181 0.009622124955058098
v 0.008845066651701932 0.07039976865053181 0.010478606447577477
v 0.008845066651701932 0.07039976865053181 0.010478606447577477
v 0.014865286648273478 0.07036294788122181 0.009622124955058098
v 0.014818579889833938 0.07050568610429768 0.009562350809574127
v 0.016947872936725627 0.06809347122907643 0.012058498337864876
v 0.016808021813631068 0.06817568093538288 0.011884975247085094
v 0.0134137673303485 0.06887686252593998 0.012058498337864876
v 0.0134137673303485 0.06887686252593998 0.012058498337864876
v 0.016808021813631068 0.06817568093538288 0.011884975247085094
v 0.01615692488849164 0.06871072947978978 0.011132257990539074
v 0.015728209167718898 0.06906303018331532 0.010636631399393082
v -0.00898978859186173 0.07351084053516393 0.008999999612569809
v -0.008781043812632566 0.07180390506982808 0.009388520382344723
v 0.0001221179263666273 0.07405839115381246 0.008999999612569809
v 0.00011928231833735489 0.07233873754739766 0.009388520382344723
v 0.0001221179263666273 0.07405839115381246 0.008999999612569809
v 0.00011928231833735489 0.07233873754739766 0.009388520382344723
v 0.009232169017195709 0.07348079234361654 0.008999999612569809
v -0.0044958633370697524 0.07002669572830204 0.012058498337864876
v 0.00011570748029043906 0.07002669572830204 0.012058498337864876
v 0.00011699755850713708 0.07095314562320713 0.010478606447577477
v 0.00011699755850713708 0.07095314562320713 0.010478606447577477
v 0.00011570748029043906 0.07002669572830204 0.012058498337864876
v 0.008845066651701932 0.07039976865053181 0.010478606447577477
v 0.00011699755850713708 0.07095314562320713 0.010478606447577477
v 0.008845066651701932 0.07039976865053181 0.010478606447577477
v 0.009017796255648141 0.0717745497822762 0.009388520382344723
v 0.009017796255648141 0.0717745497822762 0.009388520382344723
v 0.008845066651701932 0.07039976865053181 0.010478606447577477
v 0.014818579889833938 0.07050568610429768 0.009562350809574127
v 0.014818579889833938 0.07050568610429768 0.009562350809574127
v 0.015728209167718898 0.06906303018331532 0.010636631399393082
v 0.015603180974721919 0.06920449435710911 0.010492921806871891
v 0.0134137673303485 0.06887686252593998 0.012058498337864876
v 0.0134137673303485 0.06887686252593998 0.012058498337864876
v 0.015603180974721919 0.06920449435710911 0.010492921806871891
v 0.015592913143336783 0.06922060996294026 0.010480804368853569
v 0.0134137673303485 0.06887686252593998 0.012058498337864876
v 0.015592913143336783 0.06922060996294026 0.010480804368853569
v 0.008729147724807268 0.069480873644352 0.012058498337864876
v 0.008729147724807268 0.069480873644352 0.012058498337864876
v 0.015592913143336783 0.06922060996294026 0.010480804368853569
v 0.008845066651701932 0.07039976865053181 0.010478606447577477
v 0.008729147724807268 0.069480873644352 0.012058498337864876
v 0.008845066651701932 0.07039976865053181 0.010478606447577477
v 0.0044958633370697524 0.07002669572830204 0.012058498337864876
v 0.0044958633370697524 0.07002669572830204 0.012058498337864876
v 0.008845066651701932 0.07039976865053181 0.010478606447577477
v 0.00011570748029043906 0.07002669572830204 0.012058498337864876
v -0.008499635383486753 0.06951046735048298 0.012058498337864876
v -0.0044958633370697524 0.07002669572830204 0.012058498337864876
v -0.008612849749624734 0.07042855769395832 0.010478606447577477
v -0.008612849749624734 0.07042855769395832 0.010478606447577477
v -0.0044958633370697524 0.07002669572830204 0.012058498337864876
v 0.00011699755850713708 0.07095314562320713 0.010478606447577477
v 0.00011699755850713708 0.07095314562320713 0.010478606447577477
v 0.00011928231833735489 0.07233873754739766 0.009388520382344723
v 0.009017796255648141 0.0717745497822762 0.009388520382344723
v 0.009232169017195709 0.07348079234361654 0.008999999612569809
v 0.009017796255648141 0.0717745497822762 0.009388520382344723
v 0.014514201320707808 0.07143589109182362 0.009172812104225159
v 0.009232169017195709 0.07348079234361654 0.008999999612569809
v 0.014514201320707808 0.07143589109182362 0.009172812104225159
v 0.01441533211618663 0.07264198362827305 0.008999999612569809
v -0.01721184514462949 0.06883396953344349 0.010478606447577477
v -0.016986649483442317 0.06793994456529621 0.012058498337864876
v -0.0134137673303485 0.06887686252593998 0.012058498337864876
v -0.008781043812632566 0.07180390506982808 0.009388520382344723
v -0.008781043812632566 0.07180390506982808 0.009388520382344723
v -0.017547961324453364 0.0701781734824181 0.009388520382344723
v -0.01721184514462949 0.06883396953344349 0.010478606447577477
v -0.008612849749624734 0.07042855769395832 0.010478606447577477
v -0.008612849749624734 0.07042855769395832 0.010478606447577477
v -0.01721184514462949 0.06883396953344349 0.010478606447577477
v -0.0134137673303485 0.06887686252593998 0.012058498337864876
v -0.0134137673303485 0.06887686252593998 0.012058498337864876
v -0.03231581673026087 0.06320305168628697 0.010510061867535114
v -0.030446000397205374 0.06322177499532704 0.012058498337864876
v -0.025549344718456286 0.06619360297918324 0.010478606447577477
v -0.025549344718456286 0.06619360297918324 0.010478606447577477
v -0.030446000397205374 0.06322177499532704 0.012058498337864876
v -0.02521702833473684 0.06533874571323399 0.012058498337864876
v -0.022111417725682272 0.06659606844186787 0.012058498337864876
v -0.017547961324453364 0.0701781734824181 0.009388520382344723
v -0.017547961324453364 0.0701781734824181 0.009388520382344723
v -0.026048280298709887 0.06748624891042714 0.009388520382344723
v -0.025549344718456286 0.06619360297918324 0.010478606447577477
v -0.01721184514462949 0.06883396953344349 0.010478606447577477
v -0.01721184514462949 0.06883396953344349 0.010478606447577477
v -0.025549344718456286 0.06619360297918324 0.010478606447577477
v -0.022111417725682272 0.06659606844186787 0.012058498337864876
v -0.022111417725682272 0.06659606844186787 0.012058498337864876
usemtl material_DefaultMaterial
f 1 2 3
f 3 2 4
f 5 6 7
f 7 6 8
f 9 10 11
f 11 10 6
f 11 6 12
f 12 6 5
f 12 5 13
f 13 5 14
f 15 16 17
f 17 16 7
f 17 7 18
f 18 7 8
f 18 8 19
f 19 8 20
f 21 22 23
f 23 22 24
f 25 26 27
f 27 26 28
f 29 30 31
f 31 30 26
f 31 26 32
f 32 26 25
f 32 25 33
f 33 25 34
f 35 36 37
f 37 36 27
f 37 27 38
f 38 27 28
f 38 28 39
f 39 28 40
f 41 42 43
f 44 45 46
f 46 45 41
f 46 41 47
f 43 48 41
f 41 48 49
f 41 49 47
f 47 49 50
f 44 51 45
f 45 51 52
f 45 52 53
f 53 52 54
f 53 54 55
f 56 57 58
f 58 57 59
f 55 58 53
f 53 58 59
f 53 59 60
f 60 59 61
f 60 61 62
f 56 63 57
f 57 63 64
f 57 64 50
f 50 64 65
f 50 65 47
f 62 66 60
f 60 66 67
f 60 67 41
f 41 67 68
f 41 68 42
f 69 70 71
f 71 70 72
f 73 74 75
f 76 77 78
f 76 78 79
f 80 81 82
f 80 82 83
f 84 85 86
f 84 86 87
f 88 89 90
f 88 90 91
f 92 93 94
f 92 94 95
f 96 97 98
f 96 98 99
f 100 101 102
f 100 102 103
f 104 105 106
f 104 106 107
f 108 109 110
f 108 110 111
f 112 113 114
f 112 114 115
f 116 117 118
f 116 118 119
f 73 120 74
f 121 122 123
f 124 125 126
f 124 126 127
f 128 129 130
f 128 130 131
f 132 133 134
f 132 134 135
f 136 137 138
f 136 138 139
f 140 141 142
f 140 142 143
f 144 145 146
f 144 146 147
f 146 148 147
f 149 150 151
f 149 151 152
f 153 154 155
f 153 155 156
f 157 158 159
f 157 159 160
f 161 162 163
f 161 163 164
f 165 166 167
f 168 169 170
f 170 169 171
f 121 172 122
f 173 174 175
f 175 174 176
f 175 176 177
f 177 176 178
f 177 178 179
f 179 178 180
f 179 180 181
f 181 180 182
f 181 182 183
f 183 182 184
f 183 184 185
f 185 184 186
f 185 186 187
f 187 186 188
f 187 188 189
f 189 188 190
f 189 190 191
f 191 190 192
f 191 192 193
f 193 192 194
f 193 194 195
f 195 194 196
f 195 196 173
f 173 196 174
f 197 198 199
f 200 201 202
f 203 204 205
f 205 206 207
f 208 209 202
f 202 209 210
f 202 210 200
f 211 212 213
f 214 203 215
f 215 203 205
f 215 205 216
f 216 205 207
f 217 218 219
f 219 218 208
f 219 208 220
f 220 208 202
f 221 222 223
f 223 222 224
f 212 211 225
f 225 211 226
f 225 226 227
f 227 226 228
f 227 228 229
f 230 231 232
f 232 231 233
f 234 235 230
f 230 235 236
f 230 236 231
f 213 197 211
f 211 197 199
f 211 199 234
f 234 199 237
f 234 237 235
f 233 238 232
f 232 238 239
f 232 239 217
f 217 239 240
f 217 240 218
f 228 241 229
f 229 241 242
f 229 242 243
f 243 242 244
f 243 244 245
f 245 244 214
f 245 214 221
f 221 214 215
f 221 215 222
f 246 247 248
f 249 250 251
f 251 252 249
f 249 252 253
f 249 253 254
f 248 255 246
f 246 255 256
f 246 256 257
f 257 256 258
f 257 258 259
f 259 258 260
f 259 260 261
f 261 260 262
f 261 262 263
f 263 262 264
f 263 264 252
f 252 264 265
f 252 265 253
f 266 267 268
f 268 267 269
f 270 271 272
f 272 271 273
f 272 273 274
f 275 267 276
f 276 267 266
f 276 266 277
f 277 266 278
f 277 278 279
f 279 278 280
f 279 280 281
f 281 280 282
f 281 282 283
f 283 282 284
f 283 284 285
f 285 284 271
f 285 271 286
f 286 271 270
f 287 288 289
f 290 291 292
f 292 291 293
f 294 287 295
f 295 287 289
f 295 289 296
f 296 289 297
f 296 297 298
f 298 297 299
f 298 299 300
f 300 299 301
f 300 301 302
f 302 301 303
f 302 303 304
f 304 303 293
f 304 293 305
f 305 293 291
f 305 291 306
f 307 308 309
f 309 308 310
f 311 312 313
f 313 312 314
f 315 316 317
f 318 319 320
f 320 319 321
f 322 323 324
f 325 326 327
f 328 329 330
f 331 332 333
f 334 335 336
f 337 338 339
f 340 341 342
f 343 344 345
f 346 325 347
f 348 349 350
f 351 352 353
f 354 355 356
f 357 358 359
f 357 359 360
f 361 362 363
f 364 365 366
f 367 368 369
f 370 371 372
f 373 374 375
f 376 377 378
f 379 380 381
f 365 382 383
f 384 385 386
f 387 388 389
f 390 391 392
f 393 394 395
f 396 397 398
f 399 400 401
f 402 403 404
f 405 406 407
f 408 409 410
f 411 412 413
f 414 415 416
f 417 418 419
f 420 421 422
f 423 411 413
f 424 425 426
f 426 427 424
f 424 427 428
f 429 430 431
f 431 430 432
f 433 434 435
f 435 434 436
f 435 436 437
f 438 431 432
f 439 440 441
f 441 442 439
f 439 442 443
f 439 443 444
f 444 445 439
f 439 445 446
f 439 446 447
f 448 449 450
f 450 451 448
f 448 451 452
f 448 452 453
f 453 454 448
f 448 454 455
f 448 455 456
f 457 458 459
f 459 458 460
f 459 460 461
f 462 463 464
f 464 463 465
f 466 467 468
f 468 467 459
f 468 459 465
f 465 459 461
f 465 461 464
f 469 470 471
f 472 473 474
f 474 473 475
f 475 476 474
f 474 476 477
f 474 477 478
f 479 480 474
f 474 480 481
f 474 481 472
f 472 481 469
f 472 469 482
f 482 469 471
f 457 459 483
f 483 459 474
f 483 474 484
f 484 474 478
f 484 478 485
f 486 487 488
f 488 487 489
f 489 490 488
f 491 492 493
f 491 493 494
f 495 496 497
f 497 496 498
f 497 498 499
f 500 494 493
f 501 502 503
f 504 505 506
f 506 505 507
f 508 509 510
f 511 512 513
f 514 515 516
f 517 518 519
f 520 521 522
f 523 524 525
f 526 527 528
f 529 530 531
f 532 533 534
f 535 536 537
f 538 539 540
f 541 542 543
f 544 545 546
f 547 548 549
f 550 551 552
f 552 551 553
f 554 555 556
f 557 558 559
f 557 559 560
f 561 562 563
f 564 565 566
f 567 568 569
f 570 571 572
f 573 574 575
f 576 577 578
f 578 577 579
f 578 580 576
f 581 582 583
f 584 585 586
f 587 588 589
f 590 591 592
f 590 592 593
f 594 595 596
f 597 598 599
f 600 601 602
f 603 604 605
f 606 607 608
f 609 610 611
f 612 613 614
f 615 616 617
f 618 619 620
f 621 622 623
f 624 625 626
f 624 626 627
f 595 594 628
f 629 630 631
f 632 633 634
f 635 636 637
f 638 639 640
f 641 642 643
f 644 645 646
f 647 648 649
f 650 651 652
f 653 654 655
f 647 649 656
f 656 649 657
f 658 659 660
f 660 659 661
f 660 661 662
f 663 664 665
f 663 665 666
f 667 668 669
f 669 668 670
f 669 670 671
f 672 673 674
f 675 676 677
f 678 679 680
f 680 679 681
f 682 683 684
f 685 686 687
f 688 689 690
f 691 692 693
f 694 695 696
f 686 697 687
f 698 699 700
f 701 702 703
f 701 703 704
f 705 641 706
f 706 641 643
f 707 708 709
f 709 708 710
f 711 712 713
f 713 712 714
f 715 716 717
f 718 719 720
f 721 722 723
f 724 650 725
f 725 650 652
f 726 727 728
f 728 727 729
f 730 731 732
f 732 731 733
f 734 735 736
f 736 735 737
f 738 739 740
f 741 742 743
f 744 745 746
f 747 748 749
f 749 748 750
f 749 750 751
f 752 753 754
f 755 756 757
f 758 759 760
f 761 762 763
f 764 765 766
f 767 768 769
f 770 771 772
f 773 774 775
f 776 777 778
f 779 780 781
f 782 783 784
f 785 786 787
f 788 789 790
f 791 792 793
f 794 795 796
f 797 798 799
f 800 801 802
f 803 804 805
f 806 807 808
f 809 810 811
f 812 813 814
f 815 816 817
f 818 819 820
f 821 822 823
f 824 825 826
f 827 828 829
f 830 831 832
f 833 834 835
f 836 837 838
f 839 840 841
f 842 843 844
f 845 846 847
f 810 848 811
f 849 850 851
f 852 853 854
f 855 856 857
f 858 859 860
f 861 862 863
f 864 865 866
f 754 867 752
f 868 869 870
f 871 872 873
f 874 875 876
f 877 878 879
f 880 881 882
f 883 884 885
f 886 887 888
f 889 890 891
f 892 893 894
f 895 896 897
f 898 899 900
f 901 902 903
f 904 905 906
f 884 907 885
f 908 909 910
f 910 909 911
f 912 913 914
f 914 913 915
f 915 913 916
f 917 918 919
f 919 918 920
f 919 920 921
f 922 923 924
f 922 924 925
f 926 927 928
f 929 930 931
f 932 933 934
f 935 936 937
f 937 936 938
f 939 940 941
f 941 940 942
f 943 944 945
f 945 944 946
f 947 948 949
f 950 951 952
f 953 954 955
f 956 957 958
f 959 874 876
f 960 961 962
f 962 961 963
f 964 965 966
f 966 965 967
f 873 968 871
f 871 968 969
f 970 971 972
f 973 974 975
f 973 975 976
f 977 978 979
f 978 977 980
f 981 982 983
f 984 985 986
f 987 988 989
f 990 991 992
f 993 994 995
f 996 997 998
f 999 1000 1001
f 1001 1000 1002
f 1003 1004 1005
f 1005 1004 1006
f 1007 1008 1009
f 1010 1011 1012
f 1013 1014 1015
f 1016 1017 1018
f 1019 1020 1021
f 1022 1023 1024
f 1025 1026 1027
f 1028 1029 1030
f 1031 1032 1033
f 1034 1035 1036
f 1037 1038 1039
f 1040 1041 1042
f 1043 1044 1045
f 1046 1047 1048
f 1049 1050 1051
f 1052 1053 1054
f 1055 1056 1057
f 1058 1059 1060
f 1061 1062 1063
f 1064 1065 1066
f 1029 1067 1030
f 1068 1069 1070
f 1071 1072 1073
f 1074 1075 1076
f 1077 1078 1079
f 1080 1081 1082
f 1083 1084 1085
f 1086 1087 1088
f 1089 1090 1091
f 1091 1090 1092
f 1093 1094 1095
f 1096 1097 1098
f 1099 1100 1101
f 1102 1103 1104
f 1105 1106 1107
f 1108 1109 1110
f 1111 1112 1113
f 1114 1115 1116
f 1117 1118 1119
f 1120 1121 1122
f 1123 1124 1125
f 1126 1127 1128
f 1129 1130 1131
f 1132 1133 1134
f 1132 1134 1135
f 1136 1137 1138
f 1139 1140 1141
f 1142 1143 1144
f 1145 1146 1147
f 1148 1149 1150
f 1148 1150 1151
f 1152 1153 1154
f 1155 1156 1157
f 1158 1159 1160
f 1161 1162 1163
f 1164 1165 1166
f 1167 1168 1169
f 1095 1170 1093
f 1171 1172 1173
f 1173 1174 1171
f 1171 1174 1175
f 1176 1177 1178
f 1178 1177 1179
f 1180 1181 1182
f 1182 1181 1183
f 1182 1183 1184
f 1185 1178 1179
f 1186 1187 1188
f 1188 1187 1189
f 1190 1191 1192
f 1192 1193 1190
f 1190 1193 1194
f 1195 1196 1197
f 1197 1196 1198
f 1199 1200 1201
f 1201 1200 1202
f 1201 1202 1203
f 1204 1197 1198
f 1205 1206 1207
f 1207 1208 1205
f 1209 1210 1211
f 1212 1213 1214
f 1215 1216 1217
f 1218 1219 1220
f 1221 1222 1223
f 1224 1225 1226
f 1227 1228 1229
f 1227 1229 1230
f 1231 1232 1233
f 1234 1235 1236
f 1237 1238 1239
f 1240 1241 1242
f 1243 1244 1245
f 1243 1245 1246
f 1247 1248 1249
f 1249 1248 1250
f 1251 1252 1253
f 1254 1255 1256
f 1254 1256 1257
f 1258 1259 1260
f 1260 1259 1261
f 1262 1263 1264
f 1265 1266 1267
f 1268 1269 1270
f 1271 1272 1273
f 1273 1272 1274
f 1275 1276 1277
f 1278 1279 1280
f 1281 1282 1283
f 1284 1285 1286
f 1287 1288 1289
f 1281 1290 1282
f 1291 1292 1293
f 1294 1295 1296
f 1294 1296 1297
f 1266 1298 1267
f 1299 1300 1301
f 1302 1303 1304
f 1305 1306 1307
f 1308 1309 1310
f 1311 1312 1313
f 1314 1315 1316
f 1317 1318 1319
f 1320 1321 1322
f 1323 1324 1325
f 1326 1327 1328
f 1329 1330 1331
f 1332 1333 1334
f 1335 1336 1337
f 1338 1339 1340
f 1341 1342 1343
f 1344 1345 1346
f 1347 1348 1349
f 1310 1350 1308
f 1351 1352 1353
f 1354 1355 1356
f 1357 1358 1359
f 1360 1361 1362
f 1363 1364 1365
f 1277 1366 1275
f 1367 1368 1369
f 1370 1371 1372
f 1373 1374 1375
f 1376 1377 1378
f 1379 1380 1381
f 1381 1380 1382
f 1383 1384 1385
f 1386 1387 1388
f 1389 1390 1391
f 1392 1393 1394
f 1395 1396 1397
f 1398 1399 1400
f 1401 1402 1403
f 1404 1405 1406
f 1407 1408 1409
f 1410 1411 1412
f 1413 1414 1415
f 1416 1417 1418
f 1419 1420 1421
f 1422 1423 1424
f 1425 1426 1427
f 1428 1429 1430
f 1431 1432 1433
f 1434 1435 1436
f 1437 1438 1439
f 1440 1441 1442
f 1443 1444 1445
f 1446 1447 1448
f 1449 1450 1451
f 1452 1453 1454
f 1455 1456 1457
f 1458 1459 1460
f 1461 1462 1463
f 1464 1465 1466
f 1467 1468 1469
f 1470 1471 1472
f 1473 1474 1475
f 1476 1477 1478
f 1479 1480 1481
f 1482 1483 1484
f 1485 1486 1487
f 1488 1489 1490
f 1491 1492 1493
f 1494 1495 1496
f 1497 1498 1499
f 1500 1501 1502
f 1503 1504 1505
f 1506 1507 1508
f 1509 1510 1511
f 1512 1513 1514
f 1515 1516 1517
f 1518 1519 1520
f 1521 1522 1523
f 1524 1525 1526
f 1527 1528 1529
f 1530 1531 1532
f 1533 1534 1535
f 1536 1537 1538
f 1538 1537 1539
f 1540 1541 1542
f 1543 1544 1545
f 1546 1547 1548
f 1549 1550 1551
f 1552 1553 1554
f 1555 1556 1557
f 1558 1559 1560
f 1561 1562 1563
f 1564 1565 1566
f 1567 1568 1569
f 1567 1569 1570
f 1522 1571 1523
f 1523 1571 1572
f 1573 1574 1575
f 1576 1577 1578
f 1578 1579 1576
f 1580 1581 1582
f 1583 1584 1585
f 1586 1587 1588
f 1586 1588 1589
f 1590 1591 1592
f 1592 1591 1593
f 1594 1595 1596
f 1597 1598 1599
f 1597 1599 1600
f 1519 1601 1520
f 1520 1602 1603
f 1604 1605 1606
f 1607 1608 1609
f 1609 1608 1610
f 1611 1612 1613
f 1614 1615 1616
f 1614 1616 1617
f 1618 1619 1620
f 1621 1622 1623
f 1624 1625 1626
f 1627 1628 1629
f 1630 1631 1632
f 1633 1634 1635
f 1636 1637 1638
f 1639 1640 1641
f 1642 1643 1644
f 1645 1646 1647
f 1648 1649 1650
f 1651 1652 1653
f 1654 1655 1656
f 1657 1658 1659
f 1660 1661 1662
f 1663 1664 1665
f 1666 1667 1668
f 1669 1670 1671
f 1670 1672 1671
f 1673 1674 1675
f 1676 1677 1678
f 1679 1680 1681
f 1667 1682 1668
f 1683 1684 1685
f 1686 1687 1688
f 1689 1690 1691
f 1692 1693 1694
f 1695 1696 1697
f 1698 1699 1700
f 1701 1702 1703
f 1704 1705 1706
f 1707 1708 1709
f 1710 1711 1712
f 1713 1714 1715
f 1716 1717 1718
f 1719 1720 1721
f 1722 1723 1724
f 1725 1726 1727
f 1728 1729 1730
f 1731 1732 1733
f 1702 1734 1703
f 1735 1736 1737
f 1735 1737 1738
f 1739 1740 1741
f 1742 1743 1744
f 1745 1746 1747
f 1748 1749 1750
f 1751 1752 1753
f 1754 1755 1756
f 1757 1758 1759
f 1757 1759 1760
f 1761 1762 1763
f 1764 1765 1766
f 1767 1768 1769
f 1770 1771 1772
f 1773 1774 1775
f 1776 1777 1778
f 1779 1780 1781
f 1782 1783 1784
f 1782 1784 1785
f 1786 1787 1788
f 1789 1790 1791
f 1789 1791 1792
f 1793 1794 1795
f 1796 1797 1798
f 1799 1800 1801
f 1802 1803 1804
f 1805 1806 1807
f 1808 1809 1810
f 1811 1812 1813
f 1811 1813 1814
f 1815 1816 1817
f 1818 1819 1820
f 1821 1822 1823
f 1824 1825 1826
f 1827 1828 1829
f 1830 1831 1832
f 1833 1834 1835
f 1836 1837 1838
f 1836 1838 1839
f 1840 1841 1842
f 1843 1844 1845
f 1846 1847 1848
f 1849 1850 1851
f 1852 1853 1854
f 1855 1856 1857
f 1858 1859 1860
f 1861 1862 1863
f 1861 1863 1864
f 1516 1865 1517
f 1866 1867 1868
f 1869 1870 1871
f 1872 1873 1874
f 1875 1876 1877
f 1878 1879 1880
f 1881 1882 1883
f 1884 1885 1886
f 1887 1888 1889
f 1890 1891 1892
f 1893 1894 1895
f 1896 1897 1898
f 1899 1900 1901
f 1902 1903 1904
f 1905 1906 1907
f 1907 1906 1908
f 1909 1910 1911
f 1912 1913 1914
f 1915 1916 1917
f 1918 1919 1920
f 1921 1922 1923
f 1924 1925 1926
f 1924 1926 1927
f 1542 1928 1540
f 1929 1930 1931
f 1932 1933 1934
f 1935 1936 1937
f 1938 1939 1940
f 1941 1942 1943
f 1941 1943 1944
f 1945 1946 1947
f 1948 1949 1950
f 1951 1952 1953
f 1954 1955 1956
f 1957 1958 1959
f 1960 1961 1962
f 1963 1964 1965
f 1966 1967 1968
f 1969 1970 1971
f 1969 1971 1972
f 1973 1974 1975
f 1976 1977 1978
f 1976 1978 1979
f 1980 1981 1982
f 1982 1981 1983
f 1984 1985 1986
f 1987 1988 1989
f 1987 1989 1990
f 1991 1992 1993
f 1994 1995 1996
f 1997 1998 1999
f 2000 2001 2002
f 2002 2001 2003
f 2004 2005 2006
f 1997 1999 2007
f 2008 2009 2010
f 2011 2012 2013
f 2014 2015 2016
f 2017 2018 2019
f 2020 2021 2022
f 2023 2024 2025
f 2026 2027 2028
f 2029 2030 2031
f 2032 2033 2034
f 2035 2036 2037
f 2038 2039 2040
f 2041 2042 2043
f 2044 2045 2046
f 2047 2048 2049
f 2050 2051 2052
f 2053 2020 2022
f 2028 2054 2026
f 2055 2056 2057
f 2058 2059 2060
f 2061 2062 2063
f 2064 2065 2066
f 2067 2068 2069
f 2070 2071 2072
f 2073 2074 2075
f 2076 2077 2078
f 2079 2080 2081
f 2082 2083 2084
f 2085 2086 2087
f 2020 2088 2021
f 2089 2090 2091
f 2092 2093 2094
f 2095 2096 2097
f 2098 2099 2100
f 2101 2102 2103
f 2104 2105 2106
f 2107 2108 2109
f 2110 2111 2112
f 2113 2114 2115
f 2116 2117 2118
f 2119 2120 2121
f 2121 2120 2122
f 2123 2124 2125
f 2126 2127 2128
f 2126 2128 2129
f 2130 2131 2132
f 2133 2134 2135
f 2136 2137 2138
f 2139 2140 2141
f 2142 2143 2144
f 2145 2146 2147
f 2148 2149 2150
f 2151 2152 2153
f 2154 2155 2156
f 2157 2158 2159
f 2160 2161 2162
f 2163 2164 2165
f 2162 2161 2166
f 2167 2168 2169
f 2170 2171 2172
f 2173 2174 2175
f 2176 2177 2178
f 2179 2180 2181
f 2182 2183 2184
f 2185 2186 2187
f 2188 2189 2190
f 2191 2192 2193
f 2194 2195 2196
f 2113 2197 2114
f 2198 2199 2200
f 2201 2202 2203
f 2204 2205 2206
f 2207 2208 2209
f 2210 2211 2212
f 2213 2214 2215
f 2216 2217 2218
f 2219 2220 2221
f 2222 2223 2224
f 2225 2226 2227
f 2228 2229 2230
f 2231 2232 2233
f 2234 2235 2236
f 2237 2238 2239
f 2240 2241 2242
f 2243 2244 2245
f 2246 2247 2248
f 2248 2247 2249
f 2248 2249 2250
f 2250 2249 2251
f 2250 2251 2252
f 2253 2254 2255
f 2256 2257 2258
f 2259 2260 2261
f 2262 2263 2264
f 2265 2266 2267
f 2268 2269 2270
f 2271 2272 2273
f 2274 2275 2276
f 2277 2278 2279
f 2280 2281 2282
f 2283 2284 2285
f 2286 2287 2288
f 2289 2290 2291
f 2291 2290 2292
f 2293 2294 2295
f 2296 2297 2298
f 2299 2300 2301
f 2302 2303 2304
f 2304 2303 2305
f 2304 2305 2306
f 2307 2308 2309
f 2306 2310 2304
f 2304 2310 2311
f 2304 2311 2312
f 2312 2311 2307
f 2312 2307 2313
f 2313 2307 2309
f 2314 2315 2316
f 2317 2318 2319
f 2320 2321 2322
f 2323 2324 2325
f 2326 2327 2328
f 2329 2330 2331
f 2332 2333 2334
f 2335 2336 2337
f 2317 2319 2338
f 2339 2340 2341
f 2342 2343 2344
f 2345 2346 2347
f 2348 2349 2350
f 2351 2352 2353
f 2354 2355 2356
f 2357 2358 2359
f 2360 2361 2362
f 2343 2363 2344
f 2364 2365 2366
f 2367 2368 2369
f 2370 2371 2372
f 2373 2374 2375
f 2376 2377 2378
f 2379 2380 2381
f 2382 2383 2384
f 2385 2386 2387
f 2388 2389 2390
f 2391 2392 2393
f 2394 2395 2396
f 2396 2395 2397
f 2394 2398 2395
f 2395 2398 2399
f 2395 2399 2400
f 2401 2402 2403
f 2403 2402 2404
f 2403 2404 2405
f 2405 2406 2403
f 2403 2406 2407
f 2403 2407 2408
f 2400 2409 2395
f 2395 2409 2410
f 2395 2410 2411
f 2408 2412 2403
f 2403 2412 2413
f 2403 2413 2414
f 2414 2415 2403
f 2403 2415 2416
f 2403 2416 2417
f 2417 2418 2403
f 2403 2418 2419
f 2403 2419 2420
f 2411 2421 2395
f 2395 2421 2422
f 2395 2422 2423
f 2423 2424 2395
f 2395 2424 2425
f 2395 2425 2426
f 2426 2427 2395
f 2395 2427 2428
f 2395 2428 2403
f 2403 2428 2429
f 2403 2429 2401
f 2430 2431 2432
f 2433 2434 2435
f 2436 2437 2438
f 2439 2440 2441
f 2442 2443 2444
f 2445 2446 2447
f 2448 2449 2450
f 2450 2449 2451
f 2434 2452 2435
f 2453 2454 2455
f 2456 2457 2458
f 2459 2460 2461
f 2462 2463 2464
f 2465 2466 2467
f 2468 2469 2470
f 2471 2472 2473
f 2474 2475 2476
f 2477 2478 2479
f 2480 2481 2482
f 2432 2483 2430
f 2484 2485 2486
f 2487 2488 2489
f 2490 2491 2492
f 2493 2494 2495
f 2496 2497 2498
f 2499 2500 2501
f 2502 2503 2504
f 2505 2506 2507
f 2508 2509 2510
f 2511 2512 2513
f 2511 2513 2514
f 2515 2516 2517
f 2518 2519 2520
f 2518 2520 2521
f 2522 2523 2524
f 2525 2526 2527
f 2528 2529 2530
f 2530 2529 2525
f 2530 2525 2531
f 2531 2525 2527
f 2522 2524 2532
f 2526 2525 2524
f 2524 2525 2533
f 2524 2533 2532
f 2534 2535 2536
f 2537 2538 2539
f 2540 2541 2542
f 2543 2544 2545
f 2546 2547 2548
f 2546 2548 2549
f 2550 2551 2552
f 2553 2554 2555
f 2556 2557 2558
f 2559 2560 2561
f 2562 2563 2564
f 2565 2566 2567
f 2568 2569 2570
f 2568 2570 2571
f 2572 2573 2574
f 2575 2576 2577
f 2578 2579 2580
f 2581 2582 2583
f 2584 2585 2586
f 2587 2588 2589
f 2590 2591 2592
f 2593 2594 2595
f 2593 2595 2596
f 2584 2586 2597
f 2597 2586 2598
f 2597 2598 2599
f 2600 2601 2602
f 2603 2604 2605
f 2605 2604 2606
f 2605 2606 2607
f 2608 2609 2610
f 2611 2612 2613
f 2614 2615 2616
f 2617 2618 2619
f 2620 2621 2622
f 2623 2624 2625
f 2626 2627 2628
f 2629 2630 2631
f 2632 2633 2634
f 2635 2636 2637
f 2638 2639 2640
f 2641 2642 2643
f 2644 2645 2646
f 2646 2645 2647
f 2648 2649 2650
f 2651 2652 2653
f 2654 2655 2656
f 2657 2658 2659
f 2631 2660 2629
f 2652 2651 2661
f 2662 2663 2664
f 2665 2666 2667
f 2668 2669 2670
f 2671 2672 2673
f 2666 2674 2667
f 2675 2676 2677
f 2677 2676 2678
f 2679 2680 2681
f 2682 2683 2684
f 2682 2684 2685
f 2686 2687 2688
f 2688 2687 2689
f 2690 2691 2692
f 2693 2694 2695
f 2696 2697 2698
f 2699 2700 2701
f 2702 2703 2704
f 2705 2706 2707
f 2708 2709 2710
f 2711 2712 2713
f 2714 2715 2716
f 2717 2718 2719
f 2720 2721 2722
f 2723 2724 2725
f 2726 2727 2728
f 2729 2730 2731
f 2732 2733 2734
f 2735 2736 2737
f 2738 2739 2740
f 2741 2742 2743
f 2744 2745 2746
f 2747 2748 2749
f 2750 2751 2752
f 2753 2754 2755
f 2756 2757 2758
f 2735 2759 2736
f 2760 2761 2762
f 2763 2764 2765
f 2766 2754 2767
f 2767 2754 2753
f 2768 2769 2770
f 2740 2771 2772
f 2740 2772 2738
f 2621 2773 2622
f 2622 2773 2774
f 2775 2776 2777
f 2717 2719 2778
f 2779 2780 2781
f 2782 2783 2784
f 2785 2786 2787
f 2770 2788 2768
f 2789 2790 2791
f 2791 2790 2792
f 2790 2793 2792
f 2794 2795 2796
f 2797 2798 2799
f 2799 2798 2800
f 2799 2800 2801
f 2802 2803 2804
f 2802 2804 2805
f 2806 2807 2808
f 2808 2807 2809
f 2808 2809 2810
f 2811 2812 2813
f 2813 2812 2814
f 2813 2814 2815
f 2816 2817 2818
f 2818 2817 2819
f 2818 2819 2820
f 2821 2822 2823
f 2821 2823 2824
f 2825 2826 2827
f 2828 2829 2830
f 2828 2830 2831
f 2831 2830 2832
f 2833 2834 2835
f 2835 2834 2836
f 2835 2836 2837
f 2838 2839 2840
f 2841 2842 2843
f 2841 2843 2844
f 2844 2843 2845
f 2825 2846 2826
f 2847 2848 2849
f 2849 2848 2850
f 2849 2850 2851
f 2852 2853 2854
f 2852 2854 2855
f 2856 2857 2858
f 2859 2860 2861
f 2859 2861 2862
f 2862 2861 2863
f 2864 2865 2866
f 2866 2865 2867
f 2866 2867 2868
f 2869 2870 2871
f 2871 2870 2872
f 2856 2873 2857
f 2874 2875 2876
f 2877 2878 2879
f 2877 2879 2880
f 2880 2879 2881
f 2869 2882 2870
f 2883 2884 2885
f 2886 2887 2888
f 2886 2888 2889
f 2883 2885 2890
f 2890 2885 2891
f 2892 2893 2894
f 2894 2893 2895
f 2894 2895 2896
f 2897 2898 2899
f 2897 2899 2900
f 2901 2902 2903
f 2904 2905 2906
f 2904 2906 2907
f 2908 2909 2910
f 2911 2912 2913
f 2911 2913 2914
f 2915 2916 2917
f 2915 2917 2918
f 2918 2917 2919
f 2920 2921 2922
f 2922 2921 2923
f 2922 2923 2924
f 2908 2910 2925
f 2925 2910 2926
f 2927 2928 2929
f 2929 2928 2930
f 2929 2930 2931
f 2932 2933 2934
f 2932 2934 2935
f 2936 2937 2938
f 2939 2940 2941
f 2939 2941 2942
f 2943 2944 2945
f 2946 2947 2948
f 2946 2948 2949
f 2950 2951 2952
f 2950 2952 2953
f 2953 2952 2954
f 2955 2956 2957
f 2957 2956 2958
f 2957 2958 2959
f 2943 2945 2960
f 2960 2945 2961
f 2962 2963 2964
f 2964 2963 2965
f 2964 2965 2966
f 2967 2968 2969
f 2970 2971 2972
f 2973 2974 2975
f 2976 2977 2978
f 2979 2980 2981
f 2982 2983 2984
f 2982 2984 2985
f 2986 2987 2988
f 2988 2987 2989
f 2988 2989 2990
f 2991 2992 2993
f 2993 2992 2994
f 2994 2995 2993
f 2996 2997 2998
f 2999 3000 3001
f 3002 3003 3004
f 3005 3006 3007
f 3008 3009 3010
f 3011 3012 3013
f 3011 3013 3014
f 3015 3016 3017
f 3018 3019 3020
f 3021 3022 3023
f 3024 3025 3026
f 3027 3028 3029
f 3030 3031 3032
f 2969 3033 2967
f 3034 3035 3036
f 3037 3038 3039
f 3040 3041 3042
f 3040 3042 3043
f 3044 3045 3046
f 3047 3048 3049
f 3050 3051 3052
f 3053 3054 3055
f 3056 3057 3058
f 3059 3060 3061
f 3062 3063 3064
f 3065 3066 3067
f 3065 3067 3068
f 3069 3070 3071
f 3072 3073 3074
f 3075 3076 3077
f 3078 3079 3080
f 3078 3080 3081
f 3082 3083 3084
f 3084 3083 3085
f 3086 3087 3088
f 3089 3090 3091
f 3092 3093 3094
f 3092 3094 3095
f 3096 3097 3098
f 3096 3098 3099
f 3100 3101 3102
f 3100 3102 3103
f 3104 3105 3106
f 3104 3106 3107
f 3108 3109 3110
f 3108 3110 3111
f 3112 3113 3114
f 3112 3114 3115
f 3116 3117 3118
f 3116 3118 3119
f 3120 3121 3122
f 3123 3124 3125
f 3126 3127 3128
f 3129 3130 3131
f 3128 3132 3133
f 3134 3135 3136
f 3137 3138 3139
f 3140 3141 3142
f 3143 3144 3145
f 3146 3147 3148
f 3149 3150 3151
f 3152 3153 3154
f 3155 3156 3157
f 3158 3159 3160
f 3161 3162 3163
f 3161 3163 3164
f 3165 3166 3167
f 3165 3167 3168
f 3169 3170 3171
f 3172 3173 3174
f 3172 3174 3175
f 3176 3177 3178
f 3176 3178 3179
f 3180 3181 3182
f 3180 3182 3183
f 3184 3185 3186
f 3184 3186 3187
f 3188 3189 3190
f 3188 3190 3191
f 3192 3193 3194
f 3192 3194 3195
f 3196 3197 3198
f 3199 3200 3201
f 3202 3203 3204
f 3205 3206 3207
f 3208 3209 3210
f 3211 3212 3213
f 3214 3215 3216
f 3217 3218 3219
f 3216 3220 3221
f 3222 3223 3224
f 3225 3226 3227
f 3228 3229 3230
f 2876 3231 2874
f 2874 3231 3232
f 3233 3234 3235
f 3236 3237 3238
f 3239 3240 3241
f 3242 3243 3244
f 3245 3246 3247
f 3248 3249 3250
f 3251 3252 3253
f 3254 3255 3256
f 3257 3258 3259
f 3260 3261 3262
f 3263 3264 3265
f 3266 3267 3268
f 3268 3267 3269
f 3270 3271 3272
f 3273 3274 3275
f 3276 3277 3278
f 3276 3278 3279
f 3280 3281 3282
f 3280 3282 3283
f 3284 3285 3286
f 3284 3286 3287
f 3288 3289 3290
f 3288 3290 3291
f 3292 3293 3294
f 3292 3294 3295
f 3296 3297 3298
f 3296 3298 3299
f 3300 3301 3302
f 3303 3304 3305
f 3306 3307 3308
f 3309 3310 3311
f 3308 3312 3313
f 2612 3314 2613
f 3315 3316 3317
f 2840 3318 2838
f 2838 3318 3319
f 3320 3321 3322
f 3323 3324 3325
f 3326 3327 3328
f 3329 3330 3331
f 3332 3333 3334
f 3335 3336 3337
f 3338 3339 3340
f 3341 3342 3343
f 3344 3345 3346
f 3347 3348 3349
f 3350 3351 3352
f 3350 3352 3353
f 3354 3355 3356
f 3357 3358 3359
f 3360 3361 3362
f 3363 3364 3365
f 3349 3366 3347
f 3367 3368 3369
f 3370 3371 3372
f 3373 3374 3375
f 3375 3374 3376
f 3377 3378 3379
f 3379 3378 3380
f 3381 3382 3383
f 3383 3382 3384
f 3385 3386 3387
f 3387 3386 3388
f 3389 3390 3391
f 3391 3390 3392
f 3393 3394 3395
f 3395 3394 3396
f 3397 3398 3399
f 3399 3398 3400
f 3401 3402 3403
f 3404 3405 3406
f 3407 3408 3409
f 3410 3411 3412
f 3413 3414 3415
f 3415 3414 3416
f 3417 3418 3419
f 3419 3418 3420
f 3421 3422 3423
f 3423 3422 3424
f 3425 3426 3427
f 3427 3426 3428
f 3429 3430 3431
f 3431 3430 3432
f 3433 3434 3435
f 3435 3434 3436
f 3437 3438 3439
f 3439 3438 3440
f 3441 3442 3443
f 3444 3445 3446
f 3447 3448 3449
f 3450 3451 3452
f 3453 3454 3455
f 3455 3454 3456
f 3457 3458 3459
f 3459 3458 3460
f 3461 3462 3463
f 3463 3462 3464
f 3465 3466 3467
f 3467 3466 3468
f 3469 3470 3471
f 3471 3470 3472
f 3473 3474 3475
f 3475 3474 3476
f 3477 3478 3479
f 3479 3478 3480
f 3481 3482 3483
f 3484 3485 3486
f 3487 3488 3489
f 3490 3491 3492
f 3493 3494 3495
f 3496 3497 3498
f 3498 3497 3499
f 3500 3501 3502
f 3502 3501 3503
f 3504 3505 3506
f 3506 3505 3507
f 3508 3509 3510
f 3510 3509 3511
f 3512 3513 3514
f 3514 3513 3515
f 3516 3517 3518
f 3518 3517 3519
f 3520 3521 3522
f 3522 3521 3523
f 3524 3525 3526
f 3527 3528 3529
f 3530 3531 3532
f 3533 3534 3535
f 3536 3537 3538
f 3538 3537 3539
f 3540 3541 3542
f 3542 3541 3543
f 3544 3545 3546
f 3546 3545 3547
f 3548 3549 3550
f 3550 3549 3551
f 3552 3553 3554
f 3554 3553 3555
f 3556 3557 3558
f 3558 3557 3559
f 3560 3561 3562
f 3562 3561 3563
f 3564 3565 3566
f 3567 3568 3569
f 3570 3571 3572
f 3573 3574 3575
f 3576 3577 3578
f 3578 3577 3579
f 3580 3581 3582
f 3582 3581 3583
f 3584 3585 3586
f 3586 3585 3587
f 3588 3589 3590
f 3590 3589 3591
f 3592 3593 3594
f 3594 3593 3595
f 3596 3597 3598
f 3598 3597 3599
f 3600 3601 3602
f 3602 3601 3603
f 3604 3605 3606
f 3607 3608 3609
f 3610 3611 3612
f 3613 3614 3615
f 3616 3617 3618
f 3618 3617 3619
f 3620 3621 3622
f 3622 3621 3623
f 3624 3625 3626
f 3626 3625 3627
f 3628 3629 3630
f 3630 3629 3631
f 3632 3633 3634
f 3634 3633 3635
f 3636 3637 3638
f 3638 3637 3639
f 3640 3641 3642
f 3642 3641 3643
f 3644 3645 3646
f 3647 3648 3649
f 3650 3651 3652
f 3653 3654 3655
f 3656 3657 3658
f 3658 3657 3659
f 3660 3661 3662
f 3662 3661 3663
f 3664 3665 3666
f 3666 3665 3667
f 3668 3669 3670
f 3670 3669 3671
f 3672 3673 3674
f 3674 3673 3675
f 3676 3677 3678
f 3678 3677 3679
f 3680 3681 3682
f 3682 3681 3683
f 3684 3685 3686
f 3687 3688 3689
f 3690 3691 3692
f 3693 3694 3695
f 3696 3697 3698
f 3696 3698 3699
f 3700 3701 3702
f 3703 3704 3705
f 3706 3707 3708
f 3709 3710 3711
f 3712 3713 3714
f 3715 3716 3717
f 3718 3719 3720
f 3721 3722 3723
f 3723 3722 3724
f 3725 3726 3727
f 3695 3728 3729
f 3695 3729 3693
f 3730 3731 3732
f 3733 3734 3735
f 3736 3737 3738
f 3739 3740 3741
f 3742 3743 3744
f 3745 3746 3747
f 3748 3749 3750
f 3751 3752 3753
f 3754 3755 3756
f 3757 3758 3759
f 3760 3761 3762
f 3763 3764 3765
f 3766 3767 3768
f 3769 3770 3771
f 3772 3773 3774
f 3775 3776 3777
f 3778 3779 3780
f 3781 3782 3783
f 3784 3785 3786
f 3787 3788 3789
f 3790 3791 3792
f 3793 3794 3795
f 3795 3794 3796
f 3797 3798 3799
f 3800 3801 3802
f 3803 3804 3805
f 3801 3806 3807
f 3801 3807 3802
f 3808 3809 3810
f 3811 3812 3813
f 3814 3815 3816
f 3816 3815 3817
f 3818 3819 3820
f 3821 3822 3823
f 3821 3823 3824
f 3825 3826 3827
f 3828 3829 3830
f 3831 3832 3833
f 3834 3835 3836
f 3837 3838 3839
f 3839 3838 3840
f 3841 3842 3843
f 3844 3845 3846
f 3844 3846 3847
f 3848 3849 3850
f 3851 3852 3853
f 3850 3853 3854
f 3855 3856 3857
f 3858 3859 3860
f 3861 3862 3863
f 3864 3865 3866
f 3867 3868 3869
f 3850 3870 3848
f 3871 3872 3873
f 3873 3872 3874
f 3875 3876 3877
f 3878 3879 3880
f 3881 3882 3883
f 3884 3885 3886
f 3887 3888 3889
f 3890 3891 3892
f 3893 3894 3895
f 3896 3897 3898
f 3899 3900 3901
f 3902 3903 3904
f 3904 3903 3905
f 3906 3907 3908
f 3909 3910 3911
f 3912 3913 3914
f 3915 3916 3917
f 3918 3919 3920
f 3921 3922 3923
f 3924 3925 3926
f 3927 3928 3929
f 3930 3931 3932
f 3933 3934 3935
f 3936 3937 3938
f 3939 3940 3941
f 3942 3943 3944
f 3945 3946 3947
f 3948 3949 3950
f 3951 3952 3953
f 3954 3955 3956
f 3957 3958 3959
f 3960 3961 3962
f 3963 3964 3965
f 3966 3967 3968
f 3969 3970 3971
f 3972 3973 3974
f 3975 3976 3977
f 3978 3979 3980
f 3981 3982 3983
f 3984 3985 3986
f 3987 3988 3989
f 3990 3991 3992
f 3993 3994 3995
f 3996 3997 3998
f 3999 4000 4001
f 4002 4003 4004
f 3757 4005 3758
f 4006 4007 4008
f 4009 4010 4011
f 4012 4013 4014
f 3912 4015 3913
f 4016 4017 4018
f 4019 4020 4021
f 4022 4023 4024
f 4025 4026 4027
f 4028 4029 4030
f 4031 4032 4033
f 4034 4035 4036
f 4037 4038 4039
f 4040 4041 4042
f 3832 4043 4044
f 3808 4045 3809
f 4046 4047 4048
f 4049 4050 4051
f 4052 4053 4054
f 4055 4056 4057
f 4058 4059 4060
f 4061 4062 4063
f 4064 4065 4066
f 4067 4068 4069
f 4070 4071 4072
f 4073 4074 4075
f 4076 4077 4078
f 4079 4080 4081
f 4082 4083 4084
f 4085 4086 4087
f 4088 4089 4090
f 4091 4092 4093
f 4093 4092 4094
f 4095 4096 4097
f 4085 4087 4098
f 4099 4100 4101
f 4102 4103 4104
f 4104 4103 4105
f 4106 4107 4108
f 4109 4110 4111
f 4112 4113 4114
f 4115 4116 4117
f 4118 4119 4120
f 4120 4119 4121
f 4122 4123 4124
f 4125 4126 4127
f 4127 4126 4128
f 4129 4130 4131
f 4132 4133 4134
f 4134 4133 4135
f 4136 4137 4138
f 4139 4140 4141
f 4141 4140 4142
f 4143 4144 4145
f 4146 4147 4148
f 4148 4147 4149
f 4150 4151 4152
f 4153 4154 4155
f 4155 4154 4156
f 4157 4158 4159
f 4160 4161 4162
f 4162 4161 4163
f 4164 4165 4166
f 4167 4168 4169
f 4169 4168 4170
f 4171 4172 4173
f 4174 4175 4176
f 4176 4175 4177
f 4178 4179 4180
f 4181 4182 4183
f 4183 4182 4184
f 4185 4186 4187
f 4188 4189 4190
f 4190 4189 4191
f 4192 4193 4194
f 4195 4196 4197
f 4198 4199 4200
f 4201 4202 4203
f 4197 4196 4204
f 4205 4206 4207
f 4208 4209 4210
f 4211 4212 4213
f 4214 4215 4216
f 4217 4218 4219
f 4220 4221 4222
f 4082 4084 4223
f 4224 4225 4226
f 4227 4228 4229
f 4230 4231 4232
f 4233 4234 4235
f 4236 4237 4238
f 4239 4240 4241
f 4242 4243 4244
f 4245 4246 4247
f 4248 4249 4250
f 4251 4252 4253
f 4254 4255 4256
f 4257 4258 4259
f 4260 4261 4262
f 4263 4264 4265
f 4266 4267 4268
f 4269 4270 4271
f 4233 4272 4234
f 4254 4256 4273
f 4274 4275 4276
f 4277 4278 4279
f 4280 4281 4282
f 4283 4284 4285
f 4286 4287 4288
f 4278 4289 4279
f 4281 4280 4290
f 4291 4292 4293
f 4294 4295 4296
f 4297 4298 4299
f 4300 4301 4302
f 4295 4303 4296
f 4304 4305 4306
f 4306 4305 4307
f 4308 4309 4310
f 4311 4312 4313
f 4311 4313 4314
f 4315 4316 4317
f 4318 4319 4320
f 4321 4322 4323
f 4324 4325 4326
f 4327 4328 4329
f 4330 4331 4332
f 4333 4334 4335
f 4328 4336 4329
f 4337 4338 4339
f 4340 4341 4342
f 4343 4344 4345
f 4346 4347 4348
f 4349 4350 4351
f 4222 4198 4220
f 4220 4198 4200
f 4352 4353 4354
f 4354 4353 4355
f 4356 4357 4358
f 4358 4357 4359
f 4360 4361 4362
f 4362 4361 4363
f 4364 4365 4366
f 4366 4365 4367
f 4368 4369 4370
f 4370 4369 4371
f 4372 4373 4374
f 4374 4373 4375
f 4376 4377 4378
f 4378 4377 4379
f 4380 4381 4382
f 4382 4381 4383
f 4384 4385 4386
f 4386 4385 4387
f 4388 4389 4390
f 4390 4389 4391
f 4392 4393 4394
f 4394 4393 4395
f 4396 4397 4398
f 4398 4397 4399
f 4400 4401 4402
f 4402 4401 4403
f 4404 4099 4405
f 4405 4099 4101
f 4406 4217 4407
f 4407 4217 4219
f 4408 4409 4410
f 4410 4409 4411
f 4412 4413 4414
f 4414 4413 4415
f 4416 4417 4418
f 4418 4417 4419
f 4420 4421 4422
f 4422 4421 4423
f 4424 4425 4426
f 4426 4425 4427
f 4428 4429 4430
f 4430 4429 4431
f 4432 4433 4434
f 4434 4433 4435
f 4436 4437 4438
f 4438 4437 4439
f 4440 4441 4442
f 4442 4441 4443
f 4444 4445 4446
f 4446 4445 4447
f 4448 4449 4450
f 4450 4449 4451
f 4452 4453 4454
f 4454 4453 4455
f 4456 4457 4458
f 4458 4457 4459
f 4087 4460 4098
f 4461 4404 4405
f 4462 4223 4463
f 4463 4223 4084
f 4464 4465 4466
f 4466 4465 4467
f 4468 4469 4470
f 4470 4469 4471
f 4472 4473 4474
f 4474 4473 4475
f 4476 4477 4478
f 4478 4477 4479
f 4480 4481 4482
f 4482 4481 4483
f 4484 4485 4486
f 4486 4485 4487
f 4488 4489 4490
f 4490 4489 4491
f 4492 4493 4494
f 4494 4493 4495
f 4496 4497 4498
f 4498 4497 4499
f 4500 4501 4502
f 4502 4501 4503
f 4504 4505 4506
f 4506 4505 4507
f 4508 4509 4510
f 4510 4509 4511
f 4512 4513 4514
f 4514 4513 4515
f 4093 4516 4091
f 4091 4516 4517
f 4518 4519 4520
f 4521 4522 4523
f 4524 4525 4526
f 4527 4528 4529
f 4530 4531 4532
f 4533 4534 4535
f 4536 4537 4538
f 4539 4540 4541
f 4542 4543 4544
f 4545 4546 4547
f 4548 4549 4550
f 4551 4552 4553
f 4554 4555 4556
f 4556 4555 4557
f 4558 4559 4560
f 4561 4562 4563
f 4564 4565 4566
f 4567 4568 4569
f 4570 4571 4572
f 4573 4574 4575
f 4523 4576 4521
f 4577 4578 4579
f 4580 4581 4582
f 4583 4584 4585
f 4586 4587 4588
f 4589 4590 4591
f 4592 4593 4594
f 4595 4596 4597
f 4598 4599 4600
f 4598 4600 4601
f 4602 4603 4604
f 4605 4606 4607
f 4608 4609 4610
f 4611 4612 4613
f 4614 4615 4616
f 4617 4618 4619
f 4620 4621 4622
f 4623 4624 4625
f 4604 4626 4627
f 4604 4627 4602
f 4628 4629 4630
f 4631 4632 4633
f 4634 4635 4636
f 4637 4638 4639
f 4639 4638 4640
f 4641 4642 4643
f 4644 4645 4646
f 4647 4648 4649
f 4650 4651 4652
f 4653 4654 4655
f 4656 4657 4658
f 4659 4660 4661
f 4662 4663 4664
f 4664 4663 4665
f 4666 4667 4668
f 4669 4670 4671
f 4672 4673 4674
f 4675 4676 4677
f 4677 4676 4678
f 4679 4680 4681
f 4682 4683 4684
f 4685 4686 4687
f 4688 4689 4690
f 4691 4692 4693
f 4694 4695 4696
f 4697 4698 4699
f 4700 4701 4702
f 4703 4704 4705
f 4706 4707 4708
f 4709 4710 4711
f 4712 4713 4714
f 4715 4629 4628
f 4716 4717 4718
f 4719 4720 4721
f 4722 4723 4724
f 4725 4726 4727
f 4728 4729 4730
f 4731 4732 4733
f 4734 4735 4736
f 4736 4735 4737
f 4738 4739 4740
f 4532 4741 4530
f 4742 4743 4744
f 4742 4744 4745
f 4746 4747 4748
f 4749 4750 4751
f 4752 4753 4754
f 4755 4756 4757
f 4758 4759 4760
f 4761 4762 4763
f 4764 4765 4766
f 4767 4768 4769
f 4739 4770 4740
f 4771 4772 4773
f 4774 4775 4776
f 4777 4778 4779
f 4780 4781 4782
f 4783 4784 4785
f 4786 4787 4788
f 4789 4790 4791
f 4792 4793 4794
f 4795 4796 4797
f 4795 4797 4798
f 4799 4800 4801
f 4802 4803 4804
f 4805 4806 4807
f 4808 4809 4810
f 4811 4812 4813
f 4814 4815 4816
f 4817 4818 4819
f 4820 4821 4822
f 4823 4824 4825
f 4826 4827 4828
f 4829 4830 4831
f 4832 4833 4834
f 4835 4836 4837
f 4838 4839 4840
f 4841 4842 4843
f 4844 4845 4846
f 4847 4848 4849
f 4850 4851 4852
f 4853 4854 4855
f 4856 4857 4858
f 4859 4860 4861
f 4862 4863 4864
f 4865 4866 4867
f 4868 4869 4870
f 4871 4872 4873
f 4874 4875 4876
f 4877 4878 4879
f 4880 4881 4882
f 4883 4884 4885
f 4886 4887 4888
f 4889 4890 4891
f 4892 4893 4894
f 4895 4896 4897
f 4895 4897 4898
f 4899 4900 4901
f 4901 4900 4902
f 4903 4904 4905
f 4906 4907 4908
f 4909 4910 4911
f 4912 4913 4914
f 4915 4916 4917
f 4914 4918 4919
f 4920 4921 4922
f 4923 4924 4925
f 4926 4927 4928
f 4929 4930 4931
f 4932 4933 4934
f 4935 4936 4937
f 4937 4936 4938
f 4939 4940 4941
f 4942 4943 4944
f 4945 4946 4947
f 4948 4949 4950
f 4951 4952 4953
f 4954 4955 4956
f 4957 4958 4959
f 4960 4961 4962
f 4963 4964 4965
f 4966 4967 4968
f 4969 4970 4971
f 4972 4973 4974
f 4975 4976 4977
f 4978 4979 4980
f 4981 4982 4983
f 4984 4985 4986
f 4987 4988 4989
f 4990 4991 4992
f 4993 4994 4995
f 4996 4997 4998
f 4999 5000 5001
f 5002 5003 5004
f 5005 5006 5007
f 5008 5009 5010
f 5011 5012 5013
f 5014 5015 5016
f 5016 5015 5017
f 5016 5017 5018
f 5019 5020 5021
f 5021 5022 5019
f 5019 5022 5023
f 5019 5023 5024
f 5024 5023 5025
f 5019 5026 5020
f 5020 5026 5027
f 5020 5027 5028
f 5028 5029 5020
f 5020 5029 5030
f 5020 5030 5031
f 5032 5033 5023
f 5023 5033 5034
f 5023 5034 5025
f 5031 5035 5020
f 5020 5035 5036
f 5020 5036 5037
f 5032 5038 5033
f 5033 5038 5039
f 5033 5039 5040
f 5041 5042 5043
f 5043 5042 5044
f 5045 5037 5042
f 5042 5037 5046
f 5042 5046 5044
f 5045 5047 5037
f 5037 5047 5048
f 5037 5048 5049
f 5049 5050 5037
f 5037 5050 5051
f 5037 5051 5020
f 5040 5052 5033
f 5033 5052 5053
f 5033 5053 5054
f 5041 5055 5042
f 5042 5055 5056
f 5042 5056 5057
f 5057 5056 5058
f 5054 5059 5033
f 5033 5059 5060
f 5033 5060 5061
f 5061 5062 5033
f 5033 5062 5063
f 5033 5063 5064
f 5064 5065 5033
f 5033 5065 5066
f 5033 5066 5067
f 5068 5069 5070
f 5071 5072 5073
f 5074 5075 5076
f 5077 5078 5079
f 5080 5081 5082
f 5080 5082 5083
f 5084 5085 5086
f 5084 5086 5087
f 5088 5089 5090
f 5088 5090 5091
f 5092 5093 5094
f 5092 5094 5095
f 5096 5097 5098
f 5096 5098 5099
f 5100 5101 5102
f 5100 5102 5103
f 5104 5105 5106
f 5104 5106 5107
f 5108 5109 5110
f 5108 5110 5111
f 5112 5113 5114
f 5112 5114 5115
f 5116 5117 5118
f 5116 5118 5119
f 5120 5121 5122
f 5120 5122 5123
f 5124 5125 5126
f 5124 5126 5127
f 5128 5129 5130
f 5128 5130 5131
f 5132 5133 5134
f 5132 5134 5135
f 5136 5137 5138
f 5136 5138 5139
f 5140 5141 5142
f 5140 5142 5143
f 5144 5145 5146
f 5144 5146 5147
f 5148 5149 5150
f 5148 5150 5151
f 5152 5153 5154
f 5152 5154 5155
f 5156 5157 5158
f 5156 5158 5159
f 5160 5161 5162
f 5160 5162 5163
f 5164 5165 5166
f 5164 5166 5167
f 5168 5169 5170
f 5168 5170 5171
f 5172 5173 5174
f 5172 5174 5175
f 5176 5177 5178
f 5176 5178 5179
f 5180 5181 5182
f 5180 5182 5183
f 5184 5185 5186
f 5184 5186 5187
f 5188 5189 5190
f 5188 5190 5191
f 5192 5193 5194
f 5192 5194 5195
f 5196 5197 5198
f 5196 5198 5199
f 5200 5201 5202
f 5200 5202 5203
f 5204 5205 5206
f 5204 5206 5207
f 5208 5209 5210
f 5208 5210 5211
f 5212 5213 5214
f 5212 5214 5215
f 5216 5217 5218
f 5216 5218 5219
f 5220 5221 5222
f 5220 5222 5223
f 5224 5225 5226
f 5224 5226 5227
f 5228 5229 5230
f 5228 5230 5231
f 5232 5233 5234
f 5232 5234 5235
f 5236 5237 5238
f 5236 5238 5239
f 5240 5241 5242
f 5240 5242 5243
f 5244 5245 5246
f 5244 5246 5247
f 5248 5249 5250
f 5248 5250 5251
f 5252 5253 5254
f 5252 5254 5255
f 5256 5257 5258
f 5256 5258 5259
f 5260 5261 5262
f 5260 5262 5263
f 5264 5265 5266
f 5264 5266 5267
f 5268 5269 5270
f 5268 5270 5271
f 5077 5272 5078
f 5273 5274 5275
f 5276 5277 5278
f 5278 5277 5279
f 5278 5279 5280
f 5281 5282 5283
f 5283 5282 5284
f 5283 5284 5285
f 5286 5287 5288
f 5288 5287 5289
f 5288 5289 5290
f 5291 5292 5293
f 5293 5292 5294
f 5293 5294 5295
f 5296 5297 5298
f 5298 5297 5299
f 5298 5299 5300
f 5301 5302 5303
f 5304 5305 5306
f 5307 5308 5309
f 5310 5311 5312
f 5313 5314 5315
f 5316 5317 5318
f 5319 5320 5321
f 5322 5323 5324
f 5324 5323 5325
f 5324 5325 5326
f 5327 5328 5329
f 5330 5331 5332
f 5333 5334 5335
f 5336 5337 5338
f 5339 5340 5341
f 5342 5343 5344
f 5345 5346 5347
f 5345 5347 5348
f 5349 5350 5351
f 5351 5350 5352
f 5351 5352 5353
f 5354 5355 5356
f 5356 5355 5357
f 5356 5357 5358
f 5359 5360 5361
f 5362 5363 5364
f 5362 5364 5365
f 5366 5367 5368
f 5368 5367 5369
f 5370 5371 5372
f 5373 5374 5375
f 5375 5374 5376
f 5375 5376 5377
f 5378 5379 5380
f 5381 5382 5383
f 5384 5385 5386
f 5387 5388 5389
f 5390 5391 5392
f 5393 5394 5395
f 5395 5394 5396
f 5395 5396 5397
f 5398 5399 5400
f 5401 5402 5403
f 5404 5405 5406
f 5406 5405 5407
f 5406 5407 5408
f 5409 5410 5411
f 5412 5413 5414
f 5415 5416 5417
f 5418 5419 5420
f 5421 5422 5423
f 5421 5423 5424
f 5425 5426 5427
f 5427 5426 5428
f 5429 5430 5431
f 5432 5433 5434
f 5435 5436 5437
f 5438 5439 5440
f 5441 5442 5443
f 5441 5443 5444
f 5445 5446 5447
f 5447 5446 5448
f 5449 5450 5451
f 5452 5453 5454
f 5420 5455 5418
f 5456 5457 5458
f 5459 5460 5461
f 5462 5463 5464
f 5465 5466 5467
f 5468 5469 5470
f 5471 5472 5473
f 5474 5475 5476
f 5477 5478 5479
f 5480 5481 5482
f 5483 5484 5485
f 5458 5486 5456
f 5487 5488 5489
f 5489 5488 5490
f 5489 5490 5491
f 5492 5493 5494
f 5494 5493 5495
f 5494 5495 5496
f 5497 5498 5499
f 5499 5498 5500
f 5499 5500 5501
f 5502 5503 5504
f 5504 5503 5505
f 5504 5505 5506
f 5507 5508 5509
f 5509 5508 5510
f 5509 5510 5511
f 5512 5513 5514
f 5514 5513 5515
f 5514 5515 5516
f 5517 5518 5519
f 5519 5518 5520
f 5519 5520 5521
f 5522 5523 5524
f 5524 5523 5525
f 5524 5525 5526
f 5527 5528 5529
f 5529 5528 5530
f 5529 5530 5531
f 5532 5533 5534
f 5534 5533 5535
f 5534 5535 5536
f 5537 5538 5539
f 5539 5538 5540
f 5539 5540 5541
f 5542 5543 5544
f 5544 5543 5545
f 5544 5545 5546
f 5547 5548 5549
f 5549 5548 5550
f 5549 5550 5551
f 5552 5553 5554
f 5554 5555 5552
f 5552 5555 5556
f 5557 5558 5559
f 5560 5561 5562
f 5563 5564 5565
f 5566 5567 5568
f 5569 5570 5571
f 5572 5573 5574
f 5575 5576 5577
f 5575 5577 5578
f 5579 5580 5581
f 5582 5583 5584
f 5584 5583 5585
f 5584 5585 5586
f 5587 5588 5589
f 5590 5591 5592
f 5593 5594 5595
f 5596 5597 5598
f 5596 5598 5599
f 5600 5601 5602
f 5603 5604 5605
f 5605 5604 5606
f 5607 5608 5609
f 5610 5611 5612
f 5613 5614 5615
f 5616 5617 5618
f 5619 5620 5621
f 5622 5623 5624
f 5625 5626 5627
f 5625 5627 5628
f 5629 5630 5631
f 5632 5633 5634
f 5635 5636 5637
f 5638 5639 5640
f 5641 5642 5643
f 5637 5636 5644
f 5645 5646 5647
f 5648 5649 5650
f 5651 5652 5653
f 5654 5655 5656
f 5657 5658 5659
f 5659 5658 5660
f 5659 5660 5661
f 5662 5663 5664
f 5664 5663 5665
f 5664 5665 5666
f 5667 5668 5669
f 5669 5668 5670
f 5669 5670 5671
f 5672 5673 5674
f 5674 5673 5675
f 5674 5675 5676
f 5677 5678 5679
f 5680 5681 5682
f 5680 5682 5683
f 5684 5685 5686
f 5687 5688 5689
f 5690 5691 5692
f 5693 5694 5695
f 5696 5697 5698
f 5699 5700 5701
f 5701 5700 5702
f 5701 5702 5703
f 5704 5705 5706
f 5707 5708 5709
f 5710 5711 5712
f 5713 5714 5715
f 5716 5717 5718
f 5719 5720 5721
f 5722 5723 5724
f 5725 5726 5727
f 5728 5729 5730
f 5731 5732 5733
f 5734 5735 5736
f 5737 5738 5739
f 5740 5741 5742
f 5743 5744 5745
f 5745 5744 5746
f 5745 5746 5747
f 5748 5749 5750
f 5751 5752 5753
f 5754 5755 5756
f 5756 5755 5757
f 5756 5757 5758
f 5759 5760 5761
f 5761 5760 5762
f 5761 5762 5763
f 5764 5765 5766
f 5766 5765 5767
f 5766 5767 5768
f 5769 5770 5771
f 5771 5770 5772
f 5771 5772 5773
f 5774 5775 5776
f 5776 5775 5777
f 5776 5777 5778
f 5779 5780 5781
f 5781 5780 5782
f 5781 5782 5783
f 5784 5785 5786
f 5787 5788 5789
f 5790 5791 5792
f 5793 5794 5795
f 5796 5797 5798
f 5799 5800 5801
f 5802 5803 5804
f 5805 5806 5807
f 5808 5809 5810
f 5811 5812 5813
f 5814 5815 5816
f 5817 5818 5819
f 5820 5821 5822
f 5823 5824 5825
f 5825 5824 5826
f 5825 5826 5827
f 5828 5829 5830
f 5831 5832 5833
f 5834 5835 5836
f 5837 5838 5839
f 5840 5841 5842
f 5842 5841 5843
f 5844 5845 5846
f 5846 5845 5847
f 5848 5849 5850
f 5850 5849 5851
f 5852 5853 5854
f 5854 5853 5855
f 5856 5857 5858
f 5858 5857 5859
f 5860 5861 5862
f 5862 5861 5863
f 5864 5865 5866
f 5866 5865 5867
f 5868 5869 5870
f 5870 5869 5871
f 5872 5873 5874
f 5874 5873 5875
f 5876 5877 5878
f 5878 5877 5879
f 5880 5881 5882
f 5882 5881 5883
f 5884 5885 5886
f 5886 5885 5887
f 5888 5889 5890
f 5890 5889 5891
f 5892 5893 5894
f 5894 5893 5895
f 5896 5897 5898
f 5898 5897 5899
f 5900 5901 5902
f 5902 5901 5903
f 5904 5905 5906
f 5906 5905 5907
f 5908 5909 5910
f 5910 5909 5911
f 5912 5913 5914
f 5914 5913 5915
f 5916 5917 5918
f 5918 5917 5919
f 5920 5921 5922
f 5922 5921 5923
f 5924 5925 5926
f 5926 5925 5927
f 5928 5929 5930
f 5930 5929 5931
f 5932 5933 5934
f 5934 5933 5935
f 5936 5937 5938
f 5938 5937 5939
f 5940 5941 5942
f 5942 5941 5943
f 5944 5945 5946
f 5946 5945 5947
f 5948 5949 5950
f 5950 5949 5951
f 5952 5953 5954
f 5954 5953 5955
f 5956 5957 5958
f 5958 5957 5959
f 5960 5961 5962
f 5962 5961 5963
f 5964 5965 5966
f 5967 5968 5969
f 5970 5459 5971
f 5971 5459 5461
f 5972 5973 5974
f 5975 5976 5977
f 5978 5979 5980
f 5980 5979 5981
f 5982 5983 5984
f 5984 5983 5985
f 5986 5987 5988
f 5988 5987 5989
f 5990 5991 5992
f 5992 5991 5993
f 5994 5995 5996
f 5996 5995 5997
f 5998 5999 6000
f 6000 5999 6001
f 6002 6003 6004
f 6004 6003 6005
f 6006 6007 6008
f 6008 6007 6009
f 6010 6011 6012
f 6012 6011 6013
f 6014 6015 6016
f 6016 6015 6017
f 6018 6019 6020
f 6020 6019 6021
f 6022 6023 6024
f 6024 6023 6025
f 6026 6027 6028
f 6028 6027 6029
f 6030 6031 6032
f 6032 6031 6033
f 6034 6035 6036
f 6036 6035 6037
f 6038 6039 6040
f 6040 6039 6041
f 6042 6043 6044
f 6044 6043 6045
f 6046 6047 6048
f 6048 6047 6049
f 6050 6051 6052
f 6052 6051 6053
f 6054 6055 6056
f 6056 6055 6057
f 6058 6059 6060
f 6060 6059 6061
f 6062 6063 6064
f 6064 6063 6065
f 6066 6067 6068
f 6068 6067 6069
f 6070 6071 6072
f 6072 6071 6073
f 6074 6075 6076
f 6076 6075 6077
f 6078 6079 6080
f 6080 6079 6081
f 6082 6083 6084
f 6084 6083 6085
f 6086 6087 6088
f 6088 6087 6089
f 6090 6091 6092
f 6093 5429 5431
f 5629 6094 5630
f 6095 6096 6097
f 6098 6099 6100
f 6100 6099 6101
f 6102 6103 6104
f 6104 6103 6105
f 6106 6107 6108
f 6108 6107 6109
f 6110 6111 6112
f 6112 6111 6113
f 6114 6115 6116
f 6116 6115 6117
f 6118 6119 6120
f 6120 6119 6121
f 6122 6123 6124
f 6124 6123 6125
f 6126 6127 6128
f 6128 6127 6129
f 6130 6131 6132
f 6132 6131 6133
f 6134 6135 6136
f 6136 6135 6137
f 6138 6139 6140
f 6140 6139 6141
f 6142 6143 6144
f 6144 6143 6145
f 6146 6147 6148
f 6148 6147 6149
f 6150 6151 6152
f 6152 6151 6153
f 6154 6155 6156
f 6156 6155 6157
f 6158 6159 6160
f 6160 6159 6161
f 6162 6163 6164
f 6164 6163 6165
f 6166 6167 6168
f 6168 6167 6169
f 6170 6171 6172
f 6172 6171 6173
f 6174 6175 6176
f 6176 6175 6177
f 6178 6179 6180
f 6180 6179 6181
f 6182 6183 6184
f 6184 6183 6185
f 6186 6187 6188
f 6188 6187 6189
f 6190 6191 6192
f 6192 6191 6193
f 6194 6195 6196
f 6196 6195 6197
f 6198 6199 6200
f 6200 6199 6201
f 6202 6203 6204
f 6204 6203 6205
f 6206 6207 6208
f 6208 6207 6209
f 6210 6211 6212
f 6212 6211 6213
f 6214 6215 6216
f 6217 6218 6219
f 6220 6221 6222
f 6223 6224 6225
f 6226 6227 6228
f 6229 6230 6231
f 6229 6231 6232
f 6232 6231 6233
f 6232 6233 6234
f 6235 6236 6237
f 6238 6239 6240
f 6240 6239 6241
f 6240 6241 6229
f 6229 6241 6242
f 6229 6242 6230
f 6237 6243 6235
f 6235 6243 6244
f 6235 6244 6245
f 6245 6244 6246
f 6245 6246 6238
f 6238 6246 6247
f 6238 6247 6239
f 6248 6249 6229
f 6229 6249 6250
f 6229 6250 6240
f 6251 6252 6253
f 6253 6252 6248
f 6253 6248 6254
f 6254 6248 6229
f 6254 6229 6255
f 6251 6256 6252
f 6252 6256 6257
f 6252 6257 6258
f 6257 6259 6258
f 6258 6259 6260
f 6258 6260 6261
f 6261 6260 6262
f 6261 6262 6263
f 6263 6264 6229
f 6229 6264 6265
f 6229 6265 6255
f 6266 6267 6258
f 6258 6267 6268
f 6258 6268 6252
f 6269 6270 6271
f 6271 6270 6272
f 6272 6273 6258
f 6258 6273 6274
f 6258 6274 6266
f 6266 6274 6275
f 6266 6275 6276
f 6276 6275 6277
f 6276 6277 6278
f 6278 6277 6279
f 6278 6279 6280
f 6281 6282 6283
f 6283 6282 6284
f 6283 6284 6280
f 6280 6284 6285
f 6280 6285 6278
f 6286 6287 6281
f 6288 6287 6289
f 6290 6291 6292
f 6292 6293 6286
f 6286 6293 6294
f 6286 6294 6287
f 6287 6294 6295
f 6287 6295 6289
f 6289 6296 6288
f 6288 6296 6297
f 6288 6297 6298
f 6297 6299 6298
f 6298 6299 6300
f 6298 6300 6301
f 6301 6300 6302
f 6301 6302 6290
f 6290 6302 6303
f 6290 6303 6291
f 6304 6305 6290
f 6290 6305 6306
f 6290 6306 6301
f 6307 6308 6309
f 6310 6290 6311
f 6311 6290 6309
f 6311 6309 6312
f 6312 6309 6308
f 6310 6313 6290
f 6290 6313 6314
f 6290 6314 6304
f 6304 6314 6315
f 6304 6315 6316
f 6316 6315 6317
f 6317 6318 6316
f 6316 6318 6319
f 6316 6319 6320
f 6320 6319 6321
f 6320 6321 6307
f 6322 6323 6320
f 6320 6323 6324
f 6320 6324 6316
f 6227 6325 6326
f 6326 6327 6227
f 6227 6327 6328
f 6227 6328 6329
f 6330 6320 6331
f 6331 6320 6332
f 6331 6332 6333
f 6333 6332 6329
f 6330 6334 6320
f 6320 6334 6335
f 6320 6335 6322
f 6322 6335 6336
f 6322 6336 6337
f 6337 6336 6338
f 6337 6338 6325
f 6325 6338 6339
f 6325 6339 6326
f 6340 6341 6227
f 6227 6341 6342
f 6227 6342 6325
f 6226 6343 6227
f 6227 6343 6344
f 6227 6344 6340
f 6340 6344 6345
f 6340 6345 6346
f 6346 6345 6347
f 6346 6347 6348
f 6349 6350 6351
f 6351 6350 6352
f 6351 6352 6353
f 6354 6355 6228
f 6228 6355 6356
f 6228 6356 6226
f 6348 6349 6346
f 6346 6349 6351
f 6346 6351 6357
f 6357 6351 6358
f 6228 6359 6360
f 6352 6354 6353
f 6353 6354 6228
f 6353 6228 6361
f 6361 6228 6360
f 6225 6224 6362
f 6362 6224 6363
f 6362 6363 6364
f 6359 6365 6366
f 6366 6365 6367
f 6366 6367 6368
f 6368 6367 6369
f 6368 6369 6225
f 6225 6369 6370
f 6225 6370 6223
f 6371 6372 6228
f 6228 6372 6373
f 6228 6373 6359
f 6359 6373 6374
f 6359 6374 6365
f 6375 6222 6376
f 6377 6378 6379
f 6379 6378 6380
f 6379 6380 6225
f 6225 6380 6381
f 6225 6381 6368
f 6376 6382 6375
f 6375 6382 6383
f 6375 6383 6384
f 6385 6377 6386
f 6386 6377 6379
f 6386 6379 6387
f 6387 6379 6388
f 6386 6389 6385
f 6385 6389 6390
f 6385 6390 6391
f 6390 6392 6391
f 6391 6392 6393
f 6391 6393 6394
f 6394 6393 6395
f 6394 6395 6221
f 6221 6395 6396
f 6221 6396 6222
f 6222 6396 6397
f 6222 6397 6376
f 6398 6399 6400
f 6399 6398 6401
f 6401 6398 6402
f 6401 6402 6403
f 6404 6405 6406
f 6407 6408 6409
f 6410 6411 6412
f 6412 6411 6413
f 6412 6413 6414
f 6414 6413 6415
f 6414 6415 6416
f 6410 6417 6418
f 6418 6417 6419
f 6420 6421 6232
f 6232 6421 6422
f 6232 6422 6423
f 6424 6412 6425
f 6425 6412 6426
f 6425 6426 6427
f 6424 6428 6412
f 6412 6428 6429
f 6412 6429 6410
f 6410 6429 6430
f 6410 6430 6417
f 6431 6232 6236
f 6236 6232 6234
f 6236 6234 6237
f 6419 6420 6418
f 6418 6420 6232
f 6418 6232 6432
f 6432 6232 6431
f 6433 6434 6435
f 6436 6437 6438
f 6438 6437 6439
f 6438 6439 6416
f 6416 6439 6440
f 6416 6440 6414
f 6414 6440 6441
f 6414 6441 6412
f 6412 6441 6442
f 6412 6442 6443
f 6435 6434 6409
f 6406 6444 6404
f 6404 6444 6445
f 6404 6445 6438
f 6438 6445 6446
f 6438 6446 6436
f 6436 6446 6447
f 6436 6447 6448
f 6448 6447 6449
f 6448 6449 6450
f 6450 6449 6451
f 6450 6451 6452
f 6452 6451 6407
f 6452 6407 6453
f 6453 6407 6409
f 6453 6409 6454
f 6454 6409 6434
f 6279 6455 6280
f 6280 6455 6456
f 6280 6456 6283
f 6283 6456 6457
f 6457 6458 6283
f 6283 6458 6459
f 6283 6459 6460
f 6460 6459 6461
f 6460 6461 6269
f 6462 6463 6402
f 6402 6463 6464
f 6402 6464 6403
f 6403 6464 6465
f 6403 6465 6466
f 6466 6465 6467
f 6466 6467 6405
f 6405 6467 6468
f 6405 6468 6406
f 6469 6398 6470
f 6470 6398 6471
f 6470 6471 6472
f 6469 6473 6398
f 6398 6473 6474
f 6398 6474 6402
f 6402 6474 6475
f 6475 6476 6402
f 6402 6476 6477
f 6402 6477 6462
f 6462 6477 6478
f 6479 6480 6481
f 6476 6482 6477
f 6477 6482 6483
f 6477 6483 6481
f 6481 6483 6484
f 6481 6484 6479
f 6472 6471 6485
f 6485 6471 6486
f 6485 6486 6487
f 6263 6229 6261
f 6261 6229 6232
f 6261 6232 6426
f 6426 6232 6423
f 6426 6423 6427
f 6329 6332 6227
f 6227 6332 6362
f 6227 6362 6228
f 6228 6362 6364
f 6228 6364 6371
f 6272 6258 6271
f 6271 6258 6261
f 6271 6261 6488
f 6488 6261 6426
f 6488 6426 6489
f 6489 6426 6412
f 6489 6412 6435
f 6435 6412 6443
f 6435 6443 6433
f 6269 6271 6460
f 6460 6271 6488
f 6460 6488 6490
f 6490 6488 6489
f 6490 6489 6491
f 6491 6489 6435
f 6491 6435 6481
f 6481 6435 6409
f 6481 6409 6477
f 6477 6409 6408
f 6477 6408 6478
f 6307 6309 6320
f 6320 6309 6492
f 6320 6492 6332
f 6332 6492 6493
f 6332 6493 6362
f 6362 6493 6494
f 6362 6494 6225
f 6225 6494 6375
f 6225 6375 6379
f 6379 6375 6384
f 6379 6384 6388
f 6281 6283 6286
f 6286 6283 6460
f 6286 6460 6495
f 6495 6460 6490
f 6495 6490 6496
f 6496 6490 6491
f 6496 6491 6497
f 6497 6491 6481
f 6497 6481 6486
f 6486 6481 6480
f 6486 6480 6487
f 6292 6286 6290
f 6290 6286 6495
f 6290 6495 6309
f 6309 6495 6496
f 6309 6496 6492
f 6492 6496 6497
f 6492 6497 6493
f 6493 6497 6486
f 6493 6486 6494
f 6494 6486 6471
f 6494 6471 6375
f 6375 6471 6398
f 6375 6398 6222
f 6222 6398 6400
f 6222 6400 6220
f 6498 6499 6500
f 6501 6502 6503
f 6501 6503 6504
f 6505 6506 6507
f 6505 6507 6508
f 6509 6510 6511
f 6509 6511 6512
f 6513 6514 6515
f 6513 6515 6516
f 6517 6518 6519
f 6517 6519 6520
f 6521 6522 6523
f 6521 6523 6524
f 6525 6526 6527
f 6525 6527 6528
f 6529 6530 6531
f 6529 6531 6532
f 6533 6534 6535
f 6533 6535 6536
f 6537 6538 6539
f 6537 6539 6540
f 6541 6542 6543
f 6541 6543 6544
f 6498 6545 6499
f 6546 6547 6548
f 6549 6550 6551
f 6552 6553 6554
f 6555 6556 6557
f 6557 6558 6555
f 6559 6560 6561
f 6562 6563 6564
f 6565 6566 6567
f 6568 6569 6570
f 6571 6572 6573
f 6574 6575 6576
f 6577 6578 6579
f 6580 6581 6582
f 6583 6584 6585
f 6583 6585 6586
f 6587 6588 6589
f 6590 6591 6592
f 6593 6594 6595
f 6596 6597 6598
f 6599 6600 6601
f 6602 6603 6604
f 6605 6606 6607
f 6608 6609 6610
f 6611 6612 6613
f 6614 6615 6616
f 6617 6618 6619
f 6620 6621 6622
f 6623 6624 6625
f 6626 6627 6628
f 6629 6630 6631
f 6632 6633 6634
f 6635 6636 6637
f 6638 6639 6640
f 6641 6642 6643
f 6644 6645 6646
f 6647 6648 6649
f 6650 6651 6652
f 6653 6654 6655
f 6656 6657 6658
f 6659 6660 6661
f 6662 6663 6664
f 6665 6666 6667
f 6662 6668 6663
f 6669 6670 6671
f 6669 6671 6672
f 6673 6674 6675
f 6676 6677 6678
f 6679 6680 6681
f 6682 6683 6684
f 6685 6686 6687
f 6687 6686 6688
f 6689 6690 6691
f 6692 6693 6694
f 6695 6696 6697
f 6698 6699 6700
f 6701 6702 6703
f 6704 6705 6706
f 6707 6708 6709
f 6683 6710 6684
f 6711 6712 6713
f 6714 6715 6716
f 6717 6718 6719
f 6720 6721 6722
f 6723 6724 6725
f 6726 6727 6728
f 6712 6729 6713
f 6730 6731 6732
f 6733 6734 6735
f 6700 6736 6737
f 6738 6739 6740
f 6741 6742 6743
f 6743 6742 6744
f 6743 6744 6745
f 6745 6744 6746
f 6745 6746 6747
f 6747 6746 6748
f 6747 6748 6749
f 6749 6748 6750
f 6749 6750 6751
f 6751 6750 6752
f 6751 6752 6753
f 6753 6752 6754
f 6753 6754 6755
f 6755 6754 6756
f 6755 6756 6757
f 6757 6756 6758
f 6757 6758 6759
f 6759 6758 6760
f 6759 6760 6761
f 6761 6760 6762
f 6761 6762 6763
f 6763 6762 6764
f 6763 6764 6741
f 6741 6764 6742
f 6765 6766 6767
f 6768 6769 6770
f 6768 6770 6771
f 6772 6773 6774
f 6772 6774 6775
f 6776 6777 6778
f 6776 6778 6779
f 6780 6781 6782
f 6780 6782 6783
f 6784 6785 6786
f 6784 6786 6787
f 6788 6789 6790
f 6788 6790 6791
f 6792 6793 6794
f 6792 6794 6795
f 6796 6797 6798
f 6796 6798 6799
f 6800 6801 6802
f 6800 6802 6803
f 6804 6805 6806
f 6804 6806 6807
f 6808 6809 6810
f 6808 6810 6811
f 6765 6812 6766
f 6813 6814 6815
f 6816 6817 6818
f 6819 6820 6821
f 6822 6823 6824
f 6825 6826 6827
f 6827 6828 6825
f 6829 6830 6831
f 6832 6833 6834
f 6835 6836 6837
f 6838 6839 6840
f 6841 6842 6843
f 6844 6845 6846
f 6846 6845 6847
f 6848 6849 6850
f 6851 6852 6853
f 6854 6855 6856
f 6857 6858 6859
f 6860 6861 6862
f 6863 6864 6865
f 6866 6867 6868
f 6869 6870 6871
f 6872 6873 6874
f 6875 6876 6877
f 6878 6879 6880
f 6881 6882 6883
f 6884 6885 6886
f 6887 6888 6889
f 6890 6891 6892
f 6893 6894 6895
f 6896 6897 6898
f 6899 6900 6901
f 6902 6903 6904
f 6905 6906 6907
f 6908 6909 6910
f 6911 6912 6913
f 6911 6913 6914
f 6915 6916 6917
f 6918 6919 6920
f 6921 6922 6923
f 6924 6925 6926
f 6927 6928 6929
f 6930 6931 6932
f 6933 6934 6935
f 6936 6937 6938
f 6928 6939 6940
f 6941 6942 6943
f 6944 6945 6946
f 6947 6948 6949
f 6950 6951 6952
f 6953 6954 6955
f 6956 6957 6958
f 6959 6960 6961
f 6962 6963 6964
f 6965 6966 6967
f 6968 6969 6970
f 6971 6972 6973
f 6974 6975 6976
f 6977 6978 6979
f 6980 6981 6982
f 6983 6984 6985
f 6986 6987 6988
f 6989 6990 6991
f 6992 6993 6994
f 6995 6996 6997
f 6998 6999 7000
f 7001 7002 7003
f 7004 7005 7006
f 7007 7008 7009
f 7010 7011 7012
f 6970 7013 7014
f 7015 7016 7017
f 7018 7019 7020
f 7020 7019 7021
f 7020 7021 7022
f 7022 7021 7023
f 7022 7023 7024
f 7024 7023 7025
f 7024 7025 7026
f 7026 7025 7027
f 7026 7027 7028
f 7028 7027 7029
f 7028 7029 7030
f 7030 7029 7031
f 7030 7031 7032
f 7032 7031 7033
f 7032 7033 7034
f 7034 7033 7035
f 7034 7035 7036
f 7036 7035 7037
f 7036 7037 7038
f 7038 7037 7039
f 7038 7039 7040
f 7040 7039 7041
f 7040 7041 7018
f 7018 7041 7019
f 7042 7043 7044
f 7045 7046 7047
f 7045 7047 7048
f 7049 7050 7051
f 7049 7051 7052
f 7053 7054 7055
f 7053 7055 7056
f 7057 7058 7059
f 7057 7059 7060
f 7061 7062 7063
f 7061 7063 7064
f 7065 7066 7067
f 7065 7067 7068
f 7069 7070 7071
f 7069 7071 7072
f 7073 7074 7075
f 7073 7075 7076
f 7077 7078 7079
f 7077 7079 7080
f 7081 7082 7083
f 7081 7083 7084
f 7085 7086 7087
f 7085 7087 7088
f 7042 7089 7043
f 7090 7091 7092
f 7093 7094 7095
f 7096 7097 7098
f 7099 7100 7101
f 7101 7102 7099
f 7103 7104 7105
f 7106 7107 7108
f 7109 7110 7111
f 7112 7113 7114
f 7115 7116 7117
f 7118 7119 7120
f 7121 7122 7123
f 7124 7125 7126
f 7124 7126 7127
f 7128 7129 7130
f 7131 7132 7133
f 7134 7135 7136
f 7137 7138 7139
f 7140 7141 7142
f 7143 7144 7145
f 7146 7147 7148
f 7149 7150 7151
f 7152 7153 7154
f 7155 7156 7157
f 7158 7159 7160
f 7161 7162 7163
f 7164 7165 7166
f 7167 7168 7169
f 7170 7171 7172
f 7173 7174 7175
f 7176 7177 7178
f 7179 7180 7181
f 7182 7183 7184
f 7166 7185 7164
f 7186 7187 7188
f 7189 7190 7191
f 7192 7193 7194
f 7195 7196 7197
f 7198 7199 7200
f 7201 7202 7203
f 7204 7205 7206
f 7201 7207 7202
f 7208 7209 7210
f 7208 7210 7211
f 7212 7213 7214
f 7215 7216 7217
f 7218 7219 7220
f 7221 7222 7223
f 7224 7225 7226
f 7227 7228 7229
f 7230 7231 7232
f 7233 7234 7235
f 7236 7237 7238
f 7239 7240 7241
f 7242 7243 7244
f 7245 7246 7247
f 7248 7249 7250
f 7251 7252 7253
f 7254 7255 7256
f 7257 7258 7259
f 7260 7261 7262
f 7263 7264 7265
f 7266 7267 7268
f 7266 7268 7269
f 7255 7270 7256
f 7271 7272 7273
f 7274 7275 7276
f 7238 7277 7278
f 7238 7278 7236
f 7279 7280 7281
f 7279 7281 7282
f 7282 7281 7283
f 7282 7283 7284
f 7284 7283 7285
f 7284 7285 7286
f 7286 7285 7287
f 7286 7287 7288
f 7288 7287 7289
f 7288 7289 7290
f 7290 7289 7291
f 7290 7291 7292
f 7292 7291 7293
f 7292 7293 7294
f 7294 7293 7295
f 7294 7295 7296
f 7296 7295 7297
f 7296 7297 7298
f 7298 7297 7299
f 7298 7299 7300
f 7300 7299 7301
f 7300 7301 7280
f 7280 7301 7302
f 7280 7302 7281
f 7303 7304 7305
f 7306 7307 7308
f 7309 7310 7311
f 7312 7313 7314
f 7312 7314 7315
f 7316 7317 7318
f 7319 7320 7321
f 7322 7323 7324
f 7325 7326 7327
f 7326 7328 7327
f 7329 7330 7331
f 7329 7331 7332
f 7333 7334 7335
f 7336 7337 7338
f 7339 7340 7341
f 7342 7343 7344
f 7345 7346 7347
f 7348 7349 7350
f 7351 7352 7353
f 7353 7352 7354
f 7355 7356 7357
f 7358 7359 7360
f 7361 7362 7363
f 7364 7365 7366
f 7367 7368 7369
f 7370 7371 7372
f 7373 7374 7375
f 7376 7377 7378
f 7376 7378 7379
f 7380 7381 7382
f 7383 7384 7385
f 7386 7387 7388
f 7389 7390 7391
f 7392 7393 7394
f 7373 7375 7395
f 7396 7397 7398
f 7399 7400 7401
f 7402 7403 7404
f 7405 7406 7407
f 7408 7409 7410
f 7411 7412 7413
f 7414 7415 7416
f 7416 7417 7414
f 7418 7419 7420
f 7421 7422 7423
f 7424 7425 7426
f 7427 7428 7429
f 7304 7430 7305
f 7431 7432 7433
f 7434 7435 7436
f 7437 7438 7439
f 7440 7441 7442
f 7443 7444 7445
f 7446 7447 7448
f 7446 7448 7449
f 7450 7451 7452
f 7453 7454 7455
f 7456 7457 7458
f 7459 7460 7461
f 7462 7463 7464
f 7465 7466 7467
f 7468 7469 7470
f 7471 7472 7473
f 7473 7472 7474
f 7475 7476 7477
f 7478 7479 7480
f 7470 7481 7468
f 7482 7483 7484
f 7485 7486 7487
f 7488 7489 7490
f 7491 7492 7493
f 7494 7495 7496
f 7494 7496 7497
f 7498 7499 7500
f 7498 7500 7501
f 7502 7503 7504
f 7502 7504 7505
f 7506 7507 7508
f 7506 7508 7509
f 7510 7511 7512
f 7510 7512 7513
f 7514 7515 7516
f 7514 7516 7517
f 7518 7519 7520
f 7518 7520 7521
f 7522 7523 7524
f 7522 7524 7525
f 7526 7527 7528
f 7526 7528 7529
f 7530 7531 7532
f 7530 7532 7533
f 7534 7535 7536
f 7534 7536 7537
f 7491 7538 7492
f 7539 7540 7541
f 7539 7541 7542
f 7542 7541 7543
f 7542 7543 7544
f 7544 7543 7545
f 7544 7545 7546
f 7546 7545 7547
f 7546 7547 7548
f 7548 7547 7549
f 7548 7549 7550
f 7550 7549 7551
f 7550 7551 7552
f 7552 7551 7553
f 7552 7553 7554
f 7554 7553 7555
f 7554 7555 7556
f 7556 7555 7557
f 7556 7557 7558
f 7558 7557 7559
f 7558 7559 7560
f 7560 7559 7561
f 7560 7561 7540
f 7540 7561 7562
f 7540 7562 7541
f 7563 7564 7565
f 7566 7567 7568
f 7569 7570 7571
f 7572 7573 7574
f 7574 7573 7575
f 7576 7577 7578
f 7579 7580 7581
f 7579 7581 7582
f 7583 7584 7585
f 7586 7587 7588
f 7588 7589 7586
f 7590 7591 7592
f 7593 7594 7595
f 7595 7596 7593
f 7593 7596 7597
f 7598 7599 7600
f 7601 7602 7603
f 7604 7605 7606
f 7607 7608 7609
f 7610 7611 7612
f 7613 7614 7615
f 7616 7617 7618
f 7619 7620 7621
f 7619 7621 7622
f 7623 7624 7625
f 7626 7627 7628
f 7629 7630 7631
f 7632 7633 7634
f 7635 7636 7637
f 7638 7639 7640
f 7641 7642 7643
f 7644 7645 7646
f 7647 7648 7649
f 7647 7649 7650
f 7651 7652 7653
f 7654 7655 7656
f 7657 7658 7659
f 7660 7661 7662
f 7663 7664 7665
f 7666 7667 7668
f 7669 7670 7671
f 7653 7672 7651
f 7673 7674 7675
f 7676 7677 7678
f 7679 7680 7681
f 7682 7683 7684
f 7685 7686 7687
f 7688 7689 7690
f 7689 7691 7690
f 7692 7693 7694
f 7695 7696 7697
f 7698 7699 7700
f 7701 7702 7703
f 7704 7705 7706
f 7707 7708 7709
f 7710 7711 7712
f 7713 7714 7715
f 7716 7717 7718
f 7719 7720 7721
f 7722 7723 7724
f 7725 7726 7727
f 7727 7726 7728
f 7729 7730 7731
f 7732 7733 7734
f 7698 7735 7699
f 7563 7736 7564
f 7737 7738 7739
f 7737 7739 7740
f 7741 7742 7743
f 7744 7745 7746
f 7747 7748 7749
f 7727 7750 7751
f 7752 7753 7754
f 7755 7756 7757
f 7758 7759 7760
f 7758 7760 7761
f 7762 7763 7764
f 7762 7764 7765
f 7766 7767 7768
f 7766 7768 7769
f 7770 7771 7772
f 7770 7772 7773
f 7774 7775 7776
f 7774 7776 7777
f 7778 7779 7780
f 7778 7780 7781
f 7782 7783 7784
f 7782 7784 7785
f 7786 7787 7788
f 7786 7788 7789
f 7790 7791 7792
f 7790 7792 7793
f 7794 7795 7796
f 7794 7796 7797
f 7798 7799 7800
f 7798 7800 7801
f 7755 7802 7756
f 7803 7804 7805
f 7805 7804 7806
f 7805 7806 7807
f 7807 7806 7808
f 7807 7808 7809
f 7809 7808 7810
f 7809 7810 7811
f 7811 7810 7812
f 7811 7812 7813
f 7813 7812 7814
f 7813 7814 7815
f 7815 7814 7816
f 7815 7816 7817
f 7817 7816 7818
f 7817 7818 7819
f 7819 7818 7820
f 7819 7820 7821
f 7821 7820 7822
f 7821 7822 7823
f 7823 7822 7824
f 7823 7824 7825
f 7825 7824 7826
f 7825 7826 7803
f 7803 7826 7804
f 7827 7828 7829
f 7830 7831 7832
f 7833 7834 7835
f 7836 7837 7838
f 7839 7840 7841
f 7842 7843 7844
f 7845 7846 7847
f 7848 7849 7850
f 7851 7852 7853
f 7854 7855 7856
f 7857 7858 7859
f 7860 7861 7862
f 7863 7864 7865
f 7866 7867 7868
f 7869 7870 7871
f 7872 7873 7874
f 7875 7876 7877
f 7878 7879 7880
f 7881 7882 7883
f 7884 7885 7886
f 7884 7886 7887
f 7888 7889 7890
f 7888 7890 7891
f 7892 7893 7894
f 7892 7894 7895
f 7896 7897 7898
f 7896 7898 7899
f 7900 7901 7902
f 7900 7902 7903
f 7904 7905 7906
f 7904 7906 7907
f 7908 7909 7910
f 7908 7910 7911
f 7912 7913 7914
f 7912 7914 7915
f 7916 7917 7918
f 7916 7918 7919
f 7920 7921 7922
f 7923 7924 7925
f 7926 7927 7928
f 7929 7930 7931
f 7932 7933 7934
f 7935 7936 7937
f 7938 7939 7940
f 7941 7942 7943
f 7944 7945 7946
f 7947 7948 7949
f 7950 7951 7952
f 7953 7954 7955
f 7956 7957 7958
f 7959 7960 7961
f 7962 7963 7964
f 7965 7966 7967
f 7968 7969 7970
f 7971 7972 7973
f 7971 7973 7974
f 7975 7976 7977
f 7975 7977 7978
f 7979 7980 7981
f 7979 7981 7982
f 7983 7984 7985
f 7983 7985 7986
f 7987 7988 7989
f 7987 7989 7990
f 7991 7992 7993
f 7991 7993 7994
f 7995 7996 7997
f 7995 7997 7998
f 7999 8000 8001
f 7999 8001 8002
f 8003 8004 8005
f 8003 8005 8006
f 8007 8008 8009
f 8007 8009 8010
f 8011 8012 8013
f 8011 8013 8014
f 7968 8015 7969
f 8016 8017 8018
f 8019 8020 8021
f 8022 8023 8024
f 8025 8026 8027
f 8028 8029 8030
f 8031 8032 8033
f 8034 8035 8036
f 8037 8038 8039
f 8040 8041 8042
f 8043 8044 8045
f 8046 8047 8048
f 8049 8050 8051
f 8052 8053 8054
f 8055 8056 8057
f 8055 8057 8058
f 8059 8060 8061
f 8059 8061 8062
f 8063 8064 8065
f 8063 8065 8066
f 8067 8068 8069
f 8067 8069 8070
f 8071 8072 8073
f 8074 8075 8076
f 8074 8076 8077
f 8078 8079 8080
f 8078 8080 8081
f 8082 8083 8084
f 8082 8084 8085
f 8086 8087 8088
f 8086 8088 8089
f 8090 8091 8092
f 8090 8092 8093
f 8094 8095 8096
f 8094 8096 8097
f 8098 8099 8100
f 8098 8100 8101
f 8101 8100 8102
f 8052 8103 8053
f 8104 8105 8106
f 8107 8108 8109
f 8110 8111 8112
f 8113 8114 8115
f 8116 8117 8118
f 8119 8120 8121
f 8122 8123 8124
f 8125 8126 8127
f 8128 8129 8130
f 8131 8132 8133
f 8134 8135 8136
f 8137 8138 8139
f 8140 8141 8142
f 8143 8144 8145
f 8143 8145 8146
f 8147 8148 8149
f 8147 8149 8150
f 8151 8152 8153
f 8151 8153 8154
f 8155 8156 8157
f 8155 8157 8158
f 8159 8160 8161
f 8159 8161 8162
f 8163 8164 8165
f 8163 8165 8166
f 8167 8168 8169
f 8167 8169 8170
f 8171 8172 8173
f 8171 8173 8174
f 8175 8176 8177
f 8175 8177 8178
f 8179 8180 8181
f 8179 8181 8182
f 8183 8184 8185
f 8183 8185 8186
f 8140 8187 8141
f 8188 8189 8190
f 8191 8192 8193
f 8194 8195 8196
f 8197 8198 8199
f 8200 8201 8202
f 8203 8204 8205
f 8206 8207 8208
f 8209 8210 8211
f 8212 8213 8214
f 8215 8216 8217
f 8218 8219 8220
f 8221 8222 8223
f 8224 8225 8226
f 8227 8228 8229
f 8227 8229 8230
f 8231 8232 8233
f 8231 8233 8234
f 8235 8236 8237
f 8235 8237 8238
f 8239 8240 8241
f 8239 8241 8242
f 8243 8244 8245
f 8243 8245 8246
f 8247 8248 8249
f 8247 8249 8250
f 8251 8252 8253
f 8251 8253 8254
f 8255 8256 8257
f 8255 8257 8258
f 8259 8260 8261
f 8259 8261 8262
f 8263 8264 8265
f 8263 8265 8266
f 8267 8268 8269
f 8267 8269 8270
f 8224 8271 8225
f 8272 8273 8274
f 8275 8276 8277
f 8278 8279 8280
f 8281 8282 8283
f 8284 8285 8286
f 8287 8288 8289
f 8290 8291 8292
f 8293 8294 8295
f 8296 8297 8298
f 8299 8300 8301
f 8302 8303 8304
f 8305 8306 8307
f 8308 8309 8310
f 8311 8312 8313
f 8311 8313 8314
f 8315 8316 8317
f 8315 8317 8318
f 8319 8320 8321
f 8319 8321 8322
f 8323 8324 8325
f 8323 8325 8326
f 8325 8327 8326
f 8328 8329 8330
f 8328 8330 8331
f 8332 8333 8334
f 8332 8334 8335
f 8336 8337 8338
f 8336 8338 8339
f 8340 8341 8342
f 8340 8342 8343
f 8344 8345 8346
f 8344 8346 8347
f 8348 8349 8350
f 8348 8350 8351
f 8352 8353 8354
f 8352 8354 8355
f 8355 8354 8356
f 8308 8357 8309
f 8358 8359 8360
f 8361 8362 8363
f 8364 8365 8366
f 8367 8368 8369
f 8370 8371 8372
f 8373 8374 8375
f 8376 8377 8378
f 8379 8380 8381
f 8382 8383 8384
f 8385 8386 8387
f 8388 8389 8390
f 8391 8392 8393
f 8394 8395 8396
f 8397 8398 8399
f 8397 8399 8400
f 8401 8402 8403
f 8404 8405 8406
f 8405 8407 8406
f 8408 8409 8410
f 8408 8410 8411
f 8412 8413 8414
f 8412 8414 8415
f 8414 8416 8415
f 8417 8418 8419
f 8417 8419 8420
f 8421 8422 8423
f 8421 8423 8424
f 8425 8426 8427
f 8425 8427 8428
f 8427 8429 8428
f 8430 8431 8432
f 8430 8432 8433
f 8434 8435 8436
f 8434 8436 8437
f 8438 8439 8440
f 8438 8440 8441
f 8442 8443 8444
f 8442 8444 8445
f 8445 8444 8446
f 8394 8447 8395
f 8448 8449 8450
f 8451 8452 8453
f 8451 8453 8454
f 8455 8456 8457
f 8455 8457 8458
f 8459 8460 8461
f 8459 8461 8462
f 8463 8464 8465
f 8463 8465 8466
f 8467 8468 8469
f 8467 8469 8470
f 8471 8472 8473
f 8471 8473 8474
f 8475 8476 8477
f 8475 8477 8478
f 8479 8480 8481
f 8479 8481 8482
f 8483 8484 8485
f 8483 8485 8486
f 8487 8488 8489
f 8487 8489 8490
f 8491 8492 8493
f 8491 8493 8494
f 8448 8495 8449
f 8496 8497 8498
f 8498 8497 8499
f 8498 8499 8500
f 8500 8499 8501
f 8500 8501 8502
f 8502 8501 8503
f 8502 8503 8504
f 8504 8503 8505
f 8504 8505 8506
f 8506 8505 8507
f 8506 8507 8508
f 8508 8507 8509
f 8508 8509 8510
f 8510 8509 8511
f 8510 8511 8512
f 8512 8511 8513
f 8512 8513 8514
f 8514 8513 8515
f 8514 8515 8516
f 8516 8515 8517
f 8516 8517 8518
f 8518 8517 8519
f 8518 8519 8496
f 8496 8519 8497
f 8520 8521 8522
f 8523 8524 8525
f 8523 8525 8526
f 8527 8528 8529
f 8527 8529 8530
f 8531 8532 8533
f 8531 8533 8534
f 8535 8536 8537
f 8535 8537 8538
f 8539 8540 8541
f 8539 8541 8542
f 8543 8544 8545
f 8543 8545 8546
f 8545 8547 8546
f 8548 8549 8550
f 8548 8550 8551
f 8552 8553 8554
f 8552 8554 8555
f 8556 8557 8558
f 8556 8558 8559
f 8560 8561 8562
f 8560 8562 8563
f 8564 8565 8566
f 8564 8566 8567
f 8567 8566 8568
f 8520 8569 8521
f 8570 8571 8572
f 8570 8572 8573
f 8574 8575 8576
f 8574 8576 8577
f 8578 8579 8580
f 8578 8580 8581
f 8582 8583 8584
f 8582 8584 8585
f 8586 8587 8588
f 8586 8588 8589
f 8590 8591 8592
f 8590 8592 8593
f 8594 8595 8596
f 8594 8596 8597
f 8598 8599 8600
f 8598 8600 8601
f 8602 8603 8604
f 8602 8604 8605
f 8606 8607 8608
f 8606 8608 8609
f 8610 8611 8612
f 8610 8612 8613
f 8614 8615 8616
f 8614 8616 8617
f 8618 8619 8620
f 8620 8619 8621
f 8622 8623 8624
f 8624 8623 8625
f 8626 8627 8628
f 8628 8627 8629
f 8630 8631 8632
f 8632 8631 8633
f 8634 8635 8636
f 8636 8635 8637
f 8638 8639 8640
f 8640 8639 8641
f 8642 8643 8644
f 8644 8643 8645
f 8646 8647 8648
f 8648 8647 8649
f 8650 8651 8652
f 8652 8651 8653
f 8654 8655 8656
f 8654 8656 8657
f 8658 8659 8660
f 8658 8660 8661
f 8662 8663 8664
f 8662 8664 8665
f 8666 8667 8668
f 8666 8668 8669
f 8670 8671 8672
f 8670 8672 8673
f 8674 8675 8676
f 8674 8676 8677
f 8678 8679 8680
f 8680 8679 8681
f 8682 8683 8684
f 8684 8683 8685
f 8686 8687 8688
f 8688 8687 8689
f 8690 8691 8692
f 8692 8691 8693
f 8694 8695 8696
f 8696 8695 8697
f 8698 8699 8700
f 8700 8699 8701
f 8702 8703 8704
f 8704 8703 8705
f 8706 8707 8708
f 8708 8707 8709
f 8710 8711 8712
f 8712 8711 8713
f 8714 8715 8716
f 8716 8715 8717
f 8718 8719 8720
f 8720 8719 8721
f 8722 8723 8724
f 8724 8723 8725
f 8726 8727 8728
f 8728 8727 8729
f 8730 8731 8732
f 8732 8731 8733
f 8734 8735 8736
f 8736 8735 8737
f 8738 8739 8740
f 8740 8739 8741
f 8742 8743 8744
f 8744 8743 8745
f 8746 8747 8748
f 8748 8747 8749
f 8750 8751 8752
f 8750 8752 8753
f 8754 8755 8756
f 8754 8756 8757
f 8758 8759 8760
f 8758 8760 8761
f 8762 8763 8764
f 8762 8764 8765
f 8766 8767 8768
f 8766 8768 8769
f 8770 8771 8772
f 8770 8772 8773
f 8774 8775 8776
f 8776 8775 8777
f 8778 8779 8780
f 8780 8779 8781
f 8782 8783 8784
f 8784 8783 8785
f 8786 8787 8788
f 8788 8787 8789
f 8790 8791 8792
f 8792 8791 8793
f 8794 8795 8796
f 8796 8795 8797
f 8798 8799 8800
f 8800 8799 8801
f 8802 8803 8804
f 8804 8803 8805
f 8806 8807 8808
f 8808 8807 8809
f 8810 8811 8812
f 8813 8814 8815
f 8816 8817 8818
f 8819 8820 8821
f 8822 8823 8824
f 8824 8823 8825
f 8824 8825 8826
f 8827 8828 8829
f 8830 8831 8832
f 8833 8834 8835
f 8836 8837 8838
f 8839 8840 8841
f 8842 8843 8844
f 8842 8844 8845
f 8846 8847 8848
f 8849 8850 8851
f 8852 8853 8854
f 8855 8856 8857
f 8858 8859 8860
f 8861 8862 8863
f 8864 8865 8866
f 8867 8868 8869
f 8870 8871 8872
f 8872 8871 8873
f 8874 8875 8876
f 8877 8878 8879
f 8880 8881 8882
f 8883 8884 8885
f 8886 8887 8888
f 8889 8890 8891
f 8892 8893 8894
f 8895 8896 8897
f 8898 8899 8900
f 8901 8902 8903
f 8904 8905 8906
f 8906 8905 8907
f 8908 8909 8910
f 8911 8912 8913
f 8812 8914 8810
f 8915 8885 8884
f 8875 8916 8876
f 8917 8918 8919
f 8920 8921 8922
f 8923 8924 8925
f 8819 8821 8926
f 8927 8928 8929
f 8927 8929 8930
f 8931 8932 8933
f 8910 8934 8908
f 8935 8936 8937
f 8816 8818 8938
f 8939 8940 8941
f 8939 8941 8942
f 8943 8944 8945
f 8923 8946 8924
f 8947 8948 8949
f 8813 8815 8950
f 8951 8952 8953
f 8951 8953 8954
f 8955 8956 8957
f 8935 8958 8936
f 8959 8960 8961
f 8962 8963 8964
f 8962 8964 8965
f 8846 8848 8966
f 8967 8968 8969
f 8967 8969 8970
f 8971 8972 8973
f 8947 8974 8948
f 8975 8976 8977
f 8978 8979 8980
f 8981 8982 8983
f 8984 8985 8986
f 8987 8988 8989
f 8990 8991 8992
f 8988 8993 8994
f 8995 8996 8997
f 8998 8999 9000
f 9001 9002 9003
f 9004 9005 9006
f 9001 9007 9002
f 9008 9009 9010
f 9011 9012 9013
f 9014 9015 9016
f 9017 9018 9019
f 9020 9021 9022
f 9023 9024 9025
f 9026 9027 9028
f 9026 9028 9029
f 9030 9031 9032
f 9033 9034 9035
f 9036 9037 9038
f 9039 9040 9041
f 9041 9040 9042
f 9043 9044 9045
f 9045 9044 9046
f 9047 9048 9049
f 9050 9051 9052
f 9052 9051 9053
f 9054 9055 9056
f 9057 9058 9059
f 9059 9058 9060
f 9061 9062 9063
f 9063 9062 9064
f 9065 9066 9067
f 9068 9069 9070
f 9071 9072 9073
f 9073 9072 9074
f 9075 9076 9077
f 8975 8977 9078
f 9079 9080 9081
f 9079 9081 9082
f 9083 9084 9085
f 8998 9086 8999
f 9049 9048 9087
f 9088 9089 9090
f 9088 9090 9091
f 9092 9093 9094
f 9075 9095 9076
f 9096 9097 9098
f 9099 9100 9101
f 9099 9101 9102
f 9103 9104 9105
f 9103 9105 9106
f 9107 9108 9109
f 9110 9111 9112
f 9113 9114 9115
f 9116 9117 9118
f 9119 9120 9121
f 9122 9123 9124
f 9122 9124 9125
f 9126 9127 9128
f 9129 9130 9131
f 9132 9133 9134
f 9135 9136 9137
f 9138 9139 9140
f 9141 9142 9143
f 9144 9145 9146
f 9147 9148 9149
f 9150 9151 9152
f 9153 9148 9154
f 9155 9156 9157
f 9158 9159 9160
f 9161 9162 9163
f 9164 9165 9166
f 9164 9166 9167
f 9168 9169 9170
f 9171 9172 9173
f 9174 9175 9176
f 9177 9178 9179
f 9180 9181 9182
f 9183 9184 9185
f 9186 9187 9188
f 9189 9190 9191
f 9143 9192 9141
f 9193 9194 9195
f 9195 9194 9196
f 9197 9198 9199
f 9200 9201 9202
f 9203 9204 9205
f 9206 9207 9208
f 9209 9210 9211
f 9212 9213 9214
f 9215 9216 9217
f 9218 9219 9220
f 9221 9222 9223
f 9224 9225 9226
f 9227 9228 9229
f 9229 9228 9230
f 9229 9230 9231
f 9232 9233 9234
f 9235 9236 9237
f 9238 9239 9240
f 9241 9242 9243
f 9244 9245 9246
f 9247 9248 9249
f 9250 9251 9252
f 9253 9254 9255
f 9256 9257 9258
f 9259 9260 9261
f 9262 9263 9264
f 9265 9266 9267
f 9268 9269 9270
f 9271 9272 9273
f 9273 9272 9274
f 9275 9276 9277
f 9278 9279 9280
f 9280 9279 9281
f 9282 9283 9284
f 9238 9285 9239
f 9286 9287 9288
f 9289 9290 9291
f 9292 9293 9294
f 9295 9296 9297
f 9298 9299 9300
f 9300 9299 9301
f 9302 9303 9304
f 9304 9303 9305
f 9306 9307 9308
f 9309 9310 9311
f 9309 9311 9312
f 9313 9314 9315
f 9316 9317 9318
f 9217 9319 9215
f 9320 9291 9290
f 9276 9321 9277
f 9322 9323 9324
f 9325 9326 9327
f 9328 9329 9330
f 9221 9223 9331
f 9332 9333 9334
f 9332 9334 9335
f 9336 9337 9338
f 9315 9339 9313
f 9340 9341 9342
f 9218 9220 9343
f 9344 9345 9346
f 9344 9346 9347
f 9348 9349 9350
f 9328 9351 9329
f 9352 9353 9354
f 9284 9283 9355
f 9356 9357 9358
f 9356 9358 9359
f 9360 9361 9362
f 9340 9363 9341
f 9353 9352 9364
f 9365 9366 9367
f 9368 9369 9370
f 9371 9372 9373
f 9374 9375 9376
f 9377 9378 9379
f 9380 9381 9382
f 9383 9384 9385
f 9386 9387 9388
f 9389 9390 9391
f 9389 9391 9392
f 9393 9394 9395
f 9396 9397 9398
f 9399 9400 9401
f 9402 9403 9404
f 9405 9406 9407
f 9408 9409 9410
f 9411 9412 9413
f 9414 9415 9416
f 9417 9418 9419
f 9420 9421 9422
f 9423 9424 9425
f 9426 9427 9428
f 9429 9430 9431
f 9429 9431 9432
f 9433 9434 9435
f 9435 9434 9436
f 9437 9438 9439
f 9440 9441 9442
f 9443 9444 9445
f 9446 9447 9448
f 9449 9450 9451
f 9417 9452 9418
f 9453 9454 9455
f 9456 9457 9458
f 9459 9460 9461
f 9462 9463 9464
f 9465 9466 9467
f 9468 9469 9470
f 9471 9472 9473
f 9474 9475 9476
f 9379 9477 9377
f 9478 9446 9448
f 9438 9479 9439
f 9480 9481 9482
f 9483 9484 9485
f 9486 9487 9488
f 9380 9382 9489
f 9490 9491 9492
f 9490 9492 9493
f 9494 9495 9496
f 9473 9497 9471
f 9498 9499 9500
f 9501 9502 9503
f 9501 9503 9504
f 9393 9395 9505
f 9506 9507 9508
f 9506 9508 9509
f 9510 9511 9512
f 9486 9513 9487
